# File generated by ImageToStl.com - Free Image and 3D model conversion tools

o obj1
v -0.00012283 -0.01225 -0.00249698
v -0.00088843 -0.01225 -0.00233681
v 0.0 -0.01225 0.0
v 0.00065479 -0.01225 -0.00241273
v 0.00233681 -0.01225 -0.00088843
v 0.0019479 -0.01225 -0.00156706
v 0.00136832 -0.01225 -0.0020923
v 0.0020923 -0.01225 0.00136832
v 0.00241273 -0.01225 0.00065479
v 0.00249698 -0.01225 -0.00012283
v 0.00012283 -0.01225 0.00249698
v 0.00088843 -0.01225 0.00233681
v 0.00156706 -0.01225 0.0019479
v -0.0019479 -0.01225 0.00156706
v -0.00136832 -0.01225 0.0020923
v -0.00065479 -0.01225 0.00241273
v -0.00241273 -0.01225 -0.00065479
v -0.00249698 -0.01225 0.00012283
v -0.00233681 -0.01225 0.00088843
v -0.00156706 -0.01225 -0.0019479
v -0.0020923 -0.01225 -0.00136832
v -0.00012283 -0.02225 -0.00249698
v 0.00065479 -0.02225 -0.00241273
v 0.00136832 -0.02225 -0.0020923
v 0.0019479 -0.02225 -0.00156706
v 0.00233681 -0.02225 -0.00088843
v 0.00249698 -0.02225 -0.00012283
v 0.00241273 -0.02225 0.00065479
v 0.0020923 -0.02225 0.00136832
v 0.00156706 -0.02225 0.0019479
v 0.00088843 -0.02225 0.00233681
v 0.00012283 -0.02225 0.00249698
v -0.00065479 -0.02225 0.00241273
v -0.00136832 -0.02225 0.0020923
v -0.0019479 -0.02225 0.00156706
v -0.00233681 -0.02225 0.00088843
v -0.00249698 -0.02225 0.00012283
v -0.00241273 -0.02225 -0.00065479
v -0.0020923 -0.02225 -0.00136832
v -0.00156706 -0.02225 -0.0019479
v -0.00088843 -0.02225 -0.00233681
v -0.0029449 -0.02225 0.00057232
v -0.00266437 -0.02225 0.00137881
v -0.00216799 -0.02225 0.0020736
v -0.00149597 -0.02225 0.0026004
v -0.00070275 -0.02225 0.00291653
v 0.00014739 -0.02225 0.00299638
v 0.0009856 -0.02225 0.00283348
v 0.00174396 -0.02225 0.00244103
v 0.00236103 -0.02225 0.00185082
v 0.00278683 -0.02225 0.00111067
v 0.00298685 -0.02225 0.00028054
v 0.0029449 -0.02225 -0.00057232
v 0.00266437 -0.02225 -0.00137881
v 0.00216799 -0.02225 -0.0020736
v 0.00149597 -0.02225 -0.0026004
v 0.00070275 -0.02225 -0.00291653
v -0.00014739 -0.02225 -0.00299638
v -0.0009856 -0.02225 -0.00283348
v -0.00174396 -0.02225 -0.00244103
v -0.00236103 -0.02225 -0.00185082
v -0.00278683 -0.02225 -0.00111067
v -0.00298685 -0.02225 -0.00028054
v -0.00014739 -0.03025 -0.00299638
v 0.00070275 -0.03025 -0.00291653
v 0.00149597 -0.03025 -0.0026004
v 0.00216799 -0.03025 -0.0020736
v 0.00266437 -0.03025 -0.00137881
v 0.0029449 -0.03025 -0.00057232
v 0.00298685 -0.03025 0.00028054
v 0.00278683 -0.03025 0.00111067
v 0.00236103 -0.03025 0.00185082
v 0.00174396 -0.03025 0.00244103
v 0.0009856 -0.03025 0.00283348
v 0.00014739 -0.03025 0.00299638
v -0.00070275 -0.03025 0.00291653
v -0.00149597 -0.03025 0.0026004
v -0.00216799 -0.03025 0.0020736
v -0.00266437 -0.03025 0.00137881
v -0.0029449 -0.03025 0.00057232
v -0.00298685 -0.03025 -0.00028054
v -0.00278683 -0.03025 -0.00111067
v -0.00236103 -0.03025 -0.00185082
v -0.00174396 -0.03025 -0.00244103
v -0.0009856 -0.03025 -0.00283348
v -0.00399559 -0.03025 0.00300587
v -0.003256 -0.03025 0.00379453
v -0.00236417 -0.03025 0.00440576
v -0.00487765 -0.03025 -0.00109933
v -0.00499994 -0.03025 -2.507e-05
v -0.00488843 -0.03025 0.00105035
v -0.00454835 -0.03025 0.00207666
v -0.00231986 -0.03025 -0.00442925
v -0.00321778 -0.03025 -0.00382699
v -0.00396524 -0.03025 -0.00304579
v -0.00452729 -0.03025 -0.00212217
v -0.00136178 -0.03025 0.00481098
v -0.00029573 -0.03025 0.00499125
v 0.00078416 -0.03025 0.00493813
v 0.00182738 -0.03025 0.00465411
v 0.00278515 -0.03025 0.00415246
v 0.00187396 -0.03025 -0.00463554
v 0.00083364 -0.03025 -0.00493001
v -0.00024565 -0.03025 -0.00499396
v -0.00131347 -0.03025 -0.0048244
v 0.00361269 -0.03025 0.00345666
v 0.00427131 -0.03025 0.00259922
v 0.0047302 -0.03025 0.00162025
v 0.00496792 -0.03025 0.00056551
v 0.00497334 -0.03025 -0.00051566
v 0.00474621 -0.03025 -0.00157273
v 0.00429716 -0.03025 -0.00255625
v 0.00364717 -0.03025 -0.00342025
v 0.00282665 -0.03025 -0.00412432
v -0.00024565 -0.03425 -0.00499396
v 0.00083364 -0.03425 -0.00493001
v 0.00187396 -0.03425 -0.00463554
v 0.00282665 -0.03425 -0.00412432
v 0.00364717 -0.03425 -0.00342025
v 0.00429716 -0.03425 -0.00255625
v 0.00474621 -0.03425 -0.00157273
v 0.00497334 -0.03425 -0.00051566
v 0.00496792 -0.03425 0.00056551
v 0.0047302 -0.03425 0.00162025
v 0.00427131 -0.03425 0.00259922
v 0.00361269 -0.03425 0.00345666
v 0.00278515 -0.03425 0.00415246
v 0.00182738 -0.03425 0.00465411
v 0.00078416 -0.03425 0.00493813
v -0.00029573 -0.03425 0.00499125
v -0.00136178 -0.03425 0.00481098
v -0.00236417 -0.03425 0.00440576
v -0.003256 -0.03425 0.00379453
v -0.00399559 -0.03425 0.00300587
v -0.00454835 -0.03425 0.00207666
v -0.00488843 -0.03425 0.00105035
v -0.00499994 -0.03425 -2.507e-05
v -0.00487765 -0.03425 -0.00109933
v -0.00452729 -0.03425 -0.00212217
v -0.00396524 -0.03425 -0.00304579
v -0.00321778 -0.03425 -0.00382699
v -0.00231986 -0.03425 -0.00442925
v -0.00131347 -0.03425 -0.0048244
v 0.0 -0.03425 0.0
v -0.00425331 -0.026 0.00222471
v -0.00425331 -0.026 -0.00222471
v -0.00346973 -0.026 0.00331677
v -0.0024 -0.026 0.00415692
v 0.0048 -0.026 0.0048
v -0.00277128 -0.026 0.0048
v -0.005 -0.026 0.00265581
v -0.005 -0.026 0.0
v -0.005 -0.026 -0.00265581
v 0.00214122 -0.026 0.00237806
v 0.00292335 -0.026 0.00130156
v 0.0032 -0.026 0.0
v 0.0048 -0.026 -0.0048
v 0.00292335 -0.026 -0.00130156
v -0.0024 -0.026 -0.00415692
v -0.00277128 -0.026 -0.0048
v 0.00098885 -0.026 -0.00304338
v 0.00214122 -0.026 -0.00237806
v -0.0016 -0.026 0.00277128
v -0.00033449 -0.026 0.00318247
v 0.00098885 -0.026 0.00304338
v -0.00033449 -0.026 -0.00318247
v -0.0016 -0.026 -0.00277128
v -0.00346973 -0.026 -0.00331677
v -0.00258885 -0.026 -0.00188091
v -0.00313007 -0.026 -0.00066532
v -0.0032 -0.026 0.0
v -0.00313007 -0.026 0.00066532
v -0.00258885 -0.026 0.00188091
v -0.0021 -0.02225 0.0
v -0.00293444 -0.02225 -0.00062374
v -0.00181865 -0.02225 -0.00105
v -0.00242705 -0.02225 -0.00176336
v -0.00105 -0.02225 -0.00181865
v -0.0015 -0.02225 -0.00259808
v -0.0008111 -0.02225 -0.00193704
v -0.0008111 -0.02225 -0.00288827
v -0.0008111 -0.02225 0.00193704
v -0.0008111 -0.02225 0.00288827
v -0.00105 -0.02225 0.00181865
v -0.0015 -0.02225 0.00259808
v -0.00181865 -0.02225 0.00105
v -0.00242705 -0.02225 0.00176336
v -0.00293444 -0.02225 0.00062374
v 0.0021 0.02225 0.0
v 0.00293444 0.02225 -0.00062374
v 0.00181865 0.02225 -0.00105
v 0.00242705 0.02225 -0.00176336
v 0.00105 0.02225 -0.00181865
v 0.0015 0.02225 -0.00259808
v 0.0008111 0.02225 -0.00193704
v 0.0008111 0.02225 -0.00288827
v 0.0008111 0.02225 0.00193704
v 0.0008111 0.02225 0.00288827
v 0.00105 0.02225 0.00181865
v 0.0015 0.02225 0.00259808
v 0.00181865 0.02225 0.00105
v 0.00242705 0.02225 0.00176336
v 0.00293444 0.02225 0.00062374
v -0.001 0.00726911 0.00184662
v -0.001 0.0093188 0.00184662
v -0.001 0.00922395 0.0022735
v -0.001 -0.0093188 0.00184662
v -0.001 -0.00726911 0.00184662
v -0.001 -0.00922395 0.0022735
v -0.001 -0.00722188 0.00202348
v -0.001 -0.00841183 0.00441487
v -0.001 -0.00640815 0.00389688
v -0.001 -0.00711085 0.00629967
v -0.001 -0.00511915 0.00548127
v -0.001 -0.00539662 0.00781835
v -0.001 -0.00345049 0.00665914
v -0.001 0.00687908 0.00298801
v -0.001 0.00841183 0.00441487
v -0.001 0.00581783 0.00473316
v -0.001 0.00711085 0.00629967
v -0.001 0.0043251 0.00612727
v -0.001 0.00539662 0.00781835
v -0.001 0.0025116 0.00706696
v -0.001 0.00336875 0.00888265
v -0.001 0.00051182 0.00748252
v -0.001 0.0011451 0.00943073
v -0.001 -0.00152592 0.00734313
v -0.001 -0.0011451 0.00943073
v -0.001 -0.00336875 0.00888265
v 0.00181865 -0.0094418 0.00105
v 0.00148463 -0.00938318 0.00148522
v 0.0048 -0.00922395 0.0022735
v 0.00105 -0.0093243 0.00181865
v 0.0005445 -0.00928097 0.00202818
v -0.00051699 -0.0092794 0.00203537
v 0.0 -0.00926499 0.0021
v -0.001 -0.00922395 -0.0022735
v -0.001 -0.0093188 -0.00184662
v -0.0005152 -0.0092793 -0.00203582
v 0.0 -0.00926499 -0.0021
v 0.00054366 -0.00928092 -0.00202841
v 0.0048 -0.00922395 -0.0022735
v 0.00105 -0.0093243 -0.00181865
v 0.00148497 -0.00938324 -0.00148488
v 0.00181865 -0.0094418 -0.00105
v 0.00202832 -0.00948441 -0.000544
v 0.0048 -0.0095 0.0
v 0.0021 -0.0095 0.0
v 0.00202831 -0.00948441 0.00054402
v 0.00181865 0.0094418 -0.00105
v 0.00148463 0.00938318 -0.00148522
v 0.0048 0.00922395 -0.0022735
v 0.00105 0.0093243 -0.00181865
v 0.0005445 0.00928097 -0.00202818
v -0.001 0.0093188 -0.00184662
v -0.001 0.00922395 -0.0022735
v -0.00051699 0.0092794 -0.00203537
v 0.0 0.00926499 -0.0021
v -0.0005152 0.0092793 0.00203582
v 0.0 0.00926499 0.0021
v 0.00054366 0.00928092 0.00202841
v 0.0048 0.00922395 0.0022735
v 0.00105 0.0093243 0.00181865
v 0.00148497 0.00938324 0.00148488
v 0.00181865 0.0094418 0.00105
v 0.00202832 0.00948441 0.000544
v 0.0048 0.0095 0.0
v 0.0021 0.0095 0.0
v 0.00202831 0.00948441 -0.00054402
v 0.0048 0.00841183 0.00441487
v 0.0048 0.00711085 0.00629967
v 0.0048 0.00539662 0.00781835
v 0.0048 0.00336875 0.00888265
v 0.0048 0.0011451 0.00943073
v 0.0048 -0.0011451 0.00943073
v 0.0048 -0.00336875 0.00888265
v 0.0048 -0.00539662 0.00781835
v 0.0048 -0.00711085 0.00629967
v 0.0048 -0.00841183 0.00441487
v -0.001 -0.00841183 -0.00441487
v 0.0048 -0.00841183 -0.00441487
v -0.001 -0.00711085 -0.00629967
v 0.0048 -0.00711085 -0.00629967
v -0.001 -0.00539662 -0.00781835
v 0.0048 -0.00539662 -0.00781835
v -0.001 -0.00336875 -0.00888265
v 0.0048 -0.00336875 -0.00888265
v -0.001 -0.0011451 -0.00943073
v 0.0048 -0.0011451 -0.00943073
v -0.001 0.0011451 -0.00943073
v 0.0048 0.0011451 -0.00943073
v -0.001 0.00336875 -0.00888265
v 0.0048 0.00336875 -0.00888265
v -0.001 0.00539662 -0.00781835
v 0.0048 0.00539662 -0.00781835
v -0.001 0.00711085 -0.00629967
v 0.0048 0.00711085 -0.00629967
v -0.001 0.00841183 -0.00441487
v 0.0048 0.00841183 -0.00441487
v -0.005 -0.00977453 0.0100229
v -0.005 -0.00766812 0.01171324
v -0.005 -0.00813173 0.00948173
v -0.005 -0.00678173 0.00813173
v -0.005 -0.00696259 0.00880673
v -0.005 0.0 0.014
v -0.005 -0.01374773 0.005
v -0.005 -0.01337085 0.00507374
v -0.005 -0.0075 0.0
v -0.005 -0.00722188 0.00202348
v -0.005 -0.00813173 0.00678173
v -0.005 -0.00640815 0.00389688
v -0.005 -0.00745673 0.00696259
v -0.005 -0.00511915 0.00548127
v -0.005 -0.00696259 0.00745673
v -0.005 -0.00345049 0.00665914
v -0.005 -0.00745673 0.00930086
v -0.005 -0.00527633 0.01296766
v -0.005 -0.00268819 0.01373949
v -0.005 -0.00880673 0.00696259
v -0.005 -0.01304955 0.00528408
v -0.005 -0.00930086 0.00745673
v -0.005 -0.01283121 0.0056
v -0.005 -0.00948173 0.00813173
v -0.005 -0.01151718 0.00795956
v -0.005 -0.00930086 0.00880673
v -0.005 -0.00880673 0.00930086
v -0.005 -0.027 0.00288675
v -0.005 -0.027 0.005
v -0.005 -0.0262 0.00288675
v -0.005 0.01374773 0.005
v -0.005 0.027 0.005
v -0.005 0.0262 0.00288675
v -0.005 0.027 0.00288675
v -0.005 0.00696259 0.00880673
v -0.005 0.00678173 0.00813173
v -0.005 -3.59e-06 0.0075
v -0.005 0.00051182 0.00748252
v -0.005 0.0075 0.0
v -0.005 0.00813173 0.00678173
v -0.005 0.00880673 0.00696259
v -0.005 0.00977453 0.0100229
v -0.005 0.01151718 0.00795956
v -0.005 0.00948173 0.00813173
v -0.005 0.00743014 0.00102125
v -0.005 0.00687908 0.00298801
v -0.005 0.00745673 0.00696259
v -0.005 0.00581783 0.00473316
v -0.005 0.00696259 0.00745673
v -0.005 0.0043251 0.00612727
v -0.005 0.0025116 0.00706696
v -0.005 0.00930086 0.00745673
v -0.005 0.00930086 0.00880673
v -0.005 0.00880673 0.00930086
v -0.005 0.00766812 0.01171324
v -0.005 0.00813173 0.00948173
v -0.005 0.00527633 0.01296766
v -0.005 0.00745673 0.00930086
v -0.005 0.00268819 0.01373949
v -0.005 -0.00152592 0.00734313
v -0.005 0.026 0.00265581
v -0.005 0.01337085 0.00507374
v -0.005 0.01304955 0.00528408
v -0.005 0.01283121 0.0056
v -0.005 0.00678173 -0.00813173
v -0.005 0.00696259 -0.00880673
v -0.005 0.0 -0.014
v -0.005 0.01374773 -0.005
v -0.005 0.01337085 -0.00507374
v -0.005 0.00743014 -0.00102125
v -0.005 0.00813173 -0.00678173
v -0.005 0.00880673 -0.00696259
v -0.005 0.01304955 -0.00528408
v -0.005 0.00930086 -0.00745673
v -0.005 0.01283121 -0.0056
v -0.005 0.00948173 -0.00813173
v -0.005 0.01151718 -0.00795956
v -0.005 0.00930086 -0.00880673
v -0.005 0.00977453 -0.0100229
v -0.005 0.00880673 -0.00930086
v -0.005 0.027 -0.00288675
v -0.005 0.027 -0.005
v -0.005 0.0262 -0.00288675
v -0.005 0.026 -0.00265581
v -0.005 0.026 0.0
v -0.005 0.0025116 -0.00706696
v -0.005 0.00696259 -0.00745673
v -0.005 0.0043251 -0.00612727
v -0.005 0.00745673 -0.00696259
v -0.005 0.00581783 -0.00473316
v -0.005 0.00687908 -0.00298801
v -0.005 0.00813173 -0.00948173
v -0.005 0.00766812 -0.01171324
v -0.005 0.00745673 -0.00930086
v -0.005 0.00527633 -0.01296766
v -0.005 0.00268819 -0.01373949
v -0.005 -0.01374773 -0.005
v -0.005 -0.027 -0.005
v -0.005 -0.0262 -0.00288675
v -0.005 -0.027 -0.00288675
v -0.005 -0.00930086 -0.00745673
v -0.005 -0.00948173 -0.00813173
v -0.005 -0.01151718 -0.00795956
v -0.005 -0.00977453 -0.0100229
v -0.005 -0.00696259 -0.00880673
v -0.005 -0.00678173 -0.00813173
v -0.005 -3.59e-06 -0.0075
v -0.005 -0.00152592 -0.00734313
v -0.005 -0.00930086 -0.00880673
v -0.005 -0.00880673 -0.00930086
v -0.005 -0.00766812 -0.01171324
v -0.005 -0.00813173 -0.00948173
v -0.005 -0.00527633 -0.01296766
v -0.005 -0.00745673 -0.00930086
v -0.005 -0.00268819 -0.01373949
v -0.005 0.00051182 -0.00748252
v -0.005 -0.00880673 -0.00696259
v -0.005 -0.00813173 -0.00678173
v -0.005 -0.00722188 -0.00202348
v -0.005 -0.00745673 -0.00696259
v -0.005 -0.00640815 -0.00389688
v -0.005 -0.00696259 -0.00745673
v -0.005 -0.00511915 -0.00548127
v -0.005 -0.00345049 -0.00665914
v -0.005 -0.01337085 -0.00507374
v -0.005 -0.01304955 -0.00528408
v -0.005 -0.01283121 -0.0056
v 0.005 0.01374773 -0.005
v 0.005 0.0258 -0.005
v 0.005 0.0258 0.0
v 0.005 0.01283121 -0.0056
v 0.005 0.00930086 -0.00745673
v 0.005 0.01151718 -0.00795956
v 0.005 0.00948173 -0.00813173
v 0.005 0.00977453 -0.0100229
v 0.005 0.00930086 -0.00880673
v 0.005 0.00880673 -0.00930086
v 0.005 0.00766812 -0.01171324
v 0.005 0.00813173 -0.00948173
v 0.005 0.00527633 -0.01296766
v 0.005 0.00745673 -0.00930086
v 0.005 0.00268819 -0.01373949
v 0.005 0.00696259 -0.00880673
v 0.005 0.0 -0.014
v 0.005 0.00116921 -0.00962928
v 0.005 0.00343967 -0.00906966
v 0.005 0.00551023 -0.00798294
v 0.005 0.00678173 -0.00813173
v 0.005 0.00696259 -0.00745673
v 0.005 0.00726055 -0.00643229
v 0.005 0.00745673 -0.00696259
v 0.005 0.00858892 -0.00450781
v 0.005 0.0097 0.0
v 0.005 0.01337085 -0.00507374
v 0.005 0.00941814 -0.00232136
v 0.005 0.01304955 -0.00528408
v 0.005 0.00880673 -0.00696259
v 0.005 0.00813173 -0.00678173
v 0.005 -0.00880673 -0.00696259
v 0.005 -0.00813173 -0.00678173
v 0.005 -0.00858892 -0.00450781
v 0.005 -0.00726055 -0.00643229
v 0.005 -0.00745673 -0.00696259
v 0.005 -0.00551023 -0.00798294
v 0.005 0.0 -0.0097
v 0.005 -0.00116921 -0.00962928
v 0.005 -0.00343967 -0.00906966
v 0.005 -0.0097 0.0
v 0.005 -0.0258 0.0
v 0.005 -0.0258 -0.005
v 0.005 -0.00696259 -0.00745673
v 0.005 -0.00678173 -0.00813173
v 0.005 -0.00696259 -0.00880673
v 0.005 -0.00268819 -0.01373949
v 0.005 -0.00527633 -0.01296766
v 0.005 -0.00745673 -0.00930086
v 0.005 -0.00766812 -0.01171324
v 0.005 -0.00813173 -0.00948173
v 0.005 -0.00977453 -0.0100229
v 0.005 -0.01374773 -0.005
v 0.005 -0.01337085 -0.00507374
v 0.005 -0.00941814 -0.00232136
v 0.005 -0.01304955 -0.00528408
v 0.005 -0.00930086 -0.00745673
v 0.005 -0.01283121 -0.0056
v 0.005 -0.00948173 -0.00813173
v 0.005 -0.01151718 -0.00795956
v 0.005 -0.00930086 -0.00880673
v 0.005 -0.00880673 -0.00930086
v 0.005 -0.00551023 0.00798294
v 0.005 -0.00696259 0.00745673
v 0.005 -0.00726055 0.00643229
v 0.005 -0.00745673 0.00696259
v 0.005 -0.00858892 0.00450781
v 0.005 0.0 0.014
v 0.005 -0.00343967 0.00906966
v 0.005 -0.00116921 0.00962928
v 0.005 -0.00696259 0.00880673
v 0.005 -0.00678173 0.00813173
v 0.005 -0.00268819 0.01373949
v 0.005 -0.00745673 0.00930086
v 0.005 -0.00527633 0.01296766
v 0.005 -0.00813173 0.00948173
v 0.005 -0.00766812 0.01171324
v 0.005 -0.00880673 0.00930086
v 0.005 -0.00977453 0.0100229
v 0.005 -0.00930086 0.00880673
v 0.005 -0.00948173 0.00813173
v 0.005 -0.01151718 0.00795956
v 0.005 -0.00930086 0.00745673
v 0.005 -0.00813173 0.00678173
v 0.005 -0.00880673 0.00696259
v 0.005 -0.00941814 0.00232136
v 0.005 -0.0258 0.005
v 0.005 -0.01374773 0.005
v 0.005 -0.01337085 0.00507374
v 0.005 -0.01304955 0.00528408
v 0.005 -0.01283121 0.0056
v 0.005 0.00941814 0.00232136
v 0.005 0.01337085 0.00507374
v 0.005 0.01374773 0.005
v 0.005 0.00977453 0.0100229
v 0.005 0.00930086 0.00880673
v 0.005 0.01151718 0.00795956
v 0.005 0.00948173 0.00813173
v 0.005 0.01283121 0.0056
v 0.005 0.00930086 0.00745673
v 0.005 0.01304955 0.00528408
v 0.005 0.00880673 0.00696259
v 0.005 0.0258 0.005
v 0.005 0.00858892 0.00450781
v 0.005 0.00813173 0.00678173
v 0.005 0.00726055 0.00643229
v 0.005 0.00745673 0.00696259
v 0.005 0.00551023 0.00798294
v 0.005 0.0 0.0097
v 0.005 0.00116921 0.00962928
v 0.005 0.00343967 0.00906966
v 0.005 0.00268819 0.01373949
v 0.005 0.00696259 0.00880673
v 0.005 0.00527633 0.01296766
v 0.005 0.00745673 0.00930086
v 0.005 0.00766812 0.01171324
v 0.005 0.00813173 0.00948173
v 0.005 0.00880673 0.00930086
v 0.005 0.00696259 0.00745673
v 0.005 0.00678173 0.00813173
v -0.00288675 0.0258 0.005
v -0.00288675 0.027 0.005
v 0.001025 0.0228767 0.005
v 0.00088768 0.0223642 0.005
v 0.0005125 0.02198902 0.005
v 0.0 0.0218517 0.005
v -0.0005125 0.02198902 0.005
v -0.00088768 0.0223642 0.005
v -0.001025 0.0228767 0.005
v -0.00088768 0.0233892 0.005
v 0.0 0.0239017 0.005
v 0.0005125 0.02376437 0.005
v 0.00088768 0.0233892 0.005
v -0.0005125 0.02376437 0.005
v -0.00425331 0.026 -0.00222471
v 0.00033449 0.026 -0.00318247
v 0.0016 0.026 -0.00277128
v -0.0024 0.026 -0.00415692
v -0.00425331 0.026 0.00222471
v -0.00346973 0.026 0.00331677
v -0.00098885 0.026 0.00304338
v -0.0024 0.026 0.00415692
v 0.00033449 0.026 0.00318247
v -0.00277128 0.026 -0.0048
v 0.0048 0.026 -0.0048
v 0.00258885 0.026 -0.00188091
v 0.0048 0.026 0.0048
v 0.00258885 0.026 0.00188091
v 0.0016 0.026 0.00277128
v -0.00214122 0.026 0.00237806
v -0.00292335 0.026 0.00130156
v -0.0032 0.026 0.0
v -0.00292335 0.026 -0.00130156
v -0.00346973 0.026 -0.00331677
v -0.00214122 0.026 -0.00237806
v -0.00098885 0.026 -0.00304338
v -0.00277128 0.026 0.0048
v 0.00313007 0.026 -0.00066532
v 0.0032 0.026 0.0
v 0.00313007 0.026 0.00066532
v -0.0005125 0.02198902 -0.005
v 0.0 0.0218517 -0.005
v -0.00288675 0.0258 -0.005
v -0.00288675 0.027 -0.005
v 0.001025 0.0228767 -0.005
v 0.00088768 0.0223642 -0.005
v 0.0005125 0.02198902 -0.005
v 0.00088768 0.0233892 -0.005
v 0.0005125 0.02376437 -0.005
v 0.0 0.0239017 -0.005
v -0.0005125 0.02376437 -0.005
v -0.00088768 0.0233892 -0.005
v -0.001025 0.0228767 -0.005
v -0.00088768 0.0223642 -0.005
v 0.0 -0.0239017 -0.005
v -0.0005125 -0.02376437 -0.005
v -0.00088768 -0.0233892 -0.005
v 0.00088768 -0.0223642 -0.005
v 0.001025 -0.0228767 -0.005
v 0.00088768 -0.0233892 -0.005
v 0.0005125 -0.02198902 -0.005
v 0.0 -0.0218517 -0.005
v -0.00288675 -0.027 -0.005
v -0.00288675 -0.0258 -0.005
v 0.0005125 -0.02376437 -0.005
v -0.0005125 -0.02198902 -0.005
v -0.00088768 -0.0223642 -0.005
v -0.001025 -0.0228767 -0.005
v -0.00288675 -0.0258 0.005
v -0.00288675 -0.027 0.005
v 0.001025 -0.0228767 0.005
v 0.00088768 -0.0223642 0.005
v 0.00088768 -0.0233892 0.005
v 0.0005125 -0.02376437 0.005
v 0.0 -0.0239017 0.005
v -0.0005125 -0.02376437 0.005
v -0.00088768 -0.0223642 0.005
v -0.001025 -0.0228767 0.005
v -0.00088768 -0.0233892 0.005
v -0.0005125 -0.02198902 0.005
v 0.0 -0.0218517 0.005
v 0.0005125 -0.02198902 0.005
v -0.00031359 -0.0258 -0.00298357
v -0.00031359 -0.02385255 -0.00298357
v -0.0015 -0.0258 -0.00259808
v -0.0005125 -0.02376437 -0.0029559
v -0.00088768 -0.0233892 -0.00286566
v -0.00098976 -0.02314315 -0.00283203
v -0.001025 -0.0228767 -0.00281946
v -0.00098985 -0.02261056 -0.002832
v -0.00088744 -0.02236378 -0.00286574
v 0.00200739 -0.0258 -0.00222943
v 0.00092705 -0.02331396 -0.00285317
v 0.00092705 -0.0258 -0.00285317
v 0.00088768 -0.0233892 -0.00286566
v 0.0005125 -0.02376437 -0.0029559
v 0.00026624 -0.02386652 -0.00298816
v 0.0 -0.0239017 -0.003
v 0.001025 -0.0228767 -0.00281946
v 0.00200739 -0.02225 -0.00222943
v 0.00092705 -0.02243943 -0.00285317
v 0.00092705 -0.02225 -0.00285317
v 0.00088761 -0.02236408 -0.00286569
v 0.0008111 -0.02225 -0.00288827
v 0.00200739 -0.02225 0.00222943
v 0.00092705 -0.02243943 0.00285317
v 0.00092705 -0.02225 0.00285317
v 0.00088761 -0.02236408 0.00286569
v 0.0008111 -0.02225 0.00288827
v -0.00031359 -0.0258 0.00298357
v 0.0 -0.0239017 0.003
v 0.00092705 -0.0258 0.00285317
v 0.00026602 -0.02386657 0.00298818
v 0.0005125 -0.02376437 0.0029559
v 0.00088768 -0.0233892 0.00286566
v 0.00092705 -0.02331396 0.00285317
v 0.001025 -0.0228767 0.00281946
v -0.00098994 -0.0226109 0.00283196
v -0.00088768 -0.0223642 0.00286566
v -0.001025 -0.0228767 0.00281946
v -0.00098991 -0.0231426 0.00283197
v -0.0015 -0.0258 0.00259808
v -0.00088768 -0.0233892 0.00286566
v -0.0005125 -0.02376437 0.0029559
v -0.00031359 -0.02385255 0.00298357
v -0.00242705 -0.0258 0.00176336
v -0.00293444 -0.0258 0.00062374
v -0.003 -0.0258 0.0
v -0.00293444 -0.0258 -0.00062374
v -0.00242705 -0.0258 -0.00176336
v 0.00274064 -0.02225 -0.00122021
v 0.00274064 -0.0258 -0.00122021
v 0.003 -0.02225 0.0
v 0.003 -0.0258 0.0
v 0.00274064 -0.02225 0.00122021
v 0.00274064 -0.0258 0.00122021
v 0.00200739 -0.0258 0.00222943
v 0.0008111 -0.02225 0.00193704
v 0.00105 -0.02225 0.00181865
v 0.00181865 -0.02225 0.00105
v 0.0021 -0.02225 0.0
v 0.00181865 -0.02225 -0.00105
v 0.00105 -0.02225 -0.00181865
v 0.0008111 -0.02225 -0.00193704
v -0.001 0.00726911 -0.00184662
v -0.001 0.00687908 -0.00298801
v -0.001 -0.00726911 -0.00184662
v -0.001 -0.00722188 -0.00202348
v -0.001 -0.00640815 -0.00389688
v -0.001 -0.00511915 -0.00548127
v -0.001 -0.00345049 -0.00665914
v -0.001 -0.00152592 -0.00734313
v -0.001 0.00051182 -0.00748252
v -0.001 0.0025116 -0.00706696
v -0.001 0.0043251 -0.00612727
v -0.001 0.00581783 -0.00473316
v -0.00105009 0.00727617 0.0018186
v -0.00105009 -0.00727617 -0.0018186
v -0.00148543 -0.00735163 -0.00148442
v -0.00105 -0.00727616 0.00181865
v -0.00148447 -0.00735144 0.00148538
v -0.00181865 -0.00742614 0.00105
v -0.00202822 -0.00748022 0.00054435
v -0.0021 -0.0075 0.0
v -0.00202825 -0.00748023 -0.00054426
v -0.00181865 -0.00742614 -0.00105
v -0.00181865 0.00742614 0.00105
v -0.00148543 0.00735163 0.00148442
v -0.00203246 0.00748137 -0.00052832
v -0.0021 0.0075 0.0
v -0.00203252 0.00748139 0.00052808
v -0.00105 0.00727616 -0.00181865
v -0.00148447 0.00735144 -0.00148538
v -0.00181862 0.00742613 -0.00105005
v -0.00183495 0.00743014 -0.00102125
v 0.0005125 -0.02198902 -0.0020365
v -0.0005125 -0.02198902 0.0020365
v 0.0 -0.0218517 0.0021
v -0.00026686 -0.02188705 0.00208298
v -0.0005125 -0.02198902 -0.0020365
v -0.00026732 -0.02188717 -0.00208292
v 0.0 -0.0218517 -0.0021
v 0.00026686 -0.02188705 -0.00208298
v 0.0005125 -0.02198902 0.0020365
v 0.00026732 -0.02188717 0.00208292
v -0.00200739 0.02225 0.00222943
v -0.00092705 0.02243943 0.00285317
v -0.00092705 0.02225 0.00285317
v -0.00088761 0.02236408 0.00286569
v -0.0008111 0.02225 0.00288827
v 0.00031359 0.0258 0.00298357
v 0.0 0.0239017 0.003
v -0.00092705 0.0258 0.00285317
v -0.00026624 0.02386652 0.00298816
v -0.0005125 0.02376437 0.0029559
v -0.00088768 0.0233892 0.00286566
v -0.00092705 0.02331396 0.00285317
v -0.001025 0.0228767 0.00281946
v 0.00098985 0.02261056 0.002832
v 0.00088744 0.02236378 0.00286574
v 0.001025 0.0228767 0.00281946
v 0.00098976 0.02314315 0.00283203
v 0.0015 0.0258 0.00259808
v 0.00088768 0.0233892 0.00286566
v 0.0005125 0.02376437 0.0029559
v 0.00031359 0.02385255 0.00298357
v 0.00031359 0.0258 -0.00298357
v 0.00031359 0.02385255 -0.00298357
v 0.0015 0.0258 -0.00259808
v 0.0005125 0.02376437 -0.0029559
v 0.00088768 0.0233892 -0.00286566
v 0.00098991 0.0231426 -0.00283197
v 0.001025 0.0228767 -0.00281946
v 0.00098994 0.0226109 -0.00283196
v 0.00088768 0.0223642 -0.00286566
v -0.00200739 0.0258 -0.00222943
v -0.00092705 0.02331396 -0.00285317
v -0.00092705 0.0258 -0.00285317
v -0.00088768 0.0233892 -0.00286566
v -0.0005125 0.02376437 -0.0029559
v -0.00026602 0.02386657 -0.00298818
v 0.0 0.0239017 -0.003
v -0.001025 0.0228767 -0.00281946
v -0.00200739 0.02225 -0.00222943
v -0.00092705 0.02243943 -0.00285317
v -0.00092705 0.02225 -0.00285317
v -0.00088761 0.02236408 -0.00286569
v -0.0008111 0.02225 -0.00288827
v 0.00242705 0.0258 0.00176336
v 0.00293444 0.0258 0.00062374
v 0.003 0.0258 0.0
v 0.00293444 0.0258 -0.00062374
v 0.00242705 0.0258 -0.00176336
v -0.00274064 0.02225 -0.00122021
v -0.00274064 0.0258 -0.00122021
v -0.003 0.02225 0.0
v -0.003 0.0258 0.0
v -0.00274064 0.02225 0.00122021
v -0.00274064 0.0258 0.00122021
v -0.00200739 0.0258 0.00222943
v -0.0008111 0.02225 0.00193704
v -0.00105 0.02225 0.00181865
v -0.00181865 0.02225 0.00105
v -0.0021 0.02225 0.0
v -0.00181865 0.02225 -0.00105
v -0.00105 0.02225 -0.00181865
v -0.0008111 0.02225 -0.00193704
v 0.0005125 0.02198902 0.0020365
v -0.0005125 0.02198902 -0.0020365
v 0.0 0.0218517 -0.0021
v -0.00026686 0.02188705 -0.00208298
v -0.0005125 0.02198902 0.0020365
v -0.00026732 0.02188717 0.00208292
v 0.0 0.0218517 0.0021
v 0.00026686 0.02188705 0.00208298
v 0.0005125 0.02198902 -0.0020365
v 0.00026732 0.02188717 -0.00208292
v -0.00433013 -0.0262 0.0025
v -0.00433013 -0.027 0.0025
v -0.0036143 -0.0262 0.00345497
v -0.00353553 -0.027 0.00353553
v -0.0025 -0.0262 0.00433013
v -0.0025 -0.027 0.00433013
v -0.0025 -0.027 -0.00433013
v -0.0025 -0.0262 -0.00433013
v -0.0036143 -0.0262 -0.00345497
v -0.00353553 -0.027 -0.00353553
v -0.00433013 -0.0262 -0.0025
v -0.00433013 -0.027 -0.0025
v -0.0025 0.0262 0.00433013
v -0.0025 0.027 0.00433013
v -0.0036143 0.0262 0.00345497
v -0.00353553 0.027 0.00353553
v -0.00433013 0.0262 0.0025
v -0.00433013 0.027 0.0025
v -0.00433013 0.027 -0.0025
v -0.00433013 0.0262 -0.0025
v -0.0036143 0.0262 -0.00345497
v -0.00353553 0.027 -0.00353553
v -0.0025 0.0262 -0.00433013
v -0.0025 0.027 -0.00433013
v 0.003 0.0258 0.0
v 0.0032 0.026 0.0
v -0.00246579 0.01225 -0.00041216
v -0.00221774 0.01225 -0.00115396
v 0.0 0.01225 0.0
v -0.00247247 0.01225 0.00036998
v -0.00115396 0.01225 0.00221774
v -0.0017828 0.01225 0.0017526
v -0.00223713 0.01225 0.00111591
v 0.00111591 0.01225 0.00223713
v 0.00036998 0.01225 0.00247247
v -0.00041216 0.01225 0.00246579
v 0.00246579 0.01225 0.00041216
v 0.00221774 0.01225 0.00115396
v 0.0017526 0.01225 0.0017828
v 0.0017828 0.01225 -0.0017526
v 0.00223713 0.01225 -0.00111591
v 0.00247247 0.01225 -0.00036998
v -0.00036998 0.01225 -0.00247247
v 0.00041216 0.01225 -0.00246579
v 0.00115396 0.01225 -0.00221774
v -0.0017526 0.01225 -0.0017828
v -0.00111591 0.01225 -0.00223713
v -0.00246579 0.02225 -0.00041216
v -0.00247247 0.02225 0.00036998
v -0.00223713 0.02225 0.00111591
v -0.0017828 0.02225 0.0017526
v -0.00115396 0.02225 0.00221774
v -0.00041216 0.02225 0.00246579
v 0.00036998 0.02225 0.00247247
v 0.00111591 0.02225 0.00223713
v 0.0017526 0.02225 0.0017828
v 0.00221774 0.02225 0.00115396
v 0.00246579 0.02225 0.00041216
v 0.00247247 0.02225 -0.00036998
v 0.00223713 0.02225 -0.00111591
v 0.0017828 0.02225 -0.0017526
v 0.00115396 0.02225 -0.00221774
v 0.00041216 0.02225 -0.00246579
v -0.00036998 0.02225 -0.00247247
v -0.00111591 0.02225 -0.00223713
v -0.0017526 0.02225 -0.0017828
v -0.00221774 0.02225 -0.00115396
v 0.00091066 0.02225 -0.00285844
v 0.00167909 0.02225 -0.00248609
v 0.00231149 0.02225 -0.00191234
v 0.00275662 0.02225 -0.00118365
v 0.00297843 0.02225 -0.00035907
v 0.00295895 0.02225 0.00049459
v 0.00269975 0.02225 0.00130819
v 0.00222183 0.02225 0.00201581
v 0.00156391 0.02225 0.00256011
v 0.00077929 0.02225 0.00289702
v -6.846e-05 0.02225 0.00299922
v -0.00091066 0.02225 0.00285844
v -0.00167909 0.02225 0.00248609
v -0.00231149 0.02225 0.00191234
v -0.00275662 0.02225 0.00118365
v -0.00297843 0.02225 0.00035907
v -0.00295895 0.02225 -0.00049459
v -0.00269975 0.02225 -0.00130819
v -0.00222183 0.02225 -0.00201581
v -0.00156391 0.02225 -0.00256011
v -0.00077929 0.02225 -0.00289702
v 6.846e-05 0.02225 -0.00299922
v -0.00295895 0.03025 -0.00049459
v -0.00297843 0.03025 0.00035907
v -0.00275662 0.03025 0.00118365
v -0.00231149 0.03025 0.00191234
v -0.00167909 0.03025 0.00248609
v -0.00091066 0.03025 0.00285844
v -6.846e-05 0.03025 0.00299922
v 0.00077929 0.03025 0.00289702
v 0.00156391 0.03025 0.00256011
v 0.00222183 0.03025 0.00201581
v 0.00269975 0.03025 0.00130819
v 0.00295895 0.03025 0.00049459
v 0.00297843 0.03025 -0.00035907
v 0.00275662 0.03025 -0.00118365
v 0.00231149 0.03025 -0.00191234
v 0.00167909 0.03025 -0.00248609
v 0.00091066 0.03025 -0.00285844
v 6.846e-05 0.03025 -0.00299922
v -0.00077929 0.03025 -0.00289702
v -0.00156391 0.03025 -0.00256011
v -0.00222183 0.03025 -0.00201581
v -0.00269975 0.03025 -0.00130819
v 0.00344982 0.03025 -0.00361922
v 0.00414719 0.03025 -0.00279299
v 0.00465064 0.03025 -0.00183617
v -0.00052506 0.03025 -0.00497235
v 0.00055612 0.03025 -0.00496898
v 0.0016113 0.03025 -0.00473326
v 0.00259114 0.03025 -0.00427621
v -0.00412966 0.03025 -0.00281885
v -0.00342714 0.03025 -0.0036407
v -0.00256437 0.03025 -0.00429232
v -0.0015817 0.03025 -0.00474323
v 0.00493664 0.03025 -0.00079349
v 0.0049918 0.03025 0.00028629
v 0.00481355 0.03025 0.00135269
v 0.00441022 0.03025 0.00235583
v 0.00380068 0.03025 0.00324882
v -0.00482191 0.03025 0.00132258
v -0.00499349 0.03025 0.0002551
v -0.00493158 0.03025 -0.00082432
v -0.00463908 0.03025 -0.00186519
v 0.00301342 0.03025 0.0039899
v 0.00208526 0.03025 0.00454441
v 0.00105959 0.03025 0.00488644
v -1.562e-05 0.03025 0.00499998
v -0.0010901 0.03025 0.00487972
v -0.00211361 0.03025 0.0045313
v -0.00303829 0.03025 0.00397099
v -0.0038209 0.03025 0.00322501
v -0.00442486 0.03025 0.00232823
v -0.00493158 0.03425 -0.00082432
v -0.00499349 0.03425 0.0002551
v -0.00482191 0.03425 0.00132258
v -0.00442486 0.03425 0.00232823
v -0.0038209 0.03425 0.00322501
v -0.00303829 0.03425 0.00397099
v -0.00211361 0.03425 0.0045313
v -0.0010901 0.03425 0.00487972
v -1.562e-05 0.03425 0.00499998
v 0.00105959 0.03425 0.00488644
v 0.00208526 0.03425 0.00454441
v 0.00301342 0.03425 0.0039899
v 0.00380068 0.03425 0.00324882
v 0.00441022 0.03425 0.00235583
v 0.00481355 0.03425 0.00135269
v 0.0049918 0.03425 0.00028629
v 0.00493664 0.03425 -0.00079349
v 0.00465064 0.03425 -0.00183617
v 0.00414719 0.03425 -0.00279299
v 0.00344982 0.03425 -0.00361922
v 0.00259114 0.03425 -0.00427621
v 0.0016113 0.03425 -0.00473326
v 0.00055612 0.03425 -0.00496898
v -0.00052506 0.03425 -0.00497235
v -0.0015817 0.03425 -0.00474323
v -0.00256437 0.03425 -0.00429232
v -0.00342714 0.03425 -0.0036407
v -0.00412966 0.03425 -0.00281885
v -0.00463908 0.03425 -0.00186519
v 0.0 0.03425 0.0
v 0.005 -0.00710673 0.00813173
v 0.005 -0.00724405 0.00864423
v 0.005 1.37e-06 0.014
v 0.005 -0.00056372 0.01398865
v 0.005 -0.014 0.0
v 0.005 -0.00864423 0.00724405
v 0.005 -0.0075 0.0
v 0.005 -0.00813173 0.00710673
v 0.005 -0.00731196 0.00166891
v 0.005 -0.0139546 0.00112653
v 0.005 -0.01359319 0.00335042
v 0.005 -0.0090194 0.00761923
v 0.005 -0.01287971 0.00548753
v 0.005 -0.00915673 0.00813173
v 0.005 -0.01183266 0.00748252
v 0.005 -0.0090194 0.00864423
v 0.005 -0.01047915 0.00928372
v 0.005 -0.00864423 0.0090194
v 0.005 -0.00885424 0.01084447
v 0.005 -0.00813173 0.00915673
v 0.005 -0.007 0.01212436
v 0.005 -0.00761923 0.0090194
v 0.005 -0.00496447 0.01309023
v 0.005 -0.00280036 0.01371707
v 0.005 0.0 0.0075
v 0.005 -0.00166891 0.00731196
v 0.005 -0.00325413 0.00675727
v 0.005 -0.00724405 0.00761923
v 0.005 -0.00467617 0.00586374
v 0.005 -0.00761923 0.00724405
v 0.005 -0.00586374 0.00467617
v 0.005 -0.00675727 0.00325413
v 0.005 0.00166891 0.00731196
v 0.005 0.00710673 0.00813173
v 0.005 0.00724405 0.00864423
v 0.005 0.00813173 0.00710673
v 0.005 0.00675727 0.00325413
v 0.005 0.00761923 0.00724405
v 0.005 0.00586374 0.00467617
v 0.005 0.00724405 0.00761923
v 0.005 0.00467617 0.00586374
v 0.005 0.00325413 0.00675727
v 0.005 0.00864423 0.00724405
v 0.005 0.014 0.0
v 0.005 0.00915673 0.00813173
v 0.005 0.0090194 0.00864423
v 0.005 0.00969814 0.01009683
v 0.005 0.00864423 0.0090194
v 0.005 0.00795291 0.01152177
v 0.005 0.00813173 0.00915673
v 0.005 0.0060017 0.01264831
v 0.005 0.00761923 0.0090194
v 0.005 0.00389504 0.01344725
v 0.005 0.00168751 0.01389792
v 0.005 0.0111922 0.00841039
v 0.005 0.01239638 0.00650612
v 0.005 0.0090194 0.00761923
v 0.005 0.01327951 0.00443335
v 0.005 0.0138187 0.00224576
v 0.005 0.00731196 -0.00166891
v 0.005 0.0075 0.0
v 0.005 0.00813173 -0.00710673
v 0.005 0.0 -0.0075
v 0.005 0.00710673 -0.00813173
v 0.005 1.37e-06 -0.014
v 0.005 0.00724405 -0.00864423
v 0.005 0.00168751 -0.01389792
v 0.005 0.00969814 -0.01009683
v 0.005 0.00795291 -0.01152177
v 0.005 0.00813173 -0.00915673
v 0.005 0.00864423 -0.00724405
v 0.005 0.00761923 -0.0090194
v 0.005 0.0060017 -0.01264831
v 0.005 0.00389504 -0.01344725
v 0.005 0.00166891 -0.00731196
v 0.005 0.00325413 -0.00675727
v 0.005 0.00724405 -0.00761923
v 0.005 0.00467617 -0.00586374
v 0.005 0.00761923 -0.00724405
v 0.005 0.00586374 -0.00467617
v 0.005 0.00675727 -0.00325413
v 0.005 0.00864423 -0.0090194
v 0.005 0.0090194 -0.00864423
v 0.005 0.0111922 -0.00841039
v 0.005 0.00915673 -0.00813173
v 0.005 0.01239638 -0.00650612
v 0.005 0.0090194 -0.00761923
v 0.005 0.01327951 -0.00443335
v 0.005 0.0138187 -0.00224576
v 0.005 0.00731196 0.00166891
v 0.005 -0.00724405 -0.00864423
v 0.005 -0.00710673 -0.00813173
v 0.005 -0.00166891 -0.00731196
v 0.005 -0.00813173 -0.00710673
v 0.005 -0.00864423 -0.00724405
v 0.005 -0.0139546 -0.00112653
v 0.005 -0.00731196 -0.00166891
v 0.005 -0.00675727 -0.00325413
v 0.005 -0.00761923 -0.00724405
v 0.005 -0.00586374 -0.00467617
v 0.005 -0.00724405 -0.00761923
v 0.005 -0.00467617 -0.00586374
v 0.005 -0.00325413 -0.00675727
v 0.005 -0.00056372 -0.01398865
v 0.005 -0.00280036 -0.01371707
v 0.005 -0.00761923 -0.0090194
v 0.005 -0.00496447 -0.01309023
v 0.005 -0.00813173 -0.00915673
v 0.005 -0.007 -0.01212436
v 0.005 -0.00864423 -0.0090194
v 0.005 -0.00885424 -0.01084447
v 0.005 -0.0090194 -0.00864423
v 0.005 -0.01047915 -0.00928372
v 0.005 -0.00915673 -0.00813173
v 0.005 -0.01183266 -0.00748252
v 0.005 -0.0090194 -0.00761923
v 0.005 -0.01287971 -0.00548753
v 0.005 -0.01359319 -0.00335042
v 0.0085 1.37e-06 0.014
v 0.0085 -0.00724405 0.00864423
v 0.0085 -0.00710673 0.00813173
v 0.0085 -0.0139546 0.00112653
v 0.0085 -0.014 0.0
v 0.0085 -0.00864423 0.00724405
v 0.0085 -0.00959493 0.00281733
v 0.0085 -0.00813173 0.00710673
v 0.0085 -0.00888835 0.00458227
v 0.0085 -0.00761923 0.00724405
v 0.0085 -0.00786053 0.00618159
v 0.0085 -0.00724405 0.00761923
v 0.0085 -0.00654861 0.0075575
v 0.0085 -0.005 0.00866025
v 0.0085 -0.00327068 0.00945001
v 0.0085 -0.00142315 0.00989821
v 0.0085 -0.00056372 0.01398865
v 0.0085 -0.00280036 0.01371707
v 0.0085 -0.00761923 0.0090194
v 0.0085 -0.00496447 0.01309023
v 0.0085 -0.00813173 0.00915673
v 0.0085 -0.007 0.01212436
v 0.0085 -0.00864423 0.0090194
v 0.0085 -0.00885424 0.01084447
v 0.0085 -0.0090194 0.00864423
v 0.0085 -0.01047915 0.00928372
v 0.0085 -0.00915673 0.00813173
v 0.0085 -0.01183266 0.00748252
v 0.0085 -0.0090194 0.00761923
v 0.0085 -0.01287971 0.00548753
v 0.0085 -0.01359319 0.00335042
v 0.0085 0.0090194 0.00761923
v 0.0085 0.01239638 0.00650612
v 0.0085 0.00915673 0.00813173
v 0.0085 0.0111922 0.00841039
v 0.0085 0.0090194 0.00864423
v 0.0085 0.00969814 0.01009683
v 0.0085 0.00864423 0.0090194
v 0.0085 -1.62e-06 0.01
v 0.0085 0.00047582 0.00998867
v 0.0085 0.00235759 0.00971812
v 0.0085 0.00813173 0.00710673
v 0.0085 0.014 0.0
v 0.0085 0.00864423 0.00724405
v 0.0085 0.0138187 0.00224576
v 0.0085 0.01327951 0.00443335
v 0.0085 0.00813173 0.00915673
v 0.0085 0.00795291 0.01152177
v 0.0085 0.00761923 0.0090194
v 0.0085 0.0060017 0.01264831
v 0.0085 0.00724405 0.00864423
v 0.0085 0.00389504 0.01344725
v 0.0085 0.00168751 0.01389792
v 0.0085 0.00928368 0.00371662
v 0.0085 0.00841254 0.00540641
v 0.0085 0.00723734 0.00690079
v 0.0085 0.00761923 0.00724405
v 0.0085 0.00580057 0.00814576
v 0.0085 0.00724405 0.00761923
v 0.0085 0.00415415 0.00909632
v 0.0085 0.00710673 0.00813173
v 0.0085 0.00813173 -0.00710673
v 0.0085 0.00841254 -0.00540641
v 0.0085 0.00761923 -0.00724405
v 0.0085 0.00723734 -0.00690079
v 0.0085 0.00724405 -0.00761923
v 0.0085 0.00580057 -0.00814576
v 0.0085 0.00710673 -0.00813173
v 0.0085 0.00981929 0.00189251
v 0.0085 0.01 0.0
v 0.0085 0.00981929 -0.00189251
v 0.0085 0.00969814 -0.01009683
v 0.0085 0.0111922 -0.00841039
v 0.0085 0.00915673 -0.00813173
v 0.0085 0.01239638 -0.00650612
v 0.0085 0.0090194 -0.00761923
v 0.0085 0.01327951 -0.00443335
v 0.0085 0.00864423 -0.00724405
v 0.0085 0.0138187 -0.00224576
v 0.0085 0.00724405 -0.00864423
v 0.0085 0.00415415 -0.00909632
v 0.0085 1.37e-06 -0.014
v 0.0085 0.00235759 -0.00971812
v 0.0085 0.00047582 -0.00998867
v 0.0085 0.00928368 -0.00371662
v 0.0085 0.0090194 -0.00864423
v 0.0085 0.00864423 -0.0090194
v 0.0085 0.00795291 -0.01152177
v 0.0085 0.00813173 -0.00915673
v 0.0085 0.0060017 -0.01264831
v 0.0085 0.00761923 -0.0090194
v 0.0085 0.00389504 -0.01344725
v 0.0085 0.00168751 -0.01389792
v 0.0085 -0.005 -0.00866025
v 0.0085 -0.00710673 -0.00813173
v 0.0085 -0.00724405 -0.00864423
v 0.0085 -0.00864423 -0.00724405
v 0.0085 -0.00813173 -0.00710673
v 0.0085 -1.62e-06 -0.01
v 0.0085 -0.00142315 -0.00989821
v 0.0085 -0.00327068 -0.00945001
v 0.0085 -0.00995472 -0.00095056
v 0.0085 -0.01 0.0
v 0.0085 -0.00995472 0.00095056
v 0.0085 -0.00056372 -0.01398865
v 0.0085 -0.00724405 -0.00761923
v 0.0085 -0.00654861 -0.0075575
v 0.0085 -0.00761923 -0.00724405
v 0.0085 -0.00786053 -0.00618159
v 0.0085 -0.00888835 -0.00458227
v 0.0085 -0.00959493 -0.00281733
v 0.0085 -0.0139546 -0.00112653
v 0.0085 -0.01359319 -0.00335042
v 0.0085 -0.0090194 -0.00761923
v 0.0085 -0.01287971 -0.00548753
v 0.0085 -0.00915673 -0.00813173
v 0.0085 -0.01183266 -0.00748252
v 0.0085 -0.0090194 -0.00864423
v 0.0085 -0.01047915 -0.00928372
v 0.0085 -0.00864423 -0.0090194
v 0.0085 -0.00885424 -0.01084447
v 0.0085 -0.00813173 -0.00915673
v 0.0085 -0.007 -0.01212436
v 0.0085 -0.00761923 -0.0090194
v 0.0085 -0.00496447 -0.01309023
v 0.0085 -0.00280036 -0.01371707
v 0.005 -0.014 0.0
v 0.0085 -0.014 0.0
v 0.006 0.00736447 0.00141938
v 0.006 0.00731196 0.00166891
v 0.006 0.00696276 0.00278747
v 0.006 0.00675727 0.00325413
v 0.006 0.0063094 0.00405481
v 0.006 0.00586374 0.00467617
v 0.006 0.00542801 0.00517559
v 0.006 0.00325413 0.00675727
v 0.006 0.00435043 0.00610932
v 0.006 0.00467617 0.00586374
v 0.006 0.00311561 0.00682224
v 0.006 0.00176819 0.00728859
v 0.006 0.00166891 0.00731196
v 0.006 0.00035686 0.00749151
v 0.006 0.0 0.0075
v 0.006 -0.00106736 0.00742366
v 0.006 -0.00166891 0.00731196
v 0.006 -0.00245301 0.00708751
v 0.006 -0.00325413 0.00675727
v 0.006 -0.00375 0.00649519
v 0.006 -0.00586374 0.00467617
v 0.006 -0.00491146 0.00566812
v 0.006 -0.00467617 0.00586374
v 0.006 -0.0058954 0.00463619
v 0.006 -0.00666627 0.0034367
v 0.006 -0.00675727 0.00325413
v 0.006 -0.0071962 0.00211299
v 0.006 -0.00731196 0.00166891
v 0.006 -0.00746604 0.00071292
v 0.006 -0.0075 0.0
v 0.006 -0.00746604 -0.00071292
v 0.006 -0.00675727 -0.00325413
v 0.006 -0.0071962 -0.00211299
v 0.006 -0.00731196 -0.00166891
v 0.006 -0.00666627 -0.0034367
v 0.006 -0.0058954 -0.00463619
v 0.006 -0.00586374 -0.00467617
v 0.006 -0.00491146 -0.00566812
v 0.006 -0.00467617 -0.00586374
v 0.006 -0.00375 -0.00649519
v 0.006 -0.00325413 -0.00675727
v 0.006 -0.00245301 -0.00708751
v 0.006 -0.00166891 -0.00731196
v 0.006 -0.00106736 -0.00742366
v 0.006 0.00166891 -0.00731196
v 0.006 0.00035686 -0.00749151
v 0.006 0.0 -0.0075
v 0.006 0.00176819 -0.00728859
v 0.006 0.00311561 -0.00682224
v 0.006 0.00325413 -0.00675727
v 0.006 0.00435043 -0.00610932
v 0.006 0.00467617 -0.00586374
v 0.006 0.00542801 -0.00517559
v 0.006 0.00586374 -0.00467617
v 0.006 0.0063094 -0.00405481
v 0.006 0.00675727 -0.00325413
v 0.006 0.00696276 -0.00278747
v 0.006 0.00731196 -0.00166891
v 0.006 0.00736447 -0.00141938
v 0.006 0.0075 0.0
vn 0.0 1.0 0.0
vn 0.10772 0.0 -0.99418
vn 0.40967 0.0 -0.91224
vn 0.67151 0.0 -0.74099
vn 0.86763 0.0 -0.49722
vn 0.97881 0.0 -0.20477
vn 0.99418 0.0 0.10772
vn 0.91224 0.0 0.40967
vn 0.74099 0.0 0.67151
vn 0.49722 0.0 0.86763
vn 0.20477 0.0 0.97881
vn -0.10772 0.0 0.99418
vn -0.40967 0.0 0.91224
vn -0.67151 0.0 0.74099
vn -0.86763 0.0 0.49722
vn -0.97881 0.0 0.20477
vn -0.99418 0.0 -0.10772
vn -0.91224 0.0 -0.40967
vn -0.74099 0.0 -0.67151
vn -0.49722 0.0 -0.86763
vn -0.20477 0.0 -0.97881
vn 0.0 1.0 0.0
vn 0.09351 0.0 -0.99562
vn 0.37022 0.0 -0.92894
vn 0.61694 0.0 -0.78701
vn 0.81368 0.0 -0.58132
vn 0.94449 0.0 -0.32853
vn 0.99879 0.0 -0.04913
vn 0.97218 0.0 0.23425
vn 0.8668 0.0 0.49866
vn 0.6912 0.0 0.72266
vn 0.4596 0.0 0.88812
vn 0.19077 0.0 0.98163
vn -0.09351 0.0 0.99562
vn -0.37022 0.0 0.92894
vn -0.61694 0.0 0.78701
vn -0.81368 0.0 0.58132
vn -0.94449 0.0 0.32853
vn -0.99879 0.0 0.04913
vn -0.97218 0.0 -0.23425
vn -0.8668 0.0 -0.49866
vn -0.6912 0.0 -0.72266
vn -0.4596 0.0 -0.88812
vn -0.19077 0.0 -0.98163
vn 0.05915 0.0 -0.99825
vn 0.27236 0.0 -0.9622
vn 0.47283 0.0 -0.88115
vn 0.6512 0.0 -0.75891
vn 0.79912 0.0 -0.60117
vn 0.90967 0.0 -0.41533
vn 0.97769 0.0 -0.21007
vn 0.99999 0.0 0.00501
vn 0.97553 0.0 0.21986
vn 0.90546 0.0 0.42444
vn 0.79305 0.0 0.60916
vn 0.64356 0.0 0.7654
vn 0.46397 0.0 0.88585
vn 0.26269 0.0 0.96488
vn 0.04913 0.0 0.99879
vn -0.16673 0.0 0.986
vn -0.37479 0.0 0.92711
vn -0.56533 0.0 0.82486
vn -0.72943 0.0 0.68405
vn -0.85943 0.0 0.51125
vn -0.94924 0.0 0.31455
vn -0.99467 0.0 0.10313
vn -0.99358 0.0 -0.1131
vn -0.94604 0.0 -0.32405
vn -0.85426 0.0 -0.51984
vn -0.72254 0.0 -0.69133
vn -0.55703 0.0 -0.83049
vn -0.36547 0.0 -0.93082
vn -0.15683 0.0 -0.98763
vn 0.0 -1.0 0.0
vn 0.0 -1.0 0.0
vn 0.0 -1.0 0.0
vn 0.0 1.0 0.0
vn 1.0 0.0 0.0
vn -0.0134 0.98955 -0.14355
vn -0.00453 0.98372 -0.17964
vn -0.00127 0.97867 -0.20542
vn 0.00514 0.97618 -0.2169
vn 0.00096 0.97437 -0.22495
vn 0.00512 0.97618 0.2169
vn -0.00039 0.97548 0.22007
vn -0.00127 0.97867 0.20543
vn -0.00454 0.98372 0.17963
vn -0.0134 0.98955 0.14353
vn -0.03274 0.99471 0.09734
vn -0.01807 0.99255 0.12052
vn 0.0 0.99959 0.02864
vn 0.0 0.99271 -0.12054
vn -0.07009 0.99682 -0.0378
vn -0.03274 0.99471 -0.09734
vn -0.0134 -0.98955 0.14355
vn -0.00453 -0.98372 0.17964
vn -0.00127 -0.97867 0.20542
vn 0.00514 -0.97618 0.2169
vn 0.00096 -0.97437 0.22495
vn 0.00512 -0.97618 -0.2169
vn -0.00039 -0.97548 -0.22007
vn -0.00127 -0.97867 -0.20543
vn -0.00454 -0.98372 -0.17963
vn -0.0134 -0.98955 -0.14353
vn -0.03274 -0.99471 -0.09734
vn -0.01807 -0.99255 -0.12052
vn 0.0 -0.99959 -0.02864
vn 0.0 -0.99271 0.12054
vn -0.07009 -0.99682 0.0378
vn -0.03274 -0.99471 0.09734
vn 0.00096 -0.97436 -0.22498
vn 0.0 -0.97314 -0.23019
vn 0.0 -0.93502 -0.3546
vn 0.0 -0.82298 -0.56806
vn 0.0 -0.66312 -0.74851
vn 0.0 -0.46472 -0.88546
vn 0.0 -0.23932 -0.97094
vn 0.0 0.0 -1.0
vn 0.0 0.23932 -0.97094
vn 0.0 0.46472 -0.88546
vn 0.0 0.66312 -0.74851
vn 0.0 0.82298 -0.56806
vn 0.0 0.93502 -0.3546
vn 0.0 0.97314 -0.23019
vn -0.00039 0.97549 -0.22006
vn 0.00096 0.97436 0.22498
vn 0.0 0.97314 0.23019
vn 0.0 0.93502 0.3546
vn 0.0 0.82298 0.56806
vn 0.0 0.66312 0.74851
vn 0.0 0.46472 0.88546
vn 0.0 0.23932 0.97094
vn 0.0 0.0 1.0
vn 0.0 -0.23932 0.97094
vn 0.0 -0.46472 0.88546
vn 0.0 -0.66312 0.74851
vn 0.0 -0.82298 0.56806
vn 0.0 -0.93502 0.3546
vn 0.0 -0.97314 0.23019
vn -0.00039 -0.97549 0.22006
vn -1.0 0.0 0.0
vn 0.0 -0.87366 0.48654
vn 0.0 -0.76398 0.64524
vn 0.0 -0.62587 0.77993
vn 0.0 -0.46447 0.88559
vn 0.0 -0.28578 0.9583
vn 0.0 -0.09646 0.99534
vn 0.0 0.09646 0.99534
vn 0.0 0.28578 0.9583
vn 0.0 0.46447 0.88559
vn 0.0 0.62587 0.77993
vn 0.0 0.76398 0.64524
vn 0.0 0.87366 0.48654
vn 0.0 0.87366 -0.48654
vn 0.0 0.76398 -0.64524
vn 0.0 0.62587 -0.77993
vn 0.0 0.46447 -0.88559
vn 0.0 0.28578 -0.9583
vn 0.0 0.09646 -0.99534
vn 0.0 -0.09646 -0.99534
vn 0.0 -0.28578 -0.9583
vn 0.0 -0.46447 -0.88559
vn 0.0 -0.62587 -0.77993
vn 0.0 -0.76398 -0.64524
vn 0.0 -0.87366 -0.48654
vn 0.30902 0.0 0.95106
vn 0.17514 0.08742 0.98065
vn 0.26971 0.03829 0.96218
vn 0.43941 0.01577 0.89815
vn 0.4102 -0.01124 0.91193
vn 0.39417 -0.03802 0.91825
vn 0.38703 -0.07771 0.91879
vn -0.5 0.0 0.86603
vn -0.30246 0.0 0.95316
vn -0.23498 0.0012 0.972
vn -0.13872 0.02172 0.99009
vn -0.10447 0.03369 0.99396
vn -0.04657 0.01634 0.99878
vn 0.05234 0.0 0.99863
vn -0.49377 -0.04366 0.8685
vn -0.30245 0.0 0.95317
vn -0.28975 -0.00482 0.95709
vn -0.5 0.0 -0.86603
vn -0.30245 0.0 -0.95317
vn -0.28975 -0.00482 -0.95709
vn -0.10449 0.02587 -0.99419
vn -0.05119 0.05214 -0.99733
vn -0.13869 0.02172 -0.9901
vn -0.23498 0.0012 -0.972
vn -0.30246 0.0 -0.95316
vn -0.5402 0.05628 -0.83965
vn -0.49377 -0.04366 -0.8685
vn 0.39419 -0.03797 -0.91824
vn 0.38704 -0.07764 -0.91879
vn 0.38485 0.00736 -0.92295
vn 0.34727 0.01587 -0.93763
vn 0.26971 0.03829 -0.96218
vn 0.30897 0.01727 -0.95091
vn 0.13776 0.0 -0.99047
vn 0.05234 0.0 -0.99863
vn 0.41022 -0.01122 -0.91192
vn 0.42245 0.0 -0.90639
vn 0.66913 0.0 -0.74314
vn 0.91355 0.0 -0.40674
vn 0.99452 0.0 -0.10453
vn 0.99983 -0.01846 0.0
vn 0.99452 0.0 0.10453
vn 0.91355 0.0 0.40674
vn 0.66913 0.0 0.74314
vn 0.41679 0.0 0.909
vn 0.34723 0.01588 0.93764
vn -0.5402 0.05628 0.83965
vn -0.80902 0.0 0.58779
vn -0.97815 0.0 0.20791
vn -0.97815 0.0 -0.20791
vn -0.80902 0.0 -0.58779
vn 0.04744 -0.94521 -0.32299
vn 0.00816 0.96611 0.25802
vn 0.0357 0.96382 0.26415
vn 0.00185 0.9749 -0.22262
vn 0.00933 0.98434 -0.17604
vn 0.02773 0.99267 -0.11767
vn 0.01834 0.99052 -0.13614
vn 0.0 0.99934 -0.03631
vn 0.0 0.99069 0.13617
vn 0.06441 0.99692 0.04471
vn 0.02773 0.99267 0.11766
vn 0.00122 -0.96292 -0.2698
vn 0.08509 -0.94235 -0.32363
vn 0.00589 -0.99765 0.06824
vn 0.0 -0.99938 0.03524
vn 0.0 -0.99767 -0.06824
vn 0.01116 -0.99927 -0.03665
vn -0.0003 -0.99446 -0.10515
vn 0.02351 -0.96813 0.24933
vn 0.04495 -0.97828 0.20235
vn 0.00123 -0.96292 0.2698
vn 0.0 -0.99042 0.13809
vn 0.0 -0.99464 0.10336
vn 0.00815 0.96611 -0.25802
vn 0.0 0.96663 -0.25617
vn 0.0 0.91721 -0.3984
vn 0.0 0.77571 -0.63109
vn 0.0 0.57668 -0.81697
vn 0.0 0.33488 -0.94226
vn 0.0 0.1025 -0.99473
vn -0.01315 0.06824 -0.99758
vn 0.0 -0.0339 -0.99943
vn 0.0 -0.20346 -0.97908
vn 0.0 -0.46006 -0.88789
vn 0.0 -0.68255 -0.73084
vn 0.0 -0.85442 -0.51958
vn 0.0 -0.954 -0.29982
vn 0.04499 -0.97829 -0.20229
vn 0.04744 -0.94521 0.32299
vn 0.0 -0.9469 0.32154
vn 0.0 -0.85442 0.51958
vn 0.0 -0.68255 0.73084
vn 0.0 -0.46006 0.88789
vn 0.0 -0.20346 0.97908
vn 0.0 -0.0339 0.99943
vn -0.01315 0.06824 0.99758
vn 0.0 0.1025 0.99473
vn 0.0 0.33488 0.94226
vn 0.0 0.57668 0.81697
vn 0.0 0.77571 0.63109
vn 0.0 0.91721 0.3984
vn 0.0 0.97223 0.23402
vn 0.00935 0.98435 0.17599
vn -0.43798 -0.16426 0.88385
vn 0.9238 0.0 -0.38287
vn 0.3176 -0.00199 -0.94822
vn 0.44401 0.00022 -0.89602
vn 0.48814 0.0 -0.87276
vn 0.36324 0.01015 -0.93164
vn 0.06563 -0.01493 -0.99773
vn 0.18887 -0.00745 -0.98197
vn 0.70711 0.0 -0.70711
vn 0.79244 0.00947 -0.60988
vn 0.60864 0.0 -0.79345
vn 0.99133 0.00958 -0.13107
vn 0.96593 0.0 -0.25882
vn 0.99142 0.0 0.13071
vn 0.96591 0.00484 0.25882
vn 0.92381 0.0 0.38285
vn 0.44401 0.00022 0.89602
vn 0.3176 -0.00199 0.94822
vn 0.18898 -0.00744 0.98195
vn 0.3633 0.00366 0.93166
vn 0.0641 -0.00247 0.99794
vn 0.12361 0.0 0.99233
vn 0.79346 0.0 0.60863
vn 0.7071 0.0048 0.7071
vn 0.60891 0.0 0.79324
vn 0.48816 0.0 0.87276
vn 0.48816 0.0 0.87275
vn -0.13056 0.0 0.99144
vn -0.06405 -0.00291 0.99794
vn -0.38239 0.0044 0.92399
vn -0.70711 0.0 0.70711
vn -0.18943 -0.00885 0.98185
vn -0.37562 0.0 0.92677
vn -0.60877 0.0 0.79334
vn -0.7926 0.01098 0.60964
vn -0.96591 0.00561 -0.25881
vn -0.99143 0.0 -0.13065
vn -0.96593 0.0 0.25882
vn -0.99133 0.01109 0.13095
vn -0.92383 0.0 0.38279
vn -0.44401 0.0 -0.89602
vn -0.60868 0.0 -0.79341
vn -0.7071 0.00556 -0.7071
vn -0.79329 0.0 -0.60884
vn -0.92383 0.0 -0.3828
vn -0.31823 -0.0028 -0.94801
vn -0.18954 -0.00884 -0.98183
vn -0.38258 0.0044 -0.92391
vn -0.06416 -0.00292 -0.99794
vn -0.13077 0.0 -0.99141
vn 0.12405 0.0 -0.99228
vn 0.5 0.0 -0.86603
vn 0.30245 0.0 -0.95317
vn 0.28975 0.00482 -0.95709
vn 0.10449 -0.02587 -0.99419
vn 0.05123 -0.05212 -0.99733
vn 0.13872 -0.02172 -0.99009
vn 0.23498 -0.0012 -0.972
vn 0.30246 0.0 -0.95316
vn 0.5402 -0.05628 -0.83965
vn 0.49377 0.04366 -0.8685
vn -0.39417 0.03802 -0.91825
vn -0.38703 0.07771 -0.91879
vn -0.3848 -0.00737 -0.92297
vn -0.34723 -0.01588 -0.93764
vn -0.26971 -0.03829 -0.96218
vn -0.30897 -0.01727 -0.95091
vn -0.13776 0.0 -0.99047
vn -0.05234 0.0 -0.99863
vn -0.30902 0.0 0.95106
vn -0.17514 -0.08742 0.98065
vn -0.26971 -0.03829 0.96218
vn -0.43936 -0.01572 0.89817
vn -0.41022 0.01122 0.91192
vn -0.39419 0.03797 0.91824
vn -0.38704 0.07764 0.91879
vn 0.5 0.0 0.86603
vn 0.30246 0.0 0.95316
vn 0.23498 -0.0012 0.972
vn 0.13869 -0.02172 0.9901
vn 0.10447 -0.03369 0.99396
vn 0.04653 -0.01633 0.99878
vn -0.05234 0.0 0.99863
vn 0.49377 0.04366 0.8685
vn 0.30245 0.0 0.95317
vn 0.28975 0.00482 0.95709
vn -0.4102 0.01124 -0.91193
vn -0.42245 0.0 -0.90639
vn -0.66913 0.0 -0.74314
vn -0.91355 0.0 -0.40674
vn -0.99452 0.0 -0.10453
vn -0.99983 0.01846 0.0
vn -0.99452 0.0 0.10453
vn -0.91355 0.0 0.40674
vn -0.66913 0.0 0.74314
vn -0.41681 0.0 0.90899
vn -0.34727 -0.01587 0.93763
vn 0.5402 -0.05628 0.83965
vn 0.80902 0.0 0.58779
vn 0.97815 0.0 0.20791
vn 0.97815 0.0 -0.20791
vn 0.80902 0.0 -0.58779
vn -0.43798 0.16426 -0.88385
vn 0.3176 0.00199 0.94822
vn 0.44401 -0.00022 0.89602
vn 0.48814 0.0 0.87276
vn 0.36324 -0.01015 0.93164
vn 0.06563 0.01493 0.99773
vn 0.18887 0.00745 0.98197
vn 0.92825 -0.0003 0.37196
vn 0.86993 0.0 0.49318
vn 0.70711 0.0 0.70711
vn 0.79243 -0.00947 0.60989
vn 0.60864 0.0 0.79345
vn 0.99183 -0.00987 0.12715
vn 0.96593 0.0 0.25882
vn 0.99193 0.0 -0.12676
vn 0.96591 -0.00484 -0.25882
vn 0.92533 0.0 -0.37917
vn 0.44401 -0.00022 -0.89602
vn 0.3176 0.00199 -0.94822
vn 0.18898 0.00744 -0.98195
vn 0.3633 -0.00366 -0.93166
vn 0.0641 0.00247 -0.99794
vn 0.12361 0.0 -0.99233
vn 0.79346 0.0 -0.60863
vn 0.7071 -0.0048 -0.7071
vn 0.60891 0.0 -0.79324
vn 0.48816 0.0 -0.87276
vn 0.48816 0.0 -0.87275
vn -0.13056 0.0 -0.99144
vn -0.06405 0.00291 -0.99794
vn -0.38239 -0.0044 -0.92399
vn -0.70711 0.0 -0.70711
vn -0.18943 0.00885 -0.98185
vn -0.37562 0.0 -0.92677
vn -0.60877 0.0 -0.79334
vn -0.7926 -0.01098 -0.60964
vn -0.96591 -0.00561 0.25881
vn -0.99143 0.0 0.13065
vn -0.96593 0.0 -0.25882
vn -0.99133 -0.01109 -0.13095
vn -0.92383 0.0 -0.38279
vn -0.44401 0.0 0.89602
vn -0.60868 0.0 0.79341
vn -0.7071 -0.00556 0.7071
vn -0.79329 0.0 0.60884
vn -0.92383 0.0 0.3828
vn -0.31823 0.0028 0.94801
vn -0.18954 0.00884 0.98183
vn -0.38258 -0.0044 0.92391
vn -0.06416 0.00292 0.99794
vn -0.13077 0.0 0.99141
vn 0.12405 0.0 0.99228
vn 0.65809 0.75294 0.0
vn 0.38363 0.92349 0.0
vn 0.70705 0.70705 -0.01259
vn 0.13298 0.99084 -0.02342
vn 0.25882 0.96593 0.0
vn -0.13132 0.99134 0.0
vn -0.2588 0.96586 -0.01197
vn -0.38342 0.92357 0.0
vn -0.65809 0.75294 0.0
vn -0.83392 0.54961 -0.04999
vn -0.70711 0.70711 -6e-05
vn -0.92362 0.3833 3e-05
vn -0.9658 0.25879 -0.01611
vn -0.99139 0.13095 0.0
vn -0.99137 -0.13111 0.0
vn -0.9658 -0.25879 -0.01611
vn -0.92365 -0.38323 0.0
vn -0.70711 -0.70711 0.0
vn 0.70711 -0.70711 0.0
vn 0.38312 -0.9237 0.0
vn 0.25878 -0.96578 -0.01736
vn 0.131 -0.99138 0.0
vn -0.25882 -0.96593 0.0
vn -0.1562 -0.98734 -0.02777
vn -0.40525 -0.9142 0.0
vn 0.96589 -0.25881 -0.00865
vn 0.88599 -0.4637 0.0
vn 0.8305 0.55702 0.0
vn 0.88596 0.46376 0.0
vn 0.96589 0.25881 -0.00865
vn 0.97582 0.21859 0.0
vn 0.97582 -0.21859 0.0
vn -0.38363 0.92349 0.0
vn -0.70705 0.70705 0.01259
vn -0.13298 0.99084 0.02342
vn -0.25882 0.96593 0.0
vn 0.13132 0.99134 0.0
vn 0.2588 0.96586 0.01197
vn 0.38342 0.92357 0.0
vn 0.83402 0.54947 0.05002
vn 0.70711 0.70711 2e-05
vn 0.88596 0.46376 0.0
vn 0.96589 0.25881 0.00865
vn 0.96589 -0.25881 0.00865
vn -0.25878 -0.96579 0.0167
vn -0.15484 -0.98794 0.0
vn 0.25882 -0.96593 0.0
vn 0.13231 -0.99062 0.03411
vn 0.38302 -0.92374 0.0
vn -0.9658 -0.25879 0.01611
vn -0.92376 -0.38297 0.0
vn -0.83054 0.55696 0.0
vn -0.92378 0.38292 0.0
vn -0.9658 0.25879 0.01611
vn -0.99141 0.13078 0.0
vn -0.9914 -0.13083 0.0
vn 0.65809 -0.75294 0.0
vn 0.38363 -0.92349 0.0
vn 0.70705 -0.70705 0.01259
vn 0.13298 -0.99084 0.02342
vn 0.25882 -0.96593 0.0
vn -0.13132 -0.99134 0.0
vn -0.2588 -0.96586 0.01197
vn -0.38342 -0.92357 0.0
vn -0.65809 -0.75294 0.0
vn -0.83402 -0.54947 0.05002
vn -0.70711 -0.70711 2e-05
vn -0.88596 -0.46376 0.0
vn -0.96589 -0.25881 0.00865
vn -0.97582 -0.21859 0.0
vn -0.97582 0.21859 0.0
vn -0.96589 0.25881 0.00865
vn -0.88599 0.4637 0.0
vn -0.70711 0.70711 0.0
vn 0.70711 0.70711 0.0
vn 0.40525 0.9142 0.0
vn 0.25878 0.96579 0.0167
vn 0.15484 0.98794 0.0
vn -0.25882 0.96593 0.0
vn -0.13242 0.99061 0.03409
vn -0.38312 0.9237 0.0
vn 0.9658 0.25879 0.01611
vn 0.92365 0.38323 0.0
vn 0.83041 -0.55715 2e-05
vn 0.92362 -0.3833 -3e-05
vn 0.9658 -0.25879 0.01611
vn 0.99139 -0.13095 0.0
vn 0.99137 0.13111 0.0
vn 0.83405 -0.54941 -0.05003
vn 0.70711 -0.70711 0.0
vn 0.92378 -0.38292 0.0
vn 0.9658 -0.25879 -0.01611
vn 0.99141 -0.13078 0.0
vn 0.9914 0.13083 0.0
vn 0.9658 0.25879 -0.01611
vn 0.92376 0.38297 0.0
vn -0.38302 0.92374 0.0
vn -0.25878 0.96578 -0.01736
vn -0.1309 0.9914 0.0
vn 0.25882 0.96593 0.0
vn 0.1562 0.98734 -0.02777
vn -0.96589 0.25881 -0.00865
vn -0.96589 -0.25881 -0.00865
vn -0.38363 -0.92349 0.0
vn -0.70705 -0.70705 -0.01259
vn -0.8305 -0.55702 0.0
vn -0.88596 -0.46376 0.0
vn -0.13298 -0.99084 -0.02342
vn -0.25882 -0.96593 0.0
vn 0.13132 -0.99134 0.0
vn 0.2588 -0.96586 -0.01197
vn 0.38342 -0.92357 0.0
vn 0.0 -0.96593 -0.25882
vn 0.0 -0.70711 -0.70711
vn 0.0 -0.25882 -0.96593
vn 0.0 0.25882 -0.96593
vn 0.0 0.70711 -0.70711
vn 0.0 0.96593 -0.25882
vn 0.0 0.96593 0.25882
vn 0.0 0.70711 0.70711
vn 0.0 0.25882 0.96593
vn 0.0 -0.25882 0.96593
vn 0.0 -0.70711 0.70711
vn 0.0 -0.96593 0.25882
vn 0.0 -0.96593 -0.25882
vn 0.0 -0.70711 -0.70711
vn 0.0 0.70711 -0.70711
vn 0.0 0.96593 -0.25882
vn 0.0 0.96593 0.25882
vn 0.0 0.70711 0.70711
vn 0.0 -0.70711 0.70711
vn 0.0 -0.96593 0.25882
vn 0.0 -0.25882 -0.96593
vn 0.0 0.25882 -0.96593
vn 0.0 0.70711 -0.70711
vn 0.0 0.25882 0.96593
vn 0.0 -0.25882 0.96593
vn 0.0 -0.70711 0.70711
vn 0.0 -0.70711 -0.70711
vn 0.0 0.70711 0.70711
vn 0.0 0.82266 0.56854
vn 0.0 0.54772 0.83666
vn 0.0 0.19201 0.98139
vn 0.0 0.19201 -0.98139
vn 0.0 0.54772 -0.83666
vn 0.0 0.82266 -0.56854
vn 0.0 -0.82266 -0.56854
vn 0.0 -0.54772 -0.83666
vn 0.0 -0.19201 -0.98139
vn 0.0 -0.19201 0.98139
vn 0.0 -0.54772 0.83666
vn 0.0 -0.82266 0.56854
vn -0.5 0.0 -0.86603
vn 0.80016 0.0 -0.59978
vn 0.79324 0.01681 -0.60868
vn 0.61756 -0.01838 -0.78631
vn 0.60876 0.0 -0.79335
vn 0.86603 0.0 0.5
vn 0.86603 0.0 0.5
vn 0.86603 0.0 0.5
vn 0.86603 0.0 0.5
vn 0.61766 0.0 0.78644
vn 0.60864 -0.01995 0.7932
vn 0.80003 0.01838 0.59968
vn 0.79335 0.0 0.60876
vn -0.5 0.0 0.86603
vn 0.86603 0.0 -0.5
vn 0.86603 0.0 -0.5
vn 0.86603 0.0 -0.5
vn 0.86603 0.0 -0.5
vn 0.86603 0.0 0.5
vn 0.86603 0.0 0.5
vn 0.86603 0.0 0.5
vn 0.61766 0.0 -0.78644
vn 0.60864 0.01995 -0.7932
vn 0.80003 -0.01838 -0.59968
vn 0.79335 0.0 -0.60876
vn 0.80016 0.0 0.59978
vn 0.79324 -0.01681 0.60868
vn 0.61756 0.01838 0.78631
vn 0.60876 0.0 0.79335
vn 0.86603 0.0 -0.5
vn 0.86603 0.0 -0.5
vn 0.86603 0.0 -0.5
vn 0.0 0.70711 -0.70711
vn 0.70711 0.70711 0.0
vn 0.0 0.70711 0.70711
vn -0.35355 0.70711 0.61237
vn -0.35355 0.70711 0.61237
vn 0.43896 0.70351 0.55891
vn 0.43896 0.70351 0.55891
vn 0.57735 0.7036 0.41426
vn 0.52952 0.74971 0.39692
vn -0.35355 0.70711 -0.61237
vn -0.35355 0.70711 -0.61237
vn 0.54261 0.74431 -0.38934
vn 0.56783 0.70457 -0.42563
vn 0.43896 0.70351 -0.55891
vn 0.43896 0.70351 -0.55891
vn 0.57835 0.69925 -0.42019
vn 0.57835 0.69925 -0.42019
vn 0.35744 0.69925 -0.6191
vn 0.35744 0.69925 -0.6191
vn 0.07472 0.69925 -0.71096
vn 0.07472 0.69925 -0.71096
vn -0.22091 0.69925 -0.67989
vn -0.22091 0.69925 -0.67989
vn -0.47834 0.69925 -0.53125
vn -0.47834 0.69925 -0.53125
vn -0.65307 0.69925 -0.29077
vn -0.65307 0.69925 -0.29077
vn -0.70516 0.70516 -0.07412
vn -0.70516 0.70516 -0.07412
vn -0.70516 0.70516 0.07412
vn -0.70516 0.70516 0.07412
vn -0.65307 0.69925 0.29077
vn -0.65307 0.69925 0.29077
vn -0.47834 0.69925 0.53126
vn -0.47834 0.69925 0.53125
vn -0.22091 0.69925 0.67989
vn -0.22091 0.69925 0.67989
vn 0.07472 0.69925 0.71096
vn 0.07472 0.69925 0.71096
vn 0.35744 0.69925 0.6191
vn 0.35744 0.69925 0.6191
vn 0.57834 0.69925 0.42019
vn 0.57835 0.69925 0.42019
vn 0.69925 0.69925 0.14863
vn 0.69925 0.69925 0.14863
vn 0.69925 0.69925 -0.14863
vn 0.69925 0.69925 -0.14863
vn 0.0 -0.70711 0.70711
vn 0.70711 -0.70711 0.0
vn 0.0 -0.70711 -0.70711
vn -0.35355 -0.70711 -0.61237
vn -0.35355 -0.70711 -0.61237
vn 0.43896 -0.70351 -0.55891
vn 0.43896 -0.70351 -0.55891
vn 0.57735 -0.7036 -0.41426
vn 0.52952 -0.74971 -0.39692
vn -0.35355 -0.70711 0.61237
vn -0.35355 -0.70711 0.61237
vn 0.54261 -0.74431 0.38934
vn 0.56783 -0.70457 0.42563
vn 0.43896 -0.70351 0.55891
vn 0.43896 -0.70351 0.55891
vn -0.57835 -0.69925 -0.42019
vn -0.57835 -0.69925 -0.42019
vn -0.35744 -0.69925 -0.6191
vn -0.35744 -0.69925 -0.6191
vn -0.07472 -0.69925 -0.71096
vn -0.07472 -0.69925 -0.71096
vn 0.22091 -0.69925 -0.67989
vn 0.22091 -0.69925 -0.67989
vn 0.47834 -0.69925 -0.53125
vn 0.47834 -0.69925 -0.53125
vn 0.65307 -0.69925 -0.29077
vn 0.65307 -0.69925 -0.29077
vn 0.70516 -0.70516 -0.07412
vn 0.70516 -0.70516 -0.07412
vn 0.70516 -0.70516 0.07412
vn 0.70516 -0.70516 0.07412
vn 0.65307 -0.69925 0.29077
vn 0.65307 -0.69925 0.29077
vn 0.47834 -0.69925 0.53126
vn 0.47834 -0.69925 0.53125
vn 0.22091 -0.69925 0.67989
vn 0.22091 -0.69925 0.67989
vn -0.07472 -0.69925 0.71096
vn -0.07472 -0.69925 0.71096
vn -0.35744 -0.69925 0.6191
vn -0.35744 -0.69925 0.6191
vn -0.57834 -0.69925 0.42019
vn -0.57835 -0.69925 0.42019
vn -0.69925 -0.69925 0.14863
vn -0.69925 -0.69925 0.14863
vn -0.69925 -0.69925 -0.14863
vn -0.69925 -0.69925 -0.14863
vn 0.80278 0.0 -0.59627
vn 0.70646 0.04273 -0.70646
vn 0.70451 0.16984 -0.68907
vn 0.70452 0.16984 -0.68907
vn 0.70452 0.32981 -0.6284
vn 0.70451 0.32981 -0.6284
vn 0.70451 0.47061 -0.53121
vn 0.70452 0.47061 -0.53121
vn 0.70452 0.58406 -0.40315
vn 0.70452 0.58406 -0.40315
vn 0.70452 0.66357 -0.25166
vn 0.70452 0.66357 -0.25166
vn 0.70452 0.70451 -0.08554
vn 0.70452 0.70451 -0.08554
vn 0.70452 0.70451 0.08554
vn 0.70452 0.70451 0.08554
vn 0.70452 0.66357 0.25166
vn 0.70452 0.66357 0.25166
vn 0.70452 0.58406 0.40315
vn 0.70452 0.58406 0.40315
vn 0.70452 0.47061 0.53121
vn 0.70451 0.47061 0.53121
vn 0.70451 0.32981 0.6284
vn 0.70452 0.32981 0.6284
vn 0.70452 0.16984 0.68907
vn 0.70451 0.16984 0.68907
vn 0.70451 0.0 0.70969
vn 0.86057 0.03075 0.50841
vn 0.70646 -0.04273 0.70646
vn 0.70451 -0.16984 0.68907
vn 0.70452 -0.16984 0.68907
vn 0.70452 -0.32981 0.6284
vn 0.70451 -0.32981 0.6284
vn 0.70451 -0.47061 0.53121
vn 0.70452 -0.47061 0.53121
vn 0.70452 -0.58406 0.40315
vn 0.70452 -0.58406 0.40315
vn 0.70452 -0.66357 0.25166
vn 0.70452 -0.66357 0.25166
vn 0.70452 -0.70451 0.08554
vn 0.70452 -0.70451 0.08554
vn 0.70452 -0.70451 -0.08554
vn 0.70452 -0.70451 -0.08554
vn 0.70452 -0.66357 -0.25166
vn 0.70452 -0.66357 -0.25166
vn 0.70452 -0.58406 -0.40315
vn 0.70452 -0.58406 -0.40315
vn 0.70452 -0.47061 -0.53121
vn 0.70451 -0.47061 -0.53121
vn 0.70451 -0.32981 -0.6284
vn 0.70452 -0.32981 -0.6284
vn 0.70452 -0.16984 -0.68907
vn 0.70451 -0.16984 -0.68907
vn 0.70646 -0.04273 -0.70646
vn 0.0 -1.0 0.0
vn -0.99996 0.0 -0.00854
vn -0.95366 0.0 0.30088
vn -0.81401 0.0 0.58085
vn -0.59467 0.0 0.80397
vn -0.31713 0.0 0.94838
vn -0.00854 0.0 0.99996
vn 0.30088 0.0 0.95366
vn 0.58085 0.0 0.81401
vn 0.80397 0.0 0.59467
vn 0.94838 0.0 0.31713
vn 0.99996 0.0 0.00854
vn 0.95366 0.0 -0.30088
vn 0.81401 0.0 -0.58085
vn 0.59467 0.0 -0.80397
vn 0.31713 0.0 -0.94838
vn 0.00854 0.0 -0.99996
vn -0.30088 0.0 -0.95366
vn -0.58085 0.0 -0.81401
vn -0.80397 0.0 -0.59467
vn -0.94838 0.0 -0.31713
vn -0.99974 0.0 -0.02282
vn -0.96567 0.0 0.25976
vn -0.85337 0.0 0.5213
vn -0.67194 0.0 0.74061
vn -0.43606 0.0 0.89992
vn -0.16486 0.0 0.98632
vn 0.11969 0.0 0.99281
vn 0.39455 0.0 0.91887
vn 0.63745 0.0 0.7705
vn 0.8287 0.0 0.5597
vn 0.95281 0.0 0.30355
vn 0.99974 0.0 0.02282
vn 0.96567 0.0 -0.25976
vn 0.85337 0.0 -0.5213
vn 0.67194 0.0 -0.74061
vn 0.43606 0.0 -0.89992
vn 0.16486 0.0 -0.98632
vn -0.11969 0.0 -0.99281
vn -0.39455 0.0 -0.91887
vn -0.63745 0.0 -0.7705
vn -0.8287 0.0 -0.5597
vn -0.95281 0.0 -0.30355
vn -0.99836 0.0 -0.05726
vn -0.98733 0.0 0.1587
vn -0.93013 0.0 0.36723
vn -0.82944 0.0 0.5586
vn -0.68996 0.0 0.72384
vn -0.51823 0.0 0.85524
vn -0.32226 0.0 0.94665
vn -0.11122 0.0 0.9938
vn 0.10501 0.0 0.99447
vn 0.31634 0.0 0.94865
vn 0.51287 0.0 0.85846
vn 0.68543 0.0 0.72814
vn 0.82593 0.0 0.56377
vn 0.92782 0.0 0.37304
vn 0.98632 0.0 0.16486
vn 0.9987 0.0 -0.05102
vn 0.96438 0.0 -0.26452
vn 0.88497 0.0 -0.46565
vn 0.76418 0.0 -0.645
vn 0.60766 0.0 -0.7942
vn 0.42272 0.0 -0.90626
vn 0.21802 0.0 -0.97594
vn 0.00312 0.0 -1.0
vn -0.21192 0.0 -0.97729
vn -0.41705 0.0 -0.90888
vn -0.60268 0.0 -0.79798
vn -0.76014 0.0 -0.64976
vn -0.88204 0.0 -0.47117
vn -0.96271 0.0 -0.27054
vn 0.0 1.0 0.0
vn -1.0 0.0 0.0
vn 1.0 0.0 0.0
vn 0.0 -0.02009 -0.9998
vn 0.0 0.06043 -0.99817
vn 0.0 -0.12054 -0.99271
vn 0.0 -0.27822 -0.96052
vn 0.0 -0.42869 -0.90345
vn 0.0 -0.56806 -0.82298
vn 0.0 -0.69272 -0.7212
vn 0.0 -0.79944 -0.60074
vn 0.0 -0.88546 -0.46472
vn 0.0 -0.94854 -0.31667
vn 0.0 -0.98705 -0.16041
vn 0.0 -0.99919 -0.04027
vn 0.0 -0.99919 -0.04027
vn 0.0 -0.99919 0.04027
vn 0.0 -0.99919 0.04027
vn 0.0 -0.98705 0.16041
vn 0.0 -0.94854 0.31667
vn 0.0 -0.88546 0.46472
vn 0.0 -0.79944 0.60074
vn 0.0 -0.69272 0.7212
vn 0.0 -0.56806 0.82298
vn 0.0 -0.42869 0.90345
vn 0.0 -0.27822 0.96052
vn 0.0 -0.12054 0.99271
vn 0.0 -0.02009 0.9998
vn 0.0 0.06043 0.99817
vn 0.0 0.20003 -0.97979
vn 0.0 0.35461 -0.93502
vn 0.0 0.5 -0.86603
vn 0.0 0.63245 -0.7746
vn 0.0 0.74851 -0.66312
vn 0.0 0.84519 -0.53447
vn 0.0 0.91998 -0.39197
vn 0.0 0.97094 -0.23932
vn 0.0 0.99676 -0.08047
vn 0.0 0.99676 0.08047
vn 0.0 0.97094 0.23932
vn 0.0 0.91998 0.39197
vn 0.0 0.84519 0.53447
vn 0.0 0.74851 0.66312
vn 0.0 0.63245 0.7746
vn 0.0 0.5 0.86603
vn 0.0 0.35461 0.93502
vn 0.0 0.20003 0.97979
vn 0.02423 -0.99342 -0.11193
vn 0.0 -0.97857 -0.20592
vn 0.0 -0.95457 -0.298
vn 0.0398 -0.94314 -0.33002
vn 0.0 -0.9152 -0.40301
vn 0.0 -0.84672 -0.53203
vn 0.0853 -0.86956 -0.4864
vn 0.0 -0.8126 -0.58282
vn 0.0 -0.75352 -0.65743
vn 0.04499 -0.70639 -0.70639
vn 0.0 -0.50881 -0.86088
vn 0.03461 -0.53171 -0.84622
vn 0.0 -0.602 -0.7985
vn 0.0 -0.67517 -0.73766
vn 0.0 -0.42467 -0.90535
vn 0.01609 -0.32703 -0.94488
vn 0.01073 -0.33026 -0.94383
vn 0.0 -0.22914 -0.97339
vn 0.0 -0.13558 -0.99077
vn 0.0315 -0.11191 -0.99322
vn 0.0 -0.0238 -0.99972
vn 0.0 0.11196 -0.99371
vn 0.06834 0.07117 -0.99512
vn 0.0 0.18257 -0.98319
vn 0.0 0.2752 -0.96139
vn 0.04706 0.32991 -0.94284
vn 0.0 0.38111 -0.92453
vn 0.0 0.46727 -0.88412
vn 0.04188 0.53157 -0.84598
vn 0.0 0.72138 -0.69254
vn 0.02804 0.70683 -0.70683
vn 0.0 0.63931 -0.76895
vn 0.0 0.56332 -0.82624
vn 0.0 0.78395 -0.62083
vn 0.00502 0.84124 -0.54063
vn 0.02008 0.84655 -0.53192
vn 0.0 0.89499 -0.4461
vn 0.0 0.93334 -0.359
vn 0.03738 0.94322 -0.33005
vn 0.0 0.96766 -0.25224
vn 0.0 0.99371 -0.11196
vn 0.07966 0.98412 -0.15861
vn 0.0 0.99887 -0.04758
vn 0.0 0.99887 0.04758
vn 0.04603 0.99266 0.11185
vn 0.0 0.93334 0.359
vn 0.03738 0.94322 0.33005
vn 0.0 0.96766 0.25224
vn 0.0 0.98726 0.15912
vn 0.0 0.89499 0.4461
vn 0.02215 0.84105 0.54051
vn 0.00554 0.84671 0.53202
vn 0.0 0.78395 0.62083
vn 0.0 0.72138 0.69254
vn 0.02804 0.70683 0.70683
vn 0.0 0.63931 0.76895
vn 0.0 0.56332 0.82624
vn 0.04188 0.53157 0.84598
vn 0.0 0.46727 0.88412
vn 0.0 0.33028 0.94388
vn 0.09094 0.37953 0.9207
vn 0.0 0.2752 0.96139
vn 0.0 0.18257 0.98319
vn 0.04361 0.11186 0.99277
vn 0.0 -0.13558 0.99077
vn 0.0315 -0.11191 0.99322
vn 0.0 -0.0238 0.99972
vn 0.0 0.07134 0.99745
vn 0.0 -0.22914 0.97339
vn 0.01039 -0.32705 0.94495
vn 0.01558 -0.33024 0.94377
vn 0.0 -0.42467 0.90535
vn 0.0 -0.50881 0.86088
vn 0.03461 -0.53171 0.84622
vn 0.0 -0.602 0.7985
vn 0.0 -0.70711 0.70711
vn 0.074 -0.67332 0.73564
vn 0.0 -0.75352 0.65743
vn 0.0 -0.8126 0.58282
vn 0.04672 -0.8458 0.53145
vn 0.0 -0.87275 0.48818
vn 0.0 -0.9152 0.40301
vn 0.0398 -0.94314 0.33002
vn 0.0 -0.95457 0.298
vn 0.0 -0.97857 0.20592
vn 0.02423 -0.99342 0.11193
vn 0.0 -0.99547 0.09506
vn 0.0 -0.99547 -0.09506
vn 0.70265 -0.68272 0.20046
vn 0.70602 -0.67601 0.21104
vn 0.7069 -0.64733 0.28505
vn 0.70102 -0.63387 0.32678
vn 0.70644 -0.6177 0.34552
vn 0.7055 -0.55708 0.4381
vn 0.69444 -0.58471 0.41937
vn 0.70676 -0.53308 0.4651
vn 0.7055 -0.46411 0.53561
vn 0.69884 -0.48294 0.52764
vn 0.70698 -0.42575 0.56473
vn 0.7055 -0.35435 0.61376
vn 0.70305 -0.36183 0.6122
vn 0.70709 -0.3003 0.64019
vn 0.7055 -0.2318 0.66973
vn 0.7055 -0.2318 0.66973
vn 0.7071 -0.16203 0.6883
vn 0.70421 -0.10104 0.70276
vn 0.70572 -0.09606 0.70195
vn 0.70701 -0.01677 0.70701
vn 0.707 -0.01683 0.70701
vn 0.70622 0.05056 0.70619
vn 0.7062 0.05051 0.7062
vn 0.70681 0.12915 0.69551
vn 0.70072 0.1682 0.69333
vn 0.70658 0.19474 0.68031
vn 0.7055 0.29441 0.64466
vn 0.69622 0.27357 0.66365
vn 0.70686 0.33052 0.62538
vn 0.7055 0.41109 0.5773
vn 0.70054 0.40199 0.58961
vn 0.70703 0.45211 0.54379
vn 0.7055 0.51292 0.48907
vn 0.70469 0.51183 0.49136
vn 0.7071 0.55434 0.43899
vn 0.7055 0.5962 0.38316
vn 0.7055 0.5962 0.38316
vn 0.70707 0.63288 0.31545
vn 0.70312 0.66013 0.26428
vn 0.70593 0.66107 0.25428
vn 0.70694 0.6844 0.17841
vn 0.70124 0.70004 0.13492
vn 0.70637 0.69883 0.11263
vn 0.70671 0.70671 0.03366
vn 0.70671 0.70671 0.03366
vn 0.70671 0.70671 -0.03366
vn 0.70671 0.70671 -0.03366
vn 0.7055 0.6959 -0.13412
vn 0.69797 0.707 -0.11395
vn 0.70694 0.6844 -0.17841
vn 0.7055 0.65794 -0.2634
vn 0.70222 0.66449 -0.25559
vn 0.70707 0.63288 -0.31545
vn 0.7055 0.5962 -0.38316
vn 0.7055 0.5962 -0.38316
vn 0.7071 0.55434 -0.43899
vn 0.70483 0.5134 -0.48952
vn 0.70561 0.51117 -0.49073
vn 0.70703 0.45211 -0.54379
vn 0.70222 0.41298 -0.57994
vn 0.70612 0.39888 -0.58506
vn 0.70686 0.33052 -0.62538
vn 0.70084 0.29632 -0.64886
vn 0.70652 0.26971 -0.65429
vn 0.7055 0.16708 -0.68873
vn 0.69533 0.19778 -0.69094
vn 0.70681 0.12915 -0.69551
vn 0.70621 0.05057 -0.7062
vn 0.70622 0.05051 -0.70619
vn 0.707 -0.01677 -0.70701
vn 0.70701 -0.01683 -0.70701
vn 0.7055 -0.10086 -0.7015
vn 0.70388 -0.09631 -0.70376
vn 0.7071 -0.16203 -0.6883
vn 0.7055 -0.2318 -0.66973
vn 0.7055 -0.2318 -0.66973
vn 0.70709 -0.3003 -0.64019
vn 0.70364 -0.35528 -0.61536
vn 0.70583 -0.36043 -0.60983
vn 0.70698 -0.42575 -0.56473
vn 0.70152 -0.46669 -0.53858
vn 0.70629 -0.47797 -0.52221
vn 0.70676 -0.53308 -0.4651
vn 0.70064 -0.56086 -0.44107
vn 0.70665 -0.57497 -0.41239
vn 0.7055 -0.62993 -0.32475
vn 0.6971 -0.62574 -0.35001
vn 0.7069 -0.64733 -0.28505
vn 0.7055 -0.68 -0.19967
vn 0.70139 -0.68039 -0.21241
vn 0.70706 -0.692 -0.14562
vn 0.7055 -0.7055 -0.06737
vn 0.7055 -0.7055 -0.06737
vn 0.7055 -0.7055 0.06737
vn 0.7055 -0.7055 0.06737
vn 0.70706 -0.692 0.14562
vn 0.0 0.96593 -0.25882
vn 0.0 0.70711 -0.70711
vn 0.0 0.25882 -0.96593
vn 0.0 -0.25882 -0.96593
vn 0.0 -0.70711 -0.70711
vn 0.0 -0.96593 -0.25882
vn 0.0 -0.96593 0.25882
vn 0.0 -0.70711 0.70711
vn 0.0 -0.25882 0.96593
vn 0.0 0.25882 0.96593
vn 0.0 0.70711 0.70711
vn 0.0 0.96593 0.25882
vn 0.0 0.96593 -0.25882
vn 0.0 0.70711 -0.70711
vn 0.0 0.25882 -0.96593
vn 0.0 -0.25882 -0.96593
vn 0.0 -0.70711 -0.70711
vn 0.0 -0.96593 -0.25882
vn 0.0 -0.96593 0.25882
vn 0.0 -0.25882 0.96593
vn 0.0 0.25882 0.96593
vn 0.0 0.70711 0.70711
vn 0.0 0.96593 0.25882
vn 0.0 0.96593 -0.25882
vn 0.0 0.70711 -0.70711
vn 0.0 0.25882 -0.96593
vn 0.0 -0.25882 -0.96593
vn 0.0 -0.96593 -0.25882
vn 0.0 -0.96593 0.25882
vn 0.0 -0.70711 0.70711
vn 0.0 -0.25882 0.96593
vn 0.0 0.25882 0.96593
vn 0.0 0.96593 0.25882
vn 0.0 0.96593 -0.25882
vn 0.0 0.25882 -0.96593
vn 0.0 -0.25882 -0.96593
vn 0.0 -0.70711 -0.70711
vn 0.0 -0.96593 -0.25882
vn 0.0 -0.96593 0.25882
vn 0.0 -0.25882 0.96593
vn 0.0 0.25882 0.96593
vn 0.0 0.70711 0.70711
vn 0.0 0.96593 0.25882
f 1//1 2//1 3//1
f 1//1 3//1 4//1
f 5//1 6//1 3//1
f 3//1 6//1 7//1
f 3//1 7//1 4//1
f 8//1 9//1 3//1
f 3//1 9//1 10//1
f 3//1 10//1 5//1
f 11//1 12//1 3//1
f 3//1 12//1 13//1
f 3//1 13//1 8//1
f 14//1 15//1 3//1
f 3//1 15//1 16//1
f 3//1 16//1 11//1
f 17//1 18//1 3//1
f 3//1 18//1 19//1
f 3//1 19//1 14//1
f 2//1 20//1 3//1
f 3//1 20//1 21//1
f 3//1 21//1 17//1
f 22//2 4//2 23//2
f 23//3 4//3 7//3
f 23//3 7//3 24//3
f 24//4 7//4 6//4
f 24//4 6//4 25//4
f 25//5 6//5 5//5
f 25//5 5//5 26//5
f 26//6 5//6 10//6
f 26//6 10//6 27//6
f 27//7 10//7 9//7
f 27//7 9//7 28//7
f 28//8 9//8 8//8
f 28//8 8//8 29//8
f 29//9 8//9 13//9
f 29//9 13//9 30//9
f 30//10 13//10 12//10
f 30//10 12//10 31//10
f 31//11 12//11 11//11
f 31//11 11//11 32//11
f 32//12 11//12 16//12
f 32//12 16//12 33//12
f 33//13 16//13 15//13
f 33//13 15//13 34//13
f 34//14 15//14 14//14
f 34//14 14//14 35//14
f 35//15 14//15 19//15
f 35//15 19//15 36//15
f 36//16 19//16 18//16
f 36//16 18//16 37//16
f 37//17 18//17 17//17
f 37//17 17//17 38//17
f 38//18 17//18 21//18
f 38//18 21//18 39//18
f 39//19 21//19 20//19
f 39//19 20//19 40//19
f 40//20 20//20 2//20
f 40//20 2//20 41//20
f 41//21 2//21 1//21
f 41//21 1//21 22//21
f 22//2 1//2 4//2
f 37//22 42//22 36//22
f 36//1 42//1 43//1
f 36//1 43//1 35//1
f 35//1 43//1 44//1
f 35//1 44//1 34//1
f 34//22 44//22 45//22
f 34//1 45//1 33//1
f 33//1 45//1 46//1
f 33//1 46//1 32//1
f 32//1 46//1 47//1
f 32//1 47//1 31//1
f 31//1 47//1 48//1
f 31//1 48//1 30//1
f 30//1 48//1 49//1
f 30//1 49//1 29//1
f 29//22 49//22 50//22
f 29//1 50//1 28//1
f 28//22 50//22 51//22
f 28//1 51//1 27//1
f 51//1 52//1 27//1
f 27//1 52//1 53//1
f 27//22 53//22 26//22
f 26//1 53//1 54//1
f 26//1 54//1 25//1
f 25//1 54//1 55//1
f 25//1 55//1 24//1
f 24//22 55//22 56//22
f 24//1 56//1 23//1
f 23//1 56//1 57//1
f 23//1 57//1 22//1
f 22//22 57//22 58//22
f 22//1 58//1 41//1
f 41//1 58//1 59//1
f 41//1 59//1 40//1
f 40//1 59//1 60//1
f 40//1 60//1 39//1
f 39//22 60//22 61//22
f 39//1 61//1 38//1
f 38//22 61//22 62//22
f 38//1 62//1 37//1
f 37//1 62//1 63//1
f 37//1 63//1 42//1
f 64//23 57//23 65//23
f 65//24 57//24 56//24
f 65//24 56//24 66//24
f 66//25 56//25 55//25
f 66//25 55//25 67//25
f 67//26 55//26 54//26
f 67//26 54//26 68//26
f 68//27 54//27 53//27
f 68//27 53//27 69//27
f 69//28 53//28 52//28
f 69//28 52//28 70//28
f 70//29 52//29 51//29
f 70//29 51//29 71//29
f 71//30 51//30 50//30
f 71//30 50//30 72//30
f 72//31 50//31 49//31
f 72//31 49//31 73//31
f 73//32 49//32 48//32
f 73//32 48//32 74//32
f 74//33 48//33 47//33
f 74//33 47//33 75//33
f 75//34 47//34 46//34
f 75//34 46//34 76//34
f 76//35 46//35 45//35
f 76//35 45//35 77//35
f 77//36 45//36 44//36
f 77//36 44//36 78//36
f 78//37 44//37 43//37
f 78//37 43//37 79//37
f 79//38 43//38 42//38
f 79//38 42//38 80//38
f 80//39 42//39 63//39
f 80//39 63//39 81//39
f 81//40 63//40 62//40
f 81//40 62//40 82//40
f 82//41 62//41 61//41
f 82//41 61//41 83//41
f 83//42 61//42 60//42
f 83//42 60//42 84//42
f 84//43 60//43 59//43
f 84//43 59//43 85//43
f 85//44 59//44 58//44
f 85//44 58//44 64//44
f 64//23 58//23 57//23
f 79//1 86//1 78//1
f 78//1 86//1 87//1
f 78//1 87//1 77//1
f 77//1 87//1 88//1
f 77//22 88//22 76//22
f 82//22 89//22 81//22
f 81//1 89//1 90//1
f 81//1 90//1 80//1
f 80//1 90//1 91//1
f 80//22 91//22 79//22
f 79//1 91//1 92//1
f 79//1 92//1 86//1
f 85//1 93//1 84//1
f 84//1 93//1 94//1
f 84//1 94//1 83//1
f 83//22 94//22 95//22
f 83//1 95//1 82//1
f 82//1 95//1 96//1
f 82//1 96//1 89//1
f 88//1 97//1 76//1
f 76//1 97//1 98//1
f 76//1 98//1 75//1
f 75//1 98//1 99//1
f 75//1 99//1 74//1
f 74//1 99//1 100//1
f 74//1 100//1 73//1
f 73//1 100//1 101//1
f 73//1 101//1 72//1
f 66//1 102//1 65//1
f 65//1 102//1 103//1
f 65//22 103//22 64//22
f 64//1 103//1 104//1
f 64//1 104//1 85//1
f 85//1 104//1 105//1
f 85//1 105//1 93//1
f 101//1 106//1 72//1
f 72//1 106//1 107//1
f 72//1 107//1 71//1
f 71//1 107//1 108//1
f 71//1 108//1 70//1
f 70//1 108//1 109//1
f 70//1 109//1 69//1
f 109//1 110//1 69//1
f 69//1 110//1 111//1
f 69//22 111//22 68//22
f 68//1 111//1 112//1
f 68//1 112//1 67//1
f 67//1 112//1 113//1
f 67//1 113//1 66//1
f 66//1 113//1 114//1
f 66//1 114//1 102//1
f 115//45 103//45 116//45
f 116//46 103//46 102//46
f 116//46 102//46 117//46
f 117//47 102//47 114//47
f 117//47 114//47 118//47
f 118//48 114//48 113//48
f 118//48 113//48 119//48
f 119//49 113//49 112//49
f 119//49 112//49 120//49
f 120//50 112//50 111//50
f 120//50 111//50 121//50
f 121//51 111//51 110//51
f 121//51 110//51 122//51
f 122//52 110//52 109//52
f 122//52 109//52 123//52
f 123//53 109//53 108//53
f 123//53 108//53 124//53
f 124//54 108//54 107//54
f 124//54 107//54 125//54
f 125//55 107//55 106//55
f 125//55 106//55 126//55
f 126//56 106//56 101//56
f 126//56 101//56 127//56
f 127//57 101//57 100//57
f 127//57 100//57 128//57
f 128//58 100//58 99//58
f 128//58 99//58 129//58
f 129//59 99//59 98//59
f 129//59 98//59 130//59
f 130//60 98//60 97//60
f 130//60 97//60 131//60
f 131//61 97//61 88//61
f 131//61 88//61 132//61
f 132//62 88//62 87//62
f 132//62 87//62 133//62
f 133//63 87//63 86//63
f 133//63 86//63 134//63
f 134//64 86//64 92//64
f 134//64 92//64 135//64
f 135//65 92//65 91//65
f 135//65 91//65 136//65
f 136//66 91//66 90//66
f 136//66 90//66 137//66
f 137//67 90//67 89//67
f 137//67 89//67 138//67
f 138//68 89//68 96//68
f 138//68 96//68 139//68
f 139//69 96//69 95//69
f 139//69 95//69 140//69
f 140//70 95//70 94//70
f 140//70 94//70 141//70
f 141//71 94//71 93//71
f 141//71 93//71 142//71
f 142//72 93//72 105//72
f 142//72 105//72 143//72
f 143//73 105//73 104//73
f 143//73 104//73 115//73
f 115//45 104//45 103//45
f 115//74 116//74 144//74
f 115//74 144//74 143//74
f 140//74 141//74 144//74
f 144//74 141//74 142//74
f 144//74 142//74 143//74
f 137//74 138//74 144//74
f 144//75 138//75 139//75
f 144//74 139//74 140//74
f 134//74 135//74 144//74
f 144//74 135//74 136//74
f 144//74 136//74 137//74
f 131//74 132//74 144//74
f 144//74 132//74 133//74
f 144//74 133//74 134//74
f 128//74 129//74 144//74
f 144//75 129//75 130//75
f 144//74 130//74 131//74
f 125//74 126//74 144//74
f 144//74 126//74 127//74
f 144//74 127//74 128//74
f 122//74 123//74 144//74
f 144//74 123//74 124//74
f 144//74 124//74 125//74
f 119//74 120//74 144//74
f 144//75 120//75 121//75
f 144//74 121//74 122//74
f 116//74 117//74 144//74
f 144//74 117//74 118//74
f 144//74 118//74 119//74
f 145//76 146//76 147//76
f 147//76 146//76 148//76
f 149//76 150//76 148//76
f 145//76 151//76 146//76
f 146//76 151//76 152//76
f 146//76 152//76 153//76
f 154//76 155//76 149//76
f 149//76 155//76 156//76
f 149//76 156//76 157//76
f 157//76 156//76 158//76
f 159//76 160//76 161//76
f 161//76 160//76 157//76
f 161//76 157//76 162//76
f 162//76 157//76 158//76
f 163//76 164//76 148//76
f 148//76 164//76 149//76
f 149//76 164//76 165//76
f 149//76 165//76 154//76
f 161//76 166//76 159//76
f 159//76 166//76 167//76
f 159//76 167//76 168//76
f 168//76 167//76 169//76
f 168//76 169//76 146//76
f 146//76 169//76 170//76
f 170//76 171//76 146//76
f 146//76 171//76 172//76
f 146//76 172//76 148//76
f 148//76 172//76 173//76
f 148//76 173//76 163//76
f 174//76 175//76 176//76
f 176//76 175//76 177//76
f 176//76 177//76 178//76
f 178//76 177//76 179//76
f 178//76 179//76 180//76
f 180//76 179//76 181//76
f 182//76 183//76 184//76
f 184//76 183//76 185//76
f 184//76 185//76 186//76
f 186//76 185//76 187//76
f 186//76 187//76 174//76
f 174//76 187//76 188//76
f 174//76 188//76 175//76
f 189//77 190//77 191//77
f 191//77 190//77 192//77
f 191//77 192//77 193//77
f 193//77 192//77 194//77
f 193//77 194//77 195//77
f 195//77 194//77 196//77
f 197//77 198//77 199//77
f 199//77 198//77 200//77
f 199//77 200//77 201//77
f 201//77 200//77 202//77
f 201//77 202//77 189//77
f 189//77 202//77 203//77
f 189//77 203//77 190//77
f 204//78 205//78 206//78
f 207//78 208//78 209//78
f 209//78 208//78 210//78
f 209//78 210//78 211//78
f 211//78 210//78 212//78
f 211//78 212//78 213//78
f 213//78 212//78 214//78
f 213//78 214//78 215//78
f 215//78 214//78 216//78
f 204//78 206//78 217//78
f 217//78 206//78 218//78
f 217//78 218//78 219//78
f 219//78 218//78 220//78
f 219//78 220//78 221//78
f 221//78 220//78 222//78
f 221//78 222//78 223//78
f 223//78 222//78 224//78
f 223//78 224//78 225//78
f 225//78 224//78 226//78
f 225//78 226//78 227//78
f 227//78 226//78 228//78
f 227//78 228//78 216//78
f 216//78 228//78 229//78
f 216//78 229//78 215//78
f 230//79 231//79 232//79
f 232//80 231//80 233//80
f 232//81 233//81 234//81
f 207//82 209//82 235//82
f 235//83 209//83 236//83
f 237//84 238//84 239//84
f 240//85 241//85 242//85
f 242//86 241//86 243//86
f 242//87 243//87 244//87
f 244//88 245//88 242//88
f 242//89 245//89 246//89
f 242//90 246//90 247//90
f 247//91 246//91 248//91
f 247//92 248//92 232//92
f 232//93 248//93 249//93
f 232//94 249//94 230//94
f 250//95 251//95 252//95
f 252//96 251//96 253//96
f 252//97 253//97 254//97
f 255//98 256//98 257//98
f 257//99 256//99 258//99
f 206//100 205//100 259//100
f 260//101 261//101 262//101
f 262//102 261//102 263//102
f 262//103 263//103 264//103
f 264//104 265//104 262//104
f 262//105 265//105 266//105
f 262//106 266//106 267//106
f 267//107 266//107 268//107
f 267//108 268//108 252//108
f 252//109 268//109 269//109
f 252//110 269//110 250//110
f 259//111 260//111 206//111
f 206//112 260//112 262//112
f 206//113 262//113 218//113
f 218//113 262//113 270//113
f 218//114 270//114 220//114
f 220//114 270//114 271//114
f 220//115 271//115 222//115
f 222//115 271//115 272//115
f 222//116 272//116 224//116
f 224//116 272//116 273//116
f 224//117 273//117 226//117
f 226//117 273//117 274//117
f 226//118 274//118 228//118
f 228//118 274//118 275//118
f 228//119 275//119 229//119
f 229//119 275//119 276//119
f 229//120 276//120 215//120
f 215//120 276//120 277//120
f 215//121 277//121 213//121
f 213//121 277//121 278//121
f 213//122 278//122 211//122
f 211//122 278//122 279//122
f 211//123 279//123 209//123
f 209//123 279//123 232//123
f 209//124 232//124 236//124
f 236//125 232//125 234//125
f 239//126 240//126 237//126
f 237//127 240//127 242//127
f 237//128 242//128 280//128
f 280//128 242//128 281//128
f 280//129 281//129 282//129
f 282//129 281//129 283//129
f 282//130 283//130 284//130
f 284//130 283//130 285//130
f 284//131 285//131 286//131
f 286//131 285//131 287//131
f 286//132 287//132 288//132
f 288//132 287//132 289//132
f 288//133 289//133 290//133
f 290//133 289//133 291//133
f 290//134 291//134 292//134
f 292//134 291//134 293//134
f 292//135 293//135 294//135
f 294//135 293//135 295//135
f 294//136 295//136 296//136
f 296//136 295//136 297//136
f 296//137 297//137 298//137
f 298//137 297//137 299//137
f 298//138 299//138 256//138
f 256//138 299//138 252//138
f 256//139 252//139 258//139
f 258//140 252//140 254//140
f 300//141 301//141 302//141
f 303//141 304//141 305//141
f 306//141 307//141 308//141
f 309//141 310//141 311//141
f 311//141 310//141 312//141
f 311//141 312//141 313//141
f 313//141 312//141 314//141
f 313//141 314//141 315//141
f 315//141 314//141 303//141
f 302//141 301//141 316//141
f 316//141 301//141 317//141
f 316//141 317//141 304//141
f 304//141 317//141 318//141
f 304//141 318//141 305//141
f 309//141 308//141 310//141
f 310//141 308//141 307//141
f 310//141 307//141 319//141
f 319//141 307//141 320//141
f 319//141 320//141 321//141
f 321//141 320//141 322//141
f 321//141 322//141 323//141
f 323//141 322//141 324//141
f 323//141 324//141 325//141
f 325//141 324//141 300//141
f 325//141 300//141 326//141
f 326//141 300//141 302//141
f 327//141 328//141 329//141
f 329//141 328//141 306//141
f 329//141 306//141 151//141
f 151//141 306//141 308//141
f 151//141 308//141 152//141
f 152//141 308//141 153//141
f 330//141 331//141 332//141
f 332//141 331//141 333//141
f 334//141 335//141 336//141
f 336//141 335//141 337//141
f 338//141 339//141 340//141
f 341//141 342//141 343//141
f 338//141 344//141 339//141
f 339//141 344//141 345//141
f 339//141 345//141 346//141
f 346//141 345//141 347//141
f 346//141 347//141 348//141
f 348//141 347//141 349//141
f 348//141 349//141 335//141
f 335//141 349//141 350//141
f 335//141 350//141 337//141
f 343//141 342//141 351//141
f 343//141 352//141 341//141
f 341//141 352//141 353//141
f 341//141 353//141 354//141
f 354//141 353//141 355//141
f 354//141 355//141 356//141
f 356//141 355//141 357//141
f 356//141 357//141 358//141
f 358//141 357//141 334//141
f 358//141 334//141 305//141
f 305//141 334//141 336//141
f 305//141 336//141 303//141
f 303//141 336//141 359//141
f 303//141 359//141 315//141
f 332//141 360//141 330//141
f 330//141 360//141 338//141
f 330//141 338//141 361//141
f 361//141 338//141 340//141
f 361//141 340//141 362//141
f 362//141 340//141 351//141
f 362//141 351//141 363//141
f 363//141 351//141 342//141
f 364//141 365//141 366//141
f 367//141 368//141 338//141
f 369//141 338//141 370//141
f 370//141 338//141 368//141
f 370//141 368//141 371//141
f 371//141 368//141 372//141
f 371//141 372//141 373//141
f 373//141 372//141 374//141
f 373//141 374//141 375//141
f 375//141 374//141 376//141
f 375//141 376//141 377//141
f 377//141 376//141 378//141
f 377//141 378//141 379//141
f 380//141 381//141 382//141
f 382//141 381//141 367//141
f 382//141 367//141 383//141
f 383//141 367//141 338//141
f 383//141 338//141 384//141
f 384//141 338//141 360//141
f 364//141 385//141 386//141
f 386//141 385//141 387//141
f 386//141 387//141 388//141
f 388//141 387//141 389//141
f 388//141 389//141 370//141
f 370//141 389//141 390//141
f 370//141 390//141 369//141
f 379//141 378//141 391//141
f 391//141 378//141 392//141
f 391//141 392//141 393//141
f 393//141 392//141 394//141
f 393//141 394//141 365//141
f 365//141 394//141 395//141
f 365//141 395//141 366//141
f 396//141 397//141 398//141
f 398//141 397//141 399//141
f 400//141 401//141 402//141
f 402//141 401//141 403//141
f 404//141 405//141 406//141
f 406//141 405//141 407//141
f 401//141 408//141 403//141
f 403//141 408//141 409//141
f 403//141 409//141 410//141
f 410//141 409//141 411//141
f 410//141 411//141 412//141
f 412//141 411//141 413//141
f 412//141 413//141 414//141
f 414//141 413//141 404//141
f 414//141 404//141 366//141
f 366//141 404//141 406//141
f 366//141 406//141 364//141
f 364//141 406//141 415//141
f 364//141 415//141 385//141
f 416//141 308//141 417//141
f 417//141 308//141 418//141
f 417//141 418//141 419//141
f 419//141 418//141 420//141
f 419//141 420//141 421//141
f 421//141 420//141 422//141
f 421//141 422//141 405//141
f 405//141 422//141 423//141
f 405//141 423//141 407//141
f 398//141 153//141 396//141
f 396//141 153//141 308//141
f 396//141 308//141 424//141
f 424//141 308//141 416//141
f 424//141 416//141 425//141
f 425//141 416//141 400//141
f 425//141 400//141 426//141
f 426//141 400//141 402//141
f 427//78 428//78 429//78
f 430//78 431//78 432//78
f 432//78 431//78 433//78
f 432//78 433//78 434//78
f 433//78 435//78 434//78
f 434//78 435//78 436//78
f 434//78 436//78 437//78
f 437//78 436//78 438//78
f 437//78 438//78 439//78
f 439//78 438//78 440//78
f 439//78 440//78 441//78
f 441//78 440//78 442//78
f 441//78 442//78 443//78
f 444//78 443//78 445//78
f 445//78 443//78 442//78
f 445//78 442//78 446//78
f 442//78 447//78 446//78
f 446//78 447//78 448//78
f 446//78 448//78 449//78
f 449//78 448//78 450//78
f 449//78 450//78 451//78
f 427//78 452//78 453//78
f 453//78 452//78 454//78
f 453//78 454//78 455//78
f 430//78 455//78 431//78
f 431//78 455//78 454//78
f 431//78 454//78 456//78
f 456//78 454//78 451//78
f 456//78 451//78 457//78
f 457//78 451//78 450//78
f 458//78 459//78 460//78
f 460//78 459//78 461//78
f 461//78 459//78 462//78
f 461//78 462//78 463//78
f 444//78 464//78 443//78
f 443//78 464//78 465//78
f 443//78 465//78 466//78
f 467//78 468//78 469//78
f 462//78 470//78 463//78
f 463//78 470//78 471//78
f 463//78 471//78 466//78
f 466//78 471//78 472//78
f 466//78 472//78 443//78
f 443//78 472//78 473//78
f 473//78 472//78 474//78
f 474//78 472//78 475//78
f 474//78 475//78 476//78
f 476//78 475//78 477//78
f 476//78 477//78 478//78
f 469//78 479//78 467//78
f 467//78 479//78 480//78
f 467//78 480//78 481//78
f 481//78 480//78 482//78
f 460//78 481//78 458//78
f 458//78 481//78 482//78
f 458//78 482//78 483//78
f 483//78 482//78 484//78
f 483//78 484//78 485//78
f 485//78 484//78 486//78
f 485//78 486//78 487//78
f 487//78 486//78 478//78
f 487//78 478//78 488//78
f 488//78 478//78 477//78
f 489//78 490//78 491//78
f 491//78 490//78 492//78
f 491//78 492//78 493//78
f 494//78 495//78 496//78
f 495//78 497//78 489//78
f 489//78 497//78 498//78
f 489//78 498//78 490//78
f 495//78 494//78 497//78
f 497//78 494//78 499//78
f 497//78 499//78 500//78
f 500//78 499//78 501//78
f 500//78 501//78 502//78
f 502//78 501//78 503//78
f 502//78 503//78 504//78
f 504//78 503//78 505//78
f 504//78 505//78 506//78
f 506//78 505//78 507//78
f 507//78 505//78 508//78
f 507//78 508//78 509//78
f 492//78 510//78 493//78
f 493//78 510//78 511//78
f 493//78 511//78 512//78
f 512//78 511//78 509//78
f 513//78 468//78 514//78
f 514//78 468//78 467//78
f 514//78 467//78 515//78
f 515//78 467//78 512//78
f 515//78 512//78 516//78
f 516//78 512//78 509//78
f 516//78 509//78 517//78
f 517//78 509//78 508//78
f 518//78 452//78 519//78
f 519//78 452//78 520//78
f 521//78 522//78 523//78
f 523//78 522//78 524//78
f 523//78 524//78 525//78
f 525//78 524//78 526//78
f 525//78 526//78 527//78
f 527//78 526//78 528//78
f 427//78 429//78 452//78
f 452//78 429//78 529//78
f 452//78 529//78 520//78
f 519//78 527//78 518//78
f 518//78 527//78 528//78
f 518//78 528//78 530//78
f 530//78 528//78 531//78
f 530//78 531//78 532//78
f 532//78 531//78 533//78
f 532//78 533//78 534//78
f 496//78 535//78 494//78
f 494//78 535//78 536//78
f 494//78 536//78 537//78
f 538//78 539//78 540//78
f 540//78 539//78 541//78
f 540//78 541//78 542//78
f 542//78 541//78 543//78
f 542//78 543//78 521//78
f 521//78 543//78 544//78
f 521//78 544//78 522//78
f 533//78 545//78 534//78
f 534//78 545//78 546//78
f 534//78 546//78 537//78
f 537//78 546//78 539//78
f 537//78 539//78 494//78
f 494//78 539//78 538//78
f 322//142 517//142 508//142
f 322//142 508//142 324//142
f 324//143 508//143 505//143
f 324//143 505//143 300//143
f 300//144 505//144 503//144
f 300//144 503//144 301//144
f 301//145 503//145 501//145
f 301//145 501//145 317//145
f 317//146 501//146 499//146
f 317//146 499//146 318//146
f 318//147 499//147 494//147
f 318//147 494//147 305//147
f 305//148 494//148 538//148
f 305//148 538//148 358//148
f 358//149 538//149 540//149
f 358//149 540//149 356//149
f 356//150 540//150 542//150
f 356//150 542//150 354//150
f 354//151 542//151 521//151
f 354//151 521//151 341//151
f 341//152 521//152 523//152
f 341//152 523//152 342//152
f 342//153 523//153 525//153
f 342//153 525//153 363//153
f 547//133 548//133 331//133
f 529//133 549//133 520//133
f 520//133 549//133 550//133
f 550//133 551//133 520//133
f 520//133 551//133 552//133
f 520//133 552//133 330//133
f 552//133 553//133 330//133
f 330//133 553//133 554//133
f 330//133 554//133 331//133
f 331//133 554//133 555//133
f 331//133 555//133 556//133
f 557//133 558//133 529//133
f 529//133 558//133 559//133
f 529//133 559//133 549//133
f 529//133 547//133 557//133
f 557//133 547//133 331//133
f 557//133 331//133 560//133
f 560//133 331//133 556//133
f 561//77 383//77 384//77
f 562//77 563//77 564//77
f 384//77 360//77 565//77
f 565//77 566//77 567//77
f 567//77 566//77 568//77
f 567//77 568//77 569//77
f 570//77 564//77 571//77
f 571//77 564//77 563//77
f 571//77 563//77 572//77
f 573//77 574//77 575//77
f 567//77 576//77 565//77
f 565//77 576//77 577//77
f 565//77 577//77 384//77
f 384//77 577//77 578//77
f 384//77 578//77 561//77
f 561//77 578//77 579//77
f 561//77 579//77 580//77
f 580//77 579//77 581//77
f 580//77 581//77 564//77
f 564//77 581//77 582//77
f 564//77 582//77 562//77
f 569//77 568//77 575//77
f 575//77 568//77 583//77
f 575//77 583//77 573//77
f 572//77 584//77 571//77
f 571//77 584//77 585//77
f 571//77 585//77 573//77
f 573//77 585//77 586//77
f 573//77 586//77 574//77
f 587//118 588//118 367//118
f 367//118 381//118 589//118
f 589//118 381//118 590//118
f 591//118 428//118 592//118
f 592//118 428//118 427//118
f 367//118 588//118 427//118
f 427//118 588//118 593//118
f 427//118 593//118 592//118
f 591//118 594//118 428//118
f 428//118 594//118 595//118
f 428//118 595//118 589//118
f 589//118 595//118 596//118
f 589//118 596//118 597//118
f 597//118 598//118 589//118
f 589//118 598//118 599//118
f 589//118 599//118 367//118
f 367//118 599//118 600//118
f 367//118 600//118 587//118
f 374//154 430//154 432//154
f 374//154 432//154 376//154
f 376//155 432//155 434//155
f 376//155 434//155 378//155
f 378//156 434//156 437//156
f 378//156 437//156 392//156
f 392//157 437//157 439//157
f 392//157 439//157 394//157
f 394//158 439//158 441//158
f 394//158 441//158 395//158
f 395//159 441//159 443//159
f 395//159 443//159 366//159
f 366//160 443//160 473//160
f 366//160 473//160 414//160
f 414//161 473//161 474//161
f 414//161 474//161 412//161
f 412//162 474//162 476//162
f 412//162 476//162 410//162
f 410//163 476//163 478//163
f 410//163 478//163 403//163
f 403//164 478//164 486//164
f 403//164 486//164 402//164
f 402//165 486//165 484//165
f 402//165 484//165 426//165
f 601//118 397//118 602//118
f 602//118 397//118 603//118
f 604//118 479//118 605//118
f 605//118 479//118 469//118
f 605//118 469//118 606//118
f 604//118 607//118 479//118
f 479//118 607//118 608//118
f 479//118 608//118 396//118
f 609//118 397//118 610//118
f 610//118 397//118 601//118
f 610//118 601//118 469//118
f 469//118 601//118 611//118
f 469//118 611//118 606//118
f 608//118 612//118 396//118
f 396//118 612//118 613//118
f 396//118 613//118 397//118
f 397//118 613//118 614//118
f 397//118 614//118 603//118
f 306//133 328//133 615//133
f 615//133 328//133 616//133
f 617//133 513//133 618//133
f 618//133 513//133 514//133
f 617//133 619//133 513//133
f 513//133 619//133 620//133
f 513//133 620//133 615//133
f 615//133 620//133 621//133
f 615//133 621//133 622//133
f 623//133 306//133 624//133
f 624//133 306//133 615//133
f 624//133 615//133 625//133
f 625//133 615//133 622//133
f 623//133 626//133 306//133
f 306//133 626//133 627//133
f 306//133 627//133 514//133
f 514//133 627//133 628//133
f 514//133 628//133 618//133
f 629//166 630//166 631//166
f 631//167 630//167 632//167
f 631//168 632//168 633//168
f 634//169 635//169 179//169
f 635//170 636//170 179//170
f 179//171 636//171 637//171
f 179//172 637//172 181//172
f 638//173 639//173 640//173
f 640//174 639//174 641//174
f 641//175 642//175 640//175
f 640//176 642//176 643//176
f 640//177 643//177 629//177
f 629//178 643//178 644//178
f 629//179 644//179 630//179
f 645//180 646//180 647//180
f 647//173 646//173 648//173
f 647//181 648//181 649//181
f 649//182 648//182 650//182
f 651//183 652//183 653//183
f 653//184 652//184 654//184
f 653//185 654//185 655//185
f 656//186 657//186 658//186
f 658//187 657//187 659//187
f 658//188 659//188 660//188
f 660//189 661//189 658//189
f 658//190 661//190 662//190
f 658//183 662//183 651//183
f 651//191 662//191 663//191
f 651//192 663//192 652//192
f 664//193 185//193 665//193
f 665//194 185//194 183//194
f 666//195 667//195 668//195
f 667//196 669//196 668//196
f 668//197 669//197 670//197
f 668//198 670//198 656//198
f 656//199 670//199 671//199
f 656//200 671//200 657//200
f 664//201 666//201 185//201
f 185//202 666//202 668//202
f 185//203 668//203 187//203
f 187//203 668//203 672//203
f 187//204 672//204 188//204
f 672//204 673//204 188//204
f 188//205 673//205 674//205
f 188//206 674//206 175//206
f 175//207 674//207 675//207
f 175//208 675//208 177//208
f 177//208 675//208 676//208
f 177//209 676//209 179//209
f 179//209 676//209 631//209
f 179//210 631//210 634//210
f 634//211 631//211 633//211
f 645//212 639//212 646//212
f 646//173 639//173 638//173
f 646//213 638//213 677//213
f 677//213 638//213 678//213
f 677//214 678//214 679//214
f 679//214 678//214 680//214
f 679//215 680//215 681//215
f 681//215 680//215 682//215
f 681//216 682//216 651//216
f 651//216 682//216 683//216
f 651//183 683//183 658//183
f 653//76 655//76 684//76
f 653//76 684//76 651//76
f 651//76 684//76 685//76
f 651//76 685//76 681//76
f 681//76 685//76 686//76
f 681//76 686//76 679//76
f 679//76 686//76 687//76
f 679//76 687//76 677//76
f 677//76 687//76 688//76
f 677//76 688//76 646//76
f 646//76 688//76 689//76
f 646//76 689//76 648//76
f 648//76 689//76 690//76
f 648//76 690//76 650//76
f 255//78 691//78 256//78
f 256//78 691//78 692//78
f 693//78 238//78 694//78
f 694//78 238//78 237//78
f 694//78 237//78 695//78
f 695//78 237//78 280//78
f 695//78 280//78 696//78
f 696//78 280//78 282//78
f 696//78 282//78 697//78
f 282//78 284//78 697//78
f 697//78 284//78 286//78
f 697//78 286//78 698//78
f 698//78 286//78 288//78
f 698//78 288//78 699//78
f 699//78 288//78 290//78
f 699//78 290//78 700//78
f 700//78 290//78 292//78
f 700//78 292//78 701//78
f 701//78 292//78 294//78
f 701//78 294//78 702//78
f 702//78 294//78 296//78
f 702//78 296//78 692//78
f 692//78 296//78 298//78
f 692//78 298//78 256//78
f 703//217 204//217 217//217
f 704//218 693//218 694//218
f 704//219 694//219 705//219
f 706//220 707//220 309//220
f 707//221 708//221 309//221
f 309//222 708//222 709//222
f 309//223 709//223 308//223
f 308//224 709//224 710//224
f 308//225 710//225 418//225
f 418//226 710//226 711//226
f 418//227 711//227 712//227
f 345//228 344//228 713//228
f 703//229 217//229 714//229
f 369//230 715//230 338//230
f 338//231 715//231 716//231
f 338//232 716//232 344//232
f 344//233 716//233 717//233
f 344//234 717//234 713//234
f 718//235 719//235 390//235
f 390//236 719//236 720//236
f 390//237 720//237 369//237
f 369//238 720//238 721//238
f 369//239 721//239 715//239
f 208//240 706//240 210//240
f 210//241 706//241 309//241
f 210//242 309//242 212//242
f 212//242 309//242 311//242
f 212//243 311//243 214//243
f 214//243 311//243 313//243
f 214//244 313//244 216//244
f 216//244 313//244 315//244
f 216//245 315//245 227//245
f 315//245 359//245 227//245
f 227//246 359//246 336//246
f 227//247 336//247 225//247
f 225//248 336//248 337//248
f 225//249 337//249 223//249
f 223//249 337//249 350//249
f 223//250 350//250 221//250
f 221//250 350//250 349//250
f 221//251 349//251 219//251
f 219//251 349//251 347//251
f 219//252 347//252 217//252
f 217//252 347//252 345//252
f 217//253 345//253 714//253
f 714//254 345//254 713//254
f 691//255 718//255 692//255
f 692//256 718//256 390//256
f 692//257 390//257 702//257
f 702//257 390//257 389//257
f 702//258 389//258 701//258
f 701//258 389//258 387//258
f 701//259 387//259 700//259
f 700//259 387//259 385//259
f 700//260 385//260 699//260
f 385//260 415//260 699//260
f 699//261 415//261 406//261
f 699//262 406//262 698//262
f 698//263 406//263 407//263
f 698//264 407//264 697//264
f 697//264 407//264 423//264
f 697//265 423//265 696//265
f 696//265 423//265 422//265
f 696//266 422//266 695//266
f 695//266 422//266 420//266
f 695//267 420//267 694//267
f 694//267 420//267 418//267
f 694//268 418//268 705//268
f 705//269 418//269 712//269
f 722//270 690//270 689//270
f 709//271 708//271 186//271
f 207//272 723//272 182//272
f 182//273 184//273 207//273
f 207//274 184//274 706//274
f 207//274 706//274 208//274
f 235//275 724//275 207//275
f 207//276 724//276 725//276
f 207//277 725//277 723//277
f 186//278 708//278 184//278
f 184//279 708//279 707//279
f 184//280 707//280 706//280
f 709//281 186//281 710//281
f 710//282 186//282 174//282
f 710//283 174//283 711//283
f 711//284 174//284 176//284
f 711//285 176//285 712//285
f 238//286 178//286 180//286
f 180//287 726//287 238//287
f 238//288 726//288 727//288
f 238//289 727//289 239//289
f 239//290 727//290 728//290
f 239//291 728//291 240//291
f 712//292 176//292 705//292
f 705//293 176//293 178//293
f 705//294 178//294 704//294
f 704//295 178//295 238//295
f 704//296 238//296 693//296
f 240//297 728//297 241//297
f 241//298 728//298 729//298
f 241//299 729//299 243//299
f 689//300 688//300 245//300
f 729//301 722//301 243//301
f 243//302 722//302 689//302
f 243//303 689//303 244//303
f 244//304 689//304 245//304
f 686//305 249//305 687//305
f 687//306 249//306 248//306
f 687//307 248//307 688//307
f 688//308 248//308 246//308
f 688//309 246//309 245//309
f 684//310 233//310 685//310
f 685//311 233//311 231//311
f 685//312 231//312 686//312
f 686//313 231//313 230//313
f 686//314 230//314 249//314
f 684//315 730//315 233//315
f 233//316 730//316 731//316
f 233//317 731//317 234//317
f 234//318 731//318 724//318
f 234//319 724//319 236//319
f 236//320 724//320 235//320
f 732//321 733//321 734//321
f 734//322 733//322 735//322
f 734//323 735//323 736//323
f 737//324 738//324 739//324
f 739//325 738//325 740//325
f 739//326 740//326 741//326
f 741//327 742//327 739//327
f 739//328 742//328 743//328
f 739//321 743//321 732//321
f 732//329 743//329 744//329
f 732//330 744//330 733//330
f 745//331 200//331 746//331
f 746//332 200//332 198//332
f 747//333 748//333 749//333
f 748//334 750//334 749//334
f 749//335 750//335 751//335
f 749//336 751//336 737//336
f 737//337 751//337 752//337
f 737//338 752//338 738//338
f 753//339 754//339 755//339
f 755//340 754//340 756//340
f 755//341 756//341 757//341
f 758//342 759//342 194//342
f 759//343 760//343 194//343
f 194//344 760//344 761//344
f 194//345 761//345 196//345
f 762//346 763//346 764//346
f 764//347 763//347 765//347
f 765//348 766//348 764//348
f 764//349 766//349 767//349
f 764//350 767//350 753//350
f 753//351 767//351 768//351
f 753//352 768//352 754//352
f 769//353 770//353 771//353
f 771//346 770//346 772//346
f 771//354 772//354 773//354
f 773//355 772//355 774//355
f 745//356 747//356 200//356
f 200//357 747//357 749//357
f 200//358 749//358 202//358
f 202//358 749//358 775//358
f 202//359 775//359 203//359
f 775//359 776//359 203//359
f 203//360 776//360 777//360
f 203//361 777//361 190//361
f 190//362 777//362 778//362
f 190//363 778//363 192//363
f 192//363 778//363 779//363
f 192//364 779//364 194//364
f 194//364 779//364 755//364
f 194//365 755//365 758//365
f 758//366 755//366 757//366
f 769//367 763//367 770//367
f 770//346 763//346 762//346
f 770//368 762//368 780//368
f 780//368 762//368 781//368
f 780//369 781//369 782//369
f 782//369 781//369 783//369
f 782//370 783//370 784//370
f 784//370 783//370 785//370
f 784//371 785//371 732//371
f 732//371 785//371 786//371
f 732//321 786//321 739//321
f 734//77 736//77 787//77
f 734//77 787//77 732//77
f 732//77 787//77 788//77
f 732//77 788//77 784//77
f 784//77 788//77 789//77
f 784//77 789//77 782//77
f 782//77 789//77 790//77
f 782//77 790//77 780//77
f 780//77 790//77 791//77
f 780//77 791//77 770//77
f 770//77 791//77 792//77
f 770//77 792//77 772//77
f 772//77 792//77 793//77
f 772//77 793//77 774//77
f 794//372 197//372 199//372
f 255//373 795//373 793//373
f 793//374 792//374 255//374
f 255//375 792//375 718//375
f 255//375 718//375 691//375
f 257//376 796//376 255//376
f 255//377 796//377 797//377
f 255//378 797//378 795//378
f 715//379 721//379 791//379
f 791//380 721//380 720//380
f 791//381 720//381 792//381
f 792//382 720//382 719//382
f 792//383 719//383 718//383
f 715//384 791//384 716//384
f 716//385 791//385 790//385
f 716//386 790//386 717//386
f 717//387 790//387 789//387
f 717//388 789//388 713//388
f 205//389 788//389 787//389
f 787//390 798//390 205//390
f 205//391 798//391 799//391
f 205//392 799//392 259//392
f 259//393 799//393 800//393
f 259//394 800//394 260//394
f 713//395 789//395 714//395
f 714//396 789//396 788//396
f 714//397 788//397 703//397
f 703//398 788//398 205//398
f 703//399 205//399 204//399
f 260//400 800//400 261//400
f 261//401 800//401 801//401
f 261//402 801//402 263//402
f 199//403 201//403 265//403
f 801//404 794//404 263//404
f 263//405 794//405 199//405
f 263//406 199//406 264//406
f 264//407 199//407 265//407
f 191//408 269//408 189//408
f 189//409 269//409 268//409
f 189//410 268//410 201//410
f 201//411 268//411 266//411
f 201//412 266//412 265//412
f 195//413 253//413 193//413
f 193//414 253//414 251//414
f 193//415 251//415 191//415
f 191//416 251//416 250//416
f 191//417 250//417 269//417
f 195//418 802//418 253//418
f 253//419 802//419 803//419
f 253//420 803//420 254//420
f 254//421 803//421 796//421
f 254//422 796//422 258//422
f 258//423 796//423 257//423
f 798//424 787//424 736//424
f 799//425 798//425 553//425
f 553//424 798//424 736//424
f 553//426 736//426 554//426
f 799//427 553//427 800//427
f 800//428 553//428 552//428
f 800//429 552//429 801//429
f 801//430 552//430 551//430
f 801//431 551//431 794//431
f 197//432 794//432 198//432
f 198//432 794//432 551//432
f 198//433 551//433 746//433
f 746//434 551//434 550//434
f 746//435 550//435 745//435
f 745//436 550//436 549//436
f 745//437 549//437 747//437
f 747//438 549//438 748//438
f 748//439 549//439 559//439
f 748//440 559//440 750//440
f 750//441 559//441 558//441
f 750//441 558//441 751//441
f 556//442 741//442 560//442
f 560//443 741//443 740//443
f 560//444 740//444 557//444
f 557//445 740//445 738//445
f 557//446 738//446 558//446
f 558//447 738//447 752//447
f 558//448 752//448 751//448
f 555//449 743//449 556//449
f 556//450 743//450 742//450
f 556//442 742//442 741//442
f 736//451 735//451 554//451
f 554//452 735//452 733//452
f 554//453 733//453 555//453
f 555//454 733//454 744//454
f 555//455 744//455 743//455
f 802//432 195//432 196//432
f 803//456 802//456 593//456
f 593//432 802//432 196//432
f 593//457 196//457 592//457
f 803//458 593//458 796//458
f 796//459 593//459 588//459
f 796//460 588//460 797//460
f 797//461 588//461 587//461
f 797//462 587//462 795//462
f 793//424 795//424 774//424
f 774//424 795//424 587//424
f 774//463 587//463 773//463
f 773//464 587//464 600//464
f 773//465 600//465 771//465
f 771//466 600//466 599//466
f 771//454 599//454 769//454
f 769//455 599//455 763//455
f 763//467 599//467 598//467
f 763//450 598//450 765//450
f 765//442 598//442 597//442
f 765//442 597//442 766//442
f 594//441 756//441 595//441
f 595//448 756//448 754//448
f 595//468 754//468 596//468
f 596//469 754//469 768//469
f 596//470 768//470 597//470
f 597//471 768//471 767//471
f 597//472 767//472 766//472
f 591//473 758//473 594//473
f 594//474 758//474 757//474
f 594//441 757//441 756//441
f 196//475 761//475 592//475
f 592//476 761//476 760//476
f 592//477 760//477 591//477
f 591//478 760//478 759//478
f 591//479 759//479 758//479
f 726//480 180//480 181//480
f 727//481 726//481 612//481
f 612//480 726//480 181//480
f 612//482 181//482 613//482
f 727//483 612//483 728//483
f 728//484 612//484 608//484
f 728//485 608//485 729//485
f 729//486 608//486 607//486
f 729//487 607//487 722//487
f 690//488 722//488 650//488
f 650//488 722//488 607//488
f 650//489 607//489 649//489
f 649//490 607//490 604//490
f 649//491 604//491 647//491
f 647//492 604//492 605//492
f 647//493 605//493 645//493
f 645//494 605//494 639//494
f 639//495 605//495 606//495
f 639//496 606//496 641//496
f 641//497 606//497 611//497
f 641//497 611//497 642//497
f 603//498 632//498 602//498
f 602//499 632//499 630//499
f 602//500 630//500 601//500
f 601//501 630//501 644//501
f 601//502 644//502 611//502
f 611//503 644//503 643//503
f 611//504 643//504 642//504
f 614//505 634//505 603//505
f 603//506 634//506 633//506
f 603//498 633//498 632//498
f 181//507 637//507 613//507
f 613//508 637//508 636//508
f 613//509 636//509 614//509
f 614//510 636//510 635//510
f 614//511 635//511 634//511
f 183//512 626//512 665//512
f 665//513 626//513 623//513
f 665//514 623//514 664//514
f 664//515 623//515 624//515
f 664//516 624//516 666//516
f 666//517 624//517 667//517
f 667//518 624//518 625//518
f 667//519 625//519 669//519
f 669//498 625//498 622//498
f 669//498 622//498 670//498
f 619//497 660//497 620//497
f 620//520 660//520 659//520
f 620//521 659//521 621//521
f 621//522 659//522 657//522
f 621//523 657//523 622//523
f 622//524 657//524 671//524
f 622//499 671//499 670//499
f 617//525 662//525 619//525
f 619//496 662//496 661//496
f 619//497 661//497 660//497
f 618//526 652//526 617//526
f 617//493 652//493 663//493
f 617//494 663//494 662//494
f 730//488 684//488 655//488
f 731//527 730//527 628//527
f 628//488 730//488 655//488
f 628//528 655//528 618//528
f 618//529 655//529 654//529
f 618//530 654//530 652//530
f 731//531 628//531 724//531
f 724//532 628//532 627//532
f 724//533 627//533 725//533
f 725//534 627//534 626//534
f 725//535 626//535 723//535
f 723//480 626//480 183//480
f 723//480 183//480 182//480
f 343//536 524//536 352//536
f 352//536 524//536 522//536
f 352//537 522//537 353//537
f 353//537 522//537 544//537
f 353//538 544//538 355//538
f 355//538 544//538 543//538
f 355//539 543//539 357//539
f 357//539 543//539 541//539
f 357//540 541//540 334//540
f 334//540 541//540 539//540
f 334//541 539//541 335//541
f 335//541 539//541 546//541
f 335//542 546//542 348//542
f 348//542 546//542 545//542
f 348//543 545//543 346//543
f 346//543 545//543 533//543
f 346//544 533//544 339//544
f 339//544 533//544 531//544
f 339//545 531//545 340//545
f 340//545 531//545 528//545
f 340//546 528//546 351//546
f 351//546 528//546 526//546
f 351//547 526//547 343//547
f 343//547 526//547 524//547
f 375//548 433//548 373//548
f 373//548 433//548 431//548
f 373//549 431//549 371//549
f 371//549 431//549 456//549
f 371//538 456//538 370//538
f 370//538 456//538 457//538
f 370//539 457//539 388//539
f 388//539 457//539 450//539
f 388//550 450//550 386//550
f 386//550 450//550 448//550
f 386//551 448//551 364//551
f 364//551 448//551 447//551
f 364//552 447//552 365//552
f 365//552 447//552 442//552
f 365//553 442//553 393//553
f 393//553 442//553 440//553
f 393//544 440//544 391//544
f 391//544 440//544 438//544
f 391//545 438//545 379//545
f 379//545 438//545 436//545
f 379//554 436//554 377//554
f 377//554 436//554 435//554
f 377//555 435//555 375//555
f 375//555 435//555 433//555
f 405//548 471//548 421//548
f 421//548 471//548 470//548
f 421//537 470//537 419//537
f 419//537 470//537 462//537
f 419//556 462//556 417//556
f 417//556 462//556 459//556
f 417//557 459//557 416//557
f 416//557 459//557 458//557
f 416//558 458//558 400//558
f 400//558 458//558 483//558
f 400//551 483//551 401//551
f 401//551 483//551 485//551
f 401//552 485//552 408//552
f 408//552 485//552 487//552
f 408//543 487//543 409//543
f 409//543 487//543 488//543
f 409//559 488//559 411//559
f 411//559 488//559 477//559
f 411//560 477//560 413//560
f 413//560 477//560 475//560
f 413//561 475//561 404//561
f 404//561 475//561 472//561
f 404//555 472//555 405//555
f 405//555 472//555 471//555
f 303//536 498//536 304//536
f 304//536 498//536 497//536
f 304//562 497//562 316//562
f 316//562 497//562 500//562
f 316//556 500//556 302//556
f 302//556 500//556 502//556
f 302//557 502//557 326//557
f 326//557 502//557 504//557
f 326//550 504//550 325//550
f 325//550 504//550 506//550
f 325//541 506//541 323//541
f 323//541 506//541 507//541
f 323//542 507//542 321//542
f 321//542 507//542 509//542
f 321//563 509//563 319//563
f 319//563 509//563 511//563
f 319//559 511//559 310//559
f 310//559 511//559 510//559
f 310//560 510//560 312//560
f 312//560 510//560 492//560
f 312//554 492//554 314//554
f 314//554 492//554 490//554
f 314//547 490//547 303//547
f 303//547 490//547 498//547
f 363//564 525//564 362//564
f 362//564 525//564 527//564
f 362//565 527//565 361//565
f 361//565 527//565 519//565
f 361//566 519//566 330//566
f 330//566 519//566 520//566
f 367//567 427//567 368//567
f 368//567 427//567 453//567
f 368//568 453//568 372//568
f 372//568 453//568 455//568
f 372//569 455//569 374//569
f 374//569 455//569 430//569
f 426//570 484//570 425//570
f 425//570 484//570 482//570
f 425//571 482//571 424//571
f 424//571 482//571 480//571
f 424//572 480//572 396//572
f 396//572 480//572 479//572
f 306//573 514//573 307//573
f 307//573 514//573 515//573
f 307//574 515//574 320//574
f 320//574 515//574 516//574
f 320//575 516//575 322//575
f 322//575 516//575 517//575
f 804//576 805//576 329//576
f 329//576 805//576 327//576
f 805//577 804//577 806//577
f 805//578 806//578 807//578
f 807//579 806//579 808//579
f 807//580 808//580 809//580
f 808//581 148//581 150//581
f 809//582 808//582 616//582
f 616//583 808//583 150//583
f 616//584 150//584 615//584
f 809//76 616//76 807//76
f 807//76 616//76 328//76
f 807//76 328//76 805//76
f 805//76 328//76 327//76
f 810//585 811//585 812//585
f 810//586 812//586 813//586
f 813//587 812//587 814//587
f 813//588 814//588 815//588
f 398//589 399//589 814//589
f 814//589 399//589 815//589
f 160//590 159//590 811//590
f 811//591 810//591 160//591
f 160//592 810//592 609//592
f 160//593 609//593 610//593
f 815//76 399//76 813//76
f 813//76 399//76 397//76
f 813//76 397//76 810//76
f 810//76 397//76 609//76
f 583//594 568//594 816//594
f 816//595 817//595 583//595
f 583//596 817//596 548//596
f 583//584 548//584 547//584
f 817//597 816//597 818//597
f 817//598 818//598 819//598
f 819//599 818//599 820//599
f 819//600 820//600 821//600
f 332//576 333//576 820//576
f 820//576 333//576 821//576
f 821//77 333//77 819//77
f 819//77 333//77 331//77
f 819//77 331//77 817//77
f 817//77 331//77 548//77
f 822//601 823//601 824//601
f 822//602 824//602 825//602
f 825//603 824//603 826//603
f 825//604 826//604 827//604
f 826//605 564//605 570//605
f 827//606 826//606 590//606
f 590//607 826//607 570//607
f 590//593 570//593 589//593
f 823//589 822//589 382//589
f 382//589 822//589 380//589
f 827//77 590//77 825//77
f 825//77 590//77 381//77
f 825//77 381//77 822//77
f 822//77 381//77 380//77
f 571//608 428//608 570//608
f 570//608 428//608 589//608
f 428//609 571//609 429//609
f 429//609 571//609 573//609
f 429//609 573//609 529//609
f 529//610 573//610 547//610
f 547//610 573//610 583//610
f 561//611 823//611 383//611
f 383//612 823//612 382//612
f 564//613 826//613 580//613
f 580//614 826//614 824//614
f 580//615 824//615 561//615
f 561//616 824//616 823//616
f 820//617 565//617 332//617
f 332//618 565//618 360//618
f 565//619 820//619 566//619
f 566//620 820//620 818//620
f 566//621 818//621 568//621
f 568//622 818//622 816//622
f 785//623 577//623 786//623
f 786//624 577//624 576//624
f 786//625 576//625 739//625
f 739//626 576//626 567//626
f 739//627 567//627 737//627
f 737//628 567//628 569//628
f 737//629 569//629 749//629
f 749//630 569//630 575//630
f 749//631 575//631 775//631
f 775//632 575//632 574//632
f 775//633 574//633 776//633
f 776//634 574//634 586//634
f 776//635 586//635 828//635
f 828//636 586//636 829//636
f 828//637 829//637 778//637
f 778//638 829//638 584//638
f 778//639 584//639 779//639
f 779//640 584//640 572//640
f 779//641 572//641 755//641
f 755//642 572//642 563//642
f 755//643 563//643 753//643
f 753//644 563//644 562//644
f 753//645 562//645 764//645
f 764//646 562//646 582//646
f 764//647 582//647 762//647
f 762//648 582//648 581//648
f 762//649 581//649 781//649
f 781//650 581//650 579//650
f 781//651 579//651 783//651
f 783//652 579//652 578//652
f 783//653 578//653 785//653
f 785//654 578//654 577//654
f 149//655 513//655 150//655
f 150//655 513//655 615//655
f 513//656 149//656 468//656
f 468//656 149//656 157//656
f 468//656 157//656 469//656
f 469//657 157//657 610//657
f 610//657 157//657 160//657
f 145//658 804//658 151//658
f 151//659 804//659 329//659
f 148//660 808//660 147//660
f 147//661 808//661 806//661
f 147//662 806//662 145//662
f 145//663 806//663 804//663
f 814//664 146//664 398//664
f 398//665 146//665 153//665
f 146//666 814//666 168//666
f 168//667 814//667 812//667
f 168//668 812//668 159//668
f 159//669 812//669 811//669
f 682//670 155//670 683//670
f 683//671 155//671 154//671
f 683//672 154//672 658//672
f 658//673 154//673 165//673
f 658//674 165//674 656//674
f 656//675 165//675 164//675
f 656//676 164//676 668//676
f 668//677 164//677 163//677
f 668//678 163//678 672//678
f 672//679 163//679 173//679
f 672//680 173//680 673//680
f 673//681 173//681 172//681
f 673//682 172//682 674//682
f 674//683 172//683 171//683
f 674//684 171//684 675//684
f 675//685 171//685 170//685
f 675//686 170//686 676//686
f 676//687 170//687 169//687
f 676//688 169//688 631//688
f 631//689 169//689 167//689
f 631//690 167//690 629//690
f 629//691 167//691 166//691
f 629//692 166//692 640//692
f 640//693 166//693 161//693
f 640//694 161//694 638//694
f 638//695 161//695 162//695
f 638//696 162//696 678//696
f 678//697 162//697 158//697
f 678//698 158//698 680//698
f 680//699 158//699 156//699
f 680//700 156//700 682//700
f 682//701 156//701 155//701
f 274//702 535//702 275//702
f 275//703 535//703 496//703
f 275//704 496//704 276//704
f 276//705 496//705 495//705
f 276//706 495//706 277//706
f 277//707 495//707 489//707
f 277//708 489//708 278//708
f 278//709 489//709 491//709
f 278//710 491//710 279//710
f 279//711 491//711 493//711
f 279//712 493//712 232//712
f 232//713 493//713 512//713
f 232//714 512//714 247//714
f 247//715 512//715 467//715
f 247//716 467//716 242//716
f 242//717 467//717 481//717
f 242//718 481//718 281//718
f 281//719 481//719 460//719
f 281//720 460//720 283//720
f 283//721 460//721 461//721
f 283//722 461//722 285//722
f 285//723 461//723 463//723
f 285//724 463//724 287//724
f 287//725 463//725 466//725
f 287//726 466//726 289//726
f 289//727 466//727 465//727
f 289//728 465//728 291//728
f 465//729 464//729 291//729
f 291//730 464//730 444//730
f 291//731 444//731 293//731
f 293//732 444//732 445//732
f 293//733 445//733 295//733
f 295//734 445//734 446//734
f 295//735 446//735 297//735
f 297//736 446//736 449//736
f 297//737 449//737 299//737
f 299//738 449//738 451//738
f 299//739 451//739 252//739
f 252//740 451//740 454//740
f 252//741 454//741 267//741
f 267//742 454//742 452//742
f 267//743 452//743 262//743
f 262//744 452//744 518//744
f 262//745 518//745 270//745
f 270//746 518//746 530//746
f 270//747 530//747 271//747
f 271//748 530//748 532//748
f 271//749 532//749 272//749
f 272//750 532//750 534//750
f 272//751 534//751 273//751
f 273//752 534//752 537//752
f 273//753 537//753 274//753
f 274//754 537//754 536//754
f 274//755 536//755 535//755
f 830//756 831//756 832//756
f 830//756 832//756 833//756
f 834//756 835//756 832//756
f 832//756 835//756 836//756
f 832//756 836//756 833//756
f 837//756 838//756 832//756
f 832//756 838//756 839//756
f 832//756 839//756 834//756
f 840//756 841//756 832//756
f 832//756 841//756 842//756
f 832//756 842//756 837//756
f 843//756 844//756 832//756
f 832//756 844//756 845//756
f 832//756 845//756 840//756
f 846//756 847//756 832//756
f 832//756 847//756 848//756
f 832//756 848//756 843//756
f 831//756 849//756 832//756
f 832//756 849//756 850//756
f 832//756 850//756 846//756
f 851//757 833//757 852//757
f 852//758 833//758 836//758
f 852//758 836//758 853//758
f 853//759 836//759 835//759
f 853//759 835//759 854//759
f 854//760 835//760 834//760
f 854//760 834//760 855//760
f 855//761 834//761 839//761
f 855//761 839//761 856//761
f 856//762 839//762 838//762
f 856//762 838//762 857//762
f 857//763 838//763 837//763
f 857//763 837//763 858//763
f 858//764 837//764 842//764
f 858//764 842//764 859//764
f 859//765 842//765 841//765
f 859//765 841//765 860//765
f 860//766 841//766 840//766
f 860//766 840//766 861//766
f 861//767 840//767 845//767
f 861//767 845//767 862//767
f 862//768 845//768 844//768
f 862//768 844//768 863//768
f 863//769 844//769 843//769
f 863//769 843//769 864//769
f 864//770 843//770 848//770
f 864//770 848//770 865//770
f 865//771 848//771 847//771
f 865//771 847//771 866//771
f 866//772 847//772 846//772
f 866//772 846//772 867//772
f 867//773 846//773 850//773
f 867//773 850//773 868//773
f 868//774 850//774 849//774
f 868//774 849//774 869//774
f 869//775 849//775 831//775
f 869//775 831//775 870//775
f 870//776 831//776 830//776
f 870//776 830//776 851//776
f 851//757 830//757 833//757
f 866//756 871//756 865//756
f 865//756 871//756 872//756
f 865//756 872//756 864//756
f 864//756 872//756 873//756
f 864//756 873//756 863//756
f 863//756 873//756 874//756
f 863//756 874//756 862//756
f 862//756 874//756 875//756
f 862//756 875//756 861//756
f 861//756 875//756 876//756
f 861//756 876//756 860//756
f 860//756 876//756 877//756
f 860//756 877//756 859//756
f 859//756 877//756 878//756
f 859//756 878//756 858//756
f 858//756 878//756 879//756
f 858//756 879//756 857//756
f 857//756 879//756 880//756
f 857//756 880//756 856//756
f 880//756 881//756 856//756
f 856//756 881//756 882//756
f 856//756 882//756 855//756
f 855//756 882//756 883//756
f 855//756 883//756 854//756
f 854//756 883//756 884//756
f 854//756 884//756 853//756
f 853//756 884//756 885//756
f 853//756 885//756 852//756
f 852//756 885//756 886//756
f 852//756 886//756 851//756
f 851//756 886//756 887//756
f 851//756 887//756 870//756
f 870//756 887//756 888//756
f 870//756 888//756 869//756
f 869//756 888//756 889//756
f 869//756 889//756 868//756
f 868//756 889//756 890//756
f 868//756 890//756 867//756
f 867//756 890//756 891//756
f 867//756 891//756 866//756
f 866//756 891//756 892//756
f 866//756 892//756 871//756
f 893//777 886//777 894//777
f 894//778 886//778 885//778
f 894//778 885//778 895//778
f 895//779 885//779 884//779
f 895//779 884//779 896//779
f 896//780 884//780 883//780
f 896//780 883//780 897//780
f 897//781 883//781 882//781
f 897//781 882//781 898//781
f 898//782 882//782 881//782
f 898//782 881//782 899//782
f 899//783 881//783 880//783
f 899//783 880//783 900//783
f 900//784 880//784 879//784
f 900//784 879//784 901//784
f 901//785 879//785 878//785
f 901//785 878//785 902//785
f 902//786 878//786 877//786
f 902//786 877//786 903//786
f 903//787 877//787 876//787
f 903//787 876//787 904//787
f 904//788 876//788 875//788
f 904//788 875//788 905//788
f 905//789 875//789 874//789
f 905//789 874//789 906//789
f 906//790 874//790 873//790
f 906//790 873//790 907//790
f 907//791 873//791 872//791
f 907//791 872//791 908//791
f 908//792 872//792 871//792
f 908//792 871//792 909//792
f 909//793 871//793 892//793
f 909//793 892//793 910//793
f 910//794 892//794 891//794
f 910//794 891//794 911//794
f 911//795 891//795 890//795
f 911//795 890//795 912//795
f 912//796 890//796 889//796
f 912//796 889//796 913//796
f 913//797 889//797 888//797
f 913//797 888//797 914//797
f 914//798 888//798 887//798
f 914//798 887//798 893//798
f 893//777 887//777 886//777
f 908//756 915//756 907//756
f 907//756 915//756 916//756
f 907//756 916//756 906//756
f 906//756 916//756 917//756
f 906//756 917//756 905//756
f 911//756 918//756 910//756
f 910//756 918//756 919//756
f 910//756 919//756 909//756
f 909//756 919//756 920//756
f 909//756 920//756 908//756
f 908//756 920//756 921//756
f 908//756 921//756 915//756
f 914//756 922//756 913//756
f 913//756 922//756 923//756
f 913//756 923//756 912//756
f 912//756 923//756 924//756
f 912//756 924//756 911//756
f 911//756 924//756 925//756
f 911//756 925//756 918//756
f 917//756 926//756 905//756
f 905//756 926//756 927//756
f 905//756 927//756 904//756
f 904//756 927//756 928//756
f 904//756 928//756 903//756
f 903//756 928//756 929//756
f 903//756 929//756 902//756
f 902//756 929//756 930//756
f 902//756 930//756 901//756
f 895//756 931//756 894//756
f 894//756 931//756 932//756
f 894//756 932//756 893//756
f 893//756 932//756 933//756
f 893//756 933//756 914//756
f 914//756 933//756 934//756
f 914//756 934//756 922//756
f 930//756 935//756 901//756
f 901//756 935//756 936//756
f 901//756 936//756 900//756
f 900//756 936//756 937//756
f 900//756 937//756 899//756
f 899//756 937//756 938//756
f 899//756 938//756 898//756
f 938//756 939//756 898//756
f 898//756 939//756 940//756
f 898//756 940//756 897//756
f 897//756 940//756 941//756
f 897//756 941//756 896//756
f 896//756 941//756 942//756
f 896//756 942//756 895//756
f 895//756 942//756 943//756
f 895//756 943//756 931//756
f 944//799 932//799 945//799
f 945//800 932//800 931//800
f 945//800 931//800 946//800
f 946//801 931//801 943//801
f 946//801 943//801 947//801
f 947//802 943//802 942//802
f 947//802 942//802 948//802
f 948//803 942//803 941//803
f 948//803 941//803 949//803
f 949//804 941//804 940//804
f 949//804 940//804 950//804
f 950//805 940//805 939//805
f 950//805 939//805 951//805
f 951//806 939//806 938//806
f 951//806 938//806 952//806
f 952//807 938//807 937//807
f 952//807 937//807 953//807
f 953//808 937//808 936//808
f 953//808 936//808 954//808
f 954//809 936//809 935//809
f 954//809 935//809 955//809
f 955//810 935//810 930//810
f 955//810 930//810 956//810
f 956//811 930//811 929//811
f 956//811 929//811 957//811
f 957//812 929//812 928//812
f 957//812 928//812 958//812
f 958//813 928//813 927//813
f 958//813 927//813 959//813
f 959//814 927//814 926//814
f 959//814 926//814 960//814
f 960//815 926//815 917//815
f 960//815 917//815 961//815
f 961//816 917//816 916//816
f 961//816 916//816 962//816
f 962//817 916//817 915//817
f 962//817 915//817 963//817
f 963//818 915//818 921//818
f 963//818 921//818 964//818
f 964//819 921//819 920//819
f 964//819 920//819 965//819
f 965//820 920//820 919//820
f 965//820 919//820 966//820
f 966//821 919//821 918//821
f 966//821 918//821 967//821
f 967//822 918//822 925//822
f 967//822 925//822 968//822
f 968//823 925//823 924//823
f 968//823 924//823 969//823
f 969//824 924//824 923//824
f 969//824 923//824 970//824
f 970//825 923//825 922//825
f 970//825 922//825 971//825
f 971//826 922//826 934//826
f 971//826 934//826 972//826
f 972//827 934//827 933//827
f 972//827 933//827 944//827
f 944//799 933//799 932//799
f 944//828 945//828 973//828
f 944//828 973//828 972//828
f 969//828 970//828 973//828
f 973//828 970//828 971//828
f 973//828 971//828 972//828
f 966//828 967//828 973//828
f 973//828 967//828 968//828
f 973//828 968//828 969//828
f 963//828 964//828 973//828
f 973//828 964//828 965//828
f 973//828 965//828 966//828
f 960//828 961//828 973//828
f 973//828 961//828 962//828
f 973//828 962//828 963//828
f 957//828 958//828 973//828
f 973//828 958//828 959//828
f 973//828 959//828 960//828
f 954//828 955//828 973//828
f 973//828 955//828 956//828
f 973//828 956//828 957//828
f 951//828 952//828 973//828
f 973//828 952//828 953//828
f 973//828 953//828 954//828
f 948//828 949//828 973//828
f 973//828 949//828 950//828
f 973//828 950//828 951//828
f 945//828 946//828 973//828
f 973//828 946//828 947//828
f 973//828 947//828 948//828
f 974//829 975//829 976//829
f 976//829 975//829 977//829
f 978//829 979//829 980//829
f 980//829 979//829 981//829
f 980//829 981//829 982//829
f 978//829 983//829 979//829
f 979//829 983//829 984//829
f 979//829 984//829 985//829
f 985//829 984//829 986//829
f 985//829 986//829 987//829
f 987//829 986//829 988//829
f 987//829 988//829 989//829
f 989//829 988//829 990//829
f 989//829 990//829 991//829
f 991//829 990//829 992//829
f 991//829 992//829 993//829
f 993//829 992//829 994//829
f 993//829 994//829 995//829
f 995//829 994//829 996//829
f 995//829 996//829 975//829
f 975//829 996//829 997//829
f 975//829 997//829 977//829
f 998//829 999//829 974//829
f 974//829 999//829 1000//829
f 974//829 1000//829 1001//829
f 1001//829 1000//829 1002//829
f 1001//829 1002//829 1003//829
f 1003//829 1002//829 1004//829
f 1003//829 1004//829 981//829
f 981//829 1004//829 1005//829
f 981//829 1005//829 982//829
f 1006//829 998//829 1007//829
f 974//829 976//829 998//829
f 998//829 976//829 1008//829
f 998//829 1008//829 1007//829
f 1009//829 1010//829 1011//829
f 1011//829 1010//829 1012//829
f 1011//829 1012//829 1013//829
f 1013//829 1012//829 1014//829
f 1013//829 1014//829 1007//829
f 1007//829 1014//829 1015//829
f 1007//829 1015//829 1006//829
f 1009//829 1016//829 1017//829
f 1018//829 1019//829 1020//829
f 1020//829 1019//829 1021//829
f 1020//829 1021//829 1022//829
f 1022//829 1021//829 1023//829
f 1022//829 1023//829 1024//829
f 1024//829 1023//829 1025//829
f 1024//829 1025//829 1026//829
f 1026//829 1025//829 1008//829
f 1026//829 1008//829 1027//829
f 1027//829 1008//829 976//829
f 1020//829 1028//829 1018//829
f 1018//829 1028//829 1029//829
f 1018//829 1029//829 1030//829
f 1030//829 1029//829 1031//829
f 1030//829 1031//829 1016//829
f 1016//829 1031//829 1032//829
f 1016//829 1032//829 1017//829
f 1033//829 1034//829 1035//829
f 1036//829 1037//829 1038//829
f 1038//829 1037//829 1039//829
f 1038//829 1039//829 1040//829
f 1041//829 1042//829 1043//829
f 1035//829 1034//829 1044//829
f 1043//829 1042//829 1045//829
f 1045//829 1042//829 1046//829
f 1045//829 1046//829 1039//829
f 1039//829 1046//829 1047//829
f 1039//829 1047//829 1040//829
f 1036//829 1048//829 1037//829
f 1037//829 1048//829 1049//829
f 1037//829 1049//829 1050//829
f 1050//829 1049//829 1051//829
f 1050//829 1051//829 1052//829
f 1052//829 1051//829 1053//829
f 1052//829 1053//829 1035//829
f 1035//829 1053//829 1054//829
f 1035//829 1054//829 1033//829
f 1043//829 1055//829 1041//829
f 1041//829 1055//829 1056//829
f 1041//829 1056//829 1057//829
f 1057//829 1056//829 1058//829
f 1057//829 1058//829 1059//829
f 1059//829 1058//829 1060//829
f 1059//829 1060//829 1061//829
f 1061//829 1060//829 1062//829
f 1062//829 1060//829 1044//829
f 1062//829 1044//829 1017//829
f 1017//829 1044//829 1034//829
f 1017//829 1034//829 1009//829
f 1009//829 1034//829 1063//829
f 1009//829 1063//829 1010//829
f 1038//829 1064//829 1036//829
f 1036//829 1064//829 1065//829
f 1036//829 1065//829 1066//829
f 980//829 1067//829 978//829
f 978//829 1067//829 1068//829
f 978//829 1068//829 1069//829
f 980//829 1070//829 1067//829
f 1067//829 1070//829 1071//829
f 1067//829 1071//829 1072//829
f 1072//829 1071//829 1073//829
f 1072//829 1073//829 1074//829
f 1074//829 1073//829 1075//829
f 1074//829 1075//829 1065//829
f 1065//829 1075//829 1076//829
f 1065//829 1076//829 1066//829
f 1038//829 1077//829 1064//829
f 1064//829 1077//829 1078//829
f 1064//829 1078//829 1079//829
f 1079//829 1078//829 1080//829
f 1079//829 1080//829 1081//829
f 1081//829 1080//829 1082//829
f 1081//829 1082//829 1083//829
f 1083//829 1082//829 1084//829
f 1083//829 1084//829 1085//829
f 1085//829 1084//829 1086//829
f 1085//829 1086//829 1087//829
f 1087//829 1086//829 1088//829
f 1087//829 1088//829 1089//829
f 1089//829 1088//829 1090//829
f 1089//829 1090//829 1068//829
f 1068//829 1090//829 1091//829
f 1068//829 1091//829 1069//829
f 1092//830 1093//830 1094//830
f 1095//830 1096//830 1097//830
f 1097//830 1096//830 1098//830
f 1097//830 1098//830 1099//830
f 1099//830 1098//830 1100//830
f 1099//830 1100//830 1101//830
f 1101//830 1100//830 1102//830
f 1101//830 1102//830 1103//830
f 1103//830 1102//830 1104//830
f 1103//830 1104//830 1094//830
f 1094//830 1104//830 1105//830
f 1094//830 1105//830 1092//830
f 1092//830 1105//830 1106//830
f 1092//830 1106//830 1107//830
f 1092//830 1108//830 1093//830
f 1093//830 1108//830 1109//830
f 1093//830 1109//830 1110//830
f 1110//830 1109//830 1111//830
f 1110//830 1111//830 1112//830
f 1112//830 1111//830 1113//830
f 1112//830 1113//830 1114//830
f 1114//830 1113//830 1115//830
f 1114//830 1115//830 1116//830
f 1116//830 1115//830 1117//830
f 1116//830 1117//830 1118//830
f 1118//830 1117//830 1119//830
f 1118//830 1119//830 1120//830
f 1120//830 1119//830 1121//830
f 1120//830 1121//830 1097//830
f 1097//830 1121//830 1122//830
f 1097//830 1122//830 1095//830
f 1123//830 1124//830 1125//830
f 1125//830 1124//830 1126//830
f 1125//830 1126//830 1127//830
f 1127//830 1126//830 1128//830
f 1127//830 1128//830 1129//830
f 1107//830 1130//830 1092//830
f 1092//830 1130//830 1131//830
f 1092//830 1131//830 1132//830
f 1133//830 1134//830 1135//830
f 1135//830 1134//830 1136//830
f 1135//830 1136//830 1123//830
f 1123//830 1136//830 1137//830
f 1123//830 1137//830 1124//830
f 1129//830 1128//830 1138//830
f 1138//830 1128//830 1139//830
f 1138//830 1139//830 1140//830
f 1140//830 1139//830 1141//830
f 1140//830 1141//830 1142//830
f 1142//830 1141//830 1143//830
f 1142//830 1143//830 1144//830
f 1145//830 1134//830 1146//830
f 1146//830 1134//830 1133//830
f 1146//830 1133//830 1147//830
f 1147//830 1133//830 1148//830
f 1147//830 1148//830 1149//830
f 1149//830 1148//830 1150//830
f 1149//830 1150//830 1151//830
f 1151//830 1150//830 1152//830
f 1151//830 1152//830 1132//830
f 1132//830 1152//830 1142//830
f 1132//830 1142//830 1092//830
f 1092//830 1142//830 1144//830
f 1153//830 1154//830 1155//830
f 1155//830 1154//830 1156//830
f 1155//830 1156//830 1157//830
f 1157//830 1156//830 1158//830
f 1157//830 1158//830 1159//830
f 1145//830 1160//830 1134//830
f 1134//830 1160//830 1161//830
f 1134//830 1161//830 1162//830
f 1163//830 1164//830 1165//830
f 1165//830 1164//830 1166//830
f 1165//830 1166//830 1167//830
f 1167//830 1166//830 1168//830
f 1167//830 1168//830 1169//830
f 1169//830 1168//830 1170//830
f 1169//830 1170//830 1134//830
f 1159//830 1158//830 1171//830
f 1171//830 1158//830 1172//830
f 1171//830 1172//830 1173//830
f 1173//830 1172//830 1174//830
f 1173//830 1174//830 1175//830
f 1153//830 1169//830 1154//830
f 1154//830 1169//830 1134//830
f 1154//830 1134//830 1176//830
f 1176//830 1134//830 1162//830
f 1165//830 1177//830 1163//830
f 1163//830 1177//830 1178//830
f 1163//830 1178//830 1179//830
f 1179//830 1178//830 1180//830
f 1179//830 1180//830 1181//830
f 1181//830 1180//830 1182//830
f 1181//830 1182//830 1183//830
f 1183//830 1182//830 1171//830
f 1183//830 1171//830 1184//830
f 1184//830 1171//830 1173//830
f 1185//830 1186//830 1187//830
f 1096//830 1188//830 1189//830
f 1175//830 1190//830 1173//830
f 1173//830 1190//830 1191//830
f 1173//830 1191//830 1192//830
f 1193//830 1194//830 1096//830
f 1096//830 1194//830 1195//830
f 1096//830 1195//830 1098//830
f 1192//830 1185//830 1173//830
f 1173//830 1185//830 1187//830
f 1173//830 1187//830 1196//830
f 1186//830 1185//830 1197//830
f 1197//830 1185//830 1198//830
f 1197//830 1198//830 1199//830
f 1199//830 1198//830 1200//830
f 1199//830 1200//830 1189//830
f 1189//830 1200//830 1201//830
f 1189//830 1201//830 1096//830
f 1096//830 1201//830 1202//830
f 1096//830 1202//830 1193//830
f 1096//830 1203//830 1188//830
f 1188//830 1203//830 1204//830
f 1188//830 1204//830 1205//830
f 1205//830 1204//830 1206//830
f 1205//830 1206//830 1207//830
f 1207//830 1206//830 1208//830
f 1207//830 1208//830 1209//830
f 1209//830 1208//830 1210//830
f 1209//830 1210//830 1211//830
f 1211//830 1210//830 1212//830
f 1211//830 1212//830 1213//830
f 1213//830 1212//830 1214//830
f 1213//830 1214//830 1215//830
f 1215//830 1214//830 1216//830
f 1215//830 1216//830 1187//830
f 1187//830 1216//830 1217//830
f 1187//830 1217//830 1196//830
f 1077//831 1038//831 1173//831
f 1173//832 1038//832 1184//832
f 1173//831 1196//831 1077//831
f 1077//833 1196//833 1217//833
f 1077//833 1217//833 1078//833
f 1078//834 1217//834 1216//834
f 1078//834 1216//834 1080//834
f 1080//835 1216//835 1214//835
f 1080//835 1214//835 1082//835
f 1082//836 1214//836 1212//836
f 1082//836 1212//836 1084//836
f 1084//837 1212//837 1210//837
f 1084//837 1210//837 1086//837
f 1086//838 1210//838 1208//838
f 1086//838 1208//838 1088//838
f 1088//839 1208//839 1206//839
f 1088//839 1206//839 1090//839
f 1090//840 1206//840 1204//840
f 1090//840 1204//840 1091//840
f 1091//841 1204//841 1203//841
f 1091//841 1203//841 1069//841
f 1069//842 1203//842 1218//842
f 1218//843 1203//843 1219//843
f 1218//844 1219//844 983//844
f 1219//845 1095//845 983//845
f 983//846 1095//846 1122//846
f 983//846 1122//846 984//846
f 984//847 1122//847 1121//847
f 984//847 1121//847 986//847
f 986//848 1121//848 1119//848
f 986//848 1119//848 988//848
f 988//849 1119//849 1117//849
f 988//849 1117//849 990//849
f 990//850 1117//850 1115//850
f 990//850 1115//850 992//850
f 992//851 1115//851 1113//851
f 992//851 1113//851 994//851
f 994//852 1113//852 1111//852
f 994//852 1111//852 996//852
f 996//853 1111//853 1109//853
f 996//853 1109//853 997//853
f 997//854 1109//854 1108//854
f 997//854 1108//854 977//854
f 977//855 1108//855 976//855
f 976//855 1108//855 1092//855
f 976//856 1092//856 1027//856
f 1038//832 1040//832 1184//832
f 1184//857 1040//857 1047//857
f 1184//857 1047//857 1183//857
f 1183//858 1047//858 1046//858
f 1183//858 1046//858 1181//858
f 1181//859 1046//859 1042//859
f 1181//859 1042//859 1179//859
f 1179//860 1042//860 1041//860
f 1179//860 1041//860 1163//860
f 1163//861 1041//861 1057//861
f 1163//861 1057//861 1164//861
f 1164//862 1057//862 1059//862
f 1164//862 1059//862 1166//862
f 1166//863 1059//863 1061//863
f 1166//863 1061//863 1168//863
f 1168//864 1061//864 1062//864
f 1168//864 1062//864 1170//864
f 1170//865 1062//865 1017//865
f 1170//865 1017//865 1134//865
f 1134//866 1017//866 1032//866
f 1134//866 1032//866 1136//866
f 1136//867 1032//867 1031//867
f 1136//867 1031//867 1137//867
f 1137//868 1031//868 1029//868
f 1137//868 1029//868 1124//868
f 1124//869 1029//869 1028//869
f 1124//869 1028//869 1126//869
f 1126//870 1028//870 1020//870
f 1126//870 1020//870 1128//870
f 1128//871 1020//871 1022//871
f 1128//871 1022//871 1139//871
f 1139//872 1022//872 1024//872
f 1139//872 1024//872 1141//872
f 1141//873 1024//873 1026//873
f 1141//873 1026//873 1143//873
f 1143//874 1026//874 1027//874
f 1143//874 1027//874 1144//874
f 1144//856 1027//856 1092//856
f 1220//875 1063//875 1034//875
f 1220//876 1221//876 1063//876
f 1063//877 1221//877 1222//877
f 1063//878 1222//878 1010//878
f 1010//879 1222//879 1223//879
f 1010//880 1223//880 1012//880
f 1012//881 1223//881 1224//881
f 1224//882 1225//882 1012//882
f 1012//883 1225//883 1226//883
f 1012//884 1226//884 1014//884
f 1227//885 1015//885 1228//885
f 1228//886 1015//886 1014//886
f 1228//887 1014//887 1229//887
f 1229//888 1014//888 1226//888
f 1227//889 1230//889 1015//889
f 1015//890 1230//890 1231//890
f 1015//891 1231//891 1006//891
f 1231//892 1232//892 1006//892
f 1006//893 1232//893 1233//893
f 1006//894 1233//894 998//894
f 998//895 1233//895 1234//895
f 998//896 1234//896 999//896
f 999//897 1234//897 1235//897
f 1235//898 1236//898 999//898
f 999//899 1236//899 1237//899
f 999//900 1237//900 1000//900
f 1237//901 1238//901 1000//901
f 1000//902 1238//902 1239//902
f 1000//903 1239//903 1002//903
f 1240//904 1004//904 1241//904
f 1241//905 1004//905 1002//905
f 1241//906 1002//906 1242//906
f 1242//907 1002//907 1239//907
f 1240//908 1243//908 1004//908
f 1004//909 1243//909 1244//909
f 1004//910 1244//910 1005//910
f 1244//911 1245//911 1005//911
f 1005//912 1245//912 1246//912
f 1005//913 1246//913 982//913
f 982//914 1246//914 1247//914
f 982//915 1247//915 980//915
f 980//916 1247//916 1248//916
f 1248//917 1249//917 980//917
f 980//918 1249//918 1250//918
f 980//919 1250//919 1070//919
f 1251//920 1071//920 1252//920
f 1252//921 1071//921 1070//921
f 1252//922 1070//922 1253//922
f 1253//923 1070//923 1250//923
f 1251//924 1254//924 1071//924
f 1071//925 1254//925 1255//925
f 1071//926 1255//926 1073//926
f 1255//927 1256//927 1073//927
f 1073//928 1256//928 1257//928
f 1073//929 1257//929 1075//929
f 1257//930 1258//930 1075//930
f 1075//931 1258//931 1259//931
f 1075//932 1259//932 1076//932
f 1076//933 1259//933 1260//933
f 1076//934 1260//934 1066//934
f 1066//935 1260//935 1261//935
f 1261//936 1262//936 1066//936
f 1066//937 1262//937 1263//937
f 1066//938 1263//938 1036//938
f 1264//939 1048//939 1265//939
f 1265//940 1048//940 1036//940
f 1265//941 1036//941 1266//941
f 1266//942 1036//942 1263//942
f 1264//943 1267//943 1048//943
f 1048//944 1267//944 1268//944
f 1048//945 1268//945 1049//945
f 1268//946 1269//946 1049//946
f 1049//947 1269//947 1270//947
f 1049//948 1270//948 1051//948
f 1051//949 1270//949 1271//949
f 1051//950 1271//950 1053//950
f 1053//951 1271//951 1272//951
f 1272//952 1273//952 1053//952
f 1053//953 1273//953 1274//953
f 1053//954 1274//954 1054//954
f 1274//955 1275//955 1054//955
f 1054//956 1275//956 1276//956
f 1054//957 1276//957 1033//957
f 1276//958 1277//958 1033//958
f 1033//959 1277//959 1278//959
f 1033//960 1278//960 1034//960
f 1034//961 1278//961 1279//961
f 1034//962 1279//962 1220//962
f 1176//963 1162//963 1277//963
f 1277//964 1276//964 1176//964
f 1176//965 1276//965 1275//965
f 1176//966 1275//966 1154//966
f 1154//967 1275//967 1274//967
f 1154//968 1274//968 1156//968
f 1274//969 1273//969 1156//969
f 1156//970 1273//970 1272//970
f 1156//971 1272//971 1158//971
f 1272//972 1271//972 1158//972
f 1158//973 1271//973 1270//973
f 1158//974 1270//974 1172//974
f 1270//975 1269//975 1172//975
f 1172//976 1269//976 1268//976
f 1172//977 1268//977 1174//977
f 1268//978 1267//978 1174//978
f 1174//979 1267//979 1264//979
f 1174//980 1264//980 1175//980
f 1175//981 1264//981 1265//981
f 1175//982 1265//982 1190//982
f 1190//983 1265//983 1266//983
f 1190//984 1266//984 1191//984
f 1266//985 1263//985 1191//985
f 1191//986 1263//986 1262//986
f 1191//987 1262//987 1192//987
f 1192//988 1262//988 1261//988
f 1192//989 1261//989 1185//989
f 1261//990 1260//990 1185//990
f 1185//991 1260//991 1259//991
f 1185//992 1259//992 1198//992
f 1259//993 1258//993 1198//993
f 1198//994 1258//994 1257//994
f 1198//995 1257//995 1200//995
f 1257//996 1256//996 1200//996
f 1200//997 1256//997 1255//997
f 1200//998 1255//998 1201//998
f 1255//999 1254//999 1201//999
f 1201//1000 1254//1000 1251//1000
f 1201//1001 1251//1001 1202//1001
f 1251//1002 1252//1002 1202//1002
f 1202//1003 1252//1003 1253//1003
f 1202//1004 1253//1004 1193//1004
f 1193//1005 1253//1005 1250//1005
f 1193//1006 1250//1006 1194//1006
f 1194//1007 1250//1007 1249//1007
f 1194//1008 1249//1008 1195//1008
f 1195//1009 1249//1009 1248//1009
f 1195//1010 1248//1010 1098//1010
f 1248//1011 1247//1011 1098//1011
f 1098//1012 1247//1012 1246//1012
f 1098//1013 1246//1013 1100//1013
f 1246//1014 1245//1014 1100//1014
f 1100//1015 1245//1015 1244//1015
f 1100//1016 1244//1016 1102//1016
f 1244//1017 1243//1017 1102//1017
f 1102//1018 1243//1018 1240//1018
f 1102//1019 1240//1019 1104//1019
f 1240//1020 1241//1020 1104//1020
f 1104//1021 1241//1021 1242//1021
f 1104//1022 1242//1022 1105//1022
f 1242//1023 1239//1023 1105//1023
f 1105//1024 1239//1024 1238//1024
f 1105//1025 1238//1025 1106//1025
f 1106//1026 1238//1026 1237//1026
f 1106//1027 1237//1027 1107//1027
f 1237//1028 1236//1028 1107//1028
f 1107//1029 1236//1029 1235//1029
f 1107//1030 1235//1030 1130//1030
f 1130//1031 1235//1031 1234//1031
f 1130//1032 1234//1032 1131//1032
f 1131//1033 1234//1033 1233//1033
f 1131//1034 1233//1034 1132//1034
f 1233//1035 1232//1035 1132//1035
f 1132//1036 1232//1036 1231//1036
f 1132//1037 1231//1037 1151//1037
f 1231//1038 1230//1038 1151//1038
f 1151//1039 1230//1039 1227//1039
f 1151//1040 1227//1040 1149//1040
f 1227//1041 1228//1041 1149//1041
f 1149//1042 1228//1042 1229//1042
f 1149//1043 1229//1043 1147//1043
f 1229//1044 1226//1044 1147//1044
f 1147//1045 1226//1045 1225//1045
f 1147//1046 1225//1046 1146//1046
f 1146//1047 1225//1047 1224//1047
f 1146//1048 1224//1048 1145//1048
f 1224//1049 1223//1049 1145//1049
f 1145//1050 1223//1050 1222//1050
f 1145//1051 1222//1051 1160//1051
f 1222//1052 1221//1052 1160//1052
f 1160//1053 1221//1053 1220//1053
f 1160//1054 1220//1054 1161//1054
f 1161//1055 1220//1055 1279//1055
f 1161//1056 1279//1056 1162//1056
f 1162//1057 1279//1057 1278//1057
f 1162//1058 1278//1058 1277//1058
f 1152//1059 1007//1059 1142//1059
f 1142//1059 1007//1059 1008//1059
f 1142//1060 1008//1060 1140//1060
f 1140//1060 1008//1060 1025//1060
f 1140//1061 1025//1061 1138//1061
f 1138//1061 1025//1061 1023//1061
f 1138//1062 1023//1062 1129//1062
f 1129//1062 1023//1062 1021//1062
f 1129//1063 1021//1063 1127//1063
f 1127//1063 1021//1063 1019//1063
f 1127//1064 1019//1064 1125//1064
f 1125//1064 1019//1064 1018//1064
f 1125//1065 1018//1065 1123//1065
f 1123//1065 1018//1065 1030//1065
f 1123//1066 1030//1066 1135//1066
f 1135//1066 1030//1066 1016//1066
f 1135//1067 1016//1067 1133//1067
f 1133//1067 1016//1067 1009//1067
f 1133//1068 1009//1068 1148//1068
f 1148//1068 1009//1068 1011//1068
f 1148//1069 1011//1069 1150//1069
f 1150//1069 1011//1069 1013//1069
f 1150//1070 1013//1070 1152//1070
f 1152//1070 1013//1070 1007//1070
f 1159//1071 1037//1071 1157//1071
f 1157//1071 1037//1071 1050//1071
f 1157//1072 1050//1072 1155//1072
f 1155//1072 1050//1072 1052//1072
f 1155//1073 1052//1073 1153//1073
f 1153//1073 1052//1073 1035//1073
f 1153//1074 1035//1074 1169//1074
f 1169//1074 1035//1074 1044//1074
f 1169//1075 1044//1075 1167//1075
f 1167//1075 1044//1075 1060//1075
f 1167//1076 1060//1076 1165//1076
f 1165//1076 1060//1076 1058//1076
f 1165//1077 1058//1077 1177//1077
f 1177//1077 1058//1077 1056//1077
f 1177//950 1056//950 1178//950
f 1178//950 1056//950 1055//950
f 1178//1078 1055//1078 1180//1078
f 1180//1078 1055//1078 1043//1078
f 1180//1079 1043//1079 1182//1079
f 1182//1079 1043//1079 1045//1079
f 1182//1080 1045//1080 1171//1080
f 1171//1080 1045//1080 1039//1080
f 1171//1081 1039//1081 1159//1081
f 1159//1081 1039//1081 1037//1081
f 1207//1082 1087//1082 1205//1082
f 1205//1082 1087//1082 1089//1082
f 1205//1083 1089//1083 1188//1083
f 1188//1083 1089//1083 1068//1083
f 1188//1084 1068//1084 1189//1084
f 1189//1084 1068//1084 1067//1084
f 1189//1085 1067//1085 1199//1085
f 1199//1085 1067//1085 1072//1085
f 1199//1063 1072//1063 1197//1063
f 1197//1063 1072//1063 1074//1063
f 1197//1086 1074//1086 1186//1086
f 1186//1086 1074//1086 1065//1086
f 1186//1087 1065//1087 1187//1087
f 1187//1087 1065//1087 1064//1087
f 1187//1088 1064//1088 1215//1088
f 1215//1088 1064//1088 1079//1088
f 1215//1089 1079//1089 1213//1089
f 1213//1089 1079//1089 1081//1089
f 1213//1090 1081//1090 1211//1090
f 1211//1090 1081//1090 1083//1090
f 1211//1069 1083//1069 1209//1069
f 1209//1069 1083//1069 1085//1069
f 1209//1091 1085//1091 1207//1091
f 1207//1091 1085//1091 1087//1091
f 1118//1092 987//1092 1116//1092
f 1116//1092 987//1092 989//1092
f 1116//1072 989//1072 1114//1072
f 1114//1072 989//1072 991//1072
f 1114//1093 991//1093 1112//1093
f 1112//1093 991//1093 993//1093
f 1112//1094 993//1094 1110//1094
f 1110//1094 993//1094 995//1094
f 1110//1095 995//1095 1093//1095
f 1093//1095 995//1095 975//1095
f 1093//1096 975//1096 1094//1096
f 1094//1096 975//1096 974//1096
f 1094//1097 974//1097 1103//1097
f 1103//1097 974//1097 1001//1097
f 1103//950 1001//950 1101//950
f 1101//950 1001//950 1003//950
f 1101//1098 1003//1098 1099//1098
f 1099//1098 1003//1098 981//1098
f 1099//1099 981//1099 1097//1099
f 1097//1099 981//1099 979//1099
f 1097//1100 979//1100 1120//1100
f 1120//1100 979//1100 985//1100
f 1120//1101 985//1101 1118//1101
f 1118//1101 985//1101 987//1101
# Vertices: 1279, normals: 1101, texture coordinates: 0, faces: 2598

