# File generated by ImageToStl.com - Free Image and 3D model conversion tools

o obj1
v -0.00425331 -0.00222471 -0.026
v -0.00425331 0.00222471 -0.026
v -0.00346973 -0.00331677 -0.026
v -0.0024 -0.00415692 -0.026
v 0.0048 -0.0048 -0.026
v -0.00277128 -0.0048 -0.026
v -0.005 -0.00265581 -0.026
v -0.005 -0 -0.026
v -0.005 0.00265581 -0.026
v 0.00214122 -0.00237806 -0.026
v 0.00292335 -0.00130156 -0.026
v 0.0032 -0 -0.026
v 0.0048 0.0048 -0.026
v 0.00292335 0.00130156 -0.026
v -0.0024 0.00415692 -0.026
v -0.00277128 0.0048 -0.026
v 0.00098885 0.00304338 -0.026
v 0.00214122 0.00237806 -0.026
v -0.0016 -0.00277128 -0.026
v -0.00033449 -0.00318247 -0.026
v 0.00098885 -0.00304338 -0.026
v -0.00033449 0.00318247 -0.026
v -0.0016 0.00277128 -0.026
v -0.00346973 0.00331677 -0.026
v -0.00258885 0.00188091 -0.026
v -0.00313007 0.00066532 -0.026
v -0.0032 -0 -0.026
v -0.00313007 -0.00066532 -0.026
v -0.00258885 -0.00188091 -0.026
v -0.0021 -0 -0.02225
v -0.00293444 0.00062374 -0.02225
v -0.00181865 0.00105 -0.02225
v -0.00242705 0.00176336 -0.02225
v -0.00105 0.00181865 -0.02225
v -0.0015 0.00259808 -0.02225
v -0.0008111 0.00193704 -0.02225
v -0.0008111 0.00288827 -0.02225
v -0.0008111 -0.00193704 -0.02225
v -0.0008111 -0.00288827 -0.02225
v -0.00105 -0.00181865 -0.02225
v -0.0015 -0.00259808 -0.02225
v -0.00181865 -0.00105 -0.02225
v -0.00242705 -0.00176336 -0.02225
v -0.00293444 -0.00062374 -0.02225
v 0.0021 -0 0.02225
v 0.00293444 0.00062374 0.02225
v 0.00181865 0.00105 0.02225
v 0.00242705 0.00176336 0.02225
v 0.00105 0.00181865 0.02225
v 0.0015 0.00259808 0.02225
v 0.0008111 0.00193704 0.02225
v 0.0008111 0.00288827 0.02225
v 0.0008111 -0.00193704 0.02225
v 0.0008111 -0.00288827 0.02225
v 0.00105 -0.00181865 0.02225
v 0.0015 -0.00259808 0.02225
v 0.00181865 -0.00105 0.02225
v 0.00242705 -0.00176336 0.02225
v 0.00293444 -0.00062374 0.02225
v -0.001 -0.00184662 0.00726911
v -0.001 -0.00184662 0.0093188
v -0.001 -0.0022735 0.00922395
v -0.001 -0.00184662 -0.0093188
v -0.001 -0.00184662 -0.00726911
v -0.001 -0.0022735 -0.00922395
v -0.001 -0.00202348 -0.00722188
v -0.001 -0.00441487 -0.00841183
v -0.001 -0.00389688 -0.00640815
v -0.001 -0.00629967 -0.00711085
v -0.001 -0.00548127 -0.00511915
v -0.001 -0.00781835 -0.00539662
v -0.001 -0.00665914 -0.00345049
v -0.001 -0.00298801 0.00687908
v -0.001 -0.00441487 0.00841183
v -0.001 -0.00473316 0.00581783
v -0.001 -0.00629967 0.00711085
v -0.001 -0.00612727 0.0043251
v -0.001 -0.00781835 0.00539662
v -0.001 -0.00706696 0.0025116
v -0.001 -0.00888265 0.00336875
v -0.001 -0.00748252 0.00051182
v -0.001 -0.00943073 0.0011451
v -0.001 -0.00734313 -0.00152592
v -0.001 -0.00943073 -0.0011451
v -0.001 -0.00888265 -0.00336875
v 0.00181865 -0.00105 -0.0094418
v 0.00148463 -0.00148522 -0.00938318
v 0.0048 -0.0022735 -0.00922395
v 0.00105 -0.00181865 -0.0093243
v 0.0005445 -0.00202818 -0.00928097
v -0.00051699 -0.00203537 -0.0092794
v 0 -0.0021 -0.00926499
v -0.001 0.0022735 -0.00922395
v -0.001 0.00184662 -0.0093188
v -0.0005152 0.00203582 -0.0092793
v 0 0.0021 -0.00926499
v 0.00054366 0.00202841 -0.00928092
v 0.0048 0.0022735 -0.00922395
v 0.00105 0.00181865 -0.0093243
v 0.00148497 0.00148488 -0.00938324
v 0.00181865 0.00105 -0.0094418
v 0.00202832 0.000544 -0.00948441
v 0.0048 -0 -0.0095
v 0.0021 -0 -0.0095
v 0.00202831 -0.00054402 -0.00948441
v 0.00181865 0.00105 0.0094418
v 0.00148463 0.00148522 0.00938318
v 0.0048 0.0022735 0.00922395
v 0.00105 0.00181865 0.0093243
v 0.0005445 0.00202818 0.00928097
v -0.001 0.00184662 0.0093188
v -0.001 0.0022735 0.00922395
v -0.00051699 0.00203537 0.0092794
v 0 0.0021 0.00926499
v -0.0005152 -0.00203582 0.0092793
v 0 -0.0021 0.00926499
v 0.00054366 -0.00202841 0.00928092
v 0.0048 -0.0022735 0.00922395
v 0.00105 -0.00181865 0.0093243
v 0.00148497 -0.00148488 0.00938324
v 0.00181865 -0.00105 0.0094418
v 0.00202832 -0.000544 0.00948441
v 0.0048 -0 0.0095
v 0.0021 -0 0.0095
v 0.00202831 0.00054402 0.00948441
v 0.0048 -0.00441487 0.00841183
v 0.0048 -0.00629967 0.00711085
v 0.0048 -0.00781835 0.00539662
v 0.0048 -0.00888265 0.00336875
v 0.0048 -0.00943073 0.0011451
v 0.0048 -0.00943073 -0.0011451
v 0.0048 -0.00888265 -0.00336875
v 0.0048 -0.00781835 -0.00539662
v 0.0048 -0.00629967 -0.00711085
v 0.0048 -0.00441487 -0.00841183
v -0.001 0.00441487 -0.00841183
v 0.0048 0.00441487 -0.00841183
v -0.001 0.00629967 -0.00711085
v 0.0048 0.00629967 -0.00711085
v -0.001 0.00781835 -0.00539662
v 0.0048 0.00781835 -0.00539662
v -0.001 0.00888265 -0.00336875
v 0.0048 0.00888265 -0.00336875
v -0.001 0.00943073 -0.0011451
v 0.0048 0.00943073 -0.0011451
v -0.001 0.00943073 0.0011451
v 0.0048 0.00943073 0.0011451
v -0.001 0.00888265 0.00336875
v 0.0048 0.00888265 0.00336875
v -0.001 0.00781835 0.00539662
v 0.0048 0.00781835 0.00539662
v -0.001 0.00629967 0.00711085
v 0.0048 0.00629967 0.00711085
v -0.001 0.00441487 0.00841183
v 0.0048 0.00441487 0.00841183
v -0.005 -0.0100229 -0.00977453
v -0.005 -0.01171324 -0.00766812
v -0.005 -0.00948173 -0.00813173
v -0.005 -0.00813173 -0.00678173
v -0.005 -0.00880673 -0.00696259
v -0.005 -0.014 -0
v -0.005 -0.005 -0.01374773
v -0.005 -0.00507374 -0.01337085
v -0.005 -0 -0.0075
v -0.005 -0.00202348 -0.00722188
v -0.005 -0.00678173 -0.00813173
v -0.005 -0.00389688 -0.00640815
v -0.005 -0.00696259 -0.00745673
v -0.005 -0.00548127 -0.00511915
v -0.005 -0.00745673 -0.00696259
v -0.005 -0.00665914 -0.00345049
v -0.005 -0.00930086 -0.00745673
v -0.005 -0.01296766 -0.00527633
v -0.005 -0.01373949 -0.00268819
v -0.005 -0.00696259 -0.00880673
v -0.005 -0.00528408 -0.01304955
v -0.005 -0.00745673 -0.00930086
v -0.005 -0.0056 -0.01283121
v -0.005 -0.00813173 -0.00948173
v -0.005 -0.00795956 -0.01151718
v -0.005 -0.00880673 -0.00930086
v -0.005 -0.00930086 -0.00880673
v -0.005 -0.00288675 -0.027
v -0.005 -0.005 -0.027
v -0.005 -0.00288675 -0.0262
v -0.005 -0.005 0.01374773
v -0.005 -0.005 0.027
v -0.005 -0.00288675 0.0262
v -0.005 -0.00288675 0.027
v -0.005 -0.00880673 0.00696259
v -0.005 -0.00813173 0.00678173
v -0.005 -0.0075 -3.59E-06
v -0.005 -0.00748252 0.00051182
v -0.005 -0 0.0075
v -0.005 -0.00678173 0.00813173
v -0.005 -0.00696259 0.00880673
v -0.005 -0.0100229 0.00977453
v -0.005 -0.00795956 0.01151718
v -0.005 -0.00813173 0.00948173
v -0.005 -0.00102125 0.00743014
v -0.005 -0.00298801 0.00687908
v -0.005 -0.00696259 0.00745673
v -0.005 -0.00473316 0.00581783
v -0.005 -0.00745673 0.00696259
v -0.005 -0.00612727 0.0043251
v -0.005 -0.00706696 0.0025116
v -0.005 -0.00745673 0.00930086
v -0.005 -0.00880673 0.00930086
v -0.005 -0.00930086 0.00880673
v -0.005 -0.01171324 0.00766812
v -0.005 -0.00948173 0.00813173
v -0.005 -0.01296766 0.00527633
v -0.005 -0.00930086 0.00745673
v -0.005 -0.01373949 0.00268819
v -0.005 -0.00734313 -0.00152592
v -0.005 -0.00265581 0.026
v -0.005 -0.00507374 0.01337085
v -0.005 -0.00528408 0.01304955
v -0.005 -0.0056 0.01283121
v -0.005 0.00813173 0.00678173
v -0.005 0.00880673 0.00696259
v -0.005 0.014 -0
v -0.005 0.005 0.01374773
v -0.005 0.00507374 0.01337085
v -0.005 0.00102125 0.00743014
v -0.005 0.00678173 0.00813173
v -0.005 0.00696259 0.00880673
v -0.005 0.00528408 0.01304955
v -0.005 0.00745673 0.00930086
v -0.005 0.0056 0.01283121
v -0.005 0.00813173 0.00948173
v -0.005 0.00795956 0.01151718
v -0.005 0.00880673 0.00930086
v -0.005 0.0100229 0.00977453
v -0.005 0.00930086 0.00880673
v -0.005 0.00288675 0.027
v -0.005 0.005 0.027
v -0.005 0.00288675 0.0262
v -0.005 0.00265581 0.026
v -0.005 -0 0.026
v -0.005 0.00706696 0.0025116
v -0.005 0.00745673 0.00696259
v -0.005 0.00612727 0.0043251
v -0.005 0.00696259 0.00745673
v -0.005 0.00473316 0.00581783
v -0.005 0.00298801 0.00687908
v -0.005 0.00948173 0.00813173
v -0.005 0.01171324 0.00766812
v -0.005 0.00930086 0.00745673
v -0.005 0.01296766 0.00527633
v -0.005 0.01373949 0.00268819
v -0.005 0.005 -0.01374773
v -0.005 0.005 -0.027
v -0.005 0.00288675 -0.0262
v -0.005 0.00288675 -0.027
v -0.005 0.00745673 -0.00930086
v -0.005 0.00813173 -0.00948173
v -0.005 0.00795956 -0.01151718
v -0.005 0.0100229 -0.00977453
v -0.005 0.00880673 -0.00696259
v -0.005 0.00813173 -0.00678173
v -0.005 0.0075 -3.59E-06
v -0.005 0.00734313 -0.00152592
v -0.005 0.00880673 -0.00930086
v -0.005 0.00930086 -0.00880673
v -0.005 0.01171324 -0.00766812
v -0.005 0.00948173 -0.00813173
v -0.005 0.01296766 -0.00527633
v -0.005 0.00930086 -0.00745673
v -0.005 0.01373949 -0.00268819
v -0.005 0.00748252 0.00051182
v -0.005 0.00696259 -0.00880673
v -0.005 0.00678173 -0.00813173
v -0.005 0.00202348 -0.00722188
v -0.005 0.00696259 -0.00745673
v -0.005 0.00389688 -0.00640815
v -0.005 0.00745673 -0.00696259
v -0.005 0.00548127 -0.00511915
v -0.005 0.00665914 -0.00345049
v -0.005 0.00507374 -0.01337085
v -0.005 0.00528408 -0.01304955
v -0.005 0.0056 -0.01283121
v 0.005 0.005 0.01374773
v 0.005 0.005 0.0258
v 0.005 0 0.0258
v 0.005 0.0056 0.01283121
v 0.005 0.00745673 0.00930086
v 0.005 0.00795956 0.01151718
v 0.005 0.00813173 0.00948173
v 0.005 0.0100229 0.00977453
v 0.005 0.00880673 0.00930086
v 0.005 0.00930086 0.00880673
v 0.005 0.01171324 0.00766812
v 0.005 0.00948173 0.00813173
v 0.005 0.01296766 0.00527633
v 0.005 0.00930086 0.00745673
v 0.005 0.01373949 0.00268819
v 0.005 0.00880673 0.00696259
v 0.005 0.014 -0
v 0.005 0.00962928 0.00116921
v 0.005 0.00906966 0.00343967
v 0.005 0.00798294 0.00551023
v 0.005 0.00813173 0.00678173
v 0.005 0.00745673 0.00696259
v 0.005 0.00643229 0.00726055
v 0.005 0.00696259 0.00745673
v 0.005 0.00450781 0.00858892
v 0.005 -0 0.0097
v 0.005 0.00507374 0.01337085
v 0.005 0.00232136 0.00941814
v 0.005 0.00528408 0.01304955
v 0.005 0.00696259 0.00880673
v 0.005 0.00678173 0.00813173
v 0.005 0.00696259 -0.00880673
v 0.005 0.00678173 -0.00813173
v 0.005 0.00450781 -0.00858892
v 0.005 0.00643229 -0.00726055
v 0.005 0.00696259 -0.00745673
v 0.005 0.00798294 -0.00551023
v 0.005 0.0097 -0
v 0.005 0.00962928 -0.00116921
v 0.005 0.00906966 -0.00343967
v 0.005 -0 -0.0097
v 0.005 0 -0.0258
v 0.005 0.005 -0.0258
v 0.005 0.00745673 -0.00696259
v 0.005 0.00813173 -0.00678173
v 0.005 0.00880673 -0.00696259
v 0.005 0.01373949 -0.00268819
v 0.005 0.01296766 -0.00527633
v 0.005 0.00930086 -0.00745673
v 0.005 0.01171324 -0.00766812
v 0.005 0.00948173 -0.00813173
v 0.005 0.0100229 -0.00977453
v 0.005 0.005 -0.01374773
v 0.005 0.00507374 -0.01337085
v 0.005 0.00232136 -0.00941814
v 0.005 0.00528408 -0.01304955
v 0.005 0.00745673 -0.00930086
v 0.005 0.0056 -0.01283121
v 0.005 0.00813173 -0.00948173
v 0.005 0.00795956 -0.01151718
v 0.005 0.00880673 -0.00930086
v 0.005 0.00930086 -0.00880673
v 0.005 -0.00798294 -0.00551023
v 0.005 -0.00745673 -0.00696259
v 0.005 -0.00643229 -0.00726055
v 0.005 -0.00696259 -0.00745673
v 0.005 -0.00450781 -0.00858892
v 0.005 -0.014 -0
v 0.005 -0.00906966 -0.00343967
v 0.005 -0.00962928 -0.00116921
v 0.005 -0.00880673 -0.00696259
v 0.005 -0.00813173 -0.00678173
v 0.005 -0.01373949 -0.00268819
v 0.005 -0.00930086 -0.00745673
v 0.005 -0.01296766 -0.00527633
v 0.005 -0.00948173 -0.00813173
v 0.005 -0.01171324 -0.00766812
v 0.005 -0.00930086 -0.00880673
v 0.005 -0.0100229 -0.00977453
v 0.005 -0.00880673 -0.00930086
v 0.005 -0.00813173 -0.00948173
v 0.005 -0.00795956 -0.01151718
v 0.005 -0.00745673 -0.00930086
v 0.005 -0.00678173 -0.00813173
v 0.005 -0.00696259 -0.00880673
v 0.005 -0.00232136 -0.00941814
v 0.005 -0.005 -0.0258
v 0.005 -0.005 -0.01374773
v 0.005 -0.00507374 -0.01337085
v 0.005 -0.00528408 -0.01304955
v 0.005 -0.0056 -0.01283121
v 0.005 -0.00232136 0.00941814
v 0.005 -0.00507374 0.01337085
v 0.005 -0.005 0.01374773
v 0.005 -0.0100229 0.00977453
v 0.005 -0.00880673 0.00930086
v 0.005 -0.00795956 0.01151718
v 0.005 -0.00813173 0.00948173
v 0.005 -0.0056 0.01283121
v 0.005 -0.00745673 0.00930086
v 0.005 -0.00528408 0.01304955
v 0.005 -0.00696259 0.00880673
v 0.005 -0.005 0.0258
v 0.005 -0.00450781 0.00858892
v 0.005 -0.00678173 0.00813173
v 0.005 -0.00643229 0.00726055
v 0.005 -0.00696259 0.00745673
v 0.005 -0.00798294 0.00551023
v 0.005 -0.0097 -0
v 0.005 -0.00962928 0.00116921
v 0.005 -0.00906966 0.00343967
v 0.005 -0.01373949 0.00268819
v 0.005 -0.00880673 0.00696259
v 0.005 -0.01296766 0.00527633
v 0.005 -0.00930086 0.00745673
v 0.005 -0.01171324 0.00766812
v 0.005 -0.00948173 0.00813173
v 0.005 -0.00930086 0.00880673
v 0.005 -0.00745673 0.00696259
v 0.005 -0.00813173 0.00678173
v -0.00288675 -0.005 0.0258
v -0.00288675 -0.005 0.027
v 0.001025 -0.005 0.0228767
v 0.00088768 -0.005 0.0223642
v 0.0005125 -0.005 0.02198902
v 0 -0.005 0.0218517
v -0.0005125 -0.005 0.02198902
v -0.00088768 -0.005 0.0223642
v -0.001025 -0.005 0.0228767
v -0.00088768 -0.005 0.0233892
v 0 -0.005 0.0239017
v 0.0005125 -0.005 0.02376437
v 0.00088768 -0.005 0.0233892
v -0.0005125 -0.005 0.02376437
v -0.00425331 0.00222471 0.026
v 0.00033449 0.00318247 0.026
v 0.0016 0.00277128 0.026
v -0.0024 0.00415692 0.026
v -0.00425331 -0.00222471 0.026
v -0.00346973 -0.00331677 0.026
v -0.00098885 -0.00304338 0.026
v -0.0024 -0.00415692 0.026
v 0.00033449 -0.00318247 0.026
v -0.00277128 0.0048 0.026
v 0.0048 0.0048 0.026
v 0.00258885 0.00188091 0.026
v 0.0048 -0.0048 0.026
v 0.00258885 -0.00188091 0.026
v 0.0016 -0.00277128 0.026
v -0.00214122 -0.00237806 0.026
v -0.00292335 -0.00130156 0.026
v -0.0032 -0 0.026
v -0.00292335 0.00130156 0.026
v -0.00346973 0.00331677 0.026
v -0.00214122 0.00237806 0.026
v -0.00098885 0.00304338 0.026
v -0.00277128 -0.0048 0.026
v 0.00313007 0.00066532 0.026
v 0.0032 -0 0.026
v 0.00313007 -0.00066532 0.026
v -0.0005125 0.005 0.02198902
v 0 0.005 0.0218517
v -0.00288675 0.005 0.0258
v -0.00288675 0.005 0.027
v 0.001025 0.005 0.0228767
v 0.00088768 0.005 0.0223642
v 0.0005125 0.005 0.02198902
v 0.00088768 0.005 0.0233892
v 0.0005125 0.005 0.02376437
v 0 0.005 0.0239017
v -0.0005125 0.005 0.02376437
v -0.00088768 0.005 0.0233892
v -0.001025 0.005 0.0228767
v -0.00088768 0.005 0.0223642
v 0 0.005 -0.0239017
v -0.0005125 0.005 -0.02376437
v -0.00088768 0.005 -0.0233892
v 0.00088768 0.005 -0.0223642
v 0.001025 0.005 -0.0228767
v 0.00088768 0.005 -0.0233892
v 0.0005125 0.005 -0.02198902
v 0 0.005 -0.0218517
v -0.00288675 0.005 -0.027
v -0.00288675 0.005 -0.0258
v 0.0005125 0.005 -0.02376437
v -0.0005125 0.005 -0.02198902
v -0.00088768 0.005 -0.0223642
v -0.001025 0.005 -0.0228767
v -0.00288675 -0.005 -0.0258
v -0.00288675 -0.005 -0.027
v 0.001025 -0.005 -0.0228767
v 0.00088768 -0.005 -0.0223642
v 0.00088768 -0.005 -0.0233892
v 0.0005125 -0.005 -0.02376437
v 0 -0.005 -0.0239017
v -0.0005125 -0.005 -0.02376437
v -0.00088768 -0.005 -0.0223642
v -0.001025 -0.005 -0.0228767
v -0.00088768 -0.005 -0.0233892
v -0.0005125 -0.005 -0.02198902
v 0 -0.005 -0.0218517
v 0.0005125 -0.005 -0.02198902
v -0.00031359 0.00298357 -0.0258
v -0.00031359 0.00298357 -0.02385255
v -0.0015 0.00259808 -0.0258
v -0.0005125 0.0029559 -0.02376437
v -0.00088768 0.00286566 -0.0233892
v -0.00098976 0.00283203 -0.02314315
v -0.001025 0.00281946 -0.0228767
v -0.00098985 0.002832 -0.02261056
v -0.00088744 0.00286574 -0.02236378
v 0.00200739 0.00222943 -0.0258
v 0.00092705 0.00285317 -0.02331396
v 0.00092705 0.00285317 -0.0258
v 0.00088768 0.00286566 -0.0233892
v 0.0005125 0.0029559 -0.02376437
v 0.00026624 0.00298816 -0.02386652
v 0 0.003 -0.0239017
v 0.001025 0.00281946 -0.0228767
v 0.00200739 0.00222943 -0.02225
v 0.00092705 0.00285317 -0.02243943
v 0.00092705 0.00285317 -0.02225
v 0.00088761 0.00286569 -0.02236408
v 0.0008111 0.00288827 -0.02225
v 0.00200739 -0.00222943 -0.02225
v 0.00092705 -0.00285317 -0.02243943
v 0.00092705 -0.00285317 -0.02225
v 0.00088761 -0.00286569 -0.02236408
v 0.0008111 -0.00288827 -0.02225
v -0.00031359 -0.00298357 -0.0258
v 0 -0.003 -0.0239017
v 0.00092705 -0.00285317 -0.0258
v 0.00026602 -0.00298818 -0.02386657
v 0.0005125 -0.0029559 -0.02376437
v 0.00088768 -0.00286566 -0.0233892
v 0.00092705 -0.00285317 -0.02331396
v 0.001025 -0.00281946 -0.0228767
v -0.00098994 -0.00283196 -0.0226109
v -0.00088768 -0.00286566 -0.0223642
v -0.001025 -0.00281946 -0.0228767
v -0.00098991 -0.00283197 -0.0231426
v -0.0015 -0.00259808 -0.0258
v -0.00088768 -0.00286566 -0.0233892
v -0.0005125 -0.0029559 -0.02376437
v -0.00031359 -0.00298357 -0.02385255
v -0.00242705 -0.00176336 -0.0258
v -0.00293444 -0.00062374 -0.0258
v -0.003 -0 -0.0258
v -0.00293444 0.00062374 -0.0258
v -0.00242705 0.00176336 -0.0258
v 0.00274064 0.00122021 -0.02225
v 0.00274064 0.00122021 -0.0258
v 0.003 -0 -0.02225
v 0.003 -0 -0.0258
v 0.00274064 -0.00122021 -0.02225
v 0.00274064 -0.00122021 -0.0258
v 0.00200739 -0.00222943 -0.0258
v 0.0008111 -0.00193704 -0.02225
v 0.00105 -0.00181865 -0.02225
v 0.00181865 -0.00105 -0.02225
v 0.0021 -0 -0.02225
v 0.00181865 0.00105 -0.02225
v 0.00105 0.00181865 -0.02225
v 0.0008111 0.00193704 -0.02225
v -0.001 0.00184662 0.00726911
v -0.001 0.00298801 0.00687908
v -0.001 0.00184662 -0.00726911
v -0.001 0.00202348 -0.00722188
v -0.001 0.00389688 -0.00640815
v -0.001 0.00548127 -0.00511915
v -0.001 0.00665914 -0.00345049
v -0.001 0.00734313 -0.00152592
v -0.001 0.00748252 0.00051182
v -0.001 0.00706696 0.0025116
v -0.001 0.00612727 0.0043251
v -0.001 0.00473316 0.00581783
v -0.00105009 -0.0018186 0.00727617
v -0.00105009 0.0018186 -0.00727617
v -0.00148543 0.00148442 -0.00735163
v -0.00105 -0.00181865 -0.00727616
v -0.00148447 -0.00148538 -0.00735144
v -0.00181865 -0.00105 -0.00742614
v -0.00202822 -0.00054435 -0.00748022
v -0.0021 -0 -0.0075
v -0.00202825 0.00054426 -0.00748023
v -0.00181865 0.00105 -0.00742614
v -0.00181865 -0.00105 0.00742614
v -0.00148543 -0.00148442 0.00735163
v -0.00203246 0.00052832 0.00748137
v -0.0021 -0 0.0075
v -0.00203252 -0.00052808 0.00748139
v -0.00105 0.00181865 0.00727616
v -0.00148447 0.00148538 0.00735144
v -0.00181862 0.00105005 0.00742613
v -0.00183495 0.00102125 0.00743014
v 0.0005125 0.0020365 -0.02198902
v -0.0005125 -0.0020365 -0.02198902
v 0 -0.0021 -0.0218517
v -0.00026686 -0.00208298 -0.02188705
v -0.0005125 0.0020365 -0.02198902
v -0.00026732 0.00208292 -0.02188717
v 0 0.0021 -0.0218517
v 0.00026686 0.00208298 -0.02188705
v 0.0005125 -0.0020365 -0.02198902
v 0.00026732 -0.00208292 -0.02188717
v -0.00200739 -0.00222943 0.02225
v -0.00092705 -0.00285317 0.02243943
v -0.00092705 -0.00285317 0.02225
v -0.00088761 -0.00286569 0.02236408
v -0.0008111 -0.00288827 0.02225
v 0.00031359 -0.00298357 0.0258
v 0 -0.003 0.0239017
v -0.00092705 -0.00285317 0.0258
v -0.00026624 -0.00298816 0.02386652
v -0.0005125 -0.0029559 0.02376437
v -0.00088768 -0.00286566 0.0233892
v -0.00092705 -0.00285317 0.02331396
v -0.001025 -0.00281946 0.0228767
v 0.00098985 -0.002832 0.02261056
v 0.00088744 -0.00286574 0.02236378
v 0.001025 -0.00281946 0.0228767
v 0.00098976 -0.00283203 0.02314315
v 0.0015 -0.00259808 0.0258
v 0.00088768 -0.00286566 0.0233892
v 0.0005125 -0.0029559 0.02376437
v 0.00031359 -0.00298357 0.02385255
v 0.00031359 0.00298357 0.0258
v 0.00031359 0.00298357 0.02385255
v 0.0015 0.00259808 0.0258
v 0.0005125 0.0029559 0.02376437
v 0.00088768 0.00286566 0.0233892
v 0.00098991 0.00283197 0.0231426
v 0.001025 0.00281946 0.0228767
v 0.00098994 0.00283196 0.0226109
v 0.00088768 0.00286566 0.0223642
v -0.00200739 0.00222943 0.0258
v -0.00092705 0.00285317 0.02331396
v -0.00092705 0.00285317 0.0258
v -0.00088768 0.00286566 0.0233892
v -0.0005125 0.0029559 0.02376437
v -0.00026602 0.00298818 0.02386657
v 0 0.003 0.0239017
v -0.001025 0.00281946 0.0228767
v -0.00200739 0.00222943 0.02225
v -0.00092705 0.00285317 0.02243943
v -0.00092705 0.00285317 0.02225
v -0.00088761 0.00286569 0.02236408
v -0.0008111 0.00288827 0.02225
v 0.00242705 -0.00176336 0.0258
v 0.00293444 -0.00062374 0.0258
v 0.003 -0 0.0258
v 0.00293444 0.00062374 0.0258
v 0.00242705 0.00176336 0.0258
v -0.00274064 0.00122021 0.02225
v -0.00274064 0.00122021 0.0258
v -0.003 -0 0.02225
v -0.003 -0 0.0258
v -0.00274064 -0.00122021 0.02225
v -0.00274064 -0.00122021 0.0258
v -0.00200739 -0.00222943 0.0258
v -0.0008111 -0.00193704 0.02225
v -0.00105 -0.00181865 0.02225
v -0.00181865 -0.00105 0.02225
v -0.0021 -0 0.02225
v -0.00181865 0.00105 0.02225
v -0.00105 0.00181865 0.02225
v -0.0008111 0.00193704 0.02225
v 0.0005125 -0.0020365 0.02198902
v -0.0005125 0.0020365 0.02198902
v 0 0.0021 0.0218517
v -0.00026686 0.00208298 0.02188705
v -0.0005125 -0.0020365 0.02198902
v -0.00026732 -0.00208292 0.02188717
v 0 -0.0021 0.0218517
v 0.00026686 -0.00208298 0.02188705
v 0.0005125 0.0020365 0.02198902
v 0.00026732 0.00208292 0.02188717
v -0.00433013 -0.0025 -0.0262
v -0.00433013 -0.0025 -0.027
v -0.0036143 -0.00345497 -0.0262
v -0.00353553 -0.00353553 -0.027
v -0.0025 -0.00433013 -0.0262
v -0.0025 -0.00433013 -0.027
v -0.0025 0.00433013 -0.027
v -0.0025 0.00433013 -0.0262
v -0.0036143 0.00345497 -0.0262
v -0.00353553 0.00353553 -0.027
v -0.00433013 0.0025 -0.0262
v -0.00433013 0.0025 -0.027
v -0.0025 -0.00433013 0.0262
v -0.0025 -0.00433013 0.027
v -0.0036143 -0.00345497 0.0262
v -0.00353553 -0.00353553 0.027
v -0.00433013 -0.0025 0.0262
v -0.00433013 -0.0025 0.027
v -0.00433013 0.0025 0.027
v -0.00433013 0.0025 0.0262
v -0.0036143 0.00345497 0.0262
v -0.00353553 0.00353553 0.027
v -0.0025 0.00433013 0.0262
v -0.0025 0.00433013 0.027
v 0.0048 -0 0.0095
v 0.005 -0.00813173 -0.00710673
v 0.005 -0.00864423 -0.00724405
v 0.005 -0.014 1.37E-06
v 0.005 -0.01398865 -0.00056372
v 0.005 0 -0.014
v 0.005 -0.00724405 -0.00864423
v 0.005 0 -0.0075
v 0.005 -0.00710673 -0.00813173
v 0.005 -0.00166891 -0.00731196
v 0.005 -0.00112653 -0.0139546
v 0.005 -0.00335042 -0.01359319
v 0.005 -0.00761923 -0.0090194
v 0.005 -0.00548753 -0.01287971
v 0.005 -0.00813173 -0.00915673
v 0.005 -0.00748252 -0.01183266
v 0.005 -0.00864423 -0.0090194
v 0.005 -0.00928372 -0.01047915
v 0.005 -0.0090194 -0.00864423
v 0.005 -0.01084447 -0.00885424
v 0.005 -0.00915673 -0.00813173
v 0.005 -0.01212436 -0.007
v 0.005 -0.0090194 -0.00761923
v 0.005 -0.01309023 -0.00496447
v 0.005 -0.01371707 -0.00280036
v 0.005 -0.0075 0
v 0.005 -0.00731196 -0.00166891
v 0.005 -0.00675727 -0.00325413
v 0.005 -0.00761923 -0.00724405
v 0.005 -0.00586374 -0.00467617
v 0.005 -0.00724405 -0.00761923
v 0.005 -0.00467617 -0.00586374
v 0.005 -0.00325413 -0.00675727
v 0.005 -0.00731196 0.00166891
v 0.005 -0.00813173 0.00710673
v 0.005 -0.00864423 0.00724405
v 0.005 -0.00710673 0.00813173
v 0.005 -0.00325413 0.00675727
v 0.005 -0.00724405 0.00761923
v 0.005 -0.00467617 0.00586374
v 0.005 -0.00761923 0.00724405
v 0.005 -0.00586374 0.00467617
v 0.005 -0.00675727 0.00325413
v 0.005 -0.00724405 0.00864423
v 0.005 0 0.014
v 0.005 -0.00813173 0.00915673
v 0.005 -0.00864423 0.0090194
v 0.005 -0.01009683 0.00969814
v 0.005 -0.0090194 0.00864423
v 0.005 -0.01152177 0.00795291
v 0.005 -0.00915673 0.00813173
v 0.005 -0.01264831 0.0060017
v 0.005 -0.0090194 0.00761923
v 0.005 -0.01344725 0.00389504
v 0.005 -0.01389792 0.00168751
v 0.005 -0.00841039 0.0111922
v 0.005 -0.00650612 0.01239638
v 0.005 -0.00761923 0.0090194
v 0.005 -0.00443335 0.01327951
v 0.005 -0.00224576 0.0138187
v 0.005 0.00166891 0.00731196
v 0.005 0 0.0075
v 0.005 0.00710673 0.00813173
v 0.005 0.0075 0
v 0.005 0.00813173 0.00710673
v 0.005 0.014 1.37E-06
v 0.005 0.00864423 0.00724405
v 0.005 0.01389792 0.00168751
v 0.005 0.01009683 0.00969814
v 0.005 0.01152177 0.00795291
v 0.005 0.00915673 0.00813173
v 0.005 0.00724405 0.00864423
v 0.005 0.0090194 0.00761923
v 0.005 0.01264831 0.0060017
v 0.005 0.01344725 0.00389504
v 0.005 0.00731196 0.00166891
v 0.005 0.00675727 0.00325413
v 0.005 0.00761923 0.00724405
v 0.005 0.00586374 0.00467617
v 0.005 0.00724405 0.00761923
v 0.005 0.00467617 0.00586374
v 0.005 0.00325413 0.00675727
v 0.005 0.0090194 0.00864423
v 0.005 0.00864423 0.0090194
v 0.005 0.00841039 0.0111922
v 0.005 0.00813173 0.00915673
v 0.005 0.00650612 0.01239638
v 0.005 0.00761923 0.0090194
v 0.005 0.00443335 0.01327951
v 0.005 0.00224576 0.0138187
v 0.005 -0.00166891 0.00731196
v 0.005 0.00864423 -0.00724405
v 0.005 0.00813173 -0.00710673
v 0.005 0.00731196 -0.00166891
v 0.005 0.00710673 -0.00813173
v 0.005 0.00724405 -0.00864423
v 0.005 0.00112653 -0.0139546
v 0.005 0.00166891 -0.00731196
v 0.005 0.00325413 -0.00675727
v 0.005 0.00724405 -0.00761923
v 0.005 0.00467617 -0.00586374
v 0.005 0.00761923 -0.00724405
v 0.005 0.00586374 -0.00467617
v 0.005 0.00675727 -0.00325413
v 0.005 0.01398865 -0.00056372
v 0.005 0.01371707 -0.00280036
v 0.005 0.0090194 -0.00761923
v 0.005 0.01309023 -0.00496447
v 0.005 0.00915673 -0.00813173
v 0.005 0.01212436 -0.007
v 0.005 0.0090194 -0.00864423
v 0.005 0.01084447 -0.00885424
v 0.005 0.00864423 -0.0090194
v 0.005 0.00928372 -0.01047915
v 0.005 0.00813173 -0.00915673
v 0.005 0.00748252 -0.01183266
v 0.005 0.00761923 -0.0090194
v 0.005 0.00548753 -0.01287971
v 0.005 0.00335042 -0.01359319
v 0.0085 -0.014 1.37E-06
v 0.0085 -0.00864423 -0.00724405
v 0.0085 -0.00813173 -0.00710673
v 0.0085 -0.00112653 -0.0139546
v 0.0085 0 -0.014
v 0.0085 -0.00724405 -0.00864423
v 0.0085 -0.00281733 -0.00959493
v 0.0085 -0.00710673 -0.00813173
v 0.0085 -0.00458227 -0.00888835
v 0.0085 -0.00724405 -0.00761923
v 0.0085 -0.00618159 -0.00786053
v 0.0085 -0.00761923 -0.00724405
v 0.0085 -0.0075575 -0.00654861
v 0.0085 -0.00866025 -0.005
v 0.0085 -0.00945001 -0.00327068
v 0.0085 -0.00989821 -0.00142315
v 0.0085 -0.01398865 -0.00056372
v 0.0085 -0.01371707 -0.00280036
v 0.0085 -0.0090194 -0.00761923
v 0.0085 -0.01309023 -0.00496447
v 0.0085 -0.00915673 -0.00813173
v 0.0085 -0.01212436 -0.007
v 0.0085 -0.0090194 -0.00864423
v 0.0085 -0.01084447 -0.00885424
v 0.0085 -0.00864423 -0.0090194
v 0.0085 -0.00928372 -0.01047915
v 0.0085 -0.00813173 -0.00915673
v 0.0085 -0.00748252 -0.01183266
v 0.0085 -0.00761923 -0.0090194
v 0.0085 -0.00548753 -0.01287971
v 0.0085 -0.00335042 -0.01359319
v 0.0085 -0.00761923 0.0090194
v 0.0085 -0.00650612 0.01239638
v 0.0085 -0.00813173 0.00915673
v 0.0085 -0.00841039 0.0111922
v 0.0085 -0.00864423 0.0090194
v 0.0085 -0.01009683 0.00969814
v 0.0085 -0.0090194 0.00864423
v 0.0085 -0.01 -1.62E-06
v 0.0085 -0.00998867 0.00047582
v 0.0085 -0.00971812 0.00235759
v 0.0085 -0.00710673 0.00813173
v 0.0085 0 0.014
v 0.0085 -0.00724405 0.00864423
v 0.0085 -0.00224576 0.0138187
v 0.0085 -0.00443335 0.01327951
v 0.0085 -0.00915673 0.00813173
v 0.0085 -0.01152177 0.00795291
v 0.0085 -0.0090194 0.00761923
v 0.0085 -0.01264831 0.0060017
v 0.0085 -0.00864423 0.00724405
v 0.0085 -0.01344725 0.00389504
v 0.0085 -0.01389792 0.00168751
v 0.0085 -0.00371662 0.00928368
v 0.0085 -0.00540641 0.00841254
v 0.0085 -0.00690079 0.00723734
v 0.0085 -0.00724405 0.00761923
v 0.0085 -0.00814576 0.00580057
v 0.0085 -0.00761923 0.00724405
v 0.0085 -0.00909632 0.00415415
v 0.0085 -0.00813173 0.00710673
v 0.0085 0.00710673 0.00813173
v 0.0085 0.00540641 0.00841254
v 0.0085 0.00724405 0.00761923
v 0.0085 0.00690079 0.00723734
v 0.0085 0.00761923 0.00724405
v 0.0085 0.00814576 0.00580057
v 0.0085 0.00813173 0.00710673
v 0.0085 -0.00189251 0.00981929
v 0.0085 0 0.01
v 0.0085 0.00189251 0.00981929
v 0.0085 0.01009683 0.00969814
v 0.0085 0.00841039 0.0111922
v 0.0085 0.00813173 0.00915673
v 0.0085 0.00650612 0.01239638
v 0.0085 0.00761923 0.0090194
v 0.0085 0.00443335 0.01327951
v 0.0085 0.00724405 0.00864423
v 0.0085 0.00224576 0.0138187
v 0.0085 0.00864423 0.00724405
v 0.0085 0.00909632 0.00415415
v 0.0085 0.014 1.37E-06
v 0.0085 0.00971812 0.00235759
v 0.0085 0.00998867 0.00047582
v 0.0085 0.00371662 0.00928368
v 0.0085 0.00864423 0.0090194
v 0.0085 0.0090194 0.00864423
v 0.0085 0.01152177 0.00795291
v 0.0085 0.00915673 0.00813173
v 0.0085 0.01264831 0.0060017
v 0.0085 0.0090194 0.00761923
v 0.0085 0.01344725 0.00389504
v 0.0085 0.01389792 0.00168751
v 0.0085 0.00866025 -0.005
v 0.0085 0.00813173 -0.00710673
v 0.0085 0.00864423 -0.00724405
v 0.0085 0.00724405 -0.00864423
v 0.0085 0.00710673 -0.00813173
v 0.0085 0.01 -1.62E-06
v 0.0085 0.00989821 -0.00142315
v 0.0085 0.00945001 -0.00327068
v 0.0085 0.00095056 -0.00995472
v 0.0085 0 -0.01
v 0.0085 -0.00095056 -0.00995472
v 0.0085 0.01398865 -0.00056372
v 0.0085 0.00761923 -0.00724405
v 0.0085 0.0075575 -0.00654861
v 0.0085 0.00724405 -0.00761923
v 0.0085 0.00618159 -0.00786053
v 0.0085 0.00458227 -0.00888835
v 0.0085 0.00281733 -0.00959493
v 0.0085 0.00112653 -0.0139546
v 0.0085 0.00335042 -0.01359319
v 0.0085 0.00761923 -0.0090194
v 0.0085 0.00548753 -0.01287971
v 0.0085 0.00813173 -0.00915673
v 0.0085 0.00748252 -0.01183266
v 0.0085 0.00864423 -0.0090194
v 0.0085 0.00928372 -0.01047915
v 0.0085 0.0090194 -0.00864423
v 0.0085 0.01084447 -0.00885424
v 0.0085 0.00915673 -0.00813173
v 0.0085 0.01212436 -0.007
v 0.0085 0.0090194 -0.00761923
v 0.0085 0.01309023 -0.00496447
v 0.0085 0.01371707 -0.00280036
v 0.006 -0.00141938 0.00736447
v 0.006 -0.00166891 0.00731196
v 0.006 -0.00278747 0.00696276
v 0.006 -0.00325413 0.00675727
v 0.006 -0.00405481 0.0063094
v 0.006 -0.00467617 0.00586374
v 0.006 -0.00517559 0.00542801
v 0.006 -0.00675727 0.00325413
v 0.006 -0.00610932 0.00435043
v 0.006 -0.00586374 0.00467617
v 0.006 -0.00682224 0.00311561
v 0.006 -0.00728859 0.00176819
v 0.006 -0.00731196 0.00166891
v 0.006 -0.00749151 0.00035686
v 0.006 -0.0075 0
v 0.006 -0.00742366 -0.00106736
v 0.006 -0.00731196 -0.00166891
v 0.006 -0.00708751 -0.00245301
v 0.006 -0.00675727 -0.00325413
v 0.006 -0.00649519 -0.00375
v 0.006 -0.00467617 -0.00586374
v 0.006 -0.00566812 -0.00491146
v 0.006 -0.00586374 -0.00467617
v 0.006 -0.00463619 -0.0058954
v 0.006 -0.0034367 -0.00666627
v 0.006 -0.00325413 -0.00675727
v 0.006 -0.00211299 -0.0071962
v 0.006 -0.00166891 -0.00731196
v 0.006 -0.00071292 -0.00746604
v 0.006 0 -0.0075
v 0.006 0.00071292 -0.00746604
v 0.006 0.00325413 -0.00675727
v 0.006 0.00211299 -0.0071962
v 0.006 0.00166891 -0.00731196
v 0.006 0.0034367 -0.00666627
v 0.006 0.00463619 -0.0058954
v 0.006 0.00467617 -0.00586374
v 0.006 0.00566812 -0.00491146
v 0.006 0.00586374 -0.00467617
v 0.006 0.00649519 -0.00375
v 0.006 0.00675727 -0.00325413
v 0.006 0.00708751 -0.00245301
v 0.006 0.00731196 -0.00166891
v 0.006 0.00742366 -0.00106736
v 0.006 0.00731196 0.00166891
v 0.006 0.00749151 0.00035686
v 0.006 0.0075 0
v 0.006 0.00728859 0.00176819
v 0.006 0.00682224 0.00311561
v 0.006 0.00675727 0.00325413
v 0.006 0.00610932 0.00435043
v 0.006 0.00586374 0.00467617
v 0.006 0.00517559 0.00542801
v 0.006 0.00467617 0.00586374
v 0.006 0.00405481 0.0063094
v 0.006 0.00325413 0.00675727
v 0.006 0.00278747 0.00696276
v 0.006 0.00166891 0.00731196
v 0.006 0.00141938 0.00736447
v 0.006 0 0.0075
v -0.00096005 -0.00230831 0.01225
v -0.00162637 -0.00189866 0.01225
v 0 -0 0.01225
v -0.00019976 -0.00249201 0.01225
v 0.00189866 -0.00162637 0.01225
v 0.00130316 -0.00213349 0.01225
v 0.00058009 -0.00243177 0.01225
v 0.00243177 0.00058009 0.01225
v 0.00249201 -0.00019976 0.01225
v 0.00230831 -0.00096005 0.01225
v 0.00096005 0.00230831 0.01225
v 0.00162637 0.00189866 0.01225
v 0.00213349 0.00130316 0.01225
v -0.00130316 0.00213349 0.01225
v -0.00058009 0.00243177 0.01225
v 0.00019976 0.00249201 0.01225
v -0.00249201 0.00019976 0.01225
v -0.00230831 0.00096005 0.01225
v -0.00189866 0.00162637 0.01225
v -0.00213349 -0.00130316 0.01225
v -0.00243177 -0.00058009 0.01225
v -0.00096005 -0.00230831 0.02225
v -0.00019976 -0.00249201 0.02225
v 0.00058009 -0.00243177 0.02225
v 0.00130316 -0.00213349 0.02225
v 0.00189866 -0.00162637 0.02225
v 0.00230831 -0.00096005 0.02225
v 0.00249201 -0.00019976 0.02225
v 0.00243177 0.00058009 0.02225
v 0.00213349 0.00130316 0.02225
v 0.00162637 0.00189866 0.02225
v 0.00096005 0.00230831 0.02225
v 0.00019976 0.00249201 0.02225
v -0.00058009 0.00243177 0.02225
v -0.00130316 0.00213349 0.02225
v -0.00189866 0.00162637 0.02225
v -0.00230831 0.00096005 0.02225
v -0.00249201 0.00019976 0.02225
v -0.00243177 -0.00058009 0.02225
v -0.00213349 -0.00130316 0.02225
v -0.00162637 -0.00189866 0.02225
v -0.00257782 0.00153455 0.02225
v -0.00204107 0.00219864 0.02225
v -0.00133896 0.00268462 0.02225
v -0.00052838 0.0029531 0.02225
v 0.00032501 0.00298234 0.02225
v 0.00115206 0.00276997 0.02225
v 0.00188579 0.0023332 0.02225
v 0.00246674 0.0017074 0.02225
v 0.00284785 0.00094327 0.02225
v 0.00299824 0.00010273 0.02225
v 0.00290573 -0.00074613 0.02225
v 0.00257782 -0.00153455 0.02225
v 0.00204107 -0.00219864 0.02225
v 0.00133896 -0.00268462 0.02225
v 0.00052838 -0.0029531 0.02225
v -0.00032501 -0.00298234 0.02225
v -0.00115206 -0.00276997 0.02225
v -0.00188579 -0.0023332 0.02225
v -0.00246674 -0.0017074 0.02225
v -0.00284785 -0.00094327 0.02225
v -0.00299824 -0.00010273 0.02225
v -0.00290573 0.00074613 0.02225
v -0.00115206 -0.00276997 0.03025
v -0.00032501 -0.00298234 0.03025
v 0.00052838 -0.0029531 0.03025
v 0.00133896 -0.00268462 0.03025
v 0.00204107 -0.00219864 0.03025
v 0.00257782 -0.00153455 0.03025
v 0.00290573 -0.00074613 0.03025
v 0.00299824 0.00010273 0.03025
v 0.00284785 0.00094327 0.03025
v 0.00246674 0.0017074 0.03025
v 0.00188579 0.0023332 0.03025
v 0.00115206 0.00276997 0.03025
v 0.00032501 0.00298234 0.03025
v -0.00052838 0.0029531 0.03025
v -0.00133896 0.00268462 0.03025
v -0.00204107 0.00219864 0.03025
v -0.00257782 0.00153455 0.03025
v -0.00290573 0.00074613 0.03025
v -0.00299824 -0.00010273 0.03025
v -0.00284785 -0.00094327 0.03025
v -0.00246674 -0.0017074 0.03025
v -0.00188579 -0.0023332 0.03025
v -0.00274359 0.00418004 0.03025
v -0.00178086 0.0046721 0.03025
v -0.00073486 0.0049457 0.03025
v -0.00496203 0.00061504 0.03025
v -0.0047138 0.00166735 0.03025
v -0.00424517 0.0026417 0.03025
v -0.00357803 0.00349252 0.03025
v -0.00368111 -0.0033837 0.03025
v -0.00432244 -0.00251326 0.03025
v -0.00476166 -0.00152531 0.03025
v -0.00497823 -0.00046603 0.03025
v 0.0003455 0.00498805 0.03025
v 0.00140971 0.00479716 0.03025
v 0.002408 0.00438196 0.03025
v 0.00329369 0.00376186 0.03025
v 0.00402537 0.00296587 0.03025
v 0.00019583 -0.00499616 0.03025
v -0.00088278 -0.00492145 0.03025
v -0.00192011 -0.00461662 0.03025
v -0.00286765 -0.00409592 0.03025
v 0.00456884 0.00203119 0.03025
v 0.00489867 0.00100154 0.03025
v 0.00499944 -7.495E-05 0.03025
v 0.00486644 -0.00114793 0.03025
v 0.0045059 -0.00216723 0.03025
v 0.00393466 -0.0030852 0.03025
v 0.00317945 -0.0038589 0.03025
v 0.00227556 -0.00445217 0.03025
v 0.00126528 -0.00483726 0.03025
v -0.00192011 -0.00461662 0.03425
v -0.00088278 -0.00492145 0.03425
v 0.00019583 -0.00499616 0.03425
v 0.00126528 -0.00483726 0.03425
v 0.00227556 -0.00445217 0.03425
v 0.00317945 -0.0038589 0.03425
v 0.00393466 -0.0030852 0.03425
v 0.0045059 -0.00216723 0.03425
v 0.00486644 -0.00114793 0.03425
v 0.00499944 -7.495E-05 0.03425
v 0.00489867 0.00100154 0.03425
v 0.00456884 0.00203119 0.03425
v 0.00402537 0.00296587 0.03425
v 0.00329369 0.00376186 0.03425
v 0.002408 0.00438196 0.03425
v 0.00140971 0.00479716 0.03425
v 0.0003455 0.00498805 0.03425
v -0.00073486 0.0049457 0.03425
v -0.00178086 0.0046721 0.03425
v -0.00274359 0.00418004 0.03425
v -0.00357803 0.00349252 0.03425
v -0.00424517 0.0026417 0.03425
v -0.0047138 0.00166735 0.03425
v -0.00496203 0.00061504 0.03425
v -0.00497823 -0.00046603 0.03425
v -0.00476166 -0.00152531 0.03425
v -0.00432244 -0.00251326 0.03425
v -0.00368111 -0.0033837 0.03425
v -0.00286765 -0.00409592 0.03425
v 0 -0 0.03425
v -0.00247887 -0.00032431 -0.01225
v -0.00225733 -0.00107446 -0.01225
v 0 -0 -0.01225
v -0.00245777 0.00045757 -0.01225
v -0.00107446 0.00225733 -0.01225
v -0.00171942 0.00181482 -0.01225
v -0.00219608 0.00119467 -0.01225
v 0.00119467 0.00219608 -0.01225
v 0.00045757 0.00245777 -0.01225
v -0.00032431 0.00247887 -0.01225
v 0.00247887 0.00032431 -0.01225
v 0.00225733 0.00107446 -0.01225
v 0.00181482 0.00171942 -0.01225
v 0.00171942 -0.00181482 -0.01225
v 0.00219608 -0.00119467 -0.01225
v 0.00245777 -0.00045757 -0.01225
v -0.00045757 -0.00245777 -0.01225
v 0.00032431 -0.00247887 -0.01225
v 0.00107446 -0.00225733 -0.01225
v -0.00181482 -0.00171942 -0.01225
v -0.00119467 -0.00219608 -0.01225
v -0.00247887 -0.00032431 -0.02225
v -0.00245777 0.00045757 -0.02225
v -0.00219608 0.00119467 -0.02225
v -0.00171942 0.00181482 -0.02225
v -0.00107446 0.00225733 -0.02225
v -0.00032431 0.00247887 -0.02225
v 0.00045757 0.00245777 -0.02225
v 0.00119467 0.00219608 -0.02225
v 0.00181482 0.00171942 -0.02225
v 0.00225733 0.00107446 -0.02225
v 0.00247887 0.00032431 -0.02225
v 0.00245777 -0.00045757 -0.02225
v 0.00219608 -0.00119467 -0.02225
v 0.00171942 -0.00181482 -0.02225
v 0.00107446 -0.00225733 -0.02225
v 0.00032431 -0.00247887 -0.02225
v -0.00045757 -0.00245777 -0.02225
v -0.00119467 -0.00219608 -0.02225
v -0.00181482 -0.00171942 -0.02225
v -0.00225733 -0.00107446 -0.02225
v 0.00080855 -0.00288899 -0.02225
v 0.00158972 -0.00254417 -0.02225
v 0.0022421 -0.00199323 -0.02225
v 0.00271284 -0.00128082 -0.02225
v 0.0029638 -0.00046464 -0.02225
v 0.00297465 0.00038918 -0.02225
v 0.00274451 0.00121147 -0.02225
v 0.00229203 0.00193561 -0.02225
v 0.00165386 0.00250295 -0.02225
v 0.00088171 0.00286751 -0.02225
v 3.812E-05 0.00299976 -0.02225
v -0.00080855 0.00288899 -0.02225
v -0.00158972 0.00254417 -0.02225
v -0.0022421 0.00199323 -0.02225
v -0.00271284 0.00128082 -0.02225
v -0.0029638 0.00046464 -0.02225
v -0.00297465 -0.00038918 -0.02225
v -0.00274451 -0.00121147 -0.02225
v -0.00229203 -0.00193561 -0.02225
v -0.00165386 -0.00250295 -0.02225
v -0.00088171 -0.00286751 -0.02225
v -3.812E-05 -0.00299976 -0.02225
v -0.00297465 -0.00038918 -0.03025
v -0.0029638 0.00046464 -0.03025
v -0.00271284 0.00128082 -0.03025
v -0.0022421 0.00199323 -0.03025
v -0.00158972 0.00254417 -0.03025
v -0.00080855 0.00288899 -0.03025
v 3.812E-05 0.00299976 -0.03025
v 0.00088171 0.00286751 -0.03025
v 0.00165386 0.00250295 -0.03025
v 0.00229203 0.00193561 -0.03025
v 0.00274451 0.00121147 -0.03025
v 0.00297465 0.00038918 -0.03025
v 0.0029638 -0.00046464 -0.03025
v 0.00271284 -0.00128082 -0.03025
v 0.0022421 -0.00199323 -0.03025
v 0.00158972 -0.00254417 -0.03025
v 0.00080855 -0.00288899 -0.03025
v -3.812E-05 -0.00299976 -0.03025
v -0.00088171 -0.00286751 -0.03025
v -0.00165386 -0.00250295 -0.03025
v -0.00229203 -0.00193561 -0.03025
v -0.00274451 -0.00121147 -0.03025
v 0.00331909 -0.00373947 -0.03025
v 0.00404537 -0.00293854 -0.03025
v 0.00458249 -0.0020002 -0.03025
v -0.00070135 -0.00495057 -0.03025
v 0.00037927 -0.00498559 -0.03025
v 0.00144216 -0.0047875 -0.03025
v 0.00243761 -0.00436555 -0.03025
v -0.00422718 -0.00267039 -0.03025
v -0.0035543 -0.00351667 -0.03025
v -0.00271522 -0.00419852 -0.03025
v -0.00174918 -0.00468405 -0.03025
v 0.00490534 -0.00096834 -0.03025
v 0.00499882 0.0001088 -0.03025
v 0.00485856 0.00118085 -0.03025
v 0.00449112 0.00219769 -0.03025
v 0.00391368 0.00311177 -0.03025
v -0.00477188 0.00149302 -0.03025
v -0.00498128 0.0004323 -0.03025
v -0.00495775 -0.00064863 -0.03025
v -0.0047024 -0.00169923 -0.03025
v 0.00315324 0.00388034 -0.03025
v 0.00224536 0.00446748 -0.03025
v 0.00123249 0.00484572 -0.03025
v 0.00016199 0.00499738 -0.03025
v -0.00091609 0.00491536 -0.03025
v -0.00195133 0.00460351 -0.03025
v -0.00289532 0.00407641 -0.03025
v -0.00370394 0.00335869 -0.03025
v -0.00433936 0.00248393 -0.03025
v -0.00495775 -0.00064863 -0.03425
v -0.00498128 0.0004323 -0.03425
v -0.00477188 0.00149302 -0.03425
v -0.00433936 0.00248393 -0.03425
v -0.00370394 0.00335869 -0.03425
v -0.00289532 0.00407641 -0.03425
v -0.00195133 0.00460351 -0.03425
v -0.00091609 0.00491536 -0.03425
v 0.00016199 0.00499738 -0.03425
v 0.00123249 0.00484572 -0.03425
v 0.00224536 0.00446748 -0.03425
v 0.00315324 0.00388034 -0.03425
v 0.00391368 0.00311177 -0.03425
v 0.00449112 0.00219769 -0.03425
v 0.00485856 0.00118085 -0.03425
v 0.00499882 0.0001088 -0.03425
v 0.00490534 -0.00096834 -0.03425
v 0.00458249 -0.0020002 -0.03425
v 0.00404537 -0.00293854 -0.03425
v 0.00331909 -0.00373947 -0.03425
v 0.00243761 -0.00436555 -0.03425
v 0.00144216 -0.0047875 -0.03425
v 0.00037927 -0.00498559 -0.03425
v -0.00070135 -0.00495057 -0.03425
v -0.00174918 -0.00468405 -0.03425
v -0.00271522 -0.00419852 -0.03425
v -0.0035543 -0.00351667 -0.03425
v -0.00422718 -0.00267039 -0.03425
v -0.0047024 -0.00169923 -0.03425
v 0 -0 -0.03425
vn -0 0 -1
vn 0 0 -1
vn 0 -0 1
vn -0 -0 1
vn 1 -0 0
vn 1 -0 0
vn -0.0134 0.14355 0.98955
vn -0.00453 0.17964 0.98372
vn -0.00127 0.20542 0.97867
vn 0.00514 0.2169 0.97618
vn 0.00096 0.22495 0.97437
vn 0.00512 -0.2169 0.97618
vn -0.00039 -0.22007 0.97548
vn -0.00127 -0.20543 0.97867
vn -0.00454 -0.17963 0.98372
vn -0.0134 -0.14353 0.98955
vn -0.03274 -0.09734 0.99471
vn -0.01807 -0.12052 0.99255
vn -0 -0.02864 0.99959
vn 0 0.12054 0.99271
vn -0.07009 0.0378 0.99682
vn -0.03274 0.09734 0.99471
vn -0.0134 -0.14355 -0.98955
vn -0.00453 -0.17964 -0.98372
vn -0.00127 -0.20542 -0.97867
vn 0.00514 -0.2169 -0.97618
vn 0.00096 -0.22495 -0.97437
vn 0.00512 0.2169 -0.97618
vn -0.00039 0.22007 -0.97548
vn -0.00127 0.20543 -0.97867
vn -0.00454 0.17963 -0.98372
vn -0.0134 0.14353 -0.98955
vn -0.03274 0.09734 -0.99471
vn -0.01807 0.12052 -0.99255
vn -0 0.02864 -0.99959
vn 0 -0.12054 -0.99271
vn -0.07009 -0.0378 -0.99682
vn -0.03274 -0.09734 -0.99471
vn 0.00096 0.22498 -0.97436
vn 0 0.23019 -0.97314
vn -0 0.3546 -0.93502
vn 0 0.56806 -0.82298
vn 0 0.74851 -0.66312
vn 0 0.88546 -0.46472
vn 0 0.97094 -0.23932
vn 0 1 0
vn 0 0.97094 0.23932
vn -0 0.88546 0.46472
vn 0 0.74851 0.66312
vn -0 0.56806 0.82298
vn -0 0.3546 0.93502
vn -0 0.23019 0.97314
vn -0.00039 0.22006 0.97549
vn 0.00096 -0.22498 0.97436
vn -0 -0.23019 0.97314
vn 0 -0.3546 0.93502
vn -0 -0.56806 0.82298
vn -0 -0.74851 0.66312
vn -0 -0.88546 0.46472
vn -0 -0.97094 0.23932
vn -0 -1 -0
vn -0 -0.97094 -0.23932
vn 0 -0.88546 -0.46472
vn -0 -0.74851 -0.66312
vn 0 -0.56806 -0.82298
vn 0 -0.3546 -0.93502
vn 0 -0.23019 -0.97314
vn -0.00039 -0.22006 -0.97549
vn -1 0 0
vn -1 0 -0
vn 0 -0.48654 -0.87366
vn -0 -0.64524 -0.76398
vn 0 -0.77993 -0.62587
vn -0 -0.88559 -0.46447
vn -0 -0.9583 -0.28578
vn -0 -0.99534 -0.09646
vn -0 -0.99534 0.09646
vn -0 -0.9583 0.28578
vn -0 -0.88559 0.46447
vn 0 -0.77993 0.62587
vn -0 -0.64524 0.76398
vn -0 -0.48654 0.87366
vn -0 0.48654 0.87366
vn 0 0.64524 0.76398
vn -0 0.77993 0.62587
vn 0 0.88559 0.46447
vn 0 0.9583 0.28578
vn -0 0.99534 0.09646
vn 0 0.99534 -0.09646
vn 0 0.9583 -0.28578
vn 0 0.88559 -0.46447
vn -0 0.77993 -0.62587
vn 0 0.64524 -0.76398
vn 0 0.48654 -0.87366
vn 0.30902 -0.95106 -0
vn 0.17514 -0.98065 0.08742
vn 0.26971 -0.96218 0.03829
vn 0.43941 -0.89815 0.01577
vn 0.4102 -0.91193 -0.01124
vn 0.39417 -0.91825 -0.03802
vn 0.38703 -0.91879 -0.07771
vn -0.5 -0.86603 -0
vn -0.30246 -0.95316 -0
vn -0.23498 -0.972 0.0012
vn -0.13872 -0.99009 0.02172
vn -0.10447 -0.99396 0.03369
vn -0.04657 -0.99878 0.01634
vn 0.05234 -0.99863 -0
vn -0.49377 -0.8685 -0.04366
vn -0.30245 -0.95317 -0
vn -0.28975 -0.95709 -0.00482
vn -0.5 0.86603 0
vn -0.30245 0.95317 0
vn -0.28975 0.95709 -0.00482
vn -0.10449 0.99419 0.02587
vn -0.05119 0.99733 0.05214
vn -0.13869 0.9901 0.02172
vn -0.23498 0.972 0.0012
vn -0.30246 0.95316 0
vn -0.5402 0.83965 0.05628
vn -0.49377 0.8685 -0.04366
vn 0.39419 0.91824 -0.03797
vn 0.38704 0.91879 -0.07764
vn 0.38485 0.92295 0.00736
vn 0.34727 0.93763 0.01587
vn 0.26971 0.96218 0.03829
vn 0.30897 0.95091 0.01727
vn 0.13776 0.99047 0
vn 0.05234 0.99863 0
vn 0.41022 0.91192 -0.01122
vn 0.42245 0.90639 0
vn 0.66913 0.74314 0
vn 0.91355 0.40674 0
vn 0.99452 0.10453 0
vn 0.99983 0 -0.01846
vn 0.99452 -0.10453 -0
vn 0.91355 -0.40674 -0
vn 0.66913 -0.74314 -0
vn 0.41679 -0.909 -0
vn 0.34723 -0.93764 0.01588
vn -0.5402 -0.83965 0.05628
vn -0.80902 -0.58779 -0
vn -0.97815 -0.20791 -0
vn -0.97815 0.20791 0
vn -0.80902 0.58779 0
vn 0.04744 0.32299 -0.94521
vn 0.00816 -0.25802 0.96611
vn 0.0357 -0.26415 0.96382
vn 0.00185 0.22262 0.9749
vn 0.00933 0.17604 0.98434
vn 0.02773 0.11767 0.99267
vn 0.01834 0.13614 0.99052
vn 0 0.03631 0.99934
vn -0 -0.13617 0.99069
vn 0.06441 -0.04471 0.99692
vn 0.02773 -0.11766 0.99267
vn 0.00122 0.2698 -0.96292
vn 0.08509 0.32363 -0.94235
vn 0.00589 -0.06824 -0.99765
vn -0 -0.03524 -0.99938
vn 0 0.06824 -0.99767
vn 0.01116 0.03665 -0.99927
vn -0.0003 0.10515 -0.99446
vn 0.02351 -0.24933 -0.96813
vn 0.04495 -0.20235 -0.97828
vn 0.00123 -0.2698 -0.96292
vn -0 -0.13809 -0.99042
vn -0 -0.10336 -0.99464
vn 0.00815 0.25802 0.96611
vn 0 0.25617 0.96663
vn 0 0.3984 0.91721
vn -0 0.63109 0.77571
vn 0 0.81697 0.57668
vn 0 0.94226 0.33488
vn -0 0.99473 0.1025
vn -0.01315 0.99758 0.06824
vn -0 0.99943 -0.0339
vn -0 0.97908 -0.20346
vn -0 0.88789 -0.46006
vn 0 0.73084 -0.68255
vn 0 0.51958 -0.85442
vn 0 0.29982 -0.954
vn 0.04499 0.20229 -0.97829
vn 0.04744 -0.32299 -0.94521
vn 0 -0.32154 -0.9469
vn -0 -0.51958 -0.85442
vn 0 -0.73084 -0.68255
vn -0 -0.88789 -0.46006
vn 0 -0.97908 -0.20346
vn -0 -0.99943 -0.0339
vn -0.01315 -0.99758 0.06824
vn 0 -0.99473 0.1025
vn -0 -0.94226 0.33488
vn -0 -0.81697 0.57668
vn -0 -0.63109 0.77571
vn -0 -0.3984 0.91721
vn -0 -0.23402 0.97223
vn 0.00935 -0.17599 0.98435
vn -0.43798 -0.88385 -0.16426
vn 0.9238 0.38287 0
vn 0.3176 0.94822 -0.00199
vn 0.44401 0.89602 0.00022
vn 0.48814 0.87276 0
vn 0.36324 0.93164 0.01015
vn 0.06563 0.99773 -0.01493
vn 0.18887 0.98197 -0.00745
vn 0.70711 0.70711 0
vn 0.79244 0.60988 0.00947
vn 0.60864 0.79345 0
vn 0.99133 0.13107 0.00958
vn 0.96593 0.25882 0
vn 0.99142 -0.13071 -0
vn 0.96591 -0.25882 0.00484
vn 0.92381 -0.38285 -0
vn 0.44401 -0.89602 0.00022
vn 0.3176 -0.94822 -0.00199
vn 0.18898 -0.98195 -0.00744
vn 0.3633 -0.93166 0.00366
vn 0.0641 -0.99794 -0.00247
vn 0.12361 -0.99233 -0
vn 0.79346 -0.60863 -0
vn 0.7071 -0.7071 0.0048
vn 0.60891 -0.79324 0
vn 0.48816 -0.87276 -0
vn 0.48816 -0.87275 -0
vn -0.13056 -0.99144 -0
vn -0.06405 -0.99794 -0.00291
vn -0.38239 -0.92399 0.0044
vn -0.70711 -0.70711 -0
vn -0.18943 -0.98185 -0.00885
vn -0.37562 -0.92677 -0
vn -0.60877 -0.79334 -0
vn -0.7926 -0.60964 0.01098
vn -0.96591 0.25881 0.00561
vn -0.99143 0.13065 0
vn -0.96593 -0.25882 -0
vn -0.99133 -0.13095 0.01109
vn -0.92383 -0.38279 -0
vn -0.44401 0.89602 0
vn -0.60868 0.79341 0
vn -0.7071 0.7071 0.00556
vn -0.79329 0.60884 0
vn -0.92383 0.3828 0
vn -0.31823 0.94801 -0.0028
vn -0.18954 0.98183 -0.00884
vn -0.38258 0.92391 0.0044
vn -0.06416 0.99794 -0.00292
vn -0.13077 0.99141 0
vn 0.12405 0.99228 0
vn 0.5 0.86603 0
vn 0.30245 0.95317 0
vn 0.28975 0.95709 0.00482
vn 0.10449 0.99419 -0.02587
vn 0.05123 0.99733 -0.05212
vn 0.13872 0.99009 -0.02172
vn 0.23498 0.972 -0.0012
vn 0.30246 0.95316 0
vn 0.5402 0.83965 -0.05628
vn 0.49377 0.8685 0.04366
vn -0.39417 0.91825 0.03802
vn -0.38703 0.91879 0.07771
vn -0.3848 0.92297 -0.00737
vn -0.34723 0.93764 -0.01588
vn -0.26971 0.96218 -0.03829
vn -0.30897 0.95091 -0.01727
vn -0.13776 0.99047 0
vn -0.05234 0.99863 0
vn -0.30902 -0.95106 -0
vn -0.17514 -0.98065 -0.08742
vn -0.26971 -0.96218 -0.03829
vn -0.43936 -0.89817 -0.01572
vn -0.41022 -0.91192 0.01122
vn -0.39419 -0.91824 0.03797
vn -0.38704 -0.91879 0.07764
vn 0.5 -0.86603 -0
vn 0.30246 -0.95316 -0
vn 0.23498 -0.972 -0.0012
vn 0.13869 -0.9901 -0.02172
vn 0.10447 -0.99396 -0.03369
vn 0.04653 -0.99878 -0.01633
vn -0.05234 -0.99863 -0
vn 0.49377 -0.8685 0.04366
vn 0.30245 -0.95317 -0
vn 0.28975 -0.95709 0.00482
vn -0.4102 0.91193 0.01124
vn -0.42245 0.90639 0
vn -0.66913 0.74314 0
vn -0.91355 0.40674 0
vn -0.99452 0.10453 0
vn -0.99983 -0 0.01846
vn -0.99452 -0.10453 -0
vn -0.91355 -0.40674 -0
vn -0.66913 -0.74314 -0
vn -0.41681 -0.90899 -0
vn -0.34727 -0.93763 -0.01587
vn 0.5402 -0.83965 -0.05628
vn 0.80902 -0.58779 -0
vn 0.97815 -0.20791 -0
vn 0.97815 0.20791 0
vn 0.80902 0.58779 0
vn -0.43798 0.88385 0.16426
vn 0.3176 -0.94822 0.00199
vn 0.44401 -0.89602 -0.00022
vn 0.48814 -0.87276 -0
vn 0.36324 -0.93164 -0.01015
vn 0.06563 -0.99773 0.01493
vn 0.18887 -0.98197 0.00745
vn 0.92825 -0.37196 -0.0003
vn 0.86993 -0.49318 0
vn 0.70711 -0.70711 -0
vn 0.79243 -0.60989 -0.00947
vn 0.60864 -0.79345 -0
vn 0.99183 -0.12715 -0.00987
vn 0.96593 -0.25882 -0
vn 0.99193 0.12676 0
vn 0.96591 0.25882 -0.00484
vn 0.92533 0.37917 0
vn 0.44401 0.89602 -0.00022
vn 0.3176 0.94822 0.00199
vn 0.18898 0.98195 0.00744
vn 0.3633 0.93166 -0.00366
vn 0.0641 0.99794 0.00247
vn 0.12361 0.99233 0
vn 0.79346 0.60863 0
vn 0.7071 0.7071 -0.0048
vn 0.60891 0.79324 -0
vn 0.48816 0.87276 0
vn 0.48816 0.87275 0
vn -0.13056 0.99144 0
vn -0.06405 0.99794 0.00291
vn -0.38239 0.92399 -0.0044
vn -0.70711 0.70711 0
vn -0.18943 0.98185 0.00885
vn -0.37562 0.92677 0
vn -0.60877 0.79334 0
vn -0.7926 0.60964 -0.01098
vn -0.96591 -0.25881 -0.00561
vn -0.99143 -0.13065 -0
vn -0.96593 0.25882 0
vn -0.99133 0.13095 -0.01109
vn -0.92383 0.38279 0
vn -0.44401 -0.89602 -0
vn -0.60868 -0.79341 -0
vn -0.7071 -0.7071 -0.00556
vn -0.79329 -0.60884 -0
vn -0.92383 -0.3828 -0
vn -0.31823 -0.94801 0.0028
vn -0.18954 -0.98183 0.00884
vn -0.38258 -0.92391 -0.0044
vn -0.06416 -0.99794 0.00292
vn -0.13077 -0.99141 -0
vn 0.12405 -0.99228 -0
vn 0.65809 -0 0.75294
vn 0.38363 -0 0.92349
vn 0.70705 0.01259 0.70705
vn 0.13298 0.02342 0.99084
vn 0.25882 -0 0.96593
vn -0.13132 -0 0.99134
vn -0.2588 0.01197 0.96586
vn -0.38342 -0 0.92357
vn -0.65809 -0 0.75294
vn -0.83392 0.04999 0.54961
vn -0.70711 6E-05 0.70711
vn -0.92362 -3E-05 0.3833
vn -0.9658 0.01611 0.25879
vn -0.99139 -0 0.13095
vn -0.99137 0 -0.13111
vn -0.9658 0.01611 -0.25879
vn -0.92365 0 -0.38323
vn -0.70711 0 -0.70711
vn 0.70711 0 -0.70711
vn 0.38312 0 -0.9237
vn 0.25878 0.01736 -0.96578
vn 0.131 0 -0.99138
vn -0.25882 0 -0.96593
vn -0.1562 0.02777 -0.98734
vn -0.40525 0 -0.9142
vn 0.96589 0.00865 -0.25881
vn 0.88599 0 -0.4637
vn 0.8305 0 0.55702
vn 0.88596 -0 0.46376
vn 0.96589 0.00865 0.25881
vn 0.97582 -0 0.21859
vn 0.97582 0 -0.21859
vn -0.38363 -0 0.92349
vn -0.70705 -0.01259 0.70705
vn -0.13298 -0.02342 0.99084
vn -0.25882 -0 0.96593
vn 0.13132 -0 0.99134
vn 0.2588 -0.01197 0.96586
vn 0.38342 -0 0.92357
vn 0.83402 -0.05002 0.54947
vn 0.70711 -2E-05 0.70711
vn 0.88596 0 0.46376
vn 0.96589 -0.00865 0.25881
vn 0.96589 -0.00865 -0.25881
vn -0.25878 -0.0167 -0.96579
vn -0.15484 0 -0.98794
vn 0.25882 0 -0.96593
vn 0.13231 -0.03411 -0.99062
vn 0.38302 0 -0.92374
vn -0.9658 -0.01611 -0.25879
vn -0.92376 0 -0.38297
vn -0.83054 -0 0.55696
vn -0.92378 -0 0.38292
vn -0.9658 -0.01611 0.25879
vn -0.99141 -0 0.13078
vn -0.9914 0 -0.13083
vn 0.65809 0 -0.75294
vn 0.38363 0 -0.92349
vn 0.70705 -0.01259 -0.70705
vn 0.13298 -0.02342 -0.99084
vn 0.25882 0 -0.96593
vn -0.13132 0 -0.99134
vn -0.2588 -0.01197 -0.96586
vn -0.38342 0 -0.92357
vn -0.65809 0 -0.75294
vn -0.83402 -0.05002 -0.54947
vn -0.70711 -2E-05 -0.70711
vn -0.88596 0 -0.46376
vn -0.96589 -0.00865 -0.25881
vn -0.97582 0 -0.21859
vn -0.97582 -0 0.21859
vn -0.96589 -0.00865 0.25881
vn -0.88599 -0 0.4637
vn -0.70711 -0 0.70711
vn 0.70711 -0 0.70711
vn 0.40525 -0 0.9142
vn 0.25878 -0.0167 0.96579
vn 0.15484 -0 0.98794
vn -0.25882 -0 0.96593
vn -0.13242 -0.03409 0.99061
vn -0.38312 -0 0.9237
vn 0.9658 -0.01611 0.25879
vn 0.92365 -0 0.38323
vn 0.83041 -2E-05 -0.55715
vn 0.92362 3E-05 -0.3833
vn 0.9658 -0.01611 -0.25879
vn 0.99139 0 -0.13095
vn 0.99137 -0 0.13111
vn 0.83405 0.05003 -0.54941
vn 0.70711 0 -0.70711
vn 0.92378 0 -0.38292
vn 0.9658 0.01611 -0.25879
vn 0.99141 0 -0.13078
vn 0.9914 -0 0.13083
vn 0.9658 0.01611 0.25879
vn 0.92376 -0 0.38297
vn -0.38302 -0 0.92374
vn -0.25878 0.01736 0.96578
vn -0.1309 -0 0.9914
vn 0.25882 -0 0.96593
vn 0.1562 0.02777 0.98734
vn -0.96589 0.00865 0.25881
vn -0.96589 0.00865 -0.25881
vn -0.38363 0 -0.92349
vn -0.70705 0.01259 -0.70705
vn -0.8305 0 -0.55702
vn -0.88596 -0 -0.46376
vn -0.13298 0.02342 -0.99084
vn -0.25882 0 -0.96593
vn 0.13132 0 -0.99134
vn 0.2588 0.01197 -0.96586
vn 0.38342 0 -0.92357
vn -0 0.25882 -0.96593
vn 0 0.70711 -0.70711
vn 0 0.96593 -0.25882
vn -0 0.96593 0.25882
vn 0 0.70711 0.70711
vn 0 0.25882 0.96593
vn 0 -0.25882 0.96593
vn -0 -0.70711 0.70711
vn -0 -0.96593 0.25882
vn 0 -0.96593 -0.25882
vn -0 -0.70711 -0.70711
vn -0 -0.25882 -0.96593
vn -0 0.25882 -0.96593
vn 0 0.70711 -0.70711
vn 0 0.70711 0.70711
vn 0 0.25882 0.96593
vn 0 -0.25882 0.96593
vn -0 -0.70711 0.70711
vn -0 -0.70711 -0.70711
vn -0 -0.25882 -0.96593
vn 0 0.96593 -0.25882
vn -0 0.96593 0.25882
vn 0 0.70711 0.70711
vn -0 -0.96593 0.25882
vn 0 -0.96593 -0.25882
vn -0 -0.70711 -0.70711
vn 0 0.70711 -0.70711
vn -0 -0.70711 0.70711
vn -0 -0.56854 0.82266
vn -0 -0.83666 0.54772
vn -0 -0.98139 0.19201
vn -0 0.98139 0.19201
vn -0 0.83666 0.54772
vn -0 0.56854 0.82266
vn 0 0.56854 -0.82266
vn 0 0.83666 -0.54772
vn 0 0.98139 -0.19201
vn 0 -0.98139 -0.19201
vn 0 -0.83666 -0.54772
vn 0 -0.56854 -0.82266
vn -0.5 0.86603 0
vn 0.80016 0.59978 0
vn 0.79324 0.60868 0.01681
vn 0.61756 0.78631 -0.01838
vn 0.60876 0.79335 0
vn 0.86603 -0.5 0
vn 0.86603 -0.5 -0
vn 0.86603 -0.5 -0
vn 0.86603 -0.5 -0
vn 0.61766 -0.78644 -0
vn 0.60864 -0.7932 -0.01995
vn 0.80003 -0.59968 0.01838
vn 0.79335 -0.60876 -0
vn -0.5 -0.86603 -0
vn 0.86603 0.5 0
vn 0.86603 0.5 0
vn 0.86603 0.5 -0
vn 0.86603 0.5 0
vn 0.86603 -0.5 -0
vn 0.86603 -0.5 -0
vn 0.86603 -0.5 0
vn 0.61766 0.78644 0
vn 0.60864 0.7932 0.01995
vn 0.80003 0.59968 -0.01838
vn 0.79335 0.60876 0
vn 0.80016 -0.59978 -0
vn 0.79324 -0.60868 -0.01681
vn 0.61756 -0.78631 0.01838
vn 0.60876 -0.79335 -0
vn 0.86603 0.5 -0
vn 0.86603 0.5 0
vn 0.86603 0.5 0
vn 0.70711 -0 0.70711
vn -0.35355 -0.61237 0.70711
vn -0.35355 -0.61237 0.70711
vn 0.43896 -0.55891 0.70351
vn 0.43896 -0.55891 0.70351
vn 0.57735 -0.41426 0.7036
vn 0.52952 -0.39692 0.74971
vn -0.35355 0.61237 0.70711
vn -0.35355 0.61237 0.70711
vn 0.54261 0.38934 0.74431
vn 0.56783 0.42563 0.70457
vn 0.43896 0.55891 0.70351
vn 0.43896 0.55891 0.70351
vn 0.57835 0.42019 0.69925
vn 0.57835 0.42019 0.69925
vn 0.35744 0.6191 0.69925
vn 0.35744 0.6191 0.69925
vn 0.07472 0.71096 0.69925
vn 0.07472 0.71096 0.69925
vn -0.22091 0.67989 0.69925
vn -0.22091 0.67989 0.69925
vn -0.47834 0.53125 0.69925
vn -0.47834 0.53125 0.69925
vn -0.65307 0.29077 0.69925
vn -0.65307 0.29077 0.69925
vn -0.70516 0.07412 0.70516
vn -0.70516 0.07412 0.70516
vn -0.70516 -0.07412 0.70516
vn -0.70516 -0.07412 0.70516
vn -0.65307 -0.29077 0.69925
vn -0.65307 -0.29077 0.69925
vn -0.47834 -0.53126 0.69925
vn -0.47834 -0.53125 0.69925
vn -0.22091 -0.67989 0.69925
vn -0.22091 -0.67989 0.69925
vn 0.07472 -0.71096 0.69925
vn 0.07472 -0.71096 0.69925
vn 0.35744 -0.6191 0.69925
vn 0.35744 -0.6191 0.69925
vn 0.57834 -0.42019 0.69925
vn 0.57835 -0.42019 0.69925
vn 0.69925 -0.14863 0.69925
vn 0.69925 -0.14863 0.69925
vn 0.69925 0.14863 0.69925
vn 0.69925 0.14863 0.69925
vn 0.70711 0 -0.70711
vn -0.35355 0.61237 -0.70711
vn -0.35355 0.61237 -0.70711
vn 0.43896 0.55891 -0.70351
vn 0.43896 0.55891 -0.70351
vn 0.57735 0.41426 -0.7036
vn 0.52952 0.39692 -0.74971
vn -0.35355 -0.61237 -0.70711
vn -0.35355 -0.61237 -0.70711
vn 0.54261 -0.38934 -0.74431
vn 0.56783 -0.42563 -0.70457
vn 0.43896 -0.55891 -0.70351
vn 0.43896 -0.55891 -0.70351
vn -0.57835 0.42019 -0.69925
vn -0.57835 0.42019 -0.69925
vn -0.35744 0.6191 -0.69925
vn -0.35744 0.6191 -0.69925
vn -0.07472 0.71096 -0.69925
vn -0.07472 0.71096 -0.69925
vn 0.22091 0.67989 -0.69925
vn 0.22091 0.67989 -0.69925
vn 0.47834 0.53125 -0.69925
vn 0.47834 0.53125 -0.69925
vn 0.65307 0.29077 -0.69925
vn 0.65307 0.29077 -0.69925
vn 0.70516 0.07412 -0.70516
vn 0.70516 0.07412 -0.70516
vn 0.70516 -0.07412 -0.70516
vn 0.70516 -0.07412 -0.70516
vn 0.65307 -0.29077 -0.69925
vn 0.65307 -0.29077 -0.69925
vn 0.47834 -0.53126 -0.69925
vn 0.47834 -0.53125 -0.69925
vn 0.22091 -0.67989 -0.69925
vn 0.22091 -0.67989 -0.69925
vn -0.07472 -0.71096 -0.69925
vn -0.07472 -0.71096 -0.69925
vn -0.35744 -0.6191 -0.69925
vn -0.35744 -0.6191 -0.69925
vn -0.57834 -0.42019 -0.69925
vn -0.57835 -0.42019 -0.69925
vn -0.69925 -0.14863 -0.69925
vn -0.69925 -0.14863 -0.69925
vn -0.69925 0.14863 -0.69925
vn -0.69925 0.14863 -0.69925
vn 0.80278 0.59627 0
vn 0.70646 0.70646 0.04273
vn 0.70451 0.68907 0.16984
vn 0.70452 0.68907 0.16984
vn 0.70452 0.6284 0.32981
vn 0.70451 0.6284 0.32981
vn 0.70451 0.53121 0.47061
vn 0.70452 0.53121 0.47061
vn 0.70452 0.40315 0.58406
vn 0.70452 0.40315 0.58406
vn 0.70452 0.25166 0.66357
vn 0.70452 0.25166 0.66357
vn 0.70452 0.08554 0.70451
vn 0.70452 0.08554 0.70451
vn 0.70452 -0.08554 0.70451
vn 0.70452 -0.08554 0.70451
vn 0.70452 -0.25166 0.66357
vn 0.70452 -0.25166 0.66357
vn 0.70452 -0.40315 0.58406
vn 0.70452 -0.40315 0.58406
vn 0.70452 -0.53121 0.47061
vn 0.70451 -0.53121 0.47061
vn 0.70451 -0.6284 0.32981
vn 0.70452 -0.6284 0.32981
vn 0.70452 -0.68907 0.16984
vn 0.70451 -0.68907 0.16984
vn 0.70451 -0.70969 -0
vn 0.86057 -0.50841 0.03075
vn 0.70646 -0.70646 -0.04273
vn 0.70451 -0.68907 -0.16984
vn 0.70452 -0.68907 -0.16984
vn 0.70452 -0.6284 -0.32981
vn 0.70451 -0.6284 -0.32981
vn 0.70451 -0.53121 -0.47061
vn 0.70452 -0.53121 -0.47061
vn 0.70452 -0.40315 -0.58406
vn 0.70452 -0.40315 -0.58406
vn 0.70452 -0.25166 -0.66357
vn 0.70452 -0.25166 -0.66357
vn 0.70452 -0.08554 -0.70451
vn 0.70452 -0.08554 -0.70451
vn 0.70452 0.08554 -0.70451
vn 0.70452 0.08554 -0.70451
vn 0.70452 0.25166 -0.66357
vn 0.70452 0.25166 -0.66357
vn 0.70452 0.40315 -0.58406
vn 0.70452 0.40315 -0.58406
vn 0.70452 0.53121 -0.47061
vn 0.70451 0.53121 -0.47061
vn 0.70451 0.6284 -0.32981
vn 0.70452 0.6284 -0.32981
vn 0.70452 0.68907 -0.16984
vn 0.70451 0.68907 -0.16984
vn 0.70646 0.70646 -0.04273
vn -1 0 0
vn -1 0 0
vn 1 -0 -0
vn 1 -0 -0
vn 0 0.9998 -0.02009
vn 0 0.99817 0.06043
vn 0 0.99271 -0.12054
vn 0 0.96052 -0.27822
vn 0 0.90345 -0.42869
vn -0 0.82298 -0.56806
vn -0 0.7212 -0.69272
vn -0 0.60074 -0.79944
vn -0 0.46472 -0.88546
vn -0 0.31667 -0.94854
vn -0 0.16041 -0.98705
vn -0 0.04027 -0.99919
vn -0 0.04027 -0.99919
vn -0 -0.04027 -0.99919
vn -0 -0.04027 -0.99919
vn -0 -0.16041 -0.98705
vn -0 -0.31667 -0.94854
vn -0 -0.46472 -0.88546
vn -0 -0.60074 -0.79944
vn -0 -0.7212 -0.69272
vn -0 -0.82298 -0.56806
vn -0 -0.90345 -0.42869
vn -0 -0.96052 -0.27822
vn -0 -0.99271 -0.12054
vn -0 -0.9998 -0.02009
vn -0 -0.99817 0.06043
vn 0 0.97979 0.20003
vn 0 0.93502 0.35461
vn 0 0.86603 0.5
vn 0 0.7746 0.63245
vn 0 0.66312 0.74851
vn 0 0.53447 0.84519
vn 0 0.39197 0.91998
vn 0 0.23932 0.97094
vn 0 0.08047 0.99676
vn 0 -0.08047 0.99676
vn 0 -0.23932 0.97094
vn 0 -0.39197 0.91998
vn 0 -0.53447 0.84519
vn 0 -0.66312 0.74851
vn 0 -0.7746 0.63245
vn 0 -0.86603 0.5
vn -0 -0.93502 0.35461
vn -0 -0.97979 0.20003
vn 0.02423 0.11193 -0.99342
vn -0 0.20592 -0.97857
vn -0 0.298 -0.95457
vn 0.0398 0.33002 -0.94314
vn -0 0.40301 -0.9152
vn -0 0.53203 -0.84672
vn 0.0853 0.4864 -0.86956
vn -0 0.58282 -0.8126
vn -0 0.65743 -0.75352
vn 0.04499 0.70639 -0.70639
vn -0 0.86088 -0.50881
vn 0.03461 0.84622 -0.53171
vn -0 0.7985 -0.602
vn -0 0.73766 -0.67517
vn 0 0.90535 -0.42467
vn 0.01609 0.94488 -0.32703
vn 0.01073 0.94383 -0.33026
vn 0 0.97339 -0.22914
vn 0 0.99077 -0.13558
vn 0.0315 0.99322 -0.11191
vn 0 0.99972 -0.0238
vn 0 0.99371 0.11196
vn 0.06834 0.99512 0.07117
vn 0 0.98319 0.18257
vn 0 0.96139 0.2752
vn 0.04706 0.94284 0.32991
vn 0 0.92453 0.38111
vn 0 0.88412 0.46727
vn 0.04188 0.84598 0.53157
vn 0 0.69254 0.72138
vn 0.02804 0.70683 0.70683
vn 0 0.76895 0.63931
vn 0 0.82624 0.56332
vn 0 0.62083 0.78395
vn 0.00502 0.54063 0.84124
vn 0.02008 0.53192 0.84655
vn 0 0.4461 0.89499
vn 0 0.359 0.93334
vn 0.03738 0.33005 0.94322
vn 0 0.25224 0.96766
vn 0 0.11196 0.99371
vn 0.07966 0.15861 0.98412
vn 0 0.04758 0.99887
vn 0 -0.04758 0.99887
vn 0.04603 -0.11185 0.99266
vn 0 -0.359 0.93334
vn 0.03738 -0.33005 0.94322
vn 0 -0.25224 0.96766
vn 0 -0.15912 0.98726
vn 0 -0.4461 0.89499
vn 0.02215 -0.54051 0.84105
vn 0.00554 -0.53202 0.84671
vn 0 -0.62083 0.78395
vn 0 -0.69254 0.72138
vn 0.02804 -0.70683 0.70683
vn 0 -0.76895 0.63931
vn 0 -0.82624 0.56332
vn 0.04188 -0.84598 0.53157
vn -0 -0.88412 0.46727
vn -0 -0.94388 0.33028
vn 0.09094 -0.9207 0.37953
vn -0 -0.96139 0.2752
vn -0 -0.98319 0.18257
vn 0.04361 -0.99277 0.11186
vn -0 -0.99077 -0.13558
vn 0.0315 -0.99322 -0.11191
vn -0 -0.99972 -0.0238
vn -0 -0.99745 0.07134
vn -0 -0.97339 -0.22914
vn 0.01039 -0.94495 -0.32705
vn 0.01558 -0.94377 -0.33024
vn -0 -0.90535 -0.42467
vn -0 -0.86088 -0.50881
vn 0.03461 -0.84622 -0.53171
vn -0 -0.7985 -0.602
vn -0 -0.70711 -0.70711
vn 0.074 -0.73564 -0.67332
vn -0 -0.65743 -0.75352
vn -0 -0.58282 -0.8126
vn 0.04672 -0.53145 -0.8458
vn -0 -0.48818 -0.87275
vn -0 -0.40301 -0.9152
vn 0.0398 -0.33002 -0.94314
vn -0 -0.298 -0.95457
vn -0 -0.20592 -0.97857
vn 0.02423 -0.11193 -0.99342
vn -0 -0.09506 -0.99547
vn -0 0.09506 -0.99547
vn 0.70265 -0.20046 -0.68272
vn 0.70602 -0.21104 -0.67601
vn 0.7069 -0.28505 -0.64733
vn 0.70102 -0.32678 -0.63387
vn 0.70644 -0.34552 -0.6177
vn 0.7055 -0.4381 -0.55708
vn 0.69444 -0.41937 -0.58471
vn 0.70676 -0.4651 -0.53308
vn 0.7055 -0.53561 -0.46411
vn 0.69884 -0.52764 -0.48294
vn 0.70698 -0.56473 -0.42575
vn 0.7055 -0.61376 -0.35435
vn 0.70305 -0.6122 -0.36183
vn 0.70709 -0.64019 -0.3003
vn 0.7055 -0.66973 -0.2318
vn 0.7055 -0.66973 -0.2318
vn 0.7071 -0.6883 -0.16203
vn 0.70421 -0.70276 -0.10104
vn 0.70572 -0.70195 -0.09606
vn 0.70701 -0.70701 -0.01677
vn 0.707 -0.70701 -0.01683
vn 0.70622 -0.70619 0.05056
vn 0.7062 -0.7062 0.05051
vn 0.70681 -0.69551 0.12915
vn 0.70072 -0.69333 0.1682
vn 0.70658 -0.68031 0.19474
vn 0.7055 -0.64466 0.29441
vn 0.69622 -0.66365 0.27357
vn 0.70686 -0.62538 0.33052
vn 0.7055 -0.5773 0.41109
vn 0.70054 -0.58961 0.40199
vn 0.70703 -0.54379 0.45211
vn 0.7055 -0.48907 0.51292
vn 0.70469 -0.49136 0.51183
vn 0.7071 -0.43899 0.55434
vn 0.7055 -0.38316 0.5962
vn 0.7055 -0.38316 0.5962
vn 0.70707 -0.31545 0.63288
vn 0.70312 -0.26428 0.66013
vn 0.70593 -0.25428 0.66107
vn 0.70694 -0.17841 0.6844
vn 0.70124 -0.13492 0.70004
vn 0.70637 -0.11263 0.69883
vn 0.70671 -0.03366 0.70671
vn 0.70671 -0.03366 0.70671
vn 0.70671 0.03366 0.70671
vn 0.70671 0.03366 0.70671
vn 0.7055 0.13412 0.6959
vn 0.69797 0.11395 0.707
vn 0.70694 0.17841 0.6844
vn 0.7055 0.2634 0.65794
vn 0.70222 0.25559 0.66449
vn 0.70707 0.31545 0.63288
vn 0.7055 0.38316 0.5962
vn 0.7055 0.38316 0.5962
vn 0.7071 0.43899 0.55434
vn 0.70483 0.48952 0.5134
vn 0.70561 0.49073 0.51117
vn 0.70703 0.54379 0.45211
vn 0.70222 0.57994 0.41298
vn 0.70612 0.58506 0.39888
vn 0.70686 0.62538 0.33052
vn 0.70084 0.64886 0.29632
vn 0.70652 0.65429 0.26971
vn 0.7055 0.68873 0.16708
vn 0.69533 0.69094 0.19778
vn 0.70681 0.69551 0.12915
vn 0.70621 0.7062 0.05057
vn 0.70622 0.70619 0.05051
vn 0.707 0.70701 -0.01677
vn 0.70701 0.70701 -0.01683
vn 0.7055 0.7015 -0.10086
vn 0.70388 0.70376 -0.09631
vn 0.7071 0.6883 -0.16203
vn 0.7055 0.66973 -0.2318
vn 0.7055 0.66973 -0.2318
vn 0.70709 0.64019 -0.3003
vn 0.70364 0.61536 -0.35528
vn 0.70583 0.60983 -0.36043
vn 0.70698 0.56473 -0.42575
vn 0.70152 0.53858 -0.46669
vn 0.70629 0.52221 -0.47797
vn 0.70676 0.4651 -0.53308
vn 0.70064 0.44107 -0.56086
vn 0.70665 0.41239 -0.57497
vn 0.7055 0.32475 -0.62993
vn 0.6971 0.35001 -0.62574
vn 0.7069 0.28505 -0.64733
vn 0.7055 0.19967 -0.68
vn 0.70139 0.21241 -0.68039
vn 0.70706 0.14562 -0.692
vn 0.7055 0.06737 -0.7055
vn 0.7055 0.06737 -0.7055
vn 0.7055 -0.06737 -0.7055
vn 0.7055 -0.06737 -0.7055
vn 0.70706 -0.14562 -0.692
vn 0 0.25882 0.96593
vn 0 0.70711 0.70711
vn 0 0.96593 0.25882
vn 0 0.96593 -0.25882
vn -0 0.70711 -0.70711
vn -0 0.25882 -0.96593
vn -0 -0.25882 -0.96593
vn -0 -0.70711 -0.70711
vn -0 -0.96593 -0.25882
vn -0 -0.96593 0.25882
vn 0 -0.70711 0.70711
vn 0 -0.25882 0.96593
vn 0 0.25882 0.96593
vn 0 0.70711 0.70711
vn 0 0.96593 0.25882
vn 0 0.96593 -0.25882
vn -0 0.70711 -0.70711
vn -0 0.25882 -0.96593
vn -0 -0.25882 -0.96593
vn -0 -0.70711 -0.70711
vn -0 -0.96593 -0.25882
vn -0 -0.96593 0.25882
vn 0 -0.70711 0.70711
vn 0 -0.25882 0.96593
vn 0 0.25882 0.96593
vn 0 0.70711 0.70711
vn 0 0.96593 0.25882
vn 0 0.96593 -0.25882
vn -0 0.25882 -0.96593
vn -0 -0.25882 -0.96593
vn -0 -0.70711 -0.70711
vn -0 -0.96593 -0.25882
vn -0 -0.96593 0.25882
vn 0 -0.25882 0.96593
vn 0 0.25882 0.96593
vn 0 0.96593 0.25882
vn 0 0.96593 -0.25882
vn -0 0.70711 -0.70711
vn -0 0.25882 -0.96593
vn -0 -0.25882 -0.96593
vn -0 -0.96593 -0.25882
vn -0 -0.96593 0.25882
vn 0 -0.70711 0.70711
vn 0 -0.25882 0.96593
vn -0 0 -1
vn -0.23485 -0.97203 -0
vn 0.07702 -0.99703 -0
vn 0.38134 -0.92443 -0
vn 0.64835 -0.76135 -0
vn 0.85188 -0.52373 -0
vn 0.97203 -0.23485 -0
vn 0.99703 0.07702 -0
vn 0.92443 0.38134 -0
vn 0.76135 0.64835 -0
vn 0.52373 0.85188 0
vn 0.23485 0.97203 0
vn -0.07702 0.99703 0
vn -0.38134 0.92443 0
vn -0.64835 0.76135 0
vn -0.85188 0.52373 0
vn -0.97203 0.23485 0
vn -0.99703 -0.07702 0
vn -0.92443 -0.38134 0
vn -0.76135 -0.64835 0
vn -0.52373 -0.85188 -0
vn -0.24871 -0.96858 -0
vn 0.03424 -0.99941 -0
vn 0.31442 -0.94928 -0
vn 0.56913 -0.82225 -0
vn 0.77773 -0.6286 -0
vn 0.92332 -0.38402 -0
vn 0.99411 -0.10834 -0
vn 0.98437 0.17613 -0
vn 0.89487 0.44632 -0
vn 0.73288 0.68036 -0
vn 0.51152 0.85927 0
vn 0.24871 0.96858 0
vn -0.03424 0.99941 0
vn -0.31442 0.94928 0
vn -0.56913 0.82225 0
vn -0.77773 0.6286 0
vn -0.92332 0.38402 0
vn -0.99411 0.10834 0
vn -0.98437 -0.17613 0
vn -0.89487 -0.44632 0
vn -0.73288 -0.68036 0
vn -0.51152 -0.85927 -0
vn -0.28194 -0.95943 -0
vn -0.0691 -0.99761 -0
vn 0.14697 -0.98914 -0
vn 0.35617 -0.93442 -0
vn 0.54872 -0.83601 -0
vn 0.71561 -0.6985 -0
vn 0.84903 -0.52834 -0
vn 0.94276 -0.33347 -0
vn 0.99241 -0.12301 -0
vn 0.99565 0.09321 -0
vn 0.95233 0.30506 -0
vn 0.86449 0.50265 -0
vn 0.73622 0.67674 -0
vn 0.57353 0.81918 0
vn 0.38402 0.92332 0
vn 0.17656 0.98429 0
vn -0.03917 0.99923 0
vn -0.25306 0.96745 0
vn -0.45511 0.89043 0
vn -0.63589 0.77178 0
vn -0.78693 0.61704 0
vn -0.90118 0.43345 0
vn -0.97329 0.22958 0
vn -0.99989 0.01499 0
vn -0.97973 -0.20031 0
vn -0.91377 -0.40624 0
vn -0.80507 -0.59317 0
vn -0.65874 -0.75237 -0
vn -0.4816 -0.87639 -0
vn 0 -0 1
vn -0 -0 1
vn -0.99964 0.02698 -0
vn -0.94237 0.33457 0
vn -0.79286 0.6094 0
vn -0.56574 0.82458 0
vn -0.28324 0.95905 0
vn 0.02698 0.99964 0
vn 0.33457 0.94237 0
vn 0.6094 0.79286 0
vn 0.82458 0.56574 0
vn 0.95905 0.28324 0
vn 0.99964 -0.02698 0
vn 0.94237 -0.33457 -0
vn 0.79286 -0.6094 -0
vn 0.56574 -0.82458 -0
vn 0.28324 -0.95905 -0
vn -0.02698 -0.99964 -0
vn -0.33457 -0.94237 -0
vn -0.6094 -0.79286 -0
vn -0.82458 -0.56574 -0
vn -0.95905 -0.28324 -0
vn -0.99992 0.01271 -0
vn -0.95584 0.2939 -0
vn -0.83432 0.55129 0
vn -0.6452 0.76401 0
vn -0.40382 0.91484 0
vn -0.12973 0.99155 0
vn 0.15488 0.98793 0
vn 0.42694 0.90428 0
vn 0.66441 0.74737 0
vn 0.84806 0.52991 0
vn 0.963 0.26952 0
vn 0.99992 -0.01271 0
vn 0.95584 -0.2939 0
vn 0.83432 -0.55129 -0
vn 0.6452 -0.76401 -0
vn 0.40382 -0.91484 -0
vn 0.12973 -0.99155 -0
vn -0.15488 -0.98793 -0
vn -0.42694 -0.90428 -0
vn -0.66441 -0.74737 -0
vn -0.84806 -0.52991 -0
vn -0.963 -0.26952 -0
vn -0.99976 -0.02176 -0
vn -0.98107 0.19367 -0
vn -0.9165 0.40004 0
vn -0.80907 0.58771 0
vn -0.66382 0.74789 0
vn -0.48752 0.87311 0
vn -0.28843 0.9575 0
vn -0.07585 0.99712 0
vn 0.14027 0.99011 0
vn 0.34984 0.93681 0
vn 0.54304 0.8397 0
vn 0.71086 0.70333 0
vn 0.84544 0.53408 0
vn 0.94048 0.33985 0
vn 0.99155 0.12973 0
vn 0.99626 -0.08646 0
vn 0.95438 -0.2986 0
vn 0.86787 -0.49679 -0
vn 0.74079 -0.67174 -0
vn 0.57906 -0.81528 -0
vn 0.39026 -0.9207 -0
vn 0.18322 -0.98307 -0
vn -0.0324 -0.99948 -0
vn -0.2465 -0.96914 -0
vn -0.44907 -0.8935 -0
vn -0.63065 -0.77607 -0
vn -0.78274 -0.62235 -0
vn -0.89822 -0.43954 -0
vn -0.97171 -0.23617 -0
vn 0 0 -1
f 1//1 2//1 3//1
f 3//1 2//1 4//1
f 5//1 6//1 4//1
f 1//1 7//1 2//1
f 2//1 7//1 8//1
f 2//1 8//1 9//1
f 10//1 11//1 5//1
f 5//2 11//2 12//2
f 5//1 12//1 13//1
f 13//2 12//2 14//2
f 15//1 16//1 17//1
f 17//1 16//1 13//1
f 17//1 13//1 18//1
f 18//1 13//1 14//1
f 19//1 20//1 4//1
f 4//1 20//1 5//1
f 5//1 20//1 21//1
f 5//1 21//1 10//1
f 17//1 22//1 15//1
f 15//1 22//1 23//1
f 15//1 23//1 24//1
f 24//1 23//1 25//1
f 24//1 25//1 2//1
f 2//1 25//1 26//1
f 26//1 27//1 2//1
f 2//1 27//1 28//1
f 2//1 28//1 4//1
f 4//1 28//1 29//1
f 4//1 29//1 19//1
f 30//1 31//1 32//1
f 32//1 31//1 33//1
f 32//1 33//1 34//1
f 34//1 33//1 35//1
f 34//1 35//1 36//1
f 36//2 35//2 37//2
f 38//1 39//1 40//1
f 40//1 39//1 41//1
f 40//2 41//2 42//2
f 42//1 41//1 43//1
f 42//2 43//2 30//2
f 30//1 43//1 44//1
f 30//2 44//2 31//2
f 45//3 46//3 47//3
f 47//3 46//3 48//3
f 47//3 48//3 49//3
f 49//3 48//3 50//3
f 49//3 50//3 51//3
f 51//4 50//4 52//4
f 53//3 54//3 55//3
f 55//3 54//3 56//3
f 55//4 56//4 57//4
f 57//3 56//3 58//3
f 57//4 58//4 45//4
f 45//3 58//3 59//3
f 45//4 59//4 46//4
f 60//5 61//5 62//5
f 63//5 64//5 65//5
f 65//6 64//6 66//6
f 65//5 66//5 67//5
f 67//5 66//5 68//5
f 67//5 68//5 69//5
f 69//5 68//5 70//5
f 69//5 70//5 71//5
f 71//5 70//5 72//5
f 60//5 62//5 73//5
f 73//6 62//6 74//6
f 73//5 74//5 75//5
f 75//5 74//5 76//5
f 75//5 76//5 77//5
f 77//5 76//5 78//5
f 77//5 78//5 79//5
f 79//5 78//5 80//5
f 79//5 80//5 81//5
f 81//5 80//5 82//5
f 81//5 82//5 83//5
f 83//5 82//5 84//5
f 83//6 84//6 72//6
f 72//5 84//5 85//5
f 72//5 85//5 71//5
f 86//7 87//7 88//7
f 88//8 87//8 89//8
f 88//9 89//9 90//9
f 63//10 65//10 91//10
f 91//11 65//11 92//11
f 93//12 94//12 95//12
f 96//13 97//13 98//13
f 98//14 97//14 99//14
f 98//15 99//15 100//15
f 100//16 101//16 98//16
f 98//17 101//17 102//17
f 98//18 102//18 103//18
f 103//19 102//19 104//19
f 103//20 104//20 88//20
f 88//21 104//21 105//21
f 88//22 105//22 86//22
f 106//23 107//23 108//23
f 108//24 107//24 109//24
f 108//25 109//25 110//25
f 111//26 112//26 113//26
f 113//27 112//27 114//27
f 62//28 61//28 115//28
f 116//29 117//29 118//29
f 118//30 117//30 119//30
f 118//31 119//31 120//31
f 120//32 121//32 118//32
f 118//33 121//33 122//33
f 118//34 122//34 123//34
f 123//35 122//35 124//35
f 123//36 124//36 108//36
f 108//37 124//37 125//37
f 108//38 125//38 106//38
f 115//39 116//39 62//39
f 62//40 116//40 118//40
f 62//41 118//41 74//41
f 74//41 118//41 126//41
f 74//42 126//42 76//42
f 76//42 126//42 127//42
f 76//43 127//43 78//43
f 78//43 127//43 128//43
f 78//44 128//44 80//44
f 80//44 128//44 129//44
f 80//45 129//45 82//45
f 82//45 129//45 130//45
f 82//46 130//46 84//46
f 84//46 130//46 131//46
f 84//47 131//47 85//47
f 85//47 131//47 132//47
f 85//48 132//48 71//48
f 71//48 132//48 133//48
f 71//49 133//49 69//49
f 69//49 133//49 134//49
f 69//50 134//50 67//50
f 67//50 134//50 135//50
f 67//51 135//51 65//51
f 65//51 135//51 88//51
f 65//52 88//52 92//52
f 92//53 88//53 90//53
f 95//54 96//54 93//54
f 93//55 96//55 98//55
f 93//56 98//56 136//56
f 136//56 98//56 137//56
f 136//57 137//57 138//57
f 138//57 137//57 139//57
f 138//58 139//58 140//58
f 140//58 139//58 141//58
f 140//59 141//59 142//59
f 142//59 141//59 143//59
f 142//60 143//60 144//60
f 144//60 143//60 145//60
f 144//61 145//61 146//61
f 146//61 145//61 147//61
f 146//62 147//62 148//62
f 148//62 147//62 149//62
f 148//63 149//63 150//63
f 150//63 149//63 151//63
f 150//64 151//64 152//64
f 152//64 151//64 153//64
f 152//65 153//65 154//65
f 154//65 153//65 155//65
f 154//66 155//66 112//66
f 112//66 155//66 108//66
f 112//67 108//67 114//67
f 114//68 108//68 110//68
f 156//69 157//69 158//69
f 159//69 160//69 161//69
f 162//69 163//69 164//69
f 165//69 166//69 167//69
f 167//70 166//70 168//70
f 167//69 168//69 169//69
f 169//70 168//70 170//70
f 169//69 170//69 171//69
f 171//69 170//69 159//69
f 158//69 157//69 172//69
f 172//69 157//69 173//69
f 172//69 173//69 160//69
f 160//69 173//69 174//69
f 160//69 174//69 161//69
f 165//70 164//70 166//70
f 166//69 164//69 163//69
f 166//69 163//69 175//69
f 175//69 163//69 176//69
f 175//69 176//69 177//69
f 177//69 176//69 178//69
f 177//70 178//70 179//70
f 179//69 178//69 180//69
f 179//69 180//69 181//69
f 181//69 180//69 156//69
f 181//69 156//69 182//69
f 182//70 156//70 158//70
f 183//69 184//69 185//69
f 185//69 184//69 162//69
f 185//69 162//69 7//69
f 7//70 162//70 164//70
f 7//70 164//70 8//70
f 8//69 164//69 9//69
f 186//69 187//69 188//69
f 188//69 187//69 189//69
f 190//69 191//69 192//69
f 192//70 191//70 193//70
f 194//69 195//69 196//69
f 197//69 198//69 199//69
f 194//69 200//69 195//69
f 195//69 200//69 201//69
f 195//69 201//69 202//69
f 202//69 201//69 203//69
f 202//69 203//69 204//69
f 204//69 203//69 205//69
f 204//69 205//69 191//69
f 191//69 205//69 206//69
f 191//69 206//69 193//69
f 199//69 198//69 207//69
f 199//69 208//69 197//69
f 197//69 208//69 209//69
f 197//69 209//69 210//69
f 210//69 209//69 211//69
f 210//69 211//69 212//69
f 212//69 211//69 213//69
f 212//69 213//69 214//69
f 214//69 213//69 190//69
f 214//69 190//69 161//69
f 161//69 190//69 192//69
f 161//69 192//69 159//69
f 159//69 192//69 215//69
f 159//69 215//69 171//69
f 188//69 216//69 186//69
f 186//69 216//69 194//69
f 186//69 194//69 217//69
f 217//69 194//69 196//69
f 217//69 196//69 218//69
f 218//69 196//69 207//69
f 218//69 207//69 219//69
f 219//69 207//69 198//69
f 220//70 221//70 222//70
f 223//69 224//69 194//69
f 225//69 194//69 226//69
f 226//69 194//69 224//69
f 226//69 224//69 227//69
f 227//69 224//69 228//69
f 227//69 228//69 229//69
f 229//69 228//69 230//69
f 229//70 230//70 231//70
f 231//69 230//69 232//69
f 231//69 232//69 233//69
f 233//69 232//69 234//69
f 233//69 234//69 235//69
f 236//69 237//69 238//69
f 238//69 237//69 223//69
f 238//69 223//69 239//69
f 239//69 223//69 194//69
f 239//69 194//69 240//69
f 240//70 194//70 216//70
f 220//69 241//69 242//69
f 242//69 241//69 243//69
f 242//69 243//69 244//69
f 244//69 243//69 245//69
f 244//70 245//70 226//70
f 226//69 245//69 246//69
f 226//69 246//69 225//69
f 235//70 234//70 247//70
f 247//69 234//69 248//69
f 247//69 248//69 249//69
f 249//69 248//69 250//69
f 249//69 250//69 221//69
f 221//69 250//69 251//69
f 221//69 251//69 222//69
f 252//69 253//69 254//69
f 254//69 253//69 255//69
f 256//69 257//69 258//69
f 258//69 257//69 259//69
f 260//69 261//69 262//69
f 262//69 261//69 263//69
f 257//69 264//69 259//69
f 259//69 264//69 265//69
f 259//69 265//69 266//69
f 266//69 265//69 267//69
f 266//69 267//69 268//69
f 268//69 267//69 269//69
f 268//69 269//69 270//69
f 270//69 269//69 260//69
f 270//69 260//69 222//69
f 222//69 260//69 262//69
f 222//69 262//69 220//69
f 220//70 262//70 271//70
f 220//69 271//69 241//69
f 272//69 164//69 273//69
f 273//70 164//70 274//70
f 273//69 274//69 275//69
f 275//69 274//69 276//69
f 275//69 276//69 277//69
f 277//69 276//69 278//69
f 277//70 278//70 261//70
f 261//69 278//69 279//69
f 261//69 279//69 263//69
f 254//69 9//69 252//69
f 252//70 9//70 164//70
f 252//69 164//69 280//69
f 280//69 164//69 272//69
f 280//69 272//69 281//69
f 281//69 272//69 256//69
f 281//69 256//69 282//69
f 282//69 256//69 258//69
f 283//6 284//6 285//6
f 286//5 287//5 288//5
f 288//5 287//5 289//5
f 288//5 289//5 290//5
f 289//5 291//5 290//5
f 290//5 291//5 292//5
f 290//5 292//5 293//5
f 293//5 292//5 294//5
f 293//5 294//5 295//5
f 295//5 294//5 296//5
f 295//5 296//5 297//5
f 297//5 296//5 298//5
f 297//5 298//5 299//5
f 300//5 299//5 301//5
f 301//5 299//5 298//5
f 301//6 298//6 302//6
f 298//6 303//6 302//6
f 302//5 303//5 304//5
f 302//6 304//6 305//6
f 305//5 304//5 306//5
f 305//5 306//5 307//5
f 283//5 308//5 309//5
f 309//6 308//6 310//6
f 309//5 310//5 311//5
f 286//5 311//5 287//5
f 287//6 311//6 310//6
f 287//6 310//6 312//6
f 312//6 310//6 307//6
f 312//5 307//5 313//5
f 313//5 307//5 306//5
f 314//5 315//5 316//5
f 316//5 315//5 317//5
f 317//5 315//5 318//5
f 317//5 318//5 319//5
f 300//5 320//5 299//5
f 299//5 320//5 321//5
f 299//5 321//5 322//5
f 323//5 324//5 325//5
f 318//5 326//5 319//5
f 319//5 326//5 327//5
f 319//6 327//6 322//6
f 322//5 327//5 328//5
f 322//5 328//5 299//5
f 299//5 328//5 329//5
f 329//5 328//5 330//5
f 330//5 328//5 331//5
f 330//5 331//5 332//5
f 332//5 331//5 333//5
f 332//5 333//5 334//5
f 325//5 335//5 323//5
f 323//5 335//5 336//5
f 323//5 336//5 337//5
f 337//5 336//5 338//5
f 316//6 337//6 314//6
f 314//5 337//5 338//5
f 314//5 338//5 339//5
f 339//5 338//5 340//5
f 339//6 340//6 341//6
f 341//5 340//5 342//5
f 341//5 342//5 343//5
f 343//5 342//5 334//5
f 343//5 334//5 344//5
f 344//6 334//6 333//6
f 345//6 346//6 347//6
f 347//5 346//5 348//5
f 347//5 348//5 349//5
f 350//5 351//5 352//5
f 351//6 353//6 345//6
f 345//6 353//6 354//6
f 345//5 354//5 346//5
f 351//5 350//5 353//5
f 353//5 350//5 355//5
f 353//5 355//5 356//5
f 356//5 355//5 357//5
f 356//5 357//5 358//5
f 358//5 357//5 359//5
f 358//5 359//5 360//5
f 360//5 359//5 361//5
f 360//5 361//5 362//5
f 362//5 361//5 363//5
f 363//5 361//5 364//5
f 363//5 364//5 365//5
f 348//5 366//5 349//5
f 349//5 366//5 367//5
f 349//6 367//6 368//6
f 368//6 367//6 365//6
f 369//5 324//5 370//5
f 370//6 324//6 323//6
f 370//5 323//5 371//5
f 371//5 323//5 368//5
f 371//5 368//5 372//5
f 372//6 368//6 365//6
f 372//5 365//5 373//5
f 373//5 365//5 364//5
f 374//6 308//6 375//6
f 375//5 308//5 376//5
f 377//5 378//5 379//5
f 379//5 378//5 380//5
f 379//5 380//5 381//5
f 381//6 380//6 382//6
f 381//5 382//5 383//5
f 383//5 382//5 384//5
f 283//5 285//5 308//5
f 308//5 285//5 385//5
f 308//5 385//5 376//5
f 375//5 383//5 374//5
f 374//5 383//5 384//5
f 374//6 384//6 386//6
f 386//5 384//5 387//5
f 386//5 387//5 388//5
f 388//5 387//5 389//5
f 388//5 389//5 390//5
f 352//5 391//5 350//5
f 350//5 391//5 392//5
f 350//5 392//5 393//5
f 394//5 395//5 396//5
f 396//5 395//5 397//5
f 396//5 397//5 398//5
f 398//5 397//5 399//5
f 398//5 399//5 377//5
f 377//6 399//6 400//6
f 377//5 400//5 378//5
f 389//5 401//5 390//5
f 390//5 401//5 402//5
f 390//6 402//6 393//6
f 393//5 402//5 395//5
f 393//5 395//5 350//5
f 350//5 395//5 394//5
f 178//71 373//71 364//71
f 178//71 364//71 180//71
f 180//72 364//72 361//72
f 180//72 361//72 156//72
f 156//73 361//73 359//73
f 156//73 359//73 157//73
f 157//74 359//74 357//74
f 157//74 357//74 173//74
f 173//75 357//75 355//75
f 173//75 355//75 174//75
f 174//76 355//76 350//76
f 174//76 350//76 161//76
f 161//77 350//77 394//77
f 161//77 394//77 214//77
f 214//78 394//78 396//78
f 214//78 396//78 212//78
f 212//79 396//79 398//79
f 212//79 398//79 210//79
f 210//80 398//80 377//80
f 210//80 377//80 197//80
f 197//81 377//81 379//81
f 197//81 379//81 198//81
f 198//82 379//82 381//82
f 198//82 381//82 219//82
f 403//61 404//61 187//61
f 385//61 405//61 376//61
f 376//61 405//61 406//61
f 406//61 407//61 376//61
f 376//61 407//61 408//61
f 376//61 408//61 186//61
f 408//61 409//61 186//61
f 186//61 409//61 410//61
f 186//61 410//61 187//61
f 187//61 410//61 411//61
f 187//61 411//61 412//61
f 413//61 414//61 385//61
f 385//61 414//61 415//61
f 385//61 415//61 405//61
f 385//61 403//61 413//61
f 413//61 403//61 187//61
f 413//61 187//61 416//61
f 416//61 187//61 412//61
f 417//3 239//3 240//3
f 418//4 419//4 420//4
f 240//3 216//3 421//3
f 421//4 422//4 423//4
f 423//3 422//3 424//3
f 423//3 424//3 425//3
f 426//3 420//3 427//3
f 427//3 420//3 419//3
f 427//3 419//3 428//3
f 429//3 430//3 431//3
f 423//4 432//4 421//4
f 421//3 432//3 433//3
f 421//3 433//3 240//3
f 240//3 433//3 434//3
f 240//4 434//4 417//4
f 417//3 434//3 435//3
f 417//3 435//3 436//3
f 436//3 435//3 437//3
f 436//3 437//3 420//3
f 420//3 437//3 438//3
f 420//3 438//3 418//3
f 425//4 424//4 431//4
f 431//3 424//3 439//3
f 431//3 439//3 429//3
f 428//3 440//3 427//3
f 427//3 440//3 441//3
f 427//3 441//3 429//3
f 429//3 441//3 442//3
f 429//3 442//3 430//3
f 443//46 444//46 223//46
f 223//46 237//46 445//46
f 445//46 237//46 446//46
f 447//46 284//46 448//46
f 448//46 284//46 283//46
f 223//46 444//46 283//46
f 283//46 444//46 449//46
f 283//46 449//46 448//46
f 447//46 450//46 284//46
f 284//46 450//46 451//46
f 284//46 451//46 445//46
f 445//46 451//46 452//46
f 445//46 452//46 453//46
f 453//46 454//46 445//46
f 445//46 454//46 455//46
f 445//46 455//46 223//46
f 223//46 455//46 456//46
f 223//46 456//46 443//46
f 230//83 286//83 288//83
f 230//83 288//83 232//83
f 232//84 288//84 290//84
f 232//84 290//84 234//84
f 234//85 290//85 293//85
f 234//85 293//85 248//85
f 248//86 293//86 295//86
f 248//86 295//86 250//86
f 250//87 295//87 297//87
f 250//87 297//87 251//87
f 251//88 297//88 299//88
f 251//88 299//88 222//88
f 222//89 299//89 329//89
f 222//89 329//89 270//89
f 270//90 329//90 330//90
f 270//90 330//90 268//90
f 268//91 330//91 332//91
f 268//91 332//91 266//91
f 266//92 332//92 334//92
f 266//92 334//92 259//92
f 259//93 334//93 342//93
f 259//93 342//93 258//93
f 258//94 342//94 340//94
f 258//94 340//94 282//94
f 457//46 253//46 458//46
f 458//46 253//46 459//46
f 460//46 335//46 461//46
f 461//46 335//46 325//46
f 461//46 325//46 462//46
f 460//46 463//46 335//46
f 335//46 463//46 464//46
f 335//46 464//46 252//46
f 465//46 253//46 466//46
f 466//46 253//46 457//46
f 466//46 457//46 325//46
f 325//46 457//46 467//46
f 325//46 467//46 462//46
f 464//46 468//46 252//46
f 252//46 468//46 469//46
f 252//46 469//46 253//46
f 253//46 469//46 470//46
f 253//46 470//46 459//46
f 162//61 184//61 471//61
f 471//61 184//61 472//61
f 473//61 369//61 474//61
f 474//61 369//61 370//61
f 473//61 475//61 369//61
f 369//61 475//61 476//61
f 369//61 476//61 471//61
f 471//61 476//61 477//61
f 471//61 477//61 478//61
f 479//61 162//61 480//61
f 480//61 162//61 471//61
f 480//61 471//61 481//61
f 481//61 471//61 478//61
f 479//61 482//61 162//61
f 162//61 482//61 483//61
f 162//61 483//61 370//61
f 370//61 483//61 484//61
f 370//61 484//61 474//61
f 485//95 486//95 487//95
f 487//96 486//96 488//96
f 487//97 488//97 489//97
f 490//98 491//98 35//98
f 491//99 492//99 35//99
f 35//100 492//100 493//100
f 35//101 493//101 37//101
f 494//102 495//102 496//102
f 496//103 495//103 497//103
f 497//104 498//104 496//104
f 496//105 498//105 499//105
f 496//106 499//106 485//106
f 485//107 499//107 500//107
f 485//108 500//108 486//108
f 501//109 502//109 503//109
f 503//102 502//102 504//102
f 503//110 504//110 505//110
f 505//111 504//111 506//111
f 507//112 508//112 509//112
f 509//113 508//113 510//113
f 509//114 510//114 511//114
f 512//115 513//115 514//115
f 514//116 513//116 515//116
f 514//117 515//117 516//117
f 516//118 517//118 514//118
f 514//119 517//119 518//119
f 514//112 518//112 507//112
f 507//120 518//120 519//120
f 507//121 519//121 508//121
f 520//122 41//122 521//122
f 521//123 41//123 39//123
f 522//124 523//124 524//124
f 523//125 525//125 524//125
f 524//126 525//126 526//126
f 524//127 526//127 512//127
f 512//128 526//128 527//128
f 512//129 527//129 513//129
f 520//130 522//130 41//130
f 41//131 522//131 524//131
f 41//132 524//132 43//132
f 43//132 524//132 528//132
f 43//133 528//133 44//133
f 528//133 529//133 44//133
f 44//134 529//134 530//134
f 44//135 530//135 31//135
f 31//136 530//136 531//136
f 31//137 531//137 33//137
f 33//137 531//137 532//137
f 33//138 532//138 35//138
f 35//138 532//138 487//138
f 35//139 487//139 490//139
f 490//140 487//140 489//140
f 501//141 495//141 502//141
f 502//102 495//102 494//102
f 502//142 494//142 533//142
f 533//142 494//142 534//142
f 533//143 534//143 535//143
f 535//143 534//143 536//143
f 535//144 536//144 537//144
f 537//144 536//144 538//144
f 537//145 538//145 507//145
f 507//145 538//145 539//145
f 507//112 539//112 514//112
f 509//2 511//2 540//2
f 509//1 540//1 507//1
f 507//1 540//1 541//1
f 507//1 541//1 537//1
f 537//1 541//1 542//1
f 537//1 542//1 535//1
f 535//1 542//1 543//1
f 535//1 543//1 533//1
f 533//1 543//1 544//1
f 533//1 544//1 502//1
f 502//1 544//1 545//1
f 502//1 545//1 504//1
f 504//1 545//1 546//1
f 504//2 546//2 506//2
f 111//5 547//5 112//5
f 112//5 547//5 548//5
f 549//6 94//6 550//6
f 550//5 94//5 93//5
f 550//5 93//5 551//5
f 551//5 93//5 136//5
f 551//5 136//5 552//5
f 552//5 136//5 138//5
f 552//5 138//5 553//5
f 138//5 140//5 553//5
f 553//5 140//5 142//5
f 553//5 142//5 554//5
f 554//5 142//5 144//5
f 554//5 144//5 555//5
f 555//5 144//5 146//5
f 555//5 146//5 556//5
f 556//5 146//5 148//5
f 556//5 148//5 557//5
f 557//5 148//5 150//5
f 557//5 150//5 558//5
f 558//5 150//5 152//5
f 558//5 152//5 548//5
f 548//6 152//6 154//6
f 548//6 154//6 112//6
f 559//146 60//146 73//146
f 560//147 549//147 550//147
f 560//148 550//148 561//148
f 562//149 563//149 165//149
f 563//150 564//150 165//150
f 165//151 564//151 565//151
f 165//152 565//152 164//152
f 164//153 565//153 566//153
f 164//154 566//154 274//154
f 274//155 566//155 567//155
f 274//156 567//156 568//156
f 201//157 200//157 569//157
f 559//158 73//158 570//158
f 225//159 571//159 194//159
f 194//160 571//160 572//160
f 194//161 572//161 200//161
f 200//162 572//162 573//162
f 200//163 573//163 569//163
f 574//164 575//164 246//164
f 246//165 575//165 576//165
f 246//166 576//166 225//166
f 225//167 576//167 577//167
f 225//168 577//168 571//168
f 64//169 562//169 66//169
f 66//170 562//170 165//170
f 66//171 165//171 68//171
f 68//171 165//171 167//171
f 68//172 167//172 70//172
f 70//172 167//172 169//172
f 70//173 169//173 72//173
f 72//173 169//173 171//173
f 72//174 171//174 83//174
f 171//174 215//174 83//174
f 83//175 215//175 192//175
f 83//176 192//176 81//176
f 81//177 192//177 193//177
f 81//178 193//178 79//178
f 79//178 193//178 206//178
f 79//179 206//179 77//179
f 77//179 206//179 205//179
f 77//180 205//180 75//180
f 75//180 205//180 203//180
f 75//181 203//181 73//181
f 73//181 203//181 201//181
f 73//182 201//182 570//182
f 570//183 201//183 569//183
f 547//184 574//184 548//184
f 548//185 574//185 246//185
f 548//186 246//186 558//186
f 558//186 246//186 245//186
f 558//187 245//187 557//187
f 557//187 245//187 243//187
f 557//188 243//188 556//188
f 556//188 243//188 241//188
f 556//189 241//189 555//189
f 241//189 271//189 555//189
f 555//190 271//190 262//190
f 555//191 262//191 554//191
f 554//192 262//192 263//192
f 554//193 263//193 553//193
f 553//193 263//193 279//193
f 553//194 279//194 552//194
f 552//194 279//194 278//194
f 552//195 278//195 551//195
f 551//195 278//195 276//195
f 551//196 276//196 550//196
f 550//196 276//196 274//196
f 550//197 274//197 561//197
f 561//198 274//198 568//198
f 578//199 546//199 545//199
f 565//200 564//200 42//200
f 63//201 579//201 38//201
f 38//202 40//202 63//202
f 63//203 40//203 562//203
f 63//203 562//203 64//203
f 91//204 580//204 63//204
f 63//205 580//205 581//205
f 63//206 581//206 579//206
f 42//207 564//207 40//207
f 40//208 564//208 563//208
f 40//209 563//209 562//209
f 565//210 42//210 566//210
f 566//211 42//211 30//211
f 566//212 30//212 567//212
f 567//213 30//213 32//213
f 567//214 32//214 568//214
f 94//215 34//215 36//215
f 36//216 582//216 94//216
f 94//217 582//217 583//217
f 94//218 583//218 95//218
f 95//219 583//219 584//219
f 95//220 584//220 96//220
f 568//221 32//221 561//221
f 561//222 32//222 34//222
f 561//223 34//223 560//223
f 560//224 34//224 94//224
f 560//225 94//225 549//225
f 96//226 584//226 97//226
f 97//227 584//227 585//227
f 97//228 585//228 99//228
f 545//229 544//229 101//229
f 585//230 578//230 99//230
f 99//231 578//231 545//231
f 99//232 545//232 100//232
f 100//233 545//233 101//233
f 542//234 105//234 543//234
f 543//235 105//235 104//235
f 543//236 104//236 544//236
f 544//237 104//237 102//237
f 544//238 102//238 101//238
f 540//239 89//239 541//239
f 541//240 89//240 87//240
f 541//241 87//241 542//241
f 542//242 87//242 86//242
f 542//243 86//243 105//243
f 540//244 586//244 89//244
f 89//245 586//245 587//245
f 89//246 587//246 90//246
f 90//247 587//247 580//247
f 90//248 580//248 92//248
f 92//249 580//249 91//249
f 588//250 589//250 590//250
f 590//251 589//251 591//251
f 590//252 591//252 592//252
f 593//253 594//253 595//253
f 595//254 594//254 596//254
f 595//255 596//255 597//255
f 597//256 598//256 595//256
f 595//257 598//257 599//257
f 595//250 599//250 588//250
f 588//258 599//258 600//258
f 588//259 600//259 589//259
f 601//260 56//260 602//260
f 602//261 56//261 54//261
f 603//262 604//262 605//262
f 604//263 606//263 605//263
f 605//264 606//264 607//264
f 605//265 607//265 593//265
f 593//266 607//266 608//266
f 593//267 608//267 594//267
f 609//268 610//268 611//268
f 611//269 610//269 612//269
f 611//270 612//270 613//270
f 614//271 615//271 50//271
f 615//272 616//272 50//272
f 50//273 616//273 617//273
f 50//274 617//274 52//274
f 618//275 619//275 620//275
f 620//276 619//276 621//276
f 621//277 622//277 620//277
f 620//278 622//278 623//278
f 620//279 623//279 609//279
f 609//280 623//280 624//280
f 609//281 624//281 610//281
f 625//282 626//282 627//282
f 627//275 626//275 628//275
f 627//283 628//283 629//283
f 629//284 628//284 630//284
f 601//285 603//285 56//285
f 56//286 603//286 605//286
f 56//287 605//287 58//287
f 58//287 605//287 631//287
f 58//288 631//288 59//288
f 631//288 632//288 59//288
f 59//289 632//289 633//289
f 59//290 633//290 46//290
f 46//291 633//291 634//291
f 46//292 634//292 48//292
f 48//292 634//292 635//292
f 48//293 635//293 50//293
f 50//293 635//293 611//293
f 50//294 611//294 614//294
f 614//295 611//295 613//295
f 625//296 619//296 626//296
f 626//275 619//275 618//275
f 626//297 618//297 636//297
f 636//297 618//297 637//297
f 636//298 637//298 638//298
f 638//298 637//298 639//298
f 638//299 639//299 640//299
f 640//299 639//299 641//299
f 640//300 641//300 588//300
f 588//300 641//300 642//300
f 588//250 642//250 595//250
f 590//4 592//4 643//4
f 590//3 643//3 588//3
f 588//3 643//3 644//3
f 588//3 644//3 640//3
f 640//3 644//3 645//3
f 640//3 645//3 638//3
f 638//3 645//3 646//3
f 638//3 646//3 636//3
f 636//3 646//3 647//3
f 636//3 647//3 626//3
f 626//3 647//3 648//3
f 626//3 648//3 628//3
f 628//3 648//3 649//3
f 628//4 649//4 630//4
f 650//301 53//301 55//301
f 111//302 651//302 649//302
f 649//303 648//303 111//303
f 111//304 648//304 574//304
f 111//304 574//304 547//304
f 113//305 652//305 111//305
f 111//306 652//306 653//306
f 111//307 653//307 651//307
f 571//308 577//308 647//308
f 647//309 577//309 576//309
f 647//310 576//310 648//310
f 648//311 576//311 575//311
f 648//312 575//312 574//312
f 571//313 647//313 572//313
f 572//314 647//314 646//314
f 572//315 646//315 573//315
f 573//316 646//316 645//316
f 573//317 645//317 569//317
f 61//318 644//318 643//318
f 643//319 654//319 61//319
f 61//320 654//320 655//320
f 61//321 655//321 115//321
f 115//322 655//322 656//322
f 115//323 656//323 116//323
f 569//324 645//324 570//324
f 570//325 645//325 644//325
f 570//326 644//326 559//326
f 559//327 644//327 61//327
f 559//328 61//328 60//328
f 116//329 656//329 117//329
f 117//330 656//330 657//330
f 117//331 657//331 119//331
f 55//332 57//332 121//332
f 657//333 650//333 119//333
f 119//334 650//334 55//334
f 119//335 55//335 120//335
f 120//336 55//336 121//336
f 47//337 125//337 45//337
f 45//338 125//338 124//338
f 45//339 124//339 57//339
f 57//340 124//340 122//340
f 57//341 122//341 121//341
f 51//342 109//342 49//342
f 49//343 109//343 107//343
f 49//344 107//344 47//344
f 47//345 107//345 106//345
f 47//346 106//346 125//346
f 51//347 658//347 109//347
f 109//348 658//348 659//348
f 109//349 659//349 110//349
f 110//350 659//350 652//350
f 110//351 652//351 114//351
f 114//352 652//352 113//352
f 654//353 643//353 592//353
f 655//354 654//354 409//354
f 409//353 654//353 592//353
f 409//355 592//355 410//355
f 655//356 409//356 656//356
f 656//357 409//357 408//357
f 656//358 408//358 657//358
f 657//359 408//359 407//359
f 657//360 407//360 650//360
f 53//361 650//361 54//361
f 54//361 650//361 407//361
f 54//362 407//362 602//362
f 602//363 407//363 406//363
f 602//364 406//364 601//364
f 601//365 406//365 405//365
f 601//366 405//366 603//366
f 603//367 405//367 604//367
f 604//368 405//368 415//368
f 604//369 415//369 606//369
f 606//370 415//370 414//370
f 606//370 414//370 607//370
f 412//371 597//371 416//371
f 416//372 597//372 596//372
f 416//373 596//373 413//373
f 413//374 596//374 594//374
f 413//375 594//375 414//375
f 414//376 594//376 608//376
f 414//377 608//377 607//377
f 411//378 599//378 412//378
f 412//379 599//379 598//379
f 412//371 598//371 597//371
f 592//380 591//380 410//380
f 410//381 591//381 589//381
f 410//382 589//382 411//382
f 411//383 589//383 600//383
f 411//384 600//384 599//384
f 658//361 51//361 52//361
f 659//385 658//385 449//385
f 449//361 658//361 52//361
f 449//386 52//386 448//386
f 659//387 449//387 652//387
f 652//388 449//388 444//388
f 652//389 444//389 653//389
f 653//390 444//390 443//390
f 653//391 443//391 651//391
f 649//353 651//353 630//353
f 630//353 651//353 443//353
f 630//392 443//392 629//392
f 629//393 443//393 456//393
f 629//394 456//394 627//394
f 627//395 456//395 455//395
f 627//383 455//383 625//383
f 625//384 455//384 619//384
f 619//396 455//396 454//396
f 619//379 454//379 621//379
f 621//371 454//371 453//371
f 621//371 453//371 622//371
f 450//370 612//370 451//370
f 451//377 612//377 610//377
f 451//397 610//397 452//397
f 452//398 610//398 624//398
f 452//399 624//399 453//399
f 453//400 624//400 623//400
f 453//401 623//401 622//401
f 447//402 614//402 450//402
f 450//403 614//403 613//403
f 450//370 613//370 612//370
f 52//404 617//404 448//404
f 448//405 617//405 616//405
f 448//406 616//406 447//406
f 447//407 616//407 615//407
f 447//408 615//408 614//408
f 582//409 36//409 37//409
f 583//410 582//410 468//410
f 468//409 582//409 37//409
f 468//411 37//411 469//411
f 583//412 468//412 584//412
f 584//413 468//413 464//413
f 584//414 464//414 585//414
f 585//415 464//415 463//415
f 585//416 463//416 578//416
f 546//417 578//417 506//417
f 506//417 578//417 463//417
f 506//418 463//418 505//418
f 505//419 463//419 460//419
f 505//420 460//420 503//420
f 503//421 460//421 461//421
f 503//422 461//422 501//422
f 501//423 461//423 495//423
f 495//424 461//424 462//424
f 495//425 462//425 497//425
f 497//426 462//426 467//426
f 497//426 467//426 498//426
f 459//427 488//427 458//427
f 458//428 488//428 486//428
f 458//429 486//429 457//429
f 457//430 486//430 500//430
f 457//431 500//431 467//431
f 467//432 500//432 499//432
f 467//433 499//433 498//433
f 470//434 490//434 459//434
f 459//435 490//435 489//435
f 459//427 489//427 488//427
f 37//436 493//436 469//436
f 469//437 493//437 492//437
f 469//438 492//438 470//438
f 470//439 492//439 491//439
f 470//440 491//440 490//440
f 39//441 482//441 521//441
f 521//442 482//442 479//442
f 521//443 479//443 520//443
f 520//444 479//444 480//444
f 520//445 480//445 522//445
f 522//446 480//446 523//446
f 523//447 480//447 481//447
f 523//448 481//448 525//448
f 525//427 481//427 478//427
f 525//427 478//427 526//427
f 475//426 516//426 476//426
f 476//449 516//449 515//449
f 476//450 515//450 477//450
f 477//451 515//451 513//451
f 477//452 513//452 478//452
f 478//453 513//453 527//453
f 478//428 527//428 526//428
f 473//454 518//454 475//454
f 475//425 518//425 517//425
f 475//426 517//426 516//426
f 474//455 508//455 473//455
f 473//422 508//422 519//422
f 473//423 519//423 518//423
f 586//417 540//417 511//417
f 587//456 586//456 484//456
f 484//417 586//417 511//417
f 484//457 511//457 474//457
f 474//458 511//458 510//458
f 474//459 510//459 508//459
f 587//460 484//460 580//460
f 580//461 484//461 483//461
f 580//462 483//462 581//462
f 581//463 483//463 482//463
f 581//464 482//464 579//464
f 579//409 482//409 39//409
f 579//409 39//409 38//409
f 199//465 380//465 208//465
f 208//465 380//465 378//465
f 208//466 378//466 209//466
f 209//466 378//466 400//466
f 209//467 400//467 211//467
f 211//467 400//467 399//467
f 211//468 399//468 213//468
f 213//468 399//468 397//468
f 213//469 397//469 190//469
f 190//469 397//469 395//469
f 190//470 395//470 191//470
f 191//470 395//470 402//470
f 191//471 402//471 204//471
f 204//471 402//471 401//471
f 204//472 401//472 202//472
f 202//472 401//472 389//472
f 202//473 389//473 195//473
f 195//473 389//473 387//473
f 195//474 387//474 196//474
f 196//474 387//474 384//474
f 196//475 384//475 207//475
f 207//475 384//475 382//475
f 207//476 382//476 199//476
f 199//476 382//476 380//476
f 231//477 289//477 229//477
f 229//477 289//477 287//477
f 229//478 287//478 227//478
f 227//478 287//478 312//478
f 227//467 312//467 226//467
f 226//467 312//467 313//467
f 226//468 313//468 244//468
f 244//468 313//468 306//468
f 244//479 306//479 242//479
f 242//479 306//479 304//479
f 242//480 304//480 220//480
f 220//480 304//480 303//480
f 220//481 303//481 221//481
f 221//481 303//481 298//481
f 221//482 298//482 249//482
f 249//482 298//482 296//482
f 249//473 296//473 247//473
f 247//473 296//473 294//473
f 247//474 294//474 235//474
f 235//474 294//474 292//474
f 235//483 292//483 233//483
f 233//483 292//483 291//483
f 233//484 291//484 231//484
f 231//484 291//484 289//484
f 261//477 327//477 277//477
f 277//477 327//477 326//477
f 277//466 326//466 275//466
f 275//466 326//466 318//466
f 275//485 318//485 273//485
f 273//485 318//485 315//485
f 273//486 315//486 272//486
f 272//486 315//486 314//486
f 272//487 314//487 256//487
f 256//487 314//487 339//487
f 256//480 339//480 257//480
f 257//480 339//480 341//480
f 257//481 341//481 264//481
f 264//481 341//481 343//481
f 264//472 343//472 265//472
f 265//472 343//472 344//472
f 265//488 344//488 267//488
f 267//488 344//488 333//488
f 267//489 333//489 269//489
f 269//489 333//489 331//489
f 269//490 331//490 260//490
f 260//490 331//490 328//490
f 260//484 328//484 261//484
f 261//484 328//484 327//484
f 159//465 354//465 160//465
f 160//465 354//465 353//465
f 160//491 353//491 172//491
f 172//491 353//491 356//491
f 172//485 356//485 158//485
f 158//485 356//485 358//485
f 158//486 358//486 182//486
f 182//486 358//486 360//486
f 182//479 360//479 181//479
f 181//479 360//479 362//479
f 181//470 362//470 179//470
f 179//470 362//470 363//470
f 179//471 363//471 177//471
f 177//471 363//471 365//471
f 177//492 365//492 175//492
f 175//492 365//492 367//492
f 175//488 367//488 166//488
f 166//488 367//488 366//488
f 166//489 366//489 168//489
f 168//489 366//489 348//489
f 168//483 348//483 170//483
f 170//483 348//483 346//483
f 170//476 346//476 159//476
f 159//476 346//476 354//476
f 219//493 381//493 218//493
f 218//493 381//493 383//493
f 218//494 383//494 217//494
f 217//494 383//494 375//494
f 217//495 375//495 186//495
f 186//495 375//495 376//495
f 223//496 283//496 224//496
f 224//496 283//496 309//496
f 224//497 309//497 228//497
f 228//497 309//497 311//497
f 228//498 311//498 230//498
f 230//498 311//498 286//498
f 282//499 340//499 281//499
f 281//499 340//499 338//499
f 281//500 338//500 280//500
f 280//500 338//500 336//500
f 280//501 336//501 252//501
f 252//501 336//501 335//501
f 162//502 370//502 163//502
f 163//502 370//502 371//502
f 163//503 371//503 176//503
f 176//503 371//503 372//503
f 176//504 372//504 178//504
f 178//504 372//504 373//504
f 660//505 661//505 185//505
f 185//505 661//505 183//505
f 661//506 660//506 662//506
f 661//507 662//507 663//507
f 663//508 662//508 664//508
f 663//509 664//509 665//509
f 664//510 4//510 6//510
f 665//511 664//511 472//511
f 472//512 664//512 6//512
f 472//513 6//513 471//513
f 665//1 472//1 663//1
f 663//1 472//1 184//1
f 663//2 184//2 661//2
f 661//1 184//1 183//1
f 666//514 667//514 668//514
f 666//515 668//515 669//515
f 669//516 668//516 670//516
f 669//517 670//517 671//517
f 254//518 255//518 670//518
f 670//518 255//518 671//518
f 16//519 15//519 667//519
f 667//520 666//520 16//520
f 16//521 666//521 465//521
f 16//522 465//522 466//522
f 671//1 255//1 669//1
f 669//1 255//1 253//1
f 669//2 253//2 666//2
f 666//1 253//1 465//1
f 439//523 424//523 672//523
f 672//524 673//524 439//524
f 439//525 673//525 404//525
f 439//513 404//513 403//513
f 673//526 672//526 674//526
f 673//527 674//527 675//527
f 675//528 674//528 676//528
f 675//529 676//529 677//529
f 188//505 189//505 676//505
f 676//505 189//505 677//505
f 677//3 189//3 675//3
f 675//3 189//3 187//3
f 675//4 187//4 673//4
f 673//3 187//3 404//3
f 678//530 679//530 680//530
f 678//531 680//531 681//531
f 681//532 680//532 682//532
f 681//533 682//533 683//533
f 682//534 420//534 426//534
f 683//535 682//535 446//535
f 446//536 682//536 426//536
f 446//522 426//522 445//522
f 679//518 678//518 238//518
f 238//518 678//518 236//518
f 683//3 446//3 681//3
f 681//3 446//3 237//3
f 681//4 237//4 678//4
f 678//3 237//3 236//3
f 427//479 284//479 426//479
f 426//479 284//479 445//479
f 284//537 427//537 285//537
f 285//537 427//537 429//537
f 285//537 429//537 385//537
f 385//472 429//472 403//472
f 403//472 429//472 439//472
f 417//538 679//538 239//538
f 239//539 679//539 238//539
f 420//540 682//540 436//540
f 436//541 682//541 680//541
f 436//542 680//542 417//542
f 417//543 680//543 679//543
f 676//544 421//544 188//544
f 188//545 421//545 216//545
f 421//546 676//546 422//546
f 422//547 676//547 674//547
f 422//548 674//548 424//548
f 424//549 674//549 672//549
f 641//550 433//550 642//550
f 642//551 433//551 432//551
f 642//552 432//552 595//552
f 595//553 432//553 423//553
f 595//554 423//554 593//554
f 593//555 423//555 425//555
f 593//556 425//556 605//556
f 605//557 425//557 431//557
f 605//558 431//558 631//558
f 631//559 431//559 430//559
f 631//560 430//560 632//560
f 632//561 430//561 442//561
f 632//562 442//562 633//562
f 633//563 442//563 441//563
f 633//564 441//564 634//564
f 634//565 441//565 440//565
f 634//566 440//566 635//566
f 635//567 440//567 428//567
f 635//568 428//568 611//568
f 611//569 428//569 419//569
f 611//570 419//570 609//570
f 609//571 419//571 418//571
f 609//572 418//572 620//572
f 620//573 418//573 438//573
f 620//574 438//574 618//574
f 618//575 438//575 437//575
f 618//576 437//576 637//576
f 637//577 437//577 435//577
f 637//578 435//578 639//578
f 639//579 435//579 434//579
f 639//580 434//580 641//580
f 641//581 434//581 433//581
f 5//483 369//483 6//483
f 6//483 369//483 471//483
f 369//582 5//582 324//582
f 324//582 5//582 13//582
f 324//582 13//582 325//582
f 325//466 13//466 466//466
f 466//466 13//466 16//466
f 1//583 660//583 7//583
f 7//584 660//584 185//584
f 4//585 664//585 3//585
f 3//586 664//586 662//586
f 3//587 662//587 1//587
f 1//588 662//588 660//588
f 670//589 2//589 254//589
f 254//590 2//590 9//590
f 2//591 670//591 24//591
f 24//592 670//592 668//592
f 24//593 668//593 15//593
f 15//594 668//594 667//594
f 538//595 11//595 539//595
f 539//596 11//596 10//596
f 539//597 10//597 514//597
f 514//598 10//598 21//598
f 514//599 21//599 512//599
f 512//600 21//600 20//600
f 512//601 20//601 524//601
f 524//602 20//602 19//602
f 524//603 19//603 528//603
f 528//604 19//604 29//604
f 528//605 29//605 529//605
f 529//606 29//606 28//606
f 529//607 28//607 530//607
f 530//608 28//608 27//608
f 530//609 27//609 531//609
f 531//610 27//610 26//610
f 531//611 26//611 532//611
f 532//612 26//612 25//612
f 532//613 25//613 487//613
f 487//614 25//614 23//614
f 487//615 23//615 485//615
f 485//616 23//616 22//616
f 485//617 22//617 496//617
f 496//618 22//618 17//618
f 496//619 17//619 494//619
f 494//620 17//620 18//620
f 494//621 18//621 534//621
f 534//622 18//622 14//622
f 534//623 14//623 536//623
f 536//624 14//624 12//624
f 536//625 12//625 538//625
f 538//626 12//626 11//626
f 130//627 391//627 131//627
f 131//628 391//628 352//628
f 131//629 352//629 132//629
f 132//630 352//630 351//630
f 132//631 351//631 133//631
f 133//632 351//632 345//632
f 133//633 345//633 134//633
f 134//634 345//634 347//634
f 134//635 347//635 135//635
f 135//636 347//636 349//636
f 135//637 349//637 88//637
f 88//638 349//638 368//638
f 88//639 368//639 103//639
f 103//640 368//640 323//640
f 103//641 323//641 98//641
f 98//642 323//642 337//642
f 98//643 337//643 137//643
f 137//644 337//644 316//644
f 137//645 316//645 139//645
f 139//646 316//646 317//646
f 139//647 317//647 141//647
f 141//648 317//648 319//648
f 141//649 319//649 143//649
f 143//650 319//650 322//650
f 143//651 322//651 145//651
f 145//652 322//652 321//652
f 145//653 321//653 147//653
f 321//654 320//654 147//654
f 147//655 320//655 300//655
f 147//656 300//656 149//656
f 149//657 300//657 301//657
f 149//658 301//658 151//658
f 151//659 301//659 302//659
f 151//660 302//660 153//660
f 153//661 302//661 305//661
f 153//662 305//662 155//662
f 155//663 305//663 307//663
f 155//664 307//664 108//664
f 108//665 307//665 310//665
f 108//666 310//666 684//666
f 684//667 310//667 308//667
f 684//668 308//668 118//668
f 118//669 308//669 374//669
f 118//670 374//670 126//670
f 126//671 374//671 386//671
f 126//672 386//672 127//672
f 127//673 386//673 388//673
f 127//674 388//674 128//674
f 128//675 388//675 390//675
f 128//676 390//676 129//676
f 129//677 390//677 393//677
f 129//678 393//678 130//678
f 130//679 393//679 392//679
f 130//680 392//680 391//680
f 685//681 686//681 687//681
f 687//681 686//681 688//681
f 689//681 690//681 691//681
f 691//681 690//681 692//681
f 691//681 692//681 693//681
f 689//681 694//681 690//681
f 690//681 694//681 695//681
f 690//682 695//682 696//682
f 696//681 695//681 697//681
f 696//681 697//681 698//681
f 698//681 697//681 699//681
f 698//682 699//682 700//682
f 700//682 699//682 701//682
f 700//681 701//681 702//681
f 702//681 701//681 703//681
f 702//681 703//681 704//681
f 704//681 703//681 705//681
f 704//681 705//681 706//681
f 706//682 705//682 707//682
f 706//681 707//681 686//681
f 686//681 707//681 708//681
f 686//681 708//681 688//681
f 709//681 710//681 685//681
f 685//681 710//681 711//681
f 685//681 711//681 712//681
f 712//681 711//681 713//681
f 712//681 713//681 714//681
f 714//681 713//681 715//681
f 714//682 715//682 692//682
f 692//682 715//682 716//682
f 692//681 716//681 693//681
f 717//681 709//681 718//681
f 685//681 687//681 709//681
f 709//682 687//682 719//682
f 709//681 719//681 718//681
f 720//681 721//681 722//681
f 722//681 721//681 723//681
f 722//681 723//681 724//681
f 724//681 723//681 725//681
f 724//682 725//682 718//682
f 718//682 725//682 726//682
f 718//681 726//681 717//681
f 720//681 727//681 728//681
f 729//681 730//681 731//681
f 731//681 730//681 732//681
f 731//681 732//681 733//681
f 733//682 732//682 734//682
f 733//682 734//682 735//682
f 735//681 734//681 736//681
f 735//681 736//681 737//681
f 737//682 736//682 719//682
f 737//681 719//681 738//681
f 738//681 719//681 687//681
f 731//681 739//681 729//681
f 729//681 739//681 740//681
f 729//681 740//681 741//681
f 741//681 740//681 742//681
f 741//681 742//681 727//681
f 727//681 742//681 743//681
f 727//681 743//681 728//681
f 744//682 745//682 746//682
f 747//681 748//681 749//681
f 749//682 748//682 750//682
f 749//681 750//681 751//681
f 752//681 753//681 754//681
f 746//681 745//681 755//681
f 754//681 753//681 756//681
f 756//681 753//681 757//681
f 756//681 757//681 750//681
f 750//681 757//681 758//681
f 750//681 758//681 751//681
f 747//681 759//681 748//681
f 748//681 759//681 760//681
f 748//681 760//681 761//681
f 761//681 760//681 762//681
f 761//681 762//681 763//681
f 763//681 762//681 764//681
f 763//682 764//682 746//682
f 746//682 764//682 765//682
f 746//681 765//681 744//681
f 754//681 766//681 752//681
f 752//681 766//681 767//681
f 752//681 767//681 768//681
f 768//681 767//681 769//681
f 768//681 769//681 770//681
f 770//681 769//681 771//681
f 770//681 771//681 772//681
f 772//681 771//681 773//681
f 773//681 771//681 755//681
f 773//681 755//681 728//681
f 728//681 755//681 745//681
f 728//681 745//681 720//681
f 720//682 745//682 774//682
f 720//681 774//681 721//681
f 749//681 775//681 747//681
f 747//681 775//681 776//681
f 747//681 776//681 777//681
f 691//681 778//681 689//681
f 689//681 778//681 779//681
f 689//681 779//681 780//681
f 691//681 781//681 778//681
f 778//681 781//681 782//681
f 778//681 782//681 783//681
f 783//681 782//681 784//681
f 783//681 784//681 785//681
f 785//681 784//681 786//681
f 785//682 786//682 776//682
f 776//682 786//682 787//682
f 776//681 787//681 777//681
f 749//681 788//681 775//681
f 775//681 788//681 789//681
f 775//681 789//681 790//681
f 790//681 789//681 791//681
f 790//681 791//681 792//681
f 792//681 791//681 793//681
f 792//681 793//681 794//681
f 794//681 793//681 795//681
f 794//682 795//682 796//682
f 796//681 795//681 797//681
f 796//681 797//681 798//681
f 798//681 797//681 799//681
f 798//681 799//681 800//681
f 800//681 799//681 801//681
f 800//681 801//681 779//681
f 779//681 801//681 802//681
f 779//681 802//681 780//681
f 803//683 804//683 805//683
f 806//683 807//683 808//683
f 808//683 807//683 809//683
f 808//683 809//683 810//683
f 810//683 809//683 811//683
f 810//683 811//683 812//683
f 812//683 811//683 813//683
f 812//683 813//683 814//683
f 814//683 813//683 815//683
f 814//683 815//683 805//683
f 805//683 815//683 816//683
f 805//683 816//683 803//683
f 803//684 816//684 817//684
f 803//683 817//683 818//683
f 803//683 819//683 804//683
f 804//683 819//683 820//683
f 804//683 820//683 821//683
f 821//683 820//683 822//683
f 821//683 822//683 823//683
f 823//683 822//683 824//683
f 823//683 824//683 825//683
f 825//683 824//683 826//683
f 825//684 826//684 827//684
f 827//683 826//683 828//683
f 827//683 828//683 829//683
f 829//683 828//683 830//683
f 829//683 830//683 831//683
f 831//683 830//683 832//683
f 831//683 832//683 808//683
f 808//683 832//683 833//683
f 808//683 833//683 806//683
f 834//683 835//683 836//683
f 836//683 835//683 837//683
f 836//683 837//683 838//683
f 838//683 837//683 839//683
f 838//683 839//683 840//683
f 818//684 841//684 803//684
f 803//683 841//683 842//683
f 803//683 842//683 843//683
f 844//683 845//683 846//683
f 846//683 845//683 847//683
f 846//683 847//683 834//683
f 834//683 847//683 848//683
f 834//683 848//683 835//683
f 840//683 839//683 849//683
f 849//683 839//683 850//683
f 849//683 850//683 851//683
f 851//683 850//683 852//683
f 851//683 852//683 853//683
f 853//683 852//683 854//683
f 853//683 854//683 855//683
f 856//683 845//683 857//683
f 857//683 845//683 844//683
f 857//683 844//683 858//683
f 858//683 844//683 859//683
f 858//683 859//683 860//683
f 860//684 859//684 861//684
f 860//683 861//683 862//683
f 862//684 861//684 863//684
f 862//683 863//683 843//683
f 843//683 863//683 853//683
f 843//683 853//683 803//683
f 803//683 853//683 855//683
f 864//683 865//683 866//683
f 866//683 865//683 867//683
f 866//683 867//683 868//683
f 868//683 867//683 869//683
f 868//683 869//683 870//683
f 856//683 871//683 845//683
f 845//683 871//683 872//683
f 845//683 872//683 873//683
f 874//683 875//683 876//683
f 876//683 875//683 877//683
f 876//683 877//683 878//683
f 878//683 877//683 879//683
f 878//683 879//683 880//683
f 880//683 879//683 881//683
f 880//683 881//683 845//683
f 870//684 869//684 882//684
f 882//683 869//683 883//683
f 882//683 883//683 884//683
f 884//683 883//683 885//683
f 884//683 885//683 886//683
f 864//684 880//684 865//684
f 865//684 880//684 845//684
f 865//683 845//683 887//683
f 887//683 845//683 873//683
f 876//683 888//683 874//683
f 874//683 888//683 889//683
f 874//683 889//683 890//683
f 890//684 889//684 891//684
f 890//684 891//684 892//684
f 892//683 891//683 893//683
f 892//683 893//683 894//683
f 894//684 893//684 882//684
f 894//683 882//683 895//683
f 895//683 882//683 884//683
f 896//683 897//683 898//683
f 807//683 899//683 900//683
f 886//683 901//683 884//683
f 884//683 901//683 902//683
f 884//683 902//683 903//683
f 904//683 905//683 807//683
f 807//684 905//684 906//684
f 807//683 906//683 809//683
f 903//684 896//684 884//684
f 884//683 896//683 898//683
f 884//683 898//683 907//683
f 897//683 896//683 908//683
f 908//683 896//683 909//683
f 908//684 909//684 910//684
f 910//683 909//683 911//683
f 910//683 911//683 900//683
f 900//683 911//683 912//683
f 900//683 912//683 807//683
f 807//683 912//683 913//683
f 807//683 913//683 904//683
f 807//683 914//683 899//683
f 899//683 914//683 915//683
f 899//684 915//684 916//684
f 916//683 915//683 917//683
f 916//683 917//683 918//683
f 918//683 917//683 919//683
f 918//684 919//684 920//684
f 920//684 919//684 921//684
f 920//683 921//683 922//683
f 922//683 921//683 923//683
f 922//683 923//683 924//683
f 924//683 923//683 925//683
f 924//683 925//683 926//683
f 926//684 925//684 927//684
f 926//683 927//683 898//683
f 898//683 927//683 928//683
f 898//683 928//683 907//683
f 788//685 749//685 884//685
f 884//686 749//686 895//686
f 884//685 907//685 788//685
f 788//687 907//687 928//687
f 788//687 928//687 789//687
f 789//688 928//688 927//688
f 789//688 927//688 791//688
f 791//689 927//689 925//689
f 791//689 925//689 793//689
f 793//690 925//690 923//690
f 793//690 923//690 795//690
f 795//691 923//691 921//691
f 795//691 921//691 797//691
f 797//692 921//692 919//692
f 797//692 919//692 799//692
f 799//693 919//693 917//693
f 799//693 917//693 801//693
f 801//694 917//694 915//694
f 801//694 915//694 802//694
f 802//695 915//695 914//695
f 802//695 914//695 780//695
f 780//696 914//696 689//696
f 689//697 914//697 807//697
f 689//698 807//698 694//698
f 807//699 806//699 694//699
f 694//700 806//700 833//700
f 694//700 833//700 695//700
f 695//701 833//701 832//701
f 695//701 832//701 697//701
f 697//702 832//702 830//702
f 697//702 830//702 699//702
f 699//703 830//703 828//703
f 699//703 828//703 701//703
f 701//704 828//704 826//704
f 701//704 826//704 703//704
f 703//705 826//705 824//705
f 703//705 824//705 705//705
f 705//706 824//706 822//706
f 705//706 822//706 707//706
f 707//707 822//707 820//707
f 707//707 820//707 708//707
f 708//708 820//708 819//708
f 708//708 819//708 688//708
f 688//709 819//709 687//709
f 687//709 819//709 803//709
f 687//710 803//710 738//710
f 749//686 751//686 895//686
f 895//711 751//711 758//711
f 895//711 758//711 894//711
f 894//712 758//712 757//712
f 894//712 757//712 892//712
f 892//713 757//713 753//713
f 892//713 753//713 890//713
f 890//714 753//714 752//714
f 890//714 752//714 874//714
f 874//715 752//715 768//715
f 874//715 768//715 875//715
f 875//716 768//716 770//716
f 875//716 770//716 877//716
f 877//717 770//717 772//717
f 877//717 772//717 879//717
f 879//718 772//718 773//718
f 879//718 773//718 881//718
f 881//719 773//719 728//719
f 881//719 728//719 845//719
f 845//720 728//720 743//720
f 845//720 743//720 847//720
f 847//721 743//721 742//721
f 847//721 742//721 848//721
f 848//722 742//722 740//722
f 848//722 740//722 835//722
f 835//723 740//723 739//723
f 835//723 739//723 837//723
f 837//724 739//724 731//724
f 837//724 731//724 839//724
f 839//725 731//725 733//725
f 839//725 733//725 850//725
f 850//726 733//726 735//726
f 850//726 735//726 852//726
f 852//727 735//727 737//727
f 852//727 737//727 854//727
f 854//728 737//728 738//728
f 854//728 738//728 855//728
f 855//710 738//710 803//710
f 929//729 774//729 745//729
f 929//730 930//730 774//730
f 774//731 930//731 931//731
f 774//732 931//732 721//732
f 721//733 931//733 932//733
f 721//734 932//734 723//734
f 723//735 932//735 933//735
f 933//736 934//736 723//736
f 723//737 934//737 935//737
f 723//738 935//738 725//738
f 936//739 726//739 937//739
f 937//740 726//740 725//740
f 937//741 725//741 938//741
f 938//742 725//742 935//742
f 936//743 939//743 726//743
f 726//744 939//744 940//744
f 726//745 940//745 717//745
f 940//746 941//746 717//746
f 717//747 941//747 942//747
f 717//748 942//748 709//748
f 709//749 942//749 943//749
f 709//750 943//750 710//750
f 710//751 943//751 944//751
f 944//752 945//752 710//752
f 710//753 945//753 946//753
f 710//754 946//754 711//754
f 946//755 947//755 711//755
f 711//756 947//756 948//756
f 711//757 948//757 713//757
f 949//758 715//758 950//758
f 950//759 715//759 713//759
f 950//760 713//760 951//760
f 951//761 713//761 948//761
f 949//762 952//762 715//762
f 715//763 952//763 953//763
f 715//764 953//764 716//764
f 953//765 954//765 716//765
f 716//766 954//766 955//766
f 716//767 955//767 693//767
f 693//768 955//768 956//768
f 693//769 956//769 691//769
f 691//770 956//770 957//770
f 957//771 958//771 691//771
f 691//772 958//772 959//772
f 691//773 959//773 781//773
f 960//774 782//774 961//774
f 961//775 782//775 781//775
f 961//776 781//776 962//776
f 962//777 781//777 959//777
f 960//778 963//778 782//778
f 782//779 963//779 964//779
f 782//780 964//780 784//780
f 964//781 965//781 784//781
f 784//782 965//782 966//782
f 784//783 966//783 786//783
f 966//784 967//784 786//784
f 786//785 967//785 968//785
f 786//786 968//786 787//786
f 787//787 968//787 969//787
f 787//788 969//788 777//788
f 777//789 969//789 970//789
f 970//790 971//790 777//790
f 777//791 971//791 972//791
f 777//792 972//792 747//792
f 973//793 759//793 974//793
f 974//794 759//794 747//794
f 974//795 747//795 975//795
f 975//796 747//796 972//796
f 973//797 976//797 759//797
f 759//798 976//798 977//798
f 759//799 977//799 760//799
f 977//800 978//800 760//800
f 760//801 978//801 979//801
f 760//802 979//802 762//802
f 762//803 979//803 980//803
f 762//804 980//804 764//804
f 764//805 980//805 981//805
f 981//806 982//806 764//806
f 764//807 982//807 983//807
f 764//808 983//808 765//808
f 983//809 984//809 765//809
f 765//810 984//810 985//810
f 765//811 985//811 744//811
f 985//812 986//812 744//812
f 744//813 986//813 987//813
f 744//814 987//814 745//814
f 745//815 987//815 988//815
f 745//816 988//816 929//816
f 887//817 873//817 986//817
f 986//818 985//818 887//818
f 887//819 985//819 984//819
f 887//820 984//820 865//820
f 865//821 984//821 983//821
f 865//822 983//822 867//822
f 983//823 982//823 867//823
f 867//824 982//824 981//824
f 867//825 981//825 869//825
f 981//826 980//826 869//826
f 869//827 980//827 979//827
f 869//828 979//828 883//828
f 979//829 978//829 883//829
f 883//830 978//830 977//830
f 883//831 977//831 885//831
f 977//832 976//832 885//832
f 885//833 976//833 973//833
f 885//834 973//834 886//834
f 886//835 973//835 974//835
f 886//836 974//836 901//836
f 901//837 974//837 975//837
f 901//838 975//838 902//838
f 975//839 972//839 902//839
f 902//840 972//840 971//840
f 902//841 971//841 903//841
f 903//842 971//842 970//842
f 903//843 970//843 896//843
f 970//844 969//844 896//844
f 896//845 969//845 968//845
f 896//846 968//846 909//846
f 968//847 967//847 909//847
f 909//848 967//848 966//848
f 909//849 966//849 911//849
f 966//850 965//850 911//850
f 911//851 965//851 964//851
f 911//852 964//852 912//852
f 964//853 963//853 912//853
f 912//854 963//854 960//854
f 912//855 960//855 913//855
f 960//856 961//856 913//856
f 913//857 961//857 962//857
f 913//858 962//858 904//858
f 904//859 962//859 959//859
f 904//860 959//860 905//860
f 905//861 959//861 958//861
f 905//862 958//862 906//862
f 906//863 958//863 957//863
f 906//864 957//864 809//864
f 957//865 956//865 809//865
f 809//866 956//866 955//866
f 809//867 955//867 811//867
f 955//868 954//868 811//868
f 811//869 954//869 953//869
f 811//870 953//870 813//870
f 953//871 952//871 813//871
f 813//872 952//872 949//872
f 813//873 949//873 815//873
f 949//874 950//874 815//874
f 815//875 950//875 951//875
f 815//876 951//876 816//876
f 951//877 948//877 816//877
f 816//878 948//878 947//878
f 816//879 947//879 817//879
f 817//880 947//880 946//880
f 817//881 946//881 818//881
f 946//882 945//882 818//882
f 818//883 945//883 944//883
f 818//884 944//884 841//884
f 841//885 944//885 943//885
f 841//886 943//886 842//886
f 842//887 943//887 942//887
f 842//888 942//888 843//888
f 942//889 941//889 843//889
f 843//890 941//890 940//890
f 843//891 940//891 862//891
f 940//892 939//892 862//892
f 862//893 939//893 936//893
f 862//894 936//894 860//894
f 936//895 937//895 860//895
f 860//896 937//896 938//896
f 860//897 938//897 858//897
f 938//898 935//898 858//898
f 858//899 935//899 934//899
f 858//900 934//900 857//900
f 857//901 934//901 933//901
f 857//902 933//902 856//902
f 933//903 932//903 856//903
f 856//904 932//904 931//904
f 856//905 931//905 871//905
f 931//906 930//906 871//906
f 871//907 930//907 929//907
f 871//908 929//908 872//908
f 872//909 929//909 988//909
f 872//910 988//910 873//910
f 873//911 988//911 987//911
f 873//912 987//912 986//912
f 863//913 718//913 853//913
f 853//913 718//913 719//913
f 853//914 719//914 851//914
f 851//914 719//914 736//914
f 851//915 736//915 849//915
f 849//915 736//915 734//915
f 849//916 734//916 840//916
f 840//916 734//916 732//916
f 840//917 732//917 838//917
f 838//917 732//917 730//917
f 838//918 730//918 836//918
f 836//918 730//918 729//918
f 836//919 729//919 834//919
f 834//919 729//919 741//919
f 834//920 741//920 846//920
f 846//920 741//920 727//920
f 846//921 727//921 844//921
f 844//921 727//921 720//921
f 844//922 720//922 859//922
f 859//922 720//922 722//922
f 859//923 722//923 861//923
f 861//923 722//923 724//923
f 861//924 724//924 863//924
f 863//924 724//924 718//924
f 870//925 748//925 868//925
f 868//925 748//925 761//925
f 868//926 761//926 866//926
f 866//926 761//926 763//926
f 866//927 763//927 864//927
f 864//927 763//927 746//927
f 864//928 746//928 880//928
f 880//928 746//928 755//928
f 880//929 755//929 878//929
f 878//929 755//929 771//929
f 878//930 771//930 876//930
f 876//930 771//930 769//930
f 876//931 769//931 888//931
f 888//931 769//931 767//931
f 888//932 767//932 889//932
f 889//932 767//932 766//932
f 889//933 766//933 891//933
f 891//933 766//933 754//933
f 891//934 754//934 893//934
f 893//934 754//934 756//934
f 893//935 756//935 882//935
f 882//935 756//935 750//935
f 882//936 750//936 870//936
f 870//936 750//936 748//936
f 918//937 798//937 916//937
f 916//937 798//937 800//937
f 916//938 800//938 899//938
f 899//938 800//938 779//938
f 899//939 779//939 900//939
f 900//939 779//939 778//939
f 900//940 778//940 910//940
f 910//940 778//940 783//940
f 910//917 783//917 908//917
f 908//917 783//917 785//917
f 908//941 785//941 897//941
f 897//941 785//941 776//941
f 897//942 776//942 898//942
f 898//942 776//942 775//942
f 898//943 775//943 926//943
f 926//943 775//943 790//943
f 926//944 790//944 924//944
f 924//944 790//944 792//944
f 924//945 792//945 922//945
f 922//945 792//945 794//945
f 922//923 794//923 920//923
f 920//923 794//923 796//923
f 920//946 796//946 918//946
f 918//946 796//946 798//946
f 829//947 698//947 827//947
f 827//947 698//947 700//947
f 827//926 700//926 825//926
f 825//926 700//926 702//926
f 825//948 702//948 823//948
f 823//948 702//948 704//948
f 823//949 704//949 821//949
f 821//949 704//949 706//949
f 821//950 706//950 804//950
f 804//950 706//950 686//950
f 804//951 686//951 805//951
f 805//951 686//951 685//951
f 805//952 685//952 814//952
f 814//952 685//952 712//952
f 814//932 712//932 812//932
f 812//932 712//932 714//932
f 812//953 714//953 810//953
f 810//953 714//953 692//953
f 810//954 692//954 808//954
f 808//954 692//954 690//954
f 808//955 690//955 831//955
f 831//955 690//955 696//955
f 831//956 696//956 829//956
f 829//956 696//956 698//956
f 989//957 990//957 991//957
f 989//957 991//957 992//957
f 993//957 994//957 991//957
f 991//957 994//957 995//957
f 991//957 995//957 992//957
f 996//957 997//957 991//957
f 991//957 997//957 998//957
f 991//957 998//957 993//957
f 999//957 1000//957 991//957
f 991//957 1000//957 1001//957
f 991//957 1001//957 996//957
f 1002//957 1003//957 991//957
f 991//957 1003//957 1004//957
f 991//957 1004//957 999//957
f 1005//957 1006//957 991//957
f 991//957 1006//957 1007//957
f 991//957 1007//957 1002//957
f 990//957 1008//957 991//957
f 991//957 1008//957 1009//957
f 991//957 1009//957 1005//957
f 1010//958 992//958 1011//958
f 1011//959 992//959 995//959
f 1011//959 995//959 1012//959
f 1012//960 995//960 994//960
f 1012//960 994//960 1013//960
f 1013//961 994//961 993//961
f 1013//961 993//961 1014//961
f 1014//962 993//962 998//962
f 1014//962 998//962 1015//962
f 1015//963 998//963 997//963
f 1015//963 997//963 1016//963
f 1016//964 997//964 996//964
f 1016//964 996//964 1017//964
f 1017//965 996//965 1001//965
f 1017//965 1001//965 1018//965
f 1018//966 1001//966 1000//966
f 1018//966 1000//966 1019//966
f 1019//967 1000//967 999//967
f 1019//967 999//967 1020//967
f 1020//968 999//968 1004//968
f 1020//968 1004//968 1021//968
f 1021//969 1004//969 1003//969
f 1021//969 1003//969 1022//969
f 1022//970 1003//970 1002//970
f 1022//970 1002//970 1023//970
f 1023//971 1002//971 1007//971
f 1023//971 1007//971 1024//971
f 1024//972 1007//972 1006//972
f 1024//972 1006//972 1025//972
f 1025//973 1006//973 1005//973
f 1025//973 1005//973 1026//973
f 1026//974 1005//974 1009//974
f 1026//974 1009//974 1027//974
f 1027//975 1009//975 1008//975
f 1027//975 1008//975 1028//975
f 1028//976 1008//976 990//976
f 1028//976 990//976 1029//976
f 1029//977 990//977 989//977
f 1029//977 989//977 1010//977
f 1010//958 989//958 992//958
f 1025//957 1030//957 1024//957
f 1024//957 1030//957 1031//957
f 1024//957 1031//957 1023//957
f 1023//957 1031//957 1032//957
f 1023//957 1032//957 1022//957
f 1022//957 1032//957 1033//957
f 1022//957 1033//957 1021//957
f 1021//957 1033//957 1034//957
f 1021//957 1034//957 1020//957
f 1020//957 1034//957 1035//957
f 1020//957 1035//957 1019//957
f 1019//957 1035//957 1036//957
f 1019//957 1036//957 1018//957
f 1018//957 1036//957 1037//957
f 1018//957 1037//957 1017//957
f 1017//957 1037//957 1038//957
f 1017//957 1038//957 1016//957
f 1016//957 1038//957 1039//957
f 1016//957 1039//957 1015//957
f 1039//957 1040//957 1015//957
f 1015//957 1040//957 1041//957
f 1015//957 1041//957 1014//957
f 1014//957 1041//957 1042//957
f 1014//957 1042//957 1013//957
f 1013//957 1042//957 1043//957
f 1013//957 1043//957 1012//957
f 1012//957 1043//957 1044//957
f 1012//957 1044//957 1011//957
f 1011//957 1044//957 1045//957
f 1011//957 1045//957 1010//957
f 1010//957 1045//957 1046//957
f 1010//957 1046//957 1029//957
f 1029//957 1046//957 1047//957
f 1029//957 1047//957 1028//957
f 1028//957 1047//957 1048//957
f 1028//957 1048//957 1027//957
f 1027//957 1048//957 1049//957
f 1027//957 1049//957 1026//957
f 1026//957 1049//957 1050//957
f 1026//957 1050//957 1025//957
f 1025//957 1050//957 1051//957
f 1025//957 1051//957 1030//957
f 1052//978 1045//978 1053//978
f 1053//979 1045//979 1044//979
f 1053//979 1044//979 1054//979
f 1054//980 1044//980 1043//980
f 1054//980 1043//980 1055//980
f 1055//981 1043//981 1042//981
f 1055//981 1042//981 1056//981
f 1056//982 1042//982 1041//982
f 1056//982 1041//982 1057//982
f 1057//983 1041//983 1040//983
f 1057//983 1040//983 1058//983
f 1058//984 1040//984 1039//984
f 1058//984 1039//984 1059//984
f 1059//985 1039//985 1038//985
f 1059//985 1038//985 1060//985
f 1060//986 1038//986 1037//986
f 1060//986 1037//986 1061//986
f 1061//987 1037//987 1036//987
f 1061//987 1036//987 1062//987
f 1062//988 1036//988 1035//988
f 1062//988 1035//988 1063//988
f 1063//989 1035//989 1034//989
f 1063//989 1034//989 1064//989
f 1064//990 1034//990 1033//990
f 1064//990 1033//990 1065//990
f 1065//991 1033//991 1032//991
f 1065//991 1032//991 1066//991
f 1066//992 1032//992 1031//992
f 1066//992 1031//992 1067//992
f 1067//993 1031//993 1030//993
f 1067//993 1030//993 1068//993
f 1068//994 1030//994 1051//994
f 1068//994 1051//994 1069//994
f 1069//995 1051//995 1050//995
f 1069//995 1050//995 1070//995
f 1070//996 1050//996 1049//996
f 1070//996 1049//996 1071//996
f 1071//997 1049//997 1048//997
f 1071//997 1048//997 1072//997
f 1072//998 1048//998 1047//998
f 1072//998 1047//998 1073//998
f 1073//999 1047//999 1046//999
f 1073//999 1046//999 1052//999
f 1052//978 1046//978 1045//978
f 1067//957 1074//957 1066//957
f 1066//957 1074//957 1075//957
f 1066//957 1075//957 1065//957
f 1065//957 1075//957 1076//957
f 1065//957 1076//957 1064//957
f 1070//957 1077//957 1069//957
f 1069//957 1077//957 1078//957
f 1069//957 1078//957 1068//957
f 1068//957 1078//957 1079//957
f 1068//957 1079//957 1067//957
f 1067//957 1079//957 1080//957
f 1067//957 1080//957 1074//957
f 1073//957 1081//957 1072//957
f 1072//957 1081//957 1082//957
f 1072//957 1082//957 1071//957
f 1071//957 1082//957 1083//957
f 1071//957 1083//957 1070//957
f 1070//957 1083//957 1084//957
f 1070//957 1084//957 1077//957
f 1076//957 1085//957 1064//957
f 1064//957 1085//957 1086//957
f 1064//957 1086//957 1063//957
f 1063//957 1086//957 1087//957
f 1063//957 1087//957 1062//957
f 1062//957 1087//957 1088//957
f 1062//957 1088//957 1061//957
f 1061//957 1088//957 1089//957
f 1061//957 1089//957 1060//957
f 1054//957 1090//957 1053//957
f 1053//957 1090//957 1091//957
f 1053//957 1091//957 1052//957
f 1052//957 1091//957 1092//957
f 1052//957 1092//957 1073//957
f 1073//957 1092//957 1093//957
f 1073//957 1093//957 1081//957
f 1089//957 1094//957 1060//957
f 1060//957 1094//957 1095//957
f 1060//957 1095//957 1059//957
f 1059//957 1095//957 1096//957
f 1059//957 1096//957 1058//957
f 1058//957 1096//957 1097//957
f 1058//957 1097//957 1057//957
f 1097//957 1098//957 1057//957
f 1057//957 1098//957 1099//957
f 1057//957 1099//957 1056//957
f 1056//957 1099//957 1100//957
f 1056//957 1100//957 1055//957
f 1055//957 1100//957 1101//957
f 1055//957 1101//957 1054//957
f 1054//957 1101//957 1102//957
f 1054//957 1102//957 1090//957
f 1103//1000 1091//1000 1104//1000
f 1104//1001 1091//1001 1090//1001
f 1104//1001 1090//1001 1105//1001
f 1105//1002 1090//1002 1102//1002
f 1105//1002 1102//1002 1106//1002
f 1106//1003 1102//1003 1101//1003
f 1106//1003 1101//1003 1107//1003
f 1107//1004 1101//1004 1100//1004
f 1107//1004 1100//1004 1108//1004
f 1108//1005 1100//1005 1099//1005
f 1108//1005 1099//1005 1109//1005
f 1109//1006 1099//1006 1098//1006
f 1109//1006 1098//1006 1110//1006
f 1110//1007 1098//1007 1097//1007
f 1110//1007 1097//1007 1111//1007
f 1111//1008 1097//1008 1096//1008
f 1111//1008 1096//1008 1112//1008
f 1112//1009 1096//1009 1095//1009
f 1112//1009 1095//1009 1113//1009
f 1113//1010 1095//1010 1094//1010
f 1113//1010 1094//1010 1114//1010
f 1114//1011 1094//1011 1089//1011
f 1114//1011 1089//1011 1115//1011
f 1115//1012 1089//1012 1088//1012
f 1115//1012 1088//1012 1116//1012
f 1116//1013 1088//1013 1087//1013
f 1116//1013 1087//1013 1117//1013
f 1117//1014 1087//1014 1086//1014
f 1117//1014 1086//1014 1118//1014
f 1118//1015 1086//1015 1085//1015
f 1118//1015 1085//1015 1119//1015
f 1119//1016 1085//1016 1076//1016
f 1119//1016 1076//1016 1120//1016
f 1120//1017 1076//1017 1075//1017
f 1120//1017 1075//1017 1121//1017
f 1121//1018 1075//1018 1074//1018
f 1121//1018 1074//1018 1122//1018
f 1122//1019 1074//1019 1080//1019
f 1122//1019 1080//1019 1123//1019
f 1123//1020 1080//1020 1079//1020
f 1123//1020 1079//1020 1124//1020
f 1124//1021 1079//1021 1078//1021
f 1124//1021 1078//1021 1125//1021
f 1125//1022 1078//1022 1077//1022
f 1125//1022 1077//1022 1126//1022
f 1126//1023 1077//1023 1084//1023
f 1126//1023 1084//1023 1127//1023
f 1127//1024 1084//1024 1083//1024
f 1127//1024 1083//1024 1128//1024
f 1128//1025 1083//1025 1082//1025
f 1128//1025 1082//1025 1129//1025
f 1129//1026 1082//1026 1081//1026
f 1129//1026 1081//1026 1130//1026
f 1130//1027 1081//1027 1093//1027
f 1130//1027 1093//1027 1131//1027
f 1131//1028 1093//1028 1092//1028
f 1131//1028 1092//1028 1103//1028
f 1103//1000 1092//1000 1091//1000
f 1103//1029 1104//1029 1132//1029
f 1103//1029 1132//1029 1131//1029
f 1128//1029 1129//1029 1132//1029
f 1132//1029 1129//1029 1130//1029
f 1132//1029 1130//1029 1131//1029
f 1125//1029 1126//1029 1132//1029
f 1132//1029 1126//1029 1127//1029
f 1132//1029 1127//1029 1128//1029
f 1122//1029 1123//1029 1132//1029
f 1132//1029 1123//1029 1124//1029
f 1132//1029 1124//1029 1125//1029
f 1119//1029 1120//1029 1132//1029
f 1132//1029 1120//1029 1121//1029
f 1132//1029 1121//1029 1122//1029
f 1116//1029 1117//1029 1132//1029
f 1132//1029 1117//1029 1118//1029
f 1132//1029 1118//1029 1119//1029
f 1113//1029 1114//1029 1132//1029
f 1132//1029 1114//1029 1115//1029
f 1132//1029 1115//1029 1116//1029
f 1110//1029 1111//1029 1132//1029
f 1132//1029 1111//1029 1112//1029
f 1132//1029 1112//1029 1113//1029
f 1107//1029 1108//1029 1132//1029
f 1132//1029 1108//1029 1109//1029
f 1132//1029 1109//1029 1110//1029
f 1104//1029 1105//1029 1132//1029
f 1132//1029 1105//1029 1106//1029
f 1132//1029 1106//1029 1107//1029
f 1133//1030 1134//1030 1135//1030
f 1133//1030 1135//1030 1136//1030
f 1137//1030 1138//1030 1135//1030
f 1135//1030 1138//1030 1139//1030
f 1135//1030 1139//1030 1136//1030
f 1140//1030 1141//1030 1135//1030
f 1135//1030 1141//1030 1142//1030
f 1135//1030 1142//1030 1137//1030
f 1143//1030 1144//1030 1135//1030
f 1135//1030 1144//1030 1145//1030
f 1135//1030 1145//1030 1140//1030
f 1146//1030 1147//1030 1135//1030
f 1135//1030 1147//1030 1148//1030
f 1135//1030 1148//1030 1143//1030
f 1149//1030 1150//1030 1135//1030
f 1135//1030 1150//1030 1151//1030
f 1135//1030 1151//1030 1146//1030
f 1134//1030 1152//1030 1135//1030
f 1135//1030 1152//1030 1153//1030
f 1135//1030 1153//1030 1149//1030
f 1154//1031 1136//1031 1155//1031
f 1155//1032 1136//1032 1139//1032
f 1155//1032 1139//1032 1156//1032
f 1156//1033 1139//1033 1138//1033
f 1156//1033 1138//1033 1157//1033
f 1157//1034 1138//1034 1137//1034
f 1157//1034 1137//1034 1158//1034
f 1158//1035 1137//1035 1142//1035
f 1158//1035 1142//1035 1159//1035
f 1159//1036 1142//1036 1141//1036
f 1159//1036 1141//1036 1160//1036
f 1160//1037 1141//1037 1140//1037
f 1160//1037 1140//1037 1161//1037
f 1161//1038 1140//1038 1145//1038
f 1161//1038 1145//1038 1162//1038
f 1162//1039 1145//1039 1144//1039
f 1162//1039 1144//1039 1163//1039
f 1163//1040 1144//1040 1143//1040
f 1163//1040 1143//1040 1164//1040
f 1164//1041 1143//1041 1148//1041
f 1164//1041 1148//1041 1165//1041
f 1165//1042 1148//1042 1147//1042
f 1165//1042 1147//1042 1166//1042
f 1166//1043 1147//1043 1146//1043
f 1166//1043 1146//1043 1167//1043
f 1167//1044 1146//1044 1151//1044
f 1167//1044 1151//1044 1168//1044
f 1168//1045 1151//1045 1150//1045
f 1168//1045 1150//1045 1169//1045
f 1169//1046 1150//1046 1149//1046
f 1169//1046 1149//1046 1170//1046
f 1170//1047 1149//1047 1153//1047
f 1170//1047 1153//1047 1171//1047
f 1171//1048 1153//1048 1152//1048
f 1171//1048 1152//1048 1172//1048
f 1172//1049 1152//1049 1134//1049
f 1172//1049 1134//1049 1173//1049
f 1173//1050 1134//1050 1133//1050
f 1173//1050 1133//1050 1154//1050
f 1154//1031 1133//1031 1136//1031
f 1169//1030 1174//1030 1168//1030
f 1168//1030 1174//1030 1175//1030
f 1168//1030 1175//1030 1167//1030
f 1167//1030 1175//1030 1176//1030
f 1167//1030 1176//1030 1166//1030
f 1166//1030 1176//1030 1177//1030
f 1166//1030 1177//1030 1165//1030
f 1165//1030 1177//1030 1178//1030
f 1165//1030 1178//1030 1164//1030
f 1164//1030 1178//1030 1179//1030
f 1164//1030 1179//1030 1163//1030
f 1163//1030 1179//1030 1180//1030
f 1163//1030 1180//1030 1162//1030
f 1162//1030 1180//1030 1181//1030
f 1162//1030 1181//1030 1161//1030
f 1161//1030 1181//1030 1182//1030
f 1161//1030 1182//1030 1160//1030
f 1160//1030 1182//1030 1183//1030
f 1160//1030 1183//1030 1159//1030
f 1183//1030 1184//1030 1159//1030
f 1159//1030 1184//1030 1185//1030
f 1159//1030 1185//1030 1158//1030
f 1158//1030 1185//1030 1186//1030
f 1158//1030 1186//1030 1157//1030
f 1157//1030 1186//1030 1187//1030
f 1157//1030 1187//1030 1156//1030
f 1156//1030 1187//1030 1188//1030
f 1156//1030 1188//1030 1155//1030
f 1155//1030 1188//1030 1189//1030
f 1155//1030 1189//1030 1154//1030
f 1154//1030 1189//1030 1190//1030
f 1154//1030 1190//1030 1173//1030
f 1173//1030 1190//1030 1191//1030
f 1173//1030 1191//1030 1172//1030
f 1172//1030 1191//1030 1192//1030
f 1172//1030 1192//1030 1171//1030
f 1171//1030 1192//1030 1193//1030
f 1171//1030 1193//1030 1170//1030
f 1170//1030 1193//1030 1194//1030
f 1170//1030 1194//1030 1169//1030
f 1169//1030 1194//1030 1195//1030
f 1169//1030 1195//1030 1174//1030
f 1196//1051 1189//1051 1197//1051
f 1197//1052 1189//1052 1188//1052
f 1197//1052 1188//1052 1198//1052
f 1198//1053 1188//1053 1187//1053
f 1198//1053 1187//1053 1199//1053
f 1199//1054 1187//1054 1186//1054
f 1199//1054 1186//1054 1200//1054
f 1200//1055 1186//1055 1185//1055
f 1200//1055 1185//1055 1201//1055
f 1201//1056 1185//1056 1184//1056
f 1201//1056 1184//1056 1202//1056
f 1202//1057 1184//1057 1183//1057
f 1202//1057 1183//1057 1203//1057
f 1203//1058 1183//1058 1182//1058
f 1203//1058 1182//1058 1204//1058
f 1204//1059 1182//1059 1181//1059
f 1204//1059 1181//1059 1205//1059
f 1205//1060 1181//1060 1180//1060
f 1205//1060 1180//1060 1206//1060
f 1206//1061 1180//1061 1179//1061
f 1206//1061 1179//1061 1207//1061
f 1207//1062 1179//1062 1178//1062
f 1207//1062 1178//1062 1208//1062
f 1208//1063 1178//1063 1177//1063
f 1208//1063 1177//1063 1209//1063
f 1209//1064 1177//1064 1176//1064
f 1209//1064 1176//1064 1210//1064
f 1210//1065 1176//1065 1175//1065
f 1210//1065 1175//1065 1211//1065
f 1211//1066 1175//1066 1174//1066
f 1211//1066 1174//1066 1212//1066
f 1212//1067 1174//1067 1195//1067
f 1212//1067 1195//1067 1213//1067
f 1213//1068 1195//1068 1194//1068
f 1213//1068 1194//1068 1214//1068
f 1214//1069 1194//1069 1193//1069
f 1214//1069 1193//1069 1215//1069
f 1215//1070 1193//1070 1192//1070
f 1215//1070 1192//1070 1216//1070
f 1216//1071 1192//1071 1191//1071
f 1216//1071 1191//1071 1217//1071
f 1217//1072 1191//1072 1190//1072
f 1217//1072 1190//1072 1196//1072
f 1196//1051 1190//1051 1189//1051
f 1211//1030 1218//1030 1210//1030
f 1210//1030 1218//1030 1219//1030
f 1210//1030 1219//1030 1209//1030
f 1209//1030 1219//1030 1220//1030
f 1209//1030 1220//1030 1208//1030
f 1214//1030 1221//1030 1213//1030
f 1213//1030 1221//1030 1222//1030
f 1213//1030 1222//1030 1212//1030
f 1212//1030 1222//1030 1223//1030
f 1212//1030 1223//1030 1211//1030
f 1211//1030 1223//1030 1224//1030
f 1211//1030 1224//1030 1218//1030
f 1217//1030 1225//1030 1216//1030
f 1216//1030 1225//1030 1226//1030
f 1216//1030 1226//1030 1215//1030
f 1215//1030 1226//1030 1227//1030
f 1215//1030 1227//1030 1214//1030
f 1214//1030 1227//1030 1228//1030
f 1214//1030 1228//1030 1221//1030
f 1220//1030 1229//1030 1208//1030
f 1208//1030 1229//1030 1230//1030
f 1208//1030 1230//1030 1207//1030
f 1207//1030 1230//1030 1231//1030
f 1207//1030 1231//1030 1206//1030
f 1206//1030 1231//1030 1232//1030
f 1206//1030 1232//1030 1205//1030
f 1205//1030 1232//1030 1233//1030
f 1205//1030 1233//1030 1204//1030
f 1198//1030 1234//1030 1197//1030
f 1197//1030 1234//1030 1235//1030
f 1197//1030 1235//1030 1196//1030
f 1196//1030 1235//1030 1236//1030
f 1196//1030 1236//1030 1217//1030
f 1217//1030 1236//1030 1237//1030
f 1217//1030 1237//1030 1225//1030
f 1233//1030 1238//1030 1204//1030
f 1204//1030 1238//1030 1239//1030
f 1204//1030 1239//1030 1203//1030
f 1203//1030 1239//1030 1240//1030
f 1203//1030 1240//1030 1202//1030
f 1202//1030 1240//1030 1241//1030
f 1202//1030 1241//1030 1201//1030
f 1241//1030 1242//1030 1201//1030
f 1201//1030 1242//1030 1243//1030
f 1201//1030 1243//1030 1200//1030
f 1200//1030 1243//1030 1244//1030
f 1200//1030 1244//1030 1199//1030
f 1199//1030 1244//1030 1245//1030
f 1199//1030 1245//1030 1198//1030
f 1198//1030 1245//1030 1246//1030
f 1198//1030 1246//1030 1234//1030
f 1247//1073 1235//1073 1248//1073
f 1248//1074 1235//1074 1234//1074
f 1248//1074 1234//1074 1249//1074
f 1249//1075 1234//1075 1246//1075
f 1249//1075 1246//1075 1250//1075
f 1250//1076 1246//1076 1245//1076
f 1250//1076 1245//1076 1251//1076
f 1251//1077 1245//1077 1244//1077
f 1251//1077 1244//1077 1252//1077
f 1252//1078 1244//1078 1243//1078
f 1252//1078 1243//1078 1253//1078
f 1253//1079 1243//1079 1242//1079
f 1253//1079 1242//1079 1254//1079
f 1254//1080 1242//1080 1241//1080
f 1254//1080 1241//1080 1255//1080
f 1255//1081 1241//1081 1240//1081
f 1255//1081 1240//1081 1256//1081
f 1256//1082 1240//1082 1239//1082
f 1256//1082 1239//1082 1257//1082
f 1257//1083 1239//1083 1238//1083
f 1257//1083 1238//1083 1258//1083
f 1258//1084 1238//1084 1233//1084
f 1258//1084 1233//1084 1259//1084
f 1259//1085 1233//1085 1232//1085
f 1259//1085 1232//1085 1260//1085
f 1260//1086 1232//1086 1231//1086
f 1260//1086 1231//1086 1261//1086
f 1261//1087 1231//1087 1230//1087
f 1261//1087 1230//1087 1262//1087
f 1262//1088 1230//1088 1229//1088
f 1262//1088 1229//1088 1263//1088
f 1263//1089 1229//1089 1220//1089
f 1263//1089 1220//1089 1264//1089
f 1264//1090 1220//1090 1219//1090
f 1264//1090 1219//1090 1265//1090
f 1265//1091 1219//1091 1218//1091
f 1265//1091 1218//1091 1266//1091
f 1266//1092 1218//1092 1224//1092
f 1266//1092 1224//1092 1267//1092
f 1267//1093 1224//1093 1223//1093
f 1267//1093 1223//1093 1268//1093
f 1268//1094 1223//1094 1222//1094
f 1268//1094 1222//1094 1269//1094
f 1269//1095 1222//1095 1221//1095
f 1269//1095 1221//1095 1270//1095
f 1270//1096 1221//1096 1228//1096
f 1270//1096 1228//1096 1271//1096
f 1271//1097 1228//1097 1227//1097
f 1271//1097 1227//1097 1272//1097
f 1272//1098 1227//1098 1226//1098
f 1272//1098 1226//1098 1273//1098
f 1273//1099 1226//1099 1225//1099
f 1273//1099 1225//1099 1274//1099
f 1274//1100 1225//1100 1237//1100
f 1274//1100 1237//1100 1275//1100
f 1275//1101 1237//1101 1236//1101
f 1275//1101 1236//1101 1247//1101
f 1247//1073 1236//1073 1235//1073
f 1247//1102 1248//1102 1276//1102
f 1247//1102 1276//1102 1275//1102
f 1272//1102 1273//1102 1276//1102
f 1276//1102 1273//1102 1274//1102
f 1276//1102 1274//1102 1275//1102
f 1269//1102 1270//1102 1276//1102
f 1276//1102 1270//1102 1271//1102
f 1276//1102 1271//1102 1272//1102
f 1266//1102 1267//1102 1276//1102
f 1276//1102 1267//1102 1268//1102
f 1276//1102 1268//1102 1269//1102
f 1263//1102 1264//1102 1276//1102
f 1276//1102 1264//1102 1265//1102
f 1276//1102 1265//1102 1266//1102
f 1260//1102 1261//1102 1276//1102
f 1276//1102 1261//1102 1262//1102
f 1276//1102 1262//1102 1263//1102
f 1257//1102 1258//1102 1276//1102
f 1276//1102 1258//1102 1259//1102
f 1276//1102 1259//1102 1260//1102
f 1254//1102 1255//1102 1276//1102
f 1276//1102 1255//1102 1256//1102
f 1276//1102 1256//1102 1257//1102
f 1251//1102 1252//1102 1276//1102
f 1276//1102 1252//1102 1253//1102
f 1276//1102 1253//1102 1254//1102
f 1248//1102 1249//1102 1276//1102
f 1276//1102 1249//1102 1250//1102
f 1276//1102 1250//1102 1251//1102
# Vertices: 1276, normals: 1102, texture coordinates: 0, faces: 2598

