# File generated by ImageToStl.com - Free Image and 3D model conversion tools

o obj1
v 0.0054348 -0.012 -0.00084434
v 0.0052217 -0.012 -0.00172737
v 0.0052217 -0.0055 -0.00172737
v 0.0043779 -0.012 -0.00332926
v 0.0043779 -0.0055 -0.00332926
v 0.00305969 -0.012 -0.00457037
v 0.00305969 -0.0055 -0.00457037
v 0.00140991 -0.012 -0.00531622
v 0.00140991 -0.0055 -0.00531622
v -0.00039266 -0.012 -0.00548597
v -0.00039266 -0.0055 -0.00548597
v -0.00215267 -0.012 -0.00506123
v -0.00215267 -0.0055 -0.00506123
v -0.00367941 -0.012 -0.00408802
v -0.00367941 -0.0055 -0.00408802
v -0.00480743 -0.012 -0.00267182
v -0.00480743 -0.0055 -0.00267182
v -0.00541449 -0.012 -0.00096608
v -0.00541449 -0.0055 -0.00096608
v -0.0054348 -0.012 0.00084434
v -0.0054348 -0.0055 0.00084434
v -0.00486617 -0.012 0.00256327
v -0.00486617 -0.0055 0.00256327
v -0.00377022 -0.012 0.00400443
v -0.00377022 -0.0055 0.00400443
v -0.0022657 -0.012 0.00501165
v -0.0022657 -0.0055 0.00501165
v -0.00051566 -0.012 0.00547577
v -0.00051566 -0.0055 0.00547577
v 0.00129026 -0.012 0.00534652
v 0.00129026 -0.0055 0.00534652
v 0.00295636 -0.012 0.00463788
v 0.00295636 -0.0055 0.00463788
v 0.0043021 -0.012 0.00342666
v 0.0043021 -0.0055 0.00342666
v 0.00518163 -0.012 0.0018441
v 0.00518163 -0.0055 0.0018441
v 0.00549965 -0.012 6.171e-05
v 0.00549965 -0.0055 6.171e-05
v -0.00094526 -0.0055 0.00388671
v 0.00061407 -0.0055 0.00395258
v 0.00207991 -0.0055 0.00341672
v 0.00322911 -0.0055 0.00236069
v 0.00388671 -0.0055 0.00094526
v 0.00395258 -0.0055 -0.00061407
v -0.00207991 -0.0055 -0.00341672
v -0.00322911 -0.0055 -0.00236069
v -0.00388671 -0.0055 -0.00094526
v -0.00395258 -0.0055 0.00061407
v -0.00341672 -0.0055 0.00207991
v -0.00236069 -0.0055 0.00322911
v 0.00341672 -0.0055 -0.00207991
v 0.00236069 -0.0055 -0.00322911
v 0.00094526 -0.0055 -0.00388671
v -0.00061407 -0.0055 -0.00395258
v -0.00388671 0.005 -0.00094526
v -0.00322911 0.005 -0.00236069
v -0.00207991 0.005 -0.00341672
v -0.00061407 0.005 -0.00395258
v 0.00094526 0.005 -0.00388671
v 0.00236069 0.005 -0.00322911
v 0.00341672 0.005 -0.00207991
v 0.00395258 0.005 -0.00061407
v 0.00388671 0.005 0.00094526
v 0.00322911 0.005 0.00236069
v 0.00207991 0.005 0.00341672
v 0.00061407 0.005 0.00395258
v -0.00094526 0.005 0.00388671
v -0.00236069 0.005 0.00322911
v -0.00341672 0.005 0.00207991
v -0.00395258 0.005 0.00061407
v -0.00195829 0.0055 -0.00075836
v -0.00340087 0.0055 -0.00082711
v -0.00207511 0.0055 0.00032239
v -0.00345851 0.0055 0.00053731
v -0.0016359 0.0055 0.00131675
v -0.00298963 0.0055 0.00181992
v -0.0020656 0.0055 0.00282547
v -0.00075836 0.0055 0.00195829
v -0.00082711 0.0055 0.00340087
v 0.00032239 0.0055 0.00207511
v 0.00053731 0.0055 0.00345851
v 0.00131675 0.0055 0.0016359
v 0.00075836 0.0055 -0.00195829
v 0.00082711 0.0055 -0.00340087
v -0.00032239 0.0055 -0.00207511
v -0.00053731 0.0055 -0.00345851
v -0.00131675 0.0055 -0.0016359
v -0.00181992 0.0055 -0.00298963
v -0.00282547 0.0055 -0.0020656
v 0.00181992 0.0055 0.00298963
v 0.00282547 0.0055 0.0020656
v 0.00195829 0.0055 0.00075836
v 0.00340087 0.0055 0.00082711
v 0.00207511 0.0055 -0.00032239
v 0.00345851 0.0055 -0.00053731
v 0.0016359 0.0055 -0.00131675
v 0.00298963 0.0055 -0.00181992
v 0.0020656 0.0055 -0.00282547
v 0.0 -0.00576181 0.0
v 0.0016359 -0.0045 -0.00131675
v 0.00075836 -0.0045 -0.00195829
v 0.00207511 -0.0045 -0.00032239
v -0.00131675 -0.0045 -0.0016359
v -0.00195829 -0.0045 -0.00075836
v -0.00032239 -0.0045 -0.00207511
v -0.0016359 -0.0045 0.00131675
v -0.00075836 -0.0045 0.00195829
v -0.00207511 -0.0045 0.00032239
v 0.00131675 -0.0045 0.0016359
v 0.00195829 -0.0045 0.00075836
v 0.00032239 -0.0045 0.00207511
v 0.00214924 -0.0125 0.01383404
v 0.00214924 -0.0115 0.01383404
v 0.0050729 -0.0125 0.01304859
v 0.0050729 -0.0115 0.01304859
v 0.00775936 -0.0125 0.011653
v 0.00775936 -0.0115 0.011653
v 0.010083 -0.0125 0.00971252
v 0.010083 -0.0115 0.00971252
v 0.01193517 -0.0125 0.0073179
v 0.01193517 -0.0115 0.0073179
v 0.01322927 -0.0125 0.00458111
v 0.01322927 -0.0115 0.00458111
v 0.01390478 -0.0125 0.0016301
v 0.01390478 -0.0115 0.0016301
v 0.01393011 -0.0125 -0.00139713
v 0.01393011 -0.0115 -0.00139713
v 0.01330409 -0.0125 -0.00435902
v 0.01330409 -0.0115 -0.00435902
v 0.01205599 -0.0125 -0.0071171
v 0.01205599 -0.0115 -0.0071171
v 0.01024416 -0.0125 -0.00954239
v 0.01024416 -0.0115 -0.00954239
v 0.00795333 -0.0125 -0.01152148
v 0.00795333 -0.0115 -0.01152148
v 0.00529061 -0.0125 -0.01296185
v 0.00529061 -0.0115 -0.01296185
v 0.0023805 -0.0125 -0.01379613
v 0.0023805 -0.0115 -0.01379613
v -0.00064092 -0.0125 -0.01398532
v -0.00064092 -0.0115 -0.01398532
v -0.00363236 -0.0125 -0.01352058
v -0.00363236 -0.0115 -0.01352058
v -0.00645396 -0.0125 -0.01242362
v -0.00645396 -0.0115 -0.01242362
v -0.00897378 -0.0125 -0.01074575
v -0.00897378 -0.0115 -0.01074575
v -0.011074 -0.0125 -0.00856542
v -0.011074 -0.0115 -0.00856542
v -0.01265641 -0.0125 -0.00598459
v -0.01265641 -0.0115 -0.00598459
v -0.01364702 -0.0125 -0.00312392
v -0.01364702 -0.0115 -0.00312392
v -0.01399951 -0.0125 -0.00011717
v -0.01399951 -0.0115 -0.00011717
v -0.0136974 -0.0125 0.00289505
v -0.0136974 -0.0115 0.00289505
v -0.01275481 -0.0125 0.0057719
v -0.01275481 -0.0115 0.0057719
v -0.01121582 -0.0125 0.00837886
v -0.01121582 -0.0115 0.00837886
v -0.0091524 -0.0125 0.01059404
v -0.0091524 -0.0115 0.01059404
v -0.00666101 -0.0125 0.01231385
v -0.00666101 -0.0115 0.01231385
v -0.00385817 -0.0125 0.01345788
v -0.00385817 -0.0115 0.01345788
v -0.00087492 -0.0125 0.01397263
v -0.00087492 -0.0115 0.01397263
v -0.00530855 -0.0125 0.0027963
v -0.00411296 -0.0125 0.00436847
v -0.00247167 -0.0125 0.00546725
v -0.00590671 -0.0125 -0.00105391
v -0.00592888 -0.0125 0.0009211
v 0.0046932 -0.0125 0.00373817
v 0.00565269 -0.0125 0.00201175
v 0.00599962 -0.0125 6.732e-05
v -0.0040139 -0.0125 -0.00445966
v -0.00524447 -0.0125 -0.00291471
v -0.00042835 -0.0125 -0.00598469
v -0.00234837 -0.0125 -0.00552134
v -0.00056254 -0.0125 0.00597357
v 0.0009211 -0.0125 0.00592888
v 0.00140756 -0.0125 0.00583256
v 0.00322512 -0.0125 0.0050595
v 0.00333784 -0.0125 -0.00498586
v 0.00153808 -0.0125 -0.00579951
v 0.00569641 -0.0125 -0.0018844
v 0.00477589 -0.0125 -0.00363192
v -0.01372372 -0.01423819 -0.01003292
v -0.01296536 -0.0155 -0.01199121
v -0.01208782 -0.0155 -0.01134967
v -0.01404611 -0.0155 -0.01210803
v -0.01176543 -0.0155 -0.00927456
v -0.01240697 -0.0155 -0.00839702
v -0.01164861 -0.0155 -0.01035531
v -0.01448208 -0.0155 -0.00807463
v -0.01535962 -0.0155 -0.00871617
v -0.01340133 -0.0155 -0.00795781
v -0.01568201 -0.0155 -0.01079128
v -0.01504047 -0.0155 -0.01166882
v -0.01579883 -0.0155 -0.00971054
v 0.01372372 -0.01423819 0.01003292
v 0.01448208 -0.0155 0.00807463
v 0.01535962 -0.0155 0.00871617
v 0.01340133 -0.0155 0.00795781
v 0.01568201 -0.0155 0.01079128
v 0.01504047 -0.0155 0.01166882
v 0.01579883 -0.0155 0.00971054
v 0.01296536 -0.0155 0.01199121
v 0.01208782 -0.0155 0.01134967
v 0.01404611 -0.0155 0.01210803
v 0.01176543 -0.0155 0.00927456
v 0.01240697 -0.0155 0.00839702
v 0.01164861 -0.0155 0.01035531
v -0.01003292 -0.01423819 0.01372372
v -0.00927456 -0.0155 0.01176543
v -0.00839702 -0.0155 0.01240697
v -0.01035531 -0.0155 0.01164861
v -0.00807463 -0.0155 0.01448208
v -0.00871617 -0.0155 0.01535962
v -0.00795781 -0.0155 0.01340133
v -0.01079128 -0.0155 0.01568201
v -0.01166882 -0.0155 0.01504047
v -0.00971054 -0.0155 0.01579883
v -0.01199121 -0.0155 0.01296536
v -0.01134967 -0.0155 0.01208782
v -0.01210803 -0.0155 0.01404611
v 0.01003292 -0.01423819 -0.01372372
v 0.01079128 -0.0155 -0.01568201
v 0.01166882 -0.0155 -0.01504047
v 0.00971054 -0.0155 -0.01579883
v 0.01199121 -0.0155 -0.01296536
v 0.01134967 -0.0155 -0.01208782
v 0.01210803 -0.0155 -0.01404611
v 0.00927456 -0.0155 -0.01176543
v 0.00839702 -0.0155 -0.01240697
v 0.01035531 -0.0155 -0.01164861
v 0.00807463 -0.0155 -0.01448208
v 0.00871617 -0.0155 -0.01535962
v 0.00795781 -0.0155 -0.01340133
v 0.00606753 -0.0155 -0.01424876
v 0.00606753 -0.0215 -0.01424876
v 0.00613412 -0.0215 -0.01282968
v 0.00613412 -0.0155 -0.01282968
v 0.00669249 -0.0215 -0.01152337
v 0.00669249 -0.0155 -0.01152337
v 0.00767223 -0.0215 -0.01049461
v 0.00767223 -0.0155 -0.01049461
v 0.00894975 -0.0215 -0.00987317
v 0.00894975 -0.0155 -0.00987317
v 0.0103639 -0.0215 -0.00973744
v 0.0103639 -0.0155 -0.00973744
v 0.01173629 -0.0215 -0.01010453
v 0.01173629 -0.0155 -0.01010453
v 0.01303749 -0.0155 -0.01071694
v 0.01303749 -0.0215 -0.01071694
v 0.01567443 -0.0215 0.0062563
v 0.01424876 -0.0215 0.00606753
v 0.01567443 -0.0155 0.0062563
v 0.01424876 -0.0155 0.00606753
v 0.01282968 -0.0215 0.00613412
v 0.01282968 -0.0155 0.00613412
v 0.01152337 -0.0215 0.00669249
v 0.01152337 -0.0155 0.00669249
v 0.01049461 -0.0215 0.00767223
v 0.01049461 -0.0155 0.00767223
v 0.00987317 -0.0215 0.00894975
v 0.00987317 -0.0155 0.00894975
v 0.00973744 -0.0215 0.0103639
v 0.00973744 -0.0155 0.0103639
v 0.01010453 -0.0215 0.01173629
v 0.01010453 -0.0155 0.01173629
v 0.01071694 -0.0155 0.01303749
v 0.01071694 -0.0215 0.01303749
v 0.00998702 -0.0155 0.01557271
v 0.00998702 -0.0215 0.01557271
v 0.00726891 -0.0155 0.01701214
v 0.00726891 -0.0215 0.01701214
v 0.00434987 -0.0155 0.01798134
v 0.00434987 -0.0215 0.01798134
v 0.00284006 -0.0215 0.0182807
v 0.0013106 -0.0155 0.01845352
v 0.0013106 -0.0215 0.01845352
v -0.0017649 -0.0155 0.01841562
v -0.0017649 -0.0215 0.01841562
v -0.00479161 -0.0155 0.0178687
v -0.00479161 -0.0215 0.0178687
v -0.0062563 -0.0215 0.01567443
v -0.00606753 -0.0215 0.01424876
v -0.0062563 -0.0155 0.01567443
v -0.00606753 -0.0155 0.01424876
v -0.00613412 -0.0215 0.01282968
v -0.00613412 -0.0155 0.01282968
v -0.00669249 -0.0215 0.01152337
v -0.00669249 -0.0155 0.01152337
v -0.00767223 -0.0215 0.01049461
v -0.00767223 -0.0155 0.01049461
v -0.00894975 -0.0215 0.00987317
v -0.00894975 -0.0155 0.00987317
v -0.0103639 -0.0215 0.00973744
v -0.0103639 -0.0155 0.00973744
v -0.01173629 -0.0215 0.01010453
v -0.01173629 -0.0155 0.01010453
v -0.01303749 -0.0155 0.01071694
v -0.01303749 -0.0215 0.01071694
v -0.01557271 -0.0155 0.00998702
v -0.01557271 -0.0215 0.00998702
v -0.01701214 -0.0155 0.00726891
v -0.01701214 -0.0215 0.00726891
v -0.01798134 -0.0155 0.00434987
v -0.01798134 -0.0215 0.00434987
v -0.0182807 -0.0215 0.00284006
v -0.01845352 -0.0155 0.0013106
v -0.01845352 -0.0215 0.0013106
v -0.01841562 -0.0155 -0.0017649
v -0.01841562 -0.0215 -0.0017649
v -0.0178687 -0.0155 -0.00479161
v -0.0178687 -0.0215 -0.00479161
v -0.01567443 -0.0215 -0.0062563
v -0.01424876 -0.0215 -0.00606753
v -0.01567443 -0.0155 -0.0062563
v -0.01424876 -0.0155 -0.00606753
v -0.01282968 -0.0215 -0.00613412
v -0.01282968 -0.0155 -0.00613412
v -0.01152337 -0.0215 -0.00669249
v -0.01152337 -0.0155 -0.00669249
v -0.01049461 -0.0215 -0.00767223
v -0.01049461 -0.0155 -0.00767223
v -0.00987317 -0.0215 -0.00894975
v -0.00987317 -0.0155 -0.00894975
v -0.00973744 -0.0215 -0.0103639
v -0.00973744 -0.0155 -0.0103639
v -0.01010453 -0.0215 -0.01173629
v -0.01010453 -0.0155 -0.01173629
v -0.01071694 -0.0155 -0.01303749
v -0.01071694 -0.0215 -0.01303749
v -0.00998702 -0.0155 -0.01557271
v -0.00998702 -0.0215 -0.01557271
v -0.00726891 -0.0155 -0.01701214
v -0.00726891 -0.0215 -0.01701214
v -0.00434987 -0.0155 -0.01798134
v -0.00434987 -0.0215 -0.01798134
v -0.00284006 -0.0215 -0.0182807
v -0.0013106 -0.0155 -0.01845352
v -0.0013106 -0.0215 -0.01845352
v 0.0017649 -0.0155 -0.01841562
v 0.0017649 -0.0215 -0.01841562
v 0.00479161 -0.0155 -0.0178687
v 0.00479161 -0.0215 -0.0178687
v 0.0062563 -0.0215 -0.01567443
v 0.0062563 -0.0155 -0.01567443
v -0.01404611 -0.0215 -0.01210803
v -0.01296536 -0.0215 -0.01199121
v -0.01208782 -0.0215 -0.01134967
v -0.01164861 -0.0215 -0.01035531
v -0.01176543 -0.0215 -0.00927456
v -0.01240697 -0.0215 -0.00839702
v -0.01340133 -0.0215 -0.00795781
v -0.01448208 -0.0215 -0.00807463
v -0.01535962 -0.0215 -0.00871617
v -0.01579883 -0.0215 -0.00971054
v -0.01568201 -0.0215 -0.01079128
v -0.01504047 -0.0215 -0.01166882
v 0.01340133 -0.0215 0.00795781
v 0.01448208 -0.0215 0.00807463
v 0.01535962 -0.0215 0.00871617
v 0.01579883 -0.0215 0.00971054
v 0.01568201 -0.0215 0.01079128
v 0.01504047 -0.0215 0.01166882
v 0.01404611 -0.0215 0.01210803
v 0.01296536 -0.0215 0.01199121
v 0.01208782 -0.0215 0.01134967
v 0.01164861 -0.0215 0.01035531
v 0.01176543 -0.0215 0.00927456
v 0.01240697 -0.0215 0.00839702
v -0.01035531 -0.0215 0.01164861
v -0.00927456 -0.0215 0.01176543
v -0.00839702 -0.0215 0.01240697
v -0.00795781 -0.0215 0.01340133
v -0.00807463 -0.0215 0.01448208
v -0.00871617 -0.0215 0.01535962
v -0.00971054 -0.0215 0.01579883
v -0.01079128 -0.0215 0.01568201
v -0.01166882 -0.0215 0.01504047
v -0.01210803 -0.0215 0.01404611
v -0.01199121 -0.0215 0.01296536
v -0.01134967 -0.0215 0.01208782
v 0.00971054 -0.0215 -0.01579883
v 0.01079128 -0.0215 -0.01568201
v 0.01166882 -0.0215 -0.01504047
v 0.01210803 -0.0215 -0.01404611
v 0.01199121 -0.0215 -0.01296536
v 0.01134967 -0.0215 -0.01208782
v 0.01035531 -0.0215 -0.01164861
v 0.00927456 -0.0215 -0.01176543
v 0.00839702 -0.0215 -0.01240697
v 0.00795781 -0.0215 -0.01340133
v 0.00807463 -0.0215 -0.01448208
v 0.00871617 -0.0215 -0.01535962
v 0.01791296 -0.01755 -0.0046234
v 0.01701214 -0.0215 -0.00726891
v 0.01798134 -0.01793002 -0.00434987
v 0.01798134 -0.0215 -0.00434987
v 0.01809004 -0.01831865 -0.00387304
v 0.01785912 -0.01704413 -0.00482718
v 0.01784016 -0.0165 -0.00489681
v 0.01701214 -0.0155 -0.00726891
v 0.01785724 -0.01598341 -0.00483416
v 0.01790592 -0.0155 -0.00465061
v 0.01845352 -0.0215 -0.0013106
v 0.01841243 -0.01831865 -0.00179793
v 0.01835622 -0.01852851 -0.002302
v 0.0182807 -0.0215 -0.00284006
v 0.0182807 -0.0186 -0.00284006
v 0.01818939 -0.01852847 -0.00337583
v 0.01841562 -0.0155 0.0017649
v 0.01847289 -0.0155 -0.00100115
v 0.01848221 -0.01598476 -0.00081114
v 0.01848493 -0.0165 -0.0007466
v 0.01848188 -0.01704348 -0.00081853
v 0.01841562 -0.0215 0.0017649
v 0.01847135 -0.01755 -0.00102921
v 0.01845352 -0.01793002 -0.0013106
v 0.01557271 -0.0155 -0.00998702
v 0.01557271 -0.0215 -0.00998702
v 0.0178687 -0.0155 0.00479161
v 0.0178687 -0.0215 0.00479161
v 0.01562566 -0.0155 -0.00429635
v 0.017411 -0.0155 0.00562534
v 0.01661994 -0.0155 0.00615337
v 0.01619264 -0.0155 -0.0006469
v 0.01396966 -0.0155 -0.01090573
v 0.01488363 -0.0155 -0.01064259
v -0.01064259 -0.0155 -0.01488363
v -0.01090573 -0.0155 -0.01396966
v -0.00615337 -0.0155 0.01661994
v 0.01090573 -0.0155 0.01396966
v 0.01064259 -0.0155 0.01488363
v -0.00562534 -0.0155 0.017411
v -0.017411 -0.0155 -0.00562534
v -0.01661994 -0.0155 -0.00615337
v 0.01529221 -0.0155 -0.00314898
v -0.01396966 -0.0155 0.01090573
v -0.01488363 -0.0155 0.01064259
v 0.00562534 -0.0155 -0.017411
v 0.00615337 -0.0155 -0.01661994
v 0.0155268 -0.0155 -0.00163902
v 0.01530428 -0.0155 -0.00215403
v 0.01523644 -0.0155 -0.00259073
v 0.01618835 -0.01545 -0.00067453
v 0.01562996 -0.01545 -0.00426872
v 0.01571343 -0.01483131 -0.00373145
v 0.01574796 -0.01468135 -0.00350918
v 0.01583959 -0.01444946 -0.00291936
v 0.01590915 -0.0144 -0.00247162
v 0.01597871 -0.01444946 -0.00202389
v 0.01607034 -0.01468135 -0.00143407
v 0.01610488 -0.01483131 -0.0012118
v 0.00223954 -0.0215 -0.02218726
v 0.00595699 -0.0215 -0.02148963
v 0.01488363 -0.0215 -0.01064259
v 0.01396966 -0.0215 -0.01090573
v 0.00950307 -0.0215 -0.02017379
v 0.01277576 -0.0215 -0.01827758
v 0.01568092 -0.0215 -0.01585556
v 0.0200673 -0.0215 -0.00972591
v 0.01813497 -0.0215 -0.0129774
v 0.00615337 -0.0215 -0.01661994
v 0.00562534 -0.0215 -0.017411
v 0.01064259 -0.0215 0.01488363
v 0.01090573 -0.0215 0.01396966
v 0.017411 -0.0215 0.00562534
v 0.01661994 -0.0215 0.00615337
v 0.02226232 -0.0215 0.00129586
v 0.02172309 -0.0215 0.00503958
v 0.02055893 -0.0215 0.00863831
v 0.01880333 -0.0215 0.01198853
v 0.01650679 -0.0215 0.01499386
v 0.01373538 -0.0215 0.01756785
v 0.01056883 -0.0215 0.01963644
v 0.00709823 -0.0215 0.02114013
v 0.0221611 -0.0215 -0.00248512
v 0.02203526 -0.0215 -0.00342596
v 0.02142234 -0.0215 -0.00619462
v -0.01488363 -0.0215 0.01064259
v -0.01396966 -0.0215 0.01090573
v -0.02081983 -0.0215 0.00798905
v -0.00411308 -0.0215 0.0219174
v -0.00775798 -0.0215 0.02090703
v -0.01117969 -0.0215 0.0192952
v -0.01427978 -0.0215 0.01712827
v -0.01696907 -0.0215 0.0144686
v -0.0191702 -0.0215 0.0113927
v -0.00615337 -0.0215 0.01661994
v -0.00562534 -0.0215 0.017411
v -0.00034986 -0.0215 0.02229726
v 0.00342343 -0.0215 0.02203565
v -0.01771889 -0.0215 -0.01353997
v -0.01975229 -0.0215 -0.01035071
v -0.01064259 -0.0215 -0.01488363
v -0.01090573 -0.0215 -0.01396966
v -0.00886547 -0.0215 -0.020462
v -0.01219604 -0.0215 -0.0186694
v -0.01517576 -0.0215 -0.01633972
v -0.02121745 -0.0215 -0.00686367
v -0.02207222 -0.0215 -0.00317917
v -0.01661994 -0.0215 -0.00615337
v -0.017411 -0.0215 -0.00562534
v -0.02229201 -0.0215 0.00059678
v -0.02203605 -0.0215 0.0034209
v -0.02187051 -0.0215 0.00435556
v -0.00154234 -0.0215 -0.0222466
v -0.00342343 -0.0215 -0.02203565
v -0.00527985 -0.0215 -0.02166594
v 0.02243973 -0.01545 -0.00164574
v 0.02245415 -0.01595625 -0.00143573
v 0.02245862 -0.0165 -0.00136395
v 0.02245414 -0.01704418 -0.00143584
v 0.02243973 -0.01755 -0.00164574
v 0.0224128 -0.01798469 -0.00197904
v 0.02241277 -0.01501507 -0.00197929
v 0.02237026 -0.01468136 -0.0024128
v 0.02235985 -0.01462968 -0.00250741
v 0.02230345 -0.01445836 -0.00296751
v 0.02223329 -0.0144 -0.00345413
v 0.02214325 -0.01447171 -0.00399078
v 0.02204787 -0.01468135 -0.00448792
v 0.0219569 -0.01501486 -0.00491371
v 0.02188134 -0.01545 -0.00523993
v 0.02183132 -0.01595693 -0.00544458
v 0.02181385 -0.0165 -0.00551416
v 0.02183132 -0.01704312 -0.00544457
v 0.02188134 -0.01755 -0.00523993
v 0.02195691 -0.01798518 -0.00491368
v 0.02204787 -0.01831865 -0.00448792
v 0.02214298 -0.01852787 -0.00399231
v 0.02223329 -0.0186 -0.00345413
v 0.0223033 -0.01854192 -0.00296866
v 0.02236036 -0.018368 -0.0025029
v 0.02237025 -0.01831865 -0.00241282
v 0.02161447 -0.0117 -0.00625018
v 0.02206665 -0.0117 -0.00439463
v 0.02235985 -0.0117 -0.00250741
v 0.02161447 -0.0213 -0.00625018
v 0.02235985 -0.0213 -0.00250741
v 0.02246198 -0.0213 0.00130749
v 0.02246198 -0.0117 0.00130749
v 0.02249194 -0.0117 -0.00060213
v -0.000353 -0.0213 0.02249723
v 0.00345413 -0.0213 0.02223329
v 0.00155617 -0.0117 0.02244612
v -0.000353 -0.0117 0.02249723
v -0.00225962 -0.0117 0.02238625
v -0.00414997 -0.0213 0.02211397
v -0.00414997 -0.0117 0.02211397
v -0.00601041 -0.0117 0.02168236
v -0.00782755 -0.0213 0.02109453
v -0.00782755 -0.0117 0.02109453
v -0.0095883 -0.0117 0.02035472
v -0.01127996 -0.0213 0.01946825
v -0.01127996 -0.0117 0.01946825
v -0.01289034 -0.0117 0.01844151
v -0.01440785 -0.0213 0.01728189
v -0.01440785 -0.0117 0.01728189
v -0.01582156 -0.0117 0.01599776
v -0.01712126 -0.0213 0.01459837
v -0.01712126 -0.0117 0.01459837
v -0.01829761 -0.0117 0.01309379
v -0.01934213 -0.0213 0.01149488
v -0.01934213 -0.0117 0.01149488
v -0.02024728 -0.0117 0.00981314
v -0.02100655 -0.0213 0.0080607
v -0.02100655 -0.0117 0.0080607
v -0.02161447 -0.0117 0.00625018
v -0.02206665 -0.0213 0.00439463
v -0.02206665 -0.0117 0.00439463
v -0.02235985 -0.0117 0.00250741
v -0.02249194 -0.0213 0.00060213
v -0.02249194 -0.0117 0.00060213
v -0.02246198 -0.0117 -0.00130749
v -0.02227017 -0.0213 -0.00320769
v -0.02227017 -0.0117 -0.00320769
v -0.02191792 -0.0117 -0.00508477
v -0.02140774 -0.0213 -0.00692522
v -0.02140774 -0.0117 -0.00692522
v -0.02074332 -0.0117 -0.00871578
v -0.01992944 -0.0213 -0.01044354
v -0.01992944 -0.0117 -0.01044354
v -0.01897197 -0.0117 -0.01209605
v -0.01787781 -0.0213 -0.01366141
v -0.01787781 -0.0117 -0.01366141
v -0.01665483 -0.0117 -0.01512833
v -0.01531186 -0.0213 -0.01648626
v -0.01531186 -0.0117 -0.01648626
v -0.01385857 -0.0117 -0.01772541
v -0.01230542 -0.0213 -0.01883684
v -0.01230542 -0.0117 -0.01883684
v -0.01066362 -0.0117 -0.01981255
v -0.00894498 -0.0213 -0.02064552
v -0.00894498 -0.0117 -0.02064552
v -0.00716189 -0.0117 -0.02132973
v -0.0053272 -0.0213 -0.02186026
v -0.0053272 -0.0117 -0.02186026
v -0.00345413 -0.0213 -0.02223329
v -0.00345413 -0.0117 -0.02223329
v -0.00155617 -0.0213 -0.02244612
v -0.00155617 -0.0117 -0.02244612
v 0.000353 -0.0117 -0.02249723
v 0.00225962 -0.0213 -0.02238625
v 0.00225962 -0.0117 -0.02238625
v 0.00414997 -0.0117 -0.02211397
v 0.00601041 -0.0213 -0.02168236
v 0.00601041 -0.0117 -0.02168236
v 0.00782755 -0.0117 -0.02109453
v 0.0095883 -0.0213 -0.02035472
v 0.0095883 -0.0117 -0.02035472
v 0.01127996 -0.0117 -0.01946825
v 0.01289034 -0.0213 -0.01844151
v 0.01289034 -0.0117 -0.01844151
v 0.01440785 -0.0117 -0.01728189
v 0.01582156 -0.0213 -0.01599776
v 0.01582156 -0.0117 -0.01599776
v 0.01712126 -0.0117 -0.01459837
v 0.01829761 -0.0213 -0.01309379
v 0.01829761 -0.0117 -0.01309379
v 0.01934213 -0.0117 -0.01149488
v 0.02024728 -0.0213 -0.00981314
v 0.02100655 -0.0117 -0.0080607
v 0.02024728 -0.0117 -0.00981314
v 0.02227017 -0.0117 0.00320769
v 0.02191792 -0.0213 0.00508477
v 0.02191792 -0.0117 0.00508477
v 0.02140774 -0.0117 0.00692522
v 0.02074332 -0.0213 0.00871578
v 0.02074332 -0.0117 0.00871578
v 0.01992944 -0.0117 0.01044354
v 0.01897197 -0.0213 0.01209605
v 0.01897197 -0.0117 0.01209605
v 0.01787781 -0.0117 0.01366141
v 0.01665483 -0.0213 0.01512833
v 0.01665483 -0.0117 0.01512833
v 0.01531186 -0.0117 0.01648626
v 0.01385857 -0.0213 0.01772541
v 0.01385857 -0.0117 0.01772541
v 0.01230542 -0.0117 0.01883684
v 0.01066362 -0.0213 0.01981255
v 0.01066362 -0.0117 0.01981255
v 0.00894498 -0.0117 0.02064552
v 0.00716189 -0.0213 0.02132973
v 0.00716189 -0.0117 0.02132973
v 0.0053272 -0.0117 0.02186026
v 0.00345413 -0.0117 0.02223329
v -0.0221611 -0.0115 0.00248512
v -0.02142234 -0.0115 0.00619462
v -0.0200673 -0.0115 0.00972591
v -0.01813497 -0.0115 0.0129774
v 0.01771889 -0.0115 0.01353997
v 0.01975229 -0.0115 0.01035071
v 0.02121745 -0.0115 0.00686367
v 0.02207222 -0.0115 0.00317917
v -0.01568092 -0.0115 0.01585556
v -0.01277576 -0.0115 0.01827758
v -0.00950307 -0.0115 0.02017379
v -0.00595699 -0.0115 0.02148963
v -0.00223954 -0.0115 0.02218726
v 0.01427978 -0.0115 -0.01712827
v 0.01117969 -0.0115 -0.0192952
v 0.00775798 -0.0115 -0.02090703
v 0.00411308 -0.0115 -0.0219174
v 0.02229201 -0.0115 -0.00059678
v 0.02187051 -0.0115 -0.00435556
v 0.02081983 -0.0115 -0.00798905
v 0.0191702 -0.0115 -0.0113927
v 0.01696907 -0.0115 -0.0144686
v 0.00154234 -0.0115 0.0222466
v 0.00527985 -0.0115 0.02166594
v 0.00886547 -0.0115 0.020462
v 0.01219604 -0.0115 0.0186694
v 0.01517576 -0.0115 0.01633972
v -0.01880333 -0.0115 -0.01198853
v -0.02055893 -0.0115 -0.00863831
v -0.02172309 -0.0115 -0.00503958
v -0.02226232 -0.0115 -0.00129586
v 0.00034986 -0.0115 -0.02229726
v -0.00342343 -0.0115 -0.02203565
v -0.00709823 -0.0115 -0.02114013
v -0.01056883 -0.0115 -0.01963644
v -0.01373538 -0.0115 -0.01756785
v -0.01650679 -0.0115 -0.01499386
v -0.00357105 0.0115 -0.00156768
v -0.00381895 0.0115 -0.00079096
v 0.0 0.0115 0.0
v -0.00389995 0.0115 2.033e-05
v -0.0038105 0.0115 0.00083073
v -0.00196758 0.0115 -0.00336729
v -0.00262468 0.0115 -0.00288462
v -0.00316707 0.0115 -0.00227588
v 0.00038744 0.0115 -0.00388071
v -0.00042787 0.0115 -0.00387646
v -0.00122448 0.0115 -0.00370279
v 0.00259447 0.0115 -0.00291183
v 0.00193237 0.0115 -0.00338762
v 0.00118582 0.0115 -0.00371535
v 0.0038105 0.0115 -0.00083073
v 0.00355451 0.0115 -0.00160482
v 0.00314317 0.0115 -0.00230878
v 0.00357105 0.0115 0.00156768
v 0.00381895 0.0115 0.00079096
v 0.00389995 0.0115 -2.033e-05
v 0.00196758 0.0115 0.00336729
v 0.00262468 0.0115 0.00288462
v 0.00316707 0.0115 0.00227588
v -0.00038744 0.0115 0.00388071
v 0.00042787 0.0115 0.00387646
v 0.00122448 0.0115 0.00370279
v -0.00259447 0.0115 0.00291183
v -0.00193237 0.0115 0.00338762
v -0.00118582 0.0115 0.00371535
v -0.00355451 0.0115 0.00160482
v -0.00314317 0.0115 0.00230878
v -0.00215852 -0.0035 0.00126127
v -0.00241141 -0.0035 0.00065963
v 0.0 -0.0035 0.0
v -0.00249997 -0.0035 1.303e-05
v -0.00241815 -0.0035 -0.00063445
v -0.00063445 -0.0035 0.00241815
v -0.0012387 -0.0035 0.00217155
v -0.00175853 -0.0035 0.00177696
v 0.00126127 -0.0035 0.00215852
v 0.00065963 -0.0035 0.00241141
v 1.303e-05 -0.0035 0.00249997
v 0.00241815 -0.0035 0.00063445
v 0.00217155 -0.0035 0.0012387
v 0.00177696 -0.0035 0.00175853
v 0.00215852 -0.0035 -0.00126127
v 0.00241141 -0.0035 -0.00065963
v 0.00249997 -0.0035 -1.303e-05
v 0.00063445 -0.0035 -0.00241815
v 0.0012387 -0.0035 -0.00217155
v 0.00175853 -0.0035 -0.00177696
v -0.00126127 -0.0035 -0.00215852
v -0.00065963 -0.0035 -0.00241141
v -1.303e-05 -0.0035 -0.00249997
v -0.00217155 -0.0035 -0.0012387
v -0.00177696 -0.0035 -0.00175853
v -0.00249997 0.0065 1.303e-05
v -0.00241141 0.0065 0.00065963
v -0.00215852 0.0065 0.00126127
v -0.00175853 0.0065 0.00177696
v -0.0012387 0.0065 0.00217155
v -0.00063445 0.0065 0.00241815
v 1.303e-05 0.0065 0.00249997
v 0.00065963 0.0065 0.00241141
v 0.00126127 0.0065 0.00215852
v 0.00177696 0.0065 0.00175853
v 0.00217155 0.0065 0.0012387
v 0.00241815 0.0065 0.00063445
v 0.00249997 0.0065 -1.303e-05
v 0.00241141 0.0065 -0.00065963
v 0.00215852 0.0065 -0.00126127
v 0.00175853 0.0065 -0.00177696
v 0.0012387 0.0065 -0.00217155
v 0.00063445 0.0065 -0.00241815
v -1.303e-05 0.0065 -0.00249997
v -0.00065963 0.0065 -0.00241141
v -0.00126127 0.0065 -0.00215852
v -0.00177696 0.0065 -0.00175853
v -0.00217155 0.0065 -0.0012387
v -0.00241815 0.0065 -0.00063445
v 0.00314317 0.0065 -0.00230878
v 0.00355451 0.0065 -0.00160482
v 0.0038105 0.0065 -0.00083073
v 0.00389995 0.0065 -2.033e-05
v -0.00042787 0.0065 -0.00387646
v 0.00038744 0.0065 -0.00388071
v 0.00118582 0.0065 -0.00371535
v 0.00193237 0.0065 -0.00338762
v 0.00259447 0.0065 -0.00291183
v -0.00357105 0.0065 -0.00156768
v -0.00316707 0.0065 -0.00227588
v -0.00262468 0.0065 -0.00288462
v -0.00196758 0.0065 -0.00336729
v -0.00122448 0.0065 -0.00370279
v -0.00314317 0.0065 0.00230878
v -0.00355451 0.0065 0.00160482
v -0.0038105 0.0065 0.00083073
v -0.00389995 0.0065 2.033e-05
v -0.00381895 0.0065 -0.00079096
v 0.00042787 0.0065 0.00387646
v -0.00038744 0.0065 0.00388071
v -0.00118582 0.0065 0.00371535
v -0.00193237 0.0065 0.00338762
v -0.00259447 0.0065 0.00291183
v 0.00381895 0.0065 0.00079096
v 0.00357105 0.0065 0.00156768
v 0.00316707 0.0065 0.00227588
v 0.00262468 0.0065 0.00288462
v 0.00196758 0.0065 0.00336729
v 0.00122448 0.0065 0.00370279
v 0.00455278 0.0055 0.00308581
v 0.00544548 0.00479695 0.00279929
v 0.00489154 0.0055 0.00251453
v 0.00574319 0.00479695 0.0021225
v 0.00515897 0.0055 0.00190659
v 0.00595716 0.00479695 0.00141476
v 0.00535116 0.0055 0.00127084
v 0.00608426 0.00479695 0.00068639
v 0.00546533 0.0055 0.00061657
v 0.00612263 0.00479695 -5.199e-05
v 0.0054998 0.0055 -4.67e-05
v 0.00607172 0.00479695 -0.00078961
v 0.00545407 0.0055 -0.00070929
v 0.00593227 0.00479695 -0.00151572
v 0.00532881 0.0055 -0.00136153
v 0.00570632 0.00479695 -0.00221973
v 0.00512584 0.0055 -0.00199392
v 0.00539716 0.00479695 -0.00289136
v 0.00484813 0.0055 -0.00259724
v 0.00500929 0.00479695 -0.00352084
v 0.00449972 0.0055 -0.00316268
v 0.00454838 0.00479695 -0.00409897
v 0.00408569 0.0055 -0.003682
v 0.00402114 0.00479695 -0.00461733
v 0.00361209 0.0055 -0.00414763
v 0.00343526 0.00479695 -0.00506836
v 0.00308581 0.0055 -0.00455278
v 0.00279929 0.00479695 -0.00544548
v 0.00251453 0.0055 -0.00489154
v 0.0021225 0.00479695 -0.00574319
v 0.00190659 0.0055 -0.00515897
v 0.00141476 0.00479695 -0.00595716
v 0.00127084 0.0055 -0.00535116
v 0.00068639 0.00479695 -0.00608426
v 0.00061657 0.0055 -0.00546533
v -5.199e-05 0.00479695 -0.00612263
v -4.67e-05 0.0055 -0.0054998
v -0.00078961 0.00479695 -0.00607172
v -0.00070929 0.0055 -0.00545407
v -0.00151572 0.00479695 -0.00593227
v -0.00136153 0.0055 -0.00532881
v -0.00221973 0.00479695 -0.00570632
v -0.00199392 0.0055 -0.00512584
v -0.00289136 0.00479695 -0.00539716
v -0.00259724 0.0055 -0.00484813
v -0.00352084 0.00479695 -0.00500929
v -0.00316268 0.0055 -0.00449972
v -0.00409897 0.00479695 -0.00454838
v -0.003682 0.0055 -0.00408569
v -0.00461733 0.00479695 -0.00402114
v -0.00414763 0.0055 -0.00361209
v -0.00506836 0.00479695 -0.00343526
v -0.00455278 0.0055 -0.00308581
v -0.00544548 0.00479695 -0.00279929
v -0.00489154 0.0055 -0.00251453
v -0.00574319 0.00479695 -0.0021225
v -0.00515897 0.0055 -0.00190659
v -0.00595716 0.00479695 -0.00141476
v -0.00535116 0.0055 -0.00127084
v -0.00608426 0.00479695 -0.00068639
v -0.00546533 0.0055 -0.00061657
v -0.00612263 0.00479695 5.199e-05
v -0.0054998 0.0055 4.67e-05
v -0.00607172 0.00479695 0.00078961
v -0.00545407 0.0055 0.00070929
v -0.00593227 0.00479695 0.00151572
v -0.00532881 0.0055 0.00136153
v -0.00570632 0.00479695 0.00221973
v -0.00512584 0.0055 0.00199392
v -0.00539716 0.00479695 0.00289136
v -0.00484813 0.0055 0.00259724
v -0.00500929 0.00479695 0.00352084
v -0.00449972 0.0055 0.00316268
v -0.00454838 0.00479695 0.00409897
v -0.00408569 0.0055 0.003682
v -0.00402114 0.00479695 0.00461733
v -0.00361209 0.0055 0.00414763
v -0.00343526 0.00479695 0.00506836
v -0.00308581 0.0055 0.00455278
v -0.00279929 0.00479695 0.00544548
v -0.00251453 0.0055 0.00489154
v -0.0021225 0.00479695 0.00574319
v -0.00190659 0.0055 0.00515897
v -0.00141476 0.00479695 0.00595716
v -0.00127084 0.0055 0.00535116
v -0.00068639 0.00479695 0.00608426
v -0.00061657 0.0055 0.00546533
v 5.199e-05 0.00479695 0.00612263
v 4.67e-05 0.0055 0.0054998
v 0.00078961 0.00479695 0.00607172
v 0.00070929 0.0055 0.00545407
v 0.00151572 0.00479695 0.00593227
v 0.00136153 0.0055 0.00532881
v 0.00221973 0.00479695 0.00570632
v 0.00199392 0.0055 0.00512584
v 0.00289136 0.00479695 0.00539716
v 0.00259724 0.0055 0.00484813
v 0.00352084 0.00479695 0.00500929
v 0.00316268 0.0055 0.00449972
v 0.00409897 0.00479695 0.00454838
v 0.003682 0.0055 0.00408569
v 0.00461733 0.00479695 0.00402114
v 0.00414763 0.0055 0.00361209
v 0.00506836 0.00479695 0.00343526
v 0.00592002 0.00402394 0.00304323
v 0.00624368 0.00402394 0.00230746
v 0.00647629 0.00402394 0.00153805
v 0.00661446 0.00402394 0.0007462
v 0.00665618 0.00402394 -5.652e-05
v 0.00660083 0.00402394 -0.00085842
v 0.00644923 0.00402394 -0.00164781
v 0.00620359 0.00402394 -0.00241316
v 0.00586748 0.00402394 -0.00314333
v 0.00544582 0.00402394 -0.00382766
v 0.00494474 0.00402394 -0.00445617
v 0.00437155 0.00402394 -0.0050197
v 0.00373462 0.00402394 -0.00551003
v 0.00304323 0.00402394 -0.00592002
v 0.00230746 0.00402394 -0.00624368
v 0.00153805 0.00402394 -0.00647629
v 0.0007462 0.00402394 -0.00661446
v -5.652e-05 0.00402394 -0.00665618
v -0.00085842 0.00402394 -0.00660083
v -0.00164781 0.00402394 -0.00644923
v -0.00241316 0.00402394 -0.00620359
v -0.00314333 0.00402394 -0.00586748
v -0.00382766 0.00402394 -0.00544582
v -0.00445617 0.00402394 -0.00494474
v -0.0050197 0.00402394 -0.00437155
v -0.00551003 0.00402394 -0.00373462
v -0.00592002 0.00402394 -0.00304323
v -0.00624368 0.00402394 -0.00230746
v -0.00647629 0.00402394 -0.00153805
v -0.00661446 0.00402394 -0.0007462
v -0.00665618 0.00402394 5.652e-05
v -0.00660083 0.00402394 0.00085842
v -0.00644923 0.00402394 0.00164781
v -0.00620359 0.00402394 0.00241316
v -0.00586748 0.00402394 0.00314333
v -0.00544582 0.00402394 0.00382766
v -0.00494474 0.00402394 0.00445617
v -0.00437155 0.00402394 0.0050197
v -0.00373462 0.00402394 0.00551003
v -0.00304323 0.00402394 0.00592002
v -0.00230746 0.00402394 0.00624368
v -0.00153805 0.00402394 0.00647629
v -0.0007462 0.00402394 0.00661446
v 5.652e-05 0.00402394 0.00665618
v 0.00085842 0.00402394 0.00660083
v 0.00164781 0.00402394 0.00644923
v 0.00241316 0.00402394 0.00620359
v 0.00314333 0.00402394 0.00586748
v 0.00382766 0.00402394 0.00544582
v 0.00445617 0.00402394 0.00494474
v 0.0050197 0.00402394 0.00437155
v 0.00551003 0.00402394 0.00373462
v 0.00630823 0.00319226 0.00324279
v 0.00665311 0.00319226 0.00245878
v 0.00690097 0.00319226 0.00163891
v 0.00704821 0.00319226 0.00079514
v 0.00709266 0.00319226 -6.023e-05
v 0.00703369 0.00319226 -0.00091472
v 0.00687215 0.00319226 -0.00175586
v 0.0066104 0.00319226 -0.00257141
v 0.00625225 0.00319226 -0.00334945
v 0.00580293 0.00319226 -0.00407866
v 0.00526899 0.00319226 -0.00474839
v 0.00465822 0.00319226 -0.00534887
v 0.00397952 0.00319226 -0.00587136
v 0.00324279 0.00319226 -0.00630823
v 0.00245878 0.00319226 -0.00665311
v 0.00163891 0.00319226 -0.00690097
v 0.00079514 0.00319226 -0.00704821
v -6.023e-05 0.00319226 -0.00709266
v -0.00091472 0.00319226 -0.00703369
v -0.00175586 0.00319226 -0.00687215
v -0.00257141 0.00319226 -0.0066104
v -0.00334945 0.00319226 -0.00625225
v -0.00407866 0.00319226 -0.00580293
v -0.00474839 0.00319226 -0.00526899
v -0.00534887 0.00319226 -0.00465822
v -0.00587136 0.00319226 -0.00397952
v -0.00630823 0.00319226 -0.00324279
v -0.00665311 0.00319226 -0.00245878
v -0.00690097 0.00319226 -0.00163891
v -0.00704821 0.00319226 -0.00079514
v -0.00709266 0.00319226 6.023e-05
v -0.00703369 0.00319226 0.00091472
v -0.00687215 0.00319226 0.00175586
v -0.0066104 0.00319226 0.00257141
v -0.00625225 0.00319226 0.00334945
v -0.00580293 0.00319226 0.00407866
v -0.00526899 0.00319226 0.00474839
v -0.00465822 0.00319226 0.00534887
v -0.00397952 0.00319226 0.00587136
v -0.00324279 0.00319226 0.00630823
v -0.00245878 0.00319226 0.00665311
v -0.00163891 0.00319226 0.00690097
v -0.00079514 0.00319226 0.00704821
v 6.023e-05 0.00319226 0.00709266
v 0.00091472 0.00319226 0.00703369
v 0.00175586 0.00319226 0.00687215
v 0.00257141 0.00319226 0.0066104
v 0.00334945 0.00319226 0.00625225
v 0.00407866 0.00319226 0.00580293
v 0.00474839 0.00319226 0.00526899
v 0.00534887 0.00319226 0.00465822
v 0.00587136 0.00319226 0.00397952
v 0.00660445 0.00231403 0.00339507
v 0.00696553 0.00231403 0.00257424
v 0.00722503 0.00231403 0.00171587
v 0.00737918 0.00231403 0.00083247
v 0.00742572 0.00231403 -6.306e-05
v 0.00736398 0.00231403 -0.00095767
v 0.00719485 0.00231403 -0.00183832
v 0.00692081 0.00231403 -0.00269216
v 0.00654584 0.00231403 -0.00350674
v 0.00607543 0.00231403 -0.00427018
v 0.00551641 0.00231403 -0.00497136
v 0.00487696 0.00231403 -0.00560004
v 0.00416639 0.00231403 -0.00614707
v 0.00339507 0.00231403 -0.00660445
v 0.00257424 0.00231403 -0.00696553
v 0.00171587 0.00231403 -0.00722503
v 0.00083247 0.00231403 -0.00737918
v -6.306e-05 0.00231403 -0.00742572
v -0.00095767 0.00231403 -0.00736398
v -0.00183832 0.00231403 -0.00719485
v -0.00269216 0.00231403 -0.00692081
v -0.00350674 0.00231403 -0.00654584
v -0.00427018 0.00231403 -0.00607543
v -0.00497136 0.00231403 -0.00551641
v -0.00560004 0.00231403 -0.00487696
v -0.00614707 0.00231403 -0.00416639
v -0.00660445 0.00231403 -0.00339507
v -0.00696553 0.00231403 -0.00257424
v -0.00722503 0.00231403 -0.00171587
v -0.00737918 0.00231403 -0.00083247
v -0.00742572 0.00231403 6.306e-05
v -0.00736398 0.00231403 0.00095767
v -0.00719485 0.00231403 0.00183832
v -0.00692081 0.00231403 0.00269216
v -0.00654584 0.00231403 0.00350674
v -0.00607543 0.00231403 0.00427018
v -0.00551641 0.00231403 0.00497136
v -0.00487696 0.00231403 0.00560004
v -0.00416639 0.00231403 0.00614707
v -0.00339507 0.00231403 0.00660445
v -0.00257424 0.00231403 0.00696553
v -0.00171587 0.00231403 0.00722503
v -0.00083247 0.00231403 0.00737918
v 6.306e-05 0.00231403 0.00742572
v 0.00095767 0.00231403 0.00736398
v 0.00183832 0.00231403 0.00719485
v 0.00269216 0.00231403 0.00692081
v 0.00350674 0.00231403 0.00654584
v 0.00427018 0.00231403 0.00607543
v 0.00497136 0.00231403 0.00551641
v 0.00560004 0.00231403 0.00487696
v 0.00614707 0.00231403 0.00416639
v 0.00680437 0.00140206 0.00349784
v 0.00717637 0.00140206 0.00265216
v 0.00744373 0.00140206 0.0017678
v 0.00760254 0.00140206 0.00085767
v 0.00765049 0.00140206 -6.497e-05
v 0.00758688 0.00140206 -0.00098666
v 0.00741263 0.00140206 -0.00189396
v 0.0071303 0.00140206 -0.00277365
v 0.00674398 0.00140206 -0.00361289
v 0.00625933 0.00140206 -0.00439944
v 0.00568339 0.00140206 -0.00512184
v 0.00502459 0.00140206 -0.00576956
v 0.00429251 0.00140206 -0.00633314
v 0.00349784 0.00140206 -0.00680437
v 0.00265216 0.00140206 -0.00717637
v 0.0017678 0.00140206 -0.00744373
v 0.00085767 0.00140206 -0.00760254
v -6.497e-05 0.00140206 -0.00765049
v -0.00098666 0.00140206 -0.00758688
v -0.00189396 0.00140206 -0.00741263
v -0.00277365 0.00140206 -0.0071303
v -0.00361289 0.00140206 -0.00674398
v -0.00439944 0.00140206 -0.00625933
v -0.00512184 0.00140206 -0.00568339
v -0.00576956 0.00140206 -0.00502459
v -0.00633314 0.00140206 -0.00429251
v -0.00680437 0.00140206 -0.00349784
v -0.00717637 0.00140206 -0.00265216
v -0.00744373 0.00140206 -0.0017678
v -0.00760254 0.00140206 -0.00085767
v -0.00765049 0.00140206 6.497e-05
v -0.00758688 0.00140206 0.00098666
v -0.00741263 0.00140206 0.00189396
v -0.0071303 0.00140206 0.00277365
v -0.00674398 0.00140206 0.00361289
v -0.00625933 0.00140206 0.00439944
v -0.00568339 0.00140206 0.00512184
v -0.00502459 0.00140206 0.00576956
v -0.00429251 0.00140206 0.00633314
v -0.00349784 0.00140206 0.00680437
v -0.00265216 0.00140206 0.00717637
v -0.0017678 0.00140206 0.00744373
v -0.00085767 0.00140206 0.00760254
v 6.497e-05 0.00140206 0.00765049
v 0.00098666 0.00140206 0.00758688
v 0.00189396 0.00140206 0.00741263
v 0.00277365 0.00140206 0.0071303
v 0.00361289 0.00140206 0.00674398
v 0.00439944 0.00140206 0.00625933
v 0.00512184 0.00140206 0.00568339
v 0.00576956 0.00140206 0.00502459
v 0.00633314 0.00140206 0.00429251
v 0.00690506 0.00046963 0.0035496
v 0.00728257 0.00046963 0.0026914
v 0.00755388 0.00046963 0.00179396
v 0.00771504 0.00046963 0.00087036
v 0.0077637 0.00046963 -6.593e-05
v 0.00769915 0.00046963 -0.00100126
v 0.00752233 0.00046963 -0.00192199
v 0.00723581 0.00046963 -0.00281469
v 0.00684378 0.00046963 -0.00366635
v 0.00635195 0.00046963 -0.00446454
v 0.0057675 0.00046963 -0.00519764
v 0.00509894 0.00046963 -0.00585493
v 0.00435603 0.00046963 -0.00642685
v 0.0035496 0.00046963 -0.00690506
v 0.0026914 0.00046963 -0.00728257
v 0.00179396 0.00046963 -0.00755388
v 0.00087036 0.00046963 -0.00771504
v -6.593e-05 0.00046963 -0.0077637
v -0.00100126 0.00046963 -0.00769915
v -0.00192199 0.00046963 -0.00752233
v -0.00281469 0.00046963 -0.00723581
v -0.00366635 0.00046963 -0.00684378
v -0.00446454 0.00046963 -0.00635195
v -0.00519764 0.00046963 -0.0057675
v -0.00585493 0.00046963 -0.00509894
v -0.00642685 0.00046963 -0.00435603
v -0.00690506 0.00046963 -0.0035496
v -0.00728257 0.00046963 -0.0026914
v -0.00755388 0.00046963 -0.00179396
v -0.00771504 0.00046963 -0.00087036
v -0.0077637 0.00046963 6.593e-05
v -0.00769915 0.00046963 0.00100126
v -0.00752233 0.00046963 0.00192199
v -0.00723581 0.00046963 0.00281469
v -0.00684378 0.00046963 0.00366635
v -0.00635195 0.00046963 0.00446454
v -0.0057675 0.00046963 0.00519764
v -0.00509894 0.00046963 0.00585493
v -0.00435603 0.00046963 0.00642685
v -0.0035496 0.00046963 0.00690506
v -0.0026914 0.00046963 0.00728257
v -0.00179396 0.00046963 0.00755388
v -0.00087036 0.00046963 0.00771504
v 6.593e-05 0.00046963 0.0077637
v 0.00100126 0.00046963 0.00769915
v 0.00192199 0.00046963 0.00752233
v 0.00281469 0.00046963 0.00723581
v 0.00366635 0.00046963 0.00684378
v 0.00446454 0.00046963 0.00635195
v 0.00519764 0.00046963 0.0057675
v 0.00585493 0.00046963 0.00509894
v 0.00642685 0.00046963 0.00435603
v 0.00690506 -0.00046963 0.0035496
v 0.00728257 -0.00046963 0.0026914
v 0.00755388 -0.00046963 0.00179396
v 0.00771504 -0.00046963 0.00087036
v 0.0077637 -0.00046963 -6.593e-05
v 0.00769915 -0.00046963 -0.00100126
v 0.00752233 -0.00046963 -0.00192199
v 0.00723581 -0.00046963 -0.00281469
v 0.00684378 -0.00046963 -0.00366635
v 0.00635195 -0.00046963 -0.00446454
v 0.0057675 -0.00046963 -0.00519764
v 0.00509894 -0.00046963 -0.00585493
v 0.00435603 -0.00046963 -0.00642685
v 0.0035496 -0.00046963 -0.00690506
v 0.0026914 -0.00046963 -0.00728257
v 0.00179396 -0.00046963 -0.00755388
v 0.00087036 -0.00046963 -0.00771504
v -6.593e-05 -0.00046963 -0.0077637
v -0.00100126 -0.00046963 -0.00769915
v -0.00192199 -0.00046963 -0.00752233
v -0.00281469 -0.00046963 -0.00723581
v -0.00366635 -0.00046963 -0.00684378
v -0.00446454 -0.00046963 -0.00635195
v -0.00519764 -0.00046963 -0.0057675
v -0.00585493 -0.00046963 -0.00509894
v -0.00642685 -0.00046963 -0.00435603
v -0.00690506 -0.00046963 -0.0035496
v -0.00728257 -0.00046963 -0.0026914
v -0.00755388 -0.00046963 -0.00179396
v -0.00771504 -0.00046963 -0.00087036
v -0.0077637 -0.00046963 6.593e-05
v -0.00769915 -0.00046963 0.00100126
v -0.00752233 -0.00046963 0.00192199
v -0.00723581 -0.00046963 0.00281469
v -0.00684378 -0.00046963 0.00366635
v -0.00635195 -0.00046963 0.00446454
v -0.0057675 -0.00046963 0.00519764
v -0.00509894 -0.00046963 0.00585493
v -0.00435603 -0.00046963 0.00642685
v -0.0035496 -0.00046963 0.00690506
v -0.0026914 -0.00046963 0.00728257
v -0.00179396 -0.00046963 0.00755388
v -0.00087036 -0.00046963 0.00771504
v 6.593e-05 -0.00046963 0.0077637
v 0.00100126 -0.00046963 0.00769915
v 0.00192199 -0.00046963 0.00752233
v 0.00281469 -0.00046963 0.00723581
v 0.00366635 -0.00046963 0.00684378
v 0.00446454 -0.00046963 0.00635195
v 0.00519764 -0.00046963 0.0057675
v 0.00585493 -0.00046963 0.00509894
v 0.00642685 -0.00046963 0.00435603
v 0.00680437 -0.00140205 0.00349784
v 0.00717637 -0.00140205 0.00265216
v 0.00744373 -0.00140205 0.0017678
v 0.00760254 -0.00140205 0.00085767
v 0.00765049 -0.00140205 -6.497e-05
v 0.00758688 -0.00140205 -0.00098666
v 0.00741263 -0.00140205 -0.00189396
v 0.0071303 -0.00140205 -0.00277365
v 0.00674398 -0.00140205 -0.00361289
v 0.00625933 -0.00140205 -0.00439944
v 0.00568339 -0.00140205 -0.00512184
v 0.00502459 -0.00140205 -0.00576956
v 0.00429251 -0.00140205 -0.00633314
v 0.00349784 -0.00140205 -0.00680437
v 0.00265216 -0.00140205 -0.00717637
v 0.0017678 -0.00140205 -0.00744373
v 0.00085767 -0.00140205 -0.00760254
v -6.497e-05 -0.00140205 -0.00765049
v -0.00098666 -0.00140205 -0.00758688
v -0.00189396 -0.00140205 -0.00741263
v -0.00277365 -0.00140205 -0.0071303
v -0.00361289 -0.00140205 -0.00674398
v -0.00439944 -0.00140205 -0.00625933
v -0.00512184 -0.00140205 -0.00568339
v -0.00576956 -0.00140205 -0.00502459
v -0.00633314 -0.00140205 -0.00429251
v -0.00680437 -0.00140205 -0.00349784
v -0.00717637 -0.00140205 -0.00265216
v -0.00744373 -0.00140205 -0.0017678
v -0.00760254 -0.00140205 -0.00085767
v -0.00765049 -0.00140205 6.497e-05
v -0.00758688 -0.00140205 0.00098666
v -0.00741263 -0.00140205 0.00189396
v -0.0071303 -0.00140205 0.00277365
v -0.00674398 -0.00140205 0.00361289
v -0.00625933 -0.00140205 0.00439944
v -0.00568339 -0.00140205 0.00512184
v -0.00502459 -0.00140205 0.00576956
v -0.00429251 -0.00140205 0.00633314
v -0.00349784 -0.00140205 0.00680437
v -0.00265216 -0.00140205 0.00717637
v -0.0017678 -0.00140205 0.00744373
v -0.00085767 -0.00140205 0.00760254
v 6.497e-05 -0.00140205 0.00765049
v 0.00098666 -0.00140205 0.00758688
v 0.00189396 -0.00140205 0.00741263
v 0.00277365 -0.00140205 0.0071303
v 0.00361289 -0.00140205 0.00674398
v 0.00439944 -0.00140205 0.00625933
v 0.00512184 -0.00140205 0.00568339
v 0.00576956 -0.00140205 0.00502459
v 0.00633314 -0.00140205 0.00429251
v 0.00660445 -0.00231403 0.00339507
v 0.00696553 -0.00231403 0.00257424
v 0.00722503 -0.00231403 0.00171587
v 0.00737918 -0.00231403 0.00083247
v 0.00742572 -0.00231403 -6.306e-05
v 0.00736398 -0.00231403 -0.00095767
v 0.00719485 -0.00231403 -0.00183832
v 0.00692081 -0.00231403 -0.00269216
v 0.00654584 -0.00231403 -0.00350674
v 0.00607543 -0.00231403 -0.00427018
v 0.00551641 -0.00231403 -0.00497136
v 0.00487696 -0.00231403 -0.00560004
v 0.00416639 -0.00231403 -0.00614707
v 0.00339507 -0.00231403 -0.00660445
v 0.00257424 -0.00231403 -0.00696553
v 0.00171587 -0.00231403 -0.00722503
v 0.00083247 -0.00231403 -0.00737918
v -6.306e-05 -0.00231403 -0.00742572
v -0.00095767 -0.00231403 -0.00736398
v -0.00183832 -0.00231403 -0.00719485
v -0.00269216 -0.00231403 -0.00692081
v -0.00350674 -0.00231403 -0.00654584
v -0.00427018 -0.00231403 -0.00607543
v -0.00497136 -0.00231403 -0.00551641
v -0.00560004 -0.00231403 -0.00487696
v -0.00614707 -0.00231403 -0.00416639
v -0.00660445 -0.00231403 -0.00339507
v -0.00696553 -0.00231403 -0.00257424
v -0.00722503 -0.00231403 -0.00171587
v -0.00737918 -0.00231403 -0.00083247
v -0.00742572 -0.00231403 6.306e-05
v -0.00736398 -0.00231403 0.00095767
v -0.00719485 -0.00231403 0.00183832
v -0.00692081 -0.00231403 0.00269216
v -0.00654584 -0.00231403 0.00350674
v -0.00607543 -0.00231403 0.00427018
v -0.00551641 -0.00231403 0.00497136
v -0.00487696 -0.00231403 0.00560004
v -0.00416639 -0.00231403 0.00614707
v -0.00339507 -0.00231403 0.00660445
v -0.00257424 -0.00231403 0.00696553
v -0.00171587 -0.00231403 0.00722503
v -0.00083247 -0.00231403 0.00737918
v 6.306e-05 -0.00231403 0.00742572
v 0.00095767 -0.00231403 0.00736398
v 0.00183832 -0.00231403 0.00719485
v 0.00269216 -0.00231403 0.00692081
v 0.00350674 -0.00231403 0.00654584
v 0.00427018 -0.00231403 0.00607543
v 0.00497136 -0.00231403 0.00551641
v 0.00560004 -0.00231403 0.00487696
v 0.00614707 -0.00231403 0.00416639
v 0.00630823 -0.00319226 0.00324279
v 0.00665311 -0.00319226 0.00245878
v 0.00690097 -0.00319226 0.00163891
v 0.00704821 -0.00319226 0.00079514
v 0.00709266 -0.00319226 -6.023e-05
v 0.00703369 -0.00319226 -0.00091472
v 0.00687215 -0.00319226 -0.00175586
v 0.0066104 -0.00319226 -0.00257141
v 0.00625225 -0.00319226 -0.00334945
v 0.00580293 -0.00319226 -0.00407866
v 0.00526899 -0.00319226 -0.00474839
v 0.00465822 -0.00319226 -0.00534887
v 0.00397952 -0.00319226 -0.00587136
v 0.00324279 -0.00319226 -0.00630823
v 0.00245878 -0.00319226 -0.00665311
v 0.00163891 -0.00319226 -0.00690097
v 0.00079514 -0.00319226 -0.00704821
v -6.023e-05 -0.00319226 -0.00709266
v -0.00091472 -0.00319226 -0.00703369
v -0.00175586 -0.00319226 -0.00687215
v -0.00257141 -0.00319226 -0.0066104
v -0.00334945 -0.00319226 -0.00625225
v -0.00407866 -0.00319226 -0.00580293
v -0.00474839 -0.00319226 -0.00526899
v -0.00534887 -0.00319226 -0.00465822
v -0.00587136 -0.00319226 -0.00397952
v -0.00630823 -0.00319226 -0.00324279
v -0.00665311 -0.00319226 -0.00245878
v -0.00690097 -0.00319226 -0.00163891
v -0.00704821 -0.00319226 -0.00079514
v -0.00709266 -0.00319226 6.023e-05
v -0.00703369 -0.00319226 0.00091472
v -0.00687215 -0.00319226 0.00175586
v -0.0066104 -0.00319226 0.00257141
v -0.00625225 -0.00319226 0.00334945
v -0.00580293 -0.00319226 0.00407866
v -0.00526899 -0.00319226 0.00474839
v -0.00465822 -0.00319226 0.00534887
v -0.00397952 -0.00319226 0.00587136
v -0.00324279 -0.00319226 0.00630823
v -0.00245878 -0.00319226 0.00665311
v -0.00163891 -0.00319226 0.00690097
v -0.00079514 -0.00319226 0.00704821
v 6.023e-05 -0.00319226 0.00709266
v 0.00091472 -0.00319226 0.00703369
v 0.00175586 -0.00319226 0.00687215
v 0.00257141 -0.00319226 0.0066104
v 0.00334945 -0.00319226 0.00625225
v 0.00407866 -0.00319226 0.00580293
v 0.00474839 -0.00319226 0.00526899
v 0.00534887 -0.00319226 0.00465822
v 0.00587136 -0.00319226 0.00397952
v 0.00592002 -0.00402394 0.00304323
v 0.00624368 -0.00402394 0.00230746
v 0.00647629 -0.00402394 0.00153805
v 0.00661446 -0.00402394 0.0007462
v 0.00665618 -0.00402394 -5.652e-05
v 0.00660083 -0.00402394 -0.00085842
v 0.00644923 -0.00402394 -0.00164781
v 0.00620359 -0.00402394 -0.00241316
v 0.00586748 -0.00402394 -0.00314333
v 0.00544582 -0.00402394 -0.00382766
v 0.00494474 -0.00402394 -0.00445617
v 0.00437155 -0.00402394 -0.0050197
v 0.00373462 -0.00402394 -0.00551003
v 0.00304323 -0.00402394 -0.00592002
v 0.00230746 -0.00402394 -0.00624368
v 0.00153805 -0.00402394 -0.00647629
v 0.0007462 -0.00402394 -0.00661446
v -5.652e-05 -0.00402394 -0.00665618
v -0.00085842 -0.00402394 -0.00660083
v -0.00164781 -0.00402394 -0.00644923
v -0.00241316 -0.00402394 -0.00620359
v -0.00314333 -0.00402394 -0.00586748
v -0.00382766 -0.00402394 -0.00544582
v -0.00445617 -0.00402394 -0.00494474
v -0.0050197 -0.00402394 -0.00437155
v -0.00551003 -0.00402394 -0.00373462
v -0.00592002 -0.00402394 -0.00304323
v -0.00624368 -0.00402394 -0.00230746
v -0.00647629 -0.00402394 -0.00153805
v -0.00661446 -0.00402394 -0.0007462
v -0.00665618 -0.00402394 5.652e-05
v -0.00660083 -0.00402394 0.00085842
v -0.00644923 -0.00402394 0.00164781
v -0.00620359 -0.00402394 0.00241316
v -0.00586748 -0.00402394 0.00314333
v -0.00544582 -0.00402394 0.00382766
v -0.00494474 -0.00402394 0.00445617
v -0.00437155 -0.00402394 0.0050197
v -0.00373462 -0.00402394 0.00551003
v -0.00304323 -0.00402394 0.00592002
v -0.00230746 -0.00402394 0.00624368
v -0.00153805 -0.00402394 0.00647629
v -0.0007462 -0.00402394 0.00661446
v 5.652e-05 -0.00402394 0.00665618
v 0.00085842 -0.00402394 0.00660083
v 0.00164781 -0.00402394 0.00644923
v 0.00241316 -0.00402394 0.00620359
v 0.00314333 -0.00402394 0.00586748
v 0.00382766 -0.00402394 0.00544582
v 0.00445617 -0.00402394 0.00494474
v 0.0050197 -0.00402394 0.00437155
v 0.00551003 -0.00402394 0.00373462
v 0.00544548 -0.00479695 0.00279929
v 0.00574319 -0.00479695 0.0021225
v 0.00595716 -0.00479695 0.00141476
v 0.00608426 -0.00479695 0.00068639
v 0.00612263 -0.00479695 -5.199e-05
v 0.00607172 -0.00479695 -0.00078961
v 0.00593227 -0.00479695 -0.00151572
v 0.00570632 -0.00479695 -0.00221973
v 0.00539716 -0.00479695 -0.00289136
v 0.00500929 -0.00479695 -0.00352084
v 0.00454838 -0.00479695 -0.00409897
v 0.00402114 -0.00479695 -0.00461733
v 0.00343526 -0.00479695 -0.00506836
v 0.00279929 -0.00479695 -0.00544548
v 0.0021225 -0.00479695 -0.00574319
v 0.00141476 -0.00479695 -0.00595716
v 0.00068639 -0.00479695 -0.00608426
v -5.199e-05 -0.00479695 -0.00612263
v -0.00078961 -0.00479695 -0.00607172
v -0.00151572 -0.00479695 -0.00593227
v -0.00221973 -0.00479695 -0.00570632
v -0.00289136 -0.00479695 -0.00539716
v -0.00352084 -0.00479695 -0.00500929
v -0.00409897 -0.00479695 -0.00454838
v -0.00461733 -0.00479695 -0.00402114
v -0.00506836 -0.00479695 -0.00343526
v -0.00544548 -0.00479695 -0.00279929
v -0.00574319 -0.00479695 -0.0021225
v -0.00595716 -0.00479695 -0.00141476
v -0.00608426 -0.00479695 -0.00068639
v -0.00612263 -0.00479695 5.199e-05
v -0.00607172 -0.00479695 0.00078961
v -0.00593227 -0.00479695 0.00151572
v -0.00570632 -0.00479695 0.00221973
v -0.00539716 -0.00479695 0.00289136
v -0.00500929 -0.00479695 0.00352084
v -0.00454838 -0.00479695 0.00409897
v -0.00402114 -0.00479695 0.00461733
v -0.00343526 -0.00479695 0.00506836
v -0.00279929 -0.00479695 0.00544548
v -0.0021225 -0.00479695 0.00574319
v -0.00141476 -0.00479695 0.00595716
v -0.00068639 -0.00479695 0.00608426
v 5.199e-05 -0.00479695 0.00612263
v 0.00078961 -0.00479695 0.00607172
v 0.00151572 -0.00479695 0.00593227
v 0.00221973 -0.00479695 0.00570632
v 0.00289136 -0.00479695 0.00539716
v 0.00352084 -0.00479695 0.00500929
v 0.00409897 -0.00479695 0.00454838
v 0.00461733 -0.00479695 0.00402114
v 0.00506836 -0.00479695 0.00343526
v 0.00489154 -0.0055 0.00251453
v 0.00515897 -0.0055 0.00190659
v 0.00535116 -0.0055 0.00127084
v 0.00546533 -0.0055 0.00061657
v 0.0054998 -0.0055 -4.67e-05
v 0.00545407 -0.0055 -0.00070929
v 0.00532881 -0.0055 -0.00136153
v 0.00512584 -0.0055 -0.00199392
v 0.00484813 -0.0055 -0.00259724
v 0.00449972 -0.0055 -0.00316268
v 0.00408569 -0.0055 -0.003682
v 0.00361209 -0.0055 -0.00414763
v 0.00308581 -0.0055 -0.00455278
v 0.00251453 -0.0055 -0.00489154
v 0.00190659 -0.0055 -0.00515897
v 0.00127084 -0.0055 -0.00535116
v 0.00061657 -0.0055 -0.00546533
v -4.67e-05 -0.0055 -0.0054998
v -0.00070929 -0.0055 -0.00545407
v -0.00136153 -0.0055 -0.00532881
v -0.00199392 -0.0055 -0.00512584
v -0.00259724 -0.0055 -0.00484813
v -0.00316268 -0.0055 -0.00449972
v -0.003682 -0.0055 -0.00408569
v -0.00414763 -0.0055 -0.00361209
v -0.00455278 -0.0055 -0.00308581
v -0.00489154 -0.0055 -0.00251453
v -0.00515897 -0.0055 -0.00190659
v -0.00535116 -0.0055 -0.00127084
v -0.00546533 -0.0055 -0.00061657
v -0.0054998 -0.0055 4.67e-05
v -0.00545407 -0.0055 0.00070929
v -0.00532881 -0.0055 0.00136153
v -0.00512584 -0.0055 0.00199392
v -0.00484813 -0.0055 0.00259724
v -0.00449972 -0.0055 0.00316268
v -0.00408569 -0.0055 0.003682
v -0.00361209 -0.0055 0.00414763
v -0.00308581 -0.0055 0.00455278
v -0.00251453 -0.0055 0.00489154
v -0.00190659 -0.0055 0.00515897
v -0.00127084 -0.0055 0.00535116
v -0.00061657 -0.0055 0.00546533
v 4.67e-05 -0.0055 0.0054998
v 0.00070929 -0.0055 0.00545407
v 0.00136153 -0.0055 0.00532881
v 0.00199392 -0.0055 0.00512584
v 0.00259724 -0.0055 0.00484813
v 0.00316268 -0.0055 0.00449972
v 0.003682 -0.0055 0.00408569
v 0.00414763 -0.0055 0.00361209
v 0.00455278 -0.0055 0.00308581
v 0.0038755 -0.0055 -0.00099021
v 0.00352591 -0.0055 -0.0018889
v -0.00230013 -0.0055 -0.00327252
v -0.00301646 -0.0055 -0.00262697
v 0.00297141 -0.0055 -0.00267782
v 0.00224422 -0.0055 -0.00331111
v 0.00138661 -0.0055 -0.00375197
v 0.00044841 -0.0055 -0.00397479
v -0.00355748 -0.0055 -0.00182875
v -0.00389176 -0.0055 -0.00092425
v -0.00224422 -0.0055 0.00331111
v -0.00138661 -0.0055 0.00375197
v -0.00051585 -0.0055 -0.0039666
v -0.00399986 -0.0055 3.397e-05
v -0.00352591 -0.0055 0.0018889
v -0.00297141 -0.0055 0.00267782
v -0.00044841 -0.0055 0.00397479
v -0.00145013 -0.0055 -0.00372789
v -0.0038755 -0.0055 0.00099021
v 0.00051585 -0.0055 0.0039666
v 0.00145013 -0.0055 0.00372789
v 0.00301646 -0.0055 0.00262697
v 0.00355748 -0.0055 0.00182875
v 0.00230013 -0.0055 0.00327252
v 0.00389176 -0.0055 0.00092425
v 0.00399986 -0.0055 -3.397e-05
v -0.00224422 0.0055 0.00331111
v -0.00138661 0.0055 0.00375197
v -0.00044841 0.0055 0.00397479
v 0.00051585 0.0055 0.0039666
v 0.00145013 0.0055 0.00372789
v 0.00230013 0.0055 0.00327252
v 0.00301646 0.0055 0.00262697
v 0.00355748 0.0055 0.00182875
v 0.00389176 0.0055 0.00092425
v 0.00399986 0.0055 -3.397e-05
v 0.0038755 0.0055 -0.00099021
v 0.00352591 0.0055 -0.0018889
v 0.00297141 0.0055 -0.00267782
v 0.00224422 0.0055 -0.00331111
v 0.00138661 0.0055 -0.00375197
v 0.00044841 0.0055 -0.00397479
v -0.00051585 0.0055 -0.0039666
v -0.00145013 0.0055 -0.00372789
v -0.00230013 0.0055 -0.00327252
v -0.00301646 0.0055 -0.00262697
v -0.00355748 0.0055 -0.00182875
v -0.00389176 0.0055 -0.00092425
v -0.00399986 0.0055 3.397e-05
v -0.0038755 0.0055 0.00099021
v -0.00352591 0.0055 0.0018889
v -0.00297141 0.0055 0.00267782
v 0.00416256 0.0055 -0.00277003
v 0.00218598 0.0055 -0.00121305
v 0.00186124 0.0055 -0.00166906
v 0.00095274 0.0055 -0.00231134
v 0.00239847 0.0055 -0.00438718
v 0.00144318 0.0055 -0.00204138
v 0.00307117 0.0055 -0.00394562
v 0.00366432 0.0055 -0.00340188
v -0.00069621 0.0055 -0.0024011
v -0.00071812 0.0055 -0.00494816
v -0.00014446 0.0055 -0.00249582
v 8.492e-05 0.0055 -0.00499928
v 0.00041454 0.0055 -0.00246539
v 0.00088576 0.0055 -0.00492092
v 0.00166366 0.0055 -0.00471511
v -0.00166906 0.0055 -0.00186124
v -0.00293539 0.0055 -0.00404765
v -0.00121305 0.0055 -0.00218598
v -0.00224809 0.0055 -0.0044661
v -0.00150256 0.0055 -0.00476889
v 0.00249582 0.0055 -0.00014446
v 0.0049918 0.0055 0.00028615
v 0.00246539 0.0055 0.00041454
v 0.00488126 0.0055 0.00108319
v 0.00231134 0.0055 0.00095274
v 0.00464429 0.0055 0.00185217
v 0.00204138 0.0055 0.00144318
v -0.00246539 0.0055 -0.00041454
v -0.00477827 0.0055 -0.00147245
v -0.00231134 0.0055 -0.00095274
v -0.0044802 0.0055 -0.00221987
v -0.00204138 0.0055 -0.00144318
v -0.00406609 0.0055 -0.0029098
v -0.00354667 0.0055 -0.00352437
v -0.00144318 0.0055 0.00204138
v -0.0033787 0.0055 0.0036857
v -0.00186124 0.0055 0.00166906
v -0.00392617 0.0055 0.00309599
v -0.00218598 0.0055 0.00121305
v -0.00437196 0.0055 0.0024261
v -0.0024011 0.0055 0.00069621
v 0.00437196 0.0055 -0.0024261
v 0.004553 0.0055 -0.00206643
v 0.0024011 0.0055 -0.00069621
v 0.00482552 0.0055 -0.00130932
v 0.00497306 0.0055 -0.0005183
v -0.00470452 0.0055 0.00169337
v -0.00491523 0.0055 0.00091678
v -0.00249582 0.0055 0.00014446
v -0.00499864 0.0055 0.00011645
v -0.00495259 0.0055 -0.0006869
v -0.00041454 0.0055 0.00246539
v -0.00127886 0.0055 0.00483369
v -0.00095274 0.0055 0.00231134
v -0.00203767 0.0055 0.00456595
v -0.00274372 0.0055 0.00417995
v 0.00121305 0.0055 0.00218598
v 0.00188143 0.0055 0.00463252
v 0.00069621 0.0055 0.0024011
v 0.00111396 0.0055 0.00487433
v 0.00014446 0.0055 0.00249582
v 0.00031763 0.0055 0.0049899
v -0.00048692 0.0055 0.00497623
v 0.00428704 0.0055 0.00257318
v 0.00381876 0.0055 0.00322755
v 0.00166906 0.0055 0.00186124
v 0.00325157 0.0055 0.00379833
v 0.00260017 0.0055 0.00427073
v -0.00249582 0.0065 0.00014446
v -0.00491523 0.0065 0.00091678
v -0.0024011 0.0065 0.00069621
v -0.00470452 0.0065 0.00169337
v -0.00218598 0.0065 0.00121305
v -0.00437196 0.0065 0.0024261
v -0.00186124 0.0065 0.00166906
v 0.00166906 0.0065 0.00186124
v 0.00381876 0.0065 0.00322755
v 0.00204138 0.0065 0.00144318
v 0.00428704 0.0065 0.00257318
v 0.00231134 0.0065 0.00095274
v 0.00464429 0.0065 0.00185217
v 0.00246539 0.0065 0.00041454
v -0.00121305 0.0065 -0.00218598
v -0.00293539 0.0065 -0.00404765
v -0.00166906 0.0065 -0.00186124
v -0.00354667 0.0065 -0.00352437
v -0.00204138 0.0065 -0.00144318
v -0.00406609 0.0065 -0.0029098
v -0.00231134 0.0065 -0.00095274
v 0.00144318 0.0065 -0.00204138
v 0.00239847 0.0065 -0.00438718
v 0.00095274 0.0065 -0.00231134
v 0.00166366 0.0065 -0.00471511
v 0.00041454 0.0065 -0.00246539
v 0.00088576 0.0065 -0.00492092
v -0.00014446 0.0065 -0.00249582
v -0.00392617 0.0065 0.00309599
v -0.0033787 0.0065 0.0036857
v -0.00144318 0.0065 0.00204138
v -0.00274372 0.0065 0.00417995
v -0.00095274 0.0065 0.00231134
v -0.0044802 0.0065 -0.00221987
v -0.00477827 0.0065 -0.00147245
v -0.00246539 0.0065 -0.00041454
v -0.00495259 0.0065 -0.0006869
v -0.00499864 0.0065 0.00011645
v 0.00069621 0.0065 0.0024011
v 0.00188143 0.0065 0.00463252
v 0.00121305 0.0065 0.00218598
v 0.00260017 0.0065 0.00427073
v 0.00325157 0.0065 0.00379833
v -0.00203767 0.0065 0.00456595
v -0.00127886 0.0065 0.00483369
v -0.00041454 0.0065 0.00246539
v -0.00048692 0.0065 0.00497623
v 0.00014446 0.0065 0.00249582
v 0.00031763 0.0065 0.0049899
v 0.00111396 0.0065 0.00487433
v 8.492e-05 0.0065 -0.00499928
v -0.00071812 0.0065 -0.00494816
v -0.00069621 0.0065 -0.0024011
v -0.00150256 0.0065 -0.00476889
v -0.00224809 0.0065 -0.0044661
v 0.00218598 0.0065 -0.00121305
v 0.00416256 0.0065 -0.00277003
v 0.00186124 0.0065 -0.00166906
v 0.00366432 0.0065 -0.00340188
v 0.00307117 0.0065 -0.00394562
v 0.0024011 0.0065 -0.00069621
v 0.004553 0.0065 -0.00206643
v 0.00437196 0.0065 -0.0024261
v 0.00488126 0.0065 0.00108319
v 0.0049918 0.0065 0.00028615
v 0.00249582 0.0065 -0.00014446
v 0.00497306 0.0065 -0.0005183
v 0.00482552 0.0065 -0.00130932
v 0.00127177 -0.0585 -0.03997978
v 0.00131947 -0.0585 -0.04147902
v 0.0080101 -0.0585 -0.03918977
v 0.00831047 -0.0585 -0.04065939
v 0.01451798 -0.0585 -0.03727235
v 0.01506241 -0.0585 -0.03867006
v 0.02060821 -0.0585 -0.03428267
v 0.02138102 -0.0585 -0.03556827
v 0.02610558 -0.0585 -0.03030674
v 0.02708454 -0.0585 -0.03144325
v 0.03085194 -0.0585 -0.02545894
v 0.03200889 -0.0585 -0.02641365
v 0.03471075 -0.0585 -0.01987873
v 0.0360124 -0.0585 -0.02062419
v 0.03757099 -0.0585 -0.01372665
v 0.0389799 -0.0585 -0.0142414
v 0.03935038 -0.0585 -0.00717968
v 0.04082602 -0.0585 -0.00744892
v 0.03999773 -0.0585 -0.00042616
v 0.04149764 -0.0585 -0.00044214
v 0.03949442 -0.0585 0.00633962
v 0.04097546 -0.0585 0.00657735
v 0.03785493 -0.0585 0.01292302
v 0.03927449 -0.0585 0.01340763
v 0.03512642 -0.0585 0.01913465
v 0.03644366 -0.0585 0.0198522
v 0.03138738 -0.0585 0.0247958
v 0.03256441 -0.0585 0.02572565
v 0.0267454 -0.0585 0.02974363
v 0.02774835 -0.0585 0.03085902
v 0.02133399 -0.0585 0.03383579
v 0.02213401 -0.0585 0.03510464
v 0.01530884 -0.0585 0.03695456
v 0.01588292 -0.0585 0.03834035
v 0.00884329 -0.0585 0.0390102
v 0.00917491 -0.0585 0.04047309
v 0.00212333 -0.0585 0.0399436
v 0.00220295 -0.0585 0.04144149
v -0.00465771 -0.0585 0.0397279
v -0.00483238 -0.0585 0.04121769
v -0.01130477 -0.0585 0.03836929
v -0.01172869 -0.0585 0.03980814
v -0.0176266 -0.0585 0.03590687
v -0.01828759 -0.0585 0.03725337
v -0.02344134 -0.0585 0.03241147
v -0.0243204 -0.0585 0.0336269
v -0.02858173 -0.0585 0.02798365
v -0.02965354 -0.0585 0.02903304
v -0.03289987 -0.0585 0.0227508
v -0.03413361 -0.0585 0.02360395
v -0.03627153 -0.0585 0.01686344
v -0.03763172 -0.0585 0.01749582
v -0.03859974 -0.0585 0.01049096
v -0.04004723 -0.0585 0.01088437
v -0.0398175 -0.0585 0.00381667
v -0.04131065 -0.0585 0.00395979
v -0.03988978 -0.0585 -0.00296742
v -0.04138564 -0.0585 -0.0030787
v -0.0388145 -0.0585 -0.00966614
v -0.04027005 -0.0585 -0.01002862
v -0.03662261 -0.0585 -0.01608679
v -0.03799595 -0.0585 -0.01669004
v -0.03337714 -0.0585 -0.02204464
v -0.03462879 -0.0585 -0.02287132
v -0.02917148 -0.0585 -0.02736831
v -0.03026541 -0.0585 -0.02839463
v -0.02412661 -0.0585 -0.03190465
v -0.02503136 -0.0585 -0.03310107
v -0.01838766 -0.0585 -0.03552315
v -0.01907719 -0.0585 -0.03685527
v -0.01211973 -0.0585 -0.03811971
v -0.01257422 -0.0585 -0.0395492
v -0.00550313 -0.0585 -0.03961963
v -0.0057095 -0.0585 -0.04110537
v -0.02588969 -0.04754427 -0.02428938
v -0.02567157 -0.04754427 -0.0245198
v -0.02935727 -0.04754427 -0.01995998
v -0.02962222 -0.04754427 -0.01956462
v -0.03224218 -0.04754427 -0.01485571
v -0.03250256 -0.04754427 -0.01427702
v -0.03424761 -0.04754427 -0.0093462
v -0.03444787 -0.04754427 -0.0085787
v -0.03531885 -0.04754427 -0.00358176
v -0.03540218 -0.04754427 -0.00263358
v -0.03542668 -0.04754427 0.00228038
v -0.03533803 -0.04754427 0.00338729
v -0.03456817 -0.04754427 0.00808032
v -0.03425727 -0.04754427 0.00931073
v -0.03276673 -0.04754427 0.01365985
v -0.03219099 -0.04754427 0.01496631
v -0.0300715 -0.04754427 0.01886677
v -0.02919863 -0.04754427 0.02019133
v -0.02655599 -0.04754427 0.02355906
v -0.02536628 -0.04754427 0.02483549
v -0.02231611 -0.04754427 0.02760872
v -0.02080419 -0.04754427 0.02876518
v -0.0174675 -0.04754427 0.03090528
v -0.01564361 -0.04754427 0.03186734
v -0.01214243 -0.04754427 0.03335883
v -0.01003298 -0.04754427 0.03405274
v -0.00648614 -0.04754427 0.03490243
v -0.00413372 -0.04754427 0.03525851
v -0.00065292 -0.04754427 0.035494
v 0.00188445 -0.04754427 0.03544995
v 0.0051981 -0.04754427 0.03511737
v 0.00784842 -0.04754427 0.03462156
v 0.01090734 -0.04754427 0.03378284
v 0.0135866 -0.04754427 0.03279717
v 0.01631905 -0.04754427 0.0315268
v 0.01893392 -0.04754427 0.03002927
v 0.02373654 -0.04754427 0.02639748
v 0.02128562 -0.04754427 0.02841078
v 0.0311747 -0.04754427 0.016982
v 0.02935727 -0.04754427 0.01995998
v 0.02785631 -0.04754427 0.02200628
v 0.02567157 -0.04754427 0.0245198
v 0.0350513 -0.04754427 0.00562641
v 0.03424761 -0.04754427 0.0093462
v 0.03359625 -0.04754427 0.01146918
v 0.03224218 -0.04754427 0.01485571
v 0.03492346 -0.04754427 -0.00637197
v 0.03542668 -0.04754427 -0.00228038
v 0.03549799 -0.04754427 -0.00037822
v 0.03531885 -0.04754427 0.00358176
v 0.03080579 -0.04754427 -0.01764238
v 0.03276673 -0.04754427 -0.01365985
v 0.03334425 -0.04754427 -0.0121824
v 0.03456817 -0.04754427 -0.00808032
v 0.0231687 -0.04754427 -0.02689723
v 0.02655599 -0.04754427 -0.02355906
v 0.0273811 -0.04754427 -0.02259481
v 0.0300715 -0.04754427 -0.01886677
v 0.01288471 -0.04754427 -0.03307921
v 0.0174675 -0.04754427 -0.03090528
v 0.01828979 -0.04754427 -0.03042587
v 0.02231611 -0.04754427 -0.02760872
v 0.0011287 -0.04754427 -0.03548205
v 0.00648614 -0.04754427 -0.03490243
v 0.00710896 -0.04754427 -0.03478092
v 0.01214243 -0.04754427 -0.03335883
v -0.01075626 -0.04754427 -0.03383124
v -0.0051981 -0.04754427 -0.03511737
v -0.00488403 -0.04754427 -0.03516243
v 0.00065292 -0.04754427 -0.035494
v -0.02141237 -0.04754427 -0.02831538
v -0.02128562 -0.04754427 -0.02841078
v -0.01631905 -0.04754427 -0.0315268
v -0.01090734 -0.04754427 -0.03378284
v 0.00622308 -0.03602443 0.04204192
v 0.01305808 -0.03602443 0.04044424
v -0.00078167 -0.03602443 0.04249281
v -0.00776509 -0.03602443 0.04178461
v -0.01453671 -0.03602443 0.03993662
v -0.0209118 -0.03602443 0.03699928
v -0.02671647 -0.03602443 0.03305269
v -0.03179239 -0.03602443 0.02820451
v -0.03600109 -0.03602443 0.02258698
v -0.03922778 -0.03602443 0.01635334
v -0.04138443 -0.03602443 0.00967362
v -0.04241223 -0.03602443 0.00273003
v -0.04228313 -0.03602443 -0.00428803
v -0.04100065 -0.03602443 -0.01118912
v -0.03859979 -0.03602443 -0.017785
v -0.03514602 -0.03602443 -0.02389575
v -0.03073357 -0.03602443 -0.02935469
v -0.02548278 -0.03602443 -0.03401291
v -0.01953689 -0.03602443 -0.03774334
v -0.01305808 -0.03602443 -0.04044424
v -0.00622308 -0.03602443 -0.04204192
v 0.00078167 -0.03602443 -0.04249281
v 0.00776509 -0.03602443 -0.04178461
v 0.01453671 -0.03602443 -0.03993662
v 0.0209118 -0.03602443 -0.03699928
v 0.02671647 -0.03602443 -0.03305269
v 0.03179239 -0.03602443 -0.02820451
v 0.03600109 -0.03602443 -0.02258698
v 0.03922778 -0.03602443 -0.01635334
v 0.04138443 -0.03602443 -0.00967362
v 0.04241223 -0.03602443 -0.00273003
v 0.04228313 -0.03602443 0.00428803
v 0.04100065 -0.03602443 0.01118912
v 0.03859979 -0.03602443 0.017785
v 0.03514602 -0.03602443 0.02389575
v 0.03073357 -0.03602443 0.02935469
v 0.02548278 -0.03602443 0.03401291
v 0.01953689 -0.03602443 0.03774334
v 0.03166673 -0.0265 -0.00460629
v 0.03193391 -0.0265 -0.00205555
v 0.01194217 -0.0265 0.02968812
v 0.00983196 -0.0265 0.03045213
v -0.02603579 -0.0265 0.01860477
v -0.0271067 -0.0265 0.01700667
v -0.02773916 -0.0265 -0.01595428
v -0.02646289 -0.0265 -0.01799209
v -0.02314057 -0.0265 -0.02210235
v -0.01982253 -0.0265 -0.02512105
v -0.02421851 -0.0265 -0.02091564
v -0.02906337 -0.0265 -0.01339106
v -0.03025724 -0.0265 -0.0104163
v -0.03087108 -0.0265 -0.00842475
v -0.03168175 -0.0265 -0.00450184
v -0.03183671 -0.0265 -0.00322863
v -0.0319612 -0.0265 0.00157532
v -0.03193391 -0.0265 0.00205555
v -0.03116004 -0.0265 0.00728367
v -0.02908627 -0.0265 0.01334126
v -0.02953621 -0.0265 0.0123131
v -0.03108549 -0.0265 0.00759555
v -0.0239378 -0.0265 0.02123633
v -0.02204431 -0.0265 0.02319587
v -0.02011593 -0.0265 0.02488673
v -0.0172561 -0.0265 0.0269486
v -0.01574535 -0.0265 0.02785828
v -0.0118442 -0.0265 0.02972734
v -0.01094529 -0.0265 0.03006993
v -0.00600422 -0.0265 0.03143166
v -0.00584666 -0.0265 0.03146135
v -0.00058855 -0.0265 0.03199459
v 0.00610784 -0.0265 0.03141169
v 0.00468561 -0.0265 0.0316551
v 5.276e-05 -0.0265 0.03199996
v 0.01471013 -0.0265 0.02841852
v 0.01734487 -0.0265 0.02689155
v 0.01918703 -0.0265 0.02560972
v 0.02212068 -0.0265 0.02312305
v 0.02314057 -0.0265 0.02210235
v 0.026097 -0.0265 0.01851882
v 0.02646289 -0.0265 0.01799209
v 0.02906337 -0.0265 0.01339106
v 0.03087108 -0.0265 0.00842475
v 0.0291301 -0.0265 0.01324527
v 0.03196622 -0.0265 0.00146992
v 0.03183671 -0.0265 0.00322863
v 0.03111037 -0.0265 0.007493
v 0.03116004 -0.0265 -0.00728367
v 0.03022273 -0.0265 -0.01051602
v 0.02953621 -0.0265 -0.0123131
v 0.02768639 -0.0265 -0.01604567
v 0.0271067 -0.0265 -0.01700667
v 0.0241494 -0.0265 -0.02099539
v 0.0239378 -0.0265 -0.02123633
v 0.02011593 -0.0265 -0.02488673
v 0.01094529 -0.0265 -0.03006993
v 0.01461633 -0.0265 -0.02846687
v 0.01574535 -0.0265 -0.02785828
v 0.01973959 -0.0265 -0.02518628
v 0.00298927 -0.0265 -0.03186008
v 0.00584666 -0.0265 -0.03146135
v 0.0089648 -0.0265 -0.0307186
v -0.00309431 -0.0265 -0.03185004
v 0.00058855 -0.0265 -0.03199459
v -0.01918703 -0.0265 -0.02560972
v -0.01471013 -0.0265 -0.02841852
v -0.00983196 -0.0265 -0.03045213
v -0.00906605 -0.0265 -0.03068887
v -0.00468561 -0.0265 -0.0316551
v -0.01982253 -0.0215 -0.02512105
v -0.01471013 -0.0215 -0.02841852
v -0.02421851 -0.0215 -0.02091564
v -0.02773916 -0.0215 -0.01595428
v -0.03025724 -0.0215 -0.0104163
v -0.03168175 -0.0215 -0.00450184
v -0.0319612 -0.0215 0.00157532
v -0.03108549 -0.0215 0.00759555
v -0.02908627 -0.0215 0.01334126
v -0.02603579 -0.0215 0.01860477
v -0.02204431 -0.0215 0.02319587
v -0.0172561 -0.0215 0.0269486
v -0.0118442 -0.0215 0.02972734
v -0.00600422 -0.0215 0.03143166
v 5.276e-05 -0.0215 0.03199996
v 0.00610784 -0.0215 0.03141169
v 0.01194217 -0.0215 0.02968812
v 0.01734487 -0.0215 0.02689155
v 0.02212068 -0.0215 0.02312305
v 0.026097 -0.0215 0.01851882
v 0.0291301 -0.0215 0.01324527
v 0.03111037 -0.0215 0.007493
v 0.03196622 -0.0215 0.00146992
v 0.03166673 -0.0215 -0.00460629
v 0.03022273 -0.0215 -0.01051602
v 0.02768639 -0.0215 -0.01604567
v 0.0241494 -0.0215 -0.02099539
v 0.01973959 -0.0215 -0.02518628
v 0.01461633 -0.0215 -0.02846687
v 0.0089648 -0.0215 -0.0307186
v 0.00298927 -0.0215 -0.03186008
v -0.00309431 -0.0215 -0.03185004
v -0.00906605 -0.0215 -0.03068887
v -0.00018374 -0.0215 0.00399578
v 0.00183877 -0.0215 0.00355232
v -0.00355232 -0.0215 0.00183877
v -0.00215701 -0.0215 0.00336858
v -0.00399578 -0.0215 -0.00018374
v -0.00336858 -0.0215 -0.00215701
v 0.00018374 -0.0215 -0.00399578
v 0.00215701 -0.0215 -0.00336858
v -0.00183877 -0.0215 -0.00355232
v 0.00355232 -0.0215 -0.00183877
v 0.00336858 -0.0215 0.00215701
v 0.00399578 -0.0215 0.00018374
v -0.00183877 -0.0265 -0.00355232
v 0.00018374 -0.0265 -0.00399578
v 0.00215701 -0.0265 -0.00336858
v 0.00355232 -0.0265 -0.00183877
v 0.00399578 -0.0265 0.00018374
v 0.00336858 -0.0265 0.00215701
v 0.00183877 -0.0265 0.00355232
v -0.00018374 -0.0265 0.00399578
v -0.00215701 -0.0265 0.00336858
v -0.00355232 -0.0265 0.00183877
v -0.00399578 -0.0265 -0.00018374
v -0.00336858 -0.0265 -0.00215701
v -0.02063431 -0.0265 -0.01935885
v -0.01706585 -0.0265 -0.02256761
v -0.01300643 -0.0265 -0.02512714
v -0.02327157 -0.0265 0.01609267
v -0.01246809 -0.0265 0.02539856
v -0.01658113 -0.0265 0.02292611
v -0.02021715 -0.0265 0.01979411
v -0.02821585 -0.0265 -0.00209899
v -0.02745526 -0.0265 -0.0068373
v -0.02590483 -0.0265 -0.01137892
v -0.02360917 -0.0265 -0.01559318
v 0.01457713 -0.0265 -0.02424969
v 0.01846566 -0.0265 -0.02143734
v 0.02182298 -0.0265 -0.01800827
v -0.0256565 -0.0265 0.01192828
v -0.02730335 -0.0265 0.00742073
v -0.02816473 -0.0265 0.0026997
v 0.01026923 -0.0265 -0.02636443
v 0.00566591 -0.0265 -0.02772071
v -0.00857283 -0.0265 -0.0269638
v -0.00389262 -0.0265 -0.02802477
v 0.00089958 -0.0265 -0.02827951
v -0.00799637 -0.0265 0.02714034
v -0.00329461 -0.0265 0.02810135
v 0.02677651 -0.0265 0.00914104
v 0.0279362 -0.0265 0.0044843
v 0.02829221 -0.0265 -0.00030144
v 0.02455249 -0.0265 -0.01406113
v 0.02657567 -0.0265 -0.00970949
v 0.02783431 -0.0265 -0.00507851
v 0.0150905 -0.0265 0.02393359
v 0.01082864 -0.0265 0.02613964
v 0.00625526 -0.0265 0.02759369
v 0.00150193 -0.0265 0.02825393
v 0.02484651 -0.0265 0.01353481
v 0.02220172 -0.0265 0.0175392
v 0.01891823 -0.0265 0.02103902
v -0.02121759 -0.03692058 -0.03365118
v -0.02659947 -0.03692058 -0.02958135
v -0.02399497 -0.03692058 -0.03173058
v -0.03121614 -0.03692058 -0.02466052
v -0.02901232 -0.03692058 -0.02721899
v -0.03493477 -0.03692058 -0.01903025
v -0.03319504 -0.03692058 -0.02192437
v -0.03764839 -0.03692058 -0.01285251
v -0.03642279 -0.03692058 -0.01599902
v -0.03927894 -0.03692058 -0.00630503
v -0.03860273 -0.03692058 -0.0096134
v -0.0397795 -0.03692058 0.00042384
v -0.03967214 -0.03692058 -0.00295123
v -0.03913568 -0.03692058 0.00714051
v -0.03960025 -0.03692058 0.00379584
v -0.037366 -0.03692058 0.01365176
v -0.03838914 -0.03692058 0.01043372
v -0.03452136 -0.03692058 0.01977028
v -0.03607364 -0.03692058 0.01677144
v -0.03068361 -0.03692058 0.02532004
v -0.03272036 -0.03692058 0.02262667
v -0.02596315 -0.03692058 0.03014139
v -0.02842578 -0.03692058 0.02783097
v -0.02049577 -0.03692058 0.03409563
v -0.02331345 -0.03692058 0.03223463
v -0.01443877 -0.03692058 0.03706899
v -0.01753042 -0.03692058 0.03571096
v -0.00796639 -0.03692058 0.03897595
v -0.01124309 -0.03692058 0.03815994
v -0.00126484 -0.03692058 0.03976164
v -0.0046323 -0.03692058 0.03951114
v 0.00547311 -0.03692058 0.03940347
v 0.00211174 -0.03692058 0.03972567
v 0.0120536 -0.03692058 0.03791172
v 0.00879504 -0.03692058 0.03879737
v 0.01828733 -0.03692058 0.03532933
v 0.01522532 -0.03692058 0.03675293
v 0.02399497 -0.03692058 0.03173058
v 0.02121759 -0.03692058 0.03365118
v 0.02901232 -0.03692058 0.02721899
v 0.02659947 -0.03692058 0.02958135
v 0.03319504 -0.03692058 0.02192437
v 0.03121614 -0.03692058 0.02466052
v 0.03642279 -0.03692058 0.01599902
v 0.03493477 -0.03692058 0.01903025
v 0.03860273 -0.03692058 0.0096134
v 0.03764839 -0.03692058 0.01285251
v 0.03967214 -0.03692058 0.00295123
v 0.03927894 -0.03692058 0.00630503
v 0.03960025 -0.03692058 -0.00379584
v 0.0397795 -0.03692058 -0.00042384
v 0.03838914 -0.03692058 -0.01043372
v 0.03913568 -0.03692058 -0.00714051
v 0.03607364 -0.03692058 -0.01677144
v 0.037366 -0.03692058 -0.01365176
v 0.03272036 -0.03692058 -0.02262667
v 0.03452136 -0.03692058 -0.01977028
v 0.02842578 -0.03692058 -0.02783097
v 0.03068361 -0.03692058 -0.02532004
v 0.02331345 -0.03692058 -0.03223463
v 0.02596315 -0.03692058 -0.03014139
v 0.01753042 -0.03692058 -0.03571096
v 0.02049577 -0.03692058 -0.03409563
v 0.01124309 -0.03692058 -0.03815994
v 0.01443877 -0.03692058 -0.03706899
v 0.0046323 -0.03692058 -0.03951114
v 0.00796639 -0.03692058 -0.03897595
v -0.00211174 -0.03692058 -0.03972567
v 0.00126484 -0.03692058 -0.03976164
v -0.00879504 -0.03692058 -0.03879737
v -0.00547311 -0.03692058 -0.03940347
v -0.01828733 -0.03692058 -0.03532933
v -0.01522532 -0.03692058 -0.03675293
v -0.0120536 -0.03692058 -0.03791172
v 0.01777457 -0.04754427 0.02819055
v 0.02010127 -0.04754427 0.0265816
v 0.02228313 -0.04754427 0.02478113
v 0.02430444 -0.04754427 0.02280212
v 0.02615064 -0.04754427 0.02065881
v 0.02780842 -0.04754427 0.01836666
v 0.02926584 -0.04754427 0.01594217
v 0.0305124 -0.04754427 0.01340283
v 0.03153912 -0.04754427 0.01076691
v 0.0323386 -0.04754427 0.00805342
v 0.03290508 -0.04754427 0.0052819
v 0.03323447 -0.04754427 0.00247233
v 0.03332441 -0.04754427 -0.00035506
v 0.03317425 -0.04754427 -0.00317989
v 0.03278506 -0.04754427 -0.0059818
v 0.03215966 -0.04754427 -0.00874062
v 0.03130255 -0.04754427 -0.01143647
v 0.0302199 -0.04754427 -0.01404991
v 0.02891952 -0.04754427 -0.01656212
v 0.02741077 -0.04754427 -0.018955
v 0.02570453 -0.04754427 -0.02121131
v 0.02381308 -0.04754427 -0.02331479
v 0.02175006 -0.04754427 -0.02525029
v 0.01953033 -0.04754427 -0.02700386
v 0.01716989 -0.04754427 -0.02856287
v 0.01468573 -0.04754427 -0.02991608
v 0.01209577 -0.04754427 -0.03105374
v 0.00941865 -0.04754427 -0.03196766
v 0.00667367 -0.04754427 -0.03265126
v 0.00388061 -0.04754427 -0.0330996
v 0.00105959 -0.04754427 -0.03330945
v -0.00176907 -0.04754427 -0.03327931
v -0.00458498 -0.04754427 -0.0330094
v -0.00736785 -0.04754427 -0.03250165
v -0.01009764 -0.04754427 -0.03175972
v -0.01275468 -0.04754427 -0.03078897
v -0.01531982 -0.04754427 -0.02959638
v -0.01777457 -0.04754427 -0.02819055
v -0.02010127 -0.04754427 -0.0265816
v -0.02228313 -0.04754427 -0.02478113
v -0.02430444 -0.04754427 -0.02280212
v -0.02615064 -0.04754427 -0.02065881
v -0.02780842 -0.04754427 -0.01836666
v -0.02926584 -0.04754427 -0.01594217
v -0.0305124 -0.04754427 -0.01340283
v -0.03153912 -0.04754427 -0.01076691
v -0.0323386 -0.04754427 -0.00805342
v -0.03290508 -0.04754427 -0.0052819
v -0.03323447 -0.04754427 -0.00247233
v -0.03332441 -0.04754427 0.00035506
v -0.03317425 -0.04754427 0.00317989
v -0.03278506 -0.04754427 0.0059818
v -0.03215966 -0.04754427 0.00874062
v -0.03130255 -0.04754427 0.01143647
v -0.0302199 -0.04754427 0.01404991
v -0.02891952 -0.04754427 0.01656212
v -0.02741077 -0.04754427 0.018955
v -0.02570453 -0.04754427 0.02121131
v -0.02381308 -0.04754427 0.02331479
v -0.02175006 -0.04754427 0.02525029
v -0.01953033 -0.04754427 0.02700386
v -0.01716989 -0.04754427 0.02856287
v -0.01468573 -0.04754427 0.02991608
v -0.01209577 -0.04754427 0.03105374
v -0.00941865 -0.04754427 0.03196766
v -0.00667367 -0.04754427 0.03265126
v -0.00388061 -0.04754427 0.0330996
v -0.00105959 -0.04754427 0.03330945
v 0.00176907 -0.04754427 0.03327931
v 0.00458498 -0.04754427 0.0330094
v 0.00736785 -0.04754427 0.03250165
v 0.01009764 -0.04754427 0.03175972
v 0.01275468 -0.04754427 0.03078897
v 0.01531982 -0.04754427 0.02959638
vn 0.97209 0.0 -0.23459
vn 0.88476 0.0 -0.46605
vn 0.68549 0.0 -0.72808
vn 0.41195 0.0 -0.91121
vn 0.09376 0.0 -0.9956
vn -0.23459 0.0 -0.97209
vn -0.53752 0.0 -0.84325
vn -0.7822 0.0 -0.62303
vn -0.94211 0.0 -0.33529
vn -0.99994 0.0 -0.01122
vn -0.9494 0.0 0.31407
vn -0.79598 0.0 0.60532
vn -0.55631 0.0 0.83098
vn -0.25635 0.0 0.96658
vn 0.07139 0.0 0.99745
vn 0.3914 0.0 0.92022
vn 0.66898 0.0 0.74328
vn 0.87408 0.0 0.48579
vn 0.98445 0.0 0.17565
vn 0.99745 0.0 -0.07139
vn 0.98808 0.01154 -0.15351
vn 0.0 1.0 0.0
vn -0.99911 0.0 -0.04221
vn -0.9069 0.0 -0.42134
vn -0.67663 0.0 -0.73632
vn -0.34334 0.0 -0.93921
vn -0.34334 0.0 -0.93921
vn 0.04221 0.0 -0.99911
vn 0.04221 0.0 -0.99911
vn 0.42134 0.0 -0.9069
vn 0.73632 0.0 -0.67663
vn 0.93921 0.0 -0.34334
vn 0.99911 0.0 0.04221
vn 0.9069 0.0 0.42134
vn 0.67663 0.0 0.73632
vn 0.34334 0.0 0.93921
vn 0.34334 0.0 0.93921
vn -0.04221 0.0 0.99911
vn -0.04221 0.0 0.99911
vn -0.42134 0.0 0.9069
vn -0.73632 0.0 0.67663
vn -0.93921 0.0 0.34334
vn -0.31173 0.84912 0.4264
vn -0.48317 0.84912 0.21341
vn 0.4264 0.84912 0.31173
vn 0.21341 0.84912 0.48317
vn -0.05676 0.84912 0.52514
vn 0.31173 0.84912 -0.4264
vn 0.48317 0.84912 -0.21341
vn 0.52514 0.84912 0.05676
vn -0.4264 0.84912 -0.31173
vn -0.21341 0.84912 -0.48317
vn 0.05676 0.84912 -0.52514
vn -0.52514 0.84912 -0.05676
vn -0.91474 0.0 0.40404
vn -0.59017 0.0 0.80728
vn -0.10746 0.0 0.99421
vn -0.10746 0.0 0.99421
vn 0.40404 0.0 0.91474
vn 0.40404 0.0 0.91474
vn 0.80728 0.0 0.59017
vn 0.99421 0.0 0.10746
vn 0.91474 0.0 -0.40404
vn 0.59017 0.0 -0.80728
vn 0.10746 0.0 -0.99421
vn 0.10746 0.0 -0.99421
vn -0.40404 0.0 -0.91474
vn -0.40404 0.0 -0.91474
vn -0.80728 0.0 -0.59017
vn -0.99421 0.0 -0.10746
vn -0.25945 0.0 -0.96576
vn -0.461 0.0 -0.8874
vn -0.64098 0.0 -0.76755
vn -0.791 0.0 -0.61182
vn -0.90403 0.0 -0.42747
vn -0.97479 0.0 -0.22314
vn -0.99996 0.0 -0.00837
vn -0.97839 0.0 0.20679
vn -0.91106 0.0 0.41228
vn -0.80113 0.0 0.59849
vn -0.65374 0.0 0.75672
vn -0.47579 0.0 0.87956
vn -0.27558 0.0 0.96128
vn -0.06249 0.0 0.99805
vn 0.15352 0.0 0.98815
vn 0.36235 0.0 0.93204
vn 0.55424 0.0 0.83236
vn 0.72021 0.0 0.69375
vn 0.85251 0.0 0.52271
vn 0.94495 0.0 0.32722
vn 0.9932 0.0 0.11644
vn 0.99501 0.0 -0.09979
vn 0.95029 0.0 -0.31136
vn 0.86114 0.0 -0.50836
vn 0.73173 0.0 -0.6816
vn 0.56809 0.0 -0.82296
vn 0.3779 0.0 -0.92585
vn 0.17004 0.0 -0.98544
vn -0.04578 0.0 -0.99895
vn -0.31173 -0.84912 0.4264
vn -0.05676 -0.84912 0.52514
vn -0.4264 -0.84912 -0.31173
vn -0.52514 -0.84912 -0.05676
vn -0.48317 -0.84912 0.21341
vn 0.31173 -0.84912 -0.4264
vn 0.05676 -0.84912 -0.52514
vn -0.21341 -0.84912 -0.48317
vn 0.4264 -0.84912 0.31173
vn 0.52514 -0.84912 0.05676
vn 0.48317 -0.84912 -0.21341
vn 0.21341 -0.84912 0.48317
vn -0.9989 0.0 0.04687
vn -0.91952 0.0 0.39305
vn -0.72415 0.0 0.68964
vn -0.43743 0.0 0.89925
vn -0.09554 0.0 0.99543
vn 0.2584 0.0 0.96604
vn 0.42584 0.0 0.9048
vn 0.13126 0.0 -0.99135
vn -0.04687 0.0 -0.9989
vn -0.39305 0.0 -0.91952
vn -0.68964 0.0 -0.72415
vn -0.89925 0.0 -0.43743
vn -0.99543 0.0 -0.09554
vn -0.96604 0.0 0.2584
vn -0.9048 0.0 0.42584
vn -0.468 0.0 -0.88373
vn -0.31511 0.0 -0.94905
vn -0.19449 0.0 -0.9809
vn -0.15351 -0.01067 -0.98809
vn -0.11228 0.0 -0.99368
vn 0.01232 0.0 -0.99992
vn 0.17782 0.0 -0.98406
vn 0.99135 0.0 0.13126
vn 0.9989 0.0 -0.04687
vn 0.91952 0.0 -0.39305
vn 0.72415 0.0 -0.68964
vn 0.43743 0.0 -0.89925
vn 0.09554 0.0 -0.99543
vn -0.2584 0.0 -0.96604
vn -0.42584 0.0 -0.9048
vn 0.88373 0.0 -0.468
vn 0.94905 0.0 -0.31511
vn 0.9809 0.0 -0.19449
vn 0.98809 -0.01067 -0.15351
vn 0.99368 0.0 -0.11228
vn 0.99992 0.0 0.01232
vn 0.98406 0.0 0.17782
vn -0.13126 0.0 0.99135
vn 0.04687 0.0 0.9989
vn 0.39305 0.0 0.91952
vn 0.68964 0.0 0.72415
vn 0.89925 0.0 0.43743
vn 0.99543 0.0 0.09554
vn 0.96604 0.0 -0.2584
vn 0.9048 0.0 -0.42584
vn 0.468 0.0 0.88373
vn 0.31511 0.0 0.94905
vn 0.19449 0.0 0.9809
vn 0.15351 -0.01067 0.98809
vn 0.11228 0.0 0.99368
vn -0.01232 0.0 0.99992
vn -0.17782 0.0 0.98406
vn -0.99135 0.0 -0.13126
vn -0.10747 0.0 0.99421
vn -0.91474 0.0 0.40404
vn -0.99421 0.0 -0.10747
vn -0.40404 0.0 -0.91474
vn 0.10747 0.0 -0.99421
vn 0.91474 0.0 -0.40404
vn 0.99421 0.0 0.10747
vn 0.40404 0.0 0.91474
vn -0.95906 0.03012 0.2816
vn -0.94905 0.0 0.31511
vn -0.97499 0.0 0.22226
vn -0.9428 0.00978 0.33322
vn -0.94519 -0.00834 0.32642
vn -0.94603 -0.02735 0.32293
vn -0.99401 0.00389 0.10922
vn -0.99366 0.00492 0.11228
vn -0.99029 0.0 0.13899
vn -0.9809 0.0 0.19449
vn -0.9854 0.01335 0.16973
vn -0.98029 0.00389 0.19751
vn -0.99941 -0.02732 -0.02069
vn -0.99989 0.00732 -0.01301
vn -0.99981 0.01832 0.00596
vn -0.99991 0.00539 -0.01232
vn -0.998 0.0 0.06324
vn -0.99646 0.0 0.08402
vn -0.88373 0.0 0.468
vn -0.94477 0.0 0.32772
vn -0.9545 0.01832 0.29765
vn -0.99967 -0.00831 -0.02428
vn -0.99962 0.0 -0.02758
vn -0.98406 0.0 -0.17782
vn 0.0 -1.0 0.0
vn 0.80801 -0.23033 -0.54228
vn 0.93445 -0.23033 0.27157
vn 0.9028 -0.3449 0.25691
vn 0.89047 -0.42919 0.15122
vn 0.88635 -0.45447 0.08855
vn 0.87322 -0.48424 0.05471
vn 0.85429 -0.51423 -0.07591
vn 0.85192 -0.50667 -0.13235
vn 0.83705 -0.51423 -0.18685
vn 0.81547 -0.48424 -0.31706
vn 0.8177 -0.45447 -0.35329
vn 0.80261 -0.42919 -0.41426
vn 0.7823 -0.3449 -0.5187
vn -0.13398 -0.48814 -0.86242
vn -0.14083 -0.38277 -0.91305
vn -0.15328 -0.12361 -0.98042
vn -0.1522 -0.13058 -0.97969
vn -0.1522 0.13052 -0.97969
vn -0.15222 0.13069 -0.97967
vn -0.14181 0.38268 -0.91293
vn -0.14182 0.38283 -0.91287
vn -0.12347 0.59425 -0.79474
vn -0.12391 0.60862 -0.78373
vn -0.09319 0.78225 -0.61595
vn 0.13398 -0.48814 0.86242
vn -0.14495 -0.3635 -0.92025
vn -0.12179 -0.60876 -0.78395
vn -0.10965 -0.66011 -0.74312
vn -0.09626 -0.79327 -0.60121
vn -0.08516 -0.83205 -0.54813
vn -0.07331 -0.87862 -0.47187
vn -0.05346 -0.93213 -0.35815
vn -0.05246 -0.93794 -0.34281
vn -0.01876 -0.99303 -0.11638
vn -0.01666 -0.99409 -0.10724
vn 0.02006 -0.99143 0.12912
vn 0.01477 -0.99409 0.10753
vn 0.06096 -0.92385 0.37787
vn 0.05559 -0.93213 0.35782
vn 0.08516 -0.83205 0.54813
vn 0.09068 -0.79332 0.60202
vn 0.12098 -0.66011 0.74136
vn 0.12179 -0.60882 0.7839
vn 0.14019 -0.38253 0.91325
vn 0.14378 -0.36391 0.92027
vn 0.15137 -0.13041 0.97984
vn 0.15233 -0.12395 0.98053
vn 0.15221 0.13043 0.9797
vn 0.15223 0.13068 0.97967
vn 0.1418 0.38259 0.91297
vn 0.14182 0.38282 0.91287
vn 0.12179 0.60883 0.7839
vn 0.12102 0.59414 0.7952
vn 0.09623 0.79348 0.60094
vn 0.09565 0.78217 0.61568
vn 0.05882 0.92368 0.37863
vn 0.05882 0.92389 0.37811
vn 0.02004 0.99138 0.12951
vn 0.02003 0.99145 0.12896
vn -0.01805 0.99306 -0.1162
vn -0.01844 0.99145 -0.12914
vn -0.05481 0.93759 -0.34339
vn -0.05602 0.92394 -0.37841
vn -0.07347 0.87804 -0.47292
vn -0.09346 0.7933 -0.60161
vn 0.96961 0.00309 -0.24466
vn 0.97232 0.00627 -0.23357
vn 0.98813 0.0054 -0.15351
vn 0.98989 0.01187 -0.14131
vn 0.98615 0.00309 -0.16586
vn 0.97154 -0.00765 -0.23676
vn 0.97977 0.02507 -0.19855
vn 0.97577 0.01273 -0.21844
vn 0.96738 -0.00134 -0.25333
vn 0.9696 -0.00309 -0.24466
vn 0.97232 -0.00627 -0.23357
vn 0.97577 -0.01273 -0.21844
vn 0.97976 -0.02504 -0.19859
vn 0.98036 -0.02789 -0.19524
vn 0.98586 -0.01238 -0.16709
vn 0.99864 -0.02843 -0.04363
vn 0.99945 -0.0166 -0.0286
vn 0.99989 -0.00652 -0.01297
vn 0.98981 -0.00351 -0.14232
vn 0.99258 2e-05 -0.12161
vn 0.99964 -0.00013 -0.02676
vn 0.99521 -0.06287 -0.07492
vn 0.99699 -0.04658 -0.06191
vn 0.99989 0.00652 -0.01297
vn 0.99945 0.01659 -0.0286
vn 0.99864 0.02844 -0.04363
vn 0.99942 -0.03038 0.01568
vn 0.99605 0.01272 -0.08789
vn 0.9976 0.00129 -0.06916
vn 0.994 0.0 -0.10935
vn 0.99257 0.0 -0.12167
vn 0.06916 -0.00844 0.99757
vn 0.02676 0.0 0.99964
vn -0.05811 0.0 0.99831
vn -0.10042 -0.00844 0.99491
vn -0.14256 0.0 0.98979
vn -0.22599 0.0 0.97413
vn -0.26712 -0.00844 0.96363
vn -0.30779 0.0 0.95145
vn -0.38737 0.0 0.92193
vn -0.42613 -0.00844 0.90462
vn -0.46416 0.0 0.88575
vn -0.5376 0.0 0.8432
vn -0.57288 -0.00844 0.81959
vn -0.60717 0.0 0.79457
vn -0.67237 0.0 0.74021
vn -0.70316 -0.00844 0.71099
vn -0.73272 0.0 0.68053
vn -0.7878 0.0 0.61594
vn -0.8132 -0.00844 0.58193
vn -0.83719 0.0 0.54691
vn -0.88056 0.0 0.47394
vn -0.89985 -0.00844 0.43612
vn -0.91758 0.0 0.39755
vn -0.94799 0.0 0.31831
vn -0.96061 -0.00844 0.27778
vn -0.97157 0.0 0.23676
vn -0.98815 0.0 0.15352
vn -0.99374 -0.00844 0.11144
vn -0.99761 0.0 0.06916
vn -0.99988 0.0 -0.01569
vn -0.99827 -0.00844 -0.05811
vn -0.99494 0.0 -0.10043
vn -0.98284 0.0 -0.18444
vn -0.97409 -0.00844 -0.22598
vn -0.96366 0.0 -0.26713
vn -0.93754 0.0 -0.34789
vn -0.92189 -0.00844 -0.38735
vn -0.90465 0.0 -0.42615
vn -0.86526 0.0 -0.50133
vn -0.84317 -0.00844 -0.53758
vn -0.81962 0.0 -0.5729
vn -0.76808 0.0 -0.64035
vn -0.74019 -0.00844 -0.67235
vn -0.71101 0.0 -0.70318
vn -0.64882 0.0 -0.76095
vn -0.61591 -0.00844 -0.78777
vn -0.58195 0.0 -0.81323
vn -0.51088 0.0 -0.85965
vn -0.47392 -0.00844 -0.88053
vn -0.43614 0.0 -0.89988
vn -0.35825 0.0 -0.93362
vn -0.31829 -0.00844 -0.94795
vn -0.27779 0.0 -0.96064
vn -0.19532 0.0 -0.98074
vn -0.19532 0.0 -0.98074
vn -0.11144 0.0 -0.99377
vn -0.11144 0.0 -0.99377
vn -0.02676 0.0 -0.99964
vn 0.01569 -0.00844 -0.99984
vn 0.05811 0.0 -0.99831
vn 0.14256 0.0 -0.98979
vn 0.18444 -0.00844 -0.98281
vn 0.22599 0.0 -0.97413
vn 0.30779 0.0 -0.95145
vn 0.34788 -0.00844 -0.9375
vn 0.38737 0.0 -0.92193
vn 0.46416 0.0 -0.88575
vn 0.50131 -0.00844 -0.86522
vn 0.5376 0.0 -0.8432
vn 0.60717 0.0 -0.79457
vn 0.64033 -0.00844 -0.76806
vn 0.67237 0.0 -0.74021
vn 0.73272 0.0 -0.68053
vn 0.76092 -0.00844 -0.64879
vn 0.7878 0.0 -0.61594
vn 0.83719 0.0 -0.54691
vn 0.85962 -0.00844 -0.51087
vn 0.96738 0.00134 -0.25334
vn 0.96521 0.0 -0.26147
vn 0.94799 0.0 -0.31831
vn 0.93359 -0.00844 -0.35824
vn 0.91758 0.0 -0.39755
vn 0.88056 0.0 -0.47394
vn 1.0 0.0 -0.00126
vn 0.99494 0.0 0.10043
vn 0.98975 -0.00844 0.14256
vn 0.98284 0.0 0.18444
vn 0.96366 0.0 0.26713
vn 0.95142 -0.00844 0.30778
vn 0.93754 0.0 0.34789
vn 0.90465 0.0 0.42615
vn 0.88572 -0.00844 0.46414
vn 0.86526 0.0 0.50133
vn 0.81962 0.0 0.5729
vn 0.79454 -0.00844 0.60715
vn 0.76808 0.0 0.64035
vn 0.71101 0.0 0.70318
vn 0.6805 -0.00844 0.7327
vn 0.64882 0.0 0.76095
vn 0.58195 0.0 0.81323
vn 0.54689 -0.00844 0.83716
vn 0.51088 0.0 0.85965
vn 0.43614 0.0 0.89988
vn 0.39754 -0.00844 0.91755
vn 0.35825 0.0 0.93362
vn 0.27779 0.0 0.96064
vn 0.23676 -0.00844 0.97153
vn 0.19532 0.0 0.98074
vn 0.11144 0.0 0.99377
vn -0.13751 0.81406 -0.56426
vn -0.19651 0.70679 -0.67958
vn -0.25344 0.70679 -0.66047
vn -0.23089 0.81406 -0.53291
vn -0.39523 0.81406 -0.42555
vn -0.30854 0.70679 -0.6366
vn -0.36141 0.70679 -0.60814
vn -0.31763 0.81406 -0.48622
vn -0.41168 0.70679 -0.5753
vn -0.45899 0.70679 -0.53831
vn -0.51442 0.81406 -0.26957
vn -0.50299 0.70679 -0.49745
vn -0.54336 0.70679 -0.453
vn -0.46147 0.81406 -0.35263
vn -0.57982 0.70679 -0.40529
vn -0.6121 0.70679 -0.35465
vn -0.57485 0.81406 -0.0828
vn -0.63997 0.70679 -0.30147
vn -0.66323 0.70679 -0.24611
vn -0.55258 0.81406 -0.17876
vn -0.68172 0.70679 -0.18897
vn -0.69529 0.70679 -0.13048
vn -0.70385 0.70679 -0.07105
vn -0.70734 0.70679 -0.0111
vn -0.58057 0.81406 0.01554
vn -0.54223 0.81406 0.20807
vn -0.70573 0.70679 0.04893
vn -0.69904 0.70679 0.1086
vn -0.56959 0.81406 0.11344
vn -0.68731 0.70679 0.16749
vn -0.67063 0.70679 0.22518
vn -0.44194 0.81406 0.37682
vn -0.64912 0.70679 0.28124
vn -0.62293 0.70679 0.33528
vn -0.49926 0.81406 0.29671
vn -0.59225 0.70679 0.3869
vn -0.55731 0.70679 0.43573
vn -0.29116 0.81406 0.50252
vn -0.51835 0.70679 0.48142
vn -0.47565 0.70679 0.52365
vn -0.3719 0.81406 0.44608
vn -0.42953 0.70679 0.5621
vn -0.38031 0.70679 0.5965
vn -0.10712 0.81406 0.57081
vn -0.32836 0.70679 0.6266
vn -0.27403 0.70679 0.65219
vn -0.20205 0.81406 0.5445
vn -0.21774 0.70679 0.67308
vn -0.15987 0.70679 0.68912
vn 0.08916 0.81406 0.57389
vn -0.10085 0.70679 0.7002
vn -0.04111 0.70679 0.70623
vn -0.00911 0.81406 0.5807
vn 0.01893 0.70679 0.70717
vn 0.07884 0.70679 0.70302
vn 0.27525 0.81406 0.51141
vn 0.13817 0.70679 0.6938
vn 0.19651 0.70679 0.67958
vn 0.18486 0.81406 0.55057
vn 0.25344 0.70679 0.66047
vn 0.30854 0.70679 0.6366
vn 0.4299 0.81406 0.3905
vn 0.36141 0.70679 0.60814
vn 0.41168 0.70679 0.5753
vn 0.35772 0.81406 0.45753
vn 0.45899 0.70679 0.53831
vn 0.50299 0.70679 0.49745
vn 0.53543 0.81406 0.22497
vn 0.54336 0.70679 0.453
vn 0.57982 0.70679 0.40529
vn 0.48971 0.81406 0.31223
vn 0.6121 0.70679 0.35465
vn 0.63998 0.70679 0.30147
vn 0.5798 0.81406 0.03375
vn 0.66324 0.70679 0.24611
vn 0.68172 0.70679 0.18897
vn 0.56575 0.81406 0.13125
vn 0.69529 0.70679 0.13048
vn 0.70385 0.70679 0.07105
vn 0.70734 0.70679 0.0111
vn 0.70573 0.70679 -0.04893
vn 0.57716 0.81406 -0.06472
vn 0.69904 0.70679 -0.1086
vn 0.68731 0.70679 -0.16749
vn 0.55792 0.81406 -0.16133
vn 0.67063 0.70679 -0.22518
vn 0.64912 0.70679 -0.28124
vn 0.52263 0.81406 -0.2533
vn 0.40839 0.81406 -0.41294
vn 0.62293 0.70679 -0.33528
vn 0.59225 0.70679 -0.3869
vn 0.4723 0.81406 -0.33798
vn 0.55731 0.70679 -0.43573
vn 0.51834 0.70679 -0.48142
vn 0.2475 0.81406 -0.5254
vn 0.47565 0.70679 -0.52365
vn 0.42953 0.70679 -0.5621
vn 0.33273 0.81406 -0.47602
vn 0.38031 0.70679 -0.5965
vn 0.32836 0.70679 -0.6266
vn 0.05833 0.81406 -0.57784
vn 0.27403 0.70679 -0.65219
vn 0.21774 0.70679 -0.67308
vn 0.15514 0.81406 -0.55967
vn 0.15987 0.70679 -0.68912
vn 0.10085 0.70679 -0.7002
vn 0.04111 0.70679 -0.70623
vn -0.01893 0.70679 -0.70717
vn -0.04017 0.81406 -0.57938
vn -0.07884 0.70679 -0.70302
vn -0.13817 0.70679 -0.6938
vn -0.81618 -0.5705 0.09153
vn -0.70493 -0.70639 0.06389
vn -0.70719 -0.70583 -0.04116
vn -0.70719 -0.70583 -0.04116
vn -0.69006 -0.70583 -0.16009
vn -0.69006 -0.70583 -0.16009
vn -0.65308 -0.70583 -0.2744
vn -0.65308 -0.70583 -0.2744
vn -0.59731 -0.70583 -0.38083
vn -0.59731 -0.70583 -0.38083
vn -0.52435 -0.70583 -0.47629
vn -0.52435 -0.70583 -0.4763
vn -0.43632 -0.70583 -0.55806
vn -0.43632 -0.70583 -0.55806
vn -0.33573 -0.70583 -0.62377
vn -0.33573 -0.70583 -0.62377
vn -0.22548 -0.70583 -0.67154
vn -0.22548 -0.70583 -0.67153
vn -0.13817 -0.70679 -0.6938
vn -0.13817 -0.70679 -0.6938
vn -0.07884 -0.70679 -0.70302
vn 0.66136 -0.70583 -0.25378
vn 0.60896 -0.70583 -0.3619
vn 0.60896 -0.70583 -0.3619
vn 0.53904 -0.70583 -0.45961
vn 0.53904 -0.70583 -0.45961
vn 0.45361 -0.70583 -0.5441
vn 0.45361 -0.70583 -0.5441
vn 0.35513 -0.70583 -0.61293
vn 0.35513 -0.70583 -0.61293
vn 0.24644 -0.70583 -0.66413
vn 0.24644 -0.70583 -0.66413
vn 0.13066 -0.70583 -0.69623
vn 0.13066 -0.70583 -0.69623
vn 0.01111 -0.70583 -0.70829
vn 0.01111 -0.70583 -0.70829
vn -0.07884 -0.70679 -0.70302
vn -0.69635 -0.70703 0.12333
vn -0.6805 -0.70583 0.19678
vn -0.6805 -0.70583 0.19678
vn -0.63746 -0.70583 0.30895
vn -0.63746 -0.70583 0.30895
vn -0.57608 -0.70583 0.41224
vn -0.57607 -0.70583 0.41224
vn -0.49812 -0.70583 0.50367
vn -0.49812 -0.70583 0.50367
vn -0.40583 -0.70583 0.5806
vn -0.40583 -0.70583 0.58061
vn -0.30187 -0.70583 0.64084
vn -0.30187 -0.70583 0.64084
vn -0.18923 -0.70583 0.68264
vn -0.18923 -0.70583 0.68264
vn -0.07114 -0.70583 0.7048
vn -0.07114 -0.70583 0.7048
vn 0.04899 -0.70583 0.70668
vn 0.04899 -0.70583 0.70668
vn 0.16772 -0.70583 0.68824
vn 0.16772 -0.70583 0.68824
vn 0.28162 -0.70583 0.64999
vn 0.28162 -0.70583 0.64999
vn 0.38742 -0.70583 0.59305
vn 0.38742 -0.70583 0.59305
vn 0.48207 -0.70583 0.51905
vn 0.48207 -0.70583 0.51905
vn 0.56286 -0.70583 0.43011
vn 0.56286 -0.70583 0.43011
vn 0.62745 -0.70583 0.3288
vn 0.62745 -0.70583 0.3288
vn 0.67399 -0.70583 0.21803
vn 0.67399 -0.70583 0.21803
vn 0.70115 -0.70583 0.10099
vn 0.70115 -0.70583 0.10099
vn 0.70813 -0.70583 -0.01896
vn 0.70813 -0.70583 -0.01896
vn 0.70095 -0.70703 -0.09375
vn 0.80548 -0.5705 -0.16041
vn 0.69109 -0.70639 -0.15299
vn 0.66136 -0.70583 -0.25378
vn -0.7133 0.70022 -0.03014
vn -0.64747 0.70022 -0.30081
vn -0.64747 0.70022 -0.30081
vn -0.48307 0.70022 -0.52569
vn -0.48307 0.70022 -0.52569
vn -0.24512 0.70022 -0.67053
vn -0.24512 0.70022 -0.67053
vn 0.03014 0.70022 -0.7133
vn 0.03014 0.70022 -0.7133
vn 0.30081 0.70022 -0.64747
vn 0.30081 0.70022 -0.64747
vn 0.52569 0.70022 -0.48307
vn 0.52569 0.70022 -0.48307
vn 0.67053 0.70022 -0.24512
vn 0.67053 0.70022 -0.24512
vn 0.7133 0.70022 0.03014
vn 0.7133 0.70022 0.03014
vn 0.64747 0.70022 0.30081
vn 0.64747 0.70022 0.30081
vn 0.48307 0.70022 0.52569
vn 0.48307 0.70022 0.52569
vn 0.24512 0.70022 0.67053
vn 0.24512 0.70022 0.67053
vn -0.03014 0.70022 0.7133
vn -0.03014 0.70022 0.7133
vn -0.30081 0.70022 0.64747
vn -0.30081 0.70022 0.64747
vn -0.52569 0.70022 0.48307
vn -0.52569 0.70022 0.48307
vn -0.67053 0.70022 0.24512
vn -0.67053 0.70022 0.24512
vn -0.7133 0.70022 -0.03014
vn 0.70088 0.70224 0.12505
vn 0.6223 0.70224 0.34585
vn 0.6223 0.70224 0.34585
vn 0.47628 0.70224 0.52917
vn 0.27865 0.70224 0.65515
vn 0.27865 0.70224 0.65515
vn 0.13739 0.7068 0.69394
vn 0.04781 0.74267 0.66795
vn 0.02137 0.70438 0.70951
vn -0.18251 0.70224 0.68816
vn -0.1825 0.70224 0.68815
vn -0.39606 0.70224 0.59161
vn -0.39606 0.70224 0.59161
vn -0.5667 0.70224 0.43095
vn -0.5667 0.70224 0.43095
vn -0.67592 0.70224 0.2236
vn -0.67592 0.70224 0.2236
vn -0.7119 0.70224 -0.00799
vn -0.7119 0.70224 -0.00799
vn -0.67073 0.70224 -0.23871
vn -0.67073 0.70224 -0.23871
vn -0.55688 0.70224 -0.44356
vn -0.55688 0.70224 -0.44356
vn -0.38268 0.70224 -0.60035
vn -0.38269 0.70224 -0.60035
vn -0.16702 0.70224 -0.69208
vn -0.16702 0.70224 -0.69208
vn 0.06675 0.70224 -0.70881
vn 0.06675 0.70224 -0.70881
vn 0.29328 0.70224 -0.64873
vn 0.29328 0.70224 -0.64873
vn 0.48803 0.70224 -0.51835
vn 0.48803 0.70224 -0.51835
vn 0.6299 0.70224 -0.3318
vn 0.6299 0.70224 -0.3318
vn 0.68855 0.7059 -0.16617
vn 0.75799 0.64154 -0.11776
vn 0.70651 0.7059 -0.05057
vn 0.70088 0.70224 0.12505
vn 0.9801 0.0 -0.19849
vn 0.96096 0.0 0.27667
vn 0.72451 0.0 0.68927
vn 0.87659 0.0 0.48124
vn 0.55518 0.0 0.83173
vn 0.10822 0.0 0.99413
vn -0.19849 0.0 -0.9801
vn 0.27667 0.0 -0.96096
vn 0.68927 0.0 -0.72451
vn 0.48124 0.0 -0.87659
vn 0.83173 0.0 -0.55518
vn 0.99413 0.0 -0.10822
vn 0.19849 0.0 0.9801
vn -0.27667 0.0 0.96096
vn -0.68927 0.0 0.72451
vn -0.48124 0.0 0.87659
vn -0.83173 0.0 0.55518
vn -0.99413 0.0 0.10822
vn -0.9801 0.0 0.19849
vn -0.96096 0.0 -0.27667
vn -0.72451 0.0 -0.68927
vn -0.87659 0.0 -0.48124
vn -0.55518 0.0 -0.83173
vn -0.10822 0.0 -0.99413
vn 0.0 1.0 0.0
vn 0.0 -1.0 0.0
vn 0.0 -1.0 0.0
vn 0.0 -1.0 0.0
vn 0.0 -1.0 0.0
vn 0.0 -1.0 0.0
vn 0.0 -1.0 0.0
vn 0.0 -1.0 0.0
vn 0.0 -1.0 0.0
vn 0.0 -1.0 0.0
vn 0.0 -1.0 0.0
vn 0.0 -1.0 0.0
vn 0.0 -1.0 0.0
vn 0.0 -1.0 0.0
vn 0.0 -1.0 0.0
vn 0.0 -1.0 0.0
vn 0.0 -1.0 0.0
vn 0.0 -1.0 0.0
vn 0.0 -1.0 0.0
vn 0.0 -1.0 0.0
vn 0.0 -1.0 0.0
vn 0.0 -1.0 0.0
vn 0.0 -1.0 0.0
vn -0.99075 0.0 0.13569
vn -0.92187 0.0 0.38749
vn -0.79017 0.0 0.61289
vn -0.60462 0.0 0.79652
vn -0.37786 0.0 0.92586
vn -0.12536 0.0 0.99211
vn -0.12536 0.0 0.99211
vn 0.13569 0.0 0.99075
vn 0.13569 0.0 0.99075
vn 0.38749 0.0 0.92187
vn 0.61289 0.0 0.79017
vn 0.79652 0.0 0.60462
vn 0.92586 0.0 0.37786
vn 0.99211 0.0 0.12536
vn 0.99075 0.0 -0.13569
vn 0.92187 0.0 -0.38749
vn 0.79017 0.0 -0.61289
vn 0.60462 0.0 -0.79652
vn 0.37786 0.0 -0.92586
vn 0.12536 0.0 -0.99211
vn 0.12536 0.0 -0.99211
vn -0.13569 0.0 -0.99075
vn -0.13569 0.0 -0.99075
vn -0.38749 0.0 -0.92187
vn -0.61289 0.0 -0.79017
vn -0.79652 0.0 -0.60462
vn -0.92586 0.0 -0.37786
vn -0.99211 0.0 -0.12536
vn 0.0 -1.0 0.0
vn -0.99396 0.0 0.10971
vn -0.94943 0.0 0.31397
vn -0.86341 0.0 0.50451
vn -0.73965 0.0 0.673
vn -0.58356 0.0 0.81207
vn -0.40197 0.0 0.91565
vn -0.20281 0.0 0.97922
vn 0.00521 0.0 0.99999
vn 0.21301 0.0 0.97705
vn 0.41149 0.0 0.91141
vn 0.59199 0.0 0.80594
vn 0.74662 0.0 0.66525
vn 0.86862 0.0 0.49548
vn 0.95265 0.0 0.30406
vn 0.99505 0.0 0.09934
vn 0.99396 0.0 -0.10971
vn 0.94943 0.0 -0.31397
vn 0.86341 0.0 -0.50451
vn 0.73965 0.0 -0.673
vn 0.58356 0.0 -0.81207
vn 0.40197 0.0 -0.91565
vn 0.20281 0.0 -0.97922
vn -0.00521 0.0 -0.99999
vn -0.21301 0.0 -0.97705
vn -0.41149 0.0 -0.91141
vn -0.59199 0.0 -0.80594
vn -0.74662 0.0 -0.66525
vn -0.86862 0.0 -0.49548
vn -0.95265 0.0 -0.30406
vn -0.99505 0.0 -0.09934
vn 0.64434 0.66244 0.38209
vn 0.6857 0.66244 0.30163
vn 0.6857 0.66244 0.30163
vn 0.71706 0.66244 0.21678
vn 0.71706 0.66244 0.21678
vn 0.73796 0.66244 0.12877
vn 0.73796 0.66244 0.12877
vn 0.7481 0.66244 0.03888
vn 0.7481 0.66244 0.03888
vn 0.74733 0.66244 -0.05158
vn 0.74733 0.66244 -0.05158
vn 0.73567 0.66244 -0.14128
vn 0.71327 0.66244 -0.22893
vn 0.71327 0.66244 -0.22893
vn 0.68048 0.66244 -0.31323
vn 0.68048 0.66244 -0.31323
vn 0.63776 0.66244 -0.39297
vn 0.63776 0.66244 -0.39297
vn 0.58574 0.66244 -0.46698
vn 0.58574 0.66244 -0.46698
vn 0.52518 0.66244 -0.53418
vn 0.52518 0.66244 -0.53418
vn 0.45697 0.66244 -0.59359
vn 0.45697 0.66244 -0.59359
vn 0.38209 0.66244 -0.64434
vn 0.38209 0.66244 -0.64434
vn 0.30163 0.66244 -0.6857
vn 0.30163 0.66244 -0.6857
vn 0.21678 0.66244 -0.71706
vn 0.21678 0.66244 -0.71706
vn 0.12877 0.66244 -0.73796
vn 0.12877 0.66244 -0.73796
vn 0.03888 0.66244 -0.7481
vn 0.03888 0.66244 -0.7481
vn -0.05158 0.66244 -0.74733
vn -0.05158 0.66244 -0.74733
vn -0.14128 0.66244 -0.73567
vn -0.22893 0.66244 -0.71327
vn -0.22893 0.66244 -0.71327
vn -0.31323 0.66244 -0.68048
vn -0.31323 0.66244 -0.68048
vn -0.39297 0.66244 -0.63776
vn -0.39297 0.66244 -0.63776
vn -0.46698 0.66244 -0.58574
vn -0.46698 0.66244 -0.58574
vn -0.53418 0.66244 -0.52518
vn -0.53418 0.66244 -0.52518
vn -0.59359 0.66244 -0.45697
vn -0.59359 0.66244 -0.45697
vn -0.64434 0.66244 -0.38209
vn -0.64434 0.66244 -0.38209
vn -0.6857 0.66244 -0.30163
vn -0.6857 0.66244 -0.30163
vn -0.71706 0.66244 -0.21678
vn -0.71706 0.66244 -0.21678
vn -0.73796 0.66244 -0.12877
vn -0.73796 0.66244 -0.12877
vn -0.7481 0.66244 -0.03888
vn -0.7481 0.66244 -0.03888
vn -0.74733 0.66244 0.05158
vn -0.74733 0.66244 0.05158
vn -0.73567 0.66244 0.14128
vn -0.71327 0.66244 0.22893
vn -0.71327 0.66244 0.22893
vn -0.68048 0.66244 0.31323
vn -0.68048 0.66244 0.31323
vn -0.63776 0.66244 0.39297
vn -0.63776 0.66244 0.39297
vn -0.58574 0.66244 0.46698
vn -0.58574 0.66244 0.46698
vn -0.52518 0.66244 0.53418
vn -0.52518 0.66244 0.53418
vn -0.45697 0.66244 0.59359
vn -0.45697 0.66244 0.59359
vn -0.38209 0.66244 0.64434
vn -0.38209 0.66244 0.64434
vn -0.30163 0.66244 0.6857
vn -0.30163 0.66244 0.6857
vn -0.21678 0.66244 0.71706
vn -0.21678 0.66244 0.71706
vn -0.12877 0.66244 0.73796
vn -0.12877 0.66244 0.73796
vn -0.03888 0.66244 0.7481
vn -0.03888 0.66244 0.7481
vn 0.05158 0.66244 0.74733
vn 0.05158 0.66244 0.74733
vn 0.14128 0.66244 0.73567
vn 0.22893 0.66244 0.71327
vn 0.22893 0.66244 0.71327
vn 0.31323 0.66244 0.68048
vn 0.31323 0.66244 0.68048
vn 0.39297 0.66244 0.63776
vn 0.39297 0.66244 0.63776
vn 0.46698 0.66244 0.58574
vn 0.46698 0.66244 0.58574
vn 0.53418 0.66244 0.52518
vn 0.53418 0.66244 0.52518
vn 0.59359 0.66244 0.45697
vn 0.59359 0.66244 0.45697
vn 0.64434 0.66244 0.38209
vn 0.7083 0.56736 0.42001
vn 0.75376 0.56736 0.33157
vn 0.75376 0.56736 0.33157
vn 0.78823 0.56736 0.2383
vn 0.78823 0.56736 0.2383
vn 0.81121 0.56736 0.14155
vn 0.81121 0.56736 0.14155
vn 0.82236 0.56736 0.04274
vn 0.82236 0.56736 0.04274
vn 0.82151 0.56736 -0.0567
vn 0.82151 0.56736 -0.0567
vn 0.80869 0.56736 -0.15531
vn 0.78407 0.56736 -0.25165
vn 0.78407 0.56736 -0.25165
vn 0.74802 0.56736 -0.34433
vn 0.74802 0.56736 -0.34433
vn 0.70107 0.56736 -0.43198
vn 0.70107 0.56736 -0.43198
vn 0.64388 0.56736 -0.51333
vn 0.64388 0.56736 -0.51333
vn 0.57731 0.56736 -0.5872
vn 0.57731 0.56736 -0.5872
vn 0.50233 0.56736 -0.65251
vn 0.50233 0.56736 -0.65251
vn 0.42001 0.56736 -0.7083
vn 0.42001 0.56736 -0.7083
vn 0.33157 0.56736 -0.75376
vn 0.33157 0.56736 -0.75376
vn 0.2383 0.56736 -0.78823
vn 0.2383 0.56736 -0.78823
vn 0.14155 0.56736 -0.81121
vn 0.14155 0.56736 -0.81121
vn 0.04274 0.56736 -0.82236
vn 0.04274 0.56736 -0.82236
vn -0.0567 0.56736 -0.82151
vn -0.0567 0.56736 -0.82151
vn -0.15531 0.56736 -0.80869
vn -0.25165 0.56736 -0.78407
vn -0.25165 0.56736 -0.78407
vn -0.34433 0.56736 -0.74802
vn -0.34433 0.56736 -0.74802
vn -0.43198 0.56736 -0.70107
vn -0.43198 0.56736 -0.70107
vn -0.51333 0.56736 -0.64388
vn -0.51333 0.56736 -0.64388
vn -0.5872 0.56736 -0.57731
vn -0.5872 0.56736 -0.57731
vn -0.65251 0.56736 -0.50233
vn -0.65251 0.56736 -0.50233
vn -0.7083 0.56736 -0.42001
vn -0.7083 0.56736 -0.42001
vn -0.75376 0.56736 -0.33157
vn -0.75376 0.56736 -0.33157
vn -0.78823 0.56736 -0.2383
vn -0.78823 0.56736 -0.2383
vn -0.81121 0.56736 -0.14155
vn -0.81121 0.56736 -0.14155
vn -0.82236 0.56736 -0.04274
vn -0.82236 0.56736 -0.04274
vn -0.82151 0.56736 0.0567
vn -0.82151 0.56736 0.0567
vn -0.80869 0.56736 0.15531
vn -0.78407 0.56736 0.25165
vn -0.78407 0.56736 0.25165
vn -0.74802 0.56736 0.34433
vn -0.74802 0.56736 0.34433
vn -0.70107 0.56736 0.43198
vn -0.70107 0.56736 0.43198
vn -0.64388 0.56736 0.51333
vn -0.64388 0.56736 0.51333
vn -0.57731 0.56736 0.5872
vn -0.57731 0.56736 0.5872
vn -0.50233 0.56736 0.65251
vn -0.50233 0.56736 0.65251
vn -0.42001 0.56736 0.7083
vn -0.42001 0.56736 0.7083
vn -0.33157 0.56736 0.75376
vn -0.33157 0.56736 0.75376
vn -0.2383 0.56736 0.78823
vn -0.2383 0.56736 0.78823
vn -0.14155 0.56736 0.81121
vn -0.14155 0.56736 0.81121
vn -0.04274 0.56736 0.82236
vn -0.04274 0.56736 0.82236
vn 0.0567 0.56736 0.82151
vn 0.0567 0.56736 0.82151
vn 0.15531 0.56736 0.80869
vn 0.25165 0.56736 0.78407
vn 0.25165 0.56736 0.78407
vn 0.34433 0.56736 0.74802
vn 0.34433 0.56736 0.74802
vn 0.43198 0.56736 0.70107
vn 0.43198 0.56736 0.70107
vn 0.51333 0.56736 0.64388
vn 0.51333 0.56736 0.64388
vn 0.5872 0.56736 0.57731
vn 0.5872 0.56736 0.57731
vn 0.65251 0.56736 0.50233
vn 0.65251 0.56736 0.50233
vn 0.7083 0.56736 0.42001
vn 0.76192 0.46406 0.45181
vn 0.81082 0.46406 0.35667
vn 0.81082 0.46406 0.35667
vn 0.8479 0.46406 0.25634
vn 0.8479 0.46406 0.25634
vn 0.87262 0.46406 0.15227
vn 0.87262 0.46406 0.15227
vn 0.88461 0.46406 0.04597
vn 0.88461 0.46406 0.04597
vn 0.8837 0.46406 -0.06099
vn 0.8837 0.46406 -0.06099
vn 0.86991 0.46406 -0.16706
vn 0.84343 0.46406 -0.2707
vn 0.84343 0.46406 -0.2707
vn 0.80465 0.46406 -0.37039
vn 0.80465 0.46406 -0.37039
vn 0.75414 0.46406 -0.46468
vn 0.75414 0.46406 -0.46468
vn 0.69263 0.46406 -0.55219
vn 0.69263 0.46406 -0.55219
vn 0.62102 0.46406 -0.63165
vn 0.62102 0.46406 -0.63165
vn 0.54035 0.46406 -0.7019
vn 0.54035 0.46406 -0.7019
vn 0.45181 0.46406 -0.76192
vn 0.45181 0.46406 -0.76192
vn 0.35667 0.46406 -0.81082
vn 0.35667 0.46406 -0.81082
vn 0.25634 0.46406 -0.8479
vn 0.25634 0.46406 -0.8479
vn 0.15227 0.46406 -0.87262
vn 0.15227 0.46406 -0.87262
vn 0.04597 0.46406 -0.88461
vn 0.04597 0.46406 -0.88461
vn -0.06099 0.46406 -0.8837
vn -0.06099 0.46406 -0.8837
vn -0.16706 0.46406 -0.86991
vn -0.2707 0.46406 -0.84343
vn -0.2707 0.46406 -0.84343
vn -0.37039 0.46406 -0.80465
vn -0.37039 0.46406 -0.80465
vn -0.46468 0.46406 -0.75414
vn -0.46468 0.46406 -0.75414
vn -0.55219 0.46406 -0.69263
vn -0.55219 0.46406 -0.69263
vn -0.63165 0.46406 -0.62102
vn -0.63165 0.46406 -0.62102
vn -0.7019 0.46406 -0.54035
vn -0.7019 0.46406 -0.54035
vn -0.76192 0.46406 -0.45181
vn -0.76192 0.46406 -0.45181
vn -0.81082 0.46406 -0.35667
vn -0.81082 0.46406 -0.35667
vn -0.8479 0.46406 -0.25634
vn -0.8479 0.46406 -0.25634
vn -0.87262 0.46406 -0.15227
vn -0.87262 0.46406 -0.15227
vn -0.88461 0.46406 -0.04597
vn -0.88461 0.46406 -0.04597
vn -0.8837 0.46406 0.06099
vn -0.8837 0.46406 0.06099
vn -0.86991 0.46406 0.16706
vn -0.84343 0.46406 0.2707
vn -0.84343 0.46406 0.2707
vn -0.80465 0.46406 0.37039
vn -0.80465 0.46406 0.37039
vn -0.75414 0.46406 0.46468
vn -0.75414 0.46406 0.46468
vn -0.69263 0.46406 0.55219
vn -0.69263 0.46406 0.55219
vn -0.62102 0.46406 0.63165
vn -0.62102 0.46406 0.63165
vn -0.54035 0.46406 0.7019
vn -0.54035 0.46406 0.7019
vn -0.45181 0.46406 0.76192
vn -0.45181 0.46406 0.76192
vn -0.35667 0.46406 0.81082
vn -0.35667 0.46406 0.81082
vn -0.25634 0.46406 0.8479
vn -0.25634 0.46406 0.8479
vn -0.15227 0.46406 0.87262
vn -0.15227 0.46406 0.87262
vn -0.04597 0.46406 0.88461
vn -0.04597 0.46406 0.88461
vn 0.06099 0.46406 0.8837
vn 0.06099 0.46406 0.8837
vn 0.16706 0.46406 0.86991
vn 0.2707 0.46406 0.84343
vn 0.2707 0.46406 0.84343
vn 0.37039 0.46406 0.80465
vn 0.37039 0.46406 0.80465
vn 0.46468 0.46406 0.75414
vn 0.46468 0.46406 0.75414
vn 0.55219 0.46406 0.69263
vn 0.55219 0.46406 0.69263
vn 0.63165 0.46406 0.62102
vn 0.63165 0.46406 0.62102
vn 0.7019 0.46406 0.54035
vn 0.7019 0.46406 0.54035
vn 0.76192 0.46406 0.45181
vn 0.80443 0.35404 0.47702
vn 0.85607 0.35404 0.37657
vn 0.85607 0.35404 0.37658
vn 0.89521 0.35404 0.27064
vn 0.89521 0.35404 0.27064
vn 0.92131 0.35404 0.16076
vn 0.92131 0.35404 0.16076
vn 0.93397 0.35404 0.04854
vn 0.93397 0.35404 0.04854
vn 0.93301 0.35404 -0.06439
vn 0.93301 0.35404 -0.06439
vn 0.91845 0.35404 -0.17639
vn 0.89049 0.35404 -0.28581
vn 0.89049 0.35404 -0.28581
vn 0.84955 0.35404 -0.39106
vn 0.84955 0.35404 -0.39106
vn 0.79622 0.35404 -0.49061
vn 0.79622 0.35404 -0.49061
vn 0.73127 0.35404 -0.58301
vn 0.73127 0.35404 -0.583
vn 0.65567 0.35404 -0.6669
vn 0.65567 0.35404 -0.6669
vn 0.5705 0.35404 -0.74107
vn 0.5705 0.35404 -0.74107
vn 0.47702 0.35404 -0.80443
vn 0.47702 0.35404 -0.80443
vn 0.37657 0.35404 -0.85607
vn 0.37658 0.35404 -0.85607
vn 0.27064 0.35404 -0.89521
vn 0.27064 0.35404 -0.89521
vn 0.16076 0.35404 -0.92131
vn 0.16076 0.35404 -0.92131
vn 0.04854 0.35404 -0.93397
vn 0.04854 0.35404 -0.93397
vn -0.06439 0.35404 -0.93301
vn -0.06439 0.35404 -0.93301
vn -0.17639 0.35404 -0.91845
vn -0.28581 0.35404 -0.89049
vn -0.28581 0.35404 -0.89049
vn -0.39106 0.35404 -0.84955
vn -0.39106 0.35404 -0.84955
vn -0.49061 0.35404 -0.79622
vn -0.49061 0.35404 -0.79622
vn -0.58301 0.35404 -0.73127
vn -0.583 0.35404 -0.73127
vn -0.6669 0.35404 -0.65567
vn -0.6669 0.35404 -0.65567
vn -0.74107 0.35404 -0.5705
vn -0.74107 0.35404 -0.5705
vn -0.80443 0.35404 -0.47702
vn -0.80443 0.35404 -0.47702
vn -0.85607 0.35404 -0.37657
vn -0.85607 0.35404 -0.37658
vn -0.89521 0.35404 -0.27064
vn -0.89521 0.35404 -0.27064
vn -0.92131 0.35404 -0.16076
vn -0.92131 0.35404 -0.16076
vn -0.93397 0.35404 -0.04854
vn -0.93397 0.35404 -0.04854
vn -0.93301 0.35404 0.06439
vn -0.93301 0.35404 0.06439
vn -0.91845 0.35404 0.17639
vn -0.89049 0.35404 0.28581
vn -0.89049 0.35404 0.28581
vn -0.84955 0.35404 0.39106
vn -0.84955 0.35404 0.39106
vn -0.79622 0.35404 0.49061
vn -0.79622 0.35404 0.49061
vn -0.73127 0.35404 0.58301
vn -0.73127 0.35404 0.583
vn -0.65567 0.35404 0.6669
vn -0.65567 0.35404 0.6669
vn -0.5705 0.35404 0.74107
vn -0.5705 0.35404 0.74107
vn -0.47702 0.35404 0.80443
vn -0.47702 0.35404 0.80443
vn -0.37657 0.35404 0.85607
vn -0.37658 0.35404 0.85607
vn -0.27064 0.35404 0.89521
vn -0.27064 0.35404 0.89521
vn -0.16076 0.35404 0.92131
vn -0.16076 0.35404 0.92131
vn -0.04854 0.35404 0.93397
vn -0.04854 0.35404 0.93397
vn 0.06439 0.35404 0.93301
vn 0.06439 0.35404 0.93301
vn 0.17639 0.35404 0.91845
vn 0.28581 0.35404 0.89049
vn 0.28581 0.35404 0.89049
vn 0.39106 0.35404 0.84955
vn 0.39106 0.35404 0.84955
vn 0.49061 0.35404 0.79622
vn 0.49061 0.35404 0.79622
vn 0.58301 0.35404 0.73127
vn 0.583 0.35404 0.73127
vn 0.6669 0.35404 0.65567
vn 0.6669 0.35404 0.65567
vn 0.74107 0.35404 0.5705
vn 0.74107 0.35404 0.5705
vn 0.80443 0.35404 0.47702
vn 0.83524 0.2389 0.49528
vn 0.88885 0.2389 0.391
vn 0.88885 0.2389 0.39099
vn 0.92949 0.2389 0.28101
vn 0.92949 0.2389 0.28101
vn 0.95659 0.2389 0.16692
vn 0.95659 0.2389 0.16692
vn 0.96973 0.2389 0.0504
vn 0.96973 0.2389 0.0504
vn 0.96874 0.2389 -0.06686
vn 0.96874 0.2389 -0.06686
vn 0.95362 0.2389 -0.18314
vn 0.92459 0.2389 -0.29675
vn 0.92459 0.2389 -0.29675
vn 0.88208 0.2389 -0.40603
vn 0.88208 0.2389 -0.40603
vn 0.8267 0.2389 -0.5094
vn 0.8267 0.2389 -0.5094
vn 0.75928 0.2389 -0.60533
vn 0.75928 0.2389 -0.60533
vn 0.68078 0.2389 -0.69244
vn 0.68078 0.2389 -0.69244
vn 0.59235 0.2389 -0.76945
vn 0.59235 0.2389 -0.76945
vn 0.49528 0.2389 -0.83524
vn 0.49528 0.2389 -0.83524
vn 0.391 0.2389 -0.88885
vn 0.39099 0.2389 -0.88885
vn 0.28101 0.2389 -0.92949
vn 0.28101 0.2389 -0.92949
vn 0.16692 0.2389 -0.95659
vn 0.16692 0.2389 -0.95659
vn 0.0504 0.2389 -0.96973
vn 0.0504 0.2389 -0.96973
vn -0.06686 0.2389 -0.96874
vn -0.06686 0.2389 -0.96874
vn -0.18314 0.2389 -0.95362
vn -0.29675 0.2389 -0.92459
vn -0.29675 0.2389 -0.92459
vn -0.40603 0.2389 -0.88208
vn -0.40603 0.2389 -0.88208
vn -0.5094 0.2389 -0.8267
vn -0.5094 0.2389 -0.8267
vn -0.60533 0.2389 -0.75928
vn -0.60533 0.2389 -0.75928
vn -0.69244 0.2389 -0.68078
vn -0.69244 0.2389 -0.68078
vn -0.76945 0.2389 -0.59235
vn -0.76945 0.2389 -0.59235
vn -0.83524 0.2389 -0.49528
vn -0.83524 0.2389 -0.49528
vn -0.88885 0.2389 -0.391
vn -0.88885 0.2389 -0.39099
vn -0.92949 0.2389 -0.28101
vn -0.92949 0.2389 -0.28101
vn -0.95659 0.2389 -0.16692
vn -0.95659 0.2389 -0.16692
vn -0.96973 0.2389 -0.0504
vn -0.96973 0.2389 -0.0504
vn -0.96874 0.2389 0.06686
vn -0.96874 0.2389 0.06686
vn -0.95362 0.2389 0.18314
vn -0.92459 0.2389 0.29675
vn -0.92459 0.2389 0.29675
vn -0.88208 0.2389 0.40603
vn -0.88208 0.2389 0.40603
vn -0.8267 0.2389 0.5094
vn -0.8267 0.2389 0.5094
vn -0.75928 0.2389 0.60533
vn -0.75928 0.2389 0.60533
vn -0.68078 0.2389 0.69244
vn -0.68078 0.2389 0.69244
vn -0.59235 0.2389 0.76945
vn -0.59235 0.2389 0.76945
vn -0.49528 0.2389 0.83524
vn -0.49528 0.2389 0.83524
vn -0.391 0.2389 0.88885
vn -0.39099 0.2389 0.88885
vn -0.28101 0.2389 0.92949
vn -0.28101 0.2389 0.92949
vn -0.16692 0.2389 0.95659
vn -0.16692 0.2389 0.95659
vn -0.0504 0.2389 0.96973
vn -0.0504 0.2389 0.96973
vn 0.06686 0.2389 0.96874
vn 0.06686 0.2389 0.96874
vn 0.18314 0.2389 0.95362
vn 0.29675 0.2389 0.92459
vn 0.29675 0.2389 0.92459
vn 0.40603 0.2389 0.88208
vn 0.40603 0.2389 0.88208
vn 0.5094 0.2389 0.8267
vn 0.5094 0.2389 0.8267
vn 0.60533 0.2389 0.75928
vn 0.60533 0.2389 0.75928
vn 0.69244 0.2389 0.68078
vn 0.69244 0.2389 0.68078
vn 0.76945 0.2389 0.59235
vn 0.76945 0.2389 0.59235
vn 0.83524 0.2389 0.49528
vn 0.85389 0.12032 0.50635
vn 0.9087 0.12032 0.39973
vn 0.9087 0.12032 0.39973
vn 0.95026 0.12032 0.28728
vn 0.95026 0.12032 0.28728
vn 0.97796 0.12032 0.17065
vn 0.97796 0.12032 0.17065
vn 0.9914 0.12032 0.05152
vn 0.9914 0.12032 0.05152
vn 0.99038 0.12032 -0.06835
vn 0.99038 0.12032 -0.06835
vn 0.97492 0.12032 -0.18723
vn 0.94524 0.12032 -0.30338
vn 0.94524 0.12032 -0.30338
vn 0.90178 0.12032 -0.4151
vn 0.90178 0.12032 -0.4151
vn 0.84517 0.12032 -0.52077
vn 0.84517 0.12032 -0.52078
vn 0.77624 0.12032 -0.61885
vn 0.77624 0.12032 -0.61885
vn 0.69598 0.12032 -0.70791
vn 0.69598 0.12032 -0.70791
vn 0.60558 0.12032 -0.78664
vn 0.60558 0.12032 -0.78664
vn 0.50635 0.12032 -0.85389
vn 0.50635 0.12032 -0.85389
vn 0.39973 0.12032 -0.9087
vn 0.39973 0.12032 -0.9087
vn 0.28728 0.12032 -0.95026
vn 0.28728 0.12032 -0.95026
vn 0.17065 0.12032 -0.97796
vn 0.17065 0.12032 -0.97796
vn 0.05152 0.12032 -0.9914
vn 0.05152 0.12032 -0.9914
vn -0.06835 0.12032 -0.99038
vn -0.06835 0.12032 -0.99038
vn -0.18723 0.12032 -0.97492
vn -0.30338 0.12032 -0.94524
vn -0.30338 0.12032 -0.94524
vn -0.4151 0.12032 -0.90178
vn -0.4151 0.12032 -0.90178
vn -0.52077 0.12032 -0.84517
vn -0.52078 0.12032 -0.84517
vn -0.61885 0.12032 -0.77624
vn -0.61885 0.12032 -0.77624
vn -0.70791 0.12032 -0.69598
vn -0.70791 0.12032 -0.69598
vn -0.78664 0.12032 -0.60558
vn -0.78664 0.12032 -0.60558
vn -0.85389 0.12032 -0.50635
vn -0.85389 0.12032 -0.50635
vn -0.9087 0.12032 -0.39973
vn -0.9087 0.12032 -0.39973
vn -0.95026 0.12032 -0.28728
vn -0.95026 0.12032 -0.28728
vn -0.97796 0.12032 -0.17065
vn -0.97796 0.12032 -0.17065
vn -0.9914 0.12032 -0.05152
vn -0.9914 0.12032 -0.05152
vn -0.99038 0.12032 0.06835
vn -0.99038 0.12032 0.06835
vn -0.97492 0.12032 0.18723
vn -0.94524 0.12032 0.30338
vn -0.94524 0.12032 0.30338
vn -0.90178 0.12032 0.4151
vn -0.90178 0.12032 0.4151
vn -0.84517 0.12032 0.52077
vn -0.84517 0.12032 0.52078
vn -0.77624 0.12032 0.61885
vn -0.77624 0.12032 0.61885
vn -0.69598 0.12032 0.70791
vn -0.69598 0.12032 0.70791
vn -0.60558 0.12032 0.78664
vn -0.60558 0.12032 0.78664
vn -0.50635 0.12032 0.85389
vn -0.50635 0.12032 0.85389
vn -0.39973 0.12032 0.9087
vn -0.39973 0.12032 0.9087
vn -0.28728 0.12032 0.95026
vn -0.28728 0.12032 0.95026
vn -0.17065 0.12032 0.97796
vn -0.17065 0.12032 0.97796
vn -0.05152 0.12032 0.9914
vn -0.05152 0.12032 0.9914
vn 0.06835 0.12032 0.99038
vn 0.06835 0.12032 0.99038
vn 0.18723 0.12032 0.97492
vn 0.30338 0.12032 0.94524
vn 0.30338 0.12032 0.94524
vn 0.4151 0.12032 0.90178
vn 0.4151 0.12032 0.90178
vn 0.52077 0.12032 0.84517
vn 0.52078 0.12032 0.84517
vn 0.61885 0.12032 0.77624
vn 0.61885 0.12032 0.77624
vn 0.70791 0.12032 0.69598
vn 0.70791 0.12032 0.69598
vn 0.78664 0.12032 0.60558
vn 0.78664 0.12032 0.60558
vn 0.85389 0.12032 0.50635
vn 0.86014 0.0 0.51005
vn 0.91535 0.0 0.40265
vn 0.95721 0.0 0.28939
vn 0.98512 0.0 0.1719
vn 0.99865 0.0 0.0519
vn 0.99763 0.0 -0.06885
vn 0.98205 0.0 -0.1886
vn 0.95216 0.0 -0.3056
vn 0.90838 0.0 -0.41814
vn 0.85136 0.0 -0.52459
vn 0.78192 0.0 -0.62338
vn 0.70108 0.0 -0.71309
vn 0.61001 0.0 -0.79239
vn 0.51005 0.0 -0.86014
vn 0.40265 0.0 -0.91535
vn 0.28939 0.0 -0.95721
vn 0.1719 0.0 -0.98512
vn 0.0519 0.0 -0.99865
vn -0.06885 0.0 -0.99763
vn -0.1886 0.0 -0.98205
vn -0.3056 0.0 -0.95216
vn -0.41814 0.0 -0.90838
vn -0.52459 0.0 -0.85136
vn -0.62338 0.0 -0.78192
vn -0.71309 0.0 -0.70108
vn -0.79239 0.0 -0.61001
vn -0.86014 0.0 -0.51005
vn -0.91535 0.0 -0.40265
vn -0.95721 0.0 -0.28939
vn -0.98512 0.0 -0.1719
vn -0.99865 0.0 -0.0519
vn -0.99763 0.0 0.06885
vn -0.98205 0.0 0.1886
vn -0.95216 0.0 0.3056
vn -0.90838 0.0 0.41814
vn -0.85136 0.0 0.52459
vn -0.78192 0.0 0.62338
vn -0.70108 0.0 0.71309
vn -0.61001 0.0 0.79239
vn -0.51005 0.0 0.86014
vn -0.40265 0.0 0.91535
vn -0.28939 0.0 0.95721
vn -0.1719 0.0 0.98512
vn -0.0519 0.0 0.99865
vn 0.06885 0.0 0.99763
vn 0.1886 0.0 0.98205
vn 0.3056 0.0 0.95216
vn 0.41814 0.0 0.90838
vn 0.52459 0.0 0.85136
vn 0.62338 0.0 0.78192
vn 0.71309 0.0 0.70108
vn 0.79239 0.0 0.61001
vn 0.85389 -0.12032 0.50635
vn 0.9087 -0.12032 0.39973
vn 0.9087 -0.12032 0.39973
vn 0.95026 -0.12032 0.28728
vn 0.95026 -0.12032 0.28728
vn 0.97796 -0.12032 0.17065
vn 0.97796 -0.12032 0.17065
vn 0.9914 -0.12032 0.05152
vn 0.9914 -0.12032 0.05152
vn 0.99038 -0.12032 -0.06835
vn 0.99038 -0.12032 -0.06835
vn 0.97492 -0.12032 -0.18723
vn 0.94524 -0.12032 -0.30338
vn 0.94524 -0.12032 -0.30338
vn 0.90178 -0.12032 -0.4151
vn 0.90178 -0.12032 -0.4151
vn 0.84517 -0.12032 -0.52078
vn 0.84517 -0.12032 -0.52077
vn 0.77624 -0.12032 -0.61885
vn 0.77624 -0.12032 -0.61885
vn 0.69598 -0.12032 -0.70791
vn 0.69598 -0.12032 -0.70791
vn 0.60558 -0.12032 -0.78664
vn 0.60558 -0.12032 -0.78664
vn 0.50635 -0.12032 -0.85389
vn 0.50635 -0.12032 -0.85389
vn 0.39973 -0.12032 -0.9087
vn 0.39973 -0.12032 -0.9087
vn 0.28728 -0.12032 -0.95026
vn 0.28728 -0.12032 -0.95026
vn 0.17065 -0.12032 -0.97796
vn 0.17065 -0.12032 -0.97796
vn 0.05152 -0.12032 -0.9914
vn 0.05152 -0.12032 -0.9914
vn -0.06835 -0.12032 -0.99038
vn -0.06835 -0.12032 -0.99038
vn -0.18723 -0.12032 -0.97492
vn -0.30338 -0.12032 -0.94524
vn -0.30338 -0.12032 -0.94524
vn -0.4151 -0.12032 -0.90178
vn -0.4151 -0.12032 -0.90178
vn -0.52078 -0.12032 -0.84517
vn -0.52077 -0.12032 -0.84517
vn -0.61885 -0.12032 -0.77624
vn -0.61885 -0.12032 -0.77624
vn -0.70791 -0.12032 -0.69598
vn -0.70791 -0.12032 -0.69598
vn -0.78664 -0.12032 -0.60558
vn -0.78664 -0.12032 -0.60558
vn -0.85389 -0.12032 -0.50635
vn -0.85389 -0.12032 -0.50635
vn -0.9087 -0.12032 -0.39973
vn -0.9087 -0.12032 -0.39973
vn -0.95026 -0.12032 -0.28728
vn -0.95026 -0.12032 -0.28728
vn -0.97796 -0.12032 -0.17065
vn -0.97796 -0.12032 -0.17065
vn -0.9914 -0.12032 -0.05152
vn -0.9914 -0.12032 -0.05152
vn -0.99038 -0.12032 0.06835
vn -0.99038 -0.12032 0.06835
vn -0.97492 -0.12032 0.18723
vn -0.94524 -0.12032 0.30338
vn -0.94524 -0.12032 0.30338
vn -0.90178 -0.12032 0.4151
vn -0.90178 -0.12032 0.4151
vn -0.84517 -0.12032 0.52078
vn -0.84517 -0.12032 0.52077
vn -0.77624 -0.12032 0.61885
vn -0.77624 -0.12032 0.61885
vn -0.69598 -0.12032 0.70791
vn -0.69598 -0.12032 0.70791
vn -0.60558 -0.12032 0.78664
vn -0.60558 -0.12032 0.78664
vn -0.50635 -0.12032 0.85389
vn -0.50635 -0.12032 0.85389
vn -0.39973 -0.12032 0.9087
vn -0.39973 -0.12032 0.9087
vn -0.28728 -0.12032 0.95026
vn -0.28728 -0.12032 0.95026
vn -0.17065 -0.12032 0.97796
vn -0.17065 -0.12032 0.97796
vn -0.05152 -0.12032 0.9914
vn -0.05152 -0.12032 0.9914
vn 0.06835 -0.12032 0.99038
vn 0.06835 -0.12032 0.99038
vn 0.18723 -0.12032 0.97492
vn 0.30338 -0.12032 0.94524
vn 0.30338 -0.12032 0.94524
vn 0.4151 -0.12032 0.90178
vn 0.4151 -0.12032 0.90178
vn 0.52078 -0.12032 0.84517
vn 0.52077 -0.12032 0.84517
vn 0.61885 -0.12032 0.77624
vn 0.61885 -0.12032 0.77624
vn 0.70791 -0.12032 0.69598
vn 0.70791 -0.12032 0.69598
vn 0.78664 -0.12032 0.60558
vn 0.78664 -0.12032 0.60558
vn 0.85389 -0.12032 0.50635
vn 0.83524 -0.2389 0.49528
vn 0.88885 -0.2389 0.39099
vn 0.88885 -0.2389 0.391
vn 0.92949 -0.2389 0.28101
vn 0.9295 -0.2389 0.28101
vn 0.95659 -0.2389 0.16692
vn 0.95659 -0.2389 0.16692
vn 0.96973 -0.2389 0.0504
vn 0.96973 -0.2389 0.0504
vn 0.96874 -0.2389 -0.06686
vn 0.96874 -0.2389 -0.06686
vn 0.95362 -0.2389 -0.18314
vn 0.92459 -0.2389 -0.29675
vn 0.92459 -0.2389 -0.29675
vn 0.88208 -0.2389 -0.40603
vn 0.88208 -0.2389 -0.40603
vn 0.8267 -0.2389 -0.5094
vn 0.8267 -0.2389 -0.5094
vn 0.75928 -0.2389 -0.60533
vn 0.75928 -0.2389 -0.60533
vn 0.68078 -0.2389 -0.69244
vn 0.68078 -0.2389 -0.69244
vn 0.59235 -0.2389 -0.76945
vn 0.59235 -0.2389 -0.76945
vn 0.49528 -0.2389 -0.83524
vn 0.49528 -0.2389 -0.83524
vn 0.39099 -0.2389 -0.88885
vn 0.391 -0.2389 -0.88885
vn 0.28101 -0.2389 -0.92949
vn 0.28101 -0.2389 -0.9295
vn 0.16692 -0.2389 -0.95659
vn 0.16692 -0.2389 -0.95659
vn 0.0504 -0.2389 -0.96973
vn 0.0504 -0.2389 -0.96973
vn -0.06686 -0.2389 -0.96874
vn -0.06686 -0.2389 -0.96874
vn -0.18314 -0.2389 -0.95362
vn -0.29675 -0.2389 -0.92459
vn -0.29675 -0.2389 -0.92459
vn -0.40603 -0.2389 -0.88208
vn -0.40603 -0.2389 -0.88208
vn -0.5094 -0.2389 -0.8267
vn -0.5094 -0.2389 -0.8267
vn -0.60533 -0.2389 -0.75928
vn -0.60533 -0.2389 -0.75928
vn -0.69244 -0.2389 -0.68078
vn -0.69244 -0.2389 -0.68078
vn -0.76945 -0.2389 -0.59235
vn -0.76945 -0.2389 -0.59235
vn -0.83524 -0.2389 -0.49528
vn -0.83524 -0.2389 -0.49528
vn -0.88885 -0.2389 -0.39099
vn -0.88885 -0.2389 -0.391
vn -0.92949 -0.2389 -0.28101
vn -0.9295 -0.2389 -0.28101
vn -0.95659 -0.2389 -0.16692
vn -0.95659 -0.2389 -0.16692
vn -0.96973 -0.2389 -0.0504
vn -0.96973 -0.2389 -0.0504
vn -0.96874 -0.2389 0.06686
vn -0.96874 -0.2389 0.06686
vn -0.95362 -0.2389 0.18314
vn -0.92459 -0.2389 0.29675
vn -0.92459 -0.2389 0.29675
vn -0.88208 -0.2389 0.40603
vn -0.88208 -0.2389 0.40603
vn -0.8267 -0.2389 0.5094
vn -0.8267 -0.2389 0.5094
vn -0.75928 -0.2389 0.60533
vn -0.75928 -0.2389 0.60533
vn -0.68078 -0.2389 0.69244
vn -0.68078 -0.2389 0.69244
vn -0.59235 -0.2389 0.76945
vn -0.59235 -0.2389 0.76945
vn -0.49528 -0.2389 0.83524
vn -0.49528 -0.2389 0.83524
vn -0.39099 -0.2389 0.88885
vn -0.391 -0.2389 0.88885
vn -0.28101 -0.2389 0.92949
vn -0.28101 -0.2389 0.9295
vn -0.16692 -0.2389 0.95659
vn -0.16692 -0.2389 0.95659
vn -0.0504 -0.2389 0.96973
vn -0.0504 -0.2389 0.96973
vn 0.06686 -0.2389 0.96874
vn 0.06686 -0.2389 0.96874
vn 0.18314 -0.2389 0.95362
vn 0.29675 -0.2389 0.92459
vn 0.29675 -0.2389 0.92459
vn 0.40603 -0.2389 0.88208
vn 0.40603 -0.2389 0.88208
vn 0.5094 -0.2389 0.8267
vn 0.5094 -0.2389 0.8267
vn 0.60533 -0.2389 0.75928
vn 0.60533 -0.2389 0.75928
vn 0.69244 -0.2389 0.68078
vn 0.69244 -0.2389 0.68078
vn 0.76945 -0.2389 0.59235
vn 0.76945 -0.2389 0.59235
vn 0.83524 -0.2389 0.49528
vn 0.80443 -0.35404 0.47702
vn 0.85607 -0.35404 0.37657
vn 0.85607 -0.35404 0.37657
vn 0.89521 -0.35404 0.27064
vn 0.89521 -0.35404 0.27064
vn 0.92131 -0.35404 0.16076
vn 0.92131 -0.35404 0.16076
vn 0.93397 -0.35404 0.04854
vn 0.93397 -0.35404 0.04854
vn 0.93301 -0.35404 -0.06439
vn 0.93301 -0.35404 -0.06439
vn 0.91845 -0.35404 -0.17639
vn 0.89049 -0.35404 -0.28581
vn 0.89049 -0.35404 -0.28581
vn 0.84955 -0.35404 -0.39106
vn 0.84955 -0.35404 -0.39106
vn 0.79622 -0.35404 -0.49061
vn 0.79622 -0.35404 -0.49061
vn 0.73127 -0.35404 -0.583
vn 0.73127 -0.35404 -0.58301
vn 0.65567 -0.35404 -0.6669
vn 0.65567 -0.35404 -0.6669
vn 0.5705 -0.35404 -0.74107
vn 0.5705 -0.35404 -0.74107
vn 0.47702 -0.35404 -0.80443
vn 0.47702 -0.35404 -0.80443
vn 0.37657 -0.35404 -0.85607
vn 0.37657 -0.35404 -0.85607
vn 0.27064 -0.35404 -0.89521
vn 0.27064 -0.35404 -0.89521
vn 0.16076 -0.35404 -0.92131
vn 0.16076 -0.35404 -0.92131
vn 0.04854 -0.35404 -0.93397
vn 0.04854 -0.35404 -0.93397
vn -0.06439 -0.35404 -0.93301
vn -0.06439 -0.35404 -0.93301
vn -0.17639 -0.35404 -0.91845
vn -0.28581 -0.35404 -0.89049
vn -0.28581 -0.35404 -0.89049
vn -0.39106 -0.35404 -0.84955
vn -0.39106 -0.35404 -0.84955
vn -0.49061 -0.35404 -0.79622
vn -0.49061 -0.35404 -0.79622
vn -0.583 -0.35404 -0.73127
vn -0.58301 -0.35404 -0.73127
vn -0.6669 -0.35404 -0.65567
vn -0.6669 -0.35404 -0.65567
vn -0.74107 -0.35404 -0.5705
vn -0.74107 -0.35404 -0.5705
vn -0.80443 -0.35404 -0.47702
vn -0.80443 -0.35404 -0.47702
vn -0.85607 -0.35404 -0.37657
vn -0.85607 -0.35404 -0.37657
vn -0.89521 -0.35404 -0.27064
vn -0.89521 -0.35404 -0.27064
vn -0.92131 -0.35404 -0.16076
vn -0.92131 -0.35404 -0.16076
vn -0.93397 -0.35404 -0.04854
vn -0.93397 -0.35404 -0.04854
vn -0.93301 -0.35404 0.06439
vn -0.93301 -0.35404 0.06439
vn -0.91845 -0.35404 0.17639
vn -0.89049 -0.35404 0.28581
vn -0.89049 -0.35404 0.28581
vn -0.84955 -0.35404 0.39106
vn -0.84955 -0.35404 0.39106
vn -0.79622 -0.35404 0.49061
vn -0.79622 -0.35404 0.49061
vn -0.73127 -0.35404 0.583
vn -0.73127 -0.35404 0.58301
vn -0.65567 -0.35404 0.6669
vn -0.65567 -0.35404 0.6669
vn -0.5705 -0.35404 0.74107
vn -0.5705 -0.35404 0.74107
vn -0.47702 -0.35404 0.80443
vn -0.47702 -0.35404 0.80443
vn -0.37657 -0.35404 0.85607
vn -0.37657 -0.35404 0.85607
vn -0.27064 -0.35404 0.89521
vn -0.27064 -0.35404 0.89521
vn -0.16076 -0.35404 0.92131
vn -0.16076 -0.35404 0.92131
vn -0.04854 -0.35404 0.93397
vn -0.04854 -0.35404 0.93397
vn 0.06439 -0.35404 0.93301
vn 0.06439 -0.35404 0.93301
vn 0.17639 -0.35404 0.91845
vn 0.28581 -0.35404 0.89049
vn 0.28581 -0.35404 0.89049
vn 0.39106 -0.35404 0.84955
vn 0.39106 -0.35404 0.84955
vn 0.49061 -0.35404 0.79622
vn 0.49061 -0.35404 0.79622
vn 0.583 -0.35404 0.73127
vn 0.58301 -0.35404 0.73127
vn 0.6669 -0.35404 0.65567
vn 0.6669 -0.35404 0.65567
vn 0.74107 -0.35404 0.5705
vn 0.74107 -0.35404 0.5705
vn 0.80443 -0.35404 0.47702
vn 0.76192 -0.46406 0.45181
vn 0.81082 -0.46406 0.35667
vn 0.81082 -0.46406 0.35667
vn 0.8479 -0.46406 0.25634
vn 0.8479 -0.46406 0.25634
vn 0.87262 -0.46406 0.15227
vn 0.87262 -0.46406 0.15227
vn 0.88461 -0.46406 0.04597
vn 0.88461 -0.46406 0.04597
vn 0.8837 -0.46406 -0.06099
vn 0.8837 -0.46406 -0.06099
vn 0.86991 -0.46406 -0.16706
vn 0.84343 -0.46406 -0.2707
vn 0.84343 -0.46406 -0.2707
vn 0.80465 -0.46406 -0.37039
vn 0.80465 -0.46406 -0.37039
vn 0.75414 -0.46406 -0.46468
vn 0.75414 -0.46406 -0.46468
vn 0.69263 -0.46406 -0.55219
vn 0.69263 -0.46406 -0.55219
vn 0.62102 -0.46406 -0.63165
vn 0.62102 -0.46406 -0.63165
vn 0.54035 -0.46406 -0.7019
vn 0.54035 -0.46406 -0.7019
vn 0.45181 -0.46406 -0.76192
vn 0.45181 -0.46406 -0.76192
vn 0.35667 -0.46406 -0.81082
vn 0.35667 -0.46406 -0.81082
vn 0.25634 -0.46406 -0.8479
vn 0.25634 -0.46406 -0.8479
vn 0.15227 -0.46406 -0.87262
vn 0.15227 -0.46406 -0.87262
vn 0.04597 -0.46406 -0.88461
vn 0.04597 -0.46406 -0.88461
vn -0.06099 -0.46406 -0.8837
vn -0.06099 -0.46406 -0.8837
vn -0.16706 -0.46406 -0.86991
vn -0.2707 -0.46406 -0.84343
vn -0.2707 -0.46406 -0.84343
vn -0.37039 -0.46406 -0.80465
vn -0.37039 -0.46406 -0.80465
vn -0.46468 -0.46406 -0.75414
vn -0.46468 -0.46406 -0.75414
vn -0.55219 -0.46406 -0.69263
vn -0.55219 -0.46406 -0.69263
vn -0.63165 -0.46406 -0.62102
vn -0.63165 -0.46406 -0.62102
vn -0.7019 -0.46406 -0.54035
vn -0.7019 -0.46406 -0.54035
vn -0.76192 -0.46406 -0.45181
vn -0.76192 -0.46406 -0.45181
vn -0.81082 -0.46406 -0.35667
vn -0.81082 -0.46406 -0.35667
vn -0.8479 -0.46406 -0.25634
vn -0.8479 -0.46406 -0.25634
vn -0.87262 -0.46406 -0.15227
vn -0.87262 -0.46406 -0.15227
vn -0.88461 -0.46406 -0.04597
vn -0.88461 -0.46406 -0.04597
vn -0.8837 -0.46406 0.06099
vn -0.8837 -0.46406 0.06099
vn -0.86991 -0.46406 0.16706
vn -0.84343 -0.46406 0.2707
vn -0.84343 -0.46406 0.2707
vn -0.80465 -0.46406 0.37039
vn -0.80465 -0.46406 0.37039
vn -0.75414 -0.46406 0.46468
vn -0.75414 -0.46406 0.46468
vn -0.69263 -0.46406 0.55219
vn -0.69263 -0.46406 0.55219
vn -0.62102 -0.46406 0.63165
vn -0.62102 -0.46406 0.63165
vn -0.54035 -0.46406 0.7019
vn -0.54035 -0.46406 0.7019
vn -0.45181 -0.46406 0.76192
vn -0.45181 -0.46406 0.76192
vn -0.35667 -0.46406 0.81082
vn -0.35667 -0.46406 0.81082
vn -0.25634 -0.46406 0.8479
vn -0.25634 -0.46406 0.8479
vn -0.15227 -0.46406 0.87262
vn -0.15227 -0.46406 0.87262
vn -0.04597 -0.46406 0.88461
vn -0.04597 -0.46406 0.88461
vn 0.06099 -0.46406 0.8837
vn 0.06099 -0.46406 0.8837
vn 0.16706 -0.46406 0.86991
vn 0.2707 -0.46406 0.84343
vn 0.2707 -0.46406 0.84343
vn 0.37039 -0.46406 0.80465
vn 0.37039 -0.46406 0.80465
vn 0.46468 -0.46406 0.75414
vn 0.46468 -0.46406 0.75414
vn 0.55219 -0.46406 0.69263
vn 0.55219 -0.46406 0.69263
vn 0.63165 -0.46406 0.62102
vn 0.63165 -0.46406 0.62102
vn 0.7019 -0.46406 0.54035
vn 0.7019 -0.46406 0.54035
vn 0.76192 -0.46406 0.45181
vn 0.7083 -0.56736 0.42001
vn 0.75376 -0.56736 0.33157
vn 0.75376 -0.56736 0.33157
vn 0.78823 -0.56736 0.2383
vn 0.78823 -0.56736 0.2383
vn 0.81121 -0.56736 0.14155
vn 0.81121 -0.56736 0.14155
vn 0.82236 -0.56736 0.04274
vn 0.82236 -0.56736 0.04274
vn 0.82151 -0.56736 -0.0567
vn 0.82151 -0.56736 -0.0567
vn 0.80869 -0.56736 -0.15531
vn 0.78407 -0.56736 -0.25165
vn 0.78407 -0.56736 -0.25165
vn 0.74802 -0.56736 -0.34433
vn 0.74802 -0.56736 -0.34433
vn 0.70107 -0.56736 -0.43198
vn 0.70107 -0.56736 -0.43198
vn 0.64388 -0.56736 -0.51333
vn 0.64388 -0.56736 -0.51333
vn 0.57731 -0.56736 -0.5872
vn 0.57731 -0.56736 -0.5872
vn 0.50233 -0.56736 -0.65251
vn 0.50233 -0.56736 -0.65251
vn 0.42001 -0.56736 -0.7083
vn 0.42001 -0.56736 -0.7083
vn 0.33157 -0.56736 -0.75376
vn 0.33157 -0.56736 -0.75376
vn 0.2383 -0.56736 -0.78823
vn 0.2383 -0.56736 -0.78823
vn 0.14155 -0.56736 -0.81121
vn 0.14155 -0.56736 -0.81121
vn 0.04274 -0.56736 -0.82236
vn 0.04274 -0.56736 -0.82236
vn -0.0567 -0.56736 -0.82151
vn -0.0567 -0.56736 -0.82151
vn -0.15531 -0.56736 -0.80869
vn -0.25165 -0.56736 -0.78407
vn -0.25165 -0.56736 -0.78407
vn -0.34433 -0.56736 -0.74802
vn -0.34433 -0.56736 -0.74802
vn -0.43198 -0.56736 -0.70107
vn -0.43198 -0.56736 -0.70107
vn -0.51333 -0.56736 -0.64388
vn -0.51333 -0.56736 -0.64388
vn -0.5872 -0.56736 -0.57731
vn -0.5872 -0.56736 -0.57731
vn -0.65251 -0.56736 -0.50233
vn -0.65251 -0.56736 -0.50233
vn -0.7083 -0.56736 -0.42001
vn -0.7083 -0.56736 -0.42001
vn -0.75376 -0.56736 -0.33157
vn -0.75376 -0.56736 -0.33157
vn -0.78823 -0.56736 -0.2383
vn -0.78823 -0.56736 -0.2383
vn -0.81121 -0.56736 -0.14155
vn -0.81121 -0.56736 -0.14155
vn -0.82236 -0.56736 -0.04274
vn -0.82236 -0.56736 -0.04274
vn -0.82151 -0.56736 0.0567
vn -0.82151 -0.56736 0.0567
vn -0.80869 -0.56736 0.15531
vn -0.78407 -0.56736 0.25165
vn -0.78407 -0.56736 0.25165
vn -0.74802 -0.56736 0.34433
vn -0.74802 -0.56736 0.34433
vn -0.70107 -0.56736 0.43198
vn -0.70107 -0.56736 0.43198
vn -0.64388 -0.56736 0.51333
vn -0.64388 -0.56736 0.51333
vn -0.57731 -0.56736 0.5872
vn -0.57731 -0.56736 0.5872
vn -0.50233 -0.56736 0.65251
vn -0.50233 -0.56736 0.65251
vn -0.42001 -0.56736 0.7083
vn -0.42001 -0.56736 0.7083
vn -0.33157 -0.56736 0.75376
vn -0.33157 -0.56736 0.75376
vn -0.2383 -0.56736 0.78823
vn -0.2383 -0.56736 0.78823
vn -0.14155 -0.56736 0.81121
vn -0.14155 -0.56736 0.81121
vn -0.04274 -0.56736 0.82236
vn -0.04274 -0.56736 0.82236
vn 0.0567 -0.56736 0.82151
vn 0.0567 -0.56736 0.82151
vn 0.15531 -0.56736 0.80869
vn 0.25165 -0.56736 0.78407
vn 0.25165 -0.56736 0.78407
vn 0.34433 -0.56736 0.74802
vn 0.34433 -0.56736 0.74802
vn 0.43198 -0.56736 0.70107
vn 0.43198 -0.56736 0.70107
vn 0.51333 -0.56736 0.64388
vn 0.51333 -0.56736 0.64388
vn 0.5872 -0.56736 0.57731
vn 0.5872 -0.56736 0.57731
vn 0.65251 -0.56736 0.50233
vn 0.65251 -0.56736 0.50233
vn 0.7083 -0.56736 0.42001
vn 0.64434 -0.66244 0.38209
vn 0.6857 -0.66244 0.30163
vn 0.6857 -0.66244 0.30163
vn 0.71706 -0.66244 0.21678
vn 0.71706 -0.66244 0.21678
vn 0.73796 -0.66244 0.12877
vn 0.73796 -0.66244 0.12877
vn 0.7481 -0.66244 0.03888
vn 0.7481 -0.66244 0.03888
vn 0.74733 -0.66244 -0.05158
vn 0.74733 -0.66244 -0.05158
vn 0.73567 -0.66244 -0.14128
vn 0.71327 -0.66244 -0.22893
vn 0.71327 -0.66244 -0.22893
vn 0.68048 -0.66244 -0.31323
vn 0.68048 -0.66244 -0.31323
vn 0.63776 -0.66244 -0.39297
vn 0.63776 -0.66244 -0.39297
vn 0.58574 -0.66244 -0.46698
vn 0.58574 -0.66244 -0.46698
vn 0.52518 -0.66244 -0.53418
vn 0.52518 -0.66244 -0.53418
vn 0.45697 -0.66244 -0.59359
vn 0.45697 -0.66244 -0.59359
vn 0.38209 -0.66244 -0.64434
vn 0.38209 -0.66244 -0.64434
vn 0.30163 -0.66244 -0.6857
vn 0.30163 -0.66244 -0.6857
vn 0.21678 -0.66244 -0.71706
vn 0.21678 -0.66244 -0.71706
vn 0.12877 -0.66244 -0.73796
vn 0.12877 -0.66244 -0.73796
vn 0.03888 -0.66244 -0.7481
vn 0.03888 -0.66244 -0.7481
vn -0.05158 -0.66244 -0.74733
vn -0.05158 -0.66244 -0.74733
vn -0.14128 -0.66244 -0.73567
vn -0.22893 -0.66244 -0.71327
vn -0.22893 -0.66244 -0.71327
vn -0.31323 -0.66244 -0.68048
vn -0.31323 -0.66244 -0.68048
vn -0.39297 -0.66244 -0.63776
vn -0.39297 -0.66244 -0.63776
vn -0.46698 -0.66244 -0.58574
vn -0.46698 -0.66244 -0.58574
vn -0.53418 -0.66244 -0.52518
vn -0.53418 -0.66244 -0.52518
vn -0.59359 -0.66244 -0.45697
vn -0.59359 -0.66244 -0.45697
vn -0.64434 -0.66244 -0.38209
vn -0.64434 -0.66244 -0.38209
vn -0.6857 -0.66244 -0.30163
vn -0.6857 -0.66244 -0.30163
vn -0.71706 -0.66244 -0.21678
vn -0.71706 -0.66244 -0.21678
vn -0.73796 -0.66244 -0.12877
vn -0.73796 -0.66244 -0.12877
vn -0.7481 -0.66244 -0.03888
vn -0.7481 -0.66244 -0.03888
vn -0.74733 -0.66244 0.05158
vn -0.74733 -0.66244 0.05158
vn -0.73567 -0.66244 0.14128
vn -0.71327 -0.66244 0.22893
vn -0.71327 -0.66244 0.22893
vn -0.68048 -0.66244 0.31323
vn -0.68048 -0.66244 0.31323
vn -0.63776 -0.66244 0.39297
vn -0.63776 -0.66244 0.39297
vn -0.58574 -0.66244 0.46698
vn -0.58574 -0.66244 0.46698
vn -0.52518 -0.66244 0.53418
vn -0.52518 -0.66244 0.53418
vn -0.45697 -0.66244 0.59359
vn -0.45697 -0.66244 0.59359
vn -0.38209 -0.66244 0.64434
vn -0.38209 -0.66244 0.64434
vn -0.30163 -0.66244 0.6857
vn -0.30163 -0.66244 0.6857
vn -0.21678 -0.66244 0.71706
vn -0.21678 -0.66244 0.71706
vn -0.12877 -0.66244 0.73796
vn -0.12877 -0.66244 0.73796
vn -0.03888 -0.66244 0.7481
vn -0.03888 -0.66244 0.7481
vn 0.05158 -0.66244 0.74733
vn 0.05158 -0.66244 0.74733
vn 0.14128 -0.66244 0.73567
vn 0.22893 -0.66244 0.71327
vn 0.22893 -0.66244 0.71327
vn 0.31323 -0.66244 0.68048
vn 0.31323 -0.66244 0.68048
vn 0.39297 -0.66244 0.63776
vn 0.39297 -0.66244 0.63776
vn 0.46698 -0.66244 0.58574
vn 0.46698 -0.66244 0.58574
vn 0.53418 -0.66244 0.52518
vn 0.53418 -0.66244 0.52518
vn 0.59359 -0.66244 0.45697
vn 0.59359 -0.66244 0.45697
vn 0.64434 -0.66244 0.38209
vn 0.0 -1.0 0.0
vn 0.45719 0.0 -0.88937
vn 0.23106 0.0 -0.97294
vn -0.00849 0.0 -0.99996
vn -0.24755 0.0 -0.96887
vn -0.47223 0.0 -0.88148
vn -0.66945 0.0 -0.74285
vn -0.82778 0.0 -0.56106
vn -0.93799 0.0 -0.34665
vn -0.9937 0.0 -0.1121
vn -0.99165 0.0 0.12896
vn -0.93197 0.0 0.36253
vn -0.81813 0.0 0.57503
vn -0.65674 0.0 0.75411
vn -0.45719 0.0 0.88937
vn -0.23106 0.0 0.97294
vn 0.00849 0.0 0.99996
vn 0.24755 0.0 0.96887
vn 0.47223 0.0 0.88148
vn 0.66945 0.0 0.74285
vn 0.82778 0.0 0.56106
vn 0.93799 0.0 0.34665
vn 0.9937 0.0 0.1121
vn 0.99165 0.0 -0.12896
vn 0.93197 0.0 -0.36253
vn 0.81813 0.0 -0.57503
vn 0.65674 0.0 -0.75411
vn 0.0 1.0 0.0
vn 0.0 -1.0 0.0
vn 0.0 1.0 0.0
vn 0.89322 0.0 -0.44962
vn 0.85415 0.0 -0.52003
vn 0.85415 0.0 -0.52003
vn 0.78523 0.0 -0.6192
vn 0.67574 0.0 -0.73714
vn 0.54874 0.0 -0.83599
vn 0.40753 0.0 -0.91319
vn 0.25577 0.0 -0.96674
vn 0.09738 0.0 -0.99525
vn -0.06353 0.0 -0.99798
vn -0.22279 0.0 -0.97487
vn -0.37629 0.0 -0.9265
vn -0.52003 0.0 -0.85415
vn -0.65031 0.0 -0.75967
vn -0.76375 0.0 -0.64551
vn -0.85741 0.0 -0.51464
vn -0.92886 0.0 -0.37043
vn -0.97625 0.0 -0.21664
vn -0.99836 0.0 -0.05723
vn -0.99461 0.0 0.10366
vn -0.9651 0.0 0.26186
vn -0.9106 0.0 0.41329
vn -0.83251 0.0 0.55401
vn -0.73286 0.0 0.68038
vn -0.61423 0.0 0.78912
vn -0.47969 0.0 0.87744
vn -0.33273 0.0 0.94302
vn -0.17715 0.0 0.98418
vn -0.01698 0.0 0.99986
vn 0.14362 0.0 0.98963
vn 0.30051 0.0 0.95378
vn 0.44962 0.0 0.89322
vn 0.58708 0.0 0.80953
vn 0.70933 0.0 0.70487
vn 0.81322 0.0 0.58196
vn 0.89604 0.0 0.44397
vn 0.95565 0.0 0.29449
vn 0.99052 0.0 0.13738
vn 0.99973 0.0 -0.02329
vn 0.98305 0.0 -0.18336
vn 0.9409 0.0 -0.33867
vn 0.89322 0.0 -0.44962
vn 0.81457 0.0 -0.58007
vn 0.66507 0.0 -0.74678
vn 0.48222 0.0 -0.87605
vn 0.27519 0.0 -0.96139
vn 0.05436 0.0 -0.99852
vn -0.1692 0.0 -0.98558
vn -0.38427 0.0 -0.92322
vn -0.58007 0.0 -0.81457
vn -0.74678 0.0 -0.66507
vn -0.87605 0.0 -0.48222
vn -0.96139 0.0 -0.27519
vn -0.99852 0.0 -0.05436
vn -0.98558 0.0 0.1692
vn -0.92322 0.0 0.38427
vn -0.81457 0.0 0.58007
vn -0.66507 0.0 0.74678
vn -0.48222 0.0 0.87605
vn -0.27519 0.0 0.96139
vn -0.05436 0.0 0.99852
vn 0.1692 0.0 0.98558
vn 0.38427 0.0 0.92322
vn 0.58007 0.0 0.81457
vn 0.74678 0.0 0.66507
vn 0.87605 0.0 0.48222
vn 0.96139 0.0 0.27519
vn 0.99852 0.0 0.05436
vn 0.98558 0.0 -0.1692
vn 0.92322 0.0 -0.38427
vn 0.0 -1.0 0.0
vn -0.63695 0.48034 -0.60296
vn -0.58751 0.47743 -0.65337
vn -0.68506 0.47921 -0.54869
vn -0.68979 0.47671 -0.54493
vn -0.72861 0.48033 -0.48827
vn -0.76695 0.47927 -0.42672
vn -0.77228 0.47603 -0.42069
vn -0.79985 0.48033 -0.3599
vn -0.82735 0.47934 -0.2928
vn -0.8326 0.47539 -0.28423
vn -0.84868 0.48032 -0.22145
vn -0.86456 0.4794 -0.1507
vn -0.86897 0.47479 -0.13949
vn -0.87373 0.48031 -0.07679
vn -0.87756 0.47945 -0.00438
vn -0.88034 0.47424 0.00938
vn -0.87431 0.4803 0.07002
vn -0.86596 0.47951 0.14205
vn -0.86637 0.47373 0.15807
vn -0.85039 0.48028 0.21488
vn -0.83011 0.47957 0.2845
vn -0.82742 0.47327 0.3023
vn -0.80264 0.48027 0.35372
vn -0.771 0.47962 0.41896
vn -0.76463 0.47285 0.4379
vn -0.7324 0.48025 0.48264
vn -0.6903 0.47967 0.54167
vn -0.67978 0.47247 0.56095
vn -0.64165 0.48023 0.59805
vn -0.59026 0.47972 0.6492
vn -0.57532 0.47214 0.6679
vn -0.53291 0.48021 0.69671
vn -0.47369 0.47976 0.73854
vn -0.45424 0.47185 0.75566
vn -0.40924 0.48019 0.77585
vn -0.34386 0.47981 0.80718
vn -0.32005 0.47161 0.82168
vn -0.2741 0.48016 0.83325
vn -0.2044 0.47985 0.85321
vn -0.17661 0.47141 0.86405
vn -0.13128 0.48013 0.86732
vn -0.05922 0.4799 0.87533
vn -0.02804 0.47125 0.88155
vn 0.01523 0.48011 0.87708
vn 0.08761 0.47993 0.87292
vn 0.12135 0.47114 0.87367
vn 0.16131 0.48007 0.86227
vn 0.23198 0.47997 0.84606
vn 0.26727 0.47108 0.84063
vn 0.30288 0.48004 0.8233
vn 0.36984 0.48001 0.79549
vn 0.4055 0.47105 0.78338
vn 0.43597 0.48001 0.76126
vn 0.52946 0.47901 0.70016
vn 0.56286 0.46225 0.68521
vn 0.49734 0.48004 0.72264
vn 0.73247 0.47901 0.48378
vn 0.75607 0.46416 0.46142
vn 0.70733 0.48011 0.51883
vn 0.64018 0.47901 0.6006
vn 0.66889 0.46321 0.5814
vn 0.61089 0.48007 0.62955
vn 0.85179 0.47901 0.21213
vn 0.8648 0.46607 0.18685
vn 0.8386 0.48016 0.25729
vn 0.80369 0.47901 0.35303
vn 0.82198 0.46512 0.32866
vn 0.78395 0.48013 0.39357
vn 0.8738 0.47901 -0.08376
vn 0.87714 0.46796 -0.10788
vn 0.87654 0.48021 -0.03286
vn 0.87539 0.47901 0.06512
vn 0.88335 0.46701 0.03996
vn 0.86975 0.48019 0.11381
vn 0.79599 0.47901 -0.37007
vn 0.79196 0.46983 -0.38995
vn 0.81694 0.48025 -0.31933
vn 0.84708 0.47901 -0.23023
vn 0.84638 0.4689 -0.25253
vn 0.85877 0.48023 -0.1786
vn 0.62723 0.47901 -0.61411
vn 0.61893 0.47169 -0.62804
vn 0.66643 0.48028 -0.57026
vn 0.722 0.47901 -0.49927
vn 0.71542 0.47076 -0.51629
vn 0.75222 0.48027 -0.45112
vn 0.38682 0.47901 -0.78799
vn 0.37749 0.47354 -0.79578
vn 0.44177 0.48031 -0.75772
vn 0.51443 0.47901 -0.71128
vn 0.50522 0.47262 -0.72207
vn 0.56197 0.4803 -0.67343
vn 0.10221 0.47901 -0.87184
vn 0.09463 0.47538 -0.87468
vn 0.16795 0.48033 -0.86086
vn 0.24809 0.47901 -0.84202
vn 0.23933 0.47446 -0.84712
vn 0.30919 0.48032 -0.82079
vn -0.19407 0.47901 -0.85609
vn -0.19811 0.4772 -0.85617
vn -0.12456 0.48034 -0.86819
vn -0.0466 0.47901 -0.87657
vn -0.05256 0.47629 -0.87772
vn 0.02201 0.48033 -0.87681
vn -0.58396 0.47915 -0.65529
vn -0.52746 0.48034 -0.70076
vn -0.46841 0.4782 -0.74291
vn -0.4665 0.47908 -0.74355
vn -0.33596 0.47901 -0.81098
vn -0.33796 0.47811 -0.81068
vn -0.26762 0.48034 -0.83526
vn 0.15718 -0.51902 0.84019
vn 0.1956 -0.51141 0.83678
vn 0.08537 -0.51888 0.85058
vn 0.0552 -0.51148 0.85752
vn 0.01484 -0.51905 0.85461
vn -0.0577 -0.51883 0.85293
vn -0.08669 -0.5116 0.85484
vn -0.12792 -0.51908 0.8451
vn -0.19917 -0.51879 0.83138
vn -0.22619 -0.51176 0.82882
vn -0.26708 -0.51911 0.81191
vn -0.33506 -0.51875 0.78653
vn -0.35947 -0.51195 0.78018
vn -0.39876 -0.51913 0.75597
vn -0.46157 -0.5187 0.71965
vn -0.4829 -0.51219 0.71026
vn -0.51926 -0.51916 0.67886
vn -0.57516 -0.51865 0.6326
vn -0.59311 -0.51246 0.62097
vn -0.6252 -0.51918 0.58273
vn -0.67265 -0.5186 0.52782
vn -0.68708 -0.51277 0.51477
vn -0.71363 -0.5192 0.47028
vn -0.75129 -0.51855 0.40825
vn -0.76225 -0.51312 0.39456
vn -0.78207 -0.51922 0.34465
vn -0.80889 -0.5185 0.27722
vn -0.81658 -0.51351 0.26365
vn -0.82859 -0.51923 0.20937
vn -0.84384 -0.51844 0.13842
vn -0.84858 -0.51394 0.12561
vn -0.8519 -0.51925 0.06823
vn -0.85514 -0.51838 -0.00426
vn -0.8574 -0.5144 -0.01577
vn -0.85134 -0.51926 -0.07482
vn -0.84248 -0.51832 -0.14685
vn -0.84282 -0.51491 -0.15663
vn -0.82692 -0.51927 -0.21577
vn -0.80622 -0.51826 -0.28533
vn -0.80524 -0.51545 -0.2931
vn -0.77934 -0.51928 -0.35068
vn -0.74737 -0.5182 -0.41582
vn -0.74571 -0.51603 -0.42147
vn -0.70993 -0.51928 -0.47575
vn -0.66757 -0.51813 -0.53468
vn -0.66587 -0.51665 -0.53823
vn -0.62062 -0.51929 -0.58751
vn -0.56906 -0.51807 -0.63857
vn -0.56794 -0.5173 -0.64019
vn -0.51394 -0.51929 -0.68279
vn -0.4546 -0.518 -0.72458
vn -0.4546 -0.518 -0.72458
vn -0.32914 -0.518 -0.78952
vn -0.32914 -0.518 -0.78952
vn -0.1947 -0.518 -0.83293
vn -0.19294 -0.51721 -0.83383
vn -0.26076 -0.51929 -0.81384
vn 0.0863 -0.518 -0.85102
vn 0.09216 -0.51564 -0.85184
vn 0.02145 -0.51928 -0.85433
vn -0.05495 -0.518 -0.85362
vn -0.05119 -0.51643 -0.8548
vn -0.12136 -0.51929 -0.84594
vn 0.35795 -0.518 -0.77689
vn 0.36763 -0.51405 -0.77499
vn 0.30127 -0.51927 -0.79975
vn 0.2252 -0.518 -0.82521
vn 0.23308 -0.51484 -0.82499
vn 0.16365 -0.51928 -0.83879
vn 0.59081 -0.518 -0.61856
vn 0.60276 -0.51244 -0.61163
vn 0.54757 -0.51925 -0.65617
vn 0.48094 -0.518 -0.70737
vn 0.49202 -0.51325 -0.7032
vn 0.43045 -0.51926 -0.7383
vn 0.75965 -0.518 -0.39321
vn 0.77126 -0.51083 -0.37976
vn 0.73294 -0.51922 -0.43956
vn 0.68457 -0.518 -0.51288
vn 0.69672 -0.51164 -0.5028
vn 0.64935 -0.51923 -0.55565
vn 0.84616 -0.518 -0.12525
vn 0.85421 -0.5092 -0.10506
vn 0.83676 -0.51918 -0.17402
vn 0.81401 -0.518 -0.26282
vn 0.82426 -0.51002 -0.24593
vn 0.796 -0.5192 -0.31115
vn 0.84098 -0.518 0.15629
vn 0.84218 -0.50756 0.18196
vn 0.84747 -0.51913 0.11089
vn 0.85524 -0.518 0.01573
vn 0.86025 -0.50838 0.03892
vn 0.85408 -0.51916 -0.03201
vn 0.74467 -0.518 0.42088
vn 0.7363 -0.5059 0.44936
vn 0.76387 -0.51908 0.38349
vn 0.80379 -0.518 0.29258
vn 0.80049 -0.50673 0.32007
vn 0.81711 -0.51911 0.2507
vn 0.56766 -0.518 0.63987
vn 0.54815 -0.50424 0.66729
vn 0.59525 -0.51902 0.61343
vn 0.66524 -0.518 0.53771
vn 0.6514 -0.50507 0.56619
vn 0.68921 -0.51905 0.50554
vn 0.22604 -0.51891 0.8244
vn 0.29513 -0.51899 0.80222
vn 0.33067 -0.51137 0.7932
vn 0.36037 -0.51895 0.77513
vn 0.4546 -0.518 0.72458
vn 0.42941 -0.5034 0.7498
vn 0.4846 -0.51899 0.70414
vn 0.6685 0.74041 -0.07002
vn 0.2288 0.74047 0.63194
vn -0.55827 0.74053 0.37411
vn -0.56963 0.74044 -0.35675
vn -0.44671 0.73953 -0.50353
vn -0.45483 0.73702 -0.49993
vn -0.52349 0.73953 -0.42314
vn -0.53834 0.73443 -0.41328
vn -0.49741 0.74057 -0.45182
vn -0.60554 0.73175 -0.31283
vn -0.586 0.73953 -0.3312
vn -0.62395 0.74026 -0.25041
vn -0.63598 0.73616 -0.23149
vn -0.64224 0.7405 -0.19795
vn -0.65867 0.74002 -0.13611
vn -0.66457 0.73695 -0.1235
vn -0.66701 0.74061 -0.08118
vn -0.67268 0.73973 -0.01743
vn -0.67428 0.73837 -0.0124
vn -0.67079 0.74067 0.03812
vn -0.66587 0.73953 0.09856
vn -0.66587 0.73953 0.09856
vn -0.59778 0.73953 0.30943
vn -0.59567 0.736 0.3217
vn -0.61555 0.74063 0.26938
vn -0.64056 0.73953 0.20682
vn -0.64055 0.73854 0.21036
vn -0.65346 0.74067 0.1562
vn -0.53157 0.73337 0.42379
vn -0.5387 0.73953 0.4036
vn -0.48339 0.74037 0.4671
vn -0.46759 0.73601 0.48955
vn -0.44314 0.74041 0.50539
vn -0.39325 0.74017 0.54544
vn -0.38039 0.7364 0.55948
vn -0.34665 0.74055 0.57569
vn -0.29066 0.73991 0.60667
vn -0.28264 0.73744 0.61343
vn -0.23928 0.74064 0.62785
vn -0.17882 0.7396 0.64886
vn -0.17733 0.73912 0.64981
vn -0.12441 0.74068 0.66024
vn -0.06791 0.73953 0.66969
vn -0.06791 0.73953 0.66969
vn 0.15321 0.73953 0.65545
vn 0.1692 0.73496 0.65667
vn 0.11335 0.74059 0.66232
vn 0.04324 0.73953 0.67173
vn 0.05013 0.73753 0.67345
vn -0.00563 0.74066 0.67186
vn 0.28391 0.73229 0.61898
vn 0.25901 0.73953 0.62129
vn 0.3371 0.7403 0.58165
vn 0.35974 0.73608 0.57338
vn 0.38387 0.74047 0.55167
vn 0.43486 0.74007 0.51302
vn 0.44874 0.73674 0.50582
vn 0.47533 0.74059 0.47495
vn 0.519 0.73979 0.42818
vn 0.52477 0.73804 0.42417
vn 0.55181 0.74066 0.38331
vn 0.586 0.73953 0.3312
vn 0.586 0.73953 0.3312
vn 0.63252 0.73953 0.23023
vn 0.63361 0.73904 0.22883
vn 0.61091 0.74068 0.27962
vn 0.67301 0.73953 0.01238
vn 0.67923 0.7339 -0.00623
vn 0.67019 0.74055 0.04935
vn 0.66179 0.73953 0.12298
vn 0.66682 0.73651 0.11358
vn 0.65078 0.74064 0.16713
vn 0.67026 0.7312 -0.12685
vn 0.66587 0.73953 -0.09856
vn 0.64577 0.74021 -0.18726
vn 0.64396 0.73627 -0.20791
vn 0.62778 0.74053 -0.23982
vn 0.60269 0.73997 -0.29869
vn 0.60007 0.73718 -0.31061
vn 0.57535 0.74063 -0.34706
vn 0.5406 0.73967 -0.40081
vn 0.5394 0.73873 -0.40412
vn 0.50482 0.74067 -0.44335
vn 0.46492 0.73953 -0.48676
vn 0.46492 0.73953 -0.48676
vn 0.28168 0.73953 -0.61135
vn 0.27115 0.73548 -0.62093
vn 0.31883 0.74061 -0.59148
vn 0.37846 0.73953 -0.55665
vn 0.37518 0.73804 -0.56084
vn 0.41841 0.74067 -0.52568
vn 0.0683 0.73603 -0.67349
vn 0.0929 0.74034 -0.66578
vn 0.17721 0.73953 -0.64937
vn 0.15766 0.73283 -0.66189
vn 0.20918 0.7405 -0.63867
vn -0.04345 0.73655 -0.67498
vn -0.02637 0.74012 -0.67196
vn 0.0376 0.74044 -0.67107
vn -0.40957 0.74065 -0.53263
vn -0.35774 0.73953 -0.57019
vn -0.35774 0.73953 -0.57019
vn -0.25901 0.73953 -0.62129
vn -0.25901 0.73953 -0.62129
vn -0.19841 0.74065 -0.64193
vn -0.15366 0.73773 -0.65738
vn -0.14491 0.73985 -0.65698
vn -0.08171 0.74057 -0.66699
vn -0.54198 0.01324 -0.84029
vn -0.60957 0.0 -0.79273
vn -0.67295 0.0 -0.73968
vn -0.6911 0.02247 -0.72241
vn -0.74022 0.0 -0.67237
vn -0.79321 0.0 -0.60894
vn -0.81522 0.02768 -0.57849
vn -0.84751 0.0 -0.53079
vn -0.88844 0.0 -0.45899
vn -0.90994 0.02889 -0.41374
vn -0.92805 0.0 -0.37246
vn -0.95564 0.0 -0.29455
vn -0.97187 0.02608 -0.23408
vn -0.99966 0.0 -0.02591
vn -0.99876 0.01926 -0.04593
vn -0.99268 0.0 -0.12081
vn -0.97931 0.0 -0.20237
vn -0.99839 0.0 0.05673
vn -0.98918 0.00866 0.14642
vn -0.98957 0.00578 0.14394
vn -0.9726 0.0 0.23249
vn -0.95008 0.0 0.31201
vn -0.94432 0.01741 0.32858
vn -0.91612 0.0 0.40091
vn -0.87988 0.0 0.47519
vn -0.86493 0.02504 0.50127
vn -0.83073 0.0 0.55668
vn -0.78192 0.0 0.62338
vn -0.75436 0.02865 0.65584
vn -0.71912 0.0 0.69488
vn -0.65928 0.0 0.75189
vn -0.61662 0.02825 0.78676
vn -0.58483 0.0 0.81116
vn -0.51584 0.0 0.85668
vn -0.45663 0.02383 0.88934
vn -0.26569 0.0 0.96406
vn -0.28012 0.01541 0.95984
vn -0.35613 0.0 0.93444
vn -0.43207 0.0 0.90184
vn -0.18517 0.0 0.98271
vn -0.10089 0.00273 0.99489
vn -0.09341 0.01091 0.99557
vn -0.00837 0.0 0.99996
vn 0.07423 0.0 0.99724
vn 0.09668 0.02094 0.9951
vn 0.16869 0.0 0.98567
vn 0.24951 0.0 0.96837
vn 0.28321 0.02696 0.95868
vn 0.34043 0.0 0.94027
vn 0.41691 0.0 0.90895
vn 0.4595 0.02897 0.88771
vn 0.50143 0.0 0.8652
vn 0.57116 0.0 0.82084
vn 0.61923 0.02696 0.78475
vn 0.77137 0.0 0.63638
vn 0.75666 0.02094 0.65347
vn 0.70739 0.0 0.70683
vn 0.6466 0.0 0.76283
vn 0.82129 0.0 0.57051
vn 0.87051 0.01187 0.49201
vn 0.86684 0.00297 0.49857
vn 0.90928 0.0 0.41619
vn 0.94054 0.0 0.33969
vn 0.94543 0.01541 0.32547
vn 0.96857 0.0 0.24874
vn 0.9858 0.0 0.16791
vn 0.98977 0.02383 0.14064
vn 0.9973 0.0 0.07344
vn 0.99996 0.0 -0.00916
vn 0.99839 0.02825 -0.04921
vn 0.99456 0.0 -0.10418
vn 0.98256 0.0 -0.18595
vn 0.97102 0.02865 -0.23726
vn 0.96043 0.0 -0.27851
vn 0.93416 0.0 -0.35686
vn 0.90866 0.02504 -0.41678
vn 0.8033 0.0 -0.59558
vn 0.8135 0.01741 -0.58131
vn 0.85627 0.0 -0.51652
vn 0.896 0.0 -0.44405
vn 0.75137 0.0 -0.65988
vn 0.69069 0.00562 -0.72313
vn 0.68886 0.00842 -0.72485
vn 0.62276 0.0 -0.78241
vn 0.55602 0.0 -0.83117
vn 0.53915 0.01926 -0.84199
vn 0.4745 0.0 -0.88026
vn 0.40019 0.0 -0.91643
vn 0.37001 0.02608 -0.92866
vn 0.31126 0.0 -0.95032
vn 0.23172 0.0 -0.97278
vn 0.18755 0.02889 -0.98183
vn 0.1382 0.0 -0.9904
vn 0.05594 0.0 -0.99843
vn -0.00165 0.02768 -0.99962
vn -0.03922 0.0 -0.99923
vn -0.1216 0.0 -0.99258
vn -0.19082 0.02247 -0.98137
vn -0.2154 0.0 -0.97653
vn -0.2953 0.0 -0.9554
vn -0.37316 0.01324 -0.92767
vn -0.38478 0.0 -0.92301
vn -0.53146 0.0 -0.84708
vn 0.0 1.0 0.0
vn 0.21418 0.0 0.9768
vn -0.30292 0.0 0.95302
vn -0.73884 0.0 0.67388
vn -0.9768 0.0 0.21418
vn -0.95302 0.0 -0.30292
vn -0.67388 0.0 -0.73884
vn -0.21418 0.0 -0.9768
vn 0.30292 0.0 -0.95302
vn 0.73884 0.0 -0.67388
vn 0.9768 0.0 -0.21418
vn 0.95302 0.0 0.30292
vn 0.67388 0.0 0.73884
vn 0.3566 -0.74362 0.56556
vn 0.44705 -0.74362 0.49716
vn 0.42783 -0.74038 0.51846
vn 0.38232 -0.74038 0.55288
vn 0.52464 -0.74362 0.41446
vn 0.5093 -0.74038 0.4387
vn 0.47026 -0.74038 0.48031
vn 0.58714 -0.74362 0.31984
vn 0.57611 -0.74038 0.34632
vn 0.54467 -0.74038 0.39393
vn 0.63274 -0.74362 0.21601
vn 0.62635 -0.74038 0.24397
vn 0.60341 -0.74038 0.29621
vn 0.66015 -0.74362 0.10597
vn 0.65858 -0.74038 0.13461
vn 0.64479 -0.74038 0.18997
vn 0.66856 -0.74362 -0.00712
vn 0.67185 -0.74038 0.02137
vn 0.66762 -0.74038 0.07827
vn 0.65774 -0.74362 -0.12001
vn 0.6658 -0.74038 -0.09248
vn 0.67124 -0.74038 -0.03568
vn 0.628 -0.74362 -0.22944
vn 0.64059 -0.74038 -0.20367
vn 0.65556 -0.74038 -0.14861
vn 0.58019 -0.74362 -0.33227
vn 0.59696 -0.74038 -0.309
vn 0.62101 -0.74038 -0.25726
vn 0.51569 -0.74362 -0.42555
vn 0.53615 -0.74038 -0.40544
vn 0.5686 -0.74038 -0.35851
vn 0.43635 -0.74362 -0.50658
vn 0.45992 -0.74038 -0.49022
vn 0.49984 -0.74038 -0.44945
vn 0.34447 -0.74362 -0.57303
vn 0.37046 -0.74038 -0.5609
vn 0.41669 -0.74038 -0.52746
vn 0.24267 -0.74362 -0.62301
vn 0.27034 -0.74038 -0.61544
vn 0.32155 -0.74038 -0.59029
vn 0.13389 -0.74362 -0.65506
vn 0.16244 -0.74038 -0.65227
vn 0.21717 -0.74038 -0.63615
vn 0.02126 -0.74362 -0.66826
vn 0.04987 -0.74038 -0.67034
vn 0.10654 -0.74038 -0.6637
vn -0.09198 -0.74362 -0.66224
vn -0.06414 -0.74038 -0.66913
vn -0.00716 -0.74038 -0.67215
vn -0.20258 -0.74362 -0.63717
vn -0.1763 -0.74038 -0.64866
vn -0.12065 -0.74038 -0.66128
vn -0.30735 -0.74362 -0.59377
vn -0.28339 -0.74038 -0.60954
vn -0.23067 -0.74038 -0.63137
vn -0.40328 -0.74362 -0.53329
vn -0.38232 -0.74038 -0.55288
vn -0.33406 -0.74038 -0.58331
vn -0.4876 -0.74362 -0.45746
vn -0.47026 -0.74038 -0.48031
vn -0.42783 -0.74038 -0.51846
vn -0.5579 -0.74362 -0.36848
vn -0.54467 -0.74038 -0.39393
vn -0.5093 -0.74038 -0.4387
vn -0.61215 -0.74362 -0.26889
vn -0.60341 -0.74038 -0.29621
vn -0.57611 -0.74038 -0.34632
vn -0.64878 -0.74362 -0.16157
vn -0.64479 -0.74038 -0.18997
vn -0.62635 -0.74038 -0.24397
vn -0.66676 -0.74362 -0.0496
vn -0.66762 -0.74038 -0.07827
vn -0.65858 -0.74038 -0.13461
vn -0.66555 -0.74362 0.0638
vn -0.67124 -0.74038 0.03568
vn -0.67185 -0.74038 -0.02137
vn -0.64519 -0.74362 0.17536
vn -0.65556 -0.74038 0.14861
vn -0.6658 -0.74038 0.09248
vn -0.60628 -0.74362 0.28187
vn -0.62101 -0.74038 0.25726
vn -0.64059 -0.74038 0.20367
vn -0.54992 -0.74362 0.38028
vn -0.5686 -0.74038 0.35851
vn -0.59696 -0.74038 0.309
vn -0.47774 -0.74362 0.46775
vn -0.49984 -0.74038 0.44945
vn -0.53615 -0.74038 0.40544
vn -0.39182 -0.74362 0.54176
vn -0.41669 -0.74038 0.52746
vn -0.45992 -0.74038 0.49022
vn -0.29463 -0.74362 0.60018
vn -0.32155 -0.74038 0.59029
vn -0.37046 -0.74038 0.5609
vn -0.18896 -0.74362 0.64134
vn -0.21717 -0.74038 0.63615
vn -0.27034 -0.74038 0.61544
vn -0.07785 -0.74362 0.66405
vn -0.10654 -0.74038 0.6637
vn -0.16244 -0.74038 0.65227
vn 0.03549 -0.74362 0.66766
vn 0.00716 -0.74038 0.67215
vn -0.04987 -0.74038 0.67034
vn 0.14782 -0.74362 0.65206
vn 0.12065 -0.74038 0.66128
vn 0.06414 -0.74038 0.66913
vn 0.33406 -0.74038 0.58331
vn 0.28339 -0.74038 0.60954
vn 0.25589 -0.74362 0.61769
vn 0.23067 -0.74038 0.63137
vn 0.1763 -0.74038 0.64866
vn -0.48619 0.51895 -0.70307
vn -0.48619 0.51895 -0.70307
vn -0.54406 0.51895 -0.65931
vn -0.54406 0.51895 -0.65931
vn -0.59801 0.51895 -0.61079
vn -0.59801 0.51895 -0.61079
vn -0.64766 0.51895 -0.55788
vn -0.64766 0.51895 -0.55788
vn -0.69264 0.51895 -0.50094
vn -0.69264 0.51895 -0.50094
vn -0.73262 0.51895 -0.4404
vn -0.73262 0.51895 -0.4404
vn -0.76733 0.51895 -0.37668
vn -0.76733 0.51895 -0.37668
vn -0.79651 0.51895 -0.31025
vn -0.79651 0.51895 -0.31025
vn -0.81996 0.51895 -0.24158
vn -0.81996 0.51895 -0.24158
vn -0.83749 0.51895 -0.17118
vn -0.83749 0.51895 -0.17118
vn -0.84899 0.51895 -0.09954
vn -0.84899 0.51895 -0.09954
vn -0.85437 0.51895 -0.02718
vn -0.85437 0.51895 -0.02718
vn -0.8536 0.51895 0.04538
vn -0.8536 0.51895 0.04538
vn -0.84668 0.51895 0.1176
vn -0.84668 0.51895 0.1176
vn -0.83365 0.51895 0.18898
vn -0.83365 0.51895 0.18898
vn -0.81462 0.51895 0.259
vn -0.81462 0.51895 0.259
vn -0.78972 0.51895 0.32715
vn -0.78972 0.51895 0.32715
vn -0.75913 0.51895 0.39295
vn -0.72307 0.51895 0.45591
vn -0.72307 0.51895 0.45591
vn -0.68181 0.51895 0.51559
vn -0.68181 0.51895 0.51559
vn -0.63562 0.51895 0.57155
vn -0.63562 0.51895 0.57155
vn -0.58486 0.51895 0.6234
vn -0.58486 0.51895 0.6234
vn -0.52989 0.51895 0.67075
vn -0.52989 0.51895 0.67075
vn -0.4711 0.51895 0.71327
vn -0.4711 0.51895 0.71327
vn -0.40891 0.51895 0.75066
vn -0.40891 0.51895 0.75066
vn -0.34378 0.51895 0.78263
vn -0.34378 0.51895 0.78263
vn -0.27617 0.51895 0.80896
vn -0.27617 0.51895 0.80896
vn -0.20657 0.51895 0.82947
vn -0.20657 0.51895 0.82947
vn -0.13548 0.51895 0.844
vn -0.13548 0.51895 0.844
vn -0.06341 0.51895 0.85245
vn -0.06341 0.51895 0.85245
vn 0.00911 0.51895 0.85476
vn 0.00911 0.51895 0.85476
vn 0.08156 0.51895 0.8509
vn 0.08156 0.51895 0.8509
vn 0.15343 0.51895 0.84092
vn 0.15343 0.51895 0.84092
vn 0.22419 0.51895 0.82488
vn 0.22419 0.51895 0.82488
vn 0.29334 0.51895 0.8029
vn 0.29334 0.51895 0.8029
vn 0.36037 0.51895 0.77513
vn 0.36037 0.51895 0.77513
vn 0.42481 0.51895 0.74177
vn 0.42481 0.51895 0.74177
vn 0.48619 0.51895 0.70307
vn 0.48619 0.51895 0.70307
vn 0.54406 0.51895 0.65931
vn 0.54406 0.51895 0.65931
vn 0.59801 0.51895 0.61079
vn 0.59801 0.51895 0.61079
vn 0.64766 0.51895 0.55788
vn 0.64766 0.51895 0.55788
vn 0.69264 0.51895 0.50094
vn 0.69264 0.51895 0.50094
vn 0.73262 0.51895 0.4404
vn 0.73262 0.51895 0.4404
vn 0.76733 0.51895 0.37668
vn 0.76733 0.51895 0.37668
vn 0.79651 0.51895 0.31025
vn 0.79651 0.51895 0.31025
vn 0.81996 0.51895 0.24158
vn 0.81996 0.51895 0.24158
vn 0.83749 0.51895 0.17118
vn 0.83749 0.51895 0.17118
vn 0.84899 0.51895 0.09954
vn 0.84899 0.51895 0.09954
vn 0.85437 0.51895 0.02718
vn 0.85437 0.51895 0.02718
vn 0.8536 0.51895 -0.04538
vn 0.8536 0.51895 -0.04538
vn 0.84668 0.51895 -0.1176
vn 0.84668 0.51895 -0.1176
vn 0.83365 0.51895 -0.18898
vn 0.83365 0.51895 -0.18898
vn 0.81462 0.51895 -0.259
vn 0.81462 0.51895 -0.259
vn 0.78972 0.51895 -0.32715
vn 0.78972 0.51895 -0.32715
vn 0.75913 0.51895 -0.39295
vn 0.72307 0.51895 -0.45591
vn 0.72307 0.51895 -0.45591
vn 0.68181 0.51895 -0.51559
vn 0.68181 0.51895 -0.51559
vn 0.63562 0.51895 -0.57155
vn 0.63562 0.51895 -0.57155
vn 0.58486 0.51895 -0.6234
vn 0.58486 0.51895 -0.6234
vn 0.52989 0.51895 -0.67075
vn 0.52989 0.51895 -0.67075
vn 0.4711 0.51895 -0.71327
vn 0.4711 0.51895 -0.71327
vn 0.40891 0.51895 -0.75066
vn 0.40891 0.51895 -0.75066
vn 0.34378 0.51895 -0.78263
vn 0.34378 0.51895 -0.78263
vn 0.27617 0.51895 -0.80896
vn 0.27617 0.51895 -0.80896
vn 0.20657 0.51895 -0.82947
vn 0.20657 0.51895 -0.82947
vn 0.13548 0.51895 -0.844
vn 0.13548 0.51895 -0.844
vn 0.06341 0.51895 -0.85245
vn 0.06341 0.51895 -0.85245
vn -0.00911 0.51895 -0.85476
vn -0.00911 0.51895 -0.85476
vn -0.08156 0.51895 -0.8509
vn -0.08156 0.51895 -0.8509
vn -0.15343 0.51895 -0.84092
vn -0.15343 0.51895 -0.84092
vn -0.22419 0.51895 -0.82488
vn -0.22419 0.51895 -0.82488
vn -0.29334 0.51895 -0.8029
vn -0.29334 0.51895 -0.8029
vn -0.36037 0.51895 -0.77513
vn -0.36037 0.51895 -0.77513
vn -0.42481 0.51895 -0.74177
vn -0.42481 0.51895 -0.74177
vn 0.65475 -0.50322 0.56398
vn 0.67079 -0.51886 0.52992
vn 0.59761 -0.51989 0.61039
vn 0.57436 -0.51197 0.63875
vn 0.5437 -0.51989 0.65887
vn 0.69217 -0.51989 0.50061
vn 0.73214 -0.51989 0.44011
vn 0.75434 -0.51197 0.41092
vn 0.76682 -0.51989 0.37643
vn 0.79598 -0.51989 0.31004
vn 0.81294 -0.51197 0.27752
vn 0.81941 -0.51989 0.24142
vn 0.84405 -0.51886 0.13549
vn 0.84666 -0.50322 0.17305
vn 0.84842 -0.51989 0.09947
vn 0.85481 -0.51886 -0.00911
vn 0.86372 -0.50322 0.02748
vn 0.85303 -0.51989 -0.04535
vn 0.84097 -0.51886 -0.15344
vn 0.85594 -0.50322 -0.11889
vn 0.8331 -0.51989 -0.18886
vn 0.80295 -0.51886 -0.29336
vn 0.82354 -0.50322 -0.26183
vn 0.7892 -0.51989 -0.32693
vn 0.74182 -0.51886 -0.42484
vn 0.76744 -0.50322 -0.39725
vn 0.72259 -0.51989 -0.4556
vn 0.65935 -0.51886 -0.54409
vn 0.68927 -0.50322 -0.52123
vn 0.6352 -0.51989 -0.57117
vn 0.55791 -0.51886 -0.6477
vn 0.59127 -0.50322 -0.63022
vn 0.52954 -0.51989 -0.6703
vn 0.44043 -0.51886 -0.73267
vn 0.47625 -0.50322 -0.72108
vn 0.40864 -0.51989 -0.75015
vn 0.34355 -0.51989 -0.78211
vn 0.31178 -0.51197 -0.80043
vn 0.27598 -0.51989 -0.80842
vn 0.17119 -0.51886 -0.83754
vn 0.20883 -0.50322 -0.83855
vn 0.13539 -0.51989 -0.84344
vn 0.02718 -0.51886 -0.85443
vn 0.06411 -0.50322 -0.86178
vn -0.0091 -0.51989 -0.85419
vn -0.08151 -0.51989 -0.85034
vn -0.11818 -0.51197 -0.85084
vn -0.15333 -0.51989 -0.84036
vn -0.25902 -0.51886 -0.81467
vn -0.22665 -0.50322 -0.83391
vn -0.29314 -0.51989 -0.80236
vn -0.39297 -0.51886 -0.75918
vn -0.36432 -0.50322 -0.78361
vn -0.42453 -0.51989 -0.74128
vn -0.48586 -0.51989 -0.7026
vn -0.51812 -0.51197 -0.68516
vn -0.5437 -0.51989 -0.65887
vn -0.62344 -0.51886 -0.5849
vn -0.60456 -0.50322 -0.61748
vn -0.64723 -0.51989 -0.55751
vn -0.71332 -0.51886 -0.47113
vn -0.70022 -0.50322 -0.50643
vn -0.73214 -0.51989 -0.44011
vn -0.76682 -0.51989 -0.37643
vn -0.78648 -0.51197 -0.34547
vn -0.79598 -0.51989 -0.31004
vn -0.82952 -0.51886 -0.20658
vn -0.82893 -0.50322 -0.24423
vn -0.83693 -0.51989 -0.17106
vn -0.8525 -0.51886 -0.06342
vn -0.85828 -0.50322 -0.10063
vn -0.8538 -0.51989 -0.02716
vn -0.85303 -0.51989 0.04535
vn -0.85509 -0.51197 0.08196
vn -0.84611 -0.51989 0.11752
vn -0.8331 -0.51989 0.18886
vn -0.82893 -0.51197 0.22529
vn -0.81408 -0.51989 0.25883
vn -0.7892 -0.51989 0.32693
vn -0.77894 -0.51197 0.36215
vn -0.75863 -0.51989 0.39268
vn -0.72259 -0.51989 0.4556
vn -0.70653 -0.51197 0.48858
vn -0.68135 -0.51989 0.51524
vn -0.6352 -0.51989 0.57117
vn -0.6138 -0.51197 0.60095
vn -0.58447 -0.51989 0.62298
vn -0.52954 -0.51989 0.6703
vn -0.50341 -0.51197 0.69604
vn -0.47078 -0.51989 0.7128
vn -0.37671 -0.51886 0.76738
vn -0.41338 -0.50322 0.75887
vn -0.34355 -0.51989 0.78211
vn -0.27598 -0.51989 0.80842
vn -0.24277 -0.51197 0.82399
vn -0.20643 -0.51989 0.82892
vn -0.09954 -0.51886 0.84904
vn -0.13696 -0.50322 0.85324
vn -0.06337 -0.51989 0.85188
vn 0.0091 -0.51989 0.85419
vn 0.0456 -0.51197 0.85779
vn 0.08151 -0.51989 0.85034
vn 0.18899 -0.51886 0.8337
vn 0.15511 -0.50322 0.85013
vn 0.22404 -0.51989 0.82433
vn 0.29314 -0.51989 0.80236
vn 0.32876 -0.51197 0.7936
vn 0.36013 -0.51989 0.77461
vn 0.45594 -0.51886 0.72312
vn 0.42946 -0.50322 0.74989
vn 0.48586 -0.51989 0.7026
f 1//1 2//1 3//1
f 3//2 2//2 4//2
f 3//2 4//2 5//2
f 5//3 4//3 6//3
f 5//3 6//3 7//3
f 7//4 6//4 8//4
f 7//4 8//4 9//4
f 9//5 8//5 10//5
f 9//5 10//5 11//5
f 11//6 10//6 12//6
f 11//6 12//6 13//6
f 13//7 12//7 14//7
f 13//7 14//7 15//7
f 15//8 14//8 16//8
f 15//8 16//8 17//8
f 17//9 16//9 18//9
f 17//9 18//9 19//9
f 19//10 18//10 20//10
f 19//10 20//10 21//10
f 21//11 20//11 22//11
f 21//11 22//11 23//11
f 23//12 22//12 24//12
f 23//12 24//12 25//12
f 25//13 24//13 26//13
f 25//13 26//13 27//13
f 27//14 26//14 28//14
f 27//14 28//14 29//14
f 29//15 28//15 30//15
f 29//15 30//15 31//15
f 31//16 30//16 32//16
f 31//16 32//16 33//16
f 33//17 32//17 34//17
f 33//17 34//17 35//17
f 35//18 34//18 36//18
f 35//18 36//18 37//18
f 37//19 36//19 38//19
f 37//19 38//19 39//19
f 39//20 38//20 1//20
f 39//21 1//21 3//21
f 40//22 29//22 41//22
f 41//22 29//22 31//22
f 41//22 31//22 42//22
f 42//22 31//22 33//22
f 42//22 33//22 43//22
f 43//22 33//22 35//22
f 43//22 35//22 44//22
f 44//22 35//22 37//22
f 44//22 37//22 45//22
f 46//22 15//22 47//22
f 47//22 15//22 17//22
f 47//22 17//22 48//22
f 48//22 17//22 19//22
f 48//22 19//22 49//22
f 49//22 19//22 21//22
f 49//22 21//22 50//22
f 50//22 21//22 23//22
f 50//22 23//22 51//22
f 51//22 23//22 25//22
f 51//22 25//22 40//22
f 40//22 25//22 27//22
f 40//22 27//22 29//22
f 37//22 39//22 45//22
f 45//22 39//22 3//22
f 45//22 3//22 52//22
f 52//22 3//22 5//22
f 52//22 5//22 53//22
f 53//22 5//22 7//22
f 53//22 7//22 54//22
f 54//22 7//22 9//22
f 54//22 9//22 55//22
f 55//22 9//22 11//22
f 55//22 11//22 46//22
f 46//22 11//22 13//22
f 46//22 13//22 15//22
f 49//23 56//23 48//23
f 48//24 56//24 57//24
f 48//24 57//24 47//24
f 47//25 57//25 58//25
f 47//25 58//25 46//25
f 46//26 58//26 59//26
f 46//27 59//27 55//27
f 55//28 59//28 60//28
f 55//29 60//29 54//29
f 54//30 60//30 61//30
f 54//30 61//30 53//30
f 53//31 61//31 62//31
f 53//31 62//31 52//31
f 52//32 62//32 63//32
f 52//32 63//32 45//32
f 45//33 63//33 64//33
f 45//33 64//33 44//33
f 44//34 64//34 65//34
f 44//34 65//34 43//34
f 43//35 65//35 66//35
f 43//35 66//35 42//35
f 42//36 66//36 67//36
f 42//37 67//37 41//37
f 41//38 67//38 68//38
f 41//39 68//39 40//39
f 40//40 68//40 69//40
f 40//40 69//40 51//40
f 51//41 69//41 70//41
f 51//41 70//41 50//41
f 50//42 70//42 71//42
f 50//42 71//42 49//42
f 49//23 71//23 56//23
f 72//22 73//22 74//22
f 74//22 73//22 75//22
f 74//22 75//22 76//22
f 75//22 77//22 76//22
f 76//22 77//22 78//22
f 76//22 78//22 79//22
f 79//22 78//22 80//22
f 79//22 80//22 81//22
f 81//22 80//22 82//22
f 81//22 82//22 83//22
f 84//22 85//22 86//22
f 86//22 85//22 87//22
f 86//22 87//22 88//22
f 88//22 87//22 89//22
f 88//22 89//22 72//22
f 72//22 89//22 90//22
f 72//22 90//22 73//22
f 82//22 91//22 83//22
f 83//22 91//22 92//22
f 83//22 92//22 93//22
f 93//22 92//22 94//22
f 93//22 94//22 95//22
f 95//22 94//22 96//22
f 95//22 96//22 97//22
f 97//22 96//22 98//22
f 97//22 98//22 84//22
f 84//22 98//22 99//22
f 84//22 99//22 85//22
f 100//43 101//43 102//43
f 103//44 101//44 100//44
f 100//45 104//45 105//45
f 106//46 104//46 100//46
f 102//47 106//47 100//47
f 100//48 107//48 108//48
f 109//49 107//49 100//49
f 105//50 109//50 100//50
f 100//51 110//51 111//51
f 112//52 110//52 100//52
f 108//53 112//53 100//53
f 111//54 103//54 100//54
f 103//55 95//55 101//55
f 101//55 95//55 97//55
f 101//56 97//56 102//56
f 102//56 97//56 84//56
f 102//57 84//57 106//57
f 106//58 84//58 86//58
f 106//59 86//59 104//59
f 104//60 86//60 88//60
f 104//61 88//61 105//61
f 105//61 88//61 72//61
f 105//62 72//62 109//62
f 109//62 72//62 74//62
f 109//63 74//63 107//63
f 107//63 74//63 76//63
f 107//64 76//64 108//64
f 108//64 76//64 79//64
f 108//65 79//65 112//65
f 112//66 79//66 81//66
f 112//67 81//67 110//67
f 110//68 81//68 83//68
f 110//69 83//69 111//69
f 111//69 83//69 93//69
f 111//70 93//70 103//70
f 103//70 93//70 95//70
f 113//71 114//71 115//71
f 115//71 114//71 116//71
f 115//72 116//72 117//72
f 117//72 116//72 118//72
f 117//73 118//73 119//73
f 119//73 118//73 120//73
f 119//74 120//74 121//74
f 121//74 120//74 122//74
f 121//75 122//75 123//75
f 123//75 122//75 124//75
f 123//76 124//76 125//76
f 125//76 124//76 126//76
f 125//77 126//77 127//77
f 127//77 126//77 128//77
f 127//78 128//78 129//78
f 129//78 128//78 130//78
f 129//79 130//79 131//79
f 131//79 130//79 132//79
f 131//80 132//80 133//80
f 133//80 132//80 134//80
f 133//81 134//81 135//81
f 135//81 134//81 136//81
f 135//82 136//82 137//82
f 137//82 136//82 138//82
f 137//83 138//83 139//83
f 139//83 138//83 140//83
f 139//84 140//84 141//84
f 141//84 140//84 142//84
f 141//85 142//85 143//85
f 143//85 142//85 144//85
f 143//86 144//86 145//86
f 145//86 144//86 146//86
f 145//87 146//87 147//87
f 147//87 146//87 148//87
f 147//88 148//88 149//88
f 149//88 148//88 150//88
f 149//89 150//89 151//89
f 151//89 150//89 152//89
f 151//90 152//90 153//90
f 153//90 152//90 154//90
f 153//91 154//91 155//91
f 155//91 154//91 156//91
f 155//92 156//92 157//92
f 157//92 156//92 158//92
f 157//93 158//93 159//93
f 159//93 158//93 160//93
f 159//94 160//94 161//94
f 161//94 160//94 162//94
f 161//95 162//95 163//95
f 163//95 162//95 164//95
f 163//96 164//96 165//96
f 165//96 164//96 166//96
f 165//97 166//97 167//97
f 167//97 166//97 168//97
f 167//98 168//98 169//98
f 169//98 168//98 170//98
f 169//99 170//99 113//99
f 113//99 170//99 114//99
f 171//22 161//22 172//22
f 172//22 161//22 163//22
f 172//22 163//22 173//22
f 174//22 155//22 175//22
f 175//22 155//22 157//22
f 175//22 157//22 171//22
f 171//22 157//22 159//22
f 171//22 159//22 161//22
f 176//22 121//22 177//22
f 177//22 121//22 123//22
f 177//22 123//22 178//22
f 179//22 149//22 180//22
f 180//22 149//22 151//22
f 180//22 151//22 174//22
f 174//22 151//22 153//22
f 174//22 153//22 155//22
f 181//22 143//22 182//22
f 182//22 143//22 145//22
f 182//22 145//22 179//22
f 179//22 145//22 147//22
f 179//22 147//22 149//22
f 163//22 165//22 173//22
f 173//22 165//22 167//22
f 173//22 167//22 183//22
f 183//22 167//22 169//22
f 183//22 169//22 184//22
f 184//22 169//22 113//22
f 184//22 113//22 185//22
f 185//22 113//22 115//22
f 185//22 115//22 186//22
f 186//22 115//22 117//22
f 186//22 117//22 176//22
f 176//22 117//22 119//22
f 176//22 119//22 121//22
f 187//22 137//22 188//22
f 188//22 137//22 139//22
f 188//22 139//22 181//22
f 181//22 139//22 141//22
f 181//22 141//22 143//22
f 189//22 131//22 190//22
f 190//22 131//22 133//22
f 190//22 133//22 187//22
f 187//22 133//22 135//22
f 187//22 135//22 137//22
f 123//22 125//22 178//22
f 178//22 125//22 127//22
f 178//22 127//22 189//22
f 189//22 127//22 129//22
f 189//22 129//22 131//22
f 191//100 192//100 193//100
f 194//101 192//101 191//101
f 191//102 195//102 196//102
f 197//103 195//103 191//103
f 193//104 197//104 191//104
f 191//105 198//105 199//105
f 200//106 198//106 191//106
f 196//107 200//107 191//107
f 191//108 201//108 202//108
f 203//109 201//109 191//109
f 199//110 203//110 191//110
f 202//111 194//111 191//111
f 204//100 205//100 206//100
f 207//101 205//101 204//101
f 204//102 208//102 209//102
f 210//103 208//103 204//103
f 206//104 210//104 204//104
f 204//105 211//105 212//105
f 213//106 211//106 204//106
f 209//107 213//107 204//107
f 204//108 214//108 215//108
f 216//109 214//109 204//109
f 212//110 216//110 204//110
f 215//111 207//111 204//111
f 217//100 218//100 219//100
f 220//101 218//101 217//101
f 217//102 221//102 222//102
f 223//103 221//103 217//103
f 219//104 223//104 217//104
f 217//105 224//105 225//105
f 226//106 224//106 217//106
f 222//107 226//107 217//107
f 217//108 227//108 228//108
f 229//109 227//109 217//109
f 225//110 229//110 217//110
f 228//111 220//111 217//111
f 230//100 231//100 232//100
f 233//101 231//101 230//101
f 230//102 234//102 235//102
f 236//103 234//103 230//103
f 232//104 236//104 230//104
f 230//105 237//105 238//105
f 239//106 237//106 230//106
f 235//107 239//107 230//107
f 230//108 240//108 241//108
f 242//109 240//109 230//109
f 238//110 242//110 230//110
f 241//111 233//111 230//111
f 243//112 244//112 245//112
f 243//112 245//112 246//112
f 246//113 245//113 247//113
f 246//113 247//113 248//113
f 248//114 247//114 249//114
f 248//114 249//114 250//114
f 250//115 249//115 251//115
f 250//115 251//115 252//115
f 252//116 251//116 253//116
f 252//116 253//116 254//116
f 254//117 253//117 255//117
f 254//117 255//117 256//117
f 257//118 256//118 258//118
f 258//118 256//118 255//118
f 259//119 260//119 261//119
f 261//119 260//119 262//119
f 262//120 260//120 263//120
f 262//120 263//120 264//120
f 264//121 263//121 265//121
f 264//121 265//121 266//121
f 266//122 265//122 267//122
f 266//122 267//122 268//122
f 268//123 267//123 269//123
f 268//123 269//123 270//123
f 270//124 269//124 271//124
f 270//124 271//124 272//124
f 272//125 271//125 273//125
f 272//125 273//125 274//125
f 275//126 274//126 276//126
f 276//126 274//126 273//126
f 277//127 278//127 279//127
f 279//127 278//127 280//127
f 279//128 280//128 281//128
f 280//128 282//128 281//128
f 281//129 282//129 283//129
f 281//130 283//130 284//130
f 284//131 283//131 285//131
f 284//132 285//132 286//132
f 286//132 285//132 287//132
f 286//133 287//133 288//133
f 288//133 287//133 289//133
f 290//134 291//134 292//134
f 292//134 291//134 293//134
f 293//135 291//135 294//135
f 293//135 294//135 295//135
f 295//136 294//136 296//136
f 295//136 296//136 297//136
f 297//137 296//137 298//137
f 297//137 298//137 299//137
f 299//138 298//138 300//138
f 299//138 300//138 301//138
f 301//139 300//139 302//139
f 301//139 302//139 303//139
f 303//140 302//140 304//140
f 303//140 304//140 305//140
f 306//141 305//141 307//141
f 307//141 305//141 304//141
f 308//142 309//142 310//142
f 310//142 309//142 311//142
f 310//143 311//143 312//143
f 311//143 313//143 312//143
f 312//144 313//144 314//144
f 312//145 314//145 315//145
f 315//146 314//146 316//146
f 315//147 316//147 317//147
f 317//147 316//147 318//147
f 317//148 318//148 319//148
f 319//148 318//148 320//148
f 321//149 322//149 323//149
f 323//149 322//149 324//149
f 324//150 322//150 325//150
f 324//150 325//150 326//150
f 326//151 325//151 327//151
f 326//151 327//151 328//151
f 328//152 327//152 329//152
f 328//152 329//152 330//152
f 330//153 329//153 331//153
f 330//153 331//153 332//153
f 332//154 331//154 333//154
f 332//154 333//154 334//154
f 334//155 333//155 335//155
f 334//155 335//155 336//155
f 337//156 336//156 338//156
f 338//156 336//156 335//156
f 339//157 340//157 341//157
f 341//157 340//157 342//157
f 341//158 342//158 343//158
f 342//158 344//158 343//158
f 343//159 344//159 345//159
f 343//160 345//160 346//160
f 346//161 345//161 347//161
f 346//162 347//162 348//162
f 348//162 347//162 349//162
f 348//163 349//163 350//163
f 350//163 349//163 351//163
f 352//164 244//164 353//164
f 353//164 244//164 243//164
f 194//165 354//165 192//165
f 192//165 354//165 355//165
f 192//56 355//56 193//56
f 193//56 355//56 356//56
f 193//166 356//166 197//166
f 197//166 356//166 357//166
f 197//167 357//167 195//167
f 195//167 357//167 358//167
f 195//69 358//69 196//69
f 196//69 358//69 359//69
f 196//168 359//168 200//168
f 200//168 359//168 360//168
f 200//169 360//169 198//169
f 198//169 360//169 361//169
f 198//64 361//64 199//64
f 199//64 361//64 362//64
f 199//170 362//170 203//170
f 203//170 362//170 363//170
f 203//171 363//171 201//171
f 201//171 363//171 364//171
f 201//61 364//61 202//61
f 202//61 364//61 365//61
f 202//172 365//172 194//172
f 194//172 365//172 354//172
f 207//165 366//165 205//165
f 205//165 366//165 367//165
f 205//56 367//56 206//56
f 206//56 367//56 368//56
f 206//166 368//166 210//166
f 210//166 368//166 369//166
f 210//167 369//167 208//167
f 208//167 369//167 370//167
f 208//69 370//69 209//69
f 209//69 370//69 371//69
f 209//168 371//168 213//168
f 213//168 371//168 372//168
f 213//169 372//169 211//169
f 211//169 372//169 373//169
f 211//64 373//64 212//64
f 212//64 373//64 374//64
f 212//170 374//170 216//170
f 216//170 374//170 375//170
f 216//171 375//171 214//171
f 214//171 375//171 376//171
f 214//61 376//61 215//61
f 215//61 376//61 377//61
f 215//172 377//172 207//172
f 207//172 377//172 366//172
f 220//165 378//165 218//165
f 218//165 378//165 379//165
f 218//56 379//56 219//56
f 219//56 379//56 380//56
f 219//166 380//166 223//166
f 223//166 380//166 381//166
f 223//167 381//167 221//167
f 221//167 381//167 382//167
f 221//69 382//69 222//69
f 222//69 382//69 383//69
f 222//168 383//168 226//168
f 226//168 383//168 384//168
f 226//169 384//169 224//169
f 224//169 384//169 385//169
f 224//64 385//64 225//64
f 225//64 385//64 386//64
f 225//170 386//170 229//170
f 229//170 386//170 387//170
f 229//171 387//171 227//171
f 227//171 387//171 388//171
f 227//61 388//61 228//61
f 228//61 388//61 389//61
f 228//172 389//172 220//172
f 220//172 389//172 378//172
f 233//165 390//165 231//165
f 231//165 390//165 391//165
f 231//56 391//56 232//56
f 232//56 391//56 392//56
f 232//166 392//166 236//166
f 236//166 392//166 393//166
f 236//167 393//167 234//167
f 234//167 393//167 394//167
f 234//69 394//69 235//69
f 235//69 394//69 395//69
f 235//168 395//168 239//168
f 239//168 395//168 396//168
f 239//169 396//169 237//169
f 237//169 396//169 397//169
f 237//64 397//64 238//64
f 238//64 397//64 398//64
f 238//170 398//170 242//170
f 242//170 398//170 399//170
f 242//171 399//171 240//171
f 240//171 399//171 400//171
f 240//61 400//61 241//61
f 241//61 400//61 401//61
f 241//172 401//172 233//172
f 233//172 401//172 390//172
f 402//173 403//173 404//173
f 404//174 403//174 405//174
f 404//175 405//175 406//175
f 407//176 408//176 409//176
f 409//177 408//177 410//177
f 409//178 410//178 411//178
f 412//179 413//179 414//179
f 412//180 414//180 415//180
f 415//181 414//181 416//181
f 415//182 416//182 405//182
f 405//183 416//183 417//183
f 405//184 417//184 406//184
f 418//185 419//185 420//185
f 421//186 422//186 423//186
f 423//187 422//187 424//187
f 423//188 424//188 412//188
f 412//189 424//189 425//189
f 412//190 425//190 413//190
f 426//191 427//191 409//191
f 409//191 427//191 403//191
f 409//192 403//192 407//192
f 407//193 403//193 402//193
f 420//194 421//194 418//194
f 418//195 421//195 423//195
f 418//196 423//196 428//196
f 428//196 423//196 429//196
f 254//197 256//197 430//197
f 430//197 256//197 257//197
f 243//197 246//197 334//197
f 301//197 303//197 315//197
f 315//197 303//197 305//197
f 431//197 432//197 428//197
f 428//197 432//197 261//197
f 428//197 261//197 418//197
f 418//197 261//197 433//197
f 418//197 433//197 419//197
f 434//197 435//197 257//197
f 257//197 435//197 426//197
f 257//197 426//197 430//197
f 430//197 426//197 409//197
f 430//197 409//197 411//197
f 248//197 330//197 246//197
f 246//197 330//197 332//197
f 246//197 332//197 334//197
f 436//197 339//197 243//197
f 243//197 339//197 341//197
f 243//197 341//197 343//197
f 437//197 436//197 337//197
f 337//197 436//197 243//197
f 337//197 243//197 336//197
f 336//197 243//197 334//197
f 438//197 292//197 274//197
f 274//197 292//197 293//197
f 274//197 293//197 272//197
f 272//197 293//197 295//197
f 272//197 295//197 270//197
f 270//197 295//197 297//197
f 270//197 297//197 299//197
f 274//197 284//197 286//197
f 275//197 439//197 440//197
f 438//197 274//197 441//197
f 441//197 274//197 286//197
f 441//197 286//197 288//197
f 442//197 443//197 319//197
f 319//197 443//197 323//197
f 319//197 323//197 317//197
f 317//197 323//197 324//197
f 317//197 324//197 315//197
f 315//197 324//197 270//197
f 315//197 270//197 301//197
f 301//197 270//197 299//197
f 444//197 250//197 430//197
f 430//197 250//197 252//197
f 430//197 252//197 254//197
f 324//197 326//197 270//197
f 270//197 326//197 328//197
f 270//197 328//197 268//197
f 268//197 328//197 330//197
f 268//197 330//197 266//197
f 266//197 330//197 248//197
f 266//197 248//197 250//197
f 440//197 277//197 275//197
f 275//197 277//197 279//197
f 275//197 279//197 274//197
f 274//197 279//197 281//197
f 274//197 281//197 284//197
f 306//197 445//197 446//197
f 447//197 448//197 350//197
f 350//197 448//197 353//197
f 350//197 353//197 348//197
f 348//197 353//197 243//197
f 348//197 243//197 346//197
f 346//197 243//197 343//197
f 261//197 262//197 433//197
f 433//197 262//197 264//197
f 433//197 264//197 449//197
f 449//197 264//197 266//197
f 449//197 266//197 450//197
f 450//197 266//197 250//197
f 450//197 250//197 451//197
f 451//197 250//197 444//197
f 446//197 308//197 306//197
f 306//197 308//197 310//197
f 306//197 310//197 305//197
f 305//197 310//197 312//197
f 305//197 312//197 315//197
f 452//198 433//198 449//198
f 444//199 430//199 453//199
f 453//200 454//200 444//200
f 444//201 454//201 455//201
f 444//202 455//202 451//202
f 455//203 456//203 451//203
f 451//204 456//204 457//204
f 451//205 457//205 450//205
f 457//206 458//206 450//206
f 450//207 458//207 459//207
f 450//208 459//208 449//208
f 449//209 459//209 460//209
f 449//210 460//210 452//210
f 401//197 461//197 462//197
f 397//197 249//197 398//197
f 398//197 249//197 247//197
f 398//197 247//197 399//197
f 395//197 463//197 464//197
f 401//197 462//197 390//197
f 390//197 462//197 465//197
f 390//197 465//197 391//197
f 391//197 465//197 466//197
f 391//197 466//197 392//197
f 392//197 466//197 467//197
f 392//197 467//197 393//197
f 247//197 245//197 399//197
f 399//197 245//197 244//197
f 399//197 244//197 400//197
f 395//197 394//197 463//197
f 463//197 394//197 468//197
f 463//197 468//197 427//197
f 393//197 467//197 394//197
f 394//197 467//197 469//197
f 394//197 469//197 468//197
f 244//197 352//197 400//197
f 400//197 352//197 470//197
f 400//197 470//197 401//197
f 401//197 470//197 471//197
f 401//197 471//197 461//197
f 464//197 258//197 395//197
f 395//197 258//197 255//197
f 395//197 255//197 396//197
f 396//197 255//197 253//197
f 396//197 253//197 397//197
f 397//197 253//197 251//197
f 397//197 251//197 249//197
f 373//197 472//197 374//197
f 374//197 472//197 473//197
f 474//197 368//197 475//197
f 475//197 368//197 367//197
f 366//197 260//197 367//197
f 367//197 260//197 259//197
f 367//197 259//197 475//197
f 376//197 267//197 377//197
f 377//197 267//197 265//197
f 377//197 265//197 366//197
f 366//197 265//197 263//197
f 366//197 263//197 260//197
f 474//197 476//197 368//197
f 368//197 476//197 477//197
f 368//197 477//197 369//197
f 369//197 477//197 478//197
f 369//197 478//197 370//197
f 370//197 478//197 479//197
f 370//197 479//197 371//197
f 371//197 479//197 480//197
f 371//197 480//197 372//197
f 372//197 480//197 481//197
f 372//197 481//197 373//197
f 373//197 481//197 482//197
f 373//197 482//197 472//197
f 483//197 280//197 482//197
f 482//197 280//197 278//197
f 482//197 278//197 472//197
f 473//197 276//197 374//197
f 374//197 276//197 273//197
f 374//197 273//197 375//197
f 375//197 273//197 271//197
f 375//197 271//197 376//197
f 376//197 271//197 269//197
f 376//197 269//197 267//197
f 474//197 429//197 476//197
f 476//197 429//197 423//197
f 476//197 423//197 484//197
f 484//197 423//197 412//197
f 484//197 412//197 485//197
f 485//197 412//197 415//197
f 485//197 415//197 486//197
f 486//197 415//197 405//197
f 486//197 405//197 468//197
f 468//197 405//197 403//197
f 468//197 403//197 427//197
f 389//197 487//197 488//197
f 389//197 388//197 487//197
f 487//197 388//197 489//197
f 487//197 489//197 309//197
f 383//197 490//197 384//197
f 384//197 490//197 491//197
f 384//197 491//197 385//197
f 385//197 491//197 492//197
f 385//197 492//197 386//197
f 386//197 492//197 493//197
f 386//197 493//197 387//197
f 387//197 493//197 494//197
f 387//197 494//197 388//197
f 388//197 494//197 495//197
f 388//197 495//197 489//197
f 291//197 382//197 381//197
f 379//197 298//197 380//197
f 380//197 298//197 296//197
f 380//197 296//197 381//197
f 381//197 296//197 294//197
f 381//197 294//197 291//197
f 488//197 307//197 389//197
f 389//197 307//197 304//197
f 389//197 304//197 378//197
f 378//197 304//197 302//197
f 378//197 302//197 379//197
f 379//197 302//197 300//197
f 379//197 300//197 298//197
f 291//197 290//197 382//197
f 382//197 290//197 496//197
f 382//197 496//197 383//197
f 383//197 496//197 497//197
f 383//197 497//197 490//197
f 490//197 497//197 289//197
f 490//197 289//197 498//197
f 289//197 287//197 498//197
f 498//197 287//197 285//197
f 498//197 285//197 499//197
f 499//197 285//197 283//197
f 499//197 283//197 483//197
f 483//197 283//197 282//197
f 483//197 282//197 280//197
f 354//197 365//197 500//197
f 500//197 365//197 501//197
f 322//197 361//197 360//197
f 355//197 502//197 356//197
f 356//197 502//197 503//197
f 340//197 502//197 504//197
f 504//197 502//197 355//197
f 504//197 355//197 505//197
f 505//197 355//197 354//197
f 505//197 354//197 506//197
f 506//197 354//197 500//197
f 365//197 364//197 501//197
f 501//197 364//197 363//197
f 501//197 363//197 507//197
f 507//197 363//197 362//197
f 507//197 362//197 508//197
f 322//197 321//197 361//197
f 361//197 321//197 509//197
f 361//197 509//197 362//197
f 362//197 509//197 510//197
f 362//197 510//197 508//197
f 358//197 329//197 359//197
f 359//197 329//197 327//197
f 359//197 327//197 360//197
f 360//197 327//197 325//197
f 360//197 325//197 322//197
f 510//197 320//197 508//197
f 508//197 320//197 318//197
f 508//197 318//197 511//197
f 511//197 318//197 316//197
f 511//197 316//197 512//197
f 512//197 316//197 314//197
f 512//197 314//197 513//197
f 513//197 314//197 313//197
f 513//197 313//197 489//197
f 489//197 313//197 311//197
f 489//197 311//197 309//197
f 503//197 338//197 356//197
f 356//197 338//197 335//197
f 356//197 335//197 357//197
f 357//197 335//197 333//197
f 357//197 333//197 358//197
f 358//197 333//197 331//197
f 358//197 331//197 329//197
f 471//197 351//197 461//197
f 461//197 351//197 349//197
f 461//197 349//197 514//197
f 514//197 349//197 347//197
f 514//197 347//197 515//197
f 515//197 347//197 345//197
f 515//197 345//197 516//197
f 516//197 345//197 344//197
f 516//197 344//197 504//197
f 504//197 344//197 342//197
f 504//197 342//197 340//197
f 419//211 433//211 452//211
f 517//212 518//212 420//212
f 420//213 518//213 421//213
f 421//214 518//214 519//214
f 421//215 519//215 422//215
f 422//216 519//216 520//216
f 422//217 520//217 424//217
f 424//218 520//218 521//218
f 424//219 521//219 425//219
f 425//220 521//220 522//220
f 425//221 522//221 413//221
f 453//222 430//222 411//222
f 420//223 419//223 517//223
f 517//211 419//211 452//211
f 517//224 452//224 523//224
f 523//225 452//225 460//225
f 523//226 460//226 524//226
f 524//227 460//227 459//227
f 524//228 459//228 525//228
f 525//229 459//229 458//229
f 525//230 458//230 526//230
f 526//231 458//231 527//231
f 527//232 458//232 457//232
f 527//233 457//233 528//233
f 528//234 457//234 456//234
f 528//235 456//235 529//235
f 456//236 455//236 529//236
f 529//237 455//237 454//237
f 529//238 454//238 530//238
f 530//239 454//239 453//239
f 530//240 453//240 531//240
f 531//222 453//222 411//222
f 531//241 411//241 532//241
f 532//242 411//242 410//242
f 532//243 410//243 533//243
f 533//244 410//244 408//244
f 533//245 408//245 534//245
f 534//246 408//246 407//246
f 534//247 407//247 535//247
f 535//248 407//248 402//248
f 535//249 402//249 536//249
f 536//250 402//250 404//250
f 536//251 404//251 537//251
f 537//252 404//252 406//252
f 537//253 406//253 538//253
f 538//254 406//254 417//254
f 538//255 417//255 539//255
f 539//256 417//256 416//256
f 539//257 416//257 540//257
f 540//258 416//258 414//258
f 540//259 414//259 541//259
f 541//260 414//260 413//260
f 541//261 413//261 542//261
f 542//262 413//262 522//262
f 531//263 532//263 543//263
f 531//264 543//264 530//264
f 544//265 545//265 526//265
f 526//266 527//266 544//266
f 544//267 527//267 528//267
f 544//268 528//268 543//268
f 543//269 528//269 529//269
f 543//270 529//270 530//270
f 533//271 534//271 546//271
f 546//272 534//272 535//272
f 546//273 535//273 536//273
f 536//274 537//274 546//274
f 546//275 537//275 538//275
f 546//276 538//276 547//276
f 547//277 538//277 539//277
f 522//278 521//278 548//278
f 548//279 521//279 520//279
f 548//280 520//280 519//280
f 539//281 540//281 547//281
f 547//282 540//282 541//282
f 547//283 541//283 548//283
f 548//284 541//284 542//284
f 548//285 542//285 522//285
f 519//286 518//286 549//286
f 518//287 517//287 549//287
f 549//288 517//288 523//288
f 549//289 523//289 550//289
f 550//290 523//290 524//290
f 550//291 524//291 545//291
f 545//292 524//292 525//292
f 545//293 525//293 526//293
f 551//294 552//294 553//294
f 553//295 554//295 551//295
f 551//296 554//296 555//296
f 551//297 555//297 556//297
f 555//298 557//298 556//298
f 556//299 557//299 558//299
f 556//300 558//300 559//300
f 558//301 560//301 559//301
f 559//302 560//302 561//302
f 559//303 561//303 562//303
f 561//304 563//304 562//304
f 562//305 563//305 564//305
f 562//306 564//306 565//306
f 564//307 566//307 565//307
f 565//308 566//308 567//308
f 565//309 567//309 568//309
f 567//310 569//310 568//310
f 568//311 569//311 570//311
f 568//312 570//312 571//312
f 570//313 572//313 571//313
f 571//314 572//314 573//314
f 571//315 573//315 574//315
f 573//316 575//316 574//316
f 574//317 575//317 576//317
f 574//318 576//318 577//318
f 576//319 578//319 577//319
f 577//320 578//320 579//320
f 577//321 579//321 580//321
f 579//322 581//322 580//322
f 580//323 581//323 582//323
f 580//324 582//324 583//324
f 582//325 584//325 583//325
f 583//326 584//326 585//326
f 583//327 585//327 586//327
f 585//328 587//328 586//328
f 586//329 587//329 588//329
f 586//330 588//330 589//330
f 588//331 590//331 589//331
f 589//332 590//332 591//332
f 589//333 591//333 592//333
f 591//334 593//334 592//334
f 592//335 593//335 594//335
f 592//336 594//336 595//336
f 594//337 596//337 595//337
f 595//338 596//338 597//338
f 595//339 597//339 598//339
f 597//340 599//340 598//340
f 598//341 599//341 600//341
f 598//342 600//342 601//342
f 600//343 602//343 601//343
f 601//344 602//344 603//344
f 601//345 603//345 604//345
f 604//346 603//346 605//346
f 604//347 605//347 606//347
f 606//348 605//348 607//348
f 606//349 607//349 608//349
f 607//350 609//350 608//350
f 608//351 609//351 610//351
f 608//352 610//352 611//352
f 610//353 612//353 611//353
f 611//354 612//354 613//354
f 611//355 613//355 614//355
f 613//356 615//356 614//356
f 614//357 615//357 616//357
f 614//358 616//358 617//358
f 616//359 618//359 617//359
f 617//360 618//360 619//360
f 617//361 619//361 620//361
f 619//362 621//362 620//362
f 620//363 621//363 622//363
f 620//364 622//364 623//364
f 622//365 624//365 623//365
f 623//366 624//366 625//366
f 623//367 625//367 626//367
f 625//368 627//368 626//368
f 626//369 627//369 628//369
f 626//370 628//370 629//370
f 532//371 533//371 543//371
f 543//372 533//372 546//372
f 543//373 546//373 630//373
f 630//374 546//374 629//374
f 630//375 629//375 631//375
f 631//376 629//376 628//376
f 519//377 549//377 548//377
f 548//378 549//378 632//378
f 548//379 632//379 633//379
f 632//380 634//380 633//380
f 633//381 634//381 635//381
f 633//382 635//382 636//382
f 635//383 637//383 636//383
f 636//384 637//384 638//384
f 636//385 638//385 639//385
f 638//386 640//386 639//386
f 639//387 640//387 641//387
f 639//388 641//388 642//388
f 641//389 643//389 642//389
f 642//390 643//390 644//390
f 642//391 644//391 645//391
f 644//392 646//392 645//392
f 645//393 646//393 647//393
f 645//394 647//394 648//394
f 647//395 649//395 648//395
f 648//396 649//396 650//396
f 648//397 650//397 651//397
f 650//398 652//398 651//398
f 651//399 652//399 653//399
f 651//400 653//400 552//400
f 552//401 653//401 654//401
f 552//402 654//402 553//402
f 156//22 655//22 158//22
f 158//22 655//22 656//22
f 158//22 656//22 160//22
f 160//22 656//22 657//22
f 160//22 657//22 162//22
f 162//22 657//22 658//22
f 162//22 658//22 164//22
f 120//22 659//22 122//22
f 122//22 659//22 660//22
f 122//22 660//22 124//22
f 124//22 660//22 661//22
f 124//22 661//22 126//22
f 126//22 661//22 662//22
f 126//22 662//22 128//22
f 658//22 663//22 164//22
f 164//22 663//22 664//22
f 164//22 664//22 166//22
f 166//22 664//22 665//22
f 166//22 665//22 168//22
f 168//22 665//22 666//22
f 168//22 666//22 170//22
f 170//22 666//22 667//22
f 170//22 667//22 114//22
f 134//22 668//22 136//22
f 136//22 668//22 669//22
f 136//22 669//22 138//22
f 138//22 669//22 670//22
f 138//22 670//22 140//22
f 140//22 670//22 671//22
f 140//22 671//22 142//22
f 662//22 672//22 128//22
f 128//22 672//22 673//22
f 128//22 673//22 130//22
f 130//22 673//22 674//22
f 130//22 674//22 132//22
f 132//22 674//22 675//22
f 132//22 675//22 134//22
f 134//22 675//22 676//22
f 134//22 676//22 668//22
f 667//22 677//22 114//22
f 114//22 677//22 678//22
f 114//22 678//22 116//22
f 116//22 678//22 679//22
f 116//22 679//22 118//22
f 118//22 679//22 680//22
f 118//22 680//22 120//22
f 120//22 680//22 681//22
f 120//22 681//22 659//22
f 150//22 682//22 152//22
f 152//22 682//22 683//22
f 152//22 683//22 154//22
f 154//22 683//22 684//22
f 154//22 684//22 156//22
f 156//22 684//22 685//22
f 156//22 685//22 655//22
f 671//22 686//22 142//22
f 142//22 686//22 687//22
f 142//22 687//22 144//22
f 144//22 687//22 688//22
f 144//22 688//22 146//22
f 146//22 688//22 689//22
f 146//22 689//22 148//22
f 148//22 689//22 690//22
f 148//22 690//22 150//22
f 150//22 690//22 691//22
f 150//22 691//22 682//22
f 688//403 687//403 605//403
f 605//404 603//404 688//404
f 688//405 603//405 602//405
f 688//406 602//406 689//406
f 596//407 691//407 690//407
f 602//408 600//408 689//408
f 689//409 600//409 599//409
f 689//410 599//410 690//410
f 690//411 599//411 597//411
f 690//412 597//412 596//412
f 590//413 683//413 682//413
f 596//414 594//414 691//414
f 691//415 594//415 593//415
f 691//416 593//416 682//416
f 682//417 593//417 591//417
f 682//418 591//418 590//418
f 584//419 685//419 684//419
f 590//420 588//420 683//420
f 683//421 588//421 587//421
f 683//422 587//422 684//422
f 684//423 587//423 585//423
f 684//424 585//424 584//424
f 584//425 582//425 685//425
f 685//426 582//426 581//426
f 685//427 581//427 655//427
f 575//428 657//428 656//428
f 581//429 579//429 655//429
f 655//430 579//430 578//430
f 655//431 578//431 656//431
f 656//432 578//432 576//432
f 656//433 576//433 575//433
f 569//434 663//434 658//434
f 575//435 573//435 657//435
f 657//436 573//436 572//436
f 657//437 572//437 658//437
f 658//438 572//438 570//438
f 658//439 570//439 569//439
f 563//440 665//440 664//440
f 569//441 567//441 663//441
f 663//442 567//442 566//442
f 663//443 566//443 664//443
f 664//444 566//444 564//444
f 664//445 564//445 563//445
f 557//446 667//446 666//446
f 563//447 561//447 665//447
f 665//448 561//448 560//448
f 665//449 560//449 666//449
f 666//450 560//450 558//450
f 666//451 558//451 557//451
f 654//452 678//452 677//452
f 557//453 555//453 667//453
f 667//454 555//454 554//454
f 667//455 554//455 677//455
f 677//456 554//456 553//456
f 677//457 553//457 654//457
f 649//458 680//458 679//458
f 654//459 653//459 678//459
f 678//460 653//460 652//460
f 678//461 652//461 679//461
f 679//462 652//462 650//462
f 679//463 650//463 649//463
f 643//464 659//464 681//464
f 649//465 647//465 680//465
f 680//466 647//466 646//466
f 680//467 646//467 681//467
f 681//468 646//468 644//468
f 681//469 644//469 643//469
f 637//470 661//470 660//470
f 643//471 641//471 659//471
f 659//472 641//472 640//472
f 659//473 640//473 660//473
f 660//474 640//474 638//474
f 660//475 638//475 637//475
f 549//476 672//476 662//476
f 637//477 635//477 661//477
f 661//478 635//478 634//478
f 661//479 634//479 662//479
f 662//480 634//480 632//480
f 662//481 632//481 549//481
f 549//482 550//482 672//482
f 672//483 550//483 545//483
f 672//484 545//484 673//484
f 545//485 544//485 673//485
f 673//486 544//486 543//486
f 673//487 543//487 674//487
f 543//488 630//488 674//488
f 674//489 630//489 631//489
f 674//490 631//490 675//490
f 624//491 668//491 676//491
f 631//492 628//492 675//492
f 675//493 628//493 627//493
f 675//494 627//494 676//494
f 676//495 627//495 625//495
f 676//496 625//496 624//496
f 618//497 670//497 669//497
f 624//498 622//498 668//498
f 668//499 622//499 621//499
f 668//500 621//500 669//500
f 669//501 621//501 619//501
f 669//502 619//502 618//502
f 612//503 686//503 671//503
f 618//504 616//504 670//504
f 670//505 616//505 615//505
f 670//506 615//506 671//506
f 671//507 615//507 613//507
f 671//508 613//508 612//508
f 612//509 610//509 686//509
f 686//510 610//510 609//510
f 686//511 609//511 687//511
f 687//512 609//512 607//512
f 687//513 607//513 605//513
f 512//514 577//514 580//514
f 512//515 580//515 511//515
f 511//516 580//516 583//516
f 511//517 583//517 508//517
f 508//518 583//518 586//518
f 508//519 586//519 507//519
f 507//520 586//520 589//520
f 507//521 589//521 501//521
f 501//522 589//522 592//522
f 501//523 592//523 500//523
f 500//524 592//524 595//524
f 500//525 595//525 506//525
f 506//526 595//526 598//526
f 506//527 598//527 505//527
f 505//528 598//528 601//528
f 505//529 601//529 504//529
f 504//530 601//530 604//530
f 504//531 604//531 516//531
f 516//532 604//532 515//532
f 515//533 604//533 606//533
f 515//534 606//534 514//534
f 546//535 468//535 629//535
f 629//536 468//536 469//536
f 629//537 469//537 626//537
f 626//538 469//538 467//538
f 626//539 467//539 623//539
f 623//540 467//540 466//540
f 623//541 466//541 620//541
f 620//542 466//542 465//542
f 620//543 465//543 617//543
f 617//544 465//544 462//544
f 617//545 462//545 614//545
f 614//546 462//546 461//546
f 614//547 461//547 611//547
f 611//548 461//548 514//548
f 611//549 514//549 608//549
f 608//550 514//550 606//550
f 512//551 513//551 577//551
f 577//552 513//552 489//552
f 577//553 489//553 574//553
f 574//554 489//554 495//554
f 574//555 495//555 571//555
f 571//556 495//556 494//556
f 571//557 494//557 568//557
f 568//558 494//558 493//558
f 568//559 493//559 565//559
f 565//560 493//560 492//560
f 565//561 492//561 562//561
f 562//562 492//562 491//562
f 562//563 491//563 559//563
f 559//564 491//564 490//564
f 559//565 490//565 556//565
f 556//566 490//566 498//566
f 556//567 498//567 551//567
f 551//568 498//568 499//568
f 551//569 499//569 552//569
f 552//570 499//570 483//570
f 552//571 483//571 651//571
f 651//572 483//572 482//572
f 651//573 482//573 648//573
f 648//574 482//574 481//574
f 648//575 481//575 645//575
f 645//576 481//576 480//576
f 645//577 480//577 642//577
f 642//578 480//578 479//578
f 642//579 479//579 639//579
f 639//580 479//580 478//580
f 639//581 478//581 636//581
f 636//582 478//582 477//582
f 636//583 477//583 633//583
f 633//584 477//584 476//584
f 633//585 476//585 548//585
f 548//586 476//586 484//586
f 548//587 484//587 547//587
f 547//588 484//588 485//588
f 547//589 485//589 546//589
f 546//590 485//590 486//590
f 546//591 486//591 468//591
f 71//592 73//592 56//592
f 56//593 73//593 90//593
f 56//594 90//594 57//594
f 57//595 90//595 89//595
f 57//596 89//596 58//596
f 58//597 89//597 87//597
f 58//598 87//598 59//598
f 59//599 87//599 85//599
f 59//600 85//600 60//600
f 60//601 85//601 99//601
f 60//602 99//602 61//602
f 61//603 99//603 98//603
f 61//604 98//604 62//604
f 62//605 98//605 96//605
f 62//606 96//606 63//606
f 63//607 96//607 94//607
f 63//608 94//608 64//608
f 64//609 94//609 92//609
f 64//610 92//610 65//610
f 65//611 92//611 91//611
f 65//612 91//612 66//612
f 66//613 91//613 82//613
f 66//614 82//614 67//614
f 67//615 82//615 80//615
f 67//616 80//616 68//616
f 68//617 80//617 78//617
f 68//618 78//618 69//618
f 69//619 78//619 77//619
f 69//620 77//620 70//620
f 70//621 77//621 75//621
f 70//622 75//622 71//622
f 71//623 75//623 73//623
f 178//624 36//624 177//624
f 177//625 36//625 34//625
f 177//626 34//626 176//626
f 176//627 34//627 32//627
f 176//627 32//627 186//627
f 186//628 32//628 30//628
f 186//629 30//629 185//629
f 185//630 30//630 184//630
f 184//631 30//631 28//631
f 184//632 28//632 183//632
f 183//633 28//633 26//633
f 183//634 26//634 173//634
f 173//635 26//635 24//635
f 173//636 24//636 172//636
f 172//637 24//637 22//637
f 172//638 22//638 171//638
f 171//639 22//639 20//639
f 171//640 20//640 175//640
f 175//641 20//641 18//641
f 175//642 18//642 174//642
f 174//643 18//643 16//643
f 174//644 16//644 180//644
f 180//645 16//645 14//645
f 180//646 14//646 179//646
f 179//647 14//647 12//647
f 179//648 12//648 182//648
f 182//649 12//649 10//649
f 182//650 10//650 181//650
f 181//651 10//651 8//651
f 181//652 8//652 188//652
f 188//653 8//653 6//653
f 188//654 6//654 187//654
f 187//655 6//655 4//655
f 187//656 4//656 190//656
f 190//657 4//657 2//657
f 190//658 2//658 189//658
f 189//659 2//659 1//659
f 189//660 1//660 178//660
f 178//661 1//661 38//661
f 178//662 38//662 36//662
f 337//663 338//663 437//663
f 437//663 338//663 503//663
f 437//664 503//664 436//664
f 436//664 503//664 502//664
f 436//665 502//665 339//665
f 339//665 502//665 340//665
f 319//666 320//666 442//666
f 442//666 320//666 510//666
f 442//667 510//667 443//667
f 443//667 510//667 509//667
f 443//668 509//668 323//668
f 323//668 509//668 321//668
f 306//669 307//669 445//669
f 445//669 307//669 488//669
f 445//670 488//670 446//670
f 446//670 488//670 487//670
f 446//671 487//671 308//671
f 308//671 487//671 309//671
f 288//672 289//672 441//672
f 441//672 289//672 497//672
f 441//673 497//673 438//673
f 438//673 497//673 496//673
f 438//674 496//674 292//674
f 292//674 496//674 290//674
f 257//675 258//675 434//675
f 434//675 258//675 464//675
f 434//676 464//676 435//676
f 435//676 464//676 463//676
f 435//677 463//677 426//677
f 426//677 463//677 427//677
f 350//678 351//678 447//678
f 447//678 351//678 471//678
f 447//679 471//679 448//679
f 448//679 471//679 470//679
f 448//680 470//680 353//680
f 353//680 470//680 352//680
f 275//681 276//681 439//681
f 439//681 276//681 473//681
f 439//682 473//682 440//682
f 440//682 473//682 472//682
f 440//683 472//683 277//683
f 277//683 472//683 278//683
f 428//684 429//684 431//684
f 431//684 429//684 474//684
f 431//685 474//685 432//685
f 432//685 474//685 475//685
f 432//686 475//686 261//686
f 261//686 475//686 259//686
f 692//687 693//687 694//687
f 694//687 693//687 695//687
f 694//687 695//687 696//687
f 697//687 698//687 694//687
f 694//687 698//687 699//687
f 694//687 699//687 692//687
f 700//687 701//687 694//687
f 694//687 701//687 702//687
f 694//687 702//687 697//687
f 703//687 704//687 694//687
f 694//687 704//687 705//687
f 694//687 705//687 700//687
f 706//687 707//687 694//687
f 694//687 707//687 708//687
f 694//687 708//687 703//687
f 709//687 710//687 694//687
f 694//687 710//687 711//687
f 694//687 711//687 706//687
f 712//687 713//687 694//687
f 694//687 713//687 714//687
f 694//687 714//687 709//687
f 715//687 716//687 694//687
f 694//687 716//687 717//687
f 694//687 717//687 712//687
f 718//687 719//687 694//687
f 694//687 719//687 720//687
f 694//687 720//687 715//687
f 696//687 721//687 694//687
f 694//687 721//687 722//687
f 694//687 722//687 718//687
f 723//688 724//688 725//688
f 725//689 724//689 726//689
f 725//690 726//690 727//690
f 728//691 729//691 725//691
f 725//692 729//692 730//692
f 725//693 730//693 723//693
f 731//694 732//694 725//694
f 725//695 732//695 733//695
f 725//696 733//696 728//696
f 734//697 735//697 725//697
f 725//698 735//698 736//698
f 725//699 736//699 731//699
f 737//700 738//700 725//700
f 725//701 738//701 739//701
f 725//702 739//702 734//702
f 740//703 741//703 725//703
f 725//704 741//704 742//704
f 725//705 742//705 737//705
f 743//706 744//706 725//706
f 725//696 744//696 745//696
f 725//695 745//695 740//695
f 727//707 746//707 725//707
f 725//708 746//708 747//708
f 725//709 747//709 743//709
f 748//710 724//710 749//710
f 749//711 724//711 723//711
f 749//711 723//711 750//711
f 750//712 723//712 730//712
f 750//712 730//712 751//712
f 751//713 730//713 729//713
f 751//713 729//713 752//713
f 752//714 729//714 728//714
f 752//714 728//714 753//714
f 753//715 728//715 733//715
f 753//716 733//716 754//716
f 754//717 733//717 732//717
f 754//718 732//718 755//718
f 755//719 732//719 731//719
f 755//719 731//719 756//719
f 756//720 731//720 736//720
f 756//720 736//720 757//720
f 757//721 736//721 735//721
f 757//721 735//721 758//721
f 758//722 735//722 734//722
f 758//722 734//722 759//722
f 759//723 734//723 739//723
f 759//723 739//723 760//723
f 760//724 739//724 738//724
f 760//724 738//724 761//724
f 761//725 738//725 737//725
f 761//725 737//725 762//725
f 762//726 737//726 742//726
f 762//726 742//726 763//726
f 763//727 742//727 741//727
f 763//727 741//727 764//727
f 764//728 741//728 740//728
f 764//728 740//728 765//728
f 765//729 740//729 745//729
f 765//730 745//730 766//730
f 766//731 745//731 744//731
f 766//732 744//732 767//732
f 767//733 744//733 743//733
f 767//733 743//733 768//733
f 768//734 743//734 747//734
f 768//734 747//734 769//734
f 769//735 747//735 746//735
f 769//735 746//735 770//735
f 770//736 746//736 727//736
f 770//736 727//736 771//736
f 771//737 727//737 726//737
f 771//737 726//737 748//737
f 748//710 726//710 724//710
f 763//738 772//738 762//738
f 762//738 772//738 773//738
f 762//738 773//738 761//738
f 761//738 773//738 774//738
f 761//738 774//738 760//738
f 760//738 774//738 775//738
f 760//738 775//738 759//738
f 767//738 776//738 766//738
f 766//738 776//738 777//738
f 766//738 777//738 765//738
f 765//738 777//738 778//738
f 765//738 778//738 764//738
f 764//738 778//738 779//738
f 764//738 779//738 763//738
f 763//738 779//738 780//738
f 763//738 780//738 772//738
f 771//738 781//738 770//738
f 770//738 781//738 782//738
f 770//738 782//738 769//738
f 769//738 782//738 783//738
f 769//738 783//738 768//738
f 768//738 783//738 784//738
f 768//738 784//738 767//738
f 767//738 784//738 785//738
f 767//738 785//738 776//738
f 751//738 786//738 750//738
f 750//738 786//738 787//738
f 750//738 787//738 749//738
f 749//738 787//738 788//738
f 749//738 788//738 748//738
f 748//738 788//738 789//738
f 748//738 789//738 771//738
f 771//738 789//738 790//738
f 771//738 790//738 781//738
f 755//738 791//738 754//738
f 754//738 791//738 792//738
f 754//738 792//738 753//738
f 753//738 792//738 793//738
f 753//738 793//738 752//738
f 752//738 793//738 794//738
f 752//738 794//738 751//738
f 751//738 794//738 795//738
f 751//738 795//738 786//738
f 775//738 796//738 759//738
f 759//738 796//738 797//738
f 759//738 797//738 758//738
f 758//738 797//738 798//738
f 758//738 798//738 757//738
f 757//738 798//738 799//738
f 757//738 799//738 756//738
f 756//738 799//738 800//738
f 756//738 800//738 755//738
f 755//738 800//738 801//738
f 755//738 801//738 791//738
f 695//739 788//739 696//739
f 696//740 788//740 787//740
f 696//740 787//740 721//740
f 721//741 787//741 786//741
f 721//741 786//741 722//741
f 722//742 786//742 795//742
f 722//742 795//742 718//742
f 718//743 795//743 794//743
f 718//743 794//743 719//743
f 719//744 794//744 793//744
f 719//744 793//744 720//744
f 720//745 793//745 792//745
f 720//745 792//745 715//745
f 715//746 792//746 791//746
f 715//746 791//746 716//746
f 716//747 791//747 801//747
f 716//747 801//747 717//747
f 717//748 801//748 800//748
f 717//748 800//748 712//748
f 712//749 800//749 799//749
f 712//749 799//749 713//749
f 713//750 799//750 798//750
f 713//750 798//750 714//750
f 714//751 798//751 797//751
f 714//751 797//751 709//751
f 709//752 797//752 796//752
f 709//752 796//752 710//752
f 710//753 796//753 775//753
f 710//753 775//753 711//753
f 711//754 775//754 774//754
f 711//754 774//754 706//754
f 706//755 774//755 773//755
f 706//755 773//755 707//755
f 707//756 773//756 772//756
f 707//756 772//756 708//756
f 708//757 772//757 780//757
f 708//757 780//757 703//757
f 703//758 780//758 779//758
f 703//758 779//758 704//758
f 704//759 779//759 778//759
f 704//759 778//759 705//759
f 705//760 778//760 777//760
f 705//760 777//760 700//760
f 700//761 777//761 776//761
f 700//761 776//761 701//761
f 701//762 776//762 785//762
f 701//762 785//762 702//762
f 702//763 785//763 784//763
f 702//763 784//763 697//763
f 697//764 784//764 783//764
f 697//764 783//764 698//764
f 698//765 783//765 782//765
f 698//765 782//765 699//765
f 699//766 782//766 781//766
f 699//766 781//766 692//766
f 692//767 781//767 790//767
f 692//767 790//767 693//767
f 693//768 790//768 789//768
f 693//768 789//768 695//768
f 695//739 789//739 788//739
f 802//769 803//769 804//769
f 804//770 803//770 805//770
f 804//771 805//771 806//771
f 806//772 805//772 807//772
f 806//773 807//773 808//773
f 808//774 807//774 809//774
f 808//775 809//775 810//775
f 810//776 809//776 811//776
f 810//777 811//777 812//777
f 812//778 811//778 813//778
f 812//779 813//779 814//779
f 814//780 813//780 815//780
f 814//780 815//780 816//780
f 816//781 815//781 817//781
f 816//782 817//782 818//782
f 818//783 817//783 819//783
f 818//784 819//784 820//784
f 820//785 819//785 821//785
f 820//786 821//786 822//786
f 822//787 821//787 823//787
f 822//788 823//788 824//788
f 824//789 823//789 825//789
f 824//790 825//790 826//790
f 826//791 825//791 827//791
f 826//792 827//792 828//792
f 828//793 827//793 829//793
f 828//794 829//794 830//794
f 830//795 829//795 831//795
f 830//796 831//796 832//796
f 832//797 831//797 833//797
f 832//798 833//798 834//798
f 834//799 833//799 835//799
f 834//800 835//800 836//800
f 836//801 835//801 837//801
f 836//802 837//802 838//802
f 838//803 837//803 839//803
f 838//804 839//804 840//804
f 840//805 839//805 841//805
f 840//805 841//805 842//805
f 842//806 841//806 843//806
f 842//807 843//807 844//807
f 844//808 843//808 845//808
f 844//809 845//809 846//809
f 846//810 845//810 847//810
f 846//811 847//811 848//811
f 848//812 847//812 849//812
f 848//813 849//813 850//813
f 850//814 849//814 851//814
f 850//815 851//815 852//815
f 852//816 851//816 853//816
f 852//817 853//817 854//817
f 854//818 853//818 855//818
f 854//819 855//819 856//819
f 856//820 855//820 857//820
f 856//821 857//821 858//821
f 858//822 857//822 859//822
f 858//823 859//823 860//823
f 860//824 859//824 861//824
f 860//825 861//825 862//825
f 862//826 861//826 863//826
f 862//827 863//827 864//827
f 864//828 863//828 865//828
f 864//829 865//829 866//829
f 866//830 865//830 867//830
f 866//830 867//830 868//830
f 868//831 867//831 869//831
f 868//832 869//832 870//832
f 870//833 869//833 871//833
f 870//834 871//834 872//834
f 872//835 871//835 873//835
f 872//836 873//836 874//836
f 874//837 873//837 875//837
f 874//838 875//838 876//838
f 876//839 875//839 877//839
f 876//840 877//840 878//840
f 878//841 877//841 879//841
f 878//842 879//842 880//842
f 880//843 879//843 881//843
f 880//844 881//844 882//844
f 882//845 881//845 883//845
f 882//846 883//846 884//846
f 884//847 883//847 885//847
f 884//848 885//848 886//848
f 886//849 885//849 887//849
f 886//850 887//850 888//850
f 888//851 887//851 889//851
f 888//852 889//852 890//852
f 890//853 889//853 891//853
f 890//854 891//854 892//854
f 892//855 891//855 893//855
f 892//855 893//855 894//855
f 894//856 893//856 895//856
f 894//857 895//857 896//857
f 896//858 895//858 897//858
f 896//859 897//859 898//859
f 898//860 897//860 899//860
f 898//861 899//861 900//861
f 900//862 899//862 901//862
f 900//863 901//863 902//863
f 902//864 901//864 903//864
f 902//865 903//865 904//865
f 904//866 903//866 905//866
f 904//867 905//867 802//867
f 802//868 905//868 803//868
f 905//869 906//869 803//869
f 803//870 906//870 907//870
f 803//871 907//871 805//871
f 805//872 907//872 908//872
f 805//873 908//873 807//873
f 807//874 908//874 909//874
f 807//875 909//875 809//875
f 809//876 909//876 910//876
f 809//877 910//877 811//877
f 811//878 910//878 911//878
f 811//879 911//879 813//879
f 813//880 911//880 912//880
f 813//880 912//880 815//880
f 815//881 912//881 913//881
f 815//882 913//882 817//882
f 817//883 913//883 914//883
f 817//884 914//884 819//884
f 819//885 914//885 915//885
f 819//886 915//886 821//886
f 821//887 915//887 916//887
f 821//888 916//888 823//888
f 823//889 916//889 917//889
f 823//890 917//890 825//890
f 825//891 917//891 918//891
f 825//892 918//892 827//892
f 827//893 918//893 919//893
f 827//894 919//894 829//894
f 829//895 919//895 920//895
f 829//896 920//896 831//896
f 831//897 920//897 921//897
f 831//898 921//898 833//898
f 833//899 921//899 922//899
f 833//900 922//900 835//900
f 835//901 922//901 923//901
f 835//902 923//902 837//902
f 837//903 923//903 924//903
f 837//904 924//904 839//904
f 839//905 924//905 925//905
f 839//905 925//905 841//905
f 841//906 925//906 926//906
f 841//907 926//907 843//907
f 843//908 926//908 927//908
f 843//909 927//909 845//909
f 845//910 927//910 928//910
f 845//911 928//911 847//911
f 847//912 928//912 929//912
f 847//913 929//913 849//913
f 849//914 929//914 930//914
f 849//915 930//915 851//915
f 851//916 930//916 931//916
f 851//917 931//917 853//917
f 853//918 931//918 932//918
f 853//919 932//919 855//919
f 855//920 932//920 933//920
f 855//921 933//921 857//921
f 857//922 933//922 934//922
f 857//923 934//923 859//923
f 859//924 934//924 935//924
f 859//925 935//925 861//925
f 861//926 935//926 936//926
f 861//927 936//927 863//927
f 863//928 936//928 937//928
f 863//929 937//929 865//929
f 865//930 937//930 938//930
f 865//930 938//930 867//930
f 867//931 938//931 939//931
f 867//932 939//932 869//932
f 869//933 939//933 940//933
f 869//934 940//934 871//934
f 871//935 940//935 941//935
f 871//936 941//936 873//936
f 873//937 941//937 942//937
f 873//938 942//938 875//938
f 875//939 942//939 943//939
f 875//940 943//940 877//940
f 877//941 943//941 944//941
f 877//942 944//942 879//942
f 879//943 944//943 945//943
f 879//944 945//944 881//944
f 881//945 945//945 946//945
f 881//946 946//946 883//946
f 883//947 946//947 947//947
f 883//948 947//948 885//948
f 885//949 947//949 948//949
f 885//950 948//950 887//950
f 887//951 948//951 949//951
f 887//952 949//952 889//952
f 889//953 949//953 950//953
f 889//954 950//954 891//954
f 891//955 950//955 951//955
f 891//955 951//955 893//955
f 893//956 951//956 952//956
f 893//957 952//957 895//957
f 895//958 952//958 953//958
f 895//959 953//959 897//959
f 897//960 953//960 954//960
f 897//961 954//961 899//961
f 899//962 954//962 955//962
f 899//963 955//963 901//963
f 901//964 955//964 956//964
f 901//965 956//965 903//965
f 903//966 956//966 957//966
f 903//967 957//967 905//967
f 905//968 957//968 906//968
f 957//969 958//969 906//969
f 906//970 958//970 959//970
f 906//971 959//971 907//971
f 907//972 959//972 960//972
f 907//973 960//973 908//973
f 908//974 960//974 961//974
f 908//975 961//975 909//975
f 909//976 961//976 962//976
f 909//977 962//977 910//977
f 910//978 962//978 963//978
f 910//979 963//979 911//979
f 911//980 963//980 964//980
f 911//980 964//980 912//980
f 912//981 964//981 965//981
f 912//982 965//982 913//982
f 913//983 965//983 966//983
f 913//984 966//984 914//984
f 914//985 966//985 967//985
f 914//986 967//986 915//986
f 915//987 967//987 968//987
f 915//988 968//988 916//988
f 916//989 968//989 969//989
f 916//990 969//990 917//990
f 917//991 969//991 970//991
f 917//992 970//992 918//992
f 918//993 970//993 971//993
f 918//994 971//994 919//994
f 919//995 971//995 972//995
f 919//996 972//996 920//996
f 920//997 972//997 973//997
f 920//998 973//998 921//998
f 921//999 973//999 974//999
f 921//1000 974//1000 922//1000
f 922//1001 974//1001 975//1001
f 922//1002 975//1002 923//1002
f 923//1003 975//1003 976//1003
f 923//1004 976//1004 924//1004
f 924//1005 976//1005 977//1005
f 924//1005 977//1005 925//1005
f 925//1006 977//1006 978//1006
f 925//1007 978//1007 926//1007
f 926//1008 978//1008 979//1008
f 926//1009 979//1009 927//1009
f 927//1010 979//1010 980//1010
f 927//1011 980//1011 928//1011
f 928//1012 980//1012 981//1012
f 928//1013 981//1013 929//1013
f 929//1014 981//1014 982//1014
f 929//1015 982//1015 930//1015
f 930//1016 982//1016 983//1016
f 930//1017 983//1017 931//1017
f 931//1018 983//1018 984//1018
f 931//1019 984//1019 932//1019
f 932//1020 984//1020 985//1020
f 932//1021 985//1021 933//1021
f 933//1022 985//1022 986//1022
f 933//1023 986//1023 934//1023
f 934//1024 986//1024 987//1024
f 934//1025 987//1025 935//1025
f 935//1026 987//1026 988//1026
f 935//1027 988//1027 936//1027
f 936//1028 988//1028 989//1028
f 936//1029 989//1029 937//1029
f 937//1030 989//1030 990//1030
f 937//1030 990//1030 938//1030
f 938//1031 990//1031 991//1031
f 938//1032 991//1032 939//1032
f 939//1033 991//1033 992//1033
f 939//1034 992//1034 940//1034
f 940//1035 992//1035 993//1035
f 940//1036 993//1036 941//1036
f 941//1037 993//1037 994//1037
f 941//1038 994//1038 942//1038
f 942//1039 994//1039 995//1039
f 942//1040 995//1040 943//1040
f 943//1041 995//1041 996//1041
f 943//1042 996//1042 944//1042
f 944//1043 996//1043 997//1043
f 944//1044 997//1044 945//1044
f 945//1045 997//1045 998//1045
f 945//1046 998//1046 946//1046
f 946//1047 998//1047 999//1047
f 946//1048 999//1048 947//1048
f 947//1049 999//1049 1000//1049
f 947//1050 1000//1050 948//1050
f 948//1051 1000//1051 1001//1051
f 948//1052 1001//1052 949//1052
f 949//1053 1001//1053 1002//1053
f 949//1054 1002//1054 950//1054
f 950//1055 1002//1055 1003//1055
f 950//1055 1003//1055 951//1055
f 951//1056 1003//1056 1004//1056
f 951//1057 1004//1057 952//1057
f 952//1058 1004//1058 1005//1058
f 952//1059 1005//1059 953//1059
f 953//1060 1005//1060 1006//1060
f 953//1061 1006//1061 954//1061
f 954//1062 1006//1062 1007//1062
f 954//1063 1007//1063 955//1063
f 955//1064 1007//1064 1008//1064
f 955//1065 1008//1065 956//1065
f 956//1066 1008//1066 1009//1066
f 956//1067 1009//1067 957//1067
f 957//1068 1009//1068 958//1068
f 1009//1069 1010//1069 958//1069
f 958//1070 1010//1070 1011//1070
f 958//1071 1011//1071 959//1071
f 959//1072 1011//1072 1012//1072
f 959//1073 1012//1073 960//1073
f 960//1074 1012//1074 1013//1074
f 960//1075 1013//1075 961//1075
f 961//1076 1013//1076 1014//1076
f 961//1077 1014//1077 962//1077
f 962//1078 1014//1078 1015//1078
f 962//1079 1015//1079 963//1079
f 963//1080 1015//1080 1016//1080
f 963//1080 1016//1080 964//1080
f 964//1081 1016//1081 1017//1081
f 964//1082 1017//1082 965//1082
f 965//1083 1017//1083 1018//1083
f 965//1084 1018//1084 966//1084
f 966//1085 1018//1085 1019//1085
f 966//1086 1019//1086 967//1086
f 967//1087 1019//1087 1020//1087
f 967//1088 1020//1088 968//1088
f 968//1089 1020//1089 1021//1089
f 968//1090 1021//1090 969//1090
f 969//1091 1021//1091 1022//1091
f 969//1092 1022//1092 970//1092
f 970//1093 1022//1093 1023//1093
f 970//1094 1023//1094 971//1094
f 971//1095 1023//1095 1024//1095
f 971//1096 1024//1096 972//1096
f 972//1097 1024//1097 1025//1097
f 972//1098 1025//1098 973//1098
f 973//1099 1025//1099 1026//1099
f 973//1100 1026//1100 974//1100
f 974//1101 1026//1101 1027//1101
f 974//1102 1027//1102 975//1102
f 975//1103 1027//1103 1028//1103
f 975//1104 1028//1104 976//1104
f 976//1105 1028//1105 1029//1105
f 976//1105 1029//1105 977//1105
f 977//1106 1029//1106 1030//1106
f 977//1107 1030//1107 978//1107
f 978//1108 1030//1108 1031//1108
f 978//1109 1031//1109 979//1109
f 979//1110 1031//1110 1032//1110
f 979//1111 1032//1111 980//1111
f 980//1112 1032//1112 1033//1112
f 980//1113 1033//1113 981//1113
f 981//1114 1033//1114 1034//1114
f 981//1115 1034//1115 982//1115
f 982//1116 1034//1116 1035//1116
f 982//1117 1035//1117 983//1117
f 983//1118 1035//1118 1036//1118
f 983//1119 1036//1119 984//1119
f 984//1120 1036//1120 1037//1120
f 984//1121 1037//1121 985//1121
f 985//1122 1037//1122 1038//1122
f 985//1123 1038//1123 986//1123
f 986//1124 1038//1124 1039//1124
f 986//1125 1039//1125 987//1125
f 987//1126 1039//1126 1040//1126
f 987//1127 1040//1127 988//1127
f 988//1128 1040//1128 1041//1128
f 988//1129 1041//1129 989//1129
f 989//1130 1041//1130 1042//1130
f 989//1130 1042//1130 990//1130
f 990//1131 1042//1131 1043//1131
f 990//1132 1043//1132 991//1132
f 991//1133 1043//1133 1044//1133
f 991//1134 1044//1134 992//1134
f 992//1135 1044//1135 1045//1135
f 992//1136 1045//1136 993//1136
f 993//1137 1045//1137 1046//1137
f 993//1138 1046//1138 994//1138
f 994//1139 1046//1139 1047//1139
f 994//1140 1047//1140 995//1140
f 995//1141 1047//1141 1048//1141
f 995//1142 1048//1142 996//1142
f 996//1143 1048//1143 1049//1143
f 996//1144 1049//1144 997//1144
f 997//1145 1049//1145 1050//1145
f 997//1146 1050//1146 998//1146
f 998//1147 1050//1147 1051//1147
f 998//1148 1051//1148 999//1148
f 999//1149 1051//1149 1052//1149
f 999//1150 1052//1150 1000//1150
f 1000//1151 1052//1151 1053//1151
f 1000//1152 1053//1152 1001//1152
f 1001//1153 1053//1153 1054//1153
f 1001//1154 1054//1154 1002//1154
f 1002//1155 1054//1155 1055//1155
f 1002//1155 1055//1155 1003//1155
f 1003//1156 1055//1156 1056//1156
f 1003//1157 1056//1157 1004//1157
f 1004//1158 1056//1158 1057//1158
f 1004//1159 1057//1159 1005//1159
f 1005//1160 1057//1160 1058//1160
f 1005//1161 1058//1161 1006//1161
f 1006//1162 1058//1162 1059//1162
f 1006//1163 1059//1163 1007//1163
f 1007//1164 1059//1164 1060//1164
f 1007//1165 1060//1165 1008//1165
f 1008//1166 1060//1166 1061//1166
f 1008//1167 1061//1167 1009//1167
f 1009//1168 1061//1168 1010//1168
f 1061//1169 1062//1169 1010//1169
f 1010//1170 1062//1170 1063//1170
f 1010//1171 1063//1171 1011//1171
f 1011//1172 1063//1172 1064//1172
f 1011//1173 1064//1173 1012//1173
f 1012//1174 1064//1174 1065//1174
f 1012//1175 1065//1175 1013//1175
f 1013//1176 1065//1176 1066//1176
f 1013//1177 1066//1177 1014//1177
f 1014//1178 1066//1178 1067//1178
f 1014//1179 1067//1179 1015//1179
f 1015//1180 1067//1180 1068//1180
f 1015//1180 1068//1180 1016//1180
f 1016//1181 1068//1181 1069//1181
f 1016//1182 1069//1182 1017//1182
f 1017//1183 1069//1183 1070//1183
f 1017//1184 1070//1184 1018//1184
f 1018//1185 1070//1185 1071//1185
f 1018//1186 1071//1186 1019//1186
f 1019//1187 1071//1187 1072//1187
f 1019//1188 1072//1188 1020//1188
f 1020//1189 1072//1189 1073//1189
f 1020//1190 1073//1190 1021//1190
f 1021//1191 1073//1191 1074//1191
f 1021//1192 1074//1192 1022//1192
f 1022//1193 1074//1193 1075//1193
f 1022//1194 1075//1194 1023//1194
f 1023//1195 1075//1195 1076//1195
f 1023//1196 1076//1196 1024//1196
f 1024//1197 1076//1197 1077//1197
f 1024//1198 1077//1198 1025//1198
f 1025//1199 1077//1199 1078//1199
f 1025//1200 1078//1200 1026//1200
f 1026//1201 1078//1201 1079//1201
f 1026//1202 1079//1202 1027//1202
f 1027//1203 1079//1203 1080//1203
f 1027//1204 1080//1204 1028//1204
f 1028//1205 1080//1205 1081//1205
f 1028//1205 1081//1205 1029//1205
f 1029//1206 1081//1206 1082//1206
f 1029//1207 1082//1207 1030//1207
f 1030//1208 1082//1208 1083//1208
f 1030//1209 1083//1209 1031//1209
f 1031//1210 1083//1210 1084//1210
f 1031//1211 1084//1211 1032//1211
f 1032//1212 1084//1212 1085//1212
f 1032//1213 1085//1213 1033//1213
f 1033//1214 1085//1214 1086//1214
f 1033//1215 1086//1215 1034//1215
f 1034//1216 1086//1216 1087//1216
f 1034//1217 1087//1217 1035//1217
f 1035//1218 1087//1218 1088//1218
f 1035//1219 1088//1219 1036//1219
f 1036//1220 1088//1220 1089//1220
f 1036//1221 1089//1221 1037//1221
f 1037//1222 1089//1222 1090//1222
f 1037//1223 1090//1223 1038//1223
f 1038//1224 1090//1224 1091//1224
f 1038//1225 1091//1225 1039//1225
f 1039//1226 1091//1226 1092//1226
f 1039//1227 1092//1227 1040//1227
f 1040//1228 1092//1228 1093//1228
f 1040//1229 1093//1229 1041//1229
f 1041//1230 1093//1230 1094//1230
f 1041//1230 1094//1230 1042//1230
f 1042//1231 1094//1231 1095//1231
f 1042//1232 1095//1232 1043//1232
f 1043//1233 1095//1233 1096//1233
f 1043//1234 1096//1234 1044//1234
f 1044//1235 1096//1235 1097//1235
f 1044//1236 1097//1236 1045//1236
f 1045//1237 1097//1237 1098//1237
f 1045//1238 1098//1238 1046//1238
f 1046//1239 1098//1239 1099//1239
f 1046//1240 1099//1240 1047//1240
f 1047//1241 1099//1241 1100//1241
f 1047//1242 1100//1242 1048//1242
f 1048//1243 1100//1243 1101//1243
f 1048//1244 1101//1244 1049//1244
f 1049//1245 1101//1245 1102//1245
f 1049//1246 1102//1246 1050//1246
f 1050//1247 1102//1247 1103//1247
f 1050//1248 1103//1248 1051//1248
f 1051//1249 1103//1249 1104//1249
f 1051//1250 1104//1250 1052//1250
f 1052//1251 1104//1251 1105//1251
f 1052//1252 1105//1252 1053//1252
f 1053//1253 1105//1253 1106//1253
f 1053//1254 1106//1254 1054//1254
f 1054//1255 1106//1255 1107//1255
f 1054//1255 1107//1255 1055//1255
f 1055//1256 1107//1256 1108//1256
f 1055//1257 1108//1257 1056//1257
f 1056//1258 1108//1258 1109//1258
f 1056//1259 1109//1259 1057//1259
f 1057//1260 1109//1260 1110//1260
f 1057//1261 1110//1261 1058//1261
f 1058//1262 1110//1262 1111//1262
f 1058//1263 1111//1263 1059//1263
f 1059//1264 1111//1264 1112//1264
f 1059//1265 1112//1265 1060//1265
f 1060//1266 1112//1266 1113//1266
f 1060//1267 1113//1267 1061//1267
f 1061//1268 1113//1268 1062//1268
f 1113//1269 1114//1269 1062//1269
f 1062//1270 1114//1270 1115//1270
f 1062//1271 1115//1271 1063//1271
f 1063//1272 1115//1272 1116//1272
f 1063//1273 1116//1273 1064//1273
f 1064//1274 1116//1274 1117//1274
f 1064//1275 1117//1275 1065//1275
f 1065//1276 1117//1276 1118//1276
f 1065//1277 1118//1277 1066//1277
f 1066//1278 1118//1278 1119//1278
f 1066//1279 1119//1279 1067//1279
f 1067//1280 1119//1280 1120//1280
f 1067//1280 1120//1280 1068//1280
f 1068//1281 1120//1281 1121//1281
f 1068//1282 1121//1282 1069//1282
f 1069//1283 1121//1283 1122//1283
f 1069//1284 1122//1284 1070//1284
f 1070//1285 1122//1285 1123//1285
f 1070//1286 1123//1286 1071//1286
f 1071//1287 1123//1287 1124//1287
f 1071//1288 1124//1288 1072//1288
f 1072//1289 1124//1289 1125//1289
f 1072//1290 1125//1290 1073//1290
f 1073//1291 1125//1291 1126//1291
f 1073//1292 1126//1292 1074//1292
f 1074//1293 1126//1293 1127//1293
f 1074//1294 1127//1294 1075//1294
f 1075//1295 1127//1295 1128//1295
f 1075//1296 1128//1296 1076//1296
f 1076//1297 1128//1297 1129//1297
f 1076//1298 1129//1298 1077//1298
f 1077//1299 1129//1299 1130//1299
f 1077//1300 1130//1300 1078//1300
f 1078//1301 1130//1301 1131//1301
f 1078//1302 1131//1302 1079//1302
f 1079//1303 1131//1303 1132//1303
f 1079//1304 1132//1304 1080//1304
f 1080//1305 1132//1305 1133//1305
f 1080//1305 1133//1305 1081//1305
f 1081//1306 1133//1306 1134//1306
f 1081//1307 1134//1307 1082//1307
f 1082//1308 1134//1308 1135//1308
f 1082//1309 1135//1309 1083//1309
f 1083//1310 1135//1310 1136//1310
f 1083//1311 1136//1311 1084//1311
f 1084//1312 1136//1312 1137//1312
f 1084//1313 1137//1313 1085//1313
f 1085//1314 1137//1314 1138//1314
f 1085//1315 1138//1315 1086//1315
f 1086//1316 1138//1316 1139//1316
f 1086//1317 1139//1317 1087//1317
f 1087//1318 1139//1318 1140//1318
f 1087//1319 1140//1319 1088//1319
f 1088//1320 1140//1320 1141//1320
f 1088//1321 1141//1321 1089//1321
f 1089//1322 1141//1322 1142//1322
f 1089//1323 1142//1323 1090//1323
f 1090//1324 1142//1324 1143//1324
f 1090//1325 1143//1325 1091//1325
f 1091//1326 1143//1326 1144//1326
f 1091//1327 1144//1327 1092//1327
f 1092//1328 1144//1328 1145//1328
f 1092//1329 1145//1329 1093//1329
f 1093//1330 1145//1330 1146//1330
f 1093//1330 1146//1330 1094//1330
f 1094//1331 1146//1331 1147//1331
f 1094//1332 1147//1332 1095//1332
f 1095//1333 1147//1333 1148//1333
f 1095//1334 1148//1334 1096//1334
f 1096//1335 1148//1335 1149//1335
f 1096//1336 1149//1336 1097//1336
f 1097//1337 1149//1337 1150//1337
f 1097//1338 1150//1338 1098//1338
f 1098//1339 1150//1339 1151//1339
f 1098//1340 1151//1340 1099//1340
f 1099//1341 1151//1341 1152//1341
f 1099//1342 1152//1342 1100//1342
f 1100//1343 1152//1343 1153//1343
f 1100//1344 1153//1344 1101//1344
f 1101//1345 1153//1345 1154//1345
f 1101//1346 1154//1346 1102//1346
f 1102//1347 1154//1347 1155//1347
f 1102//1348 1155//1348 1103//1348
f 1103//1349 1155//1349 1156//1349
f 1103//1350 1156//1350 1104//1350
f 1104//1351 1156//1351 1157//1351
f 1104//1352 1157//1352 1105//1352
f 1105//1353 1157//1353 1158//1353
f 1105//1354 1158//1354 1106//1354
f 1106//1355 1158//1355 1159//1355
f 1106//1355 1159//1355 1107//1355
f 1107//1356 1159//1356 1160//1356
f 1107//1357 1160//1357 1108//1357
f 1108//1358 1160//1358 1161//1358
f 1108//1359 1161//1359 1109//1359
f 1109//1360 1161//1360 1162//1360
f 1109//1361 1162//1361 1110//1361
f 1110//1362 1162//1362 1163//1362
f 1110//1363 1163//1363 1111//1363
f 1111//1364 1163//1364 1164//1364
f 1111//1365 1164//1365 1112//1365
f 1112//1366 1164//1366 1165//1366
f 1112//1367 1165//1367 1113//1367
f 1113//1368 1165//1368 1114//1368
f 1165//1369 1166//1369 1114//1369
f 1114//1370 1166//1370 1167//1370
f 1114//1370 1167//1370 1115//1370
f 1115//1371 1167//1371 1168//1371
f 1115//1371 1168//1371 1116//1371
f 1116//1372 1168//1372 1169//1372
f 1116//1372 1169//1372 1117//1372
f 1117//1373 1169//1373 1170//1373
f 1117//1373 1170//1373 1118//1373
f 1118//1374 1170//1374 1171//1374
f 1118//1374 1171//1374 1119//1374
f 1119//1375 1171//1375 1172//1375
f 1119//1375 1172//1375 1120//1375
f 1120//1376 1172//1376 1173//1376
f 1120//1376 1173//1376 1121//1376
f 1121//1377 1173//1377 1174//1377
f 1121//1377 1174//1377 1122//1377
f 1122//1378 1174//1378 1175//1378
f 1122//1378 1175//1378 1123//1378
f 1123//1379 1175//1379 1176//1379
f 1123//1379 1176//1379 1124//1379
f 1124//1380 1176//1380 1177//1380
f 1124//1380 1177//1380 1125//1380
f 1125//1381 1177//1381 1178//1381
f 1125//1381 1178//1381 1126//1381
f 1126//1382 1178//1382 1179//1382
f 1126//1382 1179//1382 1127//1382
f 1127//1383 1179//1383 1180//1383
f 1127//1383 1180//1383 1128//1383
f 1128//1384 1180//1384 1181//1384
f 1128//1384 1181//1384 1129//1384
f 1129//1385 1181//1385 1182//1385
f 1129//1385 1182//1385 1130//1385
f 1130//1386 1182//1386 1183//1386
f 1130//1386 1183//1386 1131//1386
f 1131//1387 1183//1387 1184//1387
f 1131//1387 1184//1387 1132//1387
f 1132//1388 1184//1388 1185//1388
f 1132//1388 1185//1388 1133//1388
f 1133//1389 1185//1389 1186//1389
f 1133//1389 1186//1389 1134//1389
f 1134//1390 1186//1390 1187//1390
f 1134//1390 1187//1390 1135//1390
f 1135//1391 1187//1391 1188//1391
f 1135//1391 1188//1391 1136//1391
f 1136//1392 1188//1392 1189//1392
f 1136//1392 1189//1392 1137//1392
f 1137//1393 1189//1393 1190//1393
f 1137//1393 1190//1393 1138//1393
f 1138//1394 1190//1394 1191//1394
f 1138//1394 1191//1394 1139//1394
f 1139//1395 1191//1395 1192//1395
f 1139//1395 1192//1395 1140//1395
f 1140//1396 1192//1396 1193//1396
f 1140//1396 1193//1396 1141//1396
f 1141//1397 1193//1397 1194//1397
f 1141//1397 1194//1397 1142//1397
f 1142//1398 1194//1398 1195//1398
f 1142//1398 1195//1398 1143//1398
f 1143//1399 1195//1399 1196//1399
f 1143//1399 1196//1399 1144//1399
f 1144//1400 1196//1400 1197//1400
f 1144//1400 1197//1400 1145//1400
f 1145//1401 1197//1401 1198//1401
f 1145//1401 1198//1401 1146//1401
f 1146//1402 1198//1402 1199//1402
f 1146//1402 1199//1402 1147//1402
f 1147//1403 1199//1403 1200//1403
f 1147//1403 1200//1403 1148//1403
f 1148//1404 1200//1404 1201//1404
f 1148//1404 1201//1404 1149//1404
f 1149//1405 1201//1405 1202//1405
f 1149//1405 1202//1405 1150//1405
f 1150//1406 1202//1406 1203//1406
f 1150//1406 1203//1406 1151//1406
f 1151//1407 1203//1407 1204//1407
f 1151//1407 1204//1407 1152//1407
f 1152//1408 1204//1408 1205//1408
f 1152//1408 1205//1408 1153//1408
f 1153//1409 1205//1409 1206//1409
f 1153//1409 1206//1409 1154//1409
f 1154//1410 1206//1410 1207//1410
f 1154//1410 1207//1410 1155//1410
f 1155//1411 1207//1411 1208//1411
f 1155//1411 1208//1411 1156//1411
f 1156//1412 1208//1412 1209//1412
f 1156//1412 1209//1412 1157//1412
f 1157//1413 1209//1413 1210//1413
f 1157//1413 1210//1413 1158//1413
f 1158//1414 1210//1414 1211//1414
f 1158//1414 1211//1414 1159//1414
f 1159//1415 1211//1415 1212//1415
f 1159//1415 1212//1415 1160//1415
f 1160//1416 1212//1416 1213//1416
f 1160//1416 1213//1416 1161//1416
f 1161//1417 1213//1417 1214//1417
f 1161//1417 1214//1417 1162//1417
f 1162//1418 1214//1418 1215//1418
f 1162//1418 1215//1418 1163//1418
f 1163//1419 1215//1419 1216//1419
f 1163//1419 1216//1419 1164//1419
f 1164//1420 1216//1420 1217//1420
f 1164//1420 1217//1420 1165//1420
f 1165//1369 1217//1369 1166//1369
f 1217//1421 1218//1421 1166//1421
f 1166//1422 1218//1422 1219//1422
f 1166//1423 1219//1423 1167//1423
f 1167//1424 1219//1424 1220//1424
f 1167//1425 1220//1425 1168//1425
f 1168//1426 1220//1426 1221//1426
f 1168//1427 1221//1427 1169//1427
f 1169//1428 1221//1428 1222//1428
f 1169//1429 1222//1429 1170//1429
f 1170//1430 1222//1430 1223//1430
f 1170//1431 1223//1431 1171//1431
f 1171//1432 1223//1432 1224//1432
f 1171//1432 1224//1432 1172//1432
f 1172//1433 1224//1433 1225//1433
f 1172//1434 1225//1434 1173//1434
f 1173//1435 1225//1435 1226//1435
f 1173//1436 1226//1436 1174//1436
f 1174//1437 1226//1437 1227//1437
f 1174//1438 1227//1438 1175//1438
f 1175//1439 1227//1439 1228//1439
f 1175//1440 1228//1440 1176//1440
f 1176//1441 1228//1441 1229//1441
f 1176//1442 1229//1442 1177//1442
f 1177//1443 1229//1443 1230//1443
f 1177//1444 1230//1444 1178//1444
f 1178//1445 1230//1445 1231//1445
f 1178//1446 1231//1446 1179//1446
f 1179//1447 1231//1447 1232//1447
f 1179//1448 1232//1448 1180//1448
f 1180//1449 1232//1449 1233//1449
f 1180//1450 1233//1450 1181//1450
f 1181//1451 1233//1451 1234//1451
f 1181//1452 1234//1452 1182//1452
f 1182//1453 1234//1453 1235//1453
f 1182//1454 1235//1454 1183//1454
f 1183//1455 1235//1455 1236//1455
f 1183//1456 1236//1456 1184//1456
f 1184//1457 1236//1457 1237//1457
f 1184//1457 1237//1457 1185//1457
f 1185//1458 1237//1458 1238//1458
f 1185//1459 1238//1459 1186//1459
f 1186//1460 1238//1460 1239//1460
f 1186//1461 1239//1461 1187//1461
f 1187//1462 1239//1462 1240//1462
f 1187//1463 1240//1463 1188//1463
f 1188//1464 1240//1464 1241//1464
f 1188//1465 1241//1465 1189//1465
f 1189//1466 1241//1466 1242//1466
f 1189//1467 1242//1467 1190//1467
f 1190//1468 1242//1468 1243//1468
f 1190//1469 1243//1469 1191//1469
f 1191//1470 1243//1470 1244//1470
f 1191//1471 1244//1471 1192//1471
f 1192//1472 1244//1472 1245//1472
f 1192//1473 1245//1473 1193//1473
f 1193//1474 1245//1474 1246//1474
f 1193//1475 1246//1475 1194//1475
f 1194//1476 1246//1476 1247//1476
f 1194//1477 1247//1477 1195//1477
f 1195//1478 1247//1478 1248//1478
f 1195//1479 1248//1479 1196//1479
f 1196//1480 1248//1480 1249//1480
f 1196//1481 1249//1481 1197//1481
f 1197//1482 1249//1482 1250//1482
f 1197//1482 1250//1482 1198//1482
f 1198//1483 1250//1483 1251//1483
f 1198//1484 1251//1484 1199//1484
f 1199//1485 1251//1485 1252//1485
f 1199//1486 1252//1486 1200//1486
f 1200//1487 1252//1487 1253//1487
f 1200//1488 1253//1488 1201//1488
f 1201//1489 1253//1489 1254//1489
f 1201//1490 1254//1490 1202//1490
f 1202//1491 1254//1491 1255//1491
f 1202//1492 1255//1492 1203//1492
f 1203//1493 1255//1493 1256//1493
f 1203//1494 1256//1494 1204//1494
f 1204//1495 1256//1495 1257//1495
f 1204//1496 1257//1496 1205//1496
f 1205//1497 1257//1497 1258//1497
f 1205//1498 1258//1498 1206//1498
f 1206//1499 1258//1499 1259//1499
f 1206//1500 1259//1500 1207//1500
f 1207//1501 1259//1501 1260//1501
f 1207//1502 1260//1502 1208//1502
f 1208//1503 1260//1503 1261//1503
f 1208//1504 1261//1504 1209//1504
f 1209//1505 1261//1505 1262//1505
f 1209//1506 1262//1506 1210//1506
f 1210//1507 1262//1507 1263//1507
f 1210//1507 1263//1507 1211//1507
f 1211//1508 1263//1508 1264//1508
f 1211//1509 1264//1509 1212//1509
f 1212//1510 1264//1510 1265//1510
f 1212//1511 1265//1511 1213//1511
f 1213//1512 1265//1512 1266//1512
f 1213//1513 1266//1513 1214//1513
f 1214//1514 1266//1514 1267//1514
f 1214//1515 1267//1515 1215//1515
f 1215//1516 1267//1516 1268//1516
f 1215//1517 1268//1517 1216//1517
f 1216//1518 1268//1518 1269//1518
f 1216//1519 1269//1519 1217//1519
f 1217//1520 1269//1520 1218//1520
f 1269//1521 1270//1521 1218//1521
f 1218//1522 1270//1522 1271//1522
f 1218//1523 1271//1523 1219//1523
f 1219//1524 1271//1524 1272//1524
f 1219//1525 1272//1525 1220//1525
f 1220//1526 1272//1526 1273//1526
f 1220//1527 1273//1527 1221//1527
f 1221//1528 1273//1528 1274//1528
f 1221//1529 1274//1529 1222//1529
f 1222//1530 1274//1530 1275//1530
f 1222//1531 1275//1531 1223//1531
f 1223//1532 1275//1532 1276//1532
f 1223//1532 1276//1532 1224//1532
f 1224//1533 1276//1533 1277//1533
f 1224//1534 1277//1534 1225//1534
f 1225//1535 1277//1535 1278//1535
f 1225//1536 1278//1536 1226//1536
f 1226//1537 1278//1537 1279//1537
f 1226//1538 1279//1538 1227//1538
f 1227//1539 1279//1539 1280//1539
f 1227//1540 1280//1540 1228//1540
f 1228//1541 1280//1541 1281//1541
f 1228//1542 1281//1542 1229//1542
f 1229//1543 1281//1543 1282//1543
f 1229//1544 1282//1544 1230//1544
f 1230//1545 1282//1545 1283//1545
f 1230//1546 1283//1546 1231//1546
f 1231//1547 1283//1547 1284//1547
f 1231//1548 1284//1548 1232//1548
f 1232//1549 1284//1549 1285//1549
f 1232//1550 1285//1550 1233//1550
f 1233//1551 1285//1551 1286//1551
f 1233//1552 1286//1552 1234//1552
f 1234//1553 1286//1553 1287//1553
f 1234//1554 1287//1554 1235//1554
f 1235//1555 1287//1555 1288//1555
f 1235//1556 1288//1556 1236//1556
f 1236//1557 1288//1557 1289//1557
f 1236//1557 1289//1557 1237//1557
f 1237//1558 1289//1558 1290//1558
f 1237//1559 1290//1559 1238//1559
f 1238//1560 1290//1560 1291//1560
f 1238//1561 1291//1561 1239//1561
f 1239//1562 1291//1562 1292//1562
f 1239//1563 1292//1563 1240//1563
f 1240//1564 1292//1564 1293//1564
f 1240//1565 1293//1565 1241//1565
f 1241//1566 1293//1566 1294//1566
f 1241//1567 1294//1567 1242//1567
f 1242//1568 1294//1568 1295//1568
f 1242//1569 1295//1569 1243//1569
f 1243//1570 1295//1570 1296//1570
f 1243//1571 1296//1571 1244//1571
f 1244//1572 1296//1572 1297//1572
f 1244//1573 1297//1573 1245//1573
f 1245//1574 1297//1574 1298//1574
f 1245//1575 1298//1575 1246//1575
f 1246//1576 1298//1576 1299//1576
f 1246//1577 1299//1577 1247//1577
f 1247//1578 1299//1578 1300//1578
f 1247//1579 1300//1579 1248//1579
f 1248//1580 1300//1580 1301//1580
f 1248//1581 1301//1581 1249//1581
f 1249//1582 1301//1582 1302//1582
f 1249//1582 1302//1582 1250//1582
f 1250//1583 1302//1583 1303//1583
f 1250//1584 1303//1584 1251//1584
f 1251//1585 1303//1585 1304//1585
f 1251//1586 1304//1586 1252//1586
f 1252//1587 1304//1587 1305//1587
f 1252//1588 1305//1588 1253//1588
f 1253//1589 1305//1589 1306//1589
f 1253//1590 1306//1590 1254//1590
f 1254//1591 1306//1591 1307//1591
f 1254//1592 1307//1592 1255//1592
f 1255//1593 1307//1593 1308//1593
f 1255//1594 1308//1594 1256//1594
f 1256//1595 1308//1595 1309//1595
f 1256//1596 1309//1596 1257//1596
f 1257//1597 1309//1597 1310//1597
f 1257//1598 1310//1598 1258//1598
f 1258//1599 1310//1599 1311//1599
f 1258//1600 1311//1600 1259//1600
f 1259//1601 1311//1601 1312//1601
f 1259//1602 1312//1602 1260//1602
f 1260//1603 1312//1603 1313//1603
f 1260//1604 1313//1604 1261//1604
f 1261//1605 1313//1605 1314//1605
f 1261//1606 1314//1606 1262//1606
f 1262//1607 1314//1607 1315//1607
f 1262//1607 1315//1607 1263//1607
f 1263//1608 1315//1608 1316//1608
f 1263//1609 1316//1609 1264//1609
f 1264//1610 1316//1610 1317//1610
f 1264//1611 1317//1611 1265//1611
f 1265//1612 1317//1612 1318//1612
f 1265//1613 1318//1613 1266//1613
f 1266//1614 1318//1614 1319//1614
f 1266//1615 1319//1615 1267//1615
f 1267//1616 1319//1616 1320//1616
f 1267//1617 1320//1617 1268//1617
f 1268//1618 1320//1618 1321//1618
f 1268//1619 1321//1619 1269//1619
f 1269//1620 1321//1620 1270//1620
f 1321//1621 1322//1621 1270//1621
f 1270//1622 1322//1622 1323//1622
f 1270//1623 1323//1623 1271//1623
f 1271//1624 1323//1624 1324//1624
f 1271//1625 1324//1625 1272//1625
f 1272//1626 1324//1626 1325//1626
f 1272//1627 1325//1627 1273//1627
f 1273//1628 1325//1628 1326//1628
f 1273//1629 1326//1629 1274//1629
f 1274//1630 1326//1630 1327//1630
f 1274//1631 1327//1631 1275//1631
f 1275//1632 1327//1632 1328//1632
f 1275//1632 1328//1632 1276//1632
f 1276//1633 1328//1633 1329//1633
f 1276//1634 1329//1634 1277//1634
f 1277//1635 1329//1635 1330//1635
f 1277//1636 1330//1636 1278//1636
f 1278//1637 1330//1637 1331//1637
f 1278//1638 1331//1638 1279//1638
f 1279//1639 1331//1639 1332//1639
f 1279//1640 1332//1640 1280//1640
f 1280//1641 1332//1641 1333//1641
f 1280//1642 1333//1642 1281//1642
f 1281//1643 1333//1643 1334//1643
f 1281//1644 1334//1644 1282//1644
f 1282//1645 1334//1645 1335//1645
f 1282//1646 1335//1646 1283//1646
f 1283//1647 1335//1647 1336//1647
f 1283//1648 1336//1648 1284//1648
f 1284//1649 1336//1649 1337//1649
f 1284//1650 1337//1650 1285//1650
f 1285//1651 1337//1651 1338//1651
f 1285//1652 1338//1652 1286//1652
f 1286//1653 1338//1653 1339//1653
f 1286//1654 1339//1654 1287//1654
f 1287//1655 1339//1655 1340//1655
f 1287//1656 1340//1656 1288//1656
f 1288//1657 1340//1657 1341//1657
f 1288//1657 1341//1657 1289//1657
f 1289//1658 1341//1658 1342//1658
f 1289//1659 1342//1659 1290//1659
f 1290//1660 1342//1660 1343//1660
f 1290//1661 1343//1661 1291//1661
f 1291//1662 1343//1662 1344//1662
f 1291//1663 1344//1663 1292//1663
f 1292//1664 1344//1664 1345//1664
f 1292//1665 1345//1665 1293//1665
f 1293//1666 1345//1666 1346//1666
f 1293//1667 1346//1667 1294//1667
f 1294//1668 1346//1668 1347//1668
f 1294//1669 1347//1669 1295//1669
f 1295//1670 1347//1670 1348//1670
f 1295//1671 1348//1671 1296//1671
f 1296//1672 1348//1672 1349//1672
f 1296//1673 1349//1673 1297//1673
f 1297//1674 1349//1674 1350//1674
f 1297//1675 1350//1675 1298//1675
f 1298//1676 1350//1676 1351//1676
f 1298//1677 1351//1677 1299//1677
f 1299//1678 1351//1678 1352//1678
f 1299//1679 1352//1679 1300//1679
f 1300//1680 1352//1680 1353//1680
f 1300//1681 1353//1681 1301//1681
f 1301//1682 1353//1682 1354//1682
f 1301//1682 1354//1682 1302//1682
f 1302//1683 1354//1683 1355//1683
f 1302//1684 1355//1684 1303//1684
f 1303//1685 1355//1685 1356//1685
f 1303//1686 1356//1686 1304//1686
f 1304//1687 1356//1687 1357//1687
f 1304//1688 1357//1688 1305//1688
f 1305//1689 1357//1689 1358//1689
f 1305//1690 1358//1690 1306//1690
f 1306//1691 1358//1691 1359//1691
f 1306//1692 1359//1692 1307//1692
f 1307//1693 1359//1693 1360//1693
f 1307//1694 1360//1694 1308//1694
f 1308//1695 1360//1695 1361//1695
f 1308//1696 1361//1696 1309//1696
f 1309//1697 1361//1697 1362//1697
f 1309//1698 1362//1698 1310//1698
f 1310//1699 1362//1699 1363//1699
f 1310//1700 1363//1700 1311//1700
f 1311//1701 1363//1701 1364//1701
f 1311//1702 1364//1702 1312//1702
f 1312//1703 1364//1703 1365//1703
f 1312//1704 1365//1704 1313//1704
f 1313//1705 1365//1705 1366//1705
f 1313//1706 1366//1706 1314//1706
f 1314//1707 1366//1707 1367//1707
f 1314//1707 1367//1707 1315//1707
f 1315//1708 1367//1708 1368//1708
f 1315//1709 1368//1709 1316//1709
f 1316//1710 1368//1710 1369//1710
f 1316//1711 1369//1711 1317//1711
f 1317//1712 1369//1712 1370//1712
f 1317//1713 1370//1713 1318//1713
f 1318//1714 1370//1714 1371//1714
f 1318//1715 1371//1715 1319//1715
f 1319//1716 1371//1716 1372//1716
f 1319//1717 1372//1717 1320//1717
f 1320//1718 1372//1718 1373//1718
f 1320//1719 1373//1719 1321//1719
f 1321//1720 1373//1720 1322//1720
f 1373//1721 1374//1721 1322//1721
f 1322//1722 1374//1722 1375//1722
f 1322//1723 1375//1723 1323//1723
f 1323//1724 1375//1724 1376//1724
f 1323//1725 1376//1725 1324//1725
f 1324//1726 1376//1726 1377//1726
f 1324//1727 1377//1727 1325//1727
f 1325//1728 1377//1728 1378//1728
f 1325//1729 1378//1729 1326//1729
f 1326//1730 1378//1730 1379//1730
f 1326//1731 1379//1731 1327//1731
f 1327//1732 1379//1732 1380//1732
f 1327//1732 1380//1732 1328//1732
f 1328//1733 1380//1733 1381//1733
f 1328//1734 1381//1734 1329//1734
f 1329//1735 1381//1735 1382//1735
f 1329//1736 1382//1736 1330//1736
f 1330//1737 1382//1737 1383//1737
f 1330//1738 1383//1738 1331//1738
f 1331//1739 1383//1739 1384//1739
f 1331//1740 1384//1740 1332//1740
f 1332//1741 1384//1741 1385//1741
f 1332//1742 1385//1742 1333//1742
f 1333//1743 1385//1743 1386//1743
f 1333//1744 1386//1744 1334//1744
f 1334//1745 1386//1745 1387//1745
f 1334//1746 1387//1746 1335//1746
f 1335//1747 1387//1747 1388//1747
f 1335//1748 1388//1748 1336//1748
f 1336//1749 1388//1749 1389//1749
f 1336//1750 1389//1750 1337//1750
f 1337//1751 1389//1751 1390//1751
f 1337//1752 1390//1752 1338//1752
f 1338//1753 1390//1753 1391//1753
f 1338//1754 1391//1754 1339//1754
f 1339//1755 1391//1755 1392//1755
f 1339//1756 1392//1756 1340//1756
f 1340//1757 1392//1757 1393//1757
f 1340//1757 1393//1757 1341//1757
f 1341//1758 1393//1758 1394//1758
f 1341//1759 1394//1759 1342//1759
f 1342//1760 1394//1760 1395//1760
f 1342//1761 1395//1761 1343//1761
f 1343//1762 1395//1762 1396//1762
f 1343//1763 1396//1763 1344//1763
f 1344//1764 1396//1764 1397//1764
f 1344//1765 1397//1765 1345//1765
f 1345//1766 1397//1766 1398//1766
f 1345//1767 1398//1767 1346//1767
f 1346//1768 1398//1768 1399//1768
f 1346//1769 1399//1769 1347//1769
f 1347//1770 1399//1770 1400//1770
f 1347//1771 1400//1771 1348//1771
f 1348//1772 1400//1772 1401//1772
f 1348//1773 1401//1773 1349//1773
f 1349//1774 1401//1774 1402//1774
f 1349//1775 1402//1775 1350//1775
f 1350//1776 1402//1776 1403//1776
f 1350//1777 1403//1777 1351//1777
f 1351//1778 1403//1778 1404//1778
f 1351//1779 1404//1779 1352//1779
f 1352//1780 1404//1780 1405//1780
f 1352//1781 1405//1781 1353//1781
f 1353//1782 1405//1782 1406//1782
f 1353//1782 1406//1782 1354//1782
f 1354//1783 1406//1783 1407//1783
f 1354//1784 1407//1784 1355//1784
f 1355//1785 1407//1785 1408//1785
f 1355//1786 1408//1786 1356//1786
f 1356//1787 1408//1787 1409//1787
f 1356//1788 1409//1788 1357//1788
f 1357//1789 1409//1789 1410//1789
f 1357//1790 1410//1790 1358//1790
f 1358//1791 1410//1791 1411//1791
f 1358//1792 1411//1792 1359//1792
f 1359//1793 1411//1793 1412//1793
f 1359//1794 1412//1794 1360//1794
f 1360//1795 1412//1795 1413//1795
f 1360//1796 1413//1796 1361//1796
f 1361//1797 1413//1797 1414//1797
f 1361//1798 1414//1798 1362//1798
f 1362//1799 1414//1799 1415//1799
f 1362//1800 1415//1800 1363//1800
f 1363//1801 1415//1801 1416//1801
f 1363//1802 1416//1802 1364//1802
f 1364//1803 1416//1803 1417//1803
f 1364//1804 1417//1804 1365//1804
f 1365//1805 1417//1805 1418//1805
f 1365//1806 1418//1806 1366//1806
f 1366//1807 1418//1807 1419//1807
f 1366//1807 1419//1807 1367//1807
f 1367//1808 1419//1808 1420//1808
f 1367//1809 1420//1809 1368//1809
f 1368//1810 1420//1810 1421//1810
f 1368//1811 1421//1811 1369//1811
f 1369//1812 1421//1812 1422//1812
f 1369//1813 1422//1813 1370//1813
f 1370//1814 1422//1814 1423//1814
f 1370//1815 1423//1815 1371//1815
f 1371//1816 1423//1816 1424//1816
f 1371//1817 1424//1817 1372//1817
f 1372//1818 1424//1818 1425//1818
f 1372//1819 1425//1819 1373//1819
f 1373//1820 1425//1820 1374//1820
f 1425//1821 1426//1821 1374//1821
f 1374//1822 1426//1822 1427//1822
f 1374//1823 1427//1823 1375//1823
f 1375//1824 1427//1824 1428//1824
f 1375//1825 1428//1825 1376//1825
f 1376//1826 1428//1826 1429//1826
f 1376//1827 1429//1827 1377//1827
f 1377//1828 1429//1828 1430//1828
f 1377//1829 1430//1829 1378//1829
f 1378//1830 1430//1830 1431//1830
f 1378//1831 1431//1831 1379//1831
f 1379//1832 1431//1832 1432//1832
f 1379//1832 1432//1832 1380//1832
f 1380//1833 1432//1833 1433//1833
f 1380//1834 1433//1834 1381//1834
f 1381//1835 1433//1835 1434//1835
f 1381//1836 1434//1836 1382//1836
f 1382//1837 1434//1837 1435//1837
f 1382//1838 1435//1838 1383//1838
f 1383//1839 1435//1839 1436//1839
f 1383//1840 1436//1840 1384//1840
f 1384//1841 1436//1841 1437//1841
f 1384//1842 1437//1842 1385//1842
f 1385//1843 1437//1843 1438//1843
f 1385//1844 1438//1844 1386//1844
f 1386//1845 1438//1845 1439//1845
f 1386//1846 1439//1846 1387//1846
f 1387//1847 1439//1847 1440//1847
f 1387//1848 1440//1848 1388//1848
f 1388//1849 1440//1849 1441//1849
f 1388//1850 1441//1850 1389//1850
f 1389//1851 1441//1851 1442//1851
f 1389//1852 1442//1852 1390//1852
f 1390//1853 1442//1853 1443//1853
f 1390//1854 1443//1854 1391//1854
f 1391//1855 1443//1855 1444//1855
f 1391//1856 1444//1856 1392//1856
f 1392//1857 1444//1857 1445//1857
f 1392//1857 1445//1857 1393//1857
f 1393//1858 1445//1858 1446//1858
f 1393//1859 1446//1859 1394//1859
f 1394//1860 1446//1860 1447//1860
f 1394//1861 1447//1861 1395//1861
f 1395//1862 1447//1862 1448//1862
f 1395//1863 1448//1863 1396//1863
f 1396//1864 1448//1864 1449//1864
f 1396//1865 1449//1865 1397//1865
f 1397//1866 1449//1866 1450//1866
f 1397//1867 1450//1867 1398//1867
f 1398//1868 1450//1868 1451//1868
f 1398//1869 1451//1869 1399//1869
f 1399//1870 1451//1870 1452//1870
f 1399//1871 1452//1871 1400//1871
f 1400//1872 1452//1872 1453//1872
f 1400//1873 1453//1873 1401//1873
f 1401//1874 1453//1874 1454//1874
f 1401//1875 1454//1875 1402//1875
f 1402//1876 1454//1876 1455//1876
f 1402//1877 1455//1877 1403//1877
f 1403//1878 1455//1878 1456//1878
f 1403//1879 1456//1879 1404//1879
f 1404//1880 1456//1880 1457//1880
f 1404//1881 1457//1881 1405//1881
f 1405//1882 1457//1882 1458//1882
f 1405//1882 1458//1882 1406//1882
f 1406//1883 1458//1883 1459//1883
f 1406//1884 1459//1884 1407//1884
f 1407//1885 1459//1885 1460//1885
f 1407//1886 1460//1886 1408//1886
f 1408//1887 1460//1887 1461//1887
f 1408//1888 1461//1888 1409//1888
f 1409//1889 1461//1889 1462//1889
f 1409//1890 1462//1890 1410//1890
f 1410//1891 1462//1891 1463//1891
f 1410//1892 1463//1892 1411//1892
f 1411//1893 1463//1893 1464//1893
f 1411//1894 1464//1894 1412//1894
f 1412//1895 1464//1895 1465//1895
f 1412//1896 1465//1896 1413//1896
f 1413//1897 1465//1897 1466//1897
f 1413//1898 1466//1898 1414//1898
f 1414//1899 1466//1899 1467//1899
f 1414//1900 1467//1900 1415//1900
f 1415//1901 1467//1901 1468//1901
f 1415//1902 1468//1902 1416//1902
f 1416//1903 1468//1903 1469//1903
f 1416//1904 1469//1904 1417//1904
f 1417//1905 1469//1905 1470//1905
f 1417//1906 1470//1906 1418//1906
f 1418//1907 1470//1907 1471//1907
f 1418//1907 1471//1907 1419//1907
f 1419//1908 1471//1908 1472//1908
f 1419//1909 1472//1909 1420//1909
f 1420//1910 1472//1910 1473//1910
f 1420//1911 1473//1911 1421//1911
f 1421//1912 1473//1912 1474//1912
f 1421//1913 1474//1913 1422//1913
f 1422//1914 1474//1914 1475//1914
f 1422//1915 1475//1915 1423//1915
f 1423//1916 1475//1916 1476//1916
f 1423//1917 1476//1917 1424//1917
f 1424//1918 1476//1918 1477//1918
f 1424//1919 1477//1919 1425//1919
f 1425//1920 1477//1920 1426//1920
f 1477//1921 1478//1921 1426//1921
f 1426//1922 1478//1922 1479//1922
f 1426//1923 1479//1923 1427//1923
f 1427//1924 1479//1924 1480//1924
f 1427//1925 1480//1925 1428//1925
f 1428//1926 1480//1926 1481//1926
f 1428//1927 1481//1927 1429//1927
f 1429//1928 1481//1928 1482//1928
f 1429//1929 1482//1929 1430//1929
f 1430//1930 1482//1930 1483//1930
f 1430//1931 1483//1931 1431//1931
f 1431//1932 1483//1932 1484//1932
f 1431//1932 1484//1932 1432//1932
f 1432//1933 1484//1933 1485//1933
f 1432//1934 1485//1934 1433//1934
f 1433//1935 1485//1935 1486//1935
f 1433//1936 1486//1936 1434//1936
f 1434//1937 1486//1937 1487//1937
f 1434//1938 1487//1938 1435//1938
f 1435//1939 1487//1939 1488//1939
f 1435//1940 1488//1940 1436//1940
f 1436//1941 1488//1941 1489//1941
f 1436//1942 1489//1942 1437//1942
f 1437//1943 1489//1943 1490//1943
f 1437//1944 1490//1944 1438//1944
f 1438//1945 1490//1945 1491//1945
f 1438//1946 1491//1946 1439//1946
f 1439//1947 1491//1947 1492//1947
f 1439//1948 1492//1948 1440//1948
f 1440//1949 1492//1949 1493//1949
f 1440//1950 1493//1950 1441//1950
f 1441//1951 1493//1951 1494//1951
f 1441//1952 1494//1952 1442//1952
f 1442//1953 1494//1953 1495//1953
f 1442//1954 1495//1954 1443//1954
f 1443//1955 1495//1955 1496//1955
f 1443//1956 1496//1956 1444//1956
f 1444//1957 1496//1957 1497//1957
f 1444//1957 1497//1957 1445//1957
f 1445//1958 1497//1958 1498//1958
f 1445//1959 1498//1959 1446//1959
f 1446//1960 1498//1960 1499//1960
f 1446//1961 1499//1961 1447//1961
f 1447//1962 1499//1962 1500//1962
f 1447//1963 1500//1963 1448//1963
f 1448//1964 1500//1964 1501//1964
f 1448//1965 1501//1965 1449//1965
f 1449//1966 1501//1966 1502//1966
f 1449//1967 1502//1967 1450//1967
f 1450//1968 1502//1968 1503//1968
f 1450//1969 1503//1969 1451//1969
f 1451//1970 1503//1970 1504//1970
f 1451//1971 1504//1971 1452//1971
f 1452//1972 1504//1972 1505//1972
f 1452//1973 1505//1973 1453//1973
f 1453//1974 1505//1974 1506//1974
f 1453//1975 1506//1975 1454//1975
f 1454//1976 1506//1976 1507//1976
f 1454//1977 1507//1977 1455//1977
f 1455//1978 1507//1978 1508//1978
f 1455//1979 1508//1979 1456//1979
f 1456//1980 1508//1980 1509//1980
f 1456//1981 1509//1981 1457//1981
f 1457//1982 1509//1982 1510//1982
f 1457//1982 1510//1982 1458//1982
f 1458//1983 1510//1983 1511//1983
f 1458//1984 1511//1984 1459//1984
f 1459//1985 1511//1985 1512//1985
f 1459//1986 1512//1986 1460//1986
f 1460//1987 1512//1987 1513//1987
f 1460//1988 1513//1988 1461//1988
f 1461//1989 1513//1989 1514//1989
f 1461//1990 1514//1990 1462//1990
f 1462//1991 1514//1991 1515//1991
f 1462//1992 1515//1992 1463//1992
f 1463//1993 1515//1993 1516//1993
f 1463//1994 1516//1994 1464//1994
f 1464//1995 1516//1995 1517//1995
f 1464//1996 1517//1996 1465//1996
f 1465//1997 1517//1997 1518//1997
f 1465//1998 1518//1998 1466//1998
f 1466//1999 1518//1999 1519//1999
f 1466//2000 1519//2000 1467//2000
f 1467//2001 1519//2001 1520//2001
f 1467//2002 1520//2002 1468//2002
f 1468//2003 1520//2003 1521//2003
f 1468//2004 1521//2004 1469//2004
f 1469//2005 1521//2005 1522//2005
f 1469//2006 1522//2006 1470//2006
f 1470//2007 1522//2007 1523//2007
f 1470//2007 1523//2007 1471//2007
f 1471//2008 1523//2008 1524//2008
f 1471//2009 1524//2009 1472//2009
f 1472//2010 1524//2010 1525//2010
f 1472//2011 1525//2011 1473//2011
f 1473//2012 1525//2012 1526//2012
f 1473//2013 1526//2013 1474//2013
f 1474//2014 1526//2014 1527//2014
f 1474//2015 1527//2015 1475//2015
f 1475//2016 1527//2016 1528//2016
f 1475//2017 1528//2017 1476//2017
f 1476//2018 1528//2018 1529//2018
f 1476//2019 1529//2019 1477//2019
f 1477//2020 1529//2020 1478//2020
f 1485//2021 1530//2021 1531//2021
f 1501//2021 1532//2021 1533//2021
f 1534//2021 1487//2021 1531//2021
f 1531//2021 1487//2021 1486//2021
f 1531//2021 1486//2021 1485//2021
f 1535//2021 1489//2021 1534//2021
f 1534//2021 1489//2021 1488//2021
f 1534//2021 1488//2021 1487//2021
f 1536//2021 1491//2021 1535//2021
f 1535//2021 1491//2021 1490//2021
f 1535//2021 1490//2021 1489//2021
f 1537//2021 1493//2021 1536//2021
f 1536//2021 1493//2021 1492//2021
f 1536//2021 1492//2021 1491//2021
f 1538//2021 1503//2021 1533//2021
f 1533//2021 1503//2021 1502//2021
f 1533//2021 1502//2021 1501//2021
f 1539//2021 1505//2021 1538//2021
f 1538//2021 1505//2021 1504//2021
f 1538//2021 1504//2021 1503//2021
f 1517//2021 1540//2021 1541//2021
f 1542//2021 1495//2021 1537//2021
f 1537//2021 1495//2021 1494//2021
f 1537//2021 1494//2021 1493//2021
f 1543//2021 1507//2021 1539//2021
f 1539//2021 1507//2021 1506//2021
f 1539//2021 1506//2021 1505//2021
f 1513//2021 1544//2021 1545//2021
f 1517//2021 1516//2021 1540//2021
f 1540//2021 1516//2021 1515//2021
f 1540//2021 1515//2021 1545//2021
f 1545//2021 1515//2021 1514//2021
f 1545//2021 1514//2021 1513//2021
f 1546//2021 1519//2021 1541//2021
f 1541//2021 1519//2021 1518//2021
f 1541//2021 1518//2021 1517//2021
f 1547//2021 1497//2021 1542//2021
f 1542//2021 1497//2021 1496//2021
f 1542//2021 1496//2021 1495//2021
f 1501//2021 1500//2021 1532//2021
f 1532//2021 1500//2021 1499//2021
f 1532//2021 1499//2021 1547//2021
f 1547//2021 1499//2021 1498//2021
f 1547//2021 1498//2021 1497//2021
f 1548//2021 1509//2021 1543//2021
f 1543//2021 1509//2021 1508//2021
f 1543//2021 1508//2021 1507//2021
f 1513//2021 1512//2021 1544//2021
f 1544//2021 1512//2021 1511//2021
f 1544//2021 1511//2021 1548//2021
f 1548//2021 1511//2021 1510//2021
f 1548//2021 1510//2021 1509//2021
f 1549//2021 1521//2021 1546//2021
f 1546//2021 1521//2021 1520//2021
f 1546//2021 1520//2021 1519//2021
f 1550//2021 1523//2021 1549//2021
f 1549//2021 1523//2021 1522//2021
f 1549//2021 1522//2021 1521//2021
f 1529//2021 1551//2021 1552//2021
f 1553//2021 1525//2021 1550//2021
f 1550//2021 1525//2021 1524//2021
f 1550//2021 1524//2021 1523//2021
f 1529//2021 1528//2021 1551//2021
f 1551//2021 1528//2021 1527//2021
f 1551//2021 1527//2021 1553//2021
f 1553//2021 1527//2021 1526//2021
f 1553//2021 1526//2021 1525//2021
f 1554//2021 1479//2021 1552//2021
f 1552//2021 1479//2021 1478//2021
f 1552//2021 1478//2021 1529//2021
f 1555//2021 1481//2021 1554//2021
f 1554//2021 1481//2021 1480//2021
f 1554//2021 1480//2021 1479//2021
f 1485//2021 1484//2021 1530//2021
f 1530//2021 1484//2021 1483//2021
f 1530//2021 1483//2021 1555//2021
f 1555//2021 1483//2021 1482//2021
f 1555//2021 1482//2021 1481//2021
f 1540//2022 1556//2022 1541//2022
f 1541//2022 1556//2022 1557//2022
f 1541//2023 1557//2023 1546//2023
f 1546//2023 1557//2023 1558//2023
f 1546//2024 1558//2024 1549//2024
f 1549//2024 1558//2024 1559//2024
f 1549//2025 1559//2025 1550//2025
f 1550//2025 1559//2025 1560//2025
f 1550//2026 1560//2026 1553//2026
f 1553//2026 1560//2026 1561//2026
f 1553//2027 1561//2027 1551//2027
f 1551//2027 1561//2027 1562//2027
f 1551//2028 1562//2028 1552//2028
f 1552//2028 1562//2028 1563//2028
f 1552//2029 1563//2029 1554//2029
f 1554//2029 1563//2029 1564//2029
f 1554//2030 1564//2030 1555//2030
f 1555//2030 1564//2030 1565//2030
f 1555//2031 1565//2031 1530//2031
f 1530//2031 1565//2031 1566//2031
f 1530//2032 1566//2032 1531//2032
f 1531//2032 1566//2032 1567//2032
f 1531//2033 1567//2033 1534//2033
f 1534//2033 1567//2033 1568//2033
f 1534//2034 1568//2034 1535//2034
f 1535//2034 1568//2034 1569//2034
f 1535//2035 1569//2035 1536//2035
f 1536//2035 1569//2035 1570//2035
f 1536//2036 1570//2036 1537//2036
f 1537//2036 1570//2036 1571//2036
f 1537//2037 1571//2037 1542//2037
f 1542//2037 1571//2037 1572//2037
f 1542//2038 1572//2038 1547//2038
f 1547//2038 1572//2038 1573//2038
f 1547//2039 1573//2039 1532//2039
f 1532//2039 1573//2039 1574//2039
f 1532//2040 1574//2040 1533//2040
f 1533//2040 1574//2040 1575//2040
f 1533//2041 1575//2041 1538//2041
f 1538//2041 1575//2041 1576//2041
f 1538//2042 1576//2042 1539//2042
f 1539//2042 1576//2042 1577//2042
f 1539//2043 1577//2043 1543//2043
f 1543//2043 1577//2043 1578//2043
f 1543//2044 1578//2044 1548//2044
f 1548//2044 1578//2044 1579//2044
f 1548//2045 1579//2045 1544//2045
f 1544//2045 1579//2045 1580//2045
f 1544//2046 1580//2046 1545//2046
f 1545//2046 1580//2046 1581//2046
f 1545//2047 1581//2047 1540//2047
f 1540//2047 1581//2047 1556//2047
f 1556//2048 1581//2048 878//2048
f 1580//2048 874//2048 1581//2048
f 1581//2048 874//2048 876//2048
f 1581//2048 876//2048 878//2048
f 1575//2048 1574//2048 850//2048
f 814//2048 1566//2048 1565//2048
f 1579//2048 870//2048 1580//2048
f 1580//2048 870//2048 872//2048
f 1580//2048 872//2048 874//2048
f 1577//2048 1576//2048 858//2048
f 850//2048 852//2048 1575//2048
f 1575//2048 852//2048 854//2048
f 1575//2048 854//2048 1576//2048
f 1576//2048 854//2048 856//2048
f 1576//2048 856//2048 858//2048
f 1564//2048 810//2048 1565//2048
f 1565//2048 810//2048 812//2048
f 1565//2048 812//2048 814//2048
f 902//2048 1562//2048 1561//2048
f 1560//2048 898//2048 1561//2048
f 1561//2048 898//2048 900//2048
f 1561//2048 900//2048 902//2048
f 1578//2048 866//2048 1579//2048
f 1579//2048 866//2048 868//2048
f 1579//2048 868//2048 870//2048
f 858//2048 860//2048 1577//2048
f 1577//2048 860//2048 862//2048
f 1577//2048 862//2048 1578//2048
f 1578//2048 862//2048 864//2048
f 1578//2048 864//2048 866//2048
f 1569//2048 1568//2048 826//2048
f 1559//2048 894//2048 1560//2048
f 1560//2048 894//2048 896//2048
f 1560//2048 896//2048 898//2048
f 1558//2048 890//2048 1559//2048
f 1559//2048 890//2048 892//2048
f 1559//2048 892//2048 894//2048
f 1557//2048 886//2048 1558//2048
f 1558//2048 886//2048 888//2048
f 1558//2048 888//2048 890//2048
f 1573//2048 846//2048 1574//2048
f 1574//2048 846//2048 848//2048
f 1574//2048 848//2048 850//2048
f 1572//2048 842//2048 1573//2048
f 1573//2048 842//2048 844//2048
f 1573//2048 844//2048 846//2048
f 1571//2048 838//2048 1572//2048
f 1572//2048 838//2048 840//2048
f 1572//2048 840//2048 842//2048
f 1567//2048 822//2048 1568//2048
f 1568//2048 822//2048 824//2048
f 1568//2048 824//2048 826//2048
f 814//2048 816//2048 1566//2048
f 1566//2048 816//2048 818//2048
f 1566//2048 818//2048 1567//2048
f 1567//2048 818//2048 820//2048
f 1567//2048 820//2048 822//2048
f 1563//2048 806//2048 1564//2048
f 1564//2048 806//2048 808//2048
f 1564//2048 808//2048 810//2048
f 902//2048 904//2048 1562//2048
f 1562//2048 904//2048 802//2048
f 1562//2048 802//2048 1563//2048
f 1563//2048 802//2048 804//2048
f 1563//2048 804//2048 806//2048
f 878//2048 880//2048 1556//2048
f 1556//2048 880//2048 882//2048
f 1556//2048 882//2048 1557//2048
f 1557//2048 882//2048 884//2048
f 1557//2048 884//2048 886//2048
f 1570//2048 834//2048 1571//2048
f 1571//2048 834//2048 836//2048
f 1571//2048 836//2048 838//2048
f 826//2048 828//2048 1569//2048
f 1569//2048 828//2048 830//2048
f 1569//2048 830//2048 1570//2048
f 1570//2048 830//2048 832//2048
f 1570//2048 832//2048 834//2048
f 1582//2049 1583//2049 1584//2049
f 1585//2049 1586//2049 1587//2049
f 1587//2049 1586//2049 1588//2049
f 1587//2049 1588//2049 1584//2049
f 1584//2049 1588//2049 1589//2049
f 1584//2049 1589//2049 1582//2049
f 1590//2049 1591//2049 1592//2049
f 1592//2049 1591//2049 1593//2049
f 1592//2049 1593//2049 1594//2049
f 1594//2049 1593//2049 1595//2049
f 1594//2049 1595//2049 1585//2049
f 1585//2049 1595//2049 1596//2049
f 1585//2049 1596//2049 1586//2049
f 1597//2049 1598//2049 1599//2049
f 1599//2049 1598//2049 1600//2049
f 1599//2049 1600//2049 1590//2049
f 1590//2049 1600//2049 1601//2049
f 1590//2049 1601//2049 1591//2049
f 1602//2049 1603//2049 1604//2049
f 1604//2049 1603//2049 1605//2049
f 1604//2049 1605//2049 1606//2049
f 1606//2049 1605//2049 1607//2049
f 1606//2049 1607//2049 1608//2049
f 1609//2049 1610//2049 1611//2049
f 1611//2049 1610//2049 1612//2049
f 1611//2049 1612//2049 1613//2049
f 1613//2049 1612//2049 1614//2049
f 1613//2049 1614//2049 1597//2049
f 1597//2049 1614//2049 1615//2049
f 1597//2049 1615//2049 1598//2049
f 1616//2049 1617//2049 1618//2049
f 1618//2049 1617//2049 1619//2049
f 1618//2049 1619//2049 1620//2049
f 1620//2049 1619//2049 1621//2049
f 1620//2049 1621//2049 1622//2049
f 1582//2049 1623//2049 1583//2049
f 1583//2049 1623//2049 1624//2049
f 1583//2049 1624//2049 1625//2049
f 1625//2049 1624//2049 1626//2049
f 1625//2049 1626//2049 1602//2049
f 1602//2049 1626//2049 1627//2049
f 1602//2049 1627//2049 1603//2049
f 1621//2049 1628//2049 1622//2049
f 1622//2049 1628//2049 1629//2049
f 1622//2049 1629//2049 1630//2049
f 1630//2049 1629//2049 1631//2049
f 1630//2049 1631//2049 1609//2049
f 1609//2049 1631//2049 1632//2049
f 1609//2049 1632//2049 1610//2049
f 1633//2049 1634//2049 1635//2049
f 1635//2049 1634//2049 1636//2049
f 1635//2049 1636//2049 1616//2049
f 1616//2049 1636//2049 1637//2049
f 1616//2049 1637//2049 1617//2049
f 1638//2049 1639//2049 1640//2049
f 1640//2049 1639//2049 1641//2049
f 1640//2049 1641//2049 1642//2049
f 1642//2049 1641//2049 1643//2049
f 1642//2049 1643//2049 1633//2049
f 1633//2049 1643//2049 1644//2049
f 1633//2049 1644//2049 1634//2049
f 1607//2049 1645//2049 1608//2049
f 1608//2049 1645//2049 1646//2049
f 1608//2049 1646//2049 1647//2049
f 1647//2049 1646//2049 1648//2049
f 1647//2049 1648//2049 1638//2049
f 1638//2049 1648//2049 1649//2049
f 1638//2049 1649//2049 1639//2049
f 1650//2050 1651//2050 1652//2050
f 1652//2050 1651//2050 1653//2050
f 1652//2050 1653//2050 1654//2050
f 1654//2050 1653//2050 1655//2050
f 1654//2050 1655//2050 1656//2050
f 1657//2050 1658//2050 1659//2050
f 1659//2050 1658//2050 1660//2050
f 1659//2050 1660//2050 1661//2050
f 1661//2050 1660//2050 1662//2050
f 1661//2050 1662//2050 1663//2050
f 1664//2050 1665//2050 1666//2050
f 1666//2050 1665//2050 1667//2050
f 1666//2050 1667//2050 1668//2050
f 1668//2050 1667//2050 1669//2050
f 1668//2050 1669//2050 1670//2050
f 1671//2050 1672//2050 1673//2050
f 1673//2050 1672//2050 1674//2050
f 1673//2050 1674//2050 1675//2050
f 1675//2050 1674//2050 1676//2050
f 1675//2050 1676//2050 1677//2050
f 1655//2050 1678//2050 1656//2050
f 1656//2050 1678//2050 1679//2050
f 1656//2050 1679//2050 1680//2050
f 1680//2050 1679//2050 1681//2050
f 1680//2050 1681//2050 1682//2050
f 1669//2050 1683//2050 1670//2050
f 1670//2050 1683//2050 1684//2050
f 1670//2050 1684//2050 1685//2050
f 1685//2050 1684//2050 1686//2050
f 1685//2050 1686//2050 1650//2050
f 1650//2050 1686//2050 1687//2050
f 1650//2050 1687//2050 1651//2050
f 1688//2050 1689//2050 1690//2050
f 1690//2050 1689//2050 1691//2050
f 1690//2050 1691//2050 1657//2050
f 1657//2050 1691//2050 1692//2050
f 1657//2050 1692//2050 1658//2050
f 1681//2050 1693//2050 1682//2050
f 1682//2050 1693//2050 1694//2050
f 1682//2050 1694//2050 1695//2050
f 1695//2050 1694//2050 1696//2050
f 1695//2050 1696//2050 1697//2050
f 1697//2050 1696//2050 1698//2050
f 1697//2050 1698//2050 1688//2050
f 1688//2050 1698//2050 1699//2050
f 1688//2050 1699//2050 1689//2050
f 1676//2050 1700//2050 1677//2050
f 1677//2050 1700//2050 1701//2050
f 1677//2050 1701//2050 1702//2050
f 1702//2050 1701//2050 1703//2050
f 1702//2050 1703//2050 1664//2050
f 1664//2050 1703//2050 1704//2050
f 1664//2050 1704//2050 1665//2050
f 1705//2050 1706//2050 1707//2050
f 1707//2050 1706//2050 1708//2050
f 1707//2050 1708//2050 1671//2050
f 1671//2050 1708//2050 1709//2050
f 1671//2050 1709//2050 1672//2050
f 1710//2050 1711//2050 1705//2050
f 1705//2050 1711//2050 1712//2050
f 1705//2050 1712//2050 1706//2050
f 1662//2050 1713//2050 1663//2050
f 1663//2050 1713//2050 1714//2050
f 1663//2050 1714//2050 1715//2050
f 1715//2050 1714//2050 1716//2050
f 1715//2050 1716//2050 1710//2050
f 1710//2050 1716//2050 1717//2050
f 1710//2050 1717//2050 1711//2050
f 1624//2051 1623//2051 1712//2051
f 1712//2052 1623//2052 1706//2052
f 1623//2053 1582//2053 1706//2053
f 1706//2054 1582//2054 1589//2054
f 1706//2054 1589//2054 1708//2054
f 1708//2055 1589//2055 1588//2055
f 1708//2055 1588//2055 1709//2055
f 1709//2056 1588//2056 1586//2056
f 1709//2056 1586//2056 1672//2056
f 1672//2057 1586//2057 1596//2057
f 1672//2057 1596//2057 1674//2057
f 1674//2058 1596//2058 1595//2058
f 1674//2058 1595//2058 1676//2058
f 1676//2059 1595//2059 1593//2059
f 1676//2059 1593//2059 1700//2059
f 1700//2060 1593//2060 1591//2060
f 1700//2060 1591//2060 1701//2060
f 1701//2061 1591//2061 1601//2061
f 1701//2061 1601//2061 1703//2061
f 1703//2062 1601//2062 1600//2062
f 1703//2062 1600//2062 1704//2062
f 1704//2063 1600//2063 1598//2063
f 1704//2063 1598//2063 1665//2063
f 1665//2064 1598//2064 1615//2064
f 1665//2064 1615//2064 1667//2064
f 1667//2065 1615//2065 1614//2065
f 1667//2065 1614//2065 1669//2065
f 1669//2066 1614//2066 1612//2066
f 1669//2066 1612//2066 1683//2066
f 1683//2067 1612//2067 1610//2067
f 1683//2067 1610//2067 1684//2067
f 1684//2068 1610//2068 1632//2068
f 1684//2068 1632//2068 1686//2068
f 1686//2069 1632//2069 1631//2069
f 1686//2069 1631//2069 1687//2069
f 1687//2070 1631//2070 1629//2070
f 1687//2070 1629//2070 1651//2070
f 1651//2071 1629//2071 1628//2071
f 1651//2071 1628//2071 1653//2071
f 1653//2072 1628//2072 1621//2072
f 1653//2072 1621//2072 1655//2072
f 1655//2073 1621//2073 1619//2073
f 1655//2073 1619//2073 1678//2073
f 1678//2074 1619//2074 1617//2074
f 1678//2074 1617//2074 1679//2074
f 1679//2075 1617//2075 1637//2075
f 1679//2075 1637//2075 1681//2075
f 1681//2076 1637//2076 1636//2076
f 1681//2076 1636//2076 1693//2076
f 1693//2077 1636//2077 1634//2077
f 1693//2077 1634//2077 1694//2077
f 1694//2078 1634//2078 1644//2078
f 1694//2078 1644//2078 1696//2078
f 1696//2079 1644//2079 1643//2079
f 1696//2079 1643//2079 1698//2079
f 1698//2080 1643//2080 1641//2080
f 1698//2080 1641//2080 1699//2080
f 1699//2081 1641//2081 1639//2081
f 1699//2081 1639//2081 1689//2081
f 1689//2082 1639//2082 1649//2082
f 1689//2082 1649//2082 1691//2082
f 1691//2083 1649//2083 1648//2083
f 1691//2083 1648//2083 1692//2083
f 1692//2084 1648//2084 1646//2084
f 1692//2084 1646//2084 1658//2084
f 1658//2085 1646//2085 1645//2085
f 1658//2085 1645//2085 1660//2085
f 1660//2086 1645//2086 1607//2086
f 1660//2086 1607//2086 1662//2086
f 1662//2087 1607//2087 1605//2087
f 1662//2087 1605//2087 1713//2087
f 1713//2088 1605//2088 1603//2088
f 1713//2088 1603//2088 1714//2088
f 1714//2089 1603//2089 1627//2089
f 1714//2089 1627//2089 1716//2089
f 1716//2090 1627//2090 1626//2090
f 1716//2090 1626//2090 1717//2090
f 1717//2091 1626//2091 1624//2091
f 1717//2091 1624//2091 1711//2091
f 1711//2092 1624//2092 1712//2092
f 1620//2093 1654//2093 1618//2093
f 1618//2093 1654//2093 1656//2093
f 1618//2094 1656//2094 1616//2094
f 1616//2094 1656//2094 1680//2094
f 1616//2095 1680//2095 1635//2095
f 1635//2095 1680//2095 1682//2095
f 1635//2096 1682//2096 1633//2096
f 1633//2096 1682//2096 1695//2096
f 1633//2097 1695//2097 1642//2097
f 1642//2097 1695//2097 1697//2097
f 1642//2098 1697//2098 1640//2098
f 1640//2098 1697//2098 1688//2098
f 1640//2099 1688//2099 1638//2099
f 1638//2099 1688//2099 1690//2099
f 1638//2100 1690//2100 1647//2100
f 1647//2100 1690//2100 1657//2100
f 1647//2101 1657//2101 1608//2101
f 1608//2101 1657//2101 1659//2101
f 1608//2102 1659//2102 1606//2102
f 1606//2102 1659//2102 1661//2102
f 1606//2103 1661//2103 1604//2103
f 1604//2103 1661//2103 1663//2103
f 1604//2104 1663//2104 1602//2104
f 1602//2104 1663//2104 1715//2104
f 1602//2105 1715//2105 1625//2105
f 1625//2105 1715//2105 1710//2105
f 1625//2106 1710//2106 1583//2106
f 1583//2106 1710//2106 1705//2106
f 1583//2107 1705//2107 1584//2107
f 1584//2107 1705//2107 1707//2107
f 1584//2108 1707//2108 1587//2108
f 1587//2108 1707//2108 1671//2108
f 1587//2109 1671//2109 1585//2109
f 1585//2109 1671//2109 1673//2109
f 1585//2110 1673//2110 1594//2110
f 1594//2110 1673//2110 1675//2110
f 1594//2111 1675//2111 1592//2111
f 1592//2111 1675//2111 1677//2111
f 1592//2112 1677//2112 1590//2112
f 1590//2112 1677//2112 1702//2112
f 1590//2113 1702//2113 1599//2113
f 1599//2113 1702//2113 1664//2113
f 1599//2114 1664//2114 1597//2114
f 1597//2114 1664//2114 1666//2114
f 1597//2115 1666//2115 1613//2115
f 1613//2115 1666//2115 1668//2115
f 1613//2116 1668//2116 1611//2116
f 1611//2116 1668//2116 1670//2116
f 1611//2117 1670//2117 1609//2117
f 1609//2117 1670//2117 1685//2117
f 1609//2118 1685//2118 1630//2118
f 1630//2118 1685//2118 1650//2118
f 1630//2119 1650//2119 1622//2119
f 1622//2119 1650//2119 1652//2119
f 1622//2120 1652//2120 1620//2120
f 1620//2120 1652//2120 1654//2120
f 1718//2121 1719//2121 1720//2121
f 1720//2121 1719//2121 1721//2121
f 1720//2121 1721//2121 1722//2121
f 1722//2121 1721//2121 1723//2121
f 1722//2121 1723//2121 1724//2121
f 1724//2121 1723//2121 1725//2121
f 1724//2121 1725//2121 1726//2121
f 1726//2121 1725//2121 1727//2121
f 1726//2121 1727//2121 1728//2121
f 1728//2121 1727//2121 1729//2121
f 1728//2121 1729//2121 1730//2121
f 1730//2121 1729//2121 1731//2121
f 1730//2121 1731//2121 1732//2121
f 1732//2121 1731//2121 1733//2121
f 1732//2121 1733//2121 1734//2121
f 1734//2121 1733//2121 1735//2121
f 1734//2121 1735//2121 1736//2121
f 1736//2121 1735//2121 1737//2121
f 1736//2121 1737//2121 1738//2121
f 1738//2121 1737//2121 1739//2121
f 1738//2121 1739//2121 1740//2121
f 1740//2121 1739//2121 1741//2121
f 1740//2121 1741//2121 1742//2121
f 1742//2121 1741//2121 1743//2121
f 1742//2121 1743//2121 1744//2121
f 1744//2121 1743//2121 1745//2121
f 1744//2121 1745//2121 1746//2121
f 1746//2121 1745//2121 1747//2121
f 1746//2121 1747//2121 1748//2121
f 1748//2121 1747//2121 1749//2121
f 1748//2121 1749//2121 1750//2121
f 1750//2121 1749//2121 1751//2121
f 1750//2121 1751//2121 1752//2121
f 1752//2121 1751//2121 1753//2121
f 1752//2121 1753//2121 1754//2121
f 1754//2121 1753//2121 1755//2121
f 1754//2121 1755//2121 1756//2121
f 1756//2121 1755//2121 1757//2121
f 1756//2121 1757//2121 1758//2121
f 1758//2121 1757//2121 1759//2121
f 1758//2121 1759//2121 1760//2121
f 1760//2121 1759//2121 1761//2121
f 1760//2121 1761//2121 1762//2121
f 1762//2121 1761//2121 1763//2121
f 1762//2121 1763//2121 1764//2121
f 1764//2121 1763//2121 1765//2121
f 1764//2121 1765//2121 1766//2121
f 1766//2121 1765//2121 1767//2121
f 1766//2121 1767//2121 1768//2121
f 1768//2121 1767//2121 1769//2121
f 1768//2121 1769//2121 1770//2121
f 1770//2121 1769//2121 1771//2121
f 1770//2121 1771//2121 1772//2121
f 1772//2121 1771//2121 1773//2121
f 1772//2121 1773//2121 1774//2121
f 1774//2121 1773//2121 1775//2121
f 1774//2121 1775//2121 1776//2121
f 1776//2121 1775//2121 1777//2121
f 1776//2121 1777//2121 1778//2121
f 1778//2121 1777//2121 1779//2121
f 1778//2121 1779//2121 1780//2121
f 1780//2121 1779//2121 1781//2121
f 1780//2121 1781//2121 1782//2121
f 1782//2121 1781//2121 1783//2121
f 1782//2121 1783//2121 1784//2121
f 1784//2121 1783//2121 1785//2121
f 1784//2121 1785//2121 1786//2121
f 1786//2121 1785//2121 1787//2121
f 1786//2121 1787//2121 1788//2121
f 1788//2121 1787//2121 1789//2121
f 1788//2121 1789//2121 1790//2121
f 1790//2121 1789//2121 1791//2121
f 1790//2121 1791//2121 1718//2121
f 1718//2121 1791//2121 1719//2121
f 1783//2122 1792//2122 1793//2122
f 1783//2123 1793//2123 1785//2123
f 1792//2124 1783//2124 1794//2124
f 1794//2125 1783//2125 1781//2125
f 1794//2126 1781//2126 1795//2126
f 1795//2127 1781//2127 1796//2127
f 1796//2128 1781//2128 1779//2128
f 1796//2129 1779//2129 1797//2129
f 1797//2130 1779//2130 1798//2130
f 1798//2131 1779//2131 1777//2131
f 1798//2132 1777//2132 1799//2132
f 1799//2133 1777//2133 1800//2133
f 1800//2134 1777//2134 1775//2134
f 1800//2135 1775//2135 1801//2135
f 1801//2136 1775//2136 1802//2136
f 1802//2137 1775//2137 1773//2137
f 1802//2138 1773//2138 1803//2138
f 1803//2139 1773//2139 1804//2139
f 1804//2140 1773//2140 1771//2140
f 1804//2141 1771//2141 1805//2141
f 1805//2142 1771//2142 1806//2142
f 1806//2143 1771//2143 1769//2143
f 1806//2144 1769//2144 1807//2144
f 1807//2145 1769//2145 1808//2145
f 1808//2146 1769//2146 1767//2146
f 1808//2147 1767//2147 1809//2147
f 1809//2148 1767//2148 1810//2148
f 1810//2149 1767//2149 1765//2149
f 1810//2150 1765//2150 1811//2150
f 1811//2151 1765//2151 1812//2151
f 1812//2152 1765//2152 1763//2152
f 1812//2153 1763//2153 1813//2153
f 1813//2154 1763//2154 1814//2154
f 1814//2155 1763//2155 1761//2155
f 1814//2156 1761//2156 1815//2156
f 1815//2157 1761//2157 1816//2157
f 1816//2158 1761//2158 1759//2158
f 1816//2159 1759//2159 1817//2159
f 1817//2160 1759//2160 1818//2160
f 1818//2161 1759//2161 1757//2161
f 1818//2162 1757//2162 1819//2162
f 1819//2163 1757//2163 1820//2163
f 1820//2164 1757//2164 1755//2164
f 1820//2165 1755//2165 1821//2165
f 1821//2166 1755//2166 1822//2166
f 1822//2167 1755//2167 1753//2167
f 1822//2168 1753//2168 1823//2168
f 1823//2169 1753//2169 1824//2169
f 1824//2170 1753//2170 1751//2170
f 1824//2171 1751//2171 1825//2171
f 1825//2172 1751//2172 1826//2172
f 1826//2173 1751//2173 1749//2173
f 1826//2174 1749//2174 1827//2174
f 1747//2175 1828//2175 1749//2175
f 1749//2176 1828//2176 1829//2176
f 1749//2177 1829//2177 1827//2177
f 1745//2178 1743//2178 1830//2178
f 1830//2179 1831//2179 1745//2179
f 1745//2180 1831//2180 1832//2180
f 1745//2181 1832//2181 1747//2181
f 1747//2182 1832//2182 1833//2182
f 1747//2183 1833//2183 1828//2183
f 1741//2184 1739//2184 1834//2184
f 1834//2185 1835//2185 1741//2185
f 1741//2186 1835//2186 1836//2186
f 1741//2187 1836//2187 1743//2187
f 1743//2188 1836//2188 1837//2188
f 1743//2189 1837//2189 1830//2189
f 1737//2190 1735//2190 1838//2190
f 1838//2191 1839//2191 1737//2191
f 1737//2192 1839//2192 1840//2192
f 1737//2193 1840//2193 1739//2193
f 1739//2194 1840//2194 1841//2194
f 1739//2195 1841//2195 1834//2195
f 1733//2196 1731//2196 1842//2196
f 1842//2197 1843//2197 1733//2197
f 1733//2198 1843//2198 1844//2198
f 1733//2199 1844//2199 1735//2199
f 1735//2200 1844//2200 1845//2200
f 1735//2201 1845//2201 1838//2201
f 1729//2202 1727//2202 1846//2202
f 1846//2203 1847//2203 1729//2203
f 1729//2204 1847//2204 1848//2204
f 1729//2205 1848//2205 1731//2205
f 1731//2206 1848//2206 1849//2206
f 1731//2207 1849//2207 1842//2207
f 1725//2208 1723//2208 1850//2208
f 1850//2209 1851//2209 1725//2209
f 1725//2210 1851//2210 1852//2210
f 1725//2211 1852//2211 1727//2211
f 1727//2212 1852//2212 1853//2212
f 1727//2213 1853//2213 1846//2213
f 1721//2214 1719//2214 1854//2214
f 1854//2215 1855//2215 1721//2215
f 1721//2216 1855//2216 1856//2216
f 1721//2217 1856//2217 1723//2217
f 1723//2218 1856//2218 1857//2218
f 1723//2219 1857//2219 1850//2219
f 1791//2220 1789//2220 1858//2220
f 1858//2221 1859//2221 1791//2221
f 1791//2222 1859//2222 1860//2222
f 1791//2223 1860//2223 1719//2223
f 1719//2224 1860//2224 1861//2224
f 1719//2225 1861//2225 1854//2225
f 1793//2226 1862//2226 1785//2226
f 1785//2227 1862//2227 1863//2227
f 1785//2228 1863//2228 1787//2228
f 1787//2229 1863//2229 1864//2229
f 1787//2230 1864//2230 1789//2230
f 1789//2231 1864//2231 1865//2231
f 1789//2232 1865//2232 1858//2232
f 1866//2233 1822//2233 1823//2233
f 1866//2234 1823//2234 1867//2234
f 1822//2235 1866//2235 1821//2235
f 1821//2236 1866//2236 1868//2236
f 1821//2237 1868//2237 1820//2237
f 1820//2238 1868//2238 1819//2238
f 1819//2239 1868//2239 1869//2239
f 1819//2240 1869//2240 1818//2240
f 1818//2241 1869//2241 1817//2241
f 1817//2242 1869//2242 1870//2242
f 1817//2243 1870//2243 1816//2243
f 1816//2244 1870//2244 1815//2244
f 1815//2245 1870//2245 1871//2245
f 1815//2246 1871//2246 1814//2246
f 1814//2247 1871//2247 1813//2247
f 1813//2248 1871//2248 1872//2248
f 1813//2249 1872//2249 1812//2249
f 1812//2250 1872//2250 1811//2250
f 1811//2251 1872//2251 1873//2251
f 1811//2252 1873//2252 1810//2252
f 1810//2253 1873//2253 1809//2253
f 1809//2254 1873//2254 1874//2254
f 1809//2255 1874//2255 1808//2255
f 1808//2256 1874//2256 1807//2256
f 1807//2257 1874//2257 1875//2257
f 1807//2258 1875//2258 1806//2258
f 1806//2259 1875//2259 1805//2259
f 1805//2260 1875//2260 1876//2260
f 1805//2261 1876//2261 1804//2261
f 1804//2262 1876//2262 1803//2262
f 1803//2263 1876//2263 1877//2263
f 1803//2264 1877//2264 1802//2264
f 1802//2265 1877//2265 1801//2265
f 1801//2266 1877//2266 1878//2266
f 1801//2267 1878//2267 1800//2267
f 1800//2268 1878//2268 1799//2268
f 1799//2269 1878//2269 1879//2269
f 1799//2270 1879//2270 1798//2270
f 1798//2271 1879//2271 1797//2271
f 1797//2272 1879//2272 1880//2272
f 1797//2273 1880//2273 1796//2273
f 1796//2274 1880//2274 1795//2274
f 1795//2275 1880//2275 1881//2275
f 1795//2276 1881//2276 1794//2276
f 1794//2277 1881//2277 1792//2277
f 1792//2278 1881//2278 1882//2278
f 1792//2279 1882//2279 1793//2279
f 1793//2280 1882//2280 1862//2280
f 1862//2281 1882//2281 1883//2281
f 1862//2282 1883//2282 1863//2282
f 1863//2283 1883//2283 1884//2283
f 1863//2284 1884//2284 1864//2284
f 1864//2285 1884//2285 1885//2285
f 1864//2286 1885//2286 1865//2286
f 1886//2287 1859//2287 1885//2287
f 1885//2288 1859//2288 1858//2288
f 1885//2289 1858//2289 1865//2289
f 1887//2290 1888//2290 1855//2290
f 1855//2291 1854//2291 1887//2291
f 1887//2292 1854//2292 1861//2292
f 1887//2293 1861//2293 1886//2293
f 1886//2294 1861//2294 1860//2294
f 1886//2295 1860//2295 1859//2295
f 1889//2296 1890//2296 1851//2296
f 1851//2297 1850//2297 1889//2297
f 1889//2298 1850//2298 1857//2298
f 1889//2299 1857//2299 1888//2299
f 1888//2300 1857//2300 1856//2300
f 1888//2301 1856//2301 1855//2301
f 1891//2302 1892//2302 1847//2302
f 1847//2303 1846//2303 1891//2303
f 1891//2304 1846//2304 1853//2304
f 1891//2305 1853//2305 1890//2305
f 1890//2306 1853//2306 1852//2306
f 1890//2307 1852//2307 1851//2307
f 1893//2308 1894//2308 1843//2308
f 1843//2309 1842//2309 1893//2309
f 1893//2310 1842//2310 1849//2310
f 1893//2311 1849//2311 1892//2311
f 1892//2312 1849//2312 1848//2312
f 1892//2313 1848//2313 1847//2313
f 1895//2314 1896//2314 1839//2314
f 1839//2315 1838//2315 1895//2315
f 1895//2316 1838//2316 1845//2316
f 1895//2317 1845//2317 1894//2317
f 1894//2318 1845//2318 1844//2318
f 1894//2319 1844//2319 1843//2319
f 1897//2320 1898//2320 1835//2320
f 1835//2321 1834//2321 1897//2321
f 1897//2322 1834//2322 1841//2322
f 1897//2323 1841//2323 1896//2323
f 1896//2324 1841//2324 1840//2324
f 1896//2325 1840//2325 1839//2325
f 1899//2326 1900//2326 1831//2326
f 1831//2327 1830//2327 1899//2327
f 1899//2328 1830//2328 1837//2328
f 1899//2329 1837//2329 1898//2329
f 1898//2330 1837//2330 1836//2330
f 1898//2331 1836//2331 1835//2331
f 1901//2332 1902//2332 1829//2332
f 1829//2333 1828//2333 1901//2333
f 1901//2334 1828//2334 1833//2334
f 1901//2335 1833//2335 1900//2335
f 1900//2336 1833//2336 1832//2336
f 1900//2337 1832//2337 1831//2337
f 1823//2338 1824//2338 1867//2338
f 1867//2339 1824//2339 1825//2339
f 1867//2340 1825//2340 1903//2340
f 1903//2341 1825//2341 1826//2341
f 1903//2342 1826//2342 1902//2342
f 1902//2343 1826//2343 1827//2343
f 1902//2344 1827//2344 1829//2344
f 1904//2345 1905//2345 1896//2345
f 1906//2346 1907//2346 1867//2346
f 1908//2347 1909//2347 1874//2347
f 1910//2348 1911//2348 1881//2348
f 1882//2349 1912//2349 1883//2349
f 1883//2350 1912//2350 1913//2350
f 1881//2351 1911//2351 1882//2351
f 1882//2352 1911//2352 1914//2352
f 1882//2353 1914//2353 1912//2353
f 1910//2354 1881//2354 1915//2354
f 1915//2355 1881//2355 1880//2355
f 1915//2356 1880//2356 1916//2356
f 1916//2357 1880//2357 1879//2357
f 1916//2358 1879//2358 1917//2358
f 1917//2359 1879//2359 1918//2359
f 1918//2360 1879//2360 1878//2360
f 1918//2361 1878//2361 1919//2361
f 1919//2362 1878//2362 1920//2362
f 1920//2363 1878//2363 1877//2363
f 1920//2364 1877//2364 1921//2364
f 1921//2365 1877//2365 1876//2365
f 1921//2366 1876//2366 1922//2366
f 1874//2367 1909//2367 1875//2367
f 1909//2368 1923//2368 1875//2368
f 1875//2369 1923//2369 1924//2369
f 1875//2370 1924//2370 1876//2370
f 1876//2371 1924//2371 1925//2371
f 1876//2372 1925//2372 1922//2372
f 1908//2373 1874//2373 1926//2373
f 1926//2374 1874//2374 1873//2374
f 1926//2375 1873//2375 1927//2375
f 1927//2376 1873//2376 1872//2376
f 1927//2377 1872//2377 1928//2377
f 1928//2378 1872//2378 1929//2378
f 1929//2379 1872//2379 1871//2379
f 1929//2380 1871//2380 1930//2380
f 1930//2381 1871//2381 1931//2381
f 1931//2382 1871//2382 1870//2382
f 1931//2383 1870//2383 1932//2383
f 1932//2384 1870//2384 1933//2384
f 1933//2385 1870//2385 1869//2385
f 1933//2386 1869//2386 1934//2386
f 1934//2387 1869//2387 1868//2387
f 1934//2388 1868//2388 1935//2388
f 1867//2389 1907//2389 1866//2389
f 1907//2390 1936//2390 1866//2390
f 1866//2391 1936//2391 1937//2391
f 1866//2392 1937//2392 1868//2392
f 1868//2393 1937//2393 1938//2393
f 1868//2394 1938//2394 1935//2394
f 1906//2395 1867//2395 1939//2395
f 1939//2396 1867//2396 1903//2396
f 1939//2397 1903//2397 1940//2397
f 1940//2398 1903//2398 1902//2398
f 1940//2399 1902//2399 1941//2399
f 1941//2400 1902//2400 1942//2400
f 1942//2401 1902//2401 1901//2401
f 1942//2402 1901//2402 1943//2402
f 1943//2403 1901//2403 1944//2403
f 1944//2404 1901//2404 1900//2404
f 1944//2405 1900//2405 1945//2405
f 1945//2406 1900//2406 1899//2406
f 1945//2407 1899//2407 1946//2407
f 1898//2408 1947//2408 1899//2408
f 1899//2409 1947//2409 1948//2409
f 1899//2410 1948//2410 1946//2410
f 1896//2411 1905//2411 1897//2411
f 1905//2412 1949//2412 1897//2412
f 1897//2413 1949//2413 1950//2413
f 1897//2414 1950//2414 1898//2414
f 1898//2415 1950//2415 1951//2415
f 1898//2416 1951//2416 1947//2416
f 1904//2417 1896//2417 1952//2417
f 1952//2418 1896//2418 1895//2418
f 1952//2419 1895//2419 1953//2419
f 1953//2420 1895//2420 1894//2420
f 1953//2421 1894//2421 1954//2421
f 1954//2422 1894//2422 1955//2422
f 1955//2423 1894//2423 1893//2423
f 1955//2424 1893//2424 1956//2424
f 1956//2425 1893//2425 1957//2425
f 1957//2426 1893//2426 1892//2426
f 1957//2427 1892//2427 1958//2427
f 1958//2428 1892//2428 1891//2428
f 1958//2429 1891//2429 1959//2429
f 1890//2430 1889//2430 1960//2430
f 1960//2431 1961//2431 1890//2431
f 1890//2432 1961//2432 1962//2432
f 1890//2433 1962//2433 1891//2433
f 1891//2434 1962//2434 1963//2434
f 1891//2435 1963//2435 1959//2435
f 1887//2436 1964//2436 1888//2436
f 1888//2437 1964//2437 1965//2437
f 1888//2438 1965//2438 1889//2438
f 1889//2439 1965//2439 1966//2439
f 1889//2440 1966//2440 1960//2440
f 1886//2441 1967//2441 1887//2441
f 1887//2442 1967//2442 1968//2442
f 1887//2443 1968//2443 1964//2443
f 1913//2444 1969//2444 1883//2444
f 1883//2445 1969//2445 1970//2445
f 1883//2446 1970//2446 1884//2446
f 1884//2447 1970//2447 1971//2447
f 1884//2448 1971//2448 1885//2448
f 1885//2449 1971//2449 1972//2449
f 1885//2450 1972//2450 1886//2450
f 1886//2451 1972//2451 1973//2451
f 1886//2452 1973//2452 1967//2452
f 1969//2453 1974//2453 1975//2453
f 1969//2454 1913//2454 1974//2454
f 1974//2455 1913//2455 1912//2455
f 1974//2456 1912//2456 1976//2456
f 1912//2457 1914//2457 1976//2457
f 1976//2458 1914//2458 1911//2458
f 1976//2459 1911//2459 1977//2459
f 1911//2460 1910//2460 1977//2460
f 1977//2461 1910//2461 1915//2461
f 1977//2462 1915//2462 1978//2462
f 1915//2463 1916//2463 1978//2463
f 1978//2464 1916//2464 1917//2464
f 1978//2465 1917//2465 1979//2465
f 1920//2466 1980//2466 1919//2466
f 1919//2467 1980//2467 1979//2467
f 1919//2468 1979//2468 1918//2468
f 1918//2469 1979//2469 1917//2469
f 1920//2470 1921//2470 1980//2470
f 1980//2471 1921//2471 1922//2471
f 1980//2472 1922//2472 1981//2472
f 1922//2473 1925//2473 1981//2473
f 1981//2474 1925//2474 1924//2474
f 1981//2475 1924//2475 1982//2475
f 1924//2476 1923//2476 1982//2476
f 1982//2477 1923//2477 1909//2477
f 1982//2478 1909//2478 1983//2478
f 1909//2479 1908//2479 1983//2479
f 1983//2480 1908//2480 1926//2480
f 1983//2481 1926//2481 1984//2481
f 1926//2482 1927//2482 1984//2482
f 1984//2483 1927//2483 1928//2483
f 1984//2484 1928//2484 1985//2484
f 1928//2485 1929//2485 1985//2485
f 1985//2486 1929//2486 1930//2486
f 1985//2487 1930//2487 1986//2487
f 1933//2488 1987//2488 1932//2488
f 1932//2489 1987//2489 1986//2489
f 1932//2490 1986//2490 1931//2490
f 1931//2491 1986//2491 1930//2491
f 1933//2492 1934//2492 1987//2492
f 1987//2493 1934//2493 1935//2493
f 1987//2494 1935//2494 1988//2494
f 1935//2495 1938//2495 1988//2495
f 1988//2496 1938//2496 1937//2496
f 1988//2497 1937//2497 1989//2497
f 1937//2498 1936//2498 1989//2498
f 1989//2499 1936//2499 1907//2499
f 1989//2500 1907//2500 1990//2500
f 1907//2501 1906//2501 1990//2501
f 1990//2502 1906//2502 1939//2502
f 1990//2503 1939//2503 1991//2503
f 1939//2504 1940//2504 1991//2504
f 1991//2505 1940//2505 1941//2505
f 1991//2506 1941//2506 1992//2506
f 1944//2507 1993//2507 1943//2507
f 1943//2508 1993//2508 1992//2508
f 1943//2509 1992//2509 1942//2509
f 1942//2510 1992//2510 1941//2510
f 1944//2511 1945//2511 1993//2511
f 1993//2512 1945//2512 1946//2512
f 1993//2513 1946//2513 1994//2513
f 1946//2514 1948//2514 1994//2514
f 1994//2515 1948//2515 1947//2515
f 1994//2516 1947//2516 1995//2516
f 1947//2517 1951//2517 1995//2517
f 1995//2518 1951//2518 1950//2518
f 1995//2519 1950//2519 1996//2519
f 1950//2520 1949//2520 1996//2520
f 1996//2521 1949//2521 1905//2521
f 1996//2522 1905//2522 1997//2522
f 1905//2523 1904//2523 1997//2523
f 1997//2524 1904//2524 1952//2524
f 1997//2525 1952//2525 1998//2525
f 1952//2526 1953//2526 1998//2526
f 1998//2527 1953//2527 1954//2527
f 1998//2528 1954//2528 1999//2528
f 1957//2529 2000//2529 1956//2529
f 1956//2530 2000//2530 1999//2530
f 1956//2531 1999//2531 1955//2531
f 1955//2532 1999//2532 1954//2532
f 1957//2533 1958//2533 2000//2533
f 2000//2534 1958//2534 1959//2534
f 2000//2535 1959//2535 2001//2535
f 1959//2536 1963//2536 2001//2536
f 2001//2537 1963//2537 1962//2537
f 2001//2538 1962//2538 2002//2538
f 1962//2539 1961//2539 2002//2539
f 2002//2540 1961//2540 1960//2540
f 2002//2541 1960//2541 2003//2541
f 1960//2542 1966//2542 2003//2542
f 2003//2543 1966//2543 1965//2543
f 2003//2544 1965//2544 2004//2544
f 1965//2545 1964//2545 2004//2545
f 2004//2546 1964//2546 1968//2546
f 2004//2547 1968//2547 2005//2547
f 1968//2548 1967//2548 2005//2548
f 2005//2549 1967//2549 1973//2549
f 2005//2550 1973//2550 2006//2550
f 1973//2551 1972//2551 2006//2551
f 2006//2552 1972//2552 1971//2552
f 2006//2553 1971//2553 1975//2553
f 1975//2554 1971//2554 1970//2554
f 1975//2555 1970//2555 1969//2555
f 2007//2556 1988//2556 1989//2556
f 2007//2556 1989//2556 2008//2556
f 1983//2556 1984//2556 2009//2556
f 2009//2556 1984//2556 2010//2556
f 1979//2556 1980//2556 2011//2556
f 2011//2556 1980//2556 1981//2556
f 2011//2556 1981//2556 2009//2556
f 2009//2556 1981//2556 1982//2556
f 2009//2556 1982//2556 1983//2556
f 1984//2556 1985//2556 2010//2556
f 2010//2556 1985//2556 1986//2556
f 2010//2556 1986//2556 2007//2556
f 2007//2556 1986//2556 1987//2556
f 2007//2556 1987//2556 1988//2556
f 1979//2556 2011//2556 1978//2556
f 1978//2556 2011//2556 2012//2556
f 1978//2556 2012//2556 1977//2556
f 2004//2556 2013//2556 2003//2556
f 2003//2556 2013//2556 2014//2556
f 2003//2556 2014//2556 2002//2556
f 2015//2556 1974//2556 2012//2556
f 2012//2556 1974//2556 1976//2556
f 2012//2556 1976//2556 1977//2556
f 2004//2556 2005//2556 2013//2556
f 2013//2556 2005//2556 2006//2556
f 2013//2556 2006//2556 2015//2556
f 2015//2556 2006//2556 1975//2556
f 2015//2556 1975//2556 1974//2556
f 1998//2556 1999//2556 2016//2556
f 2016//2556 1999//2556 2000//2556
f 2016//2556 2000//2556 2014//2556
f 2014//2556 2000//2556 2001//2556
f 2014//2556 2001//2556 2002//2556
f 1992//2556 2017//2556 1991//2556
f 1991//2556 2017//2556 2008//2556
f 1991//2556 2008//2556 1990//2556
f 1990//2556 2008//2556 1989//2556
f 1998//2556 2016//2556 1997//2556
f 1997//2556 2016//2556 2018//2556
f 1997//2556 2018//2556 1996//2556
f 1992//2556 1993//2556 2017//2556
f 2017//2556 1993//2556 1994//2556
f 2017//2556 1994//2556 2018//2556
f 2018//2556 1994//2556 1995//2556
f 2018//2556 1995//2556 1996//2556
f 2015//2557 2019//2557 2013//2557
f 2013//2557 2019//2557 2020//2557
f 2013//2558 2020//2558 2014//2558
f 2014//2558 2020//2558 2021//2558
f 2014//2559 2021//2559 2016//2559
f 2016//2559 2021//2559 2022//2559
f 2016//2560 2022//2560 2018//2560
f 2018//2560 2022//2560 2023//2560
f 2018//2561 2023//2561 2017//2561
f 2017//2561 2023//2561 2024//2561
f 2017//2562 2024//2562 2008//2562
f 2008//2562 2024//2562 2025//2562
f 2008//2563 2025//2563 2007//2563
f 2007//2563 2025//2563 2026//2563
f 2007//2564 2026//2564 2010//2564
f 2010//2564 2026//2564 2027//2564
f 2010//2565 2027//2565 2009//2565
f 2009//2565 2027//2565 2028//2565
f 2009//2566 2028//2566 2011//2566
f 2011//2566 2028//2566 2029//2566
f 2011//2567 2029//2567 2012//2567
f 2012//2567 2029//2567 2030//2567
f 2012//2568 2030//2568 2015//2568
f 2015//2568 2030//2568 2019//2568
f 2030//2121 2031//2121 2019//2121
f 2019//2121 2031//2121 2032//2121
f 2019//2121 2032//2121 2033//2121
f 2034//2121 2028//2121 2027//2121
f 2035//2121 2036//2121 2027//2121
f 2027//2121 2036//2121 2037//2121
f 2027//2121 2037//2121 2034//2121
f 2038//2121 2039//2121 2029//2121
f 2029//2121 2039//2121 2040//2121
f 2029//2121 2040//2121 2030//2121
f 2030//2121 2040//2121 2041//2121
f 2030//2121 2041//2121 2031//2121
f 2042//2121 2043//2121 2021//2121
f 2021//2121 2043//2121 2044//2121
f 2021//2121 2044//2121 2022//2121
f 2034//2121 2045//2121 2028//2121
f 2028//2121 2045//2121 2046//2121
f 2028//2121 2046//2121 2029//2121
f 2029//2121 2046//2121 2047//2121
f 2029//2121 2047//2121 2038//2121
f 2042//2121 2021//2121 2048//2121
f 2048//2121 2021//2121 2020//2121
f 2048//2121 2020//2121 2049//2121
f 2033//2121 2050//2121 2019//2121
f 2019//2121 2050//2121 2051//2121
f 2019//2121 2051//2121 2020//2121
f 2020//2121 2051//2121 2052//2121
f 2020//2121 2052//2121 2049//2121
f 2035//2121 2027//2121 2053//2121
f 2053//2121 2027//2121 2026//2121
f 2053//2121 2026//2121 2054//2121
f 2055//2121 2024//2121 2056//2121
f 2056//2121 2024//2121 2023//2121
f 2056//2121 2023//2121 2057//2121
f 2044//2121 2058//2121 2022//2121
f 2022//2121 2058//2121 2059//2121
f 2022//2121 2059//2121 2023//2121
f 2023//2121 2059//2121 2060//2121
f 2023//2121 2060//2121 2057//2121
f 2061//2121 2062//2121 2025//2121
f 2025//2121 2062//2121 2063//2121
f 2025//2121 2063//2121 2026//2121
f 2026//2121 2063//2121 2064//2121
f 2026//2121 2064//2121 2054//2121
f 2055//2121 2065//2121 2024//2121
f 2024//2121 2065//2121 2066//2121
f 2024//2121 2066//2121 2025//2121
f 2025//2121 2066//2121 2067//2121
f 2025//2121 2067//2121 2061//2121
f 2068//2569 2033//2569 2032//2569
f 2031//2570 2069//2570 2032//2570
f 2032//2571 2069//2571 2070//2571
f 2032//2572 2070//2572 2068//2572
f 2041//2573 2071//2573 2031//2573
f 2031//2574 2071//2574 2072//2574
f 2031//2575 2072//2575 2069//2575
f 2040//2576 2073//2576 2041//2576
f 2041//2577 2073//2577 2074//2577
f 2041//2578 2074//2578 2071//2578
f 2039//2579 2075//2579 2040//2579
f 2040//2580 2075//2580 2076//2580
f 2040//2581 2076//2581 2073//2581
f 2038//2582 2077//2582 2039//2582
f 2039//2583 2077//2583 2078//2583
f 2039//2584 2078//2584 2075//2584
f 2047//2585 2079//2585 2038//2585
f 2038//2586 2079//2586 2080//2586
f 2038//2587 2080//2587 2077//2587
f 2046//2588 2081//2588 2047//2588
f 2047//2589 2081//2589 2082//2589
f 2047//2590 2082//2590 2079//2590
f 2045//2591 2083//2591 2046//2591
f 2046//2592 2083//2592 2084//2592
f 2046//2593 2084//2593 2081//2593
f 2034//2594 2085//2594 2045//2594
f 2045//2595 2085//2595 2086//2595
f 2045//2596 2086//2596 2083//2596
f 2037//2597 2087//2597 2034//2597
f 2034//2598 2087//2598 2088//2598
f 2034//2599 2088//2599 2085//2599
f 2036//2600 2089//2600 2037//2600
f 2037//2601 2089//2601 2090//2601
f 2037//2602 2090//2602 2087//2602
f 2035//2603 2091//2603 2036//2603
f 2036//2604 2091//2604 2092//2604
f 2036//2605 2092//2605 2089//2605
f 2053//2606 2093//2606 2035//2606
f 2035//2607 2093//2607 2094//2607
f 2035//2608 2094//2608 2091//2608
f 2054//2609 2095//2609 2053//2609
f 2053//2610 2095//2610 2096//2610
f 2053//2611 2096//2611 2093//2611
f 2064//2612 2097//2612 2054//2612
f 2054//2613 2097//2613 2098//2613
f 2054//2614 2098//2614 2095//2614
f 2063//2615 2099//2615 2064//2615
f 2064//2616 2099//2616 2100//2616
f 2064//2617 2100//2617 2097//2617
f 2062//2618 2101//2618 2063//2618
f 2063//2619 2101//2619 2102//2619
f 2063//2620 2102//2620 2099//2620
f 2061//2621 2103//2621 2062//2621
f 2062//2622 2103//2622 2104//2622
f 2062//2623 2104//2623 2101//2623
f 2067//2624 2105//2624 2061//2624
f 2061//2625 2105//2625 2106//2625
f 2061//2626 2106//2626 2103//2626
f 2066//2627 2107//2627 2067//2627
f 2067//2628 2107//2628 2108//2628
f 2067//2629 2108//2629 2105//2629
f 2065//2630 2109//2630 2066//2630
f 2066//2631 2109//2631 2110//2631
f 2066//2632 2110//2632 2107//2632
f 2055//2633 2111//2633 2065//2633
f 2065//2634 2111//2634 2112//2634
f 2065//2635 2112//2635 2109//2635
f 2056//2636 2113//2636 2055//2636
f 2055//2637 2113//2637 2114//2637
f 2055//2638 2114//2638 2111//2638
f 2057//2639 2115//2639 2056//2639
f 2056//2640 2115//2640 2116//2640
f 2056//2641 2116//2641 2113//2641
f 2060//2642 2117//2642 2057//2642
f 2057//2643 2117//2643 2118//2643
f 2057//2644 2118//2644 2115//2644
f 2059//2645 2119//2645 2060//2645
f 2060//2646 2119//2646 2120//2646
f 2060//2647 2120//2647 2117//2647
f 2058//2648 2121//2648 2059//2648
f 2059//2649 2121//2649 2122//2649
f 2059//2650 2122//2650 2119//2650
f 2044//2651 2123//2651 2058//2651
f 2058//2652 2123//2652 2124//2652
f 2058//2653 2124//2653 2121//2653
f 2043//2654 2125//2654 2044//2654
f 2044//2655 2125//2655 2126//2655
f 2044//2656 2126//2656 2123//2656
f 2042//2657 2127//2657 2043//2657
f 2043//2658 2127//2658 2128//2658
f 2043//2659 2128//2659 2125//2659
f 2048//2660 2129//2660 2042//2660
f 2042//2661 2129//2661 2130//2661
f 2042//2662 2130//2662 2127//2662
f 2049//2663 2131//2663 2048//2663
f 2048//2664 2131//2664 2132//2664
f 2048//2665 2132//2665 2129//2665
f 2052//2666 2133//2666 2049//2666
f 2049//2667 2133//2667 2134//2667
f 2049//2668 2134//2668 2131//2668
f 2051//2669 2135//2669 2052//2669
f 2052//2670 2135//2670 2136//2670
f 2052//2671 2136//2671 2133//2671
f 2050//2672 2137//2672 2051//2672
f 2051//2673 2137//2673 2138//2673
f 2051//2674 2138//2674 2135//2674
f 2068//2675 2139//2675 2033//2675
f 2033//2676 2139//2676 2140//2676
f 2033//2677 2140//2677 2050//2677
f 2050//2678 2140//2678 2141//2678
f 2050//2679 2141//2679 2137//2679
f 2142//2680 2106//2680 2143//2680
f 2143//2681 2106//2681 2105//2681
f 2143//2682 2105//2682 2144//2682
f 2144//2683 2105//2683 2108//2683
f 2144//2684 2108//2684 2145//2684
f 2145//2685 2108//2685 2107//2685
f 2145//2686 2107//2686 2146//2686
f 2146//2687 2107//2687 2110//2687
f 2146//2688 2110//2688 2147//2688
f 2147//2689 2110//2689 2109//2689
f 2147//2690 2109//2690 2148//2690
f 2148//2691 2109//2691 2112//2691
f 2148//2692 2112//2692 2149//2692
f 2149//2693 2112//2693 2111//2693
f 2149//2694 2111//2694 2150//2694
f 2150//2695 2111//2695 2114//2695
f 2150//2696 2114//2696 2151//2696
f 2151//2697 2114//2697 2113//2697
f 2151//2698 2113//2698 2152//2698
f 2152//2699 2113//2699 2116//2699
f 2152//2700 2116//2700 2153//2700
f 2153//2701 2116//2701 2115//2701
f 2153//2702 2115//2702 2154//2702
f 2154//2703 2115//2703 2118//2703
f 2154//2704 2118//2704 2155//2704
f 2155//2705 2118//2705 2117//2705
f 2155//2706 2117//2706 2156//2706
f 2156//2707 2117//2707 2120//2707
f 2156//2708 2120//2708 2157//2708
f 2157//2709 2120//2709 2119//2709
f 2157//2710 2119//2710 2158//2710
f 2158//2711 2119//2711 2122//2711
f 2158//2712 2122//2712 2159//2712
f 2159//2713 2122//2713 2121//2713
f 2159//2714 2121//2714 2160//2714
f 2160//2714 2121//2714 2124//2714
f 2160//2715 2124//2715 2161//2715
f 2161//2716 2124//2716 2123//2716
f 2161//2717 2123//2717 2162//2717
f 2162//2718 2123//2718 2126//2718
f 2162//2719 2126//2719 2163//2719
f 2163//2720 2126//2720 2125//2720
f 2163//2721 2125//2721 2164//2721
f 2164//2722 2125//2722 2128//2722
f 2164//2723 2128//2723 2165//2723
f 2165//2724 2128//2724 2127//2724
f 2165//2725 2127//2725 2166//2725
f 2166//2726 2127//2726 2130//2726
f 2166//2727 2130//2727 2167//2727
f 2167//2728 2130//2728 2129//2728
f 2167//2729 2129//2729 2168//2729
f 2168//2730 2129//2730 2132//2730
f 2168//2731 2132//2731 2169//2731
f 2169//2732 2132//2732 2131//2732
f 2169//2733 2131//2733 2170//2733
f 2170//2734 2131//2734 2134//2734
f 2170//2735 2134//2735 2171//2735
f 2171//2736 2134//2736 2133//2736
f 2171//2737 2133//2737 2172//2737
f 2172//2738 2133//2738 2136//2738
f 2172//2739 2136//2739 2173//2739
f 2173//2740 2136//2740 2135//2740
f 2173//2741 2135//2741 2174//2741
f 2174//2742 2135//2742 2138//2742
f 2174//2743 2138//2743 2175//2743
f 2175//2744 2138//2744 2137//2744
f 2175//2745 2137//2745 2176//2745
f 2176//2746 2137//2746 2141//2746
f 2176//2747 2141//2747 2177//2747
f 2177//2748 2141//2748 2140//2748
f 2177//2749 2140//2749 2178//2749
f 2178//2750 2140//2750 2139//2750
f 2178//2751 2139//2751 2179//2751
f 2179//2752 2139//2752 2068//2752
f 2179//2753 2068//2753 2180//2753
f 2180//2754 2068//2754 2070//2754
f 2180//2755 2070//2755 2181//2755
f 2181//2756 2070//2756 2069//2756
f 2181//2757 2069//2757 2182//2757
f 2182//2758 2069//2758 2072//2758
f 2182//2759 2072//2759 2183//2759
f 2183//2760 2072//2760 2071//2760
f 2183//2761 2071//2761 2184//2761
f 2184//2762 2071//2762 2074//2762
f 2184//2763 2074//2763 2185//2763
f 2185//2764 2074//2764 2073//2764
f 2185//2765 2073//2765 2186//2765
f 2186//2766 2073//2766 2076//2766
f 2186//2767 2076//2767 2187//2767
f 2187//2768 2076//2768 2075//2768
f 2187//2769 2075//2769 2188//2769
f 2188//2770 2075//2770 2078//2770
f 2188//2771 2078//2771 2189//2771
f 2189//2772 2078//2772 2077//2772
f 2189//2773 2077//2773 2190//2773
f 2190//2774 2077//2774 2080//2774
f 2190//2775 2080//2775 2191//2775
f 2191//2776 2080//2776 2079//2776
f 2191//2777 2079//2777 2192//2777
f 2192//2778 2079//2778 2082//2778
f 2192//2779 2082//2779 2193//2779
f 2193//2780 2082//2780 2081//2780
f 2193//2781 2081//2781 2194//2781
f 2194//2782 2081//2782 2084//2782
f 2194//2783 2084//2783 2195//2783
f 2195//2784 2084//2784 2083//2784
f 2195//2785 2083//2785 2196//2785
f 2196//2786 2083//2786 2086//2786
f 2196//2787 2086//2787 2197//2787
f 2197//2787 2086//2787 2085//2787
f 2197//2788 2085//2788 2198//2788
f 2198//2789 2085//2789 2088//2789
f 2198//2790 2088//2790 2199//2790
f 2199//2791 2088//2791 2087//2791
f 2199//2792 2087//2792 2200//2792
f 2200//2793 2087//2793 2090//2793
f 2200//2794 2090//2794 2201//2794
f 2201//2795 2090//2795 2089//2795
f 2201//2796 2089//2796 2202//2796
f 2202//2797 2089//2797 2092//2797
f 2202//2798 2092//2798 2203//2798
f 2203//2799 2092//2799 2091//2799
f 2203//2800 2091//2800 2204//2800
f 2204//2801 2091//2801 2094//2801
f 2204//2802 2094//2802 2205//2802
f 2205//2803 2094//2803 2093//2803
f 2205//2804 2093//2804 2206//2804
f 2206//2805 2093//2805 2096//2805
f 2206//2806 2096//2806 2207//2806
f 2207//2807 2096//2807 2095//2807
f 2207//2808 2095//2808 2208//2808
f 2208//2809 2095//2809 2098//2809
f 2208//2810 2098//2810 2209//2810
f 2209//2811 2098//2811 2097//2811
f 2209//2812 2097//2812 2210//2812
f 2210//2813 2097//2813 2100//2813
f 2210//2814 2100//2814 2211//2814
f 2211//2815 2100//2815 2099//2815
f 2211//2816 2099//2816 2212//2816
f 2212//2817 2099//2817 2102//2817
f 2212//2818 2102//2818 2213//2818
f 2213//2819 2102//2819 2101//2819
f 2213//2820 2101//2820 2214//2820
f 2214//2821 2101//2821 2104//2821
f 2214//2822 2104//2822 2215//2822
f 2215//2823 2104//2823 2103//2823
f 2215//2824 2103//2824 2142//2824
f 2142//2825 2103//2825 2106//2825
f 2183//2826 1780//2826 2182//2826
f 2182//2827 1780//2827 1782//2827
f 2182//2828 1782//2828 2181//2828
f 2181//2829 1782//2829 1784//2829
f 2181//2830 1784//2830 2180//2830
f 2183//2831 2184//2831 1780//2831
f 1780//2832 2184//2832 2185//2832
f 1780//2833 2185//2833 1778//2833
f 2185//2834 2186//2834 1778//2834
f 1778//2835 2186//2835 2187//2835
f 1778//2836 2187//2836 1776//2836
f 1776//2837 2187//2837 2188//2837
f 1776//2838 2188//2838 1774//2838
f 2188//2839 2189//2839 1774//2839
f 1774//2840 2189//2840 2190//2840
f 1774//2841 2190//2841 1772//2841
f 2190//2842 2191//2842 1772//2842
f 1772//2843 2191//2843 2192//2843
f 1772//2844 2192//2844 1770//2844
f 2192//2845 2193//2845 1770//2845
f 1770//2846 2193//2846 2194//2846
f 1770//2847 2194//2847 1768//2847
f 2194//2848 2195//2848 1768//2848
f 1768//2849 2195//2849 2196//2849
f 1768//2850 2196//2850 1766//2850
f 2196//2851 2197//2851 1766//2851
f 1766//2852 2197//2852 2198//2852
f 1766//2853 2198//2853 1764//2853
f 2198//2854 2199//2854 1764//2854
f 1764//2855 2199//2855 2200//2855
f 1764//2856 2200//2856 1762//2856
f 2200//2857 2201//2857 1762//2857
f 1762//2858 2201//2858 2202//2858
f 1762//2859 2202//2859 1760//2859
f 1760//2860 2202//2860 2203//2860
f 2203//2861 2204//2861 1760//2861
f 1760//2862 2204//2862 2205//2862
f 1760//2863 2205//2863 1758//2863
f 1758//2864 2205//2864 2206//2864
f 1758//2865 2206//2865 1756//2865
f 2206//2866 2207//2866 1756//2866
f 1756//2867 2207//2867 2208//2867
f 1756//2868 2208//2868 1754//2868
f 1754//2869 2208//2869 2209//2869
f 2209//2870 2210//2870 1754//2870
f 1754//2871 2210//2871 2211//2871
f 1754//2872 2211//2872 1752//2872
f 1752//2873 2211//2873 2212//2873
f 1752//2874 2212//2874 1750//2874
f 2212//2875 2213//2875 1750//2875
f 1750//2876 2213//2876 2214//2876
f 1750//2877 2214//2877 1748//2877
f 1748//2878 2214//2878 2215//2878
f 2215//2879 2142//2879 1748//2879
f 1748//2880 2142//2880 2143//2880
f 1748//2881 2143//2881 1746//2881
f 1746//2882 2143//2882 2144//2882
f 1746//2883 2144//2883 1744//2883
f 2144//2884 2145//2884 1744//2884
f 1744//2885 2145//2885 2146//2885
f 1744//2886 2146//2886 1742//2886
f 1742//2887 2146//2887 2147//2887
f 2147//2888 2148//2888 1742//2888
f 1742//2889 2148//2889 2149//2889
f 1742//2890 2149//2890 1740//2890
f 1740//2891 2149//2891 2150//2891
f 1740//2892 2150//2892 1738//2892
f 2150//2893 2151//2893 1738//2893
f 1738//2894 2151//2894 2152//2894
f 1738//2895 2152//2895 1736//2895
f 1736//2896 2152//2896 2153//2896
f 2153//2897 2154//2897 1736//2897
f 1736//2898 2154//2898 2155//2898
f 1736//2899 2155//2899 1734//2899
f 2155//2900 2156//2900 1734//2900
f 1734//2901 2156//2901 2157//2901
f 1734//2902 2157//2902 1732//2902
f 2157//2903 2158//2903 1732//2903
f 1732//2904 2158//2904 2159//2904
f 1732//2905 2159//2905 1730//2905
f 2159//2906 2160//2906 1730//2906
f 1730//2907 2160//2907 2161//2907
f 1730//2908 2161//2908 1728//2908
f 2161//2909 2162//2909 1728//2909
f 1728//2910 2162//2910 2163//2910
f 1728//2911 2163//2911 1726//2911
f 2163//2912 2164//2912 1726//2912
f 1726//2913 2164//2913 2165//2913
f 1726//2914 2165//2914 1724//2914
f 1724//2915 2165//2915 2166//2915
f 1724//2916 2166//2916 1722//2916
f 1722//2917 2166//2917 2167//2917
f 2167//2918 2168//2918 1722//2918
f 1722//2919 2168//2919 2169//2919
f 1722//2920 2169//2920 1720//2920
f 1720//2921 2169//2921 2170//2921
f 1720//2922 2170//2922 1718//2922
f 1718//2923 2170//2923 2171//2923
f 2171//2924 2172//2924 1718//2924
f 1718//2925 2172//2925 2173//2925
f 1718//2926 2173//2926 1790//2926
f 1790//2927 2173//2927 2174//2927
f 1790//2928 2174//2928 1788//2928
f 1788//2929 2174//2929 2175//2929
f 2175//2930 2176//2930 1788//2930
f 1788//2931 2176//2931 2177//2931
f 1788//2932 2177//2932 1786//2932
f 1786//2933 2177//2933 2178//2933
f 1786//2934 2178//2934 1784//2934
f 1784//2935 2178//2935 2179//2935
f 1784//2936 2179//2936 2180//2936
# Vertices: 2215, normals: 2936, texture coordinates: 0, faces: 4426

