# File generated by ImageToStl.com - Free Image and 3D model conversion tools

o obj1
v -0.00279145 0.00286493 -0.0241027
v -0.00384993 0.00108538 -0.0241027
v 0 0 -0.0241027
v -0.00387683 -0.000985 -0.0241027
v -0.00286493 -0.00279145 -0.0241027
v 0.00286493 0.00279145 -0.0241027
v 0.00108538 0.00384993 -0.0241027
v -0.000985 0.00387683 -0.0241027
v 0.00279145 -0.00286493 -0.0241027
v 0.00384993 -0.00108538 -0.0241027
v 0.00387683 0.000985 -0.0241027
v -0.00108538 -0.00384993 -0.0241027
v 0.000985 -0.00387683 -0.0241027
v -0.00387683 -0.000985 -0.0215
v -0.00384993 0.00108538 -0.0215
v -0.00279145 0.00286493 -0.0215
v -0.000985 0.00387683 -0.0215
v 0.00108538 0.00384993 -0.0215
v 0.00286493 0.00279145 -0.0215
v 0.00387683 0.000985 -0.0215
v 0.00384993 -0.00108538 -0.0215
v 0.00279145 -0.00286493 -0.0215
v 0.000985 -0.00387683 -0.0215
v -0.00108538 -0.00384993 -0.0215
v -0.00286493 -0.00279145 -0.0215
v 0.0311777 -0.0072077 -0.0215
v 0.03197835 -0.00117703 -0.0215
v 0.01221362 -0.02957748 -0.0215
v 0.01759048 -0.02673153 -0.0215
v -0.01157139 -0.02983459 -0.0215
v -0.00571604 -0.03148535 -0.0215
v 0.0003459 -0.03199813 -0.0215
v 0.00639533 -0.03135442 -0.0215
v 0.02233157 -0.02291944 -0.0215
v 0.02626555 -0.01827898 -0.0215
v 0.02925021 -0.01297787 -0.0215
v -0.01700851 -0.02710555 -0.0215
v -0.0218309 -0.02339683 -0.0215
v -0.03035139 0.01013869 -0.0215
v -0.02788414 0.01569951 -0.0215
v -0.02440909 0.02069291 -0.0215
v -0.02896283 -0.01360714 -0.0215
v -0.02586427 -0.0188425 -0.0215
v -0.03172166 0.00421143 -0.0215
v -0.03194543 -0.00186804 -0.0215
v -0.03101461 -0.00787999 -0.0215
v -0.00338594 0.03182036 -0.0215
v -0.0093468 0.03060453 -0.0215
v -0.01496984 0.02828258 -0.0215
v -0.02005182 0.02493841 -0.0215
v 0.02753825 0.01629862 -0.0215
v 0.03012513 0.01079244 -0.0215
v 0.03162321 0.00489618 -0.0215
v 0.00269729 0.03188612 -0.0215
v 0.00868303 0.03079943 -0.0215
v 0.02395606 0.02121573 -0.0215
v 0.01950804 0.02536605 -0.0215
v 0.01435495 0.02859957 -0.0215
v -0.0292946 -0.01287735 -0.0265
v -0.02896283 -0.01360714 -0.0265
v -0.02677552 -0.01752346 -0.0265
v -0.02586427 -0.0188425 -0.0265
v -0.02352607 -0.02169157 -0.0265
v -0.0218309 -0.02339683 -0.0265
v -0.01963489 -0.02526798 -0.0265
v -0.01700851 -0.02710555 -0.0265
v -0.01520812 -0.02815516 -0.0265
v -0.00571604 -0.03148535 -0.0265
v -0.01036652 -0.03027434 -0.0265
v -0.01157139 -0.02983459 -0.0265
v -0.00524214 -0.0315677 -0.0265
v 2.523E-05 -0.03199999 -0.0265
v 0.0003459 -0.03199813 -0.0265
v 0.00529191 -0.0315594 -0.0265
v 0.00639533 -0.03135442 -0.0265
v 0.01041424 -0.03025795 -0.0265
v 0.01221362 -0.02957748 -0.0265
v 0.0152525 -0.02813114 -0.0265
v 0.01759048 -0.02673153 -0.0265
v 0.01967471 -0.02523699 -0.0265
v 0.02233157 -0.02291944 -0.0265
v 0.02356025 -0.02165444 -0.0265
v 0.02925021 -0.01297787 -0.0265
v 0.02680312 -0.01748122 -0.0265
v 0.02626555 -0.01827898 -0.0265
v 0.02931487 -0.01283114 -0.0265
v 0.03102699 -0.00783108 -0.0265
v 0.0311777 -0.0072077 -0.0265
v 0.03189278 -0.0026174 -0.0265
v 0.03197835 -0.00117703 -0.0265
v 0.03188861 0.00266768 -0.0265
v 0.03162321 0.00489618 -0.0265
v 0.03101461 0.00787999 -0.0265
v 0.03012513 0.01079244 -0.0265
v 0.0292946 0.01287735 -0.0265
v 0.02395606 0.02121573 -0.0265
v 0.02677552 0.01752346 -0.0265
v 0.02753825 0.01629862 -0.0265
v 0.02352607 0.02169157 -0.0265
v 0.01963489 0.02526798 -0.0265
v 0.01950804 0.02536605 -0.0265
v 0.01520812 0.02815516 -0.0265
v 0.01435495 0.02859957 -0.0265
v 0.01036652 0.03027434 -0.0265
v 0.00868303 0.03079943 -0.0265
v 0.00524214 0.0315677 -0.0265
v 0.00269729 0.03188612 -0.0265
v -2.523E-05 0.03199999 -0.0265
v -0.00338594 0.03182036 -0.0265
v -0.00529191 0.0315594 -0.0265
v -0.01496984 0.02828258 -0.0265
v -0.01041424 0.03025795 -0.0265
v -0.0093468 0.03060453 -0.0265
v -0.0152525 0.02813114 -0.0265
v -0.01967471 0.02523699 -0.0265
v -0.02005182 0.02493841 -0.0265
v -0.02356025 0.02165444 -0.0265
v -0.02440909 0.02069291 -0.0265
v -0.02680312 0.01748122 -0.0265
v -0.02788414 0.01569951 -0.0265
v -0.02931487 0.01283114 -0.0265
v -0.03035139 0.01013869 -0.0265
v -0.03102699 0.00783108 -0.0265
v -0.03172166 0.00421143 -0.0265
v -0.03189278 0.0026174 -0.0265
v -0.03194543 -0.00186804 -0.0265
v -0.03188861 -0.00266768 -0.0265
v -0.03101461 -0.00787999 -0.0265
v 0.00696222 0.04192585 -0.03602443
v 0.04235206 0.00354301 -0.03602443
v 0.01383142 -0.04018634 -0.03602443
v -0.03124556 -0.02880911 -0.03602443
v -0.03556124 -0.02327334 -0.03602443
v -0.03890689 -0.01710274 -0.03602443
v -0.02607759 -0.03355904 -0.03602443
v -0.02019829 -0.03739357 -0.03602443
v -0.01376803 -0.0402081 -0.03602443
v -0.00696222 -0.04192585 -0.03602443
v 3.351E-05 -0.04249999 -0.03602443
v 0.00702832 -0.04191483 -0.03602443
v 0.02025723 -0.03736168 -0.03602443
v 0.02613047 -0.03351788 -0.03602443
v 0.03129095 -0.02875981 -0.03602443
v 0.03559789 -0.02321724 -0.03602443
v 0.03893381 -0.01704136 -0.03602443
v 0.04120772 -0.01040065 -0.03602443
v 0.0423576 -0.00347623 -0.03602443
v 0.04119127 0.01046561 -0.03602443
v 0.03890689 0.01710274 -0.03602443
v 0.03556124 0.02327334 -0.03602443
v 0.03124556 0.02880911 -0.03602443
v 0.02607759 0.03355904 -0.03602443
v 0.02019829 0.03739357 -0.03602443
v 0.01376803 0.0402081 -0.03602443
v -3.351E-05 0.04249999 -0.03602443
v -0.00702832 0.04191483 -0.03602443
v -0.01383142 0.04018634 -0.03602443
v -0.02025723 0.03736168 -0.03602443
v -0.02613047 0.03351788 -0.03602443
v -0.03129095 0.02875981 -0.03602443
v -0.03559789 0.02321724 -0.03602443
v -0.04120772 0.01040065 -0.03602443
v -0.03893381 0.01704136 -0.03602443
v -0.0423576 0.00347623 -0.03602443
v -0.04119127 -0.01046561 -0.03602443
v -0.04235206 -0.00354301 -0.03602443
v 0.03538105 -0.00290367 -0.04754427
v 0.03549938 -0.00020998 -0.04754427
v 0.03495327 -0.00620638 -0.04754427
v 0.03442057 -0.0086876 -0.04754427
v 0.03340161 -0.01202424 -0.04754427
v 0.03252118 -0.01423455 -0.04754427
v 0.03088906 -0.01749618 -0.04754427
v 0.02973471 -0.01939322 -0.04754427
v 0.02748788 -0.02246479 -0.04754427
v 0.02613715 -0.0240229 -0.04754427
v 0.02329592 -0.02678713 -0.04754427
v 0.02182663 -0.02799729 -0.04754427
v 0.01843378 -0.03033885 -0.04754427
v 0.01692074 -0.03120799 -0.04754427
v 0.01304134 -0.03301777 -0.04754427
v 0.0115533 -0.03356741 -0.04754427
v 0.00727372 -0.03474684 -0.04754427
v 0.00587071 -0.03501121 -0.04754427
v 0.00129685 -0.0354763 -0.04754427
v 2.799E-05 -0.03549999 -0.04754427
v -0.00471733 -0.03518518 -0.04754427
v -0.0058155 -0.03502042 -0.04754427
v -0.0105958 -0.03388184 -0.04754427
v -0.01150036 -0.03358559 -0.04754427
v -0.01616945 -0.03160378 -0.04754427
v -0.01687151 -0.03123463 -0.04754427
v -0.02127793 -0.02841654 -0.04754427
v -0.02178246 -0.02803167 -0.04754427
v -0.02577428 -0.02441181 -0.04754427
v -0.02609923 -0.02406408 -0.04754427
v -0.02952916 -0.01970479 -0.04754427
v -0.02970409 -0.01944008 -0.04754427
v -0.03243453 -0.0144309 -0.04754427
v -0.0324987 -0.01428581 -0.04754427
v -0.03440683 -0.00874186 -0.04754427
v -0.03537643 -0.00295946 -0.04754427
v -0.03538105 0.00290367 -0.04754427
v -0.0353893 -0.00280134 -0.04754427
v -0.03252118 0.01423455 -0.04754427
v -0.03430101 0.00914827 -0.04754427
v -0.03442057 0.0086876 -0.04754427
v -0.03535369 0.00321978 -0.04754427
v -0.02613715 0.0240229 -0.04754427
v -0.029294 0.02005272 -0.04754427
v -0.02973471 0.01939322 -0.04754427
v -0.03226156 0.01481357 -0.04754427
v -0.01692074 0.03120799 -0.04754427
v -0.02094029 0.02866626 -0.04754427
v -0.02182663 0.02799729 -0.04754427
v -0.0254837 0.02471499 -0.04754427
v -0.00587071 0.03501121 -0.04754427
v -0.01019425 0.03400481 -0.04754427
v -0.0115533 0.03356741 -0.04754427
v -0.01579446 0.03179285 -0.04754427
v 0.0058155 0.03502042 -0.04754427
v 0.00171642 0.03545848 -0.04754427
v -2.799E-05 0.03549999 -0.04754427
v -0.00430078 0.03523852 -0.04754427
v 0.01687151 0.03123463 -0.04754427
v 0.01343101 0.0328612 -0.04754427
v 0.01150036 0.03358559 -0.04754427
v 0.00768425 0.03465836 -0.04754427
v 0.02609923 0.02406408 -0.04754427
v 0.02361117 0.02650967 -0.04754427
v 0.02178246 0.02803167 -0.04754427
v 0.01879138 0.03011866 -0.04754427
v 0.0324987 0.01428581 -0.04754427
v 0.03109386 0.01712956 -0.04754427
v 0.02970409 0.01944008 -0.04754427
v 0.0277517 0.02213805 -0.04754427
v 0.03537643 0.00295946 -0.04754427
v 0.03502424 0.00579247 -0.04754427
v 0.03440683 0.00874186 -0.04754427
v 0.03354152 0.01162827 -0.04754427
v -0.03794103 -0.01470019 -0.05701966
v -0.03717571 -0.01654037 -0.05701966
v -0.03589248 -0.01916629 -0.05701966
v -0.03384564 -0.02258517 -0.05701966
v -0.03332055 -0.02335291 -0.05701966
v -0.03026272 -0.02719899 -0.05701966
v -0.02954189 -0.02798025 -0.05701966
v -0.0267636 -0.03064845 -0.05701966
v -0.02438827 -0.03257038 -0.05701966
v -0.0228742 -0.03365098 -0.05701966
v -0.01865124 -0.03616281 -0.05701966
v -0.01853304 -0.03622352 -0.05701966
v -0.01415631 -0.0381473 -0.05701966
v -0.01214466 -0.03883458 -0.05701966
v -0.00945494 -0.03957552 -0.05701966
v -0.00540689 -0.04032844 -0.05701966
v -0.0046157 -0.04042663 -0.05701966
v 0.00029084 -0.04068824 -0.05701966
v 0.00148642 -0.04066212 -0.05701966
v 0.00519315 -0.04035652 -0.05701966
v 0.00833697 -0.03982602 -0.05701966
v 0.01001972 -0.03943631 -0.05701966
v 0.01470019 -0.03794103 -0.05701966
v 0.01494768 -0.03784421 -0.05701966
v 0.01916629 -0.03589248 -0.05701966
v 0.02112837 -0.03477368 -0.05701966
v 0.02335291 -0.03332055 -0.05701966
v 0.02670124 -0.03070278 -0.05701966
v 0.02719899 -0.03026272 -0.05701966
v 0.03064845 -0.0267636 -0.05701966
v 0.03150596 -0.02574862 -0.05701966
v 0.03365098 -0.0228742 -0.05701966
v 0.03540432 -0.02005371 -0.05701966
v 0.03616281 -0.01865124 -0.05701966
v 0.0381473 -0.01415631 -0.05701966
v 0.03828416 -0.0137819 -0.05701966
v 0.03957552 -0.00945494 -0.05701966
v 0.04006262 -0.00711361 -0.05701966
v 0.04042663 -0.0046157 -0.05701966
v 0.04068857 -0.00024067 -0.05701966
v 0.04068824 0.00029084 -0.05701966
v 0.04035652 0.00519315 -0.05701966
v 0.04014397 0.00663919 -0.05701966
v 0.03943631 0.01001972 -0.05701966
v 0.03844451 0.01332806 -0.05701966
v 0.03794103 0.01470019 -0.05701966
v 0.03589248 0.01916629 -0.05701966
v 0.03563907 0.0196335 -0.05701966
v 0.03332055 0.02335291 -0.05701966
v 0.03180835 0.02537412 -0.05701966
v 0.03026272 0.02719899 -0.05701966
v 0.02706257 0.03038478 -0.05701966
v 0.0267636 0.03064845 -0.05701966
v 0.0228742 0.03365098 -0.05701966
v 0.02153825 0.03452132 -0.05701966
v 0.01865124 0.03616281 -0.05701966
v 0.01539431 0.03766474 -0.05701966
v 0.01415631 0.0381473 -0.05701966
v 0.00945494 0.03957552 -0.05701966
v 0.0088075 0.03972461 -0.05701966
v 0.0046157 0.04042663 -0.05701966
v 0.00196732 0.04064169 -0.05701966
v -0.00029084 0.04068824 -0.05701966
v -0.00492945 0.04038958 -0.05701966
v -0.00519315 0.04035652 -0.05701966
v -0.01001972 0.03943631 -0.05701966
v -0.01168442 0.03897553 -0.05701966
v -0.01470019 0.03794103 -0.05701966
v -0.01810325 0.03644022 -0.05701966
v -0.01916629 0.03589248 -0.05701966
v -0.02335291 0.03332055 -0.05701966
v -0.02400127 0.0328566 -0.05701966
v -0.02719899 0.03026272 -0.05701966
v -0.02920883 0.02832775 -0.05701966
v -0.03064845 0.0267636 -0.05701966
v -0.0335761 0.02298397 -0.05701966
v -0.03365098 0.0228742 -0.05701966
v -0.03616281 0.01865124 -0.05701966
v -0.03697745 0.01697898 -0.05701966
v -0.0381473 0.01415631 -0.05701966
v -0.03931502 0.01048553 -0.05701966
v -0.03957552 0.00945494 -0.05701966
v -0.04042663 0.0046157 -0.05701966
v -0.04052158 0.00369043 -0.05701966
v -0.04068824 -0.00029084 -0.05701966
v -0.0405624 -0.00321083 -0.05701966
v -0.04035652 -0.00519315 -0.05701966
v -0.03943631 -0.01001972 -0.05701966
v -0.03858624 -0.00980374 -0.0585
v -0.03948661 -0.0050812 -0.0585
v 0 0 -0.0585
v -0.0326023 -0.02284952 -0.0585
v -0.0351188 -0.01875315 -0.0585
v -0.03712319 -0.01438332 -0.0585
v -0.02238113 -0.03292561 -0.0585
v -0.02618669 -0.0299878 -0.0585
v -0.02961039 -0.0266127 -0.0585
v -0.00925114 -0.03872244 -0.0585
v -0.01385116 -0.03732501 -0.0585
v -0.0182492 -0.0353833 -0.0585
v 0.0050812 -0.03948661 -0.0585
v 0.00028457 -0.03981118 -0.0585
v -0.00451621 -0.03955521 -0.0585
v 0.01875315 -0.0351188 -0.0585
v 0.01438332 -0.03712319 -0.0585
v 0.00980374 -0.03858624 -0.0585
v 0.0299878 -0.02618669 -0.0585
v 0.0266127 -0.02961039 -0.0585
v 0.02284952 -0.0326023 -0.0585
v 0.03732501 -0.01385116 -0.0585
v 0.0353833 -0.0182492 -0.0585
v 0.03292561 -0.02238113 -0.0585
v 0.03981118 0.00028457 -0.0585
v 0.03955521 -0.00451621 -0.0585
v 0.03872244 -0.00925114 -0.0585
v 0.03712319 0.01438332 -0.0585
v 0.03858624 0.00980374 -0.0585
v 0.03948661 0.0050812 -0.0585
v 0.02961039 0.0266127 -0.0585
v 0.0326023 0.02284952 -0.0585
v 0.0351188 0.01875315 -0.0585
v 0.0182492 0.0353833 -0.0585
v 0.02238113 0.03292561 -0.0585
v 0.02618669 0.0299878 -0.0585
v 0.00451621 0.03955521 -0.0585
v 0.00925114 0.03872244 -0.0585
v 0.01385116 0.03732501 -0.0585
v -0.00980374 0.03858624 -0.0585
v -0.0050812 0.03948661 -0.0585
v -0.00028457 0.03981118 -0.0585
v -0.02284952 0.0326023 -0.0585
v -0.01875315 0.0351188 -0.0585
v -0.01438332 0.03712319 -0.0585
v -0.03292561 0.02238113 -0.0585
v -0.0299878 0.02618669 -0.0585
v -0.0266127 0.02961039 -0.0585
v -0.03872244 0.00925114 -0.0585
v -0.03732501 0.01385116 -0.0585
v -0.0353833 0.0182492 -0.0585
v -0.03981118 -0.00028457 -0.0585
v -0.03955521 0.00451621 -0.0585
v -0.0382624 0.01419902 -0.05751691
v -0.03627192 0.01870752 -0.05751691
v -0.03074092 0.02684435 -0.05751691
v -0.02728106 0.03035404 -0.05751691
v -0.01474455 0.03805551 -0.05751691
v -0.01004996 0.0395553 -0.05751691
v -0.00029172 0.04081101 -0.05751691
v 0.00462963 0.04054862 -0.05751691
v 0.01870752 0.03627192 -0.05751691
v 0.02294322 0.03375252 -0.05751691
v 0.03035404 0.02728106 -0.05751691
v 0.03342109 0.02342338 -0.05751691
v 0.0395553 0.01004996 -0.05751691
v 0.04054862 -0.00462963 -0.05751691
v 0.03969493 -0.00948347 -0.05751691
v 0.03375252 -0.02294322 -0.05751691
v 0.02342338 -0.03342109 -0.05751691
v 0.01922413 -0.03600079 -0.05751691
v 0.00520882 -0.04047829 -0.05751691
v -0.00948347 -0.03969493 -0.05751691
v -0.01419902 -0.0382624 -0.05751691
v -0.02684435 -0.03074092 -0.05751691
v -0.03600079 -0.01922413 -0.05751691
v -0.03758486 -0.01456219 -0.05836883
v -0.0390661 -0.00992566 -0.05836883
v -0.03997767 -0.00514439 -0.05836883
v -0.04030628 -0.00028811 -0.05836883
v -0.04004712 0.00457238 -0.05836883
v -0.03792541 -0.01469414 -0.05800974
v -0.03942008 -0.0100156 -0.05800974
v -0.0403399 -0.00519101 -0.05800974
v -0.04067149 -0.00029072 -0.05800974
v -0.04040999 0.00461381 -0.05800974
v -0.03805551 -0.01474455 -0.05751691
v -0.0395553 -0.01004996 -0.05751691
v -0.02997863 -0.02694366 -0.05836883
v -0.02651235 -0.03036073 -0.05836883
v -0.03025026 -0.02718779 -0.05800974
v -0.02675258 -0.03063583 -0.05800974
v -0.03035404 -0.02728106 -0.05751691
v -0.01847615 -0.03582333 -0.05836883
v -0.01402341 -0.03778919 -0.05836883
v -0.01864356 -0.03614792 -0.05800974
v -0.01415048 -0.03813159 -0.05800974
v -0.01870752 -0.03627192 -0.05751691
v 0.00028811 -0.04030628 -0.05836883
v 0.00514439 -0.03997767 -0.05836883
v 0.00029072 -0.04067149 -0.05800974
v 0.00519101 -0.0403399 -0.05800974
v 0.00029172 -0.04081101 -0.05751691
v 0.01456219 -0.03758486 -0.05836883
v 0.01898637 -0.03555554 -0.05836883
v 0.01469414 -0.03792541 -0.05800974
v 0.0191584 -0.03587771 -0.05800974
v 0.01474455 -0.03805551 -0.05751691
v 0.03036073 -0.02651235 -0.05836883
v 0.03333508 -0.02265946 -0.05836883
v 0.03063583 -0.02675258 -0.05800974
v 0.03363713 -0.02286478 -0.05800974
v 0.03074092 -0.02684435 -0.05751691
v 0.03778919 -0.01402341 -0.05836883
v 0.039204 -0.00936619 -0.05836883
v 0.03813159 -0.01415048 -0.05800974
v 0.03955922 -0.00945105 -0.05800974
v 0.0382624 -0.01419902 -0.05751691
v 0.03997767 0.00514439 -0.05836883
v 0.0390661 0.00992566 -0.05836883
v 0.0403399 0.00519101 -0.05800974
v 0.03942008 0.0100156 -0.05800974
v 0.04047829 0.00520882 -0.05751691
v 0.03555554 0.01898637 -0.05836883
v 0.03300775 0.02313368 -0.05836883
v 0.03587771 0.0191584 -0.05800974
v 0.03330683 0.0233433 -0.05800974
v 0.03600079 0.01922413 -0.05751691
v 0.00936619 0.039204 -0.05836883
v 0.00457238 0.04004712 -0.05836883
v 0.00945105 0.03955922 -0.05800974
v 0.00461381 0.04040999 -0.05800974
v 0.00948347 0.03969493 -0.05751691
v -0.02313368 0.03300775 -0.05836883
v -0.02694366 0.02997863 -0.05836883
v -0.0233433 0.03330683 -0.05800974
v -0.02718779 0.03025026 -0.05800974
v -0.02342338 0.03342109 -0.05751691
v -0.04047829 -0.00520882 -0.05751691
v -0.04081101 -0.00029172 -0.05751691
v -0.04054862 0.00462963 -0.05751691
v -0.03555554 -0.01898637 -0.05836883
v -0.03587771 -0.0191584 -0.05800974
v -0.03342109 -0.02342338 -0.05751691
v -0.03330683 -0.0233433 -0.05800974
v -0.03300775 -0.02313368 -0.05836883
v -0.02294322 -0.03375252 -0.05751691
v -0.02286478 -0.03363713 -0.05800974
v -0.02265946 -0.03333508 -0.05836883
v -0.00936619 -0.039204 -0.05836883
v -0.00945105 -0.03955922 -0.05800974
v -0.00462963 -0.04054862 -0.05751691
v -0.00461381 -0.04040999 -0.05800974
v -0.00457238 -0.04004712 -0.05836883
v 0.01004996 -0.0395553 -0.05751691
v 0.0100156 -0.03942008 -0.05800974
v 0.00992566 -0.0390661 -0.05836883
v 0.02313368 -0.03300775 -0.05836883
v 0.0233433 -0.03330683 -0.05800974
v 0.02728106 -0.03035404 -0.05751691
v 0.02718779 -0.03025026 -0.05800974
v 0.02694366 -0.02997863 -0.05836883
v 0.03627192 -0.01870752 -0.05751691
v 0.03614792 -0.01864356 -0.05800974
v 0.03582333 -0.01847615 -0.05836883
v 0.04004712 -0.00457238 -0.05836883
v 0.04040999 -0.00461381 -0.05800974
v 0.04081101 0.00029172 -0.05751691
v 0.04067149 0.00029072 -0.05800974
v 0.04030628 0.00028811 -0.05836883
v 0.03805551 0.01474455 -0.05751691
v 0.03792541 0.01469414 -0.05800974
v 0.03758486 0.01456219 -0.05836883
v 0.03025026 0.02718779 -0.05800974
v 0.02997863 0.02694366 -0.05836883
v 0.02684435 0.03074092 -0.05751691
v 0.02675258 0.03063583 -0.05800974
v 0.02651235 0.03036073 -0.05836883
v 0.02265946 0.03333508 -0.05836883
v 0.02286478 0.03363713 -0.05800974
v 0.01847615 0.03582333 -0.05836883
v 0.01864356 0.03614792 -0.05800974
v 0.01419902 0.0382624 -0.05751691
v 0.01415048 0.03813159 -0.05800974
v 0.01402341 0.03778919 -0.05836883
v -0.00029072 0.04067149 -0.05800974
v -0.00028811 0.04030628 -0.05836883
v -0.00520882 0.04047829 -0.05751691
v -0.00519101 0.0403399 -0.05800974
v -0.00514439 0.03997767 -0.05836883
v -0.00992566 0.0390661 -0.05836883
v -0.0100156 0.03942008 -0.05800974
v -0.01456219 0.03758486 -0.05836883
v -0.01469414 0.03792541 -0.05800974
v -0.01922413 0.03600079 -0.05751691
v -0.0191584 0.03587771 -0.05800974
v -0.01898637 0.03555554 -0.05836883
v -0.03063583 0.02675258 -0.05800974
v -0.03036073 0.02651235 -0.05836883
v -0.03375252 0.02294322 -0.05751691
v -0.03363713 0.02286478 -0.05800974
v -0.03333508 0.02265946 -0.05836883
v -0.03582333 0.01847615 -0.05836883
v -0.03614792 0.01864356 -0.05800974
v -0.03778919 0.01402341 -0.05836883
v -0.03813159 0.01415048 -0.05800974
v -0.03969493 0.00948347 -0.05751691
v -0.03955922 0.00945105 -0.05800974
v -0.039204 0.00936619 -0.05836883
v -0.00384147 0.00067313 0.0115
v -0.00389748 -0.00014027 0.0115
v 0 0 0.0115
v -0.00378314 -0.00094753 0.0115
v -0.00350347 -0.00171339 0.0115
v -0.00271216 0.00280253 0.0115
v -0.00323557 0.0021774 0.0115
v -0.00361757 0.00145711 0.0115
v -0.0005469 0.00386146 0.0115
v -0.00133779 0.00366338 0.0115
v -0.00207021 0.00330518 0.0115
v 0.00182726 0.00344545 0.0115
v 0.00107098 0.00375007 0.0115
v 0.0002679 0.00389079 0.0115
v 0.00350347 0.00171339 0.0115
v 0.00307068 0.00240436 0.0115
v 0.00250368 0.00299025 0.0115
v 0.00384147 -0.00067313 0.0115
v 0.00389748 0.00014027 0.0115
v 0.00378314 0.00094753 0.0115
v 0.00271216 -0.00280253 0.0115
v 0.00323557 -0.0021774 0.0115
v 0.00361757 -0.00145711 0.0115
v 0.0005469 -0.00386146 0.0115
v 0.00133779 -0.00366338 0.0115
v 0.00207021 -0.00330518 0.0115
v -0.00182726 -0.00344545 0.0115
v -0.00107098 -0.00375007 0.0115
v -0.0002679 -0.00389079 0.0115
v -0.00307068 -0.00240436 0.0115
v -0.00250368 -0.00299025 0.0115
v -0.00179649 -0.00173856 -0.0035
v -0.00218525 -0.00121436 -0.0035
v 0 0 -0.0035
v -0.00242509 -0.00060739 -0.0035
v -0.00249966 4.096E-05 -0.0035
v -4.096E-05 -0.00249966 -0.0035
v -0.00068653 -0.00240389 -0.0035
v -0.00128531 -0.00214429 -0.0035
v 0.00173856 -0.00179649 -0.0035
v 0.00121436 -0.00218525 -0.0035
v 0.00060739 -0.00242509 -0.0035
v 0.00249966 -4.096E-05 -0.0035
v 0.00240389 -0.00068653 -0.0035
v 0.00214429 -0.00128531 -0.0035
v 0.00179649 0.00173856 -0.0035
v 0.00218525 0.00121436 -0.0035
v 0.00242509 0.00060739 -0.0035
v 4.096E-05 0.00249966 -0.0035
v 0.00068653 0.00240389 -0.0035
v 0.00128531 0.00214429 -0.0035
v -0.00173856 0.00179649 -0.0035
v -0.00121436 0.00218525 -0.0035
v -0.00060739 0.00242509 -0.0035
v -0.00240389 0.00068653 -0.0035
v -0.00214429 0.00128531 -0.0035
v -0.00242509 -0.00060739 0.0065
v -0.00218525 -0.00121436 0.0065
v -0.00179649 -0.00173856 0.0065
v -0.00128531 -0.00214429 0.0065
v -0.00068653 -0.00240389 0.0065
v -4.096E-05 -0.00249966 0.0065
v 0.00060739 -0.00242509 0.0065
v 0.00121436 -0.00218525 0.0065
v 0.00173856 -0.00179649 0.0065
v 0.00214429 -0.00128531 0.0065
v 0.00240389 -0.00068653 0.0065
v 0.00249966 -4.096E-05 0.0065
v 0.00242509 0.00060739 0.0065
v 0.00218525 0.00121436 0.0065
v 0.00179649 0.00173856 0.0065
v 0.00128531 0.00214429 0.0065
v 0.00068653 0.00240389 0.0065
v 4.096E-05 0.00249966 0.0065
v -0.00060739 0.00242509 0.0065
v -0.00121436 0.00218525 0.0065
v -0.00173856 0.00179649 0.0065
v -0.00214429 0.00128531 0.0065
v -0.00240389 0.00068653 0.0065
v -0.00249966 4.096E-05 0.0065
v 0.00250368 0.00299025 0.0065
v 0.00307068 0.00240436 0.0065
v 0.00350347 0.00171339 0.0065
v 0.00378314 0.00094753 0.0065
v -0.00133779 0.00366338 0.0065
v -0.0005469 0.00386146 0.0065
v 0.0002679 0.00389079 0.0065
v 0.00107098 0.00375007 0.0065
v 0.00182726 0.00344545 0.0065
v -0.00384147 0.00067313 0.0065
v -0.00361757 0.00145711 0.0065
v -0.00323557 0.0021774 0.0065
v -0.00271216 0.00280253 0.0065
v -0.00207021 0.00330518 0.0065
v -0.00250368 -0.00299025 0.0065
v -0.00307068 -0.00240436 0.0065
v -0.00350347 -0.00171339 0.0065
v -0.00378314 -0.00094753 0.0065
v -0.00389748 -0.00014027 0.0065
v 0.00133779 -0.00366338 0.0065
v 0.0005469 -0.00386146 0.0065
v -0.0002679 -0.00389079 0.0065
v -0.00107098 -0.00375007 0.0065
v -0.00182726 -0.00344545 0.0065
v 0.00389748 0.00014027 0.0065
v 0.00384147 -0.00067313 0.0065
v 0.00361757 -0.00145711 0.0065
v 0.00323557 -0.0021774 0.0065
v 0.00271216 -0.00280253 0.0065
v 0.00207021 -0.00330518 0.0065
v 0.00455071 0.00308886 0.0055
v 0.00461463 0.00402424 0.00479695
v 0.00414521 0.00361487 0.0055
v 0.00409592 0.00455113 0.00479695
v 0.00367926 0.00408816 0.0055
v 0.00351748 0.00501165 0.00479695
v 0.00315966 0.00450184 0.0055
v 0.00288774 0.0053991 0.00479695
v 0.00259399 0.00484987 0.0055
v 0.0022159 0.00570781 0.00479695
v 0.00199049 0.00512718 0.0055
v 0.00151174 0.00593329 0.00479695
v 0.00135796 0.00532972 0.0055
v 0.00078554 0.00607225 0.00479695
v 0.00070563 0.00545455 0.0055
v 4.788E-05 0.00612266 0.00479695
v 4.301E-05 0.00549983 0.0055
v -0.00069047 0.00608379 0.00479695
v -0.00062023 0.00546492 0.0055
v -0.00141876 0.00595621 0.00479695
v -0.00127443 0.00535031 0.0055
v -0.00212635 0.00574177 0.00479695
v -0.00191005 0.00515768 0.0055
v -0.00280294 0.0054436 0.00479695
v -0.00251781 0.00488985 0.0055
v -0.00343866 0.00506605 0.00479695
v -0.00308886 0.00455071 0.0055
v -0.00402424 0.00461463 0.00479695
v -0.00361487 0.00414521 0.0055
v -0.00455113 0.00409592 0.00479695
v -0.00408816 0.00367926 0.0055
v -0.00501165 0.00351748 0.00479695
v -0.00450184 0.00315966 0.0055
v -0.0053991 0.00288774 0.00479695
v -0.00484987 0.00259399 0.0055
v -0.00570781 0.0022159 0.00479695
v -0.00512718 0.00199049 0.0055
v -0.00593329 0.00151174 0.00479695
v -0.00532972 0.00135796 0.0055
v -0.00607225 0.00078554 0.00479695
v -0.00545455 0.00070563 0.0055
v -0.00612266 4.788E-05 0.00479695
v -0.00549983 4.301E-05 0.0055
v -0.00608379 -0.00069047 0.00479695
v -0.00546492 -0.00062023 0.0055
v -0.00595621 -0.00141876 0.00479695
v -0.00535031 -0.00127443 0.0055
v -0.00574177 -0.00212635 0.00479695
v -0.00515768 -0.00191005 0.0055
v -0.0054436 -0.00280294 0.00479695
v -0.00488985 -0.00251781 0.0055
v -0.00506605 -0.00343866 0.00479695
v -0.00455071 -0.00308886 0.0055
v -0.00461463 -0.00402424 0.00479695
v -0.00414521 -0.00361487 0.0055
v -0.00409592 -0.00455113 0.00479695
v -0.00367926 -0.00408816 0.0055
v -0.00351748 -0.00501165 0.00479695
v -0.00315966 -0.00450184 0.0055
v -0.00288774 -0.0053991 0.00479695
v -0.00259399 -0.00484987 0.0055
v -0.0022159 -0.00570781 0.00479695
v -0.00199049 -0.00512718 0.0055
v -0.00151174 -0.00593329 0.00479695
v -0.00135796 -0.00532972 0.0055
v -0.00078554 -0.00607225 0.00479695
v -0.00070563 -0.00545455 0.0055
v -4.788E-05 -0.00612266 0.00479695
v -4.301E-05 -0.00549983 0.0055
v 0.00069047 -0.00608379 0.00479695
v 0.00062023 -0.00546492 0.0055
v 0.00141876 -0.00595621 0.00479695
v 0.00127443 -0.00535031 0.0055
v 0.00212635 -0.00574177 0.00479695
v 0.00191005 -0.00515768 0.0055
v 0.00280294 -0.0054436 0.00479695
v 0.00251781 -0.00488985 0.0055
v 0.00343866 -0.00506605 0.00479695
v 0.00308886 -0.00455071 0.0055
v 0.00402424 -0.00461463 0.00479695
v 0.00361487 -0.00414521 0.0055
v 0.00455113 -0.00409592 0.00479695
v 0.00408816 -0.00367926 0.0055
v 0.00501165 -0.00351748 0.00479695
v 0.00450184 -0.00315966 0.0055
v 0.0053991 -0.00288774 0.00479695
v 0.00484987 -0.00259399 0.0055
v 0.00570781 -0.0022159 0.00479695
v 0.00512718 -0.00199049 0.0055
v 0.00593329 -0.00151174 0.00479695
v 0.00532972 -0.00135796 0.0055
v 0.00607225 -0.00078554 0.00479695
v 0.00545455 -0.00070563 0.0055
v 0.00612266 -4.788E-05 0.00479695
v 0.00549983 -4.301E-05 0.0055
v 0.00608379 0.00069047 0.00479695
v 0.00546492 0.00062023 0.0055
v 0.00595621 0.00141876 0.00479695
v 0.00535031 0.00127443 0.0055
v 0.00574177 0.00212635 0.00479695
v 0.00515768 0.00191005 0.0055
v 0.0054436 0.00280294 0.00479695
v 0.00488985 0.00251781 0.0055
v 0.00506605 0.00343866 0.00479695
v 0.00501677 0.00437492 0.00402394
v 0.00445285 0.00494773 0.00402394
v 0.003824 0.00544838 0.00402394
v 0.00313939 0.00586959 0.00402394
v 0.002409 0.00620521 0.00402394
v 0.00164348 0.00645034 0.00402394
v 0.000854 0.00660141 0.00402394
v 5.206E-05 0.00665621 0.00402394
v -0.00075064 0.00661396 0.00402394
v -0.00154239 0.00647525 0.00402394
v -0.00231165 0.00624213 0.00402394
v -0.0030472 0.00591798 0.00402394
v -0.00373832 0.00550753 0.00402394
v -0.00437492 0.00501677 0.00402394
v -0.00494773 0.00445285 0.00402394
v -0.00544838 0.003824 0.00402394
v -0.00586959 0.00313939 0.00402394
v -0.00620521 0.002409 0.00402394
v -0.00645034 0.00164348 0.00402394
v -0.00660141 0.000854 0.00402394
v -0.00665621 5.206E-05 0.00402394
v -0.00661396 -0.00075064 0.00402394
v -0.00647525 -0.00154239 0.00402394
v -0.00624213 -0.00231165 0.00402394
v -0.00591798 -0.0030472 0.00402394
v -0.00550753 -0.00373832 0.00402394
v -0.00501677 -0.00437492 0.00402394
v -0.00445285 -0.00494773 0.00402394
v -0.003824 -0.00544838 0.00402394
v -0.00313939 -0.00586959 0.00402394
v -0.002409 -0.00620521 0.00402394
v -0.00164348 -0.00645034 0.00402394
v -0.000854 -0.00660141 0.00402394
v -5.206E-05 -0.00665621 0.00402394
v 0.00075064 -0.00661396 0.00402394
v 0.00154239 -0.00647525 0.00402394
v 0.00231165 -0.00624213 0.00402394
v 0.0030472 -0.00591798 0.00402394
v 0.00373832 -0.00550753 0.00402394
v 0.00437492 -0.00501677 0.00402394
v 0.00494773 -0.00445285 0.00402394
v 0.00544838 -0.003824 0.00402394
v 0.00586959 -0.00313939 0.00402394
v 0.00620521 -0.002409 0.00402394
v 0.00645034 -0.00164348 0.00402394
v 0.00660141 -0.000854 0.00402394
v 0.00665621 -5.206E-05 0.00402394
v 0.00661396 0.00075064 0.00402394
v 0.00647525 0.00154239 0.00402394
v 0.00624213 0.00231165 0.00402394
v 0.00591798 0.0030472 0.00402394
v 0.00550753 0.00373832 0.00402394
v 0.00534575 0.00466181 0.00319226
v 0.00474485 0.00527218 0.00319226
v 0.00407476 0.00580567 0.00319226
v 0.00334526 0.0062545 0.00319226
v 0.00256697 0.00661212 0.00319226
v 0.00175125 0.00687332 0.00319226
v 0.00091 0.0070343 0.00319226
v 5.547E-05 0.0070927 0.00319226
v -0.00079986 0.00704767 0.00319226
v -0.00164354 0.00689987 0.00319226
v -0.00246324 0.00665146 0.00319226
v -0.00324703 0.00630605 0.00319226
v -0.00398346 0.00586869 0.00319226
v -0.00466181 0.00534575 0.00319226
v -0.00527218 0.00474485 0.00319226
v -0.00580567 0.00407476 0.00319226
v -0.0062545 0.00334526 0.00319226
v -0.00661212 0.00256697 0.00319226
v -0.00687332 0.00175125 0.00319226
v -0.0070343 0.00091 0.00319226
v -0.0070927 5.547E-05 0.00319226
v -0.00704767 -0.00079986 0.00319226
v -0.00689987 -0.00164354 0.00319226
v -0.00665146 -0.00246324 0.00319226
v -0.00630605 -0.00324703 0.00319226
v -0.00586869 -0.00398346 0.00319226
v -0.00534575 -0.00466181 0.00319226
v -0.00474485 -0.00527218 0.00319226
v -0.00407476 -0.00580567 0.00319226
v -0.00334526 -0.0062545 0.00319226
v -0.00256697 -0.00661212 0.00319226
v -0.00175125 -0.00687332 0.00319226
v -0.00091 -0.0070343 0.00319226
v -5.547E-05 -0.0070927 0.00319226
v 0.00079986 -0.00704767 0.00319226
v 0.00164354 -0.00689987 0.00319226
v 0.00246324 -0.00665146 0.00319226
v 0.00324703 -0.00630605 0.00319226
v 0.00398346 -0.00586869 0.00319226
v 0.00466181 -0.00534575 0.00319226
v 0.00527218 -0.00474485 0.00319226
v 0.00580567 -0.00407476 0.00319226
v 0.0062545 -0.00334526 0.00319226
v 0.00661212 -0.00256697 0.00319226
v 0.00687332 -0.00175125 0.00319226
v 0.0070343 -0.00091 0.00319226
v 0.0070927 -5.547E-05 0.00319226
v 0.00704767 0.00079986 0.00319226
v 0.00689987 0.00164354 0.00319226
v 0.00665146 0.00246324 0.00319226
v 0.00630605 0.00324703 0.00319226
v 0.00586869 0.00398346 0.00319226
v 0.00559677 0.00488072 0.00231403
v 0.00496766 0.00551975 0.00231403
v 0.00426611 0.00607829 0.00231403
v 0.00350235 0.00654819 0.00231403
v 0.00268751 0.00692261 0.00231403
v 0.00183349 0.00719608 0.00231403
v 0.00095273 0.00736462 0.00231403
v 5.808E-05 0.00742576 0.00231403
v -0.00083742 0.00737862 0.00231403
v -0.00172071 0.00722388 0.00231403
v -0.00257891 0.0069638 0.00231403
v -0.0033995 0.00660217 0.00231403
v -0.00417052 0.00614427 0.00231403
v -0.00488072 0.00559677 0.00231403
v -0.00551975 0.00496766 0.00231403
v -0.00607829 0.00426611 0.00231403
v -0.00654819 0.00350235 0.00231403
v -0.00692261 0.00268751 0.00231403
v -0.00719608 0.00183349 0.00231403
v -0.00736462 0.00095273 0.00231403
v -0.00742576 5.808E-05 0.00231403
v -0.00737862 -0.00083742 0.00231403
v -0.00722388 -0.00172071 0.00231403
v -0.0069638 -0.00257891 0.00231403
v -0.00660217 -0.0033995 0.00231403
v -0.00614427 -0.00417052 0.00231403
v -0.00559677 -0.00488072 0.00231403
v -0.00496766 -0.00551975 0.00231403
v -0.00426611 -0.00607829 0.00231403
v -0.00350235 -0.00654819 0.00231403
v -0.00268751 -0.00692261 0.00231403
v -0.00183349 -0.00719608 0.00231403
v -0.00095273 -0.00736462 0.00231403
v -5.808E-05 -0.00742576 0.00231403
v 0.00083742 -0.00737862 0.00231403
v 0.00172071 -0.00722388 0.00231403
v 0.00257891 -0.0069638 0.00231403
v 0.0033995 -0.00660217 0.00231403
v 0.00417052 -0.00614427 0.00231403
v 0.00488072 -0.00559677 0.00231403
v 0.00551975 -0.00496766 0.00231403
v 0.00607829 -0.00426611 0.00231403
v 0.00654819 -0.00350235 0.00231403
v 0.00692261 -0.00268751 0.00231403
v 0.00719608 -0.00183349 0.00231403
v 0.00736462 -0.00095273 0.00231403
v 0.00742576 -5.808E-05 0.00231403
v 0.00737862 0.00083742 0.00231403
v 0.00722388 0.00172071 0.00231403
v 0.0069638 0.00257891 0.00231403
v 0.00660217 0.0033995 0.00231403
v 0.00614427 0.00417052 0.00231403
v 0.00576618 0.00502846 0.00140206
v 0.00511803 0.00568683 0.00140206
v 0.00439524 0.00626228 0.00140206
v 0.00360836 0.0067464 0.00140206
v 0.00276886 0.00713216 0.00140206
v 0.00188899 0.0074139 0.00140206
v 0.00098157 0.00758754 0.00140206
v 5.983E-05 0.00765053 0.00140206
v -0.00086277 0.00760196 0.00140206
v -0.0017728 0.00744254 0.00140206
v -0.00265697 0.00717459 0.00140206
v -0.0035024 0.00680202 0.00140206
v -0.00429676 0.00633025 0.00140206
v -0.00502846 0.00576618 0.00140206
v -0.00568683 0.00511803 0.00140206
v -0.00626228 0.00439524 0.00140206
v -0.0067464 0.00360836 0.00140206
v -0.00713216 0.00276886 0.00140206
v -0.0074139 0.00188899 0.00140206
v -0.00758754 0.00098157 0.00140206
v -0.00765053 5.983E-05 0.00140206
v -0.00760196 -0.00086277 0.00140206
v -0.00744254 -0.0017728 0.00140206
v -0.00717459 -0.00265697 0.00140206
v -0.00680202 -0.0035024 0.00140206
v -0.00633025 -0.00429676 0.00140206
v -0.00576618 -0.00502846 0.00140206
v -0.00511803 -0.00568683 0.00140206
v -0.00439524 -0.00626228 0.00140206
v -0.00360836 -0.0067464 0.00140206
v -0.00276886 -0.00713216 0.00140206
v -0.00188899 -0.0074139 0.00140206
v -0.00098157 -0.00758754 0.00140206
v -5.983E-05 -0.00765053 0.00140206
v 0.00086277 -0.00760196 0.00140206
v 0.0017728 -0.00744254 0.00140206
v 0.00265697 -0.00717459 0.00140206
v 0.0035024 -0.00680202 0.00140206
v 0.00429676 -0.00633025 0.00140206
v 0.00502846 -0.00576618 0.00140206
v 0.00568683 -0.00511803 0.00140206
v 0.00626228 -0.00439524 0.00140206
v 0.0067464 -0.00360836 0.00140206
v 0.00713216 -0.00276886 0.00140206
v 0.0074139 -0.00188899 0.00140206
v 0.00758754 -0.00098157 0.00140206
v 0.00765053 -5.983E-05 0.00140206
v 0.00760196 0.00086277 0.00140206
v 0.00744254 0.0017728 0.00140206
v 0.00717459 0.00265697 0.00140206
v 0.00680202 0.0035024 0.00140206
v 0.00633025 0.00429676 0.00140206
v 0.00585151 0.00510287 0.00046963
v 0.00519376 0.00577098 0.00046963
v 0.00446028 0.00635495 0.00046963
v 0.00366176 0.00684624 0.00046963
v 0.00280984 0.0072377 0.00046963
v 0.00191694 0.00752362 0.00046963
v 0.00099609 0.00769982 0.00046963
v 6.072E-05 0.00776375 0.00046963
v -0.00087554 0.00771446 0.00046963
v -0.00179903 0.00755268 0.00046963
v -0.00269629 0.00728076 0.00046963
v -0.00355423 0.00690267 0.00046963
v -0.00436034 0.00642393 0.00046963
v -0.00510287 0.00585151 0.00046963
v -0.00577098 0.00519376 0.00046963
v -0.00635495 0.00446028 0.00046963
v -0.00684624 0.00366176 0.00046963
v -0.0072377 0.00280984 0.00046963
v -0.00752362 0.00191694 0.00046963
v -0.00769982 0.00099609 0.00046963
v -0.00776375 6.072E-05 0.00046963
v -0.00771446 -0.00087554 0.00046963
v -0.00755268 -0.00179903 0.00046963
v -0.00728076 -0.00269629 0.00046963
v -0.00690267 -0.00355423 0.00046963
v -0.00642393 -0.00436034 0.00046963
v -0.00585151 -0.00510287 0.00046963
v -0.00519376 -0.00577098 0.00046963
v -0.00446028 -0.00635495 0.00046963
v -0.00366176 -0.00684624 0.00046963
v -0.00280984 -0.0072377 0.00046963
v -0.00191694 -0.00752362 0.00046963
v -0.00099609 -0.00769982 0.00046963
v -6.072E-05 -0.00776375 0.00046963
v 0.00087554 -0.00771446 0.00046963
v 0.00179903 -0.00755268 0.00046963
v 0.00269629 -0.00728076 0.00046963
v 0.00355423 -0.00690267 0.00046963
v 0.00436034 -0.00642393 0.00046963
v 0.00510287 -0.00585151 0.00046963
v 0.00577098 -0.00519376 0.00046963
v 0.00635495 -0.00446028 0.00046963
v 0.00684624 -0.00366176 0.00046963
v 0.0072377 -0.00280984 0.00046963
v 0.00752362 -0.00191694 0.00046963
v 0.00769982 -0.00099609 0.00046963
v 0.00776375 -6.072E-05 0.00046963
v 0.00771446 0.00087554 0.00046963
v 0.00755268 0.00179903 0.00046963
v 0.00728076 0.00269629 0.00046963
v 0.00690267 0.00355423 0.00046963
v 0.00642393 0.00436034 0.00046963
v 0.00585151 0.00510287 -0.00046963
v 0.00519376 0.00577098 -0.00046963
v 0.00446028 0.00635495 -0.00046963
v 0.00366176 0.00684624 -0.00046963
v 0.00280984 0.0072377 -0.00046963
v 0.00191694 0.00752362 -0.00046963
v 0.00099609 0.00769982 -0.00046963
v 6.072E-05 0.00776375 -0.00046963
v -0.00087554 0.00771446 -0.00046963
v -0.00179903 0.00755268 -0.00046963
v -0.00269629 0.00728076 -0.00046963
v -0.00355423 0.00690267 -0.00046963
v -0.00436034 0.00642393 -0.00046963
v -0.00510287 0.00585151 -0.00046963
v -0.00577098 0.00519376 -0.00046963
v -0.00635495 0.00446028 -0.00046963
v -0.00684624 0.00366176 -0.00046963
v -0.0072377 0.00280984 -0.00046963
v -0.00752362 0.00191694 -0.00046963
v -0.00769982 0.00099609 -0.00046963
v -0.00776375 6.072E-05 -0.00046963
v -0.00771446 -0.00087554 -0.00046963
v -0.00755268 -0.00179903 -0.00046963
v -0.00728076 -0.00269629 -0.00046963
v -0.00690267 -0.00355423 -0.00046963
v -0.00642393 -0.00436034 -0.00046963
v -0.00585151 -0.00510287 -0.00046963
v -0.00519376 -0.00577098 -0.00046963
v -0.00446028 -0.00635495 -0.00046963
v -0.00366176 -0.00684624 -0.00046963
v -0.00280984 -0.0072377 -0.00046963
v -0.00191694 -0.00752362 -0.00046963
v -0.00099609 -0.00769982 -0.00046963
v -6.072E-05 -0.00776375 -0.00046963
v 0.00087554 -0.00771446 -0.00046963
v 0.00179903 -0.00755268 -0.00046963
v 0.00269629 -0.00728076 -0.00046963
v 0.00355423 -0.00690267 -0.00046963
v 0.00436034 -0.00642393 -0.00046963
v 0.00510287 -0.00585151 -0.00046963
v 0.00577098 -0.00519376 -0.00046963
v 0.00635495 -0.00446028 -0.00046963
v 0.00684624 -0.00366176 -0.00046963
v 0.0072377 -0.00280984 -0.00046963
v 0.00752362 -0.00191694 -0.00046963
v 0.00769982 -0.00099609 -0.00046963
v 0.00776375 -6.072E-05 -0.00046963
v 0.00771446 0.00087554 -0.00046963
v 0.00755268 0.00179903 -0.00046963
v 0.00728076 0.00269629 -0.00046963
v 0.00690267 0.00355423 -0.00046963
v 0.00642393 0.00436034 -0.00046963
v 0.00576618 0.00502846 -0.00140205
v 0.00511803 0.00568683 -0.00140205
v 0.00439524 0.00626228 -0.00140205
v 0.00360836 0.0067464 -0.00140205
v 0.00276886 0.00713216 -0.00140205
v 0.00188899 0.0074139 -0.00140205
v 0.00098157 0.00758754 -0.00140205
v 5.983E-05 0.00765053 -0.00140205
v -0.00086277 0.00760196 -0.00140205
v -0.0017728 0.00744254 -0.00140205
v -0.00265697 0.00717459 -0.00140205
v -0.0035024 0.00680202 -0.00140205
v -0.00429676 0.00633025 -0.00140205
v -0.00502846 0.00576618 -0.00140205
v -0.00568683 0.00511803 -0.00140205
v -0.00626228 0.00439524 -0.00140205
v -0.0067464 0.00360836 -0.00140205
v -0.00713216 0.00276886 -0.00140205
v -0.0074139 0.00188899 -0.00140205
v -0.00758754 0.00098157 -0.00140205
v -0.00765053 5.983E-05 -0.00140205
v -0.00760196 -0.00086277 -0.00140205
v -0.00744254 -0.0017728 -0.00140205
v -0.00717459 -0.00265697 -0.00140205
v -0.00680202 -0.0035024 -0.00140205
v -0.00633025 -0.00429676 -0.00140205
v -0.00576618 -0.00502846 -0.00140205
v -0.00511803 -0.00568683 -0.00140205
v -0.00439524 -0.00626228 -0.00140205
v -0.00360836 -0.0067464 -0.00140205
v -0.00276886 -0.00713216 -0.00140205
v -0.00188899 -0.0074139 -0.00140205
v -0.00098157 -0.00758754 -0.00140205
v -5.983E-05 -0.00765053 -0.00140205
v 0.00086277 -0.00760196 -0.00140205
v 0.0017728 -0.00744254 -0.00140205
v 0.00265697 -0.00717459 -0.00140205
v 0.0035024 -0.00680202 -0.00140205
v 0.00429676 -0.00633025 -0.00140205
v 0.00502846 -0.00576618 -0.00140205
v 0.00568683 -0.00511803 -0.00140205
v 0.00626228 -0.00439524 -0.00140205
v 0.0067464 -0.00360836 -0.00140205
v 0.00713216 -0.00276886 -0.00140205
v 0.0074139 -0.00188899 -0.00140205
v 0.00758754 -0.00098157 -0.00140205
v 0.00765053 -5.983E-05 -0.00140205
v 0.00760196 0.00086277 -0.00140205
v 0.00744254 0.0017728 -0.00140205
v 0.00717459 0.00265697 -0.00140205
v 0.00680202 0.0035024 -0.00140205
v 0.00633025 0.00429676 -0.00140205
v 0.00559677 0.00488072 -0.00231403
v 0.00496766 0.00551975 -0.00231403
v 0.00426611 0.00607829 -0.00231403
v 0.00350235 0.00654819 -0.00231403
v 0.00268751 0.00692261 -0.00231403
v 0.00183349 0.00719608 -0.00231403
v 0.00095273 0.00736462 -0.00231403
v 5.808E-05 0.00742576 -0.00231403
v -0.00083742 0.00737862 -0.00231403
v -0.00172071 0.00722388 -0.00231403
v -0.00257891 0.0069638 -0.00231403
v -0.0033995 0.00660217 -0.00231403
v -0.00417052 0.00614427 -0.00231403
v -0.00488072 0.00559677 -0.00231403
v -0.00551975 0.00496766 -0.00231403
v -0.00607829 0.00426611 -0.00231403
v -0.00654819 0.00350235 -0.00231403
v -0.00692261 0.00268751 -0.00231403
v -0.00719608 0.00183349 -0.00231403
v -0.00736462 0.00095273 -0.00231403
v -0.00742576 5.808E-05 -0.00231403
v -0.00737862 -0.00083742 -0.00231403
v -0.00722388 -0.00172071 -0.00231403
v -0.0069638 -0.00257891 -0.00231403
v -0.00660217 -0.0033995 -0.00231403
v -0.00614427 -0.00417052 -0.00231403
v -0.00559677 -0.00488072 -0.00231403
v -0.00496766 -0.00551975 -0.00231403
v -0.00426611 -0.00607829 -0.00231403
v -0.00350235 -0.00654819 -0.00231403
v -0.00268751 -0.00692261 -0.00231403
v -0.00183349 -0.00719608 -0.00231403
v -0.00095273 -0.00736462 -0.00231403
v -5.808E-05 -0.00742576 -0.00231403
v 0.00083742 -0.00737862 -0.00231403
v 0.00172071 -0.00722388 -0.00231403
v 0.00257891 -0.0069638 -0.00231403
v 0.0033995 -0.00660217 -0.00231403
v 0.00417052 -0.00614427 -0.00231403
v 0.00488072 -0.00559677 -0.00231403
v 0.00551975 -0.00496766 -0.00231403
v 0.00607829 -0.00426611 -0.00231403
v 0.00654819 -0.00350235 -0.00231403
v 0.00692261 -0.00268751 -0.00231403
v 0.00719608 -0.00183349 -0.00231403
v 0.00736462 -0.00095273 -0.00231403
v 0.00742576 -5.808E-05 -0.00231403
v 0.00737862 0.00083742 -0.00231403
v 0.00722388 0.00172071 -0.00231403
v 0.0069638 0.00257891 -0.00231403
v 0.00660217 0.0033995 -0.00231403
v 0.00614427 0.00417052 -0.00231403
v 0.00534575 0.00466181 -0.00319226
v 0.00474485 0.00527218 -0.00319226
v 0.00407476 0.00580567 -0.00319226
v 0.00334526 0.0062545 -0.00319226
v 0.00256697 0.00661212 -0.00319226
v 0.00175125 0.00687332 -0.00319226
v 0.00091 0.0070343 -0.00319226
v 5.547E-05 0.0070927 -0.00319226
v -0.00079986 0.00704767 -0.00319226
v -0.00164354 0.00689987 -0.00319226
v -0.00246324 0.00665146 -0.00319226
v -0.00324703 0.00630605 -0.00319226
v -0.00398346 0.00586869 -0.00319226
v -0.00466181 0.00534575 -0.00319226
v -0.00527218 0.00474485 -0.00319226
v -0.00580567 0.00407476 -0.00319226
v -0.0062545 0.00334526 -0.00319226
v -0.00661212 0.00256697 -0.00319226
v -0.00687332 0.00175125 -0.00319226
v -0.0070343 0.00091 -0.00319226
v -0.0070927 5.547E-05 -0.00319226
v -0.00704767 -0.00079986 -0.00319226
v -0.00689987 -0.00164354 -0.00319226
v -0.00665146 -0.00246324 -0.00319226
v -0.00630605 -0.00324703 -0.00319226
v -0.00586869 -0.00398346 -0.00319226
v -0.00534575 -0.00466181 -0.00319226
v -0.00474485 -0.00527218 -0.00319226
v -0.00407476 -0.00580567 -0.00319226
v -0.00334526 -0.0062545 -0.00319226
v -0.00256697 -0.00661212 -0.00319226
v -0.00175125 -0.00687332 -0.00319226
v -0.00091 -0.0070343 -0.00319226
v -5.547E-05 -0.0070927 -0.00319226
v 0.00079986 -0.00704767 -0.00319226
v 0.00164354 -0.00689987 -0.00319226
v 0.00246324 -0.00665146 -0.00319226
v 0.00324703 -0.00630605 -0.00319226
v 0.00398346 -0.00586869 -0.00319226
v 0.00466181 -0.00534575 -0.00319226
v 0.00527218 -0.00474485 -0.00319226
v 0.00580567 -0.00407476 -0.00319226
v 0.0062545 -0.00334526 -0.00319226
v 0.00661212 -0.00256697 -0.00319226
v 0.00687332 -0.00175125 -0.00319226
v 0.0070343 -0.00091 -0.00319226
v 0.0070927 -5.547E-05 -0.00319226
v 0.00704767 0.00079986 -0.00319226
v 0.00689987 0.00164354 -0.00319226
v 0.00665146 0.00246324 -0.00319226
v 0.00630605 0.00324703 -0.00319226
v 0.00586869 0.00398346 -0.00319226
v 0.00501677 0.00437492 -0.00402394
v 0.00445285 0.00494773 -0.00402394
v 0.003824 0.00544838 -0.00402394
v 0.00313939 0.00586959 -0.00402394
v 0.002409 0.00620521 -0.00402394
v 0.00164348 0.00645034 -0.00402394
v 0.000854 0.00660141 -0.00402394
v 5.206E-05 0.00665621 -0.00402394
v -0.00075064 0.00661396 -0.00402394
v -0.00154239 0.00647525 -0.00402394
v -0.00231165 0.00624213 -0.00402394
v -0.0030472 0.00591798 -0.00402394
v -0.00373832 0.00550753 -0.00402394
v -0.00437492 0.00501677 -0.00402394
v -0.00494773 0.00445285 -0.00402394
v -0.00544838 0.003824 -0.00402394
v -0.00586959 0.00313939 -0.00402394
v -0.00620521 0.002409 -0.00402394
v -0.00645034 0.00164348 -0.00402394
v -0.00660141 0.000854 -0.00402394
v -0.00665621 5.206E-05 -0.00402394
v -0.00661396 -0.00075064 -0.00402394
v -0.00647525 -0.00154239 -0.00402394
v -0.00624213 -0.00231165 -0.00402394
v -0.00591798 -0.0030472 -0.00402394
v -0.00550753 -0.00373832 -0.00402394
v -0.00501677 -0.00437492 -0.00402394
v -0.00445285 -0.00494773 -0.00402394
v -0.003824 -0.00544838 -0.00402394
v -0.00313939 -0.00586959 -0.00402394
v -0.002409 -0.00620521 -0.00402394
v -0.00164348 -0.00645034 -0.00402394
v -0.000854 -0.00660141 -0.00402394
v -5.206E-05 -0.00665621 -0.00402394
v 0.00075064 -0.00661396 -0.00402394
v 0.00154239 -0.00647525 -0.00402394
v 0.00231165 -0.00624213 -0.00402394
v 0.0030472 -0.00591798 -0.00402394
v 0.00373832 -0.00550753 -0.00402394
v 0.00437492 -0.00501677 -0.00402394
v 0.00494773 -0.00445285 -0.00402394
v 0.00544838 -0.003824 -0.00402394
v 0.00586959 -0.00313939 -0.00402394
v 0.00620521 -0.002409 -0.00402394
v 0.00645034 -0.00164348 -0.00402394
v 0.00660141 -0.000854 -0.00402394
v 0.00665621 -5.206E-05 -0.00402394
v 0.00661396 0.00075064 -0.00402394
v 0.00647525 0.00154239 -0.00402394
v 0.00624213 0.00231165 -0.00402394
v 0.00591798 0.0030472 -0.00402394
v 0.00550753 0.00373832 -0.00402394
v 0.00461463 0.00402424 -0.00479695
v 0.00409592 0.00455113 -0.00479695
v 0.00351748 0.00501165 -0.00479695
v 0.00288774 0.0053991 -0.00479695
v 0.0022159 0.00570781 -0.00479695
v 0.00151174 0.00593329 -0.00479695
v 0.00078554 0.00607225 -0.00479695
v 4.788E-05 0.00612266 -0.00479695
v -0.00069047 0.00608379 -0.00479695
v -0.00141876 0.00595621 -0.00479695
v -0.00212635 0.00574177 -0.00479695
v -0.00280294 0.0054436 -0.00479695
v -0.00343866 0.00506605 -0.00479695
v -0.00402424 0.00461463 -0.00479695
v -0.00455113 0.00409592 -0.00479695
v -0.00501165 0.00351748 -0.00479695
v -0.0053991 0.00288774 -0.00479695
v -0.00570781 0.0022159 -0.00479695
v -0.00593329 0.00151174 -0.00479695
v -0.00607225 0.00078554 -0.00479695
v -0.00612266 4.788E-05 -0.00479695
v -0.00608379 -0.00069047 -0.00479695
v -0.00595621 -0.00141876 -0.00479695
v -0.00574177 -0.00212635 -0.00479695
v -0.0054436 -0.00280294 -0.00479695
v -0.00506605 -0.00343866 -0.00479695
v -0.00461463 -0.00402424 -0.00479695
v -0.00409592 -0.00455113 -0.00479695
v -0.00351748 -0.00501165 -0.00479695
v -0.00288774 -0.0053991 -0.00479695
v -0.0022159 -0.00570781 -0.00479695
v -0.00151174 -0.00593329 -0.00479695
v -0.00078554 -0.00607225 -0.00479695
v -4.788E-05 -0.00612266 -0.00479695
v 0.00069047 -0.00608379 -0.00479695
v 0.00141876 -0.00595621 -0.00479695
v 0.00212635 -0.00574177 -0.00479695
v 0.00280294 -0.0054436 -0.00479695
v 0.00343866 -0.00506605 -0.00479695
v 0.00402424 -0.00461463 -0.00479695
v 0.00455113 -0.00409592 -0.00479695
v 0.00501165 -0.00351748 -0.00479695
v 0.0053991 -0.00288774 -0.00479695
v 0.00570781 -0.0022159 -0.00479695
v 0.00593329 -0.00151174 -0.00479695
v 0.00607225 -0.00078554 -0.00479695
v 0.00612266 -4.788E-05 -0.00479695
v 0.00608379 0.00069047 -0.00479695
v 0.00595621 0.00141876 -0.00479695
v 0.00574177 0.00212635 -0.00479695
v 0.0054436 0.00280294 -0.00479695
v 0.00506605 0.00343866 -0.00479695
v 0.00414521 0.00361487 -0.0055
v 0.00367926 0.00408816 -0.0055
v 0.00315966 0.00450184 -0.0055
v 0.00259399 0.00484987 -0.0055
v 0.00199049 0.00512718 -0.0055
v 0.00135796 0.00532972 -0.0055
v 0.00070563 0.00545455 -0.0055
v 4.301E-05 0.00549983 -0.0055
v -0.00062023 0.00546492 -0.0055
v -0.00127443 0.00535031 -0.0055
v -0.00191005 0.00515768 -0.0055
v -0.00251781 0.00488985 -0.0055
v -0.00308886 0.00455071 -0.0055
v -0.00361487 0.00414521 -0.0055
v -0.00408816 0.00367926 -0.0055
v -0.00450184 0.00315966 -0.0055
v -0.00484987 0.00259399 -0.0055
v -0.00512718 0.00199049 -0.0055
v -0.00532972 0.00135796 -0.0055
v -0.00545455 0.00070563 -0.0055
v -0.00549983 4.301E-05 -0.0055
v -0.00546492 -0.00062023 -0.0055
v -0.00535031 -0.00127443 -0.0055
v -0.00515768 -0.00191005 -0.0055
v -0.00488985 -0.00251781 -0.0055
v -0.00455071 -0.00308886 -0.0055
v -0.00414521 -0.00361487 -0.0055
v -0.00367926 -0.00408816 -0.0055
v -0.00315966 -0.00450184 -0.0055
v -0.00259399 -0.00484987 -0.0055
v -0.00199049 -0.00512718 -0.0055
v -0.00135796 -0.00532972 -0.0055
v -0.00070563 -0.00545455 -0.0055
v -4.301E-05 -0.00549983 -0.0055
v 0.00062023 -0.00546492 -0.0055
v 0.00127443 -0.00535031 -0.0055
v 0.00191005 -0.00515768 -0.0055
v 0.00251781 -0.00488985 -0.0055
v 0.00308886 -0.00455071 -0.0055
v 0.00361487 -0.00414521 -0.0055
v 0.00408816 -0.00367926 -0.0055
v 0.00450184 -0.00315966 -0.0055
v 0.00484987 -0.00259399 -0.0055
v 0.00512718 -0.00199049 -0.0055
v 0.00532972 -0.00135796 -0.0055
v 0.00545455 -0.00070563 -0.0055
v 0.00549983 -4.301E-05 -0.0055
v 0.00546492 0.00062023 -0.0055
v 0.00535031 0.00127443 -0.0055
v 0.00515768 0.00191005 -0.0055
v 0.00488985 0.00251781 -0.0055
v 0.00455071 0.00308886 -0.0055
v 0.00051319 0.00396694 -0.0055
v -0.00045108 0.00397448 -0.0055
v -0.00389113 -0.00092686 -0.0055
v -0.00355625 -0.00183114 -0.0055
v -0.00138913 0.00375104 -0.0055
v -0.00224644 0.00330961 -0.0055
v -0.00297321 0.00267582 -0.0055
v -0.00352718 0.00188653 -0.0055
v -0.0030147 -0.00262899 -0.0055
v -0.00229793 -0.00327406 -0.0055
v 0.00224644 -0.00330961 -0.0055
v 0.00297321 -0.00267582 -0.0055
v -0.00387616 0.00098761 -0.0055
v -0.00144763 -0.00372886 -0.0055
v 0.00045108 -0.00397448 -0.0055
v 0.00138913 -0.00375104 -0.0055
v 0.00352718 -0.00188653 -0.0055
v -0.00399988 3.128E-05 -0.0055
v -0.00051319 -0.00396694 -0.0055
v 0.00387616 -0.00098761 -0.0055
v 0.00399988 -3.128E-05 -0.0055
v 0.00355625 0.00183114 -0.0055
v 0.0030147 0.00262899 -0.0055
v 0.00389113 0.00092686 -0.0055
v 0.00229793 0.00327406 -0.0055
v 0.00144763 0.00372886 -0.0055
v 0.00224644 -0.00330961 0.0055
v 0.00297321 -0.00267582 0.0055
v 0.00352718 -0.00188653 0.0055
v 0.00387616 -0.00098761 0.0055
v 0.00399988 -3.128E-05 0.0055
v 0.00389113 0.00092686 0.0055
v 0.00355625 0.00183114 0.0055
v 0.0030147 0.00262899 0.0055
v 0.00229793 0.00327406 0.0055
v 0.00144763 0.00372886 0.0055
v 0.00051319 0.00396694 0.0055
v -0.00045108 0.00397448 0.0055
v -0.00138913 0.00375104 0.0055
v -0.00224644 0.00330961 0.0055
v -0.00297321 0.00267582 0.0055
v -0.00352718 0.00188653 0.0055
v -0.00387616 0.00098761 0.0055
v -0.00399988 3.128E-05 0.0055
v -0.00389113 -0.00092686 0.0055
v -0.00355625 -0.00183114 0.0055
v -0.0030147 -0.00262899 0.0055
v -0.00229793 -0.00327406 0.0055
v -0.00144763 -0.00372886 0.0055
v -0.00051319 -0.00396694 0.0055
v 0.00045108 -0.00397448 0.0055
v 0.00138913 -0.00375104 0.0055
v -0.00531953 0.00139735 -0.0114
v -0.00547698 0.00050273 -0.0114
v -0.00547698 0.00050273 -0.0055
v -0.00534345 -0.00130288 -0.0114
v -0.00534345 -0.00130288 -0.0055
v -0.00463089 -0.0029673 -0.0114
v -0.00463089 -0.0029673 -0.0055
v -0.00341649 -0.00431017 -0.0114
v -0.00341649 -0.00431017 -0.0055
v -0.00183186 -0.00518597 -0.0114
v -0.00183186 -0.00518597 -0.0055
v -4.873E-05 -0.00549978 -0.0114
v -4.873E-05 -0.00549978 -0.0055
v 0.00173969 -0.00521761 -0.0114
v 0.00173969 -0.00521761 -0.0055
v 0.00333959 -0.00437003 -0.0114
v 0.00333959 -0.00437003 -0.0055
v 0.00457758 -0.00304889 -0.0114
v 0.00457758 -0.00304889 -0.0055
v 0.00531953 -0.00139735 -0.0114
v 0.00531953 -0.00139735 -0.0055
v 0.00548502 0.00040561 -0.0114
v 0.00548502 0.00040561 -0.0055
v 0.00505613 0.00216462 -0.0114
v 0.00505613 0.00216462 -0.0055
v 0.00407932 0.00368905 -0.0114
v 0.00407932 0.00368905 -0.0055
v 0.00266046 0.00481372 -0.0114
v 0.00266046 0.00481372 -0.0055
v 0.0009533 0.00541675 -0.0114
v 0.0009533 0.00541675 -0.0055
v -0.00085717 0.00543279 -0.0114
v -0.00085717 0.00543279 -0.0055
v -0.00257475 0.00486011 -0.0114
v -0.00257475 0.00486011 -0.0055
v -0.00401332 0.00376075 -0.0114
v -0.00401332 0.00376075 -0.0055
v -0.00501698 0.00225386 -0.0114
v -0.00501698 0.00225386 -0.0055
v 0.00241941 0.00318535 -0.0055
v 0.00101626 0.00386875 -0.0055
v -0.00054161 0.00396316 -0.0055
v -0.00201702 0.00345422 -0.0055
v -0.00318535 0.00241941 -0.0055
v -0.00386875 0.00101626 -0.0055
v 0.00054161 -0.00396316 -0.0055
v 0.00201702 -0.00345422 -0.0055
v 0.00318535 -0.00241941 -0.0055
v 0.00386875 -0.00101626 -0.0055
v 0.00396316 0.00054161 -0.0055
v 0.00345422 0.00201702 -0.0055
v -0.00396316 -0.00054161 -0.0055
v -0.00345422 -0.00201702 -0.0055
v -0.00241941 -0.00318535 -0.0055
v -0.00101626 -0.00386875 -0.0055
v 0.00318535 -0.00241941 0.005
v 0.00201702 -0.00345422 0.005
v 0.00054161 -0.00396316 0.005
v -0.00101626 -0.00386875 0.005
v -0.00241941 -0.00318535 0.005
v -0.00345422 -0.00201702 0.005
v -0.00396316 -0.00054161 0.005
v -0.00386875 0.00101626 0.005
v -0.00318535 0.00241941 0.005
v -0.00201702 0.00345422 0.005
v -0.00054161 0.00396316 0.005
v 0.00101626 0.00386875 0.005
v 0.00241941 0.00318535 0.005
v 0.00345422 0.00201702 0.005
v 0.00396316 0.00054161 0.005
v 0.00386875 -0.00101626 0.005
v -0.00055349 0.00202575 0.0055
v -0.00176489 0.00302244 0.0055
v -0.00149221 0.0014776 0.0055
v -0.00278718 0.00211698 0.0055
v -0.00203109 0.00053353 0.0055
v -0.00338516 0.00088922 0.0055
v -0.00202575 -0.00055349 0.0055
v -0.00346777 -0.00047391 0.0055
v -0.0014776 -0.00149221 0.0055
v 0.00149221 -0.0014776 0.0055
v 0.00278718 -0.00211698 0.0055
v 0.00203109 -0.00053353 0.0055
v 0.00338516 -0.00088922 0.0055
v 0.00202575 0.00055349 0.0055
v 0.00346777 0.00047391 0.0055
v 0.00302244 0.00176489 0.0055
v 0.0014776 0.00149221 0.0055
v 0.00211698 0.00278718 0.0055
v 0.00053353 0.00203109 0.0055
v 0.00088922 0.00338516 0.0055
v -0.00047391 0.00346777 0.0055
v -0.00302244 -0.00176489 0.0055
v -0.00211698 -0.00278718 0.0055
v -0.00053353 -0.00203109 0.0055
v -0.00088922 -0.00338516 0.0055
v 0.00055349 -0.00202575 0.0055
v 0.00047391 -0.00346777 0.0055
v 0.00176489 -0.00302244 0.0055
v 0 -0 -0.00976181
v -0.00202575 -0.00055349 -0.0085
v -0.0014776 -0.00149221 -0.0085
v -0.00203109 0.00053353 -0.0085
v 0.00055349 -0.00202575 -0.0085
v 0.00149221 -0.0014776 -0.0085
v -0.00053353 -0.00203109 -0.0085
v 0.00202575 0.00055349 -0.0085
v 0.0014776 0.00149221 -0.0085
v 0.00203109 -0.00053353 -0.0085
v -0.00055349 0.00202575 -0.0085
v -0.00149221 0.0014776 -0.0085
v 0.00053353 0.00203109 -0.0085
v 0.0035569 0.01354062 -0.0119
v 0.0035569 0.01354062 -0.0115
v 0.00056291 0.01398868 -0.0119
v 0.00056291 0.01398868 -0.0115
v -0.00245741 0.01378264 -0.0119
v -0.00245741 0.01378264 -0.0115
v -0.00536281 0.01293214 -0.0119
v -0.00536281 0.01293214 -0.0115
v -0.00801746 0.01147695 -0.0119
v -0.00801746 0.01147695 -0.0115
v -0.01029722 0.00948511 -0.0119
v -0.01029722 0.00948511 -0.0115
v -0.0120955 0.00704975 -0.0119
v -0.0120955 0.00704975 -0.0115
v -0.0133282 0.00428476 -0.0119
v -0.0133282 0.00428476 -0.0115
v -0.01393769 0.00131941 -0.0119
v -0.01393769 0.00131941 -0.0115
v -0.01389547 -0.00170763 -0.0119
v -0.01389547 -0.00170763 -0.0115
v -0.01320351 -0.00465482 -0.0119
v -0.01320351 -0.00465482 -0.0115
v -0.01189417 -0.00738435 -0.0119
v -0.01189417 -0.00738435 -0.0115
v -0.01002867 -0.00976861 -0.0119
v -0.01002867 -0.00976861 -0.0115
v -0.00769425 -0.01169609 -0.0119
v -0.00769425 -0.01169609 -0.0115
v -0.00500005 -0.01307668 -0.0119
v -0.00500005 -0.01307668 -0.0115
v -0.00207205 -0.01384582 -0.0119
v -0.00207205 -0.01384582 -0.0115
v 0.00095284 -0.01396754 -0.0119
v 0.00095284 -0.01396754 -0.0115
v 0.00393317 -0.01343615 -0.0119
v 0.00393317 -0.01343615 -0.0115
v 0.00672959 -0.01227651 -0.0119
v 0.00672959 -0.01227651 -0.0115
v 0.00921134 -0.01054283 -0.0119
v 0.00921134 -0.01054283 -0.0115
v 0.01126238 -0.00831618 -0.0119
v 0.01126238 -0.00831618 -0.0115
v 0.0127868 -0.00570067 -0.0119
v 0.0127868 -0.00570067 -0.0115
v 0.01371333 -0.00281861 -0.0119
v 0.01371333 -0.00281861 -0.0115
v 0.01399864 0.00019525 -0.0119
v 0.01399864 0.00019525 -0.0115
v 0.01362939 0.00319998 -0.0119
v 0.01362939 0.00319998 -0.0115
v 0.01262284 0.00605508 -0.0119
v 0.01262284 0.00605508 -0.0115
v 0.01102606 0.00862705 -0.0119
v 0.01102606 0.00862705 -0.0115
v 0.00891371 0.01079563 -0.0119
v 0.00891371 0.01079563 -0.0115
v 0.00638457 0.01245942 -0.0119
v 0.00638457 0.01245942 -0.0115
v 0.00598366 0.00044248 -0.0119
v 0.00551578 0.0023614 -0.0119
v 0.00445017 0.00402442 -0.0119
v 0.00499373 -0.00332606 -0.0119
v 0.00580312 -0.00152439 -0.0119
v -0.00280882 0.00530194 -0.0119
v -0.00437817 0.00410264 -0.0119
v -0.00547307 0.00245876 -0.0119
v 0.00290232 0.00525134 -0.0119
v 0.00152439 0.00580312 -0.0119
v 0.00103996 0.00590919 -0.0119
v -0.0009351 0.00592668 -0.0119
v 0.00189784 -0.00569194 -0.0119
v 0.00364318 -0.00476731 -0.0119
v -0.0019984 -0.00565742 -0.0119
v -5.316E-05 -0.00599976 -0.0119
v -0.00597488 0.00054843 -0.0119
v -0.00582922 -0.00142133 -0.0119
v -0.00505188 -0.00323706 -0.0119
v -0.00372708 -0.00470201 -0.0119
v 0.00857232 -0.01468044 -0.01423819
v 0.00709472 -0.01617265 -0.0155
v 0.00654658 -0.01523393 -0.0155
v 0.00803879 -0.01671153 -0.0155
v 0.00708011 -0.01320284 -0.0155
v 0.00801883 -0.01265469 -0.0155
v 0.00654123 -0.0141469 -0.0155
v 0.01004992 -0.01318823 -0.0155
v 0.01059807 -0.01412695 -0.0155
v 0.00910586 -0.01264935 -0.0155
v 0.01006453 -0.01615804 -0.0155
v 0.00912581 -0.01670619 -0.0155
v 0.01060342 -0.01521397 -0.0155
v -0.00857232 0.01468044 -0.01423819
v -0.01004992 0.01318823 -0.0155
v -0.01059807 0.01412695 -0.0155
v -0.00910586 0.01264935 -0.0155
v -0.01006453 0.01615804 -0.0155
v -0.00912581 0.01670619 -0.0155
v -0.01060342 0.01521397 -0.0155
v -0.00709472 0.01617265 -0.0155
v -0.00654658 0.01523393 -0.0155
v -0.00803879 0.01671153 -0.0155
v -0.00708011 0.01320284 -0.0155
v -0.00801883 0.01265469 -0.0155
v -0.00654123 0.0141469 -0.0155
v 0.01468044 0.00857232 -0.01423819
v 0.01320284 0.00708011 -0.0155
v 0.01265469 0.00801883 -0.0155
v 0.0141469 0.00654123 -0.0155
v 0.01318823 0.01004992 -0.0155
v 0.01412695 0.01059807 -0.0155
v 0.01264935 0.00910586 -0.0155
v 0.01615804 0.01006453 -0.0155
v 0.01670619 0.00912581 -0.0155
v 0.01521397 0.01060342 -0.0155
v 0.01617265 0.00709472 -0.0155
v 0.01523393 0.00654658 -0.0155
v 0.01671153 0.00803879 -0.0155
v -0.01468044 -0.00857232 -0.01423819
v -0.01615804 -0.01006453 -0.0155
v -0.01670619 -0.00912581 -0.0155
v -0.01521397 -0.01060342 -0.0155
v -0.01617265 -0.00709472 -0.0155
v -0.01523393 -0.00654658 -0.0155
v -0.01671153 -0.00803879 -0.0155
v -0.01320284 -0.00708011 -0.0155
v -0.01265469 -0.00801883 -0.0155
v -0.0141469 -0.00654123 -0.0155
v -0.01318823 -0.01004992 -0.0155
v -0.01412695 -0.01059807 -0.0155
v -0.01264935 -0.00910586 -0.0155
v -0.01125506 -0.01063794 -0.016
v -0.01125506 -0.01063794 -0.0213
v -0.01094269 -0.00999683 -0.016
v -0.01074913 -0.00931044 -0.0213
v -0.01074913 -0.00931044 -0.016
v -0.01068054 -0.00860058 -0.016
v -0.01073909 -0.00788983 -0.0213
v -0.01073909 -0.00788983 -0.016
v -0.01092294 -0.00720077 -0.016
v -0.01122622 -0.00655531 -0.0213
v -0.01122622 -0.00655531 -0.016
v -0.0116393 -0.00597396 -0.016
v -0.01214906 -0.00547521 -0.0213
v -0.01214906 -0.00547521 -0.016
v -0.01273928 -0.00507491 -0.016
v -0.0133912 -0.00478578 -0.0213
v -0.0133912 -0.00478578 -0.016
v -0.01408411 -0.00461702 -0.016
v -0.01479597 -0.00457399 -0.0213
v -0.01479597 -0.00457399 -0.016
v -0.01623348 -0.00461553 -0.0213
v -0.01623348 -0.00461553 -0.016
v -0.01063794 0.01125506 -0.0213
v -0.01063794 0.01125506 -0.016
v -0.01186946 0.01199771 -0.0213
v -0.01186946 0.01199771 -0.016
v -0.00999683 0.01094269 -0.016
v -0.00931044 0.01074913 -0.0213
v -0.00931044 0.01074913 -0.016
v -0.00860058 0.01068054 -0.016
v -0.00788983 0.01073909 -0.0213
v -0.00788983 0.01073909 -0.016
v -0.00720077 0.01092294 -0.016
v -0.00655531 0.01122622 -0.0213
v -0.00655531 0.01122622 -0.016
v -0.00597396 0.0116393 -0.016
v -0.00547521 0.01214906 -0.0213
v -0.00547521 0.01214906 -0.016
v -0.00507491 0.01273928 -0.016
v -0.00478578 0.0133912 -0.0213
v -0.00478578 0.0133912 -0.016
v -0.00461702 0.01408411 -0.016
v -0.00457399 0.01479597 -0.0213
v -0.00457399 0.01479597 -0.016
v -0.00461553 0.01623348 -0.0213
v -0.00461553 0.01623348 -0.016
v -0.0029335 0.01826594 -0.016
v -0.0029335 0.01826594 -0.0213
v -0.00140494 0.01844658 -0.016
v 0.00013335 0.01849952 -0.0213
v 0.00013335 0.01849952 -0.016
v 0.00167072 0.0184244 -0.016
v 0.00319652 0.01822175 -0.0213
v 0.00319652 0.01822175 -0.016
v 0.00470019 0.01789297 -0.016
v 0.00617132 0.01744032 -0.0213
v 0.00617132 0.01744032 -0.016
v 0.00759974 0.01686695 -0.016
v 0.00897555 0.01617682 -0.0213
v 0.00897555 0.01617682 -0.016
v 0.01028923 0.01537471 -0.016
v 0.01153169 0.01446618 -0.0213
v 0.01153169 0.01446618 -0.016
v 0.01125506 0.01063794 -0.0213
v 0.01125506 0.01063794 -0.016
v 0.01199771 0.01186946 -0.0213
v 0.01199771 0.01186946 -0.016
v 0.01094269 0.00999683 -0.016
v 0.01074913 0.00931044 -0.0213
v 0.01074913 0.00931044 -0.016
v 0.01068054 0.00860058 -0.016
v 0.01073909 0.00788983 -0.0213
v 0.01073909 0.00788983 -0.016
v 0.01092294 0.00720077 -0.016
v 0.01122622 0.00655531 -0.0213
v 0.01122622 0.00655531 -0.016
v 0.0116393 0.00597396 -0.016
v 0.01214906 0.00547521 -0.0213
v 0.01214906 0.00547521 -0.016
v 0.01273928 0.00507491 -0.016
v 0.0133912 0.00478578 -0.0213
v 0.0133912 0.00478578 -0.016
v 0.01408411 0.00461702 -0.016
v 0.01479597 0.00457399 -0.0213
v 0.01479597 0.00457399 -0.016
v 0.01623348 0.00461553 -0.0213
v 0.01623348 0.00461553 -0.016
v 0.01826594 0.0029335 -0.016
v 0.01826594 0.0029335 -0.0213
v 0.01844658 0.00140494 -0.016
v 0.01849952 -0.00013335 -0.0213
v 0.01849952 -0.00013335 -0.016
v 0.0184244 -0.00167072 -0.016
v 0.01822175 -0.00319652 -0.0213
v 0.01822175 -0.00319652 -0.016
v 0.01789297 -0.00470019 -0.016
v 0.01744032 -0.00617132 -0.0213
v 0.01744032 -0.00617132 -0.016
v 0.01686695 -0.00759974 -0.016
v 0.01617682 -0.00897555 -0.0213
v 0.01617682 -0.00897555 -0.016
v 0.01537471 -0.01028923 -0.016
v 0.01446618 -0.01153169 -0.0213
v 0.01446618 -0.01153169 -0.016
v 0.01063794 -0.01125506 -0.0213
v 0.01063794 -0.01125506 -0.016
v 0.01186946 -0.01199771 -0.0213
v 0.01186946 -0.01199771 -0.016
v 0.00999683 -0.01094269 -0.016
v 0.00931044 -0.01074913 -0.0213
v 0.00931044 -0.01074913 -0.016
v 0.00860058 -0.01068054 -0.016
v 0.00788983 -0.01073909 -0.0213
v 0.00788983 -0.01073909 -0.016
v 0.00720077 -0.01092294 -0.016
v 0.00655531 -0.01122622 -0.0213
v 0.00655531 -0.01122622 -0.016
v 0.00597396 -0.0116393 -0.016
v 0.00547521 -0.01214906 -0.0213
v 0.00547521 -0.01214906 -0.016
v 0.00507491 -0.01273928 -0.016
v 0.00478578 -0.0133912 -0.0213
v 0.00478578 -0.0133912 -0.016
v 0.00461702 -0.01408411 -0.016
v 0.00457399 -0.01479597 -0.0213
v 0.00457399 -0.01479597 -0.016
v 0.00461553 -0.01623348 -0.0213
v 0.00461553 -0.01623348 -0.016
v 0.0029335 -0.01826594 -0.016
v 0.0029335 -0.01826594 -0.0213
v 0.00140494 -0.01844658 -0.016
v -0.00013335 -0.01849952 -0.0213
v -0.00013335 -0.01849952 -0.016
v -0.00167072 -0.0184244 -0.016
v -0.00319652 -0.01822175 -0.0213
v -0.00319652 -0.01822175 -0.016
v -0.00470019 -0.01789297 -0.016
v -0.00617132 -0.01744032 -0.0213
v -0.00617132 -0.01744032 -0.016
v -0.00759974 -0.01686695 -0.016
v -0.00897555 -0.01617682 -0.0213
v -0.00897555 -0.01617682 -0.016
v -0.01028923 -0.01537471 -0.016
v -0.01153169 -0.01446618 -0.0213
v -0.01153169 -0.01446618 -0.016
v -0.01199771 -0.01186946 -0.0213
v -0.01199771 -0.01186946 -0.016
v 0.00803879 -0.01671153 -0.0215
v 0.00709472 -0.01617265 -0.0215
v 0.00654658 -0.01523393 -0.0215
v 0.00654123 -0.0141469 -0.0215
v 0.00708011 -0.01320284 -0.0215
v 0.00801883 -0.01265469 -0.0215
v 0.00910586 -0.01264935 -0.0215
v 0.01004992 -0.01318823 -0.0215
v 0.01059807 -0.01412695 -0.0215
v 0.01060342 -0.01521397 -0.0215
v 0.01006453 -0.01615804 -0.0215
v 0.00912581 -0.01670619 -0.0215
v -0.00910586 0.01264935 -0.0215
v -0.01004992 0.01318823 -0.0215
v -0.01059807 0.01412695 -0.0215
v -0.01060342 0.01521397 -0.0215
v -0.01006453 0.01615804 -0.0215
v -0.00912581 0.01670619 -0.0215
v -0.00803879 0.01671153 -0.0215
v -0.00709472 0.01617265 -0.0215
v -0.00654658 0.01523393 -0.0215
v -0.00654123 0.0141469 -0.0215
v -0.00708011 0.01320284 -0.0215
v -0.00801883 0.01265469 -0.0215
v 0.0141469 0.00654123 -0.0215
v 0.01320284 0.00708011 -0.0215
v 0.01265469 0.00801883 -0.0215
v 0.01264935 0.00910586 -0.0215
v 0.01318823 0.01004992 -0.0215
v 0.01412695 0.01059807 -0.0215
v 0.01521397 0.01060342 -0.0215
v 0.01615804 0.01006453 -0.0215
v 0.01670619 0.00912581 -0.0215
v 0.01671153 0.00803879 -0.0215
v 0.01617265 0.00709472 -0.0215
v 0.01523393 0.00654658 -0.0215
v -0.01521397 -0.01060342 -0.0215
v -0.01615804 -0.01006453 -0.0215
v -0.01670619 -0.00912581 -0.0215
v -0.01671153 -0.00803879 -0.0215
v -0.01617265 -0.00709472 -0.0215
v -0.01523393 -0.00654658 -0.0215
v -0.0141469 -0.00654123 -0.0215
v -0.01320284 -0.00708011 -0.0215
v -0.01265469 -0.00801883 -0.0215
v -0.01264935 -0.00910586 -0.0215
v -0.01318823 -0.01004992 -0.0215
v -0.01412695 -0.01059807 -0.0215
v -0.01830208 0.00269885 -0.016
v -0.01848064 0.00084602 -0.016
v -0.01849952 0.00013335 -0.0213
v -0.01802349 0.00417178 -0.01752825
v -0.01813089 0.00367706 -0.01731865
v -0.01822175 0.00319652 -0.0213
v -0.01822175 0.00319652 -0.01693003
v -0.01826835 0.00291844 -0.01655
v -0.01744032 0.00617132 -0.0213
v -0.01759736 0.00570816 -0.01731865
v -0.01774708 0.00522411 -0.01752837
v -0.01789297 0.00470019 -0.0176
v -0.01676901 0.00781346 -0.016
v -0.0172657 0.00664422 -0.016
v -0.01734424 0.0064364 -0.01655
v -0.01617682 0.00897555 -0.016
v -0.01617682 0.00897555 -0.0213
v -0.01744032 0.00617132 -0.01693003
v -0.01826594 -0.0029335 -0.016
v -0.01826594 -0.0029335 -0.0213
v -0.01847022 -0.00104924 -0.016
v -0.01849952 0.00013335 -0.016
v -0.01537471 0.01028923 -0.016
v -0.01446618 0.01153169 -0.0213
v -0.01446618 0.01153169 -0.016
v -0.01798117 0.00082316 -0.0155
v -0.01782402 0.00251083 -0.0155
v -0.01262338 0.00114471 -0.0155
v -0.01125916 -0.00564916 -0.0155
v -0.01079444 -0.00630318 -0.0155
v -0.01045325 -0.00702932 -0.0155
v -0.01086944 0.00285522 -0.0155
v -0.01155631 0.0052069 -0.0155
v 0.01024643 0.00780451 -0.0155
v -0.01089614 0.01082689 -0.0155
v -0.01017489 0.01047547 -0.0155
v -0.0094027 0.01025772 -0.0155
v -0.01183263 -0.00508807 -0.0155
v -0.01249663 -0.00463773 -0.0155
v -0.01323005 -0.00431247 -0.0155
v -0.01797103 -0.00102088 -0.0155
v 0.00702932 -0.01045325 -0.0155
v 0.00780451 -0.01024643 -0.0155
v 0.00860411 -0.01018055 -0.0155
v 0.0040742 -0.01481041 -0.0155
v -0.01001114 -0.01495918 -0.0155
v 0.00412261 -0.01400957 -0.0155
v -0.01122002 -0.0140752 -0.0155
v -0.0114721 -0.01381924 -0.0155
v -0.0040742 0.01481041 -0.0155
v -0.00411574 0.01624792 -0.0155
v 0.01047547 0.01017489 -0.0155
v -0.01675695 0.00657302 -0.0155
v -0.0163158 0.00760229 -0.0155
v -0.01573961 0.00873297 -0.0155
v 0.0094027 -0.01025772 -0.0155
v 0.01740937 -0.00457316 -0.0155
v 0.01017489 -0.01047547 -0.0155
v -0.00600453 -0.01696896 -0.0155
v -0.00739434 -0.01641108 -0.0155
v -0.00873297 -0.01573961 -0.0155
v 0.00012975 0.01799953 -0.0155
v 0.00162556 0.01792645 -0.0155
v 0.01082689 0.01089614 -0.0155
v 0.01045325 0.00702932 -0.0155
v 0.01079444 0.00630318 -0.0155
v 0.01125916 0.00564916 -0.0155
v 0.01183263 0.00508807 -0.0155
v 0.01249663 0.00463773 -0.0155
v 0.01323005 0.00431247 -0.0155
v -0.00860411 0.01018055 -0.0155
v -0.00780451 0.01024643 -0.0155
v -0.00702932 0.01045325 -0.0155
v -0.01156953 -0.01212766 -0.0155
v -0.01171688 -0.0124553 -0.0155
v -0.01178209 -0.01280858 -0.0155
v 0.00600453 0.01696896 -0.0155
v 0.00739434 0.01641108 -0.0155
v -0.00285421 0.01777227 -0.0155
v -0.00136696 0.01794802 -0.0155
v -0.00630318 0.01079444 -0.0155
v -0.00564916 0.01125916 -0.0155
v -0.00508807 0.01183263 -0.0155
v 0.01018055 0.00860411 -0.0155
v 0.01025772 0.0094027 -0.0155
v -0.01400957 -0.00412261 -0.0155
v -0.01481041 -0.0040742 -0.0155
v -0.01624792 -0.00411574 -0.0155
v -0.01165608 -0.01351068 -0.0155
v -0.01176143 -0.01316723 -0.0155
v -0.00162556 -0.01792645 -0.0155
v -0.00311012 -0.01772927 -0.0155
v -0.00457316 -0.01740937 -0.0155
v -0.00463773 0.01249663 -0.0155
v -0.00431247 0.01323005 -0.0155
v -0.00412261 0.01400957 -0.0155
v -0.01082689 -0.01089614 -0.0155
v -0.01047547 -0.01017489 -0.0155
v 0.00431247 -0.01323005 -0.0155
v -0.01025772 -0.0094027 -0.0155
v 0.00463773 -0.01249663 -0.0155
v -0.01018055 -0.00860411 -0.0155
v 0.00630318 -0.01079444 -0.0155
v 0.00564916 -0.01125916 -0.0155
v 0.00508807 -0.01183263 -0.0155
v -0.01024643 -0.00780451 -0.0155
v 0.00319954 -0.01767324 -0.0155
v 0.00285421 -0.01777227 -0.0155
v 0.00411574 -0.01624792 -0.0155
v 0.00136696 -0.01794802 -0.0155
v -0.00012975 -0.01799953 -0.0155
v 0.00873297 0.01573961 -0.0155
v 0.01001114 0.01495918 -0.0155
v 0.01156953 0.01212766 -0.0155
v -0.01495918 0.01001114 -0.0155
v -0.0140752 0.01122002 -0.0155
v -0.01381924 0.0114721 -0.0155
v 0.01089614 -0.01082689 -0.0155
v 0.01696896 -0.00600453 -0.0155
v 0.01641108 -0.00739434 -0.0155
v 0.00396621 -0.0169454 -0.0155
v 0.00377196 -0.01724759 -0.0155
v 0.00351142 -0.01749494 -0.0155
v 0.00311012 0.01772927 -0.0155
v 0.00457316 0.01740937 -0.0155
v -0.00408304 0.01660568 -0.0155
v -0.00396621 0.0169454 -0.0155
v -0.00377196 0.01724759 -0.0155
v -0.00351142 0.01749494 -0.0155
v -0.00319954 0.01767324 -0.0155
v 0.01624792 0.00411574 -0.0155
v 0.01794802 0.00136696 -0.0155
v 0.01481041 0.0040742 -0.0155
v 0.01799953 -0.00012975 -0.0155
v 0.01792645 -0.00162556 -0.0155
v 0.01400957 0.00412261 -0.0155
v 0.01772927 -0.00311012 -0.0155
v -0.01660568 -0.00408304 -0.0155
v -0.01767324 -0.00319954 -0.0155
v -0.01777227 -0.00285421 -0.0155
v -0.0169454 -0.00396621 -0.0155
v -0.01724759 -0.00377196 -0.0155
v -0.01749494 -0.00351142 -0.0155
v 0.01573961 -0.00873297 -0.0155
v 0.01495918 -0.01001114 -0.0155
v 0.01212766 -0.01156953 -0.0155
v 0.0140752 -0.01122002 -0.0155
v -0.01280858 0.01178209 -0.0155
v -0.0124553 0.01171688 -0.0155
v -0.01212766 0.01156953 -0.0155
v 0.00408304 -0.01660568 -0.0155
v -0.01351068 0.01165608 -0.0155
v -0.01316723 0.01176143 -0.0155
v 0.01351068 -0.01165608 -0.0155
v 0.01316723 -0.01176143 -0.0155
v 0.01280858 -0.01178209 -0.0155
v 0.01176143 0.01316723 -0.0155
v 0.01178209 0.01280858 -0.0155
v 0.01165608 0.01351068 -0.0155
v 0.0114721 0.01381924 -0.0155
v 0.01122002 0.0140752 -0.0155
v 0.01171688 0.0124553 -0.0155
v 0.01381924 -0.0114721 -0.0155
v 0.0124553 -0.01171688 -0.0155
v 0.01660568 0.00408304 -0.0155
v 0.0169454 0.00396621 -0.0155
v 0.01724759 0.00377196 -0.0155
v 0.01749494 0.00351142 -0.0155
v 0.01767324 0.00319954 -0.0155
v 0.01777227 0.00285421 -0.0155
v -0.01235661 0.00216026 -0.01368135
v -0.01208984 0.0031758 -0.0134
v -0.0125519 0.00141682 -0.01445
v -0.01162779 0.00493478 -0.01445
v -0.01182307 0.00419135 -0.01368135
v 0.01083359 -0.01949162 -0.0215
v 0.01397186 -0.01738037 -0.0215
v 0.00392911 -0.01805666 -0.0215
v 0.00459614 -0.01725067 -0.0215
v 0.00296521 -0.01846341 -0.0215
v -4.809E-05 -0.02229995 -0.0215
v 0.00372132 -0.02198731 -0.0215
v 0.00738366 -0.02104214 -0.0215
v 0.01670818 -0.01476911 -0.0215
v 0.01896385 -0.01173297 -0.0215
v 0.01379461 -0.01229592 -0.0215
v 0.01053466 -0.01142633 -0.0215
v 0.01176617 -0.01216897 -0.0215
v 0.01276486 -0.01248072 -0.0215
v 0.00665616 -0.01139893 -0.0215
v 0.00792395 -0.01093616 -0.0215
v 0.00927353 -0.0109457 -0.0215
v 0.00481544 -0.0162277 -0.0215
v 0.00477391 -0.0147902 -0.0215
v 0.00497511 -0.01345566 -0.0215
v 0.00563007 -0.01227563 -0.0215
v 0.01805666 0.00392911 -0.0215
v 0.01725067 0.00459614 -0.0215
v 0.01142633 0.01053466 -0.0215
v 0.01216897 0.01176617 -0.0215
v 0.02227782 -0.00099448 -0.0215
v 0.01846341 0.00296521 -0.0215
v 0.01252725 0.01844879 -0.0215
v 0.01546492 0.01606631 -0.0215
v 0.01795769 0.01322163 -0.0215
v 0.01993385 0.00999658 -0.0215
v 0.02133655 0.00648396 -0.0215
v 0.02212544 0.0027848 -0.0215
v 0.01139893 0.00665616 -0.0215
v 0.01093616 0.00792395 -0.0215
v 0.0109457 0.00927353 -0.0215
v 0.0162277 0.00481544 -0.0215
v 0.0147902 0.00477391 -0.0215
v 0.01345566 0.00497511 -0.0215
v 0.01227563 0.00563007 -0.0215
v 0.01248072 0.01276486 -0.0215
v 0.01229592 0.01379461 -0.0215
v 0.01165635 0.01462257 -0.0215
v 0.00922919 0.02030054 -0.0215
v 0.01462257 -0.01165635 -0.0215
v 0.01635171 -0.00907258 -0.0215
v 0.02067395 -0.0083593 -0.0215
v 0.01762886 -0.00623804 -0.0215
v 0.02156763 -0.00566811 -0.0215
v 0.0180864 -0.004751 -0.0215
v 0.0217893 -0.00474514 -0.0215
v 0.01841874 -0.00323107 -0.0215
v 0.01869952 -0.00013479 -0.0215
v -0.00392911 0.01805666 -0.0215
v -0.00459614 0.01725067 -0.0215
v -0.01053466 0.01142633 -0.0215
v -0.01176617 0.01216897 -0.0215
v -0.01276486 0.01248072 -0.0215
v -0.01379461 0.01229592 -0.0215
v -0.00665616 0.01139893 -0.0215
v -0.00792395 0.01093616 -0.0215
v -0.00927353 0.0109457 -0.0215
v -0.00296521 0.01846341 -0.0215
v -0.00184326 0.02222369 -0.0215
v 0.00013479 0.01869952 -0.0215
v 0.00193908 0.02221553 -0.0215
v -0.00557256 0.02159251 -0.0215
v -0.00914156 0.02034015 -0.0215
v -0.01244757 0.01850265 -0.0215
v -0.01539548 0.01613286 -0.0215
v -0.0179005 0.01329895 -0.0215
v -0.01989055 0.01008246 -0.0215
v -0.00481544 0.0162277 -0.0215
v -0.00477391 0.0147902 -0.0215
v -0.00497511 0.01345566 -0.0215
v -0.00563007 0.01227563 -0.0215
v 0.00907258 0.01635171 -0.0215
v 0.00623804 0.01762886 -0.0215
v 0.00566563 0.02156828 -0.0215
v 0.004751 0.0180864 -0.0215
v 0.00323107 0.01841874 -0.0215
v -0.01139893 -0.00665616 -0.0215
v -0.01093616 -0.00792395 -0.0215
v -0.01805666 -0.00392911 -0.0215
v -0.01725067 -0.00459614 -0.0215
v -0.01229592 -0.01379461 -0.0215
v -0.01091755 -0.01944472 -0.0215
v -0.01404669 -0.01731995 -0.0215
v -0.01677172 -0.01469692 -0.0215
v -0.01901427 -0.01165108 -0.0215
v -0.02070981 -0.00827006 -0.0215
v -0.0222819 -0.00089839 -0.0215
v -0.01846341 -0.00296521 -0.0215
v -0.02180956 -0.00465113 -0.0215
v -0.0109457 -0.00927353 -0.0215
v -0.01142633 -0.01053466 -0.0215
v -0.01216897 -0.01176617 -0.0215
v -0.01248072 -0.01276486 -0.0215
v -0.0162277 -0.00481544 -0.0215
v -0.0147902 -0.00477391 -0.0215
v -0.01345566 -0.00497511 -0.0215
v -0.01227563 -0.00563007 -0.0215
v -0.01165635 -0.01462257 -0.0215
v -0.00907258 -0.01635171 -0.0215
v -0.00747434 -0.0210101 -0.0215
v -0.00623804 -0.01762886 -0.0215
v -0.00566563 -0.02156828 -0.0215
v -0.004751 -0.0180864 -0.0215
v -0.0038161 -0.02197106 -0.0215
v -0.00323107 -0.01841874 -0.0215
v -0.00013479 -0.01869952 -0.0215
v -0.01462257 0.01165635 -0.0215
v -0.01635171 0.00907258 -0.0215
v -0.02130839 0.00657591 -0.0215
v -0.01762886 0.00623804 -0.0215
v -0.02156893 0.00566315 -0.0215
v -0.0180864 0.004751 -0.0215
v -0.02211322 0.00288019 -0.0215
v -0.01841874 0.00323107 -0.0215
v -0.01869952 0.00013479 -0.0215
v -0.01721591 0.0066697 -0.01581059
v -0.02113319 0.00772258 -0.0155
v -0.0211578 0.00765489 -0.01604418
v -0.02122846 0.00745672 -0.01655
v -0.02133693 0.00714041 -0.01698469
v -0.0171841 0.00666977 -0.01575015
v -0.01710465 0.00665895 -0.01564803
v -0.01700081 0.00663597 -0.015567
v -0.01694477 0.00662199 -0.01553864
v -0.02115777 0.00765499 -0.01495625
v -0.02122846 0.00745672 -0.01445
v -0.02133701 0.00714017 -0.01401507
v -0.02147123 0.00672578 -0.01368136
v -0.02163162 0.00619057 -0.01345836
v -0.02149949 0.00663489 -0.01362968
v -0.02189359 0.00518852 -0.01347171
v -0.02176172 0.00571644 -0.0134
v -0.0220915 0.004268 -0.01401486
v -0.02200477 0.00469467 -0.01368135
v -0.01801125 0.00256038 -0.01553847
v -0.02220026 0.0036604 -0.0155
v -0.02218848 0.00373116 -0.01495693
v -0.02215257 0.00393876 -0.01445
v -0.01816881 0.00260678 -0.01564776
v -0.01827109 0.00265208 -0.01581017
v -0.02147124 0.00672576 -0.01731865
v -0.02149815 0.00663923 -0.017368
v -0.02163194 0.00618946 -0.01754192
v -0.02176172 0.00571644 -0.0176
v -0.02189395 0.00518701 -0.01752787
v -0.02200477 0.00469467 -0.01731865
v -0.02209149 0.00426803 -0.01698518
v -0.02215257 0.00393876 -0.01655
v -0.02218847 0.00373118 -0.01604312
v -0.02231155 0.00290602 -0.0117
v -0.02198472 0.0047877 -0.0117
v -0.02149949 0.00663489 -0.0117
v -0.02231155 0.00290602 -0.0213
v -0.02149949 0.00663489 -0.0213
v -0.02006894 0.01017288 -0.0213
v -0.02006894 0.01017288 -0.0117
v -0.02085936 0.00843427 -0.0117
v 0.00931197 0.02048261 -0.0213
v 0.00571644 0.02176172 -0.0213
v 0.00754137 0.02119853 -0.0117
v 0.00931197 0.02048261 -0.0117
v 0.01101547 0.01961911 -0.0117
v 0.0126396 0.01861425 -0.0213
v 0.0126396 0.01861425 -0.0117
v 0.01417266 0.01747528 -0.0117
v 0.01560361 0.0162104 -0.0213
v 0.01560361 0.0162104 -0.0117
v 0.01692214 0.01482873 -0.0117
v 0.01811874 0.01334021 -0.0213
v 0.01811874 0.01334021 -0.0117
v 0.0191848 0.01175557 -0.0117
v 0.02011263 0.01008624 -0.0213
v 0.02011263 0.01008624 -0.0117
v 0.02089554 0.00834423 -0.0117
v 0.02152791 0.00654211 -0.0213
v 0.02152791 0.00654211 -0.0117
v 0.02200516 0.00469284 -0.0117
v 0.02232387 0.00280977 -0.0213
v 0.02232387 0.00280977 -0.0117
v 0.02248173 0.00090645 -0.0117
v 0.02247762 -0.0010034 -0.0213
v 0.02247762 -0.0010034 -0.0117
v 0.02231155 -0.00290602 -0.0117
v 0.02198472 -0.0047877 -0.0213
v 0.02198472 -0.0047877 -0.0117
v 0.02149949 -0.00663489 -0.0117
v 0.02085936 -0.00843427 -0.0213
v 0.02085936 -0.00843427 -0.0117
v 0.02006894 -0.01017288 -0.0117
v 0.01913392 -0.0118382 -0.0213
v 0.01913392 -0.0118382 -0.0117
v 0.01806104 -0.01341822 -0.0117
v 0.01685803 -0.01490157 -0.0213
v 0.01685803 -0.01490157 -0.0117
v 0.01553356 -0.01627755 -0.0117
v 0.01409717 -0.01753624 -0.0213
v 0.01409717 -0.01753624 -0.0117
v 0.01255921 -0.01866859 -0.0117
v 0.01093075 -0.01966643 -0.0213
v 0.01093075 -0.01966643 -0.0117
v 0.00922355 -0.02052258 -0.0117
v 0.00744988 -0.02123086 -0.0213
v 0.00744988 -0.02123086 -0.0117
v 0.00562254 -0.02178616 -0.0117
v 0.00375469 -0.02218451 -0.0213
v 0.00375469 -0.02218451 -0.0117
v 0.00185979 -0.022423 -0.0117
v -4.852E-05 -0.02249995 -0.0213
v -4.852E-05 -0.02249995 -0.0117
v -0.00195647 -0.02241478 -0.0117
v -0.00385033 -0.02216811 -0.0213
v -0.00385033 -0.02216811 -0.0117
v -0.00571644 -0.02176172 -0.0213
v -0.00571644 -0.02176172 -0.0117
v -0.00754137 -0.02119853 -0.0213
v -0.00754137 -0.02119853 -0.0117
v -0.00931197 -0.02048261 -0.0117
v -0.01101547 -0.01961911 -0.0213
v -0.01101547 -0.01961911 -0.0117
v -0.0126396 -0.01861425 -0.0117
v -0.01417266 -0.01747528 -0.0213
v -0.01417266 -0.01747528 -0.0117
v -0.01560361 -0.0162104 -0.0117
v -0.01692214 -0.01482873 -0.0213
v -0.01692214 -0.01482873 -0.0117
v -0.01811874 -0.01334021 -0.0117
v -0.0191848 -0.01175557 -0.0213
v -0.0191848 -0.01175557 -0.0117
v -0.02011263 -0.01008624 -0.0117
v -0.02089554 -0.00834423 -0.0213
v -0.02089554 -0.00834423 -0.0117
v -0.02152791 -0.00654211 -0.0117
v -0.02200516 -0.00469284 -0.0213
v -0.02200516 -0.00469284 -0.0117
v -0.02232387 -0.00280977 -0.0117
v -0.02248173 -0.00090645 -0.0213
v -0.02247762 0.0010034 -0.0117
v -0.02248173 -0.00090645 -0.0117
v -0.01913392 0.0118382 -0.0117
v -0.01806104 0.01341822 -0.0213
v -0.01806104 0.01341822 -0.0117
v -0.01685803 0.01490157 -0.0117
v -0.01553356 0.01627755 -0.0213
v -0.01553356 0.01627755 -0.0117
v -0.01409717 0.01753624 -0.0117
v -0.01255921 0.01866859 -0.0213
v -0.01255921 0.01866859 -0.0117
v -0.01093075 0.01966643 -0.0117
v -0.00922355 0.02052258 -0.0213
v -0.00922355 0.02052258 -0.0117
v -0.00744988 0.02123086 -0.0117
v -0.00562254 0.02178616 -0.0213
v -0.00562254 0.02178616 -0.0117
v -0.00375469 0.02218451 -0.0117
v -0.00185979 0.022423 -0.0213
v -0.00185979 0.022423 -0.0117
v 4.852E-05 0.02249995 -0.0117
v 0.00195647 0.02241478 -0.0213
v 0.00195647 0.02241478 -0.0117
v 0.00385033 0.02216811 -0.0117
v 0.00571644 0.02176172 -0.0117
v 0.02130839 -0.00657591 -0.0115
v 0.02211322 -0.00288019 -0.0115
v 0.0222819 0.00089839 -0.0115
v 0.02180956 0.00465113 -0.0115
v -0.01083359 0.01949162 -0.0115
v -0.01397186 0.01738037 -0.0115
v -0.01670818 0.01476911 -0.0115
v -0.01896385 0.01173297 -0.0115
v 0.02070981 0.00827006 -0.0115
v 0.01901427 0.01165108 -0.0115
v 0.01677172 0.01469692 -0.0115
v 0.01404669 0.01731995 -0.0115
v 0.01091755 0.01944472 -0.0115
v -0.01993385 -0.00999658 -0.0115
v -0.01795769 -0.01322163 -0.0115
v -0.01546492 -0.01606631 -0.0115
v -0.01252725 -0.01844879 -0.0115
v -0.02067395 0.0083593 -0.0115
v -0.0217893 0.00474514 -0.0115
v -0.02227782 0.00099448 -0.0115
v -0.02212544 -0.0027848 -0.0115
v -0.02133655 -0.00648396 -0.0115
v 0.00747434 0.0210101 -0.0115
v 0.0038161 0.02197106 -0.0115
v 4.809E-05 0.02229995 -0.0115
v -0.00372132 0.02198731 -0.0115
v -0.00738366 0.02104214 -0.0115
v 0.01244757 -0.01850265 -0.0115
v 0.01539548 -0.01613286 -0.0115
v 0.0179005 -0.01329895 -0.0115
v 0.01989055 -0.01008246 -0.0115
v -0.00922919 -0.02030054 -0.0115
v -0.00566563 -0.02156828 -0.0115
v -0.00193908 -0.02221553 -0.0115
v 0.00184326 -0.02222369 -0.0115
v 0.00557256 -0.02159251 -0.0115
v 0.00914156 -0.02034015 -0.0115
v 0.00457193 -0.01671048 -0.016
v 0.00441616 -0.01716344 -0.0213
v 0.00441616 -0.01716344 -0.016
v 0.00415715 -0.01756638 -0.016
v 0.00380977 -0.01789617 -0.0213
v 0.00380977 -0.01789617 -0.016
v 0.00339393 -0.0181339 -0.016
v 0.0141249 -0.01186779 -0.016
v 0.01371349 -0.01211311 -0.0213
v 0.01371349 -0.01211311 -0.016
v 0.01325555 -0.01225357 -0.016
v 0.01277735 -0.01228111 -0.0213
v 0.01277735 -0.01228111 -0.016
v 0.01230631 -0.01219416 -0.016
v 0.01671048 0.00457193 -0.016
v 0.01716344 0.00441616 -0.0213
v 0.01716344 0.00441616 -0.016
v 0.01756638 0.00415715 -0.016
v 0.01789617 0.00380977 -0.0213
v 0.01789617 0.00380977 -0.016
v 0.0181339 0.00339393 -0.016
v 0.01186779 0.0141249 -0.016
v 0.01211311 0.01371349 -0.0213
v 0.01211311 0.01371349 -0.016
v 0.01225357 0.01325555 -0.016
v 0.01228111 0.01277735 -0.0213
v 0.01228111 0.01277735 -0.016
v 0.01219416 0.01230631 -0.016
v -0.01671048 -0.00457193 -0.016
v -0.01716344 -0.00441616 -0.0213
v -0.01716344 -0.00441616 -0.016
v -0.01756638 -0.00415715 -0.016
v -0.01789617 -0.00380977 -0.0213
v -0.01789617 -0.00380977 -0.016
v -0.0181339 -0.00339393 -0.016
v -0.01186779 -0.0141249 -0.016
v -0.01211311 -0.01371349 -0.0213
v -0.01211311 -0.01371349 -0.016
v -0.01225357 -0.01325555 -0.016
v -0.01228111 -0.01277735 -0.0213
v -0.01228111 -0.01277735 -0.016
v -0.01219416 -0.01230631 -0.016
v -0.00457193 0.01671048 -0.016
v -0.00441616 0.01716344 -0.0213
v -0.00441616 0.01716344 -0.016
v -0.00415715 0.01756638 -0.016
v -0.00380977 0.01789617 -0.0213
v -0.00380977 0.01789617 -0.016
v -0.00339393 0.0181339 -0.016
v -0.0141249 0.01186779 -0.016
v -0.01371349 0.01211311 -0.0213
v -0.01371349 0.01211311 -0.016
v -0.01325555 0.01225357 -0.016
v -0.01277735 0.01228111 -0.0213
v -0.01277735 0.01228111 -0.016
v -0.01230631 0.01219416 -0.016
v -0.01670829 0.00778517 -0.01575
v -0.01427069 0.01137585 -0.01556699
v -0.01516694 0.01015019 -0.01556699
v -0.01595821 0.00885426 -0.01556699
v -0.0165424 0.00770788 -0.01556699
v -0.01441379 0.01148993 -0.01575
v -0.01531904 0.01025197 -0.01575
v -0.01611824 0.00894305 -0.01575
v -0.01199856 0.01178362 -0.01556699
v -0.0123808 0.01195552 -0.01556699
v -0.01279296 0.0120316 -0.01556699
v -0.01321139 0.0120075 -0.01556699
v -0.01361209 0.0118846 -0.01556699
v -0.01397207 0.01166994 -0.01556699
v -0.01190405 0.01194034 -0.01575
v -0.01232627 0.01213022 -0.01575
v -0.01278153 0.01221426 -0.01575
v -0.01324372 0.01218763 -0.01575
v -0.01368632 0.01205188 -0.01575
v -0.01408395 0.01181478 -0.01575
v -0.01076704 0.01104097 -0.01556699
v -0.01067253 0.0111977 -0.01575
v -0.01002069 0.01088009 -0.01575
v -0.0093228 0.01068329 -0.01575
v -0.00860105 0.01061355 -0.01575
v -0.0078784 0.01067309 -0.01575
v -0.0071778 0.01086001 -0.01575
v -0.00652153 0.01116837 -0.01575
v -0.00593045 0.01158837 -0.01575
v -0.00542334 0.01210666 -0.01575
v -0.00501634 0.01270677 -0.01575
v -0.00472237 0.01336961 -0.01575
v -0.00455078 0.01407412 -0.01575
v -0.00450703 0.01479791 -0.01575
v -0.01008586 0.01070908 -0.01556699
v -0.00935657 0.01050342 -0.01556699
v -0.00860235 0.01043054 -0.01556699
v -0.00784717 0.01049276 -0.01556699
v -0.00711504 0.01068809 -0.01556699
v -0.00642924 0.01101033 -0.01556699
v -0.00581156 0.01144923 -0.01556699
v -0.00528164 0.01199084 -0.01556699
v -0.00485632 0.01261795 -0.01556699
v -0.00454913 0.01331062 -0.01556699
v -0.00436982 0.01404684 -0.01556699
v -0.00432409 0.01480319 -0.01556699
v -0.00436563 0.0162407 -0.01556699
v -0.00454857 0.01623541 -0.01575
v -0.00289386 0.0180191 -0.01556699
v -0.00329674 0.01790357 -0.01556699
v -0.00366059 0.01769555 -0.01556699
v -0.00396455 0.01740699 -0.01556699
v -0.00419118 0.01705442 -0.01556699
v -0.00432748 0.01665808 -0.01556699
v -0.00292288 0.0181998 -0.01575
v -0.00336789 0.01807218 -0.01575
v -0.0037698 0.01784241 -0.01575
v -0.00410555 0.01752367 -0.01575
v -0.00435588 0.01713423 -0.01575
v -0.00450643 0.01669644 -0.01575
v 0.01137585 0.01427069 -0.01556699
v 0.01015019 0.01516694 -0.01556699
v 0.00885426 0.01595821 -0.01556699
v 0.00749704 0.01663901 -0.01556699
v 0.00608793 0.01720464 -0.01556699
v 0.00463667 0.01765117 -0.01556699
v 0.00315332 0.01797551 -0.01556699
v 0.00164814 0.01817543 -0.01556699
v 0.00013155 0.01824953 -0.01556699
v -0.00138595 0.0181973 -0.01556699
v 0.01148993 0.01441379 -0.01575
v 0.01025197 0.01531904 -0.01575
v 0.00894305 0.01611824 -0.01575
v 0.00757222 0.01680587 -0.01575
v 0.00614898 0.01737717 -0.01575
v 0.00468317 0.01782818 -0.01575
v 0.00318494 0.01815577 -0.01575
v 0.00166467 0.01835769 -0.01575
v 0.00013287 0.01843253 -0.01575
v -0.00139985 0.01837978 -0.01575
v 0.01178362 0.01199856 -0.01556699
v 0.01195552 0.0123808 -0.01556699
v 0.0120316 0.01279296 -0.01556699
v 0.0120075 0.01321139 -0.01556699
v 0.0118846 0.01361209 -0.01556699
v 0.01166994 0.01397207 -0.01556699
v 0.01194034 0.01190405 -0.01575
v 0.01213022 0.01232627 -0.01575
v 0.01221426 0.01278153 -0.01575
v 0.01218763 0.01324372 -0.01575
v 0.01205188 0.01368632 -0.01575
v 0.01181478 0.01408395 -0.01575
v 0.01104097 0.01076704 -0.01556699
v 0.0111977 0.01067253 -0.01575
v 0.01088009 0.01002069 -0.01575
v 0.01068329 0.0093228 -0.01575
v 0.01061355 0.00860105 -0.01575
v 0.01067309 0.0078784 -0.01575
v 0.01086001 0.0071778 -0.01575
v 0.01116837 0.00652153 -0.01575
v 0.01158837 0.00593045 -0.01575
v 0.01210666 0.00542334 -0.01575
v 0.01270677 0.00501634 -0.01575
v 0.01336961 0.00472237 -0.01575
v 0.01407412 0.00455078 -0.01575
v 0.01479791 0.00450703 -0.01575
v 0.01070908 0.01008586 -0.01556699
v 0.01050342 0.00935657 -0.01556699
v 0.01043054 0.00860235 -0.01556699
v 0.01049276 0.00784717 -0.01556699
v 0.01068809 0.00711504 -0.01556699
v 0.01101033 0.00642924 -0.01556699
v 0.01144923 0.00581156 -0.01556699
v 0.01199084 0.00528164 -0.01556699
v 0.01261795 0.00485632 -0.01556699
v 0.01331062 0.00454913 -0.01556699
v 0.01404684 0.00436982 -0.01556699
v 0.01480319 0.00432409 -0.01556699
v 0.0162407 0.00436563 -0.01556699
v 0.01623541 0.00454857 -0.01575
v 0.0180191 0.00289386 -0.01556699
v 0.01790357 0.00329674 -0.01556699
v 0.01769555 0.00366059 -0.01556699
v 0.01740699 0.00396455 -0.01556699
v 0.01705442 0.00419118 -0.01556699
v 0.01665808 0.00432748 -0.01556699
v 0.0181998 0.00292288 -0.01575
v 0.01807218 0.00336789 -0.01575
v 0.01784241 0.0037698 -0.01575
v 0.01752367 0.00410555 -0.01575
v 0.01713423 0.00435588 -0.01575
v 0.01669644 0.00450643 -0.01575
v 0.01427069 -0.01137585 -0.01556699
v 0.01516694 -0.01015019 -0.01556699
v 0.01595821 -0.00885426 -0.01556699
v 0.01663901 -0.00749704 -0.01556699
v 0.01720464 -0.00608793 -0.01556699
v 0.01765117 -0.00463667 -0.01556699
v 0.01797551 -0.00315332 -0.01556699
v 0.01817543 -0.00164814 -0.01556699
v 0.01824953 -0.00013155 -0.01556699
v 0.0181973 0.00138595 -0.01556699
v 0.01441379 -0.01148993 -0.01575
v 0.01531904 -0.01025197 -0.01575
v 0.01611824 -0.00894305 -0.01575
v 0.01680587 -0.00757222 -0.01575
v 0.01737717 -0.00614898 -0.01575
v 0.01782818 -0.00468317 -0.01575
v 0.01815577 -0.00318494 -0.01575
v 0.01835769 -0.00166467 -0.01575
v 0.01843253 -0.00013287 -0.01575
v 0.01837978 0.00139985 -0.01575
v 0.01199856 -0.01178362 -0.01556699
v 0.0123808 -0.01195552 -0.01556699
v 0.01279296 -0.0120316 -0.01556699
v 0.01321139 -0.0120075 -0.01556699
v 0.01361209 -0.0118846 -0.01556699
v 0.01397207 -0.01166994 -0.01556699
v 0.01190405 -0.01194034 -0.01575
v 0.01232627 -0.01213022 -0.01575
v 0.01278153 -0.01221426 -0.01575
v 0.01324372 -0.01218763 -0.01575
v 0.01368632 -0.01205188 -0.01575
v 0.01408395 -0.01181478 -0.01575
v 0.01076704 -0.01104097 -0.01556699
v 0.01067253 -0.0111977 -0.01575
v 0.01002069 -0.01088009 -0.01575
v 0.0093228 -0.01068329 -0.01575
v 0.00860105 -0.01061355 -0.01575
v 0.0078784 -0.01067309 -0.01575
v 0.0071778 -0.01086001 -0.01575
v 0.00652153 -0.01116837 -0.01575
v 0.00593045 -0.01158837 -0.01575
v 0.00542334 -0.01210666 -0.01575
v 0.00501634 -0.01270677 -0.01575
v 0.00472237 -0.01336961 -0.01575
v 0.00455078 -0.01407412 -0.01575
v 0.00450703 -0.01479791 -0.01575
v 0.01008586 -0.01070908 -0.01556699
v 0.00935657 -0.01050342 -0.01556699
v 0.00860235 -0.01043054 -0.01556699
v 0.00784717 -0.01049276 -0.01556699
v 0.00711504 -0.01068809 -0.01556699
v 0.00642924 -0.01101033 -0.01556699
v 0.00581156 -0.01144923 -0.01556699
v 0.00528164 -0.01199084 -0.01556699
v 0.00485632 -0.01261795 -0.01556699
v 0.00454913 -0.01331062 -0.01556699
v 0.00436982 -0.01404684 -0.01556699
v 0.00432409 -0.01480319 -0.01556699
v 0.00436563 -0.0162407 -0.01556699
v 0.00454857 -0.01623541 -0.01575
v 0.00289386 -0.0180191 -0.01556699
v 0.00329674 -0.01790357 -0.01556699
v 0.00366059 -0.01769555 -0.01556699
v 0.00396455 -0.01740699 -0.01556699
v 0.00419118 -0.01705442 -0.01556699
v 0.00432748 -0.01665808 -0.01556699
v 0.00292288 -0.0181998 -0.01575
v 0.00336789 -0.01807218 -0.01575
v 0.0037698 -0.01784241 -0.01575
v 0.00410555 -0.01752367 -0.01575
v 0.00435588 -0.01713423 -0.01575
v 0.00450643 -0.01669644 -0.01575
v -0.01137585 -0.01427069 -0.01556699
v -0.01015019 -0.01516694 -0.01556699
v -0.00885426 -0.01595821 -0.01556699
v -0.00749704 -0.01663901 -0.01556699
v -0.00608793 -0.01720464 -0.01556699
v -0.00463667 -0.01765117 -0.01556699
v -0.00315332 -0.01797551 -0.01556699
v -0.00164814 -0.01817543 -0.01556699
v -0.00013155 -0.01824953 -0.01556699
v 0.00138595 -0.0181973 -0.01556699
v -0.01148993 -0.01441379 -0.01575
v -0.01025197 -0.01531904 -0.01575
v -0.00894305 -0.01611824 -0.01575
v -0.00757222 -0.01680587 -0.01575
v -0.00614898 -0.01737717 -0.01575
v -0.00468317 -0.01782818 -0.01575
v -0.00318494 -0.01815577 -0.01575
v -0.00166467 -0.01835769 -0.01575
v -0.00013287 -0.01843253 -0.01575
v 0.00139985 -0.01837978 -0.01575
v -0.01178362 -0.01199856 -0.01556699
v -0.01195552 -0.0123808 -0.01556699
v -0.0120316 -0.01279296 -0.01556699
v -0.0120075 -0.01321139 -0.01556699
v -0.0118846 -0.01361209 -0.01556699
v -0.01166994 -0.01397207 -0.01556699
v -0.01194034 -0.01190405 -0.01575
v -0.01213022 -0.01232627 -0.01575
v -0.01221426 -0.01278153 -0.01575
v -0.01218763 -0.01324372 -0.01575
v -0.01205188 -0.01368632 -0.01575
v -0.01181478 -0.01408395 -0.01575
v -0.01104097 -0.01076704 -0.01556699
v -0.0111977 -0.01067253 -0.01575
v -0.01088009 -0.01002069 -0.01575
v -0.01068329 -0.0093228 -0.01575
v -0.01061355 -0.00860105 -0.01575
v -0.01067309 -0.0078784 -0.01575
v -0.01086001 -0.0071778 -0.01575
v -0.01116837 -0.00652153 -0.01575
v -0.01158837 -0.00593045 -0.01575
v -0.01210666 -0.00542334 -0.01575
v -0.01270677 -0.00501634 -0.01575
v -0.01336961 -0.00472237 -0.01575
v -0.01407412 -0.00455078 -0.01575
v -0.01479791 -0.00450703 -0.01575
v -0.01070908 -0.01008586 -0.01556699
v -0.01050342 -0.00935657 -0.01556699
v -0.01043054 -0.00860235 -0.01556699
v -0.01049276 -0.00784717 -0.01556699
v -0.01068809 -0.00711504 -0.01556699
v -0.01101033 -0.00642924 -0.01556699
v -0.01144923 -0.00581156 -0.01556699
v -0.01199084 -0.00528164 -0.01556699
v -0.01261795 -0.00485632 -0.01556699
v -0.01331062 -0.00454913 -0.01556699
v -0.01404684 -0.00436982 -0.01556699
v -0.01480319 -0.00432409 -0.01556699
v -0.0162407 -0.00436563 -0.01556699
v -0.01623541 -0.00454857 -0.01575
v -0.01812135 -0.00291028 -0.01564645
v -0.0180191 -0.00289386 -0.01556699
v -0.01790357 -0.00329674 -0.01556699
v -0.01769555 -0.00366059 -0.01556699
v -0.01740699 -0.00396455 -0.01556699
v -0.01705442 -0.00419118 -0.01556699
v -0.01665808 -0.00432748 -0.01556699
v -0.0181998 -0.00292288 -0.01575
v -0.01807218 -0.00336789 -0.01575
v -0.01784241 -0.0037698 -0.01575
v -0.01752367 -0.00410555 -0.01575
v -0.01713423 -0.00435588 -0.01575
v -0.01669644 -0.00450643 -0.01575
v -0.01844263 0.00084428 -0.01580866
v -0.01817231 0.00083191 -0.01553806
v -0.01833435 0.00083933 -0.01564645
v -0.01843222 -0.00104708 -0.01580866
v -0.01832401 -0.00104094 -0.01564645
v -0.01816206 -0.00103174 -0.01553806
v 0.00338407 0.00368077 0.0055
v 0.00183464 0.00169826 0.0055
v 0.00141074 0.00206393 0.0055
v 0.00037553 0.00247163 0.0055
v 0.00128591 0.00483181 0.0055
v 0.00091611 0.0023261 0.0055
v 0.00204434 0.00456297 0.0055
v 0.00274982 0.00417594 0.0055
v -0.00124744 0.00216654 0.0055
v -0.00187466 0.00463526 0.0055
v -0.00073406 0.0023898 0.0055
v -0.00110684 0.00487595 0.0055
v -0.00018388 0.00249323 0.0055
v -0.00031035 0.00499036 0.0055
v 0.00049418 0.00497552 0.0055
v -0.00206393 0.00141074 0.0055
v -0.00381404 0.00323312 0.0055
v -0.00169826 0.00183464 0.0055
v -0.00324602 0.00380307 0.0055
v -0.00259393 0.00427452 0.0055
v 0.0023898 0.00073406 0.0055
v 0.00491657 0.0009096 0.0055
v 0.00249323 0.00018388 0.0055
v 0.00499881 0.00010915 0.0055
v 0.00247163 -0.00037553 0.0055
v 0.00495158 -0.00069413 0.0055
v 0.0023261 -0.00091611 0.0055
v -0.00249323 -0.00018388 0.0055
v -0.00499138 0.00029344 0.0055
v -0.00247163 0.00037553 0.0055
v -0.00487967 0.00109031 0.0055
v -0.0023261 0.00091611 0.0055
v -0.00464159 0.00185895 0.0055
v -0.00428328 0.00257944 0.0055
v -0.00091611 -0.0023261 0.0055
v -0.00240487 -0.00438367 0.0055
v -0.00141074 -0.00206393 0.0055
v -0.00307692 -0.00394114 0.0055
v -0.00183464 -0.00169826 0.0055
v -0.00366928 -0.00339653 0.0055
v -0.00216654 -0.00124744 0.0055
v 0.00366928 0.00339653 0.0055
v 0.00393069 0.00309026 0.0055
v 0.00216654 0.00124744 0.0055
v 0.0043755 0.00241971 0.0055
v 0.00470699 0.0016865 0.0055
v -0.0041666 -0.00276395 0.0055
v -0.00455602 -0.00205978 0.0055
v -0.0023898 -0.00073406 0.0055
v -0.00482743 -0.00130227 0.0055
v -0.00497382 -0.00051104 0.0055
v 0.00018388 -0.00249323 0.0055
v -9.222E-05 -0.00499915 0.0055
v -0.00037553 -0.00247163 0.0055
v -0.00089294 -0.00491962 0.0055
v -0.00167054 -0.00471267 0.0055
v 0.00169826 -0.00183464 0.0055
v 0.00292948 -0.00405193 0.0055
v 0.00124744 -0.00216654 0.0055
v 0.00224157 -0.00446938 0.0055
v 0.00073406 -0.0023898 0.0055
v 0.0014956 -0.00477108 0.0055
v 0.0007109 -0.0049492 0.0055
v 0.00477612 -0.00147943 0.0055
v 0.00447695 -0.00222641 0.0055
v 0.00206393 -0.00141074 0.0055
v 0.00406183 -0.00291573 0.0055
v 0.00354152 -0.00352954 0.0055
v -0.0023898 -0.00073406 0.0065
v -0.00455602 -0.00205978 0.0065
v -0.00216654 -0.00124744 0.0065
v -0.0041666 -0.00276395 0.0065
v -0.00183464 -0.00169826 0.0065
v -0.00366928 -0.00339653 0.0065
v -0.00141074 -0.00206393 0.0065
v 0.00206393 -0.00141074 0.0065
v 0.00447695 -0.00222641 0.0065
v 0.0023261 -0.00091611 0.0065
v 0.00477612 -0.00147943 0.0065
v 0.00247163 -0.00037553 0.0065
v 0.00495158 -0.00069413 0.0065
v 0.00249323 0.00018388 0.0065
v -0.00169826 0.00183464 0.0065
v -0.00381404 0.00323312 0.0065
v -0.00206393 0.00141074 0.0065
v -0.00428328 0.00257944 0.0065
v -0.0023261 0.00091611 0.0065
v -0.00464159 0.00185895 0.0065
v -0.00247163 0.00037553 0.0065
v 0.00091611 0.0023261 0.0065
v 0.00128591 0.00483181 0.0065
v 0.00037553 0.00247163 0.0065
v 0.00049418 0.00497552 0.0065
v -0.00018388 0.00249323 0.0065
v -0.00031035 0.00499036 0.0065
v -0.00073406 0.0023898 0.0065
v -0.00307692 -0.00394114 0.0065
v -0.00240487 -0.00438367 0.0065
v -0.00091611 -0.0023261 0.0065
v -0.00167054 -0.00471267 0.0065
v -0.00037553 -0.00247163 0.0065
v -0.00487967 0.00109031 0.0065
v -0.00499138 0.00029344 0.0065
v -0.00249323 -0.00018388 0.0065
v -0.00497382 -0.00051104 0.0065
v -0.00482743 -0.00130227 0.0065
v 0.00124744 -0.00216654 0.0065
v 0.00292948 -0.00405193 0.0065
v 0.00169826 -0.00183464 0.0065
v 0.00354152 -0.00352954 0.0065
v 0.00406183 -0.00291573 0.0065
v -0.00089294 -0.00491962 0.0065
v -9.222E-05 -0.00499915 0.0065
v 0.00018388 -0.00249323 0.0065
v 0.0007109 -0.0049492 0.0065
v 0.00073406 -0.0023898 0.0065
v 0.0014956 -0.00477108 0.0065
v 0.00224157 -0.00446938 0.0065
v -0.00110684 0.00487595 0.0065
v -0.00187466 0.00463526 0.0065
v -0.00124744 0.00216654 0.0065
v -0.00259393 0.00427452 0.0065
v -0.00324602 0.00380307 0.0065
v 0.00183464 0.00169826 0.0065
v 0.00338407 0.00368077 0.0065
v 0.00141074 0.00206393 0.0065
v 0.00274982 0.00417594 0.0065
v 0.00204434 0.00456297 0.0065
v 0.00216654 0.00124744 0.0065
v 0.00393069 0.00309026 0.0065
v 0.00366928 0.00339653 0.0065
v 0.00499881 0.00010915 0.0065
v 0.00491657 0.0009096 0.0065
v 0.0023898 0.00073406 0.0065
v 0.00470699 0.0016865 0.0065
v 0.0043755 0.00241971 0.0065
vn 0 -0 1
vn 0.99992 -0.01299 -0
vn 0.85946 -0.51121 -0
vn 0.48871 -0.87245 -0
vn -0.01299 -0.99992 -0
vn -0.51121 -0.85946 -0
vn -0.87245 -0.48871 -0
vn -0.99992 0.01299 0
vn -0.85946 0.51121 0
vn -0.48871 0.87245 0
vn 0.01299 0.99992 0
vn 0.51121 0.85946 0
vn 0.87245 0.48871 0
vn -0.94133 -0.33723 0.01324
vn -0.91034 -0.41385 -0
vn -0.87306 -0.48761 -0
vn -0.86035 -0.5092 0.02247
vn -0.82276 -0.5684 -0
vn -0.77301 -0.6344 -0
vn -0.74834 -0.66274 0.02768
vn -0.7092 -0.705 -0
vn -0.64856 -0.76116 -0
vn -0.60937 -0.79236 0.02889
vn -0.57327 -0.81936 -0
vn -0.50365 -0.86391 -0
vn -0.44844 -0.89343 0.02608
vn -0.252 -0.96773 -0
vn -0.27129 -0.9623 0.01926
vn -0.34285 -0.93939 -0
vn -0.41925 -0.90787 -0
vn -0.17123 -0.98523 -0
vn -0.08179 -0.99661 0.00866
vn -0.08429 -0.99642 0.00578
vn 0.0058 -0.99998 -0
vn 0.08836 -0.99609 -0
vn 0.10579 -0.99424 0.01741
vn 0.18264 -0.98318 -0
vn 0.26321 -0.96474 -0
vn 0.292 -0.95609 0.02504
vn 0.35372 -0.93535 -0
vn 0.42975 -0.90295 -0
vn 0.46762 -0.88347 0.02865
vn 0.51364 -0.85801 -0
vn 0.58274 -0.81266 -0
vn 0.62637 -0.77901 0.02825
vn 0.65735 -0.75359 -0
vn 0.71733 -0.69673 -0
vn 0.76257 -0.64647 0.02383
vn 0.87866 -0.47746 -0
vn 0.87128 -0.49055 0.01541
vn 0.82929 -0.55882 -0
vn 0.78031 -0.62539 -0
vn 0.91508 -0.40327 -0
vn 0.94607 -0.32395 0.00273
vn 0.94842 -0.31682 0.01091
vn 0.972 -0.23499 -0
vn 0.98808 -0.15392 -0
vn 0.99108 -0.13158 0.02094
vn 0.99824 -0.0593 -0
vn 0.99973 0.02333 0
vn 0.99793 0.05835 0.02696
vn 0.99298 0.11826 0
vn 0.97983 0.19985 0
vn 0.9688 0.24615 0.02897
vn 0.95639 0.29209 0
vn 0.929 0.37007 0
vn 0.90476 0.42507 0.02696
vn 0.79478 0.6069 0
vn 0.80808 0.5887 0.02094
vn 0.84887 0.52861 0
vn 0.88962 0.4567 0
vn 0.74195 0.67046 0
vn 0.67665 0.73621 0.01187
vn 0.68221 0.73115 0.00297
vn 0.61161 0.79116 0
vn 0.54419 0.83896 0
vn 0.53145 0.84695 0.01541
vn 0.46197 0.88689 0
vn 0.38716 0.92201 0
vn 0.3615 0.93207 0.02383
vn 0.29776 0.95464 0
vn 0.21791 0.97597 0
vn 0.17855 0.98352 0.02825
vn 0.12415 0.99226 0
vn 0.04179 0.99913 0
vn -0.0108 0.99953 0.02865
vn -0.05337 0.99857 0
vn -0.13565 0.99076 0
vn -0.19979 0.97952 0.02504
vn -0.39783 0.91746 0
vn -0.38162 0.92416 0.01741
vn -0.30881 0.95112 0
vn -0.22922 0.97338 0
vn -0.47223 0.88147 0
vn -0.5476 0.83672 0.00562
vn -0.54968 0.83533 0.00842
vn -0.62074 0.78401 0
vn -0.68337 0.73007 0
vn -0.69773 0.7161 0.01926
vn -0.74967 0.66181 0
vn -0.80176 0.59764 0
vn -0.82052 0.57102 0.02608
vn -0.85494 0.51872 0
vn -0.89486 0.44635 0
vn -0.91369 0.40539 0.02889
vn -0.93323 0.35927 0
vn -0.95971 0.28098 0
vn -0.97393 0.22515 0.02768
vn -0.98208 0.18848 0
vn -0.99429 0.10673 0
vn -0.99907 0.03677 0.02247
vn -0.99993 0.01174 0
vn -0.99749 -0.07088 -0
vn -0.98814 -0.15299 0.01324
vn -0.98623 -0.16537 -0
vn -0.94556 -0.32545 -0
vn 0.08345 0.66696 0.74041
vn 0.66737 0.07948 0.74047
vn 0.23771 -0.62858 0.74053
vn -0.47667 -0.47385 0.74044
vn -0.59174 -0.32084 0.73953
vn -0.59007 -0.32956 0.73702
vn -0.53086 -0.41386 0.73953
vn -0.52463 -0.43056 0.73443
vn -0.55287 -0.38195 0.74057
vn -0.44204 -0.51879 0.73175
vn -0.4555 -0.49559 0.73953
vn -0.38542 -0.55088 0.74026
vn -0.36973 -0.56689 0.73616
vn -0.33848 -0.58059 0.7405
vn -0.28198 -0.61062 0.74002
vn -0.27104 -0.61923 0.73695
vn -0.23037 -0.63121 0.74061
vn -0.16957 -0.65119 0.73973
vn -0.16504 -0.65389 0.73837
vn -0.11504 -0.66195 0.74067
vn -0.05506 -0.67087 0.73953
vn -0.05506 -0.67087 0.73953
vn 0.16576 -0.65239 0.73953
vn 0.17819 -0.65311 0.736
vn 0.12272 -0.66062 0.74063
vn 0.05611 -0.67078 0.73953
vn 0.05957 -0.67157 0.73854
vn 0.0039 -0.67185 0.74067
vn 0.29216 -0.61385 0.73337
vn 0.27088 -0.61621 0.73953
vn 0.34526 -0.57675 0.74037
vn 0.37072 -0.56645 0.73601
vn 0.39169 -0.54624 0.74041
vn 0.44201 -0.50673 0.74017
vn 0.45861 -0.49739 0.7364
vn 0.48205 -0.4682 0.74055
vn 0.52492 -0.4207 0.73991
vn 0.53332 -0.41443 0.73744
vn 0.5572 -0.37547 0.74064
vn 0.59138 -0.32135 0.7396
vn 0.59264 -0.32012 0.73912
vn 0.61481 -0.27094 0.74068
vn 0.63682 -0.21806 0.73953
vn 0.63682 -0.21806 0.73953
vn 0.67312 0.00053 0.73953
vn 0.67793 0.01582 0.73496
vn 0.67077 -0.03985 0.74059
vn 0.66403 -0.11027 0.73953
vn 0.66726 -0.10395 0.73753
vn 0.65306 -0.15789 0.74066
vn 0.66725 0.1361 0.73229
vn 0.66385 0.11132 0.73953
vn 0.64296 0.19636 0.7403
vn 0.64004 0.22029 0.73608
vn 0.62437 0.24872 0.74047
vn 0.59829 0.30714 0.74007
vn 0.59443 0.32229 0.73674
vn 0.5704 0.3552 0.74059
vn 0.53475 0.40834 0.73979
vn 0.53215 0.41487 0.73804
vn 0.4985 0.45047 0.74066
vn 0.4555 0.49559 0.73953
vn 0.4555 0.49559 0.73953
vn 0.36772 0.5638 0.73953
vn 0.3666 0.56518 0.73904
vn 0.41092 0.53155 0.74068
vn 0.16473 0.65265 0.73953
vn 0.14802 0.66293 0.7339
vn 0.2001 0.64152 0.74055
vn 0.2699 0.61664 0.73953
vn 0.26188 0.62367 0.73651
vn 0.3104 0.59591 0.74064
vn 0.02851 0.68156 0.7312
vn 0.05506 0.67087 0.73953
vn -0.03589 0.67141 0.74021
vn -0.05641 0.67434 0.73627
vn -0.09116 0.66582 0.74053
vn -0.15418 0.65473 0.73997
vn -0.16639 0.65489 0.73718
vn -0.2075 0.63908 0.74063
vn -0.26773 0.61743 0.73967
vn -0.27123 0.61701 0.73873
vn -0.31728 0.59223 0.74067
vn -0.36861 0.56322 0.73953
vn -0.36861 0.56322 0.73953
vn -0.53151 0.41302 0.73953
vn -0.54323 0.40493 0.73548
vn -0.50373 0.44469 0.74061
vn -0.45628 0.49487 0.73953
vn -0.46111 0.49263 0.73804
vn -0.41706 0.52676 0.74067
vn -0.64044 0.2193 0.73603
vn -0.62735 0.24151 0.74034
vn -0.59224 0.3199 0.73953
vn -0.60887 0.3037 0.73283
vn -0.57457 0.34861 0.7405
vn -0.66724 0.1108 0.73655
vn -0.66042 0.12675 0.74012
vn -0.64504 0.18885 0.74044
vn -0.61165 -0.27806 0.74065
vn -0.63648 -0.21906 0.73953
vn -0.63648 -0.21906 0.73953
vn -0.66385 -0.11132 0.73953
vn -0.66385 -0.11132 0.73953
vn -0.6702 -0.04762 0.74065
vn -0.6751 -0.00053 0.73773
vn -0.67272 0.0079 0.73985
vn -0.66814 0.07172 0.74057
vn 0.85394 -0.03751 -0.51902
vn 0.85934 0.00068 -0.51141
vn 0.84777 -0.10981 -0.51888
vn 0.84768 -0.14077 -0.51148
vn 0.8357 -0.17942 -0.51905
vn 0.8176 -0.24968 -0.51883
vn 0.81289 -0.27835 -0.5116
vn 0.79405 -0.31629 -0.51908
vn 0.76452 -0.38257 -0.51879
vn 0.7559 -0.4083 -0.51176
vn 0.73016 -0.4443 -0.51911
vn 0.69002 -0.50475 -0.51875
vn 0.6783 -0.52708 -0.51195
vn 0.64581 -0.55985 -0.51913
vn 0.59618 -0.61279 -0.5187
vn 0.5822 -0.63144 -0.51219
vn 0.54337 -0.65972 -0.51916
vn 0.48564 -0.70367 -0.51865
vn 0.47024 -0.71851 -0.51246
vn 0.42571 -0.7411 -0.51918
vn 0.36147 -0.77485 -0.5186
vn 0.34549 -0.78594 -0.51277
vn 0.29613 -0.80171 -0.5192
vn 0.22718 -0.82432 -0.51855
vn 0.21136 -0.83189 -0.51312
vn 0.15826 -0.83986 -0.51922
vn 0.0865 -0.85069 -0.5185
vn 0.07153 -0.8551 -0.51351
vn 0.01595 -0.85448 -0.51923
vn -0.05661 -0.85324 -0.51844
vn -0.07017 -0.85495 -0.51394
vn -0.1268 -0.84517 -0.51925
vn -0.19814 -0.83188 -0.51838
vn -0.20986 -0.83147 -0.5144
vn -0.26599 -0.81217 -0.51926
vn -0.33413 -0.78721 -0.51832
vn -0.34373 -0.78531 -0.51491
vn -0.39773 -0.75642 -0.51927
vn -0.46078 -0.72048 -0.51826
vn -0.46813 -0.71775 -0.51545
vn -0.51833 -0.67948 -0.51928
vn -0.57452 -0.63356 -0.5182
vn -0.57964 -0.63066 -0.51603
vn -0.6244 -0.5835 -0.51928
vn -0.67218 -0.52888 -0.51813
vn -0.67525 -0.52642 -0.51665
vn -0.71298 -0.47117 -0.51929
vn -0.75102 -0.40937 -0.51807
vn -0.75233 -0.40791 -0.5173
vn -0.78158 -0.34565 -0.51929
vn -0.80882 -0.27838 -0.518
vn -0.80882 -0.27838 -0.518
vn -0.84361 -0.14146 -0.518
vn -0.84361 -0.14146 -0.518
vn -0.85538 -0.00067 -0.518
vn -0.85586 0.00124 -0.51721
vn -0.85178 -0.06934 -0.51929
vn -0.80925 0.2771 -0.518
vn -0.80872 0.28299 -0.51564
vn -0.8272 0.21469 -0.51928
vn -0.84383 0.14013 -0.518
vn -0.84413 0.14406 -0.51643
vn -0.85141 0.0737 -0.51929
vn -0.67543 0.52485 -0.518
vn -0.67139 0.53385 -0.51405
vn -0.71056 0.47483 -0.51927
vn -0.75261 0.40652 -0.518
vn -0.75061 0.41415 -0.51484
vn -0.7798 0.34966 -0.51928
vn -0.46841 0.71573 -0.518
vn -0.45895 0.72579 -0.51244
vn -0.51485 0.68214 -0.51925
vn -0.57983 0.62887 -0.518
vn -0.57326 0.63871 -0.51325
vn -0.62141 0.5867 -0.51926
vn -0.21064 0.82904 -0.518
vn -0.1949 0.8373 -0.51083
vn -0.26183 0.81355 -0.51922
vn -0.34422 0.78307 -0.518
vn -0.33164 0.79262 -0.51164
vn -0.39386 0.75847 -0.51923
vn 0.06997 0.85252 -0.518
vn 0.09145 0.85578 -0.5092
vn 0.02033 0.85442 -0.51918
vn -0.07131 0.85241 -0.518
vn -0.05254 0.85856 -0.51002
vn -0.12247 0.84583 -0.5192
vn 0.34299 0.78361 -0.518
vn 0.36826 0.77895 -0.50756
vn 0.30025 0.80022 -0.51913
vn 0.20933 0.82937 -0.518
vn 0.23305 0.829 -0.50838
vn 0.16256 0.83908 -0.51916
vn 0.57884 0.62978 -0.518
vn 0.60467 0.61517 -0.5059
vn 0.54677 0.65696 -0.51908
vn 0.46729 0.71647 -0.518
vn 0.49331 0.70701 -0.50673
vn 0.42953 0.73894 -0.51911
vn 0.75197 0.40771 -0.518
vn 0.77424 0.38248 -0.50424
vn 0.73247 0.44058 -0.51902
vn 0.6746 0.52592 -0.518
vn 0.6992 0.50598 -0.50507
vn 0.64871 0.55657 -0.51905
vn 0.85418 0.03314 -0.51891
vn 0.84825 0.10545 -0.51899
vn 0.84753 0.14211 -0.51137
vn 0.83667 0.17514 -0.51895
vn 0.80882 0.27838 -0.518
vn 0.82766 0.24812 -0.5034
vn 0.79571 0.31224 -0.51899
vn -0.82595 -0.28428 0.48683
vn -0.81002 -0.33688 0.47998
vn -0.80214 -0.35474 0.48034
vn -0.78814 -0.38514 0.4801
vn -0.76621 -0.41765 0.48835
vn -0.75321 -0.45094 0.47889
vn -0.73174 -0.48357 0.48034
vn -0.72396 -0.49515 0.48032
vn -0.68788 -0.54123 0.48362
vn -0.68591 -0.54533 0.48181
vn -0.64102 -0.59903 0.47985
vn -0.64463 -0.59477 0.48031
vn -0.60769 -0.63276 0.47993
vn -0.58668 -0.64696 0.48708
vn -0.55223 -0.6825 0.47879
vn -0.53196 -0.69735 0.48033
vn -0.50955 -0.71395 0.48025
vn -0.47086 -0.73624 0.48604
vn -0.44924 -0.75528 0.47721
vn -0.40817 -0.77628 0.48041
vn -0.40076 -0.78017 0.48034
vn -0.34289 -0.80784 0.4794
vn -0.35206 -0.80095 0.48428
vn -0.27332 -0.83454 0.47838
vn -0.28359 -0.83004 0.48022
vn -0.23296 -0.8457 0.48012
vn -0.20245 -0.84998 0.48637
vn -0.16071 -0.86403 0.47709
vn -0.13013 -0.8674 0.4803
vn -0.10803 -0.87041 0.48032
vn -0.05797 -0.87384 0.48275
vn -0.04674 -0.87671 0.47875
vn 0.01637 -0.87681 0.48055
vn 0.01916 -0.87689 0.4803
vn 0.08877 -0.873 0.47957
vn 0.0718 -0.87091 0.48617
vn 0.16286 -0.86428 0.47592
vn 0.14596 -0.86501 0.48006
vn 0.1979 -0.85451 0.48026
vn 0.2324 -0.84325 0.48468
vn 0.26769 -0.83791 0.47566
vn 0.30385 -0.82261 0.48061
vn 0.31954 -0.8168 0.48034
vn 0.37096 -0.79518 0.47967
vn 0.36819 -0.79584 0.48071
vn 0.43705 -0.76083 0.47972
vn 0.43449 -0.76199 0.4802
vn 0.49838 -0.72214 0.47972
vn 0.47748 -0.73095 0.48756
vn 0.56033 -0.68031 0.47245
vn 0.54038 -0.69119 0.47984
vn 0.58095 -0.6571 0.48033
vn 0.61097 -0.62799 0.48202
vn 0.62606 -0.61718 0.47659
vn 0.66229 -0.57414 0.48139
vn 0.67 -0.56606 0.48029
vn 0.70814 -0.518 0.47981
vn 0.70195 -0.52383 0.48256
vn 0.75041 -0.45662 0.4779
vn 0.74503 -0.46314 0.48003
vn 0.77152 -0.41725 0.48027
vn 0.78283 -0.39173 0.48345
vn 0.805 -0.3554 0.47504
vn 0.81451 -0.32444 0.48095
vn 0.82378 -0.30111 0.48034
vn 0.83907 -0.25624 0.47989
vn 0.84158 -0.25116 0.47819
vn 0.85709 -0.18401 0.48119
vn 0.85878 -0.17867 0.48018
vn 0.87004 -0.11269 0.47993
vn 0.86596 -0.12619 0.48392
vn 0.87909 -0.03862 0.47509
vn 0.87581 -0.05244 0.47981
vn 0.87709 0.00054 0.48033
vn 0.87583 0.03398 0.48142
vn 0.87779 0.0594 0.47535
vn 0.86928 0.10807 0.48236
vn 0.86779 0.12755 0.48028
vn 0.85865 0.17975 0.48001
vn 0.85865 0.17975 0.48001
vn 0.84032 0.25192 0.48001
vn 0.84032 0.25192 0.48001
vn 0.81662 0.32044 0.48004
vn 0.8211 0.30129 0.48479
vn 0.79968 0.36681 0.47535
vn 0.78583 0.38821 0.48142
vn 0.77097 0.41818 0.48033
vn 0.75172 0.45216 0.48008
vn 0.74598 0.46501 0.47674
vn 0.70946 0.5134 0.48279
vn 0.70236 0.52548 0.48016
vn 0.66576 0.5712 0.48011
vn 0.66886 0.56652 0.48133
vn 0.61578 0.62648 0.47784
vn 0.61901 0.6218 0.47977
vn 0.56115 0.67423 0.48013
vn 0.57838 0.65582 0.48516
vn 0.53772 0.69655 0.47504
vn 0.5009 0.71789 0.48345
vn 0.47878 0.73492 0.48027
vn 0.44082 0.75837 0.48016
vn 0.43401 0.76332 0.47852
vn 0.37443 0.79199 0.48224
vn 0.36738 0.79665 0.47998
vn 0.30814 0.82126 0.48019
vn 0.31817 0.81627 0.48216
vn 0.25554 0.84117 0.47659
vn 0.23711 0.84347 0.48202
vn 0.19683 0.85472 0.48033
vn 0.16684 0.86114 0.48021
vn 0.14523 0.86717 0.47637
vn 0.09296 0.86983 0.48451
vn 0.071 0.87431 0.48014
vn 0.02087 0.87689 0.48023
vn 0.01808 0.87719 0.4798
vn -0.05356 0.87524 0.48072
vn -0.05638 0.8756 0.47974
vn -0.12569 0.86808 0.48025
vn -0.10895 0.8691 0.48249
vn -0.16474 0.86406 0.47566
vn -0.1983 0.85191 0.48468
vn -0.23399 0.84534 0.48026
vn -0.26872 0.83495 0.48027
vn -0.28498 0.83078 0.47811
vn -0.33764 0.80695 0.4846
vn -0.354 0.8027 0.47996
vn -0.40422 0.77842 0.48028
vn -0.40167 0.77955 0.48059
vn -0.45956 0.74807 0.47875
vn -0.46805 0.74019 0.48275
vn -0.5104 0.71329 0.48032
vn -0.52839 0.70008 0.4803
vn -0.55365 0.68254 0.47709
vn -0.58362 0.65026 0.48637
vn -0.60839 0.63193 0.48012
vn -0.63776 0.60214 0.48031
vn -0.64575 0.59433 0.47935
vn -0.68506 0.54472 0.48372
vn -0.69367 0.53731 0.4797
vn -0.72925 0.48732 0.48032
vn -0.72432 0.49409 0.48088
vn -0.75528 0.44924 0.47721
vn -0.76519 0.4222 0.48604
vn -0.78854 0.38414 0.48025
vn -0.80032 0.35886 0.48033
vn -0.81104 0.33613 0.47879
vn -0.82434 0.28846 0.48708
vn -0.83603 0.26595 0.47993
vn -0.84896 0.22034 0.48033
vn -0.85047 0.21497 0.48009
vn -0.86303 0.15179 0.48181
vn -0.8628 0.14724 0.48362
vn -0.87251 0.08953 0.48032
vn -0.87382 0.07564 0.48034
vn -0.87711 0.03672 0.47889
vn -0.87265 0.00126 0.48835
vn -0.8764 -0.03777 0.4801
vn -0.87419 -0.07117 0.48034
vn -0.87259 -0.09062 0.47998
vn -0.86147 -0.14445 0.48683
vn -0.86193 -0.16433 0.47967
vn -0.83583 -0.26703 0.47967
vn -0 0 -1
vn -0.92522 0.29433 0.23945
vn -0.8728 0.42519 0.23965
vn -0.7676 0.59457 0.23931
vn -0.67336 0.69942 0.23957
vn -0.39178 0.88835 0.23947
vn -0.25899 0.93568 0.23965
vn -0.06239 0.96893 0.23934
vn 0.07858 0.96769 0.23959
vn 0.40658 0.88167 0.23949
vn 0.52995 0.81346 0.23966
vn 0.68501 0.68809 0.23936
vn 0.77738 0.58161 0.2396
vn 0.93 0.2788 0.2395
vn 0.96919 -0.05803 0.23938
vn 0.95052 -0.19775 0.23961
vn 0.82456 -0.51258 0.23952
vn 0.59801 -0.7649 0.2394
vn 0.48091 -0.84339 0.23962
vn 0.16155 -0.95735 0.23953
vn -0.17754 -0.95455 0.23942
vn -0.31388 -0.91873 0.23963
vn -0.6107 -0.75476 0.23954
vn -0.83303 -0.49873 0.23944
vn -0.24437 -0.07807 -0.96654
vn -0.24436 -0.07807 -0.96654
vn -0.25199 -0.04804 -0.96654
vn -0.25199 -0.04804 -0.96654
vn -0.25595 -0.01732 -0.96654
vn -0.25595 -0.01732 -0.96654
vn -0.25617 0.01366 -0.96654
vn -0.25617 0.01366 -0.96654
vn -0.66847 -0.21356 -0.71242
vn -0.66847 -0.21356 -0.71242
vn -0.68933 -0.13142 -0.71242
vn -0.68933 -0.13142 -0.71242
vn -0.70015 -0.04738 -0.71242
vn -0.70015 -0.04738 -0.71242
vn -0.70076 0.03736 -0.71242
vn -0.70076 0.03736 -0.71242
vn -0.91667 -0.29285 -0.27195
vn -0.18009 -0.18269 -0.96654
vn -0.18009 -0.18269 -0.96654
vn -0.49265 -0.49975 -0.71242
vn -0.49265 -0.49975 -0.71242
vn -0.67558 -0.6853 -0.27195
vn -0.67558 -0.6853 -0.27195
vn -0.10361 -0.23468 -0.96654
vn -0.10361 -0.23468 -0.96654
vn -0.28343 -0.64197 -0.71242
vn -0.28343 -0.64197 -0.71242
vn -0.38866 -0.88033 -0.27195
vn -0.38866 -0.88033 -0.27195
vn 0.01732 -0.25595 -0.96654
vn 0.01732 -0.25595 -0.96654
vn 0.04738 -0.70015 -0.71242
vn 0.04738 -0.70015 -0.71242
vn 0.06497 -0.96012 -0.27195
vn 0.06497 -0.96012 -0.27195
vn 0.10695 -0.23317 -0.96654
vn 0.10695 -0.23317 -0.96654
vn 0.29257 -0.63785 -0.71242
vn 0.29257 -0.63785 -0.71242
vn 0.40121 -0.87469 -0.27195
vn 0.40121 -0.87469 -0.27195
vn 0.20306 -0.15676 -0.96654
vn 0.20306 -0.15676 -0.96654
vn 0.55549 -0.42882 -0.71242
vn 0.55549 -0.42882 -0.71242
vn 0.76174 -0.58805 -0.27195
vn 0.76174 -0.58805 -0.27195
vn 0.24546 -0.07457 -0.96654
vn 0.24546 -0.07457 -0.96654
vn 0.67145 -0.20398 -0.71242
vn 0.67145 -0.20398 -0.71242
vn 0.92076 -0.27972 -0.27195
vn 0.92076 -0.27972 -0.27195
vn 0.25199 0.04804 -0.96654
vn 0.25199 0.04804 -0.96654
vn 0.68933 0.13142 -0.71242
vn 0.68933 0.13142 -0.71242
vn 0.94528 0.18022 -0.27195
vn 0.94529 0.18022 -0.27195
vn 0.21858 0.13428 -0.96654
vn 0.21858 0.13428 -0.96654
vn 0.59794 0.36733 -0.71242
vn 0.59794 0.36733 -0.71242
vn 0.81995 0.50371 -0.27195
vn 0.81995 0.50371 -0.27195
vn 0.04444 0.25265 -0.96654
vn 0.04444 0.25265 -0.96654
vn 0.12156 0.69114 -0.71242
vn 0.12156 0.69114 -0.71242
vn 0.16669 0.94776 -0.27195
vn 0.16669 0.94776 -0.27195
vn -0.15965 0.2008 -0.96654
vn -0.15965 0.2008 -0.96654
vn -0.43672 0.5493 -0.71242
vn -0.43672 0.5493 -0.71242
vn -0.59888 0.75325 -0.27195
vn -0.59887 0.75325 -0.27195
vn -0.91667 -0.29285 -0.27195
vn -0.94529 -0.18022 -0.27195
vn -0.94528 -0.18022 -0.27195
vn -0.96012 -0.06497 -0.27195
vn -0.96012 -0.06497 -0.27195
vn -0.96095 0.05124 -0.27195
vn -0.96095 0.05124 -0.27195
vn -0.23317 -0.10695 -0.96654
vn -0.23317 -0.10695 -0.96654
vn -0.63785 -0.29257 -0.71242
vn -0.63785 -0.29257 -0.71242
vn -0.87469 -0.40121 -0.27195
vn -0.87469 -0.40121 -0.27195
vn -0.9042 -0.41475 0.10198
vn -0.8723 -0.42627 0.23956
vn -0.80135 -0.54808 0.23969
vn -0.84202 -0.51728 0.15304
vn -0.81995 -0.50371 -0.27195
vn -0.81995 -0.50371 -0.27195
vn -0.59794 -0.36733 -0.71242
vn -0.59794 -0.36733 -0.71242
vn -0.21858 -0.13428 -0.96654
vn -0.21858 -0.13428 -0.96654
vn -0.2008 -0.15965 -0.96654
vn -0.2008 -0.15965 -0.96654
vn -0.5493 -0.43672 -0.71242
vn -0.5493 -0.43672 -0.71242
vn -0.75325 -0.59888 -0.27195
vn -0.75325 -0.59887 -0.27195
vn -0.76001 -0.60425 0.2393
vn -0.76001 -0.60425 0.23929
vn -0.68164 -0.69145 0.23929
vn -0.68797 -0.71635 0.11638
vn -0.71353 -0.65835 0.23969
vn -0.564 -0.79024 0.23965
vn -0.60767 -0.78716 0.10541
vn -0.58805 -0.76174 -0.27195
vn -0.58805 -0.76174 -0.27195
vn -0.42882 -0.55549 -0.71242
vn -0.42882 -0.55549 -0.71242
vn -0.15676 -0.20306 -0.96654
vn -0.15676 -0.20306 -0.96654
vn -0.13114 -0.22048 -0.96654
vn -0.35874 -0.60313 -0.71242
vn -0.49194 -0.82707 -0.27195
vn -0.49636 -0.83449 0.23929
vn -0.39215 -0.88823 0.23929
vn -0.39213 -0.89212 0.22442
vn -0.44361 -0.86357 0.23971
vn -0.07457 -0.24546 -0.96654
vn -0.07457 -0.24546 -0.96654
vn -0.20398 -0.67145 -0.71242
vn -0.20398 -0.67145 -0.71242
vn -0.27972 -0.92076 -0.27195
vn -0.27972 -0.92076 -0.27195
vn -0.28923 -0.95208 0.0994
vn -0.25784 -0.93601 0.23957
vn -0.11957 -0.96346 0.2397
vn -0.1709 -0.97169 0.16312
vn -0.16669 -0.94776 -0.27195
vn -0.16669 -0.94776 -0.27195
vn -0.12156 -0.69114 -0.71242
vn -0.12156 -0.69114 -0.71242
vn -0.04444 -0.25265 -0.96654
vn -0.04444 -0.25265 -0.96654
vn -0.01366 -0.25617 -0.96654
vn -0.01366 -0.25617 -0.96654
vn -0.03736 -0.70076 -0.71242
vn -0.03736 -0.70076 -0.71242
vn -0.05124 -0.96095 -0.27195
vn -0.05124 -0.96095 -0.27195
vn -0.0517 -0.96957 0.2393
vn -0.0517 -0.96957 0.2393
vn 0.06555 -0.96873 0.23929
vn 0.08175 -0.99157 0.10049
vn 0.0212 -0.97062 0.23969
vn 0.21905 -0.94582 0.23965
vn 0.18615 -0.97638 0.1097
vn 0.18022 -0.94529 -0.27195
vn 0.18022 -0.94528 -0.27195
vn 0.13142 -0.68933 -0.71242
vn 0.13142 -0.68933 -0.71242
vn 0.04804 -0.25199 -0.96654
vn 0.04804 -0.25199 -0.96654
vn 0.07807 -0.24436 -0.96654
vn 0.07807 -0.24437 -0.96654
vn 0.21356 -0.66847 -0.71242
vn 0.21356 -0.66847 -0.71242
vn 0.29285 -0.91667 -0.27195
vn 0.29285 -0.91667 -0.27195
vn 0.29548 -0.9249 0.23929
vn 0.29548 -0.92489 0.23929
vn 0.40481 -0.88253 0.2393
vn 0.41058 -0.88746 0.20939
vn 0.3537 -0.90412 0.23971
vn 0.13428 -0.21858 -0.96654
vn 0.13428 -0.21858 -0.96654
vn 0.36733 -0.59794 -0.71242
vn 0.36733 -0.59794 -0.71242
vn 0.50371 -0.81995 -0.27195
vn 0.50371 -0.81995 -0.27195
vn 0.52094 -0.84799 0.09768
vn 0.53096 -0.81282 0.23959
vn 0.64305 -0.72735 0.2397
vn 0.61284 -0.77082 0.17398
vn 0.59887 -0.75325 -0.27195
vn 0.59888 -0.75325 -0.27195
vn 0.43672 -0.5493 -0.71242
vn 0.43672 -0.5493 -0.71242
vn 0.15965 -0.2008 -0.96654
vn 0.15965 -0.2008 -0.96654
vn 0.18269 -0.18009 -0.96654
vn 0.18269 -0.18009 -0.96654
vn 0.49975 -0.49265 -0.71242
vn 0.49975 -0.49265 -0.71242
vn 0.6853 -0.67558 -0.27195
vn 0.6853 -0.67558 -0.27195
vn 0.69145 -0.68164 0.23929
vn 0.69145 -0.68164 0.23929
vn 0.76857 -0.59332 0.23929
vn 0.79857 -0.59593 0.08454
vn 0.74161 -0.62656 0.23967
vn 0.85397 -0.46184 0.23966
vn 0.85377 -0.50783 0.11484
vn 0.82707 -0.49194 -0.27195
vn 0.60313 -0.35874 -0.71242
vn 0.22048 -0.13114 -0.96654
vn 0.23468 -0.10361 -0.96654
vn 0.23468 -0.10361 -0.96654
vn 0.64197 -0.28343 -0.71242
vn 0.64197 -0.28343 -0.71242
vn 0.88033 -0.38866 -0.27195
vn 0.88033 -0.38866 -0.27195
vn 0.88823 -0.39215 0.23929
vn 0.88823 -0.39215 0.23929
vn 0.92902 -0.28223 0.23929
vn 0.93999 -0.28054 0.1942
vn 0.91184 -0.3333 0.2397
vn 0.25265 -0.04444 -0.96654
vn 0.25265 -0.04444 -0.96654
vn 0.69114 -0.12156 -0.71242
vn 0.69114 -0.12156 -0.71242
vn 0.94776 -0.16669 -0.27195
vn 0.94776 -0.16669 -0.27195
vn 0.98026 -0.17241 0.09682
vn 0.96072 -0.14 0.2396
vn 0.97085 0.0006 0.2397
vn 0.98123 -0.05232 0.1856
vn 0.96095 -0.05124 -0.27195
vn 0.96095 -0.05124 -0.27195
vn 0.70076 -0.03736 -0.71242
vn 0.70076 -0.03736 -0.71242
vn 0.25617 -0.01366 -0.96654
vn 0.25617 -0.01366 -0.96654
vn 0.25595 0.01732 -0.96654
vn 0.25595 0.01732 -0.96654
vn 0.70015 0.04738 -0.71242
vn 0.70015 0.04738 -0.71242
vn 0.96012 0.06497 -0.27195
vn 0.96012 0.06497 -0.27195
vn 0.96873 0.06555 0.2393
vn 0.96873 0.06555 0.23929
vn 0.95377 0.18184 0.23929
vn 0.97648 0.20441 0.06851
vn 0.96053 0.14118 0.23967
vn 0.91143 0.33443 0.23967
vn 0.94559 0.30209 0.12081
vn 0.91667 0.29285 -0.27195
vn 0.91667 0.29285 -0.27195
vn 0.66847 0.21356 -0.71242
vn 0.66847 0.21356 -0.71242
vn 0.24437 0.07807 -0.96654
vn 0.24436 0.07807 -0.96654
vn 0.23317 0.10695 -0.96654
vn 0.23317 0.10695 -0.96654
vn 0.63785 0.29257 -0.71242
vn 0.63785 0.29257 -0.71242
vn 0.87469 0.40121 -0.27195
vn 0.87469 0.40121 -0.27195
vn 0.88254 0.40481 0.23929
vn 0.88253 0.40481 0.2393
vn 0.82731 0.50823 0.2393
vn 0.83494 0.52046 0.17888
vn 0.85339 0.46289 0.2397
vn 0.74085 0.62748 0.23961
vn 0.77908 0.61941 0.09682
vn 0.75325 0.59887 -0.27195
vn 0.75325 0.59888 -0.27195
vn 0.5493 0.43672 -0.71242
vn 0.5493 0.43672 -0.71242
vn 0.2008 0.15965 -0.96654
vn 0.2008 0.15965 -0.96654
vn 0.64216 0.72813 0.2397
vn 0.68814 0.69805 0.19797
vn 0.67558 0.6853 -0.27195
vn 0.67558 0.6853 -0.27195
vn 0.49265 0.49975 -0.71242
vn 0.49265 0.49975 -0.71242
vn 0.18009 0.18269 -0.96654
vn 0.18009 0.18269 -0.96654
vn 0.15676 0.20306 -0.96654
vn 0.15676 0.20306 -0.96654
vn 0.42882 0.55549 -0.71242
vn 0.42882 0.55549 -0.71242
vn 0.58805 0.76174 -0.27195
vn 0.58805 0.76174 -0.27195
vn 0.59332 0.76857 0.23929
vn 0.59332 0.76857 0.23929
vn 0.13114 0.22048 -0.96654
vn 0.35874 0.60313 -0.71242
vn 0.49194 0.82707 -0.27195
vn 0.50783 0.85377 0.11484
vn 0.47988 0.844 0.23952
vn 0.35259 0.90456 0.23967
vn 0.40058 0.90733 0.12764
vn 0.38866 0.88033 -0.27195
vn 0.38866 0.88033 -0.27195
vn 0.28343 0.64197 -0.71242
vn 0.28343 0.64197 -0.71242
vn 0.10361 0.23468 -0.96654
vn 0.10361 0.23468 -0.96654
vn 0.07457 0.24546 -0.96654
vn 0.07457 0.24546 -0.96654
vn 0.20398 0.67145 -0.71242
vn 0.20398 0.67145 -0.71242
vn 0.27972 0.92076 -0.27195
vn 0.27972 0.92076 -0.27195
vn 0.28223 0.92903 0.23929
vn 0.28223 0.92902 0.23929
vn 0.16819 0.95627 0.2393
vn 0.16295 0.973 0.16343
vn 0.21787 0.94608 0.2397
vn 0.02001 0.97066 0.23962
vn 0.05299 0.99381 0.09768
vn 0.05124 0.96095 -0.27195
vn 0.05124 0.96095 -0.27195
vn 0.03736 0.70076 -0.71242
vn 0.03736 0.70076 -0.71242
vn 0.01366 0.25617 -0.96654
vn 0.01366 0.25617 -0.96654
vn -0.12076 0.96331 0.23971
vn -0.06599 0.97524 0.21106
vn -0.06497 0.96012 -0.27195
vn -0.06497 0.96012 -0.27195
vn -0.04738 0.70015 -0.71242
vn -0.04738 0.70015 -0.71242
vn -0.01732 0.25595 -0.96654
vn -0.01732 0.25595 -0.96654
vn -0.04804 0.25199 -0.96654
vn -0.04804 0.25199 -0.96654
vn -0.13142 0.68933 -0.71242
vn -0.13142 0.68933 -0.71242
vn -0.18022 0.94528 -0.27195
vn -0.18022 0.94529 -0.27195
vn -0.18184 0.95377 0.23929
vn -0.18184 0.95377 0.23929
vn -0.07807 0.24436 -0.96654
vn -0.07807 0.24437 -0.96654
vn -0.21356 0.66847 -0.71242
vn -0.21356 0.66847 -0.71242
vn -0.29285 0.91667 -0.27195
vn -0.29285 0.91667 -0.27195
vn -0.30248 0.94682 0.1097
vn -0.31502 0.91836 0.23953
vn -0.44468 0.86303 0.23969
vn -0.41309 0.90059 0.13529
vn -0.40121 0.87469 -0.27195
vn -0.40121 0.87469 -0.27195
vn -0.29257 0.63785 -0.71242
vn -0.29257 0.63785 -0.71242
vn -0.10695 0.23317 -0.96654
vn -0.10695 0.23317 -0.96654
vn -0.13428 0.21858 -0.96654
vn -0.13428 0.21858 -0.96654
vn -0.36733 0.59794 -0.71242
vn -0.36733 0.59794 -0.71242
vn -0.50371 0.81995 -0.27195
vn -0.50371 0.81995 -0.27195
vn -0.50823 0.82731 0.2393
vn -0.50823 0.82731 0.2393
vn -0.60425 0.76001 0.23929
vn -0.62305 0.76809 0.14785
vn -0.56496 0.78953 0.2397
vn -0.71435 0.65748 0.23963
vn -0.70862 0.69856 0.0994
vn -0.6853 0.67558 -0.27195
vn -0.6853 0.67558 -0.27195
vn -0.49975 0.49265 -0.71242
vn -0.49975 0.49265 -0.71242
vn -0.18269 0.18009 -0.96654
vn -0.18269 0.18009 -0.96654
vn -0.80202 0.54709 0.23971
vn -0.7713 0.59543 0.22485
vn -0.76174 0.58805 -0.27195
vn -0.76174 0.58805 -0.27195
vn -0.55549 0.42882 -0.71242
vn -0.55549 0.42882 -0.71242
vn -0.20306 0.15676 -0.96654
vn -0.20306 0.15676 -0.96654
vn -0.22048 0.13114 -0.96654
vn -0.60313 0.35874 -0.71242
vn -0.82707 0.49194 -0.27195
vn -0.83449 0.49636 0.23929
vn -0.23468 0.10361 -0.96654
vn -0.23468 0.10361 -0.96654
vn -0.64197 0.28343 -0.71242
vn -0.64197 0.28343 -0.71242
vn -0.88033 0.38866 -0.27195
vn -0.88033 0.38866 -0.27195
vn -0.90971 0.40163 0.10541
vn -0.89691 0.37172 0.23954
vn -0.94125 0.23791 0.23969
vn -0.94688 0.28765 0.14376
vn -0.92076 0.27972 -0.27195
vn -0.92076 0.27972 -0.27195
vn -0.67145 0.20398 -0.71242
vn -0.67145 0.20398 -0.71242
vn -0.24546 0.07457 -0.96654
vn -0.24546 0.07457 -0.96654
vn -0.25265 0.04444 -0.96654
vn -0.25265 0.04444 -0.96654
vn -0.69114 0.12156 -0.71242
vn -0.69114 0.12156 -0.71242
vn -0.94776 0.16669 -0.27195
vn -0.94776 0.16669 -0.27195
vn -0.95627 0.16819 0.23929
vn -0.95627 0.16819 0.2393
vn -0.89643 -0.37282 0.23964
vn -0.92489 -0.29548 0.23929
vn -0.9249 -0.29548 0.23929
vn -0.95377 -0.18184 0.23929
vn -0.95377 -0.18184 0.23929
vn -0.96567 -0.10029 0.23964
vn -0.99252 -0.06716 0.10198
vn -0.96998 -0.0418 0.23956
vn -0.96957 0.0517 0.2393
vn -0.99036 0.04146 0.13216
vn -0.96578 0.0991 0.23969
vn 0 -0 1
vn -0 0 -1
vn -0 0 -1
vn -0 0 -1
vn -0 0 -1
vn -0 0 -1
vn -0 0 -1
vn -0 0 -1
vn -0 0 -1
vn -0 0 -1
vn -0 0 -1
vn -0 0 -1
vn -0 0 -1
vn -0 0 -1
vn -0 0 -1
vn -0 0 -1
vn -0 0 -1
vn -0.93003 -0.36749 0
vn -0.80322 -0.59568 0
vn -0.62168 -0.78327 -0
vn -0.39777 -0.91749 -0
vn -0.14675 -0.98917 -0
vn 0.11426 -0.99345 -0
vn 0.11426 -0.99345 -0
vn 0.36749 -0.93003 -0
vn 0.36749 -0.93003 -0
vn 0.59568 -0.80322 -0
vn 0.78327 -0.62168 -0
vn 0.91749 -0.39777 -0
vn 0.98917 -0.14675 -0
vn 0.99345 0.11426 -0
vn 0.93003 0.36749 -0
vn 0.80322 0.59568 -0
vn 0.62168 0.78327 0
vn 0.39777 0.91749 0
vn 0.14675 0.98917 0
vn -0.11426 0.99345 0
vn -0.11426 0.99345 0
vn -0.36749 0.93003 0
vn -0.36749 0.93003 0
vn -0.59568 0.80322 0
vn -0.78327 0.62168 0
vn -0.91749 0.39777 0
vn -0.98917 0.14675 0
vn -0.99345 -0.11426 0
vn -0 0 -1
vn -0.93933 -0.34302 0
vn -0.84748 -0.53082 0
vn -0.7186 -0.69543 -0
vn -0.55831 -0.82963 -0
vn -0.37362 -0.92758 -0
vn -0.1726 -0.98499 -0
vn 0.03597 -0.99935 -0
vn 0.24296 -0.97004 -0
vn 0.43933 -0.89833 -0
vn 0.6165 -0.78735 -0
vn 0.76673 -0.64197 -0
vn 0.88345 -0.46853 -0
vn 0.96156 -0.27461 -0
vn 0.99764 -0.06869 -0
vn 0.99012 0.14023 -0
vn 0.93933 0.34302 -0
vn 0.84748 0.53082 -0
vn 0.7186 0.69543 0
vn 0.55831 0.82963 0
vn 0.37362 0.92758 0
vn 0.1726 0.98499 0
vn -0.03597 0.99935 0
vn -0.24296 0.97004 0
vn -0.43933 0.89833 0
vn -0.6165 0.78735 0
vn -0.76673 0.64197 0
vn -0.88345 0.46853 0
vn -0.96156 0.27461 0
vn -0.99764 0.06869 0
vn -0.99012 -0.14023 0
vn 0.59328 0.45737 0.66244
vn 0.53383 0.52554 0.66244
vn 0.53383 0.52554 0.66244
vn 0.46659 0.58606 0.66244
vn 0.46659 0.58606 0.66244
vn 0.39255 0.63803 0.66244
vn 0.39255 0.63803 0.66244
vn 0.31278 0.68069 0.66244
vn 0.31278 0.68069 0.66244
vn 0.22845 0.71343 0.66244
vn 0.22845 0.71343 0.66244
vn 0.14079 0.73576 0.66244
vn 0.05108 0.74737 0.66244
vn 0.05108 0.74737 0.66244
vn -0.03938 0.74808 0.66244
vn -0.03938 0.74808 0.66244
vn -0.12926 0.73787 0.66244
vn -0.12926 0.73787 0.66244
vn -0.21726 0.71691 0.66244
vn -0.21726 0.71691 0.66244
vn -0.30209 0.6855 0.66244
vn -0.30209 0.6855 0.66244
vn -0.38252 0.64409 0.66244
vn -0.38252 0.64409 0.66244
vn -0.45737 0.59328 0.66244
vn -0.45737 0.59328 0.66244
vn -0.52554 0.53383 0.66244
vn -0.52554 0.53383 0.66244
vn -0.58606 0.46659 0.66244
vn -0.58606 0.46659 0.66244
vn -0.63803 0.39255 0.66244
vn -0.63803 0.39255 0.66244
vn -0.68069 0.31278 0.66244
vn -0.68069 0.31278 0.66244
vn -0.71343 0.22845 0.66244
vn -0.71343 0.22845 0.66244
vn -0.73576 0.14079 0.66244
vn -0.74737 0.05108 0.66244
vn -0.74737 0.05108 0.66244
vn -0.74808 -0.03938 0.66244
vn -0.74808 -0.03938 0.66244
vn -0.73787 -0.12926 0.66244
vn -0.73787 -0.12926 0.66244
vn -0.71691 -0.21726 0.66244
vn -0.71691 -0.21726 0.66244
vn -0.6855 -0.30209 0.66244
vn -0.6855 -0.30209 0.66244
vn -0.64409 -0.38252 0.66244
vn -0.64409 -0.38252 0.66244
vn -0.59328 -0.45737 0.66244
vn -0.59328 -0.45737 0.66244
vn -0.53383 -0.52554 0.66244
vn -0.53383 -0.52554 0.66244
vn -0.46659 -0.58606 0.66244
vn -0.46659 -0.58606 0.66244
vn -0.39255 -0.63803 0.66244
vn -0.39255 -0.63803 0.66244
vn -0.31278 -0.68069 0.66244
vn -0.31278 -0.68069 0.66244
vn -0.22845 -0.71343 0.66244
vn -0.22845 -0.71343 0.66244
vn -0.14079 -0.73576 0.66244
vn -0.05108 -0.74737 0.66244
vn -0.05108 -0.74737 0.66244
vn 0.03938 -0.74808 0.66244
vn 0.03938 -0.74808 0.66244
vn 0.12926 -0.73787 0.66244
vn 0.12926 -0.73787 0.66244
vn 0.21726 -0.71691 0.66244
vn 0.21726 -0.71691 0.66244
vn 0.30209 -0.6855 0.66244
vn 0.30209 -0.6855 0.66244
vn 0.38252 -0.64409 0.66244
vn 0.38252 -0.64409 0.66244
vn 0.45737 -0.59328 0.66244
vn 0.45737 -0.59328 0.66244
vn 0.52554 -0.53383 0.66244
vn 0.52554 -0.53383 0.66244
vn 0.58606 -0.46659 0.66244
vn 0.58606 -0.46659 0.66244
vn 0.63803 -0.39255 0.66244
vn 0.63803 -0.39255 0.66244
vn 0.68069 -0.31278 0.66244
vn 0.68069 -0.31278 0.66244
vn 0.71343 -0.22845 0.66244
vn 0.71343 -0.22845 0.66244
vn 0.73576 -0.14079 0.66244
vn 0.74737 -0.05108 0.66244
vn 0.74737 -0.05108 0.66244
vn 0.74808 0.03938 0.66244
vn 0.74808 0.03938 0.66244
vn 0.73787 0.12926 0.66244
vn 0.73787 0.12926 0.66244
vn 0.71691 0.21726 0.66244
vn 0.71691 0.21726 0.66244
vn 0.6855 0.30209 0.66244
vn 0.6855 0.30209 0.66244
vn 0.64409 0.38252 0.66244
vn 0.64409 0.38252 0.66244
vn 0.59328 0.45737 0.66244
vn 0.65217 0.50276 0.56736
vn 0.58682 0.57771 0.56736
vn 0.58682 0.57771 0.56736
vn 0.5129 0.64423 0.56736
vn 0.5129 0.64423 0.56736
vn 0.43151 0.70136 0.56736
vn 0.43151 0.70136 0.56736
vn 0.34382 0.74825 0.56736
vn 0.34382 0.74825 0.56736
vn 0.25113 0.78424 0.56736
vn 0.25112 0.78424 0.56736
vn 0.15476 0.80879 0.56736
vn 0.05615 0.82155 0.56736
vn 0.05615 0.82155 0.56736
vn -0.04329 0.82233 0.56736
vn -0.04329 0.82233 0.56736
vn -0.1421 0.81112 0.56736
vn -0.1421 0.81112 0.56736
vn -0.23883 0.78807 0.56736
vn -0.23883 0.78807 0.56736
vn -0.33208 0.75354 0.56736
vn -0.33208 0.75354 0.56736
vn -0.42049 0.70802 0.56736
vn -0.42049 0.70802 0.56736
vn -0.50276 0.65217 0.56736
vn -0.50276 0.65217 0.56736
vn -0.57771 0.58682 0.56736
vn -0.57771 0.58682 0.56736
vn -0.64423 0.5129 0.56736
vn -0.64423 0.5129 0.56736
vn -0.70136 0.43151 0.56736
vn -0.70136 0.43151 0.56736
vn -0.74825 0.34382 0.56736
vn -0.74825 0.34382 0.56736
vn -0.78424 0.25113 0.56736
vn -0.78424 0.25112 0.56736
vn -0.80879 0.15476 0.56736
vn -0.82155 0.05615 0.56736
vn -0.82155 0.05615 0.56736
vn -0.82233 -0.04329 0.56736
vn -0.82233 -0.04329 0.56736
vn -0.81112 -0.1421 0.56736
vn -0.81112 -0.1421 0.56736
vn -0.78807 -0.23883 0.56736
vn -0.78807 -0.23883 0.56736
vn -0.75354 -0.33208 0.56736
vn -0.75354 -0.33208 0.56736
vn -0.70802 -0.42049 0.56736
vn -0.70802 -0.42049 0.56736
vn -0.65217 -0.50276 0.56736
vn -0.65217 -0.50276 0.56736
vn -0.58682 -0.57771 0.56736
vn -0.58682 -0.57771 0.56736
vn -0.5129 -0.64423 0.56736
vn -0.5129 -0.64423 0.56736
vn -0.43151 -0.70136 0.56736
vn -0.43151 -0.70136 0.56736
vn -0.34382 -0.74825 0.56736
vn -0.34382 -0.74825 0.56736
vn -0.25113 -0.78424 0.56736
vn -0.25112 -0.78424 0.56736
vn -0.15476 -0.80879 0.56736
vn -0.05615 -0.82155 0.56736
vn -0.05615 -0.82155 0.56736
vn 0.04329 -0.82233 0.56736
vn 0.04329 -0.82233 0.56736
vn 0.1421 -0.81112 0.56736
vn 0.1421 -0.81112 0.56736
vn 0.23883 -0.78807 0.56736
vn 0.23883 -0.78807 0.56736
vn 0.33208 -0.75354 0.56736
vn 0.33208 -0.75354 0.56736
vn 0.42049 -0.70802 0.56736
vn 0.42049 -0.70802 0.56736
vn 0.50276 -0.65217 0.56736
vn 0.50276 -0.65217 0.56736
vn 0.57771 -0.58682 0.56736
vn 0.57771 -0.58682 0.56736
vn 0.64423 -0.5129 0.56736
vn 0.64423 -0.5129 0.56736
vn 0.70136 -0.43151 0.56736
vn 0.70136 -0.43151 0.56736
vn 0.74825 -0.34382 0.56736
vn 0.74825 -0.34382 0.56736
vn 0.78424 -0.25113 0.56736
vn 0.78424 -0.25112 0.56736
vn 0.80879 -0.15476 0.56736
vn 0.82155 -0.05615 0.56736
vn 0.82155 -0.05615 0.56736
vn 0.82233 0.04329 0.56736
vn 0.82233 0.04329 0.56736
vn 0.81112 0.1421 0.56736
vn 0.81112 0.1421 0.56736
vn 0.78807 0.23883 0.56736
vn 0.78807 0.23883 0.56736
vn 0.75354 0.33208 0.56736
vn 0.75354 0.33208 0.56736
vn 0.70802 0.42049 0.56736
vn 0.70802 0.42049 0.56736
vn 0.65217 0.50276 0.56736
vn 0.70154 0.54082 0.46406
vn 0.63124 0.62144 0.46406
vn 0.63124 0.62144 0.46406
vn 0.55173 0.693 0.46406
vn 0.55173 0.693 0.46406
vn 0.46417 0.75445 0.46406
vn 0.46417 0.75445 0.46406
vn 0.36985 0.8049 0.46406
vn 0.36985 0.8049 0.46406
vn 0.27014 0.84361 0.46406
vn 0.27014 0.84361 0.46406
vn 0.16648 0.87002 0.46406
vn 0.0604 0.88374 0.46406
vn 0.0604 0.88374 0.46406
vn -0.04657 0.88458 0.46406
vn -0.04657 0.88458 0.46406
vn -0.15285 0.87252 0.46406
vn -0.15285 0.87252 0.46406
vn -0.25691 0.84773 0.46406
vn -0.25691 0.84773 0.46406
vn -0.35722 0.81058 0.46406
vn -0.35722 0.81058 0.46406
vn -0.45232 0.76162 0.46406
vn -0.45232 0.76162 0.46406
vn -0.54082 0.70154 0.46406
vn -0.54082 0.70154 0.46406
vn -0.62144 0.63124 0.46406
vn -0.62144 0.63124 0.46406
vn -0.693 0.55173 0.46406
vn -0.693 0.55173 0.46406
vn -0.75445 0.46417 0.46406
vn -0.75445 0.46417 0.46406
vn -0.8049 0.36985 0.46406
vn -0.8049 0.36985 0.46406
vn -0.84361 0.27014 0.46406
vn -0.84361 0.27014 0.46406
vn -0.87002 0.16648 0.46406
vn -0.88374 0.0604 0.46406
vn -0.88374 0.0604 0.46406
vn -0.88458 -0.04657 0.46406
vn -0.88458 -0.04657 0.46406
vn -0.87252 -0.15285 0.46406
vn -0.87252 -0.15285 0.46406
vn -0.84773 -0.25691 0.46406
vn -0.84773 -0.25691 0.46406
vn -0.81058 -0.35722 0.46406
vn -0.81058 -0.35722 0.46406
vn -0.76162 -0.45232 0.46406
vn -0.76162 -0.45232 0.46406
vn -0.70154 -0.54082 0.46406
vn -0.70154 -0.54082 0.46406
vn -0.63124 -0.62144 0.46406
vn -0.63124 -0.62144 0.46406
vn -0.55173 -0.693 0.46406
vn -0.55173 -0.693 0.46406
vn -0.46417 -0.75445 0.46406
vn -0.46417 -0.75445 0.46406
vn -0.36985 -0.8049 0.46406
vn -0.36985 -0.8049 0.46406
vn -0.27014 -0.84361 0.46406
vn -0.27014 -0.84361 0.46406
vn -0.16648 -0.87002 0.46406
vn -0.0604 -0.88374 0.46406
vn -0.0604 -0.88374 0.46406
vn 0.04657 -0.88458 0.46406
vn 0.04657 -0.88458 0.46406
vn 0.15285 -0.87252 0.46406
vn 0.15285 -0.87252 0.46406
vn 0.25691 -0.84773 0.46406
vn 0.25691 -0.84773 0.46406
vn 0.35722 -0.81058 0.46406
vn 0.35722 -0.81058 0.46406
vn 0.45232 -0.76162 0.46406
vn 0.45232 -0.76162 0.46406
vn 0.54082 -0.70154 0.46406
vn 0.54082 -0.70154 0.46406
vn 0.62144 -0.63124 0.46406
vn 0.62144 -0.63124 0.46406
vn 0.693 -0.55173 0.46406
vn 0.693 -0.55173 0.46406
vn 0.75445 -0.46417 0.46406
vn 0.75445 -0.46417 0.46406
vn 0.8049 -0.36985 0.46406
vn 0.8049 -0.36985 0.46406
vn 0.84361 -0.27014 0.46406
vn 0.84361 -0.27014 0.46406
vn 0.87002 -0.16648 0.46406
vn 0.88374 -0.0604 0.46406
vn 0.88374 -0.0604 0.46406
vn 0.88458 0.04657 0.46406
vn 0.88458 0.04657 0.46406
vn 0.87252 0.15285 0.46406
vn 0.87252 0.15285 0.46406
vn 0.84773 0.25691 0.46406
vn 0.84773 0.25691 0.46406
vn 0.81058 0.35722 0.46406
vn 0.81058 0.35722 0.46406
vn 0.76162 0.45232 0.46406
vn 0.76162 0.45232 0.46406
vn 0.70154 0.54082 0.46406
vn 0.74069 0.571 0.35404
vn 0.66646 0.65612 0.35404
vn 0.66646 0.65612 0.35404
vn 0.58251 0.73166 0.35404
vn 0.58251 0.73167 0.35404
vn 0.49007 0.79654 0.35404
vn 0.49007 0.79654 0.35404
vn 0.39049 0.84981 0.35404
vn 0.39049 0.84981 0.35404
vn 0.28521 0.89068 0.35404
vn 0.28521 0.89068 0.35404
vn 0.17577 0.91856 0.35404
vn 0.06377 0.93305 0.35404
vn 0.06377 0.93305 0.35404
vn -0.04917 0.93394 0.35404
vn -0.04917 0.93394 0.35404
vn -0.16138 0.9212 0.35404
vn -0.16138 0.9212 0.35404
vn -0.27124 0.89503 0.35404
vn -0.27124 0.89503 0.35404
vn -0.37715 0.85581 0.35404
vn -0.37715 0.85581 0.35404
vn -0.47756 0.80411 0.35404
vn -0.47756 0.80411 0.35404
vn -0.571 0.74069 0.35404
vn -0.571 0.74069 0.35404
vn -0.65612 0.66646 0.35404
vn -0.65612 0.66646 0.35404
vn -0.73166 0.58251 0.35404
vn -0.73167 0.58251 0.35404
vn -0.79654 0.49007 0.35404
vn -0.79654 0.49007 0.35404
vn -0.84981 0.39049 0.35404
vn -0.84981 0.39049 0.35404
vn -0.89068 0.28521 0.35404
vn -0.89068 0.28521 0.35404
vn -0.91856 0.17577 0.35404
vn -0.93305 0.06377 0.35404
vn -0.93305 0.06377 0.35404
vn -0.93394 -0.04917 0.35404
vn -0.93394 -0.04917 0.35404
vn -0.9212 -0.16138 0.35404
vn -0.9212 -0.16138 0.35404
vn -0.89503 -0.27124 0.35404
vn -0.89503 -0.27124 0.35404
vn -0.85581 -0.37715 0.35404
vn -0.85581 -0.37715 0.35404
vn -0.80411 -0.47756 0.35404
vn -0.80411 -0.47756 0.35404
vn -0.74069 -0.571 0.35404
vn -0.74069 -0.571 0.35404
vn -0.66646 -0.65612 0.35404
vn -0.66646 -0.65612 0.35404
vn -0.58251 -0.73166 0.35404
vn -0.58251 -0.73167 0.35404
vn -0.49007 -0.79654 0.35404
vn -0.49007 -0.79654 0.35404
vn -0.39049 -0.84981 0.35404
vn -0.39049 -0.84981 0.35404
vn -0.28521 -0.89068 0.35404
vn -0.28521 -0.89068 0.35404
vn -0.17577 -0.91856 0.35404
vn -0.06377 -0.93305 0.35404
vn -0.06377 -0.93305 0.35404
vn 0.04917 -0.93394 0.35404
vn 0.04917 -0.93394 0.35404
vn 0.16138 -0.9212 0.35404
vn 0.16138 -0.9212 0.35404
vn 0.27124 -0.89503 0.35404
vn 0.27124 -0.89503 0.35404
vn 0.37715 -0.85581 0.35404
vn 0.37715 -0.85581 0.35404
vn 0.47756 -0.80411 0.35404
vn 0.47756 -0.80411 0.35404
vn 0.571 -0.74069 0.35404
vn 0.571 -0.74069 0.35404
vn 0.65612 -0.66646 0.35404
vn 0.65612 -0.66646 0.35404
vn 0.73166 -0.58251 0.35404
vn 0.73167 -0.58251 0.35404
vn 0.79654 -0.49007 0.35404
vn 0.79654 -0.49007 0.35404
vn 0.84981 -0.39049 0.35404
vn 0.84981 -0.39049 0.35404
vn 0.89068 -0.28521 0.35404
vn 0.89068 -0.28521 0.35404
vn 0.91856 -0.17577 0.35404
vn 0.93305 -0.06377 0.35404
vn 0.93305 -0.06377 0.35404
vn 0.93394 0.04917 0.35404
vn 0.93394 0.04917 0.35404
vn 0.9212 0.16138 0.35404
vn 0.9212 0.16138 0.35404
vn 0.89503 0.27124 0.35404
vn 0.89503 0.27124 0.35404
vn 0.85581 0.37715 0.35404
vn 0.85581 0.37715 0.35404
vn 0.80411 0.47756 0.35404
vn 0.80411 0.47756 0.35404
vn 0.74069 0.571 0.35404
vn 0.76905 0.59286 0.2389
vn 0.69198 0.68124 0.2389
vn 0.69198 0.68124 0.2389
vn 0.60482 0.75968 0.2389
vn 0.60482 0.75968 0.2389
vn 0.50884 0.82705 0.2389
vn 0.50884 0.82705 0.2389
vn 0.40544 0.88235 0.2389
vn 0.40544 0.88235 0.2389
vn 0.29613 0.92479 0.2389
vn 0.29613 0.92479 0.2389
vn 0.1825 0.95374 0.2389
vn 0.06621 0.96878 0.2389
vn 0.06621 0.96878 0.2389
vn -0.05105 0.9697 0.2389
vn -0.05105 0.9697 0.2389
vn -0.16756 0.95648 0.2389
vn -0.16756 0.95648 0.2389
vn -0.28163 0.92931 0.2389
vn -0.28163 0.92931 0.2389
vn -0.39159 0.88858 0.2389
vn -0.39159 0.88858 0.2389
vn -0.49584 0.8349 0.2389
vn -0.49584 0.8349 0.2389
vn -0.59286 0.76905 0.2389
vn -0.59286 0.76905 0.2389
vn -0.68124 0.69198 0.2389
vn -0.68124 0.69198 0.2389
vn -0.75968 0.60482 0.2389
vn -0.75968 0.60482 0.2389
vn -0.82705 0.50884 0.2389
vn -0.82705 0.50884 0.2389
vn -0.88235 0.40544 0.2389
vn -0.88235 0.40544 0.2389
vn -0.92479 0.29613 0.2389
vn -0.92479 0.29613 0.2389
vn -0.95374 0.1825 0.2389
vn -0.96878 0.06621 0.2389
vn -0.96878 0.06621 0.2389
vn -0.9697 -0.05105 0.2389
vn -0.9697 -0.05105 0.2389
vn -0.95648 -0.16756 0.2389
vn -0.95648 -0.16756 0.2389
vn -0.92931 -0.28163 0.2389
vn -0.92931 -0.28163 0.2389
vn -0.88858 -0.39159 0.2389
vn -0.88858 -0.39159 0.2389
vn -0.8349 -0.49584 0.2389
vn -0.8349 -0.49584 0.2389
vn -0.76905 -0.59286 0.2389
vn -0.76905 -0.59286 0.2389
vn -0.69198 -0.68124 0.2389
vn -0.69198 -0.68124 0.2389
vn -0.60482 -0.75968 0.2389
vn -0.60482 -0.75968 0.2389
vn -0.50884 -0.82705 0.2389
vn -0.50884 -0.82705 0.2389
vn -0.40544 -0.88235 0.2389
vn -0.40544 -0.88235 0.2389
vn -0.29613 -0.92479 0.2389
vn -0.29613 -0.92479 0.2389
vn -0.1825 -0.95374 0.2389
vn -0.06621 -0.96878 0.2389
vn -0.06621 -0.96878 0.2389
vn 0.05105 -0.9697 0.2389
vn 0.05105 -0.9697 0.2389
vn 0.16756 -0.95648 0.2389
vn 0.16756 -0.95648 0.2389
vn 0.28163 -0.92931 0.2389
vn 0.28163 -0.92931 0.2389
vn 0.39159 -0.88858 0.2389
vn 0.39159 -0.88858 0.2389
vn 0.49584 -0.8349 0.2389
vn 0.49584 -0.8349 0.2389
vn 0.59286 -0.76905 0.2389
vn 0.59286 -0.76905 0.2389
vn 0.68124 -0.69198 0.2389
vn 0.68124 -0.69198 0.2389
vn 0.75968 -0.60482 0.2389
vn 0.75968 -0.60482 0.2389
vn 0.82705 -0.50884 0.2389
vn 0.82705 -0.50884 0.2389
vn 0.88235 -0.40544 0.2389
vn 0.88235 -0.40544 0.2389
vn 0.92479 -0.29613 0.2389
vn 0.92479 -0.29613 0.2389
vn 0.95374 -0.1825 0.2389
vn 0.96878 -0.06621 0.2389
vn 0.96878 -0.06621 0.2389
vn 0.9697 0.05105 0.2389
vn 0.9697 0.05105 0.2389
vn 0.95648 0.16756 0.2389
vn 0.95648 0.16756 0.2389
vn 0.92931 0.28163 0.2389
vn 0.92931 0.28163 0.2389
vn 0.88858 0.39159 0.2389
vn 0.88858 0.39159 0.2389
vn 0.8349 0.49584 0.2389
vn 0.8349 0.49584 0.2389
vn 0.76905 0.59286 0.2389
vn 0.78623 0.60611 0.12032
vn 0.70744 0.69646 0.12032
vn 0.70744 0.69646 0.12032
vn 0.61833 0.77665 0.12032
vn 0.61833 0.77665 0.12032
vn 0.52021 0.84552 0.12032
vn 0.52021 0.84552 0.12032
vn 0.4145 0.90206 0.12032
vn 0.4145 0.90206 0.12032
vn 0.30275 0.94545 0.12032
vn 0.30274 0.94545 0.12032
vn 0.18658 0.97504 0.12032
vn 0.06769 0.99042 0.12032
vn 0.06769 0.99042 0.12032
vn -0.05219 0.99136 0.12032
vn -0.05219 0.99136 0.12032
vn -0.1713 0.97784 0.12032
vn -0.1713 0.97784 0.12032
vn -0.28792 0.95007 0.12032
vn -0.28792 0.95007 0.12032
vn -0.40034 0.90843 0.12032
vn -0.40034 0.90843 0.12032
vn -0.50692 0.85355 0.12032
vn -0.50692 0.85355 0.12032
vn -0.60611 0.78623 0.12032
vn -0.60611 0.78623 0.12032
vn -0.69646 0.70744 0.12032
vn -0.69646 0.70744 0.12032
vn -0.77665 0.61833 0.12032
vn -0.77665 0.61833 0.12032
vn -0.84552 0.52021 0.12032
vn -0.84552 0.52021 0.12032
vn -0.90206 0.4145 0.12032
vn -0.90206 0.4145 0.12032
vn -0.94545 0.30275 0.12032
vn -0.94545 0.30274 0.12032
vn -0.97504 0.18658 0.12032
vn -0.99042 0.06769 0.12032
vn -0.99042 0.06769 0.12032
vn -0.99136 -0.05219 0.12032
vn -0.99136 -0.05219 0.12032
vn -0.97784 -0.1713 0.12032
vn -0.97784 -0.1713 0.12032
vn -0.95007 -0.28792 0.12032
vn -0.95007 -0.28792 0.12032
vn -0.90843 -0.40034 0.12032
vn -0.90843 -0.40034 0.12032
vn -0.85355 -0.50692 0.12032
vn -0.85355 -0.50692 0.12032
vn -0.78623 -0.60611 0.12032
vn -0.78623 -0.60611 0.12032
vn -0.70744 -0.69646 0.12032
vn -0.70744 -0.69646 0.12032
vn -0.61833 -0.77665 0.12032
vn -0.61833 -0.77665 0.12032
vn -0.52021 -0.84552 0.12032
vn -0.52021 -0.84552 0.12032
vn -0.4145 -0.90206 0.12032
vn -0.4145 -0.90206 0.12032
vn -0.30275 -0.94545 0.12032
vn -0.30274 -0.94545 0.12032
vn -0.18658 -0.97504 0.12032
vn -0.06769 -0.99042 0.12032
vn -0.06769 -0.99042 0.12032
vn 0.05219 -0.99136 0.12032
vn 0.05219 -0.99136 0.12032
vn 0.1713 -0.97784 0.12032
vn 0.1713 -0.97784 0.12032
vn 0.28792 -0.95007 0.12032
vn 0.28792 -0.95007 0.12032
vn 0.40034 -0.90843 0.12032
vn 0.40034 -0.90843 0.12032
vn 0.50692 -0.85355 0.12032
vn 0.50692 -0.85355 0.12032
vn 0.60611 -0.78623 0.12032
vn 0.60611 -0.78623 0.12032
vn 0.69646 -0.70744 0.12032
vn 0.69646 -0.70744 0.12032
vn 0.77665 -0.61833 0.12032
vn 0.77665 -0.61833 0.12032
vn 0.84552 -0.52021 0.12032
vn 0.84552 -0.52021 0.12032
vn 0.90206 -0.4145 0.12032
vn 0.90206 -0.4145 0.12032
vn 0.94545 -0.30275 0.12032
vn 0.94545 -0.30274 0.12032
vn 0.97504 -0.18658 0.12032
vn 0.99042 -0.06769 0.12032
vn 0.99042 -0.06769 0.12032
vn 0.99136 0.05219 0.12032
vn 0.99136 0.05219 0.12032
vn 0.97784 0.1713 0.12032
vn 0.97784 0.1713 0.12032
vn 0.95007 0.28792 0.12032
vn 0.95007 0.28792 0.12032
vn 0.90843 0.40034 0.12032
vn 0.90843 0.40034 0.12032
vn 0.85355 0.50692 0.12032
vn 0.85355 0.50692 0.12032
vn 0.78623 0.60611 0.12032
vn 0.79198 0.61054 0
vn 0.71262 0.70156 0
vn 0.62286 0.78234 0
vn 0.52401 0.85171 0
vn 0.41753 0.90866 0
vn 0.30496 0.95236 0
vn 0.18794 0.98218 0
vn 0.06818 0.99767 0
vn -0.05257 0.99862 0
vn -0.17256 0.985 0
vn -0.29003 0.95702 0
vn -0.40327 0.91508 0
vn -0.51063 0.8598 0
vn -0.61054 0.79198 0
vn -0.70156 0.71262 0
vn -0.78234 0.62286 0
vn -0.85171 0.52401 0
vn -0.90866 0.41753 0
vn -0.95236 0.30496 -0
vn -0.98218 0.18794 -0
vn -0.99767 0.06818 -0
vn -0.99862 -0.05257 -0
vn -0.985 -0.17256 -0
vn -0.95702 -0.29003 -0
vn -0.91508 -0.40327 -0
vn -0.8598 -0.51063 -0
vn -0.79198 -0.61054 -0
vn -0.71262 -0.70156 -0
vn -0.62286 -0.78234 -0
vn -0.52401 -0.85171 -0
vn -0.41753 -0.90866 -0
vn -0.30496 -0.95236 -0
vn -0.18794 -0.98218 -0
vn -0.06818 -0.99767 -0
vn 0.05257 -0.99862 -0
vn 0.17256 -0.985 -0
vn 0.29003 -0.95702 -0
vn 0.40327 -0.91508 -0
vn 0.51063 -0.8598 -0
vn 0.61054 -0.79198 -0
vn 0.70156 -0.71262 -0
vn 0.78234 -0.62286 -0
vn 0.85171 -0.52401 -0
vn 0.90866 -0.41753 -0
vn 0.95236 -0.30496 0
vn 0.98218 -0.18794 0
vn 0.99767 -0.06818 0
vn 0.99862 0.05257 0
vn 0.985 0.17256 0
vn 0.95702 0.29003 0
vn 0.91508 0.40327 0
vn 0.8598 0.51063 0
vn 0.78623 0.60611 -0.12032
vn 0.70744 0.69646 -0.12032
vn 0.70744 0.69646 -0.12032
vn 0.61833 0.77665 -0.12032
vn 0.61833 0.77665 -0.12032
vn 0.52021 0.84552 -0.12032
vn 0.52021 0.84552 -0.12032
vn 0.4145 0.90206 -0.12032
vn 0.4145 0.90206 -0.12032
vn 0.30274 0.94545 -0.12032
vn 0.30275 0.94545 -0.12032
vn 0.18658 0.97504 -0.12032
vn 0.06769 0.99042 -0.12032
vn 0.06769 0.99042 -0.12032
vn -0.05219 0.99136 -0.12032
vn -0.05219 0.99136 -0.12032
vn -0.1713 0.97784 -0.12032
vn -0.1713 0.97784 -0.12032
vn -0.28792 0.95007 -0.12032
vn -0.28792 0.95007 -0.12032
vn -0.40034 0.90843 -0.12032
vn -0.40034 0.90843 -0.12032
vn -0.50692 0.85355 -0.12032
vn -0.50692 0.85355 -0.12032
vn -0.60611 0.78623 -0.12032
vn -0.60611 0.78623 -0.12032
vn -0.69646 0.70744 -0.12032
vn -0.69646 0.70744 -0.12032
vn -0.77665 0.61833 -0.12032
vn -0.77665 0.61833 -0.12032
vn -0.84552 0.52021 -0.12032
vn -0.84552 0.52021 -0.12032
vn -0.90206 0.4145 -0.12032
vn -0.90206 0.4145 -0.12032
vn -0.94545 0.30274 -0.12032
vn -0.94545 0.30275 -0.12032
vn -0.97504 0.18658 -0.12032
vn -0.99042 0.06769 -0.12032
vn -0.99042 0.06769 -0.12032
vn -0.99136 -0.05219 -0.12032
vn -0.99136 -0.05219 -0.12032
vn -0.97784 -0.1713 -0.12032
vn -0.97784 -0.1713 -0.12032
vn -0.95007 -0.28792 -0.12032
vn -0.95007 -0.28792 -0.12032
vn -0.90843 -0.40034 -0.12032
vn -0.90843 -0.40034 -0.12032
vn -0.85355 -0.50692 -0.12032
vn -0.85355 -0.50692 -0.12032
vn -0.78623 -0.60611 -0.12032
vn -0.78623 -0.60611 -0.12032
vn -0.70744 -0.69646 -0.12032
vn -0.70744 -0.69646 -0.12032
vn -0.61833 -0.77665 -0.12032
vn -0.61833 -0.77665 -0.12032
vn -0.52021 -0.84552 -0.12032
vn -0.52021 -0.84552 -0.12032
vn -0.4145 -0.90206 -0.12032
vn -0.4145 -0.90206 -0.12032
vn -0.30274 -0.94545 -0.12032
vn -0.30275 -0.94545 -0.12032
vn -0.18658 -0.97504 -0.12032
vn -0.06769 -0.99042 -0.12032
vn -0.06769 -0.99042 -0.12032
vn 0.05219 -0.99136 -0.12032
vn 0.05219 -0.99136 -0.12032
vn 0.1713 -0.97784 -0.12032
vn 0.1713 -0.97784 -0.12032
vn 0.28792 -0.95007 -0.12032
vn 0.28792 -0.95007 -0.12032
vn 0.40034 -0.90843 -0.12032
vn 0.40034 -0.90843 -0.12032
vn 0.50692 -0.85355 -0.12032
vn 0.50692 -0.85355 -0.12032
vn 0.60611 -0.78623 -0.12032
vn 0.60611 -0.78623 -0.12032
vn 0.69646 -0.70744 -0.12032
vn 0.69646 -0.70744 -0.12032
vn 0.77665 -0.61833 -0.12032
vn 0.77665 -0.61833 -0.12032
vn 0.84552 -0.52021 -0.12032
vn 0.84552 -0.52021 -0.12032
vn 0.90206 -0.4145 -0.12032
vn 0.90206 -0.4145 -0.12032
vn 0.94545 -0.30274 -0.12032
vn 0.94545 -0.30275 -0.12032
vn 0.97504 -0.18658 -0.12032
vn 0.99042 -0.06769 -0.12032
vn 0.99042 -0.06769 -0.12032
vn 0.99136 0.05219 -0.12032
vn 0.99136 0.05219 -0.12032
vn 0.97784 0.1713 -0.12032
vn 0.97784 0.1713 -0.12032
vn 0.95007 0.28792 -0.12032
vn 0.95007 0.28792 -0.12032
vn 0.90843 0.40034 -0.12032
vn 0.90843 0.40034 -0.12032
vn 0.85355 0.50692 -0.12032
vn 0.85355 0.50692 -0.12032
vn 0.78623 0.60611 -0.12032
vn 0.76905 0.59286 -0.2389
vn 0.69198 0.68124 -0.2389
vn 0.69198 0.68124 -0.2389
vn 0.60482 0.75968 -0.2389
vn 0.60482 0.75968 -0.2389
vn 0.50884 0.82705 -0.2389
vn 0.50884 0.82705 -0.2389
vn 0.40544 0.88235 -0.2389
vn 0.40544 0.88235 -0.2389
vn 0.29613 0.92479 -0.2389
vn 0.29613 0.92479 -0.2389
vn 0.1825 0.95374 -0.2389
vn 0.06621 0.96878 -0.2389
vn 0.06621 0.96878 -0.2389
vn -0.05105 0.9697 -0.2389
vn -0.05105 0.9697 -0.2389
vn -0.16756 0.95648 -0.2389
vn -0.16756 0.95648 -0.2389
vn -0.28163 0.92931 -0.2389
vn -0.28163 0.92931 -0.2389
vn -0.39159 0.88858 -0.2389
vn -0.39159 0.88858 -0.2389
vn -0.49584 0.8349 -0.2389
vn -0.49584 0.8349 -0.2389
vn -0.59286 0.76905 -0.2389
vn -0.59286 0.76905 -0.2389
vn -0.68124 0.69198 -0.2389
vn -0.68124 0.69198 -0.2389
vn -0.75968 0.60482 -0.2389
vn -0.75968 0.60482 -0.2389
vn -0.82705 0.50884 -0.2389
vn -0.82705 0.50884 -0.2389
vn -0.88235 0.40544 -0.2389
vn -0.88235 0.40544 -0.2389
vn -0.92479 0.29613 -0.2389
vn -0.92479 0.29613 -0.2389
vn -0.95374 0.1825 -0.2389
vn -0.96878 0.06621 -0.2389
vn -0.96878 0.06621 -0.2389
vn -0.9697 -0.05105 -0.2389
vn -0.9697 -0.05105 -0.2389
vn -0.95648 -0.16756 -0.2389
vn -0.95648 -0.16756 -0.2389
vn -0.92931 -0.28163 -0.2389
vn -0.92931 -0.28163 -0.2389
vn -0.88858 -0.39159 -0.2389
vn -0.88858 -0.39159 -0.2389
vn -0.8349 -0.49584 -0.2389
vn -0.8349 -0.49584 -0.2389
vn -0.76905 -0.59286 -0.2389
vn -0.76905 -0.59286 -0.2389
vn -0.69198 -0.68124 -0.2389
vn -0.69198 -0.68124 -0.2389
vn -0.60482 -0.75968 -0.2389
vn -0.60482 -0.75968 -0.2389
vn -0.50884 -0.82705 -0.2389
vn -0.50884 -0.82705 -0.2389
vn -0.40544 -0.88235 -0.2389
vn -0.40544 -0.88235 -0.2389
vn -0.29613 -0.92479 -0.2389
vn -0.29613 -0.92479 -0.2389
vn -0.1825 -0.95374 -0.2389
vn -0.06621 -0.96878 -0.2389
vn -0.06621 -0.96878 -0.2389
vn 0.05105 -0.9697 -0.2389
vn 0.05105 -0.9697 -0.2389
vn 0.16756 -0.95648 -0.2389
vn 0.16756 -0.95648 -0.2389
vn 0.28163 -0.92931 -0.2389
vn 0.28163 -0.92931 -0.2389
vn 0.39159 -0.88858 -0.2389
vn 0.39159 -0.88858 -0.2389
vn 0.49584 -0.8349 -0.2389
vn 0.49584 -0.8349 -0.2389
vn 0.59286 -0.76905 -0.2389
vn 0.59286 -0.76905 -0.2389
vn 0.68124 -0.69198 -0.2389
vn 0.68124 -0.69198 -0.2389
vn 0.75968 -0.60482 -0.2389
vn 0.75968 -0.60482 -0.2389
vn 0.82705 -0.50884 -0.2389
vn 0.82705 -0.50884 -0.2389
vn 0.88235 -0.40544 -0.2389
vn 0.88235 -0.40544 -0.2389
vn 0.92479 -0.29613 -0.2389
vn 0.92479 -0.29613 -0.2389
vn 0.95374 -0.1825 -0.2389
vn 0.96878 -0.06621 -0.2389
vn 0.96878 -0.06621 -0.2389
vn 0.9697 0.05105 -0.2389
vn 0.9697 0.05105 -0.2389
vn 0.95648 0.16756 -0.2389
vn 0.95648 0.16756 -0.2389
vn 0.92931 0.28163 -0.2389
vn 0.92931 0.28163 -0.2389
vn 0.88858 0.39159 -0.2389
vn 0.88858 0.39159 -0.2389
vn 0.8349 0.49584 -0.2389
vn 0.8349 0.49584 -0.2389
vn 0.76905 0.59286 -0.2389
vn 0.74069 0.571 -0.35404
vn 0.66646 0.65612 -0.35404
vn 0.66646 0.65612 -0.35404
vn 0.58251 0.73167 -0.35404
vn 0.58251 0.73166 -0.35404
vn 0.49007 0.79654 -0.35404
vn 0.49007 0.79654 -0.35404
vn 0.39049 0.84981 -0.35404
vn 0.39049 0.84981 -0.35404
vn 0.28521 0.89068 -0.35404
vn 0.28521 0.89068 -0.35404
vn 0.17577 0.91856 -0.35404
vn 0.06377 0.93305 -0.35404
vn 0.06377 0.93305 -0.35404
vn -0.04917 0.93394 -0.35404
vn -0.04917 0.93394 -0.35404
vn -0.16138 0.9212 -0.35404
vn -0.16138 0.9212 -0.35404
vn -0.27124 0.89503 -0.35404
vn -0.27124 0.89503 -0.35404
vn -0.37715 0.85581 -0.35404
vn -0.37715 0.85581 -0.35404
vn -0.47756 0.80411 -0.35404
vn -0.47756 0.80411 -0.35404
vn -0.571 0.74069 -0.35404
vn -0.571 0.74069 -0.35404
vn -0.65612 0.66646 -0.35404
vn -0.65612 0.66646 -0.35404
vn -0.73167 0.58251 -0.35404
vn -0.73166 0.58251 -0.35404
vn -0.79654 0.49007 -0.35404
vn -0.79654 0.49007 -0.35404
vn -0.84981 0.39049 -0.35404
vn -0.84981 0.39049 -0.35404
vn -0.89068 0.28521 -0.35404
vn -0.89068 0.28521 -0.35404
vn -0.91856 0.17577 -0.35404
vn -0.93305 0.06377 -0.35404
vn -0.93305 0.06377 -0.35404
vn -0.93394 -0.04917 -0.35404
vn -0.93394 -0.04917 -0.35404
vn -0.9212 -0.16138 -0.35404
vn -0.9212 -0.16138 -0.35404
vn -0.89503 -0.27124 -0.35404
vn -0.89503 -0.27124 -0.35404
vn -0.85581 -0.37715 -0.35404
vn -0.85581 -0.37715 -0.35404
vn -0.80411 -0.47756 -0.35404
vn -0.80411 -0.47756 -0.35404
vn -0.74069 -0.571 -0.35404
vn -0.74069 -0.571 -0.35404
vn -0.66646 -0.65612 -0.35404
vn -0.66646 -0.65612 -0.35404
vn -0.58251 -0.73167 -0.35404
vn -0.58251 -0.73166 -0.35404
vn -0.49007 -0.79654 -0.35404
vn -0.49007 -0.79654 -0.35404
vn -0.39049 -0.84981 -0.35404
vn -0.39049 -0.84981 -0.35404
vn -0.28521 -0.89068 -0.35404
vn -0.28521 -0.89068 -0.35404
vn -0.17577 -0.91856 -0.35404
vn -0.06377 -0.93305 -0.35404
vn -0.06377 -0.93305 -0.35404
vn 0.04917 -0.93394 -0.35404
vn 0.04917 -0.93394 -0.35404
vn 0.16138 -0.9212 -0.35404
vn 0.16138 -0.9212 -0.35404
vn 0.27124 -0.89503 -0.35404
vn 0.27124 -0.89503 -0.35404
vn 0.37715 -0.85581 -0.35404
vn 0.37715 -0.85581 -0.35404
vn 0.47756 -0.80411 -0.35404
vn 0.47756 -0.80411 -0.35404
vn 0.571 -0.74069 -0.35404
vn 0.571 -0.74069 -0.35404
vn 0.65612 -0.66646 -0.35404
vn 0.65612 -0.66646 -0.35404
vn 0.73167 -0.58251 -0.35404
vn 0.73166 -0.58251 -0.35404
vn 0.79654 -0.49007 -0.35404
vn 0.79654 -0.49007 -0.35404
vn 0.84981 -0.39049 -0.35404
vn 0.84981 -0.39049 -0.35404
vn 0.89068 -0.28521 -0.35404
vn 0.89068 -0.28521 -0.35404
vn 0.91856 -0.17577 -0.35404
vn 0.93305 -0.06377 -0.35404
vn 0.93305 -0.06377 -0.35404
vn 0.93394 0.04917 -0.35404
vn 0.93394 0.04917 -0.35404
vn 0.9212 0.16138 -0.35404
vn 0.9212 0.16138 -0.35404
vn 0.89503 0.27124 -0.35404
vn 0.89503 0.27124 -0.35404
vn 0.85581 0.37715 -0.35404
vn 0.85581 0.37715 -0.35404
vn 0.80411 0.47756 -0.35404
vn 0.80411 0.47756 -0.35404
vn 0.74069 0.571 -0.35404
vn 0.70154 0.54082 -0.46406
vn 0.63124 0.62144 -0.46406
vn 0.63124 0.62144 -0.46406
vn 0.55173 0.693 -0.46406
vn 0.55173 0.693 -0.46406
vn 0.46417 0.75445 -0.46406
vn 0.46417 0.75445 -0.46406
vn 0.36985 0.8049 -0.46406
vn 0.36985 0.8049 -0.46406
vn 0.27014 0.84361 -0.46406
vn 0.27014 0.84361 -0.46406
vn 0.16648 0.87002 -0.46406
vn 0.0604 0.88374 -0.46406
vn 0.0604 0.88374 -0.46406
vn -0.04657 0.88458 -0.46406
vn -0.04657 0.88458 -0.46406
vn -0.15285 0.87252 -0.46406
vn -0.15285 0.87252 -0.46406
vn -0.25691 0.84773 -0.46406
vn -0.25691 0.84773 -0.46406
vn -0.35722 0.81058 -0.46406
vn -0.35722 0.81058 -0.46406
vn -0.45232 0.76162 -0.46406
vn -0.45232 0.76162 -0.46406
vn -0.54082 0.70154 -0.46406
vn -0.54082 0.70154 -0.46406
vn -0.62144 0.63124 -0.46406
vn -0.62144 0.63124 -0.46406
vn -0.693 0.55173 -0.46406
vn -0.693 0.55173 -0.46406
vn -0.75445 0.46417 -0.46406
vn -0.75445 0.46417 -0.46406
vn -0.8049 0.36985 -0.46406
vn -0.8049 0.36985 -0.46406
vn -0.84361 0.27014 -0.46406
vn -0.84361 0.27014 -0.46406
vn -0.87002 0.16648 -0.46406
vn -0.88374 0.0604 -0.46406
vn -0.88374 0.0604 -0.46406
vn -0.88458 -0.04657 -0.46406
vn -0.88458 -0.04657 -0.46406
vn -0.87252 -0.15285 -0.46406
vn -0.87252 -0.15285 -0.46406
vn -0.84773 -0.25691 -0.46406
vn -0.84773 -0.25691 -0.46406
vn -0.81058 -0.35722 -0.46406
vn -0.81058 -0.35722 -0.46406
vn -0.76162 -0.45232 -0.46406
vn -0.76162 -0.45232 -0.46406
vn -0.70154 -0.54082 -0.46406
vn -0.70154 -0.54082 -0.46406
vn -0.63124 -0.62144 -0.46406
vn -0.63124 -0.62144 -0.46406
vn -0.55173 -0.693 -0.46406
vn -0.55173 -0.693 -0.46406
vn -0.46417 -0.75445 -0.46406
vn -0.46417 -0.75445 -0.46406
vn -0.36985 -0.8049 -0.46406
vn -0.36985 -0.8049 -0.46406
vn -0.27014 -0.84361 -0.46406
vn -0.27014 -0.84361 -0.46406
vn -0.16648 -0.87002 -0.46406
vn -0.0604 -0.88374 -0.46406
vn -0.0604 -0.88374 -0.46406
vn 0.04657 -0.88458 -0.46406
vn 0.04657 -0.88458 -0.46406
vn 0.15285 -0.87252 -0.46406
vn 0.15285 -0.87252 -0.46406
vn 0.25691 -0.84773 -0.46406
vn 0.25691 -0.84773 -0.46406
vn 0.35722 -0.81058 -0.46406
vn 0.35722 -0.81058 -0.46406
vn 0.45232 -0.76162 -0.46406
vn 0.45232 -0.76162 -0.46406
vn 0.54082 -0.70154 -0.46406
vn 0.54082 -0.70154 -0.46406
vn 0.62144 -0.63124 -0.46406
vn 0.62144 -0.63124 -0.46406
vn 0.693 -0.55173 -0.46406
vn 0.693 -0.55173 -0.46406
vn 0.75445 -0.46417 -0.46406
vn 0.75445 -0.46417 -0.46406
vn 0.8049 -0.36985 -0.46406
vn 0.8049 -0.36985 -0.46406
vn 0.84361 -0.27014 -0.46406
vn 0.84361 -0.27014 -0.46406
vn 0.87002 -0.16648 -0.46406
vn 0.88374 -0.0604 -0.46406
vn 0.88374 -0.0604 -0.46406
vn 0.88458 0.04657 -0.46406
vn 0.88458 0.04657 -0.46406
vn 0.87252 0.15285 -0.46406
vn 0.87252 0.15285 -0.46406
vn 0.84773 0.25691 -0.46406
vn 0.84773 0.25691 -0.46406
vn 0.81058 0.35722 -0.46406
vn 0.81058 0.35722 -0.46406
vn 0.76162 0.45232 -0.46406
vn 0.76162 0.45232 -0.46406
vn 0.70154 0.54082 -0.46406
vn 0.65217 0.50276 -0.56736
vn 0.58682 0.57771 -0.56736
vn 0.58682 0.57771 -0.56736
vn 0.5129 0.64423 -0.56736
vn 0.5129 0.64423 -0.56736
vn 0.43151 0.70136 -0.56736
vn 0.43151 0.70136 -0.56736
vn 0.34382 0.74825 -0.56736
vn 0.34382 0.74825 -0.56736
vn 0.25112 0.78424 -0.56736
vn 0.25113 0.78424 -0.56736
vn 0.15476 0.80879 -0.56736
vn 0.05615 0.82155 -0.56736
vn 0.05615 0.82155 -0.56736
vn -0.04329 0.82233 -0.56736
vn -0.04329 0.82233 -0.56736
vn -0.1421 0.81112 -0.56736
vn -0.1421 0.81112 -0.56736
vn -0.23883 0.78807 -0.56736
vn -0.23883 0.78807 -0.56736
vn -0.33208 0.75354 -0.56736
vn -0.33208 0.75354 -0.56736
vn -0.42049 0.70802 -0.56736
vn -0.42049 0.70802 -0.56736
vn -0.50276 0.65217 -0.56736
vn -0.50276 0.65217 -0.56736
vn -0.57771 0.58682 -0.56736
vn -0.57771 0.58682 -0.56736
vn -0.64423 0.5129 -0.56736
vn -0.64423 0.5129 -0.56736
vn -0.70136 0.43151 -0.56736
vn -0.70136 0.43151 -0.56736
vn -0.74825 0.34382 -0.56736
vn -0.74825 0.34382 -0.56736
vn -0.78424 0.25112 -0.56736
vn -0.78424 0.25113 -0.56736
vn -0.80879 0.15476 -0.56736
vn -0.82155 0.05615 -0.56736
vn -0.82155 0.05615 -0.56736
vn -0.82233 -0.04329 -0.56736
vn -0.82233 -0.04329 -0.56736
vn -0.81112 -0.1421 -0.56736
vn -0.81112 -0.1421 -0.56736
vn -0.78807 -0.23883 -0.56736
vn -0.78807 -0.23883 -0.56736
vn -0.75354 -0.33208 -0.56736
vn -0.75354 -0.33208 -0.56736
vn -0.70802 -0.42049 -0.56736
vn -0.70802 -0.42049 -0.56736
vn -0.65217 -0.50276 -0.56736
vn -0.65217 -0.50276 -0.56736
vn -0.58682 -0.57771 -0.56736
vn -0.58682 -0.57771 -0.56736
vn -0.5129 -0.64423 -0.56736
vn -0.5129 -0.64423 -0.56736
vn -0.43151 -0.70136 -0.56736
vn -0.43151 -0.70136 -0.56736
vn -0.34382 -0.74825 -0.56736
vn -0.34382 -0.74825 -0.56736
vn -0.25112 -0.78424 -0.56736
vn -0.25113 -0.78424 -0.56736
vn -0.15476 -0.80879 -0.56736
vn -0.05615 -0.82155 -0.56736
vn -0.05615 -0.82155 -0.56736
vn 0.04329 -0.82233 -0.56736
vn 0.04329 -0.82233 -0.56736
vn 0.1421 -0.81112 -0.56736
vn 0.1421 -0.81112 -0.56736
vn 0.23883 -0.78807 -0.56736
vn 0.23883 -0.78807 -0.56736
vn 0.33208 -0.75354 -0.56736
vn 0.33208 -0.75354 -0.56736
vn 0.42049 -0.70802 -0.56736
vn 0.42049 -0.70802 -0.56736
vn 0.50276 -0.65217 -0.56736
vn 0.50276 -0.65217 -0.56736
vn 0.57771 -0.58682 -0.56736
vn 0.57771 -0.58682 -0.56736
vn 0.64423 -0.5129 -0.56736
vn 0.64423 -0.5129 -0.56736
vn 0.70136 -0.43151 -0.56736
vn 0.70136 -0.43151 -0.56736
vn 0.74825 -0.34382 -0.56736
vn 0.74825 -0.34382 -0.56736
vn 0.78424 -0.25112 -0.56736
vn 0.78424 -0.25113 -0.56736
vn 0.80879 -0.15476 -0.56736
vn 0.82155 -0.05615 -0.56736
vn 0.82155 -0.05615 -0.56736
vn 0.82233 0.04329 -0.56736
vn 0.82233 0.04329 -0.56736
vn 0.81112 0.1421 -0.56736
vn 0.81112 0.1421 -0.56736
vn 0.78807 0.23883 -0.56736
vn 0.78807 0.23883 -0.56736
vn 0.75354 0.33208 -0.56736
vn 0.75354 0.33208 -0.56736
vn 0.70802 0.42049 -0.56736
vn 0.70802 0.42049 -0.56736
vn 0.65217 0.50276 -0.56736
vn 0.59328 0.45737 -0.66244
vn 0.53383 0.52554 -0.66244
vn 0.53383 0.52554 -0.66244
vn 0.46659 0.58606 -0.66244
vn 0.46659 0.58606 -0.66244
vn 0.39255 0.63803 -0.66244
vn 0.39255 0.63803 -0.66244
vn 0.31278 0.68069 -0.66244
vn 0.31278 0.68069 -0.66244
vn 0.22845 0.71343 -0.66244
vn 0.22845 0.71343 -0.66244
vn 0.14079 0.73576 -0.66244
vn 0.05108 0.74737 -0.66244
vn 0.05108 0.74737 -0.66244
vn -0.03938 0.74808 -0.66244
vn -0.03938 0.74808 -0.66244
vn -0.12926 0.73787 -0.66244
vn -0.12926 0.73787 -0.66244
vn -0.21726 0.71691 -0.66244
vn -0.21726 0.71691 -0.66244
vn -0.30209 0.6855 -0.66244
vn -0.30209 0.6855 -0.66244
vn -0.38252 0.64409 -0.66244
vn -0.38252 0.64409 -0.66244
vn -0.45737 0.59328 -0.66244
vn -0.45737 0.59328 -0.66244
vn -0.52554 0.53383 -0.66244
vn -0.52554 0.53383 -0.66244
vn -0.58606 0.46659 -0.66244
vn -0.58606 0.46659 -0.66244
vn -0.63803 0.39255 -0.66244
vn -0.63803 0.39255 -0.66244
vn -0.68069 0.31278 -0.66244
vn -0.68069 0.31278 -0.66244
vn -0.71343 0.22845 -0.66244
vn -0.71343 0.22845 -0.66244
vn -0.73576 0.14079 -0.66244
vn -0.74737 0.05108 -0.66244
vn -0.74737 0.05108 -0.66244
vn -0.74808 -0.03938 -0.66244
vn -0.74808 -0.03938 -0.66244
vn -0.73787 -0.12926 -0.66244
vn -0.73787 -0.12926 -0.66244
vn -0.71691 -0.21726 -0.66244
vn -0.71691 -0.21726 -0.66244
vn -0.6855 -0.30209 -0.66244
vn -0.6855 -0.30209 -0.66244
vn -0.64409 -0.38252 -0.66244
vn -0.64409 -0.38252 -0.66244
vn -0.59328 -0.45737 -0.66244
vn -0.59328 -0.45737 -0.66244
vn -0.53383 -0.52554 -0.66244
vn -0.53383 -0.52554 -0.66244
vn -0.46659 -0.58606 -0.66244
vn -0.46659 -0.58606 -0.66244
vn -0.39255 -0.63803 -0.66244
vn -0.39255 -0.63803 -0.66244
vn -0.31278 -0.68069 -0.66244
vn -0.31278 -0.68069 -0.66244
vn -0.22845 -0.71343 -0.66244
vn -0.22845 -0.71343 -0.66244
vn -0.14079 -0.73576 -0.66244
vn -0.05108 -0.74737 -0.66244
vn -0.05108 -0.74737 -0.66244
vn 0.03938 -0.74808 -0.66244
vn 0.03938 -0.74808 -0.66244
vn 0.12926 -0.73787 -0.66244
vn 0.12926 -0.73787 -0.66244
vn 0.21726 -0.71691 -0.66244
vn 0.21726 -0.71691 -0.66244
vn 0.30209 -0.6855 -0.66244
vn 0.30209 -0.6855 -0.66244
vn 0.38252 -0.64409 -0.66244
vn 0.38252 -0.64409 -0.66244
vn 0.45737 -0.59328 -0.66244
vn 0.45737 -0.59328 -0.66244
vn 0.52554 -0.53383 -0.66244
vn 0.52554 -0.53383 -0.66244
vn 0.58606 -0.46659 -0.66244
vn 0.58606 -0.46659 -0.66244
vn 0.63803 -0.39255 -0.66244
vn 0.63803 -0.39255 -0.66244
vn 0.68069 -0.31278 -0.66244
vn 0.68069 -0.31278 -0.66244
vn 0.71343 -0.22845 -0.66244
vn 0.71343 -0.22845 -0.66244
vn 0.73576 -0.14079 -0.66244
vn 0.74737 -0.05108 -0.66244
vn 0.74737 -0.05108 -0.66244
vn 0.74808 0.03938 -0.66244
vn 0.74808 0.03938 -0.66244
vn 0.73787 0.12926 -0.66244
vn 0.73787 0.12926 -0.66244
vn 0.71691 0.21726 -0.66244
vn 0.71691 0.21726 -0.66244
vn 0.6855 0.30209 -0.66244
vn 0.6855 0.30209 -0.66244
vn 0.64409 0.38252 -0.66244
vn 0.64409 0.38252 -0.66244
vn 0.59328 0.45737 -0.66244
vn 0 0 -1
vn -0.65725 0.75367 0
vn -0.81852 0.57448 0
vn -0.93221 0.36191 -0
vn -0.99174 0.1283 -0
vn -0.99362 -0.11277 -0
vn -0.93776 -0.34728 -0
vn -0.8274 -0.56161 -0
vn -0.66896 -0.7433 -0
vn -0.47163 -0.88179 -0
vn -0.2469 -0.96904 -0
vn -0.00782 -0.99997 -0
vn 0.23172 -0.97278 -0
vn 0.45778 -0.88906 -0
vn 0.65725 -0.75367 -0
vn 0.81852 -0.57448 -0
vn 0.93221 -0.36191 0
vn 0.99174 -0.1283 0
vn 0.99362 0.11277 0
vn 0.93776 0.34728 0
vn 0.8274 0.56161 0
vn 0.66896 0.7433 0
vn 0.47163 0.88179 0
vn 0.2469 0.96904 0
vn 0.00782 0.99997 0
vn -0.23172 0.97278 0
vn -0.45778 0.88906 0
vn -0 -0 1
vn -0.98486 0.17333 0
vn -0.99728 -0.07375 0
vn -0.9193 -0.39357 0
vn -0.7417 -0.67074 0
vn -0.48372 -0.87522 0
vn -0.17333 -0.98486 0
vn 0.15585 -0.98778 -0
vn 0.46814 -0.88366 0
vn 0.72969 -0.68377 0
vn 0.91218 -0.40979 0
vn 0.99581 -0.09141 0
vn 0.97154 0.23689 0
vn 0.84198 0.53951 0
vn 0.62118 0.78367 -0
vn 0.33307 0.9429 0
vn 0.00886 0.99996 -0
vn -0.31631 0.94866 0
vn -0.6072 0.79455 0
vn -0.83229 0.55434 0
vn -0.9429 0.33307 0
vn -0.96711 0.25404 0.01271
vn -0 0 1
vn 0 0 1
vn 0.89904 -0.43787 0
vn 0.66304 -0.74859 0
vn 0.32609 -0.94534 0
vn -0.06049 -0.99817 0
vn -0.06049 -0.99817 0
vn -0.43787 -0.89904 -0
vn -0.43787 -0.89904 0
vn -0.74859 -0.66304 0
vn -0.94534 -0.32609 0
vn -0.99817 0.06049 -0
vn -0.89904 0.43787 0
vn -0.66304 0.74859 -0
vn -0.32609 0.94534 0
vn 0.06049 0.99817 0
vn 0.06049 0.99817 -0
vn 0.43787 0.89904 0
vn 0.43787 0.89904 -0
vn 0.74859 0.66304 0
vn 0.94534 0.32609 0
vn 0.99817 -0.06049 0
vn 0.45613 0.26635 0.84912
vn 0.52819 0.0026 0.84912
vn -0.26635 0.45613 0.84912
vn -0.0026 0.52819 0.84912
vn 0.26185 0.45873 0.84912
vn -0.45613 -0.26635 0.84912
vn -0.52819 -0.0026 0.84912
vn -0.45873 0.26185 0.84912
vn 0.26635 -0.45613 0.84912
vn 0.0026 -0.52819 0.84912
vn -0.26185 -0.45873 0.84912
vn 0.45873 -0.26185 0.84912
vn 0.99999 0.00492 0
vn 0.86356 0.50425 0
vn 0.49573 0.86847 0
vn 0.49573 0.86847 0
vn -0.00492 0.99999 -0
vn -0.00492 0.99999 -0
vn -0.50425 0.86356 0
vn -0.86847 0.49573 0
vn -0.99999 -0.00492 0
vn -0.86356 -0.50425 0
vn -0.49573 -0.86847 0
vn -0.49573 -0.86847 -0
vn 0.00492 -0.99999 0
vn 0.00492 -0.99999 -0
vn 0.50425 -0.86356 -0
vn 0.86847 -0.49573 0
vn -0.148 -0.98899 -0
vn 0.06806 -0.99768 0
vn 0.28094 -0.95973 0
vn 0.48068 -0.87689 0
vn 0.65795 -0.75306 -0
vn 0.80446 -0.59401 0
vn 0.91334 -0.40719 0
vn 0.97952 -0.20133 -0
vn 0.9999 0.01395 -0
vn 0.97353 0.22857 0
vn 0.90163 0.43251 0
vn 0.78758 0.61622 0
vn 0.63669 0.77112 -0
vn 0.45604 0.88996 -0
vn 0.25406 0.96719 0
vn 0.04021 0.99919 0
vn -0.17553 0.98447 -0
vn -0.38306 0.92372 0
vn -0.57268 0.81978 0
vn -0.73552 0.67751 0
vn -0.86396 0.50355 0
vn -0.95201 0.30605 0
vn -0.99555 0.09424 0
vn -0.99253 -0.12197 0
vn -0.94311 -0.33249 -0
vn -0.84958 -0.52745 0
vn -0.71633 -0.69776 0
vn -0.54959 -0.83544 0
vn -0.35715 -0.93405 0
vn 0.45613 0.26635 -0.84912
vn 0.26185 0.45873 -0.84912
vn 0.26635 -0.45613 -0.84912
vn 0.45873 -0.26185 -0.84912
vn 0.52819 0.0026 -0.84912
vn -0.45613 -0.26635 -0.84912
vn -0.26185 -0.45873 -0.84912
vn 0.0026 -0.52819 -0.84912
vn -0.26635 0.45613 -0.84912
vn -0.45873 0.26185 -0.84912
vn -0.52819 -0.0026 -0.84912
vn -0.0026 0.52819 -0.84912
vn 0.89897 -0.43801 -0
vn 0.93437 -0.3561 -0.01199
vn 0.96246 -0.27141 0
vn 0.99536 -0.09618 -0
vn 0.9999 -0.00706 -0.01199
vn 0.99662 0.08211 0
vn 0.9662 0.25778 0
vn 0.93931 0.34286 -0.01199
vn 0.90507 0.42527 0
vn 0.81517 0.57923 0
vn 0.76023 0.64954 -0.01199
vn 0.69935 0.71478 0
vn 0.5613 0.82761 0
vn 0.48526 0.87429 -0.01199
vn 0.40541 0.91413 -0
vn 0.23664 0.9716 -0
vn 0.14907 0.98875 -0.01199
vn 0.06034 0.99818 -0
vn -0.02888 0.99958 -0
vn -0.5164 -0.85634 0
vn -0.43801 -0.89897 0
vn -0.3561 -0.93437 -0.01199
vn -0.27141 -0.96246 0
vn -0.09618 -0.99536 0
vn -0.00706 -0.9999 -0.01199
vn 0.08211 -0.99662 0
vn 0.25778 -0.9662 0
vn 0.34286 -0.93931 -0.01199
vn 0.42527 -0.90507 -0
vn 0.57923 -0.81517 0
vn 0.64954 -0.76023 -0.01199
vn 0.71478 -0.69935 -0
vn 0.82761 -0.5613 0
vn 0.87429 -0.48526 -0.01199
vn 0.91413 -0.40541 0
vn 0.9716 -0.23664 0
vn 0.98875 -0.14907 -0.01199
vn 0.99818 -0.06034 0
vn 0.99958 0.02888 -0
vn 0.11736 -0.99309 0
vn 0.07594 -0.99704 0.01208
vn 0.0344 -0.99941 0
vn -0.0488 -0.99881 0
vn -0.0903 -0.99584 0.01208
vn -0.13166 -0.99129 0
vn -0.21361 -0.97692 0
vn -0.25405 -0.96712 0.01208
vn -0.29408 -0.95578 0
vn -0.37251 -0.92803 0
vn -0.41077 -0.91166 0.01208
vn -0.44837 -0.89385 0
vn -0.52112 -0.85348 0
vn -0.55613 -0.831 0.01208
vn -0.59027 -0.80721 -0
vn -0.85634 0.5164 0
vn -0.89897 0.43801 0
vn -0.93437 0.3561 -0.01199
vn -0.96246 0.27141 0
vn -0.99536 0.09618 0
vn -0.9999 0.00706 -0.01199
vn -0.99662 -0.08211 0
vn -0.9662 -0.25778 -0
vn -0.93931 -0.34286 -0.01199
vn -0.90507 -0.42527 0
vn -0.81517 -0.57923 0
vn -0.76023 -0.64954 -0.01199
vn -0.69935 -0.71478 0
vn -0.5613 -0.82761 0
vn -0.48526 -0.87429 -0.01199
vn -0.40541 -0.91413 0
vn -0.23664 -0.9716 0
vn -0.14907 -0.98875 -0.01199
vn -0.06034 -0.99818 0
vn 0.02888 -0.99958 0
vn -0.99309 -0.11736 0
vn -0.99704 -0.07594 0.01208
vn -0.99941 -0.0344 0
vn -0.99881 0.0488 0
vn -0.99584 0.0903 0.01208
vn -0.99129 0.13166 0
vn -0.97692 0.21361 0
vn -0.96712 0.25405 0.01208
vn -0.95578 0.29408 0
vn -0.92803 0.37251 0
vn -0.91166 0.41077 0.01208
vn -0.89385 0.44837 0
vn -0.85348 0.52112 0
vn -0.831 0.55613 0.01208
vn -0.80721 0.59027 0
vn 0.5164 0.85634 -0
vn 0.43801 0.89897 0
vn 0.3561 0.93437 -0.01199
vn 0.27141 0.96246 -0
vn 0.09618 0.99536 -0
vn 0.00706 0.9999 -0.01199
vn -0.08211 0.99662 -0
vn -0.25778 0.9662 -0
vn -0.34286 0.93931 -0.01199
vn -0.42527 0.90507 0
vn -0.57923 0.81517 0
vn -0.64954 0.76023 -0.01199
vn -0.71478 0.69935 0
vn -0.82761 0.5613 -0
vn -0.87429 0.48526 -0.01199
vn -0.91413 0.40541 0
vn -0.9716 0.23664 -0
vn -0.98875 0.14907 -0.01199
vn -0.99818 0.06034 0
vn -0.99958 -0.02888 0
vn -0.11736 0.99309 0
vn -0.07594 0.99704 0.01208
vn -0.0344 0.99941 0
vn 0.0488 0.99881 -0
vn 0.0903 0.99584 0.01208
vn 0.13166 0.99129 0
vn 0.21361 0.97692 -0
vn 0.25405 0.96712 0.01208
vn 0.29408 0.95578 0
vn 0.37251 0.92803 0
vn 0.41077 0.91166 0.01208
vn 0.44837 0.89385 -0
vn 0.52112 0.85348 0
vn 0.55613 0.831 0.01208
vn 0.59027 0.80721 0
vn 0.85634 -0.5164 -0
vn 0.49573 0.86847 -0
vn 0.99999 0.00492 0
vn 0.86847 -0.49573 0
vn 0.00492 -0.99999 -0
vn -0.49573 -0.86847 0
vn -0.99999 -0.00492 -0
vn -0.86847 0.49573 0
vn -0.00492 0.99999 0
vn 0.99534 -0.09592 0.00935
vn 0.97751 -0.21088 0.00314
vn 0.98259 -0.18579 -0
vn 0.99591 -0.09031 0
vn 0.99129 -0.12882 0.02729
vn 0.99369 -0.1109 0.01666
vn 0.95495 -0.29673 0.00315
vn 0.96708 -0.25404 0.01486
vn 0.96217 -0.27131 0.02476
vn 0.9711 -0.23844 0.01061
vn 0.92028 -0.39093 0.01629
vn 0.89098 -0.45404 -0
vn 0.92016 -0.39118 0.01704
vn 0.91172 -0.41079 0.00448
vn 0.94015 -0.34076 0
vn 0.94705 -0.3211 0
vn 0.99417 0.10778 0
vn 0.99705 0.07594 0.01143
vn 0.99969 0.02477 0
vn 0.99965 -0.02648 -0
vn 0.85348 -0.52112 0
vn 0.831 -0.55613 0.01208
vn 0.80721 -0.59027 0
vn 0 0 -1
vn 0 -0 -1
vn -0.78653 0.34795 -0.5102
vn -0.72637 0.57697 -0.37349
vn -0.69163 0.70919 -0.13671
vn -0.95088 -0.27773 -0.13671
vn -0.91615 -0.14551 -0.37349
vn -0.85599 0.08351 -0.5102
vn -0.24541 -0.93423 -0.25882
vn -0.2406 -0.95159 0.19127
vn -0.25057 -0.95924 0.13067
vn -0.23718 -0.89708 0.37283
vn -0.23471 -0.8935 0.38283
vn -0.20434 -0.77789 0.59425
vn -0.19953 -0.76796 0.60862
vn -0.16066 -0.60189 0.78225
vn -0.2476 -0.95992 0.13132
vn -0.25096 -0.9635 0.09324
vn -0.25322 -0.96609 0.0505
vn -0.25385 -0.96692 0.02487
vn -0.25405 -0.96715 0.0092
vn -0.25189 -0.95891 -0.13058
vn -0.25789 -0.94281 -0.21121
vn -0.23472 -0.89354 -0.38274
vn -0.20156 -0.76732 -0.60876
vn -0.1866 -0.68206 -0.70709
vn -0.15467 -0.58879 -0.79335
vn -0.07261 -0.24852 -0.9659
vn -0.08961 -0.33501 -0.93795
vn -0.12132 -0.46186 -0.87862
vn 0.05883 0.25214 -0.9659
vn 0.0332 0.12638 -0.99143
vn -0.02995 -0.11401 -0.99303
vn 0.17269 0.68571 -0.70709
vn 0.15465 0.58873 -0.7934
vn 0.09726 0.37026 -0.92382
vn 0.24541 0.93423 -0.25882
vn 0.25405 0.96715 0.00916
vn 0.25189 0.95893 -0.13042
vn 0.23874 0.94784 -0.21119
vn 0.23474 0.89361 -0.38258
vn 0.20155 0.76728 -0.60882
vn 0.25412 0.96618 0.04389
vn 0.25508 0.96094 0.10739
vn 0.25812 0.94701 0.19117
vn -0.15468 -0.58885 0.7933
vn -0.12159 -0.46289 0.87804
vn -0.09986 -0.36939 0.92389
vn -0.08694 -0.3367 0.93759
vn -0.03474 -0.12587 0.99144
vn -0.02988 -0.11373 0.99306
vn 0.03321 0.12641 0.99142
vn 0.03334 0.12674 0.99138
vn 0.09722 0.37029 0.92381
vn 0.09735 0.3706 0.92368
vn 0.1583 0.60262 0.78217
vn 0.15188 0.58934 0.79348
vn 0.20677 0.77733 0.59414
vn 0.20155 0.76727 0.60883
vn 0.23575 0.89747 0.37278
vn 0.23322 0.89398 0.38264
vn 0.25318 0.95859 0.13041
vn -0.98683 0.16171 0.00368
vn -0.985 0.1724 0.0078
vn -0.96715 0.25406 0.00848
vn -0.96356 0.26678 0.01935
vn -0.97033 0.24173 0.00478
vn -0.98518 0.17111 -0.01196
vn -0.97802 0.20566 0.03423
vn -0.98227 0.18675 0.0165
vn -0.98789 0.15513 -0.00122
vn -0.98644 0.16412 -0.00267
vn -0.98444 0.17567 -0.00525
vn -0.98146 0.19139 -0.01036
vn -0.97716 0.21157 -0.01976
vn -0.97689 0.21274 -0.0205
vn -0.97044 0.24116 -0.00891
vn -0.92892 0.36997 -0.0152
vn -0.93453 0.35501 -0.02512
vn -0.96428 0.26489 -0.00259
vn -0.9585 0.28509 1E-05
vn -0.92708 0.37486 -0.0001
vn -0.94469 0.32374 -0.05243
vn -0.94075 0.33676 -0.03978
vn -0.91145 0.41128 -0.00994
vn -0.921 0.38949 0.00679
vn -0.9261 0.37684 0.01828
vn -0.93075 0.36418 0.03275
vn -0.90948 0.41347 -0.04348
vn -0.94724 0.32011 0.0165
vn -0.94216 0.33517 0.00194
vn -0.95491 0.29689 -0
vn -0.95852 0.28503 0
vn 0.33516 0.94212 -0.00844
vn 0.37486 0.92708 0
vn 0.45213 0.89195 -0
vn 0.48956 0.87193 -0.00844
vn 0.52614 0.8504 0
vn 0.59637 0.80271 0
vn 0.62987 0.77665 -0.00844
vn 0.66229 0.74925 -0
vn 0.72345 0.69038 0
vn 0.75207 0.65903 -0.00844
vn 0.77939 0.62654 0
vn 0.82972 0.55819 -0
vn 0.85263 0.52245 -0.00844
vn 0.87406 0.48581 0
vn 0.91211 0.40994 -0
vn 0.92866 0.37084 -0.00844
vn 0.94359 0.33111 -0
vn 0.96827 0.24989 -0
vn 0.97797 0.20856 -0.00844
vn 0.98598 0.16688 0
vn 0.99658 0.08266 0
vn 0.99915 0.04029 -0.00844
vn 1 -0.00216 0
vn 0.99621 -0.08695 -0
vn 0.99159 -0.12915 -0.00844
vn 0.98525 -0.17113 0
vn 0.96719 -0.25406 0
vn 0.9555 -0.29487 -0.00844
vn 0.94216 -0.33517 0
vn 0.91034 -0.41387 0
vn 0.89192 -0.45211 -0.00844
vn 0.87196 -0.48958 -0
vn 0.8273 -0.56176 0
vn 0.80268 -0.59634 -0.00844
vn 0.77668 -0.6299 0
vn 0.72046 -0.69349 -0
vn 0.69036 -0.72342 -0.00844
vn 0.65905 -0.7521 0
vn 0.5929 -0.80528 0
vn 0.55817 -0.82969 -0.00844
vn 0.52247 -0.85266 0
vn 0.44828 -0.89389 0
vn 0.40992 -0.91208 -0.00844
vn 0.37085 -0.92869 0
vn 0.29076 -0.9568 0
vn 0.24988 -0.96824 -0.00844
vn 0.20857 -0.97801 -0
vn 0.12488 -0.99217 0
vn 0.08265 -0.99654 -0.00844
vn 0.04029 -0.99919 0
vn -0.0446 -0.99901 0
vn -0.08695 -0.99618 -0.00844
vn -0.12916 -0.99162 -0
vn -0.21279 -0.9771 0
vn -0.21279 -0.9771 -0
vn -0.29488 -0.95553 0
vn -0.29488 -0.95553 0
vn -0.37486 -0.92708 0
vn -0.41385 -0.91031 -0.00844
vn -0.45213 -0.89195 0
vn -0.52614 -0.8504 0
vn -0.56174 -0.82727 -0.00844
vn -0.59637 -0.80271 -0
vn -0.66229 -0.74925 0
vn -0.69347 -0.72044 -0.00844
vn -0.72345 -0.69038 0
vn -0.77939 -0.62654 0
vn -0.80525 -0.59288 -0.00844
vn -0.82972 -0.55819 0
vn -0.87406 -0.48581 0
vn -0.89386 -0.44826 -0.00844
vn -0.91211 -0.40994 0
vn -0.94359 -0.33111 0
vn -0.95676 -0.29075 -0.00844
vn -0.96827 -0.24989 0
vn -0.98598 -0.16688 -0
vn -0.99214 -0.12487 -0.00844
vn -0.98819 0.15321 0.00148
vn -0.98929 0.14594 0
vn -0.99621 0.08695 0
vn -0.99897 0.04459 -0.00844
vn -1 0.00216 0
vn -0.99658 -0.08266 0
vn -0.91786 0.39691 0
vn -0.87196 0.48958 0
vn -0.85037 0.52612 -0.00844
vn -0.8273 0.56176 0
vn -0.77668 0.6299 0
vn -0.74922 0.66227 -0.00844
vn -0.72046 0.69349 0
vn -0.65905 0.7521 0
vn -0.62652 0.77936 -0.00844
vn -0.5929 0.80528 -0
vn -0.52247 0.85266 -0
vn -0.48579 0.87403 -0.00844
vn -0.44828 0.89389 0
vn -0.37085 0.92869 -0
vn -0.33109 0.94356 -0.00844
vn -0.29076 0.9568 0
vn -0.20857 0.97801 0
vn -0.16687 0.98594 -0.00844
vn -0.12488 0.99217 0
vn -0.04029 0.99919 -0
vn 0.00216 0.99996 -0.00844
vn 0.0446 0.99901 -0
vn 0.12916 0.99162 0
vn 0.17112 0.98521 -0.00844
vn 0.21279 0.9771 0
vn 0.29488 0.95553 0
vn 0.64185 -0.31261 0.70022
vn 0.47336 -0.53444 0.70022
vn 0.47336 -0.53444 0.70022
vn 0.23281 -0.67491 0.70022
vn 0.23281 -0.67491 0.70022
vn -0.04319 -0.71262 0.70022
vn -0.04319 -0.71262 0.70022
vn -0.31261 -0.64185 0.70022
vn -0.31261 -0.64185 0.70022
vn -0.53444 -0.47336 0.70022
vn -0.53444 -0.47336 0.70022
vn -0.67491 -0.23281 0.70022
vn -0.67491 -0.23281 0.70022
vn -0.71262 0.04319 0.70022
vn -0.71262 0.04319 0.70022
vn -0.64185 0.31261 0.70022
vn -0.64185 0.31261 0.70022
vn -0.47336 0.53444 0.70022
vn -0.47336 0.53444 0.70022
vn -0.23281 0.67491 0.70022
vn -0.23281 0.67491 0.70022
vn 0.04319 0.71262 0.70022
vn 0.04319 0.71262 0.70022
vn 0.31261 0.64185 0.70022
vn 0.31261 0.64185 0.70022
vn 0.53444 0.47336 0.70022
vn 0.53444 0.47336 0.70022
vn 0.67491 0.23281 0.70022
vn 0.67491 0.23281 0.70022
vn 0.71262 -0.04319 0.70022
vn 0.71262 -0.04319 0.70022
vn 0.64185 -0.31261 0.70022
vn -0.59254 0.39466 0.70224
vn -0.43229 0.56568 0.70224
vn -0.43229 0.56568 0.70224
vn -0.22519 0.67539 0.70223
vn -0.22519 0.67539 0.70223
vn 0.00631 0.71192 0.70223
vn 0.00631 0.71192 0.70223
vn 0.1513 0.69104 0.7068
vn 0.22304 0.63142 0.74267
vn 0.26388 0.65896 0.70438
vn 0.44225 0.55793 0.70223
vn 0.44225 0.55793 0.70224
vn 0.59944 0.3841 0.70224
vn 0.59944 0.3841 0.70224
vn 0.69168 0.16865 0.70224
vn 0.69168 0.16865 0.70223
vn 0.70897 -0.06508 0.70223
vn 0.70896 -0.06508 0.70224
vn 0.64942 -0.29175 0.70224
vn 0.64942 -0.29175 0.70223
vn 0.5195 -0.48681 0.70223
vn 0.5195 -0.48681 0.70224
vn 0.33329 -0.62911 0.70224
vn 0.33329 -0.62911 0.70224
vn 0.11096 -0.70325 0.70224
vn 0.11096 -0.70325 0.70223
vn -0.1234 -0.70117 0.70223
vn -0.1234 -0.70117 0.70223
vn -0.34438 -0.62311 0.70223
vn -0.34438 -0.62311 0.70223
vn -0.52805 -0.47753 0.70223
vn -0.65449 -0.2802 0.70224
vn -0.65449 -0.2802 0.70224
vn -0.71001 -0.0525 0.70224
vn -0.71001 -0.0525 0.70224
vn -0.69759 0.12277 0.7059
vn -0.74192 0.19489 0.64154
vn -0.66787 0.23592 0.7059
vn -0.59254 0.39466 0.70224
vn -0.99585 0.09102 0
vn -0.97773 0.20961 0.01082
vn -0.94565 0.3252 -0
vn -0.8412 0.54072 0
vn -0.77035 0.63753 0.01082
vn -0.68851 0.72523 0
vn -0.49632 0.86814 -0
vn -0.38876 0.92127 0.01082
vn -0.27566 0.96125 -0
vn -0.70168 0.71249 0
vn -0.61128 0.79134 0.01082
vn -0.51215 0.8589 0
vn -0.29324 0.95604 0
vn -0.17663 0.98422 0.01082
vn -0.05751 0.99835 0
vn 0.18152 0.98339 -0
vn 0.29796 0.95452 0.01082
vn 0.41014 0.91202 0
vn -0.09102 -0.99585 -0
vn -0.20961 -0.97773 0.01082
vn -0.3252 -0.94565 0
vn -0.54072 -0.8412 -0
vn -0.63753 -0.77035 0.01082
vn -0.72523 -0.68851 0
vn -0.86814 -0.49632 0
vn -0.92127 -0.38876 0.01082
vn -0.96125 -0.27566 -0
vn -0.71249 -0.70168 0
vn -0.79134 -0.61128 0.01082
vn -0.8589 -0.51215 0
vn -0.95604 -0.29324 0
vn -0.98422 -0.17663 0.01082
vn -0.99835 -0.05751 0
vn -0.98339 0.18152 0
vn -0.95452 0.29796 0.01082
vn -0.91202 0.41014 0
vn 0.09102 0.99585 0
vn 0.20961 0.97773 0.01082
vn 0.3252 0.94565 0
vn 0.54072 0.8412 0
vn 0.63753 0.77035 0.01082
vn 0.72523 0.68851 -0
vn 0.86814 0.49632 0
vn 0.92127 0.38876 0.01082
vn 0.96125 0.27566 0
vn 0.71249 0.70168 0
vn 0.79134 0.61128 0.01082
vn 0.8589 0.51215 -0
vn 0.95604 0.29324 0
vn 0.98422 0.17663 0.01082
vn 0.99835 0.05751 0
vn 0.98339 -0.18152 0
vn 0.95452 -0.29796 0.01082
vn 0.91202 -0.41014 -0
vn 0.99585 -0.09102 0
vn 0.97773 -0.20961 0.01082
vn 0.94565 -0.3252 0
vn 0.8412 -0.54072 0
vn 0.77035 -0.63753 0.01082
vn 0.68851 -0.72523 0
vn 0.49632 -0.86814 0
vn 0.38876 -0.92127 0.01082
vn 0.27566 -0.96125 0
vn 0.70168 -0.71249 0
vn 0.61128 -0.79134 0.01082
vn 0.51215 -0.8589 0
vn 0.29324 -0.95604 -0
vn 0.17663 -0.98422 0.01082
vn 0.05751 -0.99835 -0
vn -0.18152 -0.98339 0
vn -0.29796 -0.95452 0.01082
vn -0.41014 -0.91202 0
vn 0.90433 -0.38416 -0.18602
vn 0.8152 -0.38951 -0.42864
vn 0.55547 -0.2668 -0.78758
vn 0.20909 -0.15289 -0.96587
vn 0.20909 -0.1529 -0.96587
vn 0.22108 -0.13499 -0.96587
vn 0.22108 -0.13498 -0.96587
vn 0.23074 -0.11758 -0.96589
vn 0.23074 -0.11758 -0.96589
vn 0.23348 -0.11172 -0.96592
vn 0.18142 -0.07776 -0.98033
vn 0.57103 -0.41756 -0.7068
vn 0.57103 -0.41756 -0.7068
vn 0.60376 -0.36865 -0.7068
vn 0.60377 -0.36865 -0.7068
vn 0.63022 -0.32116 -0.70688
vn 0.63022 -0.32115 -0.70688
vn 0.65032 -0.2781 -0.70692
vn 0.40945 -0.17509 -0.89537
vn 0.77975 -0.57019 -0.25861
vn 0.77975 -0.57018 -0.25862
vn 0.82445 -0.50339 -0.25862
vn 0.82445 -0.50339 -0.25861
vn 0.86066 -0.43859 -0.25867
vn 0.86066 -0.43859 -0.25867
vn 0.88851 -0.37899 -0.25869
vn 0.73334 -0.31275 -0.60365
vn -0.10687 -0.23764 -0.96546
vn -0.10687 -0.23764 -0.96546
vn -0.0473 -0.25624 -0.96546
vn -0.0473 -0.25624 -0.96546
vn 0.01498 -0.26014 -0.96546
vn 0.01498 -0.26014 -0.96546
vn 0.07641 -0.24911 -0.96546
vn 0.07641 -0.24911 -0.96546
vn 0.13345 -0.2238 -0.96546
vn 0.13345 -0.2238 -0.96546
vn 0.18284 -0.18565 -0.96546
vn 0.18284 -0.18565 -0.96546
vn -0.29106 -0.64722 -0.70455
vn -0.29106 -0.64722 -0.70455
vn -0.12882 -0.69787 -0.70455
vn -0.12882 -0.69786 -0.70455
vn 0.04081 -0.70848 -0.70455
vn 0.04081 -0.70848 -0.70455
vn 0.2081 -0.67846 -0.70455
vn 0.2081 -0.67846 -0.70455
vn 0.36345 -0.60952 -0.70455
vn 0.36345 -0.60952 -0.70455
vn 0.49795 -0.50562 -0.70455
vn 0.49795 -0.50562 -0.70455
vn -0.39636 -0.88137 -0.25708
vn -0.39636 -0.88137 -0.25708
vn -0.17542 -0.95033 -0.25708
vn -0.17542 -0.95034 -0.25708
vn 0.05557 -0.96479 -0.25708
vn 0.05557 -0.96479 -0.25708
vn 0.28338 -0.92391 -0.25708
vn 0.28338 -0.92391 -0.25709
vn 0.49494 -0.83003 -0.25709
vn 0.49494 -0.83003 -0.25708
vn 0.6781 -0.68854 -0.25708
vn 0.6781 -0.68854 -0.25708
vn -0.13366 -0.22164 -0.96593
vn -0.13366 -0.22164 -0.96593
vn -0.36515 -0.60553 -0.70711
vn -0.36515 -0.60553 -0.70711
vn -0.49881 -0.82717 -0.25882
vn -0.49881 -0.82717 -0.25882
vn -0.4232 -0.86857 -0.25786
vn -0.4232 -0.86857 -0.25786
vn -0.26223 -0.92992 -0.25786
vn -0.26223 -0.92992 -0.25786
vn -0.09293 -0.9617 -0.25786
vn -0.09293 -0.9617 -0.25786
vn 0.07933 -0.96292 -0.25786
vn 0.07933 -0.96292 -0.25786
vn 0.24907 -0.93353 -0.25786
vn 0.24906 -0.93353 -0.25786
vn 0.41088 -0.87446 -0.25786
vn 0.41088 -0.87446 -0.25786
vn 0.55964 -0.7876 -0.25786
vn 0.55964 -0.7876 -0.25786
vn 0.69061 -0.6757 -0.25786
vn 0.69061 -0.6757 -0.25786
vn 0.79962 -0.54232 -0.25786
vn 0.79962 -0.54232 -0.25786
vn 0.88322 -0.3917 -0.25786
vn 0.88322 -0.3917 -0.25786
vn 0.93874 -0.22864 -0.25786
vn 0.93874 -0.22864 -0.25786
vn 0.96442 -0.0583 -0.25786
vn 0.96442 -0.0583 -0.25786
vn -0.31034 -0.63693 -0.70569
vn -0.31034 -0.63693 -0.70569
vn -0.1923 -0.68192 -0.70569
vn -0.1923 -0.68192 -0.70569
vn -0.06814 -0.70523 -0.70569
vn -0.06814 -0.70523 -0.7057
vn 0.05817 -0.70612 -0.7057
vn 0.05817 -0.70612 -0.7057
vn 0.18264 -0.68457 -0.7057
vn 0.18264 -0.68457 -0.7057
vn 0.30131 -0.64125 -0.7057
vn 0.30131 -0.64125 -0.7057
vn 0.41039 -0.57756 -0.7057
vn 0.41039 -0.57756 -0.7057
vn 0.50643 -0.4955 -0.7057
vn 0.50643 -0.4955 -0.7057
vn 0.58637 -0.39769 -0.7057
vn 0.58637 -0.39769 -0.7057
vn 0.64768 -0.28724 -0.7057
vn 0.64768 -0.28724 -0.70569
vn 0.68839 -0.16766 -0.70569
vn 0.68839 -0.16766 -0.70569
vn 0.70722 -0.04275 -0.70569
vn 0.70723 -0.04275 -0.70569
vn -0.11379 -0.23354 -0.96567
vn -0.11379 -0.23354 -0.96567
vn -0.07051 -0.25003 -0.96567
vn -0.07051 -0.25003 -0.96567
vn -0.02499 -0.25858 -0.96567
vn -0.02499 -0.25858 -0.96567
vn 0.02133 -0.25891 -0.96567
vn 0.02133 -0.25891 -0.96567
vn 0.06697 -0.251 -0.96567
vn 0.06697 -0.251 -0.96567
vn 0.11048 -0.23512 -0.96567
vn 0.11048 -0.23512 -0.96567
vn 0.15047 -0.21177 -0.96567
vn 0.15047 -0.21177 -0.96567
vn 0.18569 -0.18168 -0.96567
vn 0.18569 -0.18168 -0.96567
vn 0.215 -0.14582 -0.96567
vn 0.215 -0.14582 -0.96567
vn 0.23748 -0.10532 -0.96567
vn 0.23748 -0.10532 -0.96567
vn 0.25241 -0.06147 -0.96567
vn 0.25241 -0.06147 -0.96567
vn 0.25931 -0.01568 -0.96567
vn 0.25931 -0.01568 -0.96567
vn 0.25871 0.00748 -0.96593
vn 0.25871 0.00748 -0.96593
vn 0.70681 0.02042 -0.70711
vn 0.70681 0.02042 -0.70711
vn 0.96552 0.0279 -0.25882
vn 0.96552 0.0279 -0.25882
vn 0.07183 -0.25047 -0.96546
vn 0.07183 -0.25047 -0.96546
vn 0.12932 -0.22621 -0.96546
vn 0.12932 -0.22621 -0.96546
vn 0.1794 -0.18897 -0.96546
vn 0.1794 -0.18897 -0.96546
vn 0.21919 -0.1409 -0.96546
vn 0.21919 -0.1409 -0.96546
vn 0.24641 -0.08474 -0.96546
vn 0.24641 -0.08474 -0.96546
vn 0.25949 -0.02372 -0.96546
vn 0.25949 -0.02372 -0.96546
vn 0.19562 -0.68216 -0.70455
vn 0.19563 -0.68216 -0.70455
vn 0.35221 -0.61608 -0.70455
vn 0.35221 -0.61608 -0.70455
vn 0.4886 -0.51467 -0.70455
vn 0.4886 -0.51466 -0.70455
vn 0.59696 -0.38373 -0.70455
vn 0.59696 -0.38373 -0.70455
vn 0.67108 -0.23078 -0.70455
vn 0.67108 -0.23078 -0.70455
vn 0.70671 -0.0646 -0.70455
vn 0.70671 -0.0646 -0.70455
vn 0.2664 -0.92895 -0.25708
vn 0.2664 -0.92895 -0.25708
vn 0.47963 -0.83896 -0.25708
vn 0.47964 -0.83896 -0.25709
vn 0.66536 -0.70086 -0.25709
vn 0.66536 -0.70086 -0.25708
vn 0.81293 -0.52255 -0.25708
vn 0.81293 -0.52255 -0.25708
vn 0.91386 -0.31427 -0.25708
vn 0.91386 -0.31427 -0.25708
vn 0.96238 -0.08796 -0.25708
vn 0.96238 -0.08797 -0.25708
vn -0.15289 -0.20909 -0.96587
vn -0.1529 -0.20909 -0.96587
vn -0.13499 -0.22108 -0.96587
vn -0.13498 -0.22108 -0.96587
vn -0.11614 -0.23153 -0.96587
vn -0.11614 -0.23153 -0.96587
vn -0.09649 -0.24039 -0.96587
vn -0.09649 -0.24038 -0.96587
vn -0.07617 -0.24757 -0.96587
vn -0.07617 -0.24757 -0.96587
vn -0.05533 -0.25305 -0.96587
vn -0.05533 -0.25305 -0.96587
vn -0.0341 -0.25677 -0.96587
vn -0.0341 -0.25677 -0.96587
vn -0.01264 -0.25872 -0.96587
vn -0.01264 -0.25872 -0.96587
vn 0.00891 -0.25887 -0.96587
vn 0.00891 -0.25888 -0.96587
vn 0.0304 -0.25724 -0.96587
vn 0.0304 -0.25724 -0.96587
vn -0.41756 -0.57103 -0.7068
vn -0.41756 -0.57103 -0.7068
vn -0.36865 -0.60376 -0.7068
vn -0.36865 -0.60377 -0.7068
vn -0.31718 -0.63232 -0.7068
vn -0.31718 -0.63232 -0.7068
vn -0.26352 -0.6565 -0.7068
vn -0.26352 -0.6565 -0.7068
vn -0.20804 -0.67613 -0.7068
vn -0.20804 -0.67613 -0.7068
vn -0.15111 -0.69109 -0.7068
vn -0.15111 -0.69109 -0.7068
vn -0.09314 -0.70126 -0.7068
vn -0.09314 -0.70125 -0.7068
vn -0.03452 -0.70657 -0.7068
vn -0.03452 -0.70657 -0.7068
vn 0.02433 -0.707 -0.7068
vn 0.02433 -0.70699 -0.7068
vn 0.08302 -0.70252 -0.7068
vn 0.08302 -0.70253 -0.7068
vn -0.57019 -0.77975 -0.25861
vn -0.57018 -0.77975 -0.25862
vn -0.50339 -0.82445 -0.25862
vn -0.50339 -0.82445 -0.25861
vn -0.43312 -0.86344 -0.25861
vn -0.43312 -0.86344 -0.25861
vn -0.35984 -0.89646 -0.25861
vn -0.35984 -0.89646 -0.25861
vn -0.28408 -0.92327 -0.25861
vn -0.28407 -0.92327 -0.25861
vn -0.20634 -0.94369 -0.25861
vn -0.20634 -0.94369 -0.25861
vn -0.12718 -0.95757 -0.25861
vn -0.12718 -0.95757 -0.25861
vn -0.04714 -0.96483 -0.25861
vn -0.04714 -0.96483 -0.25861
vn 0.03323 -0.96541 -0.25861
vn 0.03323 -0.96541 -0.25862
vn 0.11336 -0.95931 -0.25862
vn 0.11336 -0.95931 -0.25861
vn -0.23764 0.10687 -0.96546
vn -0.23764 0.10687 -0.96546
vn -0.25624 0.0473 -0.96546
vn -0.25624 0.0473 -0.96546
vn -0.26014 -0.01498 -0.96546
vn -0.26014 -0.01498 -0.96546
vn -0.24911 -0.07641 -0.96546
vn -0.24911 -0.07641 -0.96546
vn -0.2238 -0.13345 -0.96546
vn -0.2238 -0.13345 -0.96546
vn -0.18565 -0.18284 -0.96546
vn -0.18565 -0.18284 -0.96546
vn -0.64722 0.29106 -0.70455
vn -0.64722 0.29106 -0.70455
vn -0.69787 0.12882 -0.70455
vn -0.69786 0.12882 -0.70455
vn -0.70848 -0.04081 -0.70455
vn -0.70848 -0.04081 -0.70455
vn -0.67846 -0.2081 -0.70455
vn -0.67846 -0.2081 -0.70455
vn -0.60952 -0.36345 -0.70455
vn -0.60952 -0.36345 -0.70455
vn -0.50562 -0.49795 -0.70455
vn -0.50562 -0.49795 -0.70455
vn -0.88137 0.39636 -0.25708
vn -0.88137 0.39636 -0.25708
vn -0.95033 0.17542 -0.25708
vn -0.95034 0.17542 -0.25708
vn -0.96479 -0.05557 -0.25708
vn -0.96479 -0.05557 -0.25708
vn -0.92391 -0.28338 -0.25708
vn -0.92391 -0.28338 -0.25709
vn -0.83003 -0.49494 -0.25709
vn -0.83003 -0.49494 -0.25708
vn -0.68854 -0.6781 -0.25708
vn -0.68854 -0.6781 -0.25708
vn -0.22164 0.13366 -0.96593
vn -0.22164 0.13366 -0.96593
vn -0.60553 0.36515 -0.70711
vn -0.60553 0.36515 -0.70711
vn -0.82717 0.49881 -0.25882
vn -0.82717 0.49881 -0.25882
vn -0.86857 0.4232 -0.25786
vn -0.86857 0.4232 -0.25786
vn -0.92992 0.26223 -0.25786
vn -0.92992 0.26223 -0.25786
vn -0.9617 0.09293 -0.25786
vn -0.9617 0.09293 -0.25786
vn -0.96292 -0.07933 -0.25786
vn -0.96292 -0.07933 -0.25786
vn -0.93353 -0.24907 -0.25786
vn -0.93353 -0.24906 -0.25786
vn -0.87446 -0.41088 -0.25786
vn -0.87446 -0.41088 -0.25786
vn -0.7876 -0.55964 -0.25786
vn -0.7876 -0.55964 -0.25786
vn -0.6757 -0.69061 -0.25786
vn -0.6757 -0.69061 -0.25786
vn -0.54232 -0.79962 -0.25786
vn -0.54232 -0.79962 -0.25786
vn -0.3917 -0.88322 -0.25786
vn -0.3917 -0.88322 -0.25786
vn -0.22864 -0.93874 -0.25786
vn -0.22864 -0.93874 -0.25786
vn -0.0583 -0.96442 -0.25786
vn -0.0583 -0.96442 -0.25786
vn -0.63693 0.31034 -0.70569
vn -0.63693 0.31034 -0.70569
vn -0.68192 0.1923 -0.70569
vn -0.68192 0.1923 -0.70569
vn -0.70523 0.06814 -0.70569
vn -0.70523 0.06814 -0.7057
vn -0.70612 -0.05817 -0.7057
vn -0.70612 -0.05817 -0.7057
vn -0.68457 -0.18264 -0.7057
vn -0.68457 -0.18264 -0.7057
vn -0.64125 -0.30131 -0.7057
vn -0.64125 -0.30131 -0.7057
vn -0.57756 -0.41039 -0.7057
vn -0.57756 -0.41039 -0.7057
vn -0.4955 -0.50643 -0.7057
vn -0.4955 -0.50643 -0.7057
vn -0.39769 -0.58637 -0.7057
vn -0.39769 -0.58637 -0.7057
vn -0.28724 -0.64768 -0.7057
vn -0.28724 -0.64768 -0.70569
vn -0.16766 -0.68839 -0.70569
vn -0.16766 -0.68839 -0.70569
vn -0.04275 -0.70722 -0.70569
vn -0.04275 -0.70723 -0.70569
vn -0.23354 0.11379 -0.96567
vn -0.23354 0.11379 -0.96567
vn -0.25003 0.07051 -0.96567
vn -0.25003 0.07051 -0.96567
vn -0.25858 0.02499 -0.96567
vn -0.25858 0.02499 -0.96567
vn -0.25891 -0.02133 -0.96567
vn -0.25891 -0.02133 -0.96567
vn -0.251 -0.06697 -0.96567
vn -0.251 -0.06697 -0.96567
vn -0.23512 -0.11048 -0.96567
vn -0.23512 -0.11048 -0.96567
vn -0.21177 -0.15047 -0.96567
vn -0.21177 -0.15047 -0.96567
vn -0.18168 -0.18569 -0.96567
vn -0.18168 -0.18569 -0.96567
vn -0.14582 -0.215 -0.96567
vn -0.14582 -0.215 -0.96567
vn -0.10532 -0.23748 -0.96567
vn -0.10532 -0.23748 -0.96567
vn -0.06147 -0.25241 -0.96567
vn -0.06147 -0.25241 -0.96567
vn -0.01568 -0.25931 -0.96567
vn -0.01568 -0.25931 -0.96567
vn 0.00748 -0.25871 -0.96593
vn 0.00748 -0.25871 -0.96593
vn 0.02042 -0.70681 -0.70711
vn 0.02042 -0.70681 -0.70711
vn 0.0279 -0.96552 -0.25882
vn 0.0279 -0.96552 -0.25882
vn -0.25047 -0.07183 -0.96546
vn -0.25047 -0.07183 -0.96546
vn -0.22621 -0.12932 -0.96546
vn -0.22621 -0.12932 -0.96546
vn -0.18897 -0.1794 -0.96546
vn -0.18897 -0.1794 -0.96546
vn -0.1409 -0.21919 -0.96546
vn -0.1409 -0.21919 -0.96546
vn -0.08474 -0.24641 -0.96546
vn -0.08474 -0.24641 -0.96546
vn -0.02372 -0.25949 -0.96546
vn -0.02372 -0.25949 -0.96546
vn -0.68216 -0.19562 -0.70455
vn -0.68216 -0.19563 -0.70455
vn -0.61608 -0.35221 -0.70455
vn -0.61608 -0.35221 -0.70455
vn -0.51467 -0.4886 -0.70455
vn -0.51466 -0.4886 -0.70455
vn -0.38373 -0.59696 -0.70455
vn -0.38373 -0.59696 -0.70455
vn -0.23078 -0.67108 -0.70455
vn -0.23078 -0.67108 -0.70455
vn -0.0646 -0.70671 -0.70455
vn -0.0646 -0.70671 -0.70455
vn -0.92895 -0.2664 -0.25708
vn -0.92895 -0.2664 -0.25708
vn -0.83896 -0.47963 -0.25708
vn -0.83896 -0.47964 -0.25709
vn -0.70086 -0.66536 -0.25709
vn -0.70086 -0.66536 -0.25708
vn -0.52255 -0.81293 -0.25708
vn -0.52255 -0.81293 -0.25708
vn -0.31427 -0.91386 -0.25708
vn -0.31427 -0.91386 -0.25708
vn -0.08796 -0.96238 -0.25708
vn -0.08797 -0.96238 -0.25708
vn -0.20909 0.15289 -0.96587
vn -0.20909 0.1529 -0.96587
vn -0.22108 0.13499 -0.96587
vn -0.22108 0.13498 -0.96587
vn -0.23153 0.11614 -0.96587
vn -0.23153 0.11614 -0.96587
vn -0.24039 0.09649 -0.96587
vn -0.24038 0.09649 -0.96587
vn -0.24757 0.07617 -0.96587
vn -0.24757 0.07617 -0.96587
vn -0.25305 0.05533 -0.96587
vn -0.25305 0.05533 -0.96587
vn -0.25677 0.0341 -0.96587
vn -0.25677 0.0341 -0.96587
vn -0.25872 0.01264 -0.96587
vn -0.25872 0.01264 -0.96587
vn -0.25887 -0.00891 -0.96587
vn -0.25888 -0.00891 -0.96587
vn -0.25724 -0.0304 -0.96587
vn -0.25724 -0.0304 -0.96587
vn -0.57103 0.41756 -0.7068
vn -0.57103 0.41756 -0.7068
vn -0.60376 0.36865 -0.7068
vn -0.60377 0.36865 -0.7068
vn -0.63232 0.31718 -0.7068
vn -0.63232 0.31718 -0.7068
vn -0.6565 0.26352 -0.7068
vn -0.6565 0.26352 -0.7068
vn -0.67613 0.20804 -0.7068
vn -0.67613 0.20804 -0.7068
vn -0.69109 0.15111 -0.7068
vn -0.69109 0.15111 -0.7068
vn -0.70126 0.09314 -0.7068
vn -0.70125 0.09314 -0.7068
vn -0.70657 0.03452 -0.7068
vn -0.70657 0.03452 -0.7068
vn -0.707 -0.02433 -0.7068
vn -0.70699 -0.02433 -0.7068
vn -0.70252 -0.08302 -0.7068
vn -0.70253 -0.08302 -0.7068
vn -0.77975 0.57019 -0.25861
vn -0.77975 0.57018 -0.25862
vn -0.82445 0.50339 -0.25862
vn -0.82445 0.50339 -0.25861
vn -0.86344 0.43312 -0.25861
vn -0.86344 0.43312 -0.25861
vn -0.89646 0.35984 -0.25861
vn -0.89646 0.35984 -0.25861
vn -0.92327 0.28408 -0.25861
vn -0.92327 0.28407 -0.25861
vn -0.94369 0.20634 -0.25861
vn -0.94369 0.20634 -0.25861
vn -0.95757 0.12718 -0.25861
vn -0.95757 0.12718 -0.25861
vn -0.96483 0.04714 -0.25861
vn -0.96483 0.04714 -0.25861
vn -0.96541 -0.03323 -0.25861
vn -0.96541 -0.03323 -0.25862
vn -0.95931 -0.11336 -0.25862
vn -0.95931 -0.11336 -0.25861
vn 0.10687 0.23764 -0.96546
vn 0.10687 0.23764 -0.96546
vn 0.0473 0.25624 -0.96546
vn 0.0473 0.25624 -0.96546
vn -0.01498 0.26014 -0.96546
vn -0.01498 0.26014 -0.96546
vn -0.07641 0.24911 -0.96546
vn -0.07641 0.24911 -0.96546
vn -0.13345 0.2238 -0.96546
vn -0.13345 0.2238 -0.96546
vn -0.18284 0.18565 -0.96546
vn -0.18284 0.18565 -0.96546
vn 0.29106 0.64722 -0.70455
vn 0.29106 0.64722 -0.70455
vn 0.12882 0.69787 -0.70455
vn 0.12882 0.69786 -0.70455
vn -0.04081 0.70848 -0.70455
vn -0.04081 0.70848 -0.70455
vn -0.2081 0.67846 -0.70455
vn -0.2081 0.67846 -0.70455
vn -0.36345 0.60952 -0.70455
vn -0.36345 0.60952 -0.70455
vn -0.49795 0.50562 -0.70455
vn -0.49795 0.50562 -0.70455
vn 0.39636 0.88137 -0.25708
vn 0.39636 0.88137 -0.25708
vn 0.17542 0.95033 -0.25708
vn 0.17542 0.95034 -0.25708
vn -0.05557 0.96479 -0.25708
vn -0.05557 0.96479 -0.25708
vn -0.28338 0.92391 -0.25708
vn -0.28338 0.92391 -0.25709
vn -0.49494 0.83003 -0.25709
vn -0.49494 0.83003 -0.25708
vn -0.6781 0.68854 -0.25708
vn -0.6781 0.68854 -0.25708
vn 0.13366 0.22164 -0.96593
vn 0.13366 0.22164 -0.96593
vn 0.36515 0.60553 -0.70711
vn 0.36515 0.60553 -0.70711
vn 0.49881 0.82717 -0.25882
vn 0.49881 0.82717 -0.25882
vn 0.4232 0.86857 -0.25786
vn 0.4232 0.86857 -0.25786
vn 0.26223 0.92992 -0.25786
vn 0.26223 0.92992 -0.25786
vn 0.09293 0.9617 -0.25786
vn 0.09293 0.9617 -0.25786
vn -0.07933 0.96292 -0.25786
vn -0.07933 0.96292 -0.25786
vn -0.24907 0.93353 -0.25786
vn -0.24906 0.93353 -0.25786
vn -0.41088 0.87446 -0.25786
vn -0.41088 0.87446 -0.25786
vn -0.55964 0.7876 -0.25786
vn -0.55964 0.7876 -0.25786
vn -0.69061 0.6757 -0.25786
vn -0.69061 0.6757 -0.25786
vn -0.79962 0.54232 -0.25786
vn -0.79962 0.54232 -0.25786
vn -0.88322 0.3917 -0.25786
vn -0.88322 0.3917 -0.25786
vn -0.93874 0.22864 -0.25786
vn -0.93874 0.22864 -0.25786
vn -0.96442 0.0583 -0.25786
vn -0.96442 0.0583 -0.25786
vn 0.31034 0.63693 -0.70569
vn 0.31034 0.63693 -0.70569
vn 0.1923 0.68192 -0.70569
vn 0.1923 0.68192 -0.70569
vn 0.06814 0.70523 -0.70569
vn 0.06814 0.70523 -0.7057
vn -0.05817 0.70612 -0.7057
vn -0.05817 0.70612 -0.7057
vn -0.18264 0.68457 -0.7057
vn -0.18264 0.68457 -0.7057
vn -0.30131 0.64125 -0.7057
vn -0.30131 0.64125 -0.7057
vn -0.41039 0.57756 -0.7057
vn -0.41039 0.57756 -0.7057
vn -0.50643 0.4955 -0.7057
vn -0.50643 0.4955 -0.7057
vn -0.58637 0.39769 -0.7057
vn -0.58637 0.39769 -0.7057
vn -0.64768 0.28724 -0.7057
vn -0.64768 0.28724 -0.70569
vn -0.68839 0.16766 -0.70569
vn -0.68839 0.16766 -0.70569
vn -0.70722 0.04275 -0.70569
vn -0.70723 0.04275 -0.70569
vn 0.11379 0.23354 -0.96567
vn 0.11379 0.23354 -0.96567
vn 0.07051 0.25003 -0.96567
vn 0.07051 0.25003 -0.96567
vn 0.02499 0.25858 -0.96567
vn 0.02499 0.25858 -0.96567
vn -0.02133 0.25891 -0.96567
vn -0.02133 0.25891 -0.96567
vn -0.06697 0.251 -0.96567
vn -0.06697 0.251 -0.96567
vn -0.11048 0.23512 -0.96567
vn -0.11048 0.23512 -0.96567
vn -0.15047 0.21177 -0.96567
vn -0.15047 0.21177 -0.96567
vn -0.18569 0.18168 -0.96567
vn -0.18569 0.18168 -0.96567
vn -0.215 0.14582 -0.96567
vn -0.215 0.14582 -0.96567
vn -0.23748 0.10532 -0.96567
vn -0.23748 0.10532 -0.96567
vn -0.25241 0.06147 -0.96567
vn -0.25241 0.06147 -0.96567
vn -0.25931 0.01568 -0.96567
vn -0.25931 0.01568 -0.96567
vn -0.25871 -0.00748 -0.96593
vn -0.25871 -0.00748 -0.96593
vn -0.70681 -0.02042 -0.70711
vn -0.70681 -0.02042 -0.70711
vn -0.96552 -0.0279 -0.25882
vn -0.96552 -0.0279 -0.25882
vn -0.07183 0.25047 -0.96546
vn -0.07183 0.25047 -0.96546
vn -0.12932 0.22621 -0.96546
vn -0.12932 0.22621 -0.96546
vn -0.1794 0.18897 -0.96546
vn -0.1794 0.18897 -0.96546
vn -0.21919 0.1409 -0.96546
vn -0.21919 0.1409 -0.96546
vn -0.24641 0.08474 -0.96546
vn -0.24641 0.08474 -0.96546
vn -0.25949 0.02372 -0.96546
vn -0.25949 0.02372 -0.96546
vn -0.19562 0.68216 -0.70455
vn -0.19563 0.68216 -0.70455
vn -0.35221 0.61608 -0.70455
vn -0.35221 0.61608 -0.70455
vn -0.4886 0.51467 -0.70455
vn -0.4886 0.51466 -0.70455
vn -0.59696 0.38373 -0.70455
vn -0.59696 0.38373 -0.70455
vn -0.67108 0.23078 -0.70455
vn -0.67108 0.23078 -0.70455
vn -0.70671 0.0646 -0.70455
vn -0.70671 0.0646 -0.70455
vn -0.2664 0.92895 -0.25708
vn -0.2664 0.92895 -0.25708
vn -0.47963 0.83896 -0.25708
vn -0.47964 0.83896 -0.25709
vn -0.66536 0.70086 -0.25709
vn -0.66536 0.70086 -0.25708
vn -0.81293 0.52255 -0.25708
vn -0.81293 0.52255 -0.25708
vn -0.91386 0.31427 -0.25708
vn -0.91386 0.31427 -0.25708
vn -0.96238 0.08796 -0.25708
vn -0.96238 0.08797 -0.25708
vn 0.15289 0.20909 -0.96587
vn 0.1529 0.20909 -0.96587
vn 0.13499 0.22108 -0.96587
vn 0.13498 0.22108 -0.96587
vn 0.11614 0.23153 -0.96587
vn 0.11614 0.23153 -0.96587
vn 0.09649 0.24039 -0.96587
vn 0.09649 0.24038 -0.96587
vn 0.07617 0.24757 -0.96587
vn 0.07617 0.24757 -0.96587
vn 0.05533 0.25305 -0.96587
vn 0.05533 0.25305 -0.96587
vn 0.0341 0.25677 -0.96587
vn 0.0341 0.25677 -0.96587
vn 0.01264 0.25872 -0.96587
vn 0.01264 0.25872 -0.96587
vn -0.00891 0.25887 -0.96587
vn -0.00891 0.25888 -0.96587
vn -0.0304 0.25724 -0.96587
vn -0.0304 0.25724 -0.96587
vn 0.41756 0.57103 -0.7068
vn 0.41756 0.57103 -0.7068
vn 0.36865 0.60376 -0.7068
vn 0.36865 0.60377 -0.7068
vn 0.31718 0.63232 -0.7068
vn 0.31718 0.63232 -0.7068
vn 0.26352 0.6565 -0.7068
vn 0.26352 0.6565 -0.7068
vn 0.20804 0.67613 -0.7068
vn 0.20804 0.67613 -0.7068
vn 0.15111 0.69109 -0.7068
vn 0.15111 0.69109 -0.7068
vn 0.09314 0.70126 -0.7068
vn 0.09314 0.70125 -0.7068
vn 0.03452 0.70657 -0.7068
vn 0.03452 0.70657 -0.7068
vn -0.02433 0.707 -0.7068
vn -0.02433 0.70699 -0.7068
vn -0.08302 0.70252 -0.7068
vn -0.08302 0.70253 -0.7068
vn 0.57019 0.77975 -0.25861
vn 0.57018 0.77975 -0.25862
vn 0.50339 0.82445 -0.25862
vn 0.50339 0.82445 -0.25861
vn 0.43312 0.86344 -0.25861
vn 0.43312 0.86344 -0.25861
vn 0.35984 0.89646 -0.25861
vn 0.35984 0.89646 -0.25861
vn 0.28408 0.92327 -0.25861
vn 0.28407 0.92327 -0.25861
vn 0.20634 0.94369 -0.25861
vn 0.20634 0.94369 -0.25861
vn 0.12718 0.95757 -0.25861
vn 0.12718 0.95757 -0.25861
vn 0.04714 0.96483 -0.25861
vn 0.04714 0.96483 -0.25861
vn -0.03323 0.96541 -0.25861
vn -0.03323 0.96541 -0.25862
vn -0.11336 0.95931 -0.25862
vn -0.11336 0.95931 -0.25861
vn 0.23764 -0.10687 -0.96546
vn 0.23764 -0.10687 -0.96546
vn 0.25624 -0.0473 -0.96546
vn 0.25624 -0.0473 -0.96546
vn 0.26014 0.01498 -0.96546
vn 0.26014 0.01498 -0.96546
vn 0.24911 0.07641 -0.96546
vn 0.24911 0.07641 -0.96546
vn 0.2238 0.13345 -0.96546
vn 0.2238 0.13345 -0.96546
vn 0.18565 0.18284 -0.96546
vn 0.18565 0.18284 -0.96546
vn 0.64722 -0.29106 -0.70455
vn 0.64722 -0.29106 -0.70455
vn 0.69787 -0.12882 -0.70455
vn 0.69786 -0.12882 -0.70455
vn 0.70848 0.04081 -0.70455
vn 0.70848 0.04081 -0.70455
vn 0.67846 0.2081 -0.70455
vn 0.67846 0.2081 -0.70455
vn 0.60952 0.36345 -0.70455
vn 0.60952 0.36345 -0.70455
vn 0.50562 0.49795 -0.70455
vn 0.50562 0.49795 -0.70455
vn 0.88137 -0.39636 -0.25708
vn 0.88137 -0.39636 -0.25708
vn 0.95033 -0.17542 -0.25708
vn 0.95034 -0.17542 -0.25708
vn 0.96479 0.05557 -0.25708
vn 0.96479 0.05557 -0.25708
vn 0.92391 0.28338 -0.25708
vn 0.92391 0.28338 -0.25709
vn 0.83003 0.49494 -0.25709
vn 0.83003 0.49494 -0.25708
vn 0.68854 0.6781 -0.25708
vn 0.68854 0.6781 -0.25708
vn 0.22164 -0.13366 -0.96593
vn 0.22164 -0.13366 -0.96593
vn 0.60553 -0.36515 -0.70711
vn 0.60553 -0.36515 -0.70711
vn 0.82717 -0.49881 -0.25882
vn 0.82717 -0.49881 -0.25882
vn 0.86857 -0.4232 -0.25786
vn 0.86857 -0.4232 -0.25786
vn 0.92992 -0.26223 -0.25786
vn 0.92992 -0.26223 -0.25786
vn 0.9617 -0.09293 -0.25786
vn 0.9617 -0.09293 -0.25786
vn 0.96292 0.07933 -0.25786
vn 0.96292 0.07933 -0.25786
vn 0.93353 0.24907 -0.25786
vn 0.93353 0.24906 -0.25786
vn 0.87446 0.41088 -0.25786
vn 0.87446 0.41088 -0.25786
vn 0.7876 0.55964 -0.25786
vn 0.7876 0.55964 -0.25786
vn 0.6757 0.69061 -0.25786
vn 0.6757 0.69061 -0.25786
vn 0.54232 0.79962 -0.25786
vn 0.54232 0.79962 -0.25786
vn 0.3917 0.88322 -0.25786
vn 0.3917 0.88322 -0.25786
vn 0.22864 0.93874 -0.25786
vn 0.22864 0.93874 -0.25786
vn 0.0583 0.96442 -0.25786
vn 0.0583 0.96442 -0.25786
vn 0.63693 -0.31034 -0.70569
vn 0.63693 -0.31034 -0.70569
vn 0.68192 -0.1923 -0.70569
vn 0.68192 -0.1923 -0.70569
vn 0.70523 -0.06814 -0.70569
vn 0.70523 -0.06814 -0.7057
vn 0.70612 0.05817 -0.7057
vn 0.70612 0.05817 -0.7057
vn 0.68457 0.18264 -0.7057
vn 0.68457 0.18264 -0.7057
vn 0.64125 0.30131 -0.7057
vn 0.64125 0.30131 -0.7057
vn 0.57756 0.41039 -0.7057
vn 0.57756 0.41039 -0.7057
vn 0.4955 0.50643 -0.7057
vn 0.4955 0.50643 -0.7057
vn 0.39769 0.58637 -0.7057
vn 0.39769 0.58637 -0.7057
vn 0.28724 0.64768 -0.7057
vn 0.28724 0.64768 -0.70569
vn 0.16766 0.68839 -0.70569
vn 0.16766 0.68839 -0.70569
vn 0.04275 0.70722 -0.70569
vn 0.04275 0.70723 -0.70569
vn 0.23354 -0.11379 -0.96567
vn 0.23354 -0.11379 -0.96567
vn 0.25003 -0.07051 -0.96567
vn 0.25003 -0.07051 -0.96567
vn 0.25858 -0.02499 -0.96567
vn 0.25858 -0.02499 -0.96567
vn 0.25891 0.02133 -0.96567
vn 0.25891 0.02133 -0.96567
vn 0.251 0.06697 -0.96567
vn 0.251 0.06697 -0.96567
vn 0.23512 0.11048 -0.96567
vn 0.23512 0.11048 -0.96567
vn 0.21177 0.15047 -0.96567
vn 0.21177 0.15047 -0.96567
vn 0.18168 0.18569 -0.96567
vn 0.18168 0.18569 -0.96567
vn 0.14582 0.215 -0.96567
vn 0.14582 0.215 -0.96567
vn 0.10532 0.23748 -0.96567
vn 0.10532 0.23748 -0.96567
vn 0.06147 0.25241 -0.96567
vn 0.06147 0.25241 -0.96567
vn 0.01568 0.25931 -0.96567
vn 0.01568 0.25931 -0.96567
vn -0.00748 0.25871 -0.96593
vn -0.00748 0.25871 -0.96593
vn -0.02042 0.70681 -0.70711
vn -0.02042 0.70681 -0.70711
vn -0.0279 0.96552 -0.25882
vn -0.0279 0.96552 -0.25882
vn 0.58784 0.16858 -0.79122
vn 0.25047 0.07183 -0.96546
vn 0.25047 0.07183 -0.96546
vn 0.22621 0.12932 -0.96546
vn 0.22621 0.12932 -0.96546
vn 0.18897 0.1794 -0.96546
vn 0.18897 0.1794 -0.96546
vn 0.1409 0.21919 -0.96546
vn 0.1409 0.21919 -0.96546
vn 0.08474 0.24641 -0.96546
vn 0.08474 0.24641 -0.96546
vn 0.02372 0.25949 -0.96546
vn 0.02372 0.25949 -0.96546
vn 0.76465 0.21928 -0.60599
vn 0.66888 0.2317 -0.70634
vn 0.61608 0.35221 -0.70455
vn 0.61608 0.35221 -0.70455
vn 0.51467 0.4886 -0.70455
vn 0.51466 0.4886 -0.70455
vn 0.38373 0.59696 -0.70455
vn 0.38373 0.59696 -0.70455
vn 0.23078 0.67108 -0.70455
vn 0.23078 0.67108 -0.70455
vn 0.0646 0.70671 -0.70455
vn 0.0646 0.70671 -0.70455
vn 0.92895 0.2664 -0.25708
vn 0.92895 0.2664 -0.25708
vn 0.83896 0.47963 -0.25708
vn 0.83896 0.47964 -0.25709
vn 0.70086 0.66536 -0.25709
vn 0.70086 0.66536 -0.25708
vn 0.52255 0.81293 -0.25708
vn 0.52255 0.81293 -0.25708
vn 0.31427 0.91386 -0.25708
vn 0.31427 0.91386 -0.25708
vn 0.08796 0.96238 -0.25708
vn 0.08797 0.96238 -0.25708
vn 0.98045 -0.02597 -0.19505
vn 0.19446 -0.01811 -0.98074
vn 0.19651 -0.01854 -0.98033
vn 0.55359 -0.05178 -0.83118
vn 0.55858 -0.05293 -0.82776
vn 0.8281 -0.07797 -0.55513
vn 0.83335 -0.07953 -0.547
vn 0.97643 -0.09281 -0.19486
vn 0.97858 -0.09431 -0.18301
vn 0.97512 0.10572 -0.19485
vn 0.9805 0.02429 -0.195
vn 0.95961 0.11081 -0.25859
vn 0.82737 0.08515 -0.55517
vn 0.78912 0.08555 -0.60826
vn 0.55284 0.05994 -0.83113
vn 0.60666 0.05889 -0.79278
vn 0.19366 0.0301 -0.98061
vn 0.25763 0.02793 -0.96584
vn 0.95302 0.00524 -0.30285
vn 0.83179 0.00458 -0.55507
vn 0.83179 0.00457 -0.55507
vn 0.55607 0.00306 -0.83113
vn 0.55607 0.00306 -0.83113
vn 0.19534 0.00107 -0.98074
vn 0.19533 0.00107 -0.98074
vn -0.39396 -0.58867 -0.70588
vn -0.39396 -0.58867 -0.70588
vn -0.29098 -0.6458 -0.70588
vn -0.29098 -0.64581 -0.70588
vn -0.20804 -0.67613 -0.7068
vn -0.15341 -0.584 -0.79713
vn 0.05379 -0.70629 -0.70588
vn 0.05379 -0.70629 -0.70588
vn -0.06397 -0.70544 -0.70588
vn -0.06397 -0.70544 -0.70588
vn -0.15111 -0.69109 -0.7068
vn 0.70138 -0.15036 -0.69675
vn 0.70138 -0.15036 -0.69675
vn 0.55262 -0.45734 -0.69675
vn 0.55262 -0.45734 -0.69674
vn 0.27888 -0.66089 -0.69674
vn 0.27888 -0.66089 -0.69675
vn -0.56768 -0.43851 -0.69675
vn -0.56768 -0.43851 -0.69674
vn -0.70604 -0.12671 -0.69674
vn -0.70604 -0.12671 -0.69675
vn -0.68473 0.21374 -0.69675
vn -0.68473 0.21374 -0.69675
vn 0.70681 0.02042 -0.70711
vn 0.70681 0.02042 -0.70711
vn -0.60553 0.36515 -0.70711
vn -0.60553 0.36515 -0.70711
vn 0.70478 -0.10626 -0.70142
vn 0.70478 -0.10626 -0.70142
vn 0.62319 -0.34589 -0.70142
vn 0.62319 -0.34589 -0.70142
vn 0.46299 -0.54189 -0.70142
vn 0.46299 -0.54189 -0.70142
vn 0.24439 -0.66954 -0.70142
vn 0.24439 -0.66954 -0.70142
vn -0.00504 -0.71273 -0.70142
vn -0.00504 -0.71273 -0.70142
vn -0.25383 -0.66602 -0.70142
vn -0.25383 -0.66602 -0.70142
vn -0.10626 -0.70478 -0.70142
vn -0.10626 -0.70478 -0.70142
vn -0.34589 -0.62319 -0.70142
vn -0.34589 -0.62319 -0.70142
vn -0.54189 -0.46299 -0.70142
vn -0.54189 -0.46299 -0.70142
vn -0.66954 -0.24439 -0.70142
vn -0.66954 -0.24439 -0.70142
vn -0.71273 0.00504 -0.70142
vn -0.71273 0.00504 -0.70142
vn -0.66602 0.25383 -0.70142
vn -0.66602 0.25383 -0.70142
vn -0.36515 -0.60553 -0.70711
vn -0.36515 -0.60553 -0.70711
vn 0.02042 -0.70681 -0.70711
vn 0.02042 -0.70681 -0.70711
vn 0.43851 -0.56768 -0.69675
vn 0.43851 -0.56768 -0.69674
vn 0.12671 -0.70604 -0.69674
vn 0.12671 -0.70604 -0.69675
vn -0.21374 -0.68473 -0.69675
vn -0.21374 -0.68473 -0.69675
vn -0.15036 -0.70138 -0.69675
vn -0.15036 -0.70138 -0.69675
vn -0.45734 -0.55262 -0.69675
vn -0.45734 -0.55262 -0.69674
vn -0.66089 -0.27888 -0.69674
vn -0.66089 -0.27888 -0.69675
vn 0.58867 -0.39396 -0.70588
vn 0.58867 -0.39396 -0.70588
vn 0.6458 -0.29098 -0.70588
vn 0.64581 -0.29098 -0.70588
vn 0.67613 -0.20804 -0.7068
vn 0.584 -0.15341 -0.79713
vn 0.70629 0.05379 -0.70588
vn 0.70629 0.05379 -0.70588
vn 0.70544 -0.06397 -0.70588
vn 0.70544 -0.06397 -0.70588
vn 0.69109 -0.15111 -0.7068
vn -0.58867 0.39396 -0.70588
vn -0.58867 0.39396 -0.70588
vn -0.6458 0.29098 -0.70588
vn -0.64581 0.29098 -0.70588
vn -0.67613 0.20804 -0.7068
vn -0.584 0.15341 -0.79713
vn -0.70629 -0.05379 -0.70588
vn -0.70629 -0.05379 -0.70588
vn -0.70544 0.06397 -0.70588
vn -0.70544 0.06397 -0.70588
vn -0.69109 0.15111 -0.7068
vn 0.15036 0.70138 -0.69675
vn 0.15036 0.70138 -0.69675
vn 0.45734 0.55262 -0.69675
vn 0.45734 0.55262 -0.69674
vn 0.66089 0.27888 -0.69674
vn 0.66089 0.27888 -0.69675
vn -0.43851 0.56768 -0.69675
vn -0.43851 0.56768 -0.69674
vn -0.12671 0.70604 -0.69674
vn -0.12671 0.70604 -0.69675
vn 0.21374 0.68473 -0.69675
vn 0.21374 0.68473 -0.69675
vn -0.02042 0.70681 -0.70711
vn -0.02042 0.70681 -0.70711
vn 0.36515 0.60553 -0.70711
vn 0.36515 0.60553 -0.70711
vn 0.10626 0.70478 -0.70142
vn 0.10626 0.70478 -0.70142
vn 0.34589 0.62319 -0.70142
vn 0.34589 0.62319 -0.70142
vn 0.54189 0.46299 -0.70142
vn 0.54189 0.46299 -0.70142
vn 0.66954 0.24439 -0.70142
vn 0.66954 0.24439 -0.70142
vn 0.71273 -0.00504 -0.70142
vn 0.71273 -0.00504 -0.70142
vn 0.66602 -0.25383 -0.70142
vn 0.66602 -0.25383 -0.70142
vn -0.70478 0.10626 -0.70142
vn -0.70478 0.10626 -0.70142
vn -0.62319 0.34589 -0.70142
vn -0.62319 0.34589 -0.70142
vn -0.46299 0.54189 -0.70142
vn -0.46299 0.54189 -0.70142
vn -0.24439 0.66954 -0.70142
vn -0.24439 0.66954 -0.70142
vn 0.00504 0.71273 -0.70142
vn 0.00504 0.71273 -0.70142
vn 0.25383 0.66602 -0.70142
vn 0.25383 0.66602 -0.70142
vn 0.60553 -0.36515 -0.70711
vn 0.60553 -0.36515 -0.70711
vn -0.70681 -0.02042 -0.70711
vn -0.70681 -0.02042 -0.70711
vn 0.56768 0.43851 -0.69675
vn 0.56768 0.43851 -0.69674
vn 0.70604 0.12671 -0.69674
vn 0.70604 0.12671 -0.69675
vn 0.68473 -0.21374 -0.69675
vn 0.68473 -0.21374 -0.69675
vn -0.70138 0.15036 -0.69675
vn -0.70138 0.15036 -0.69675
vn -0.55262 0.45734 -0.69675
vn -0.55262 0.45734 -0.69674
vn -0.27888 0.66089 -0.69674
vn -0.27888 0.66089 -0.69675
vn 0.39396 0.58867 -0.70588
vn 0.39396 0.58867 -0.70588
vn 0.29098 0.6458 -0.70588
vn 0.29098 0.64581 -0.70588
vn 0.20804 0.67613 -0.7068
vn 0.15341 0.584 -0.79713
vn -0.05379 0.70629 -0.70588
vn -0.05379 0.70629 -0.70588
vn 0.06397 0.70544 -0.70588
vn 0.06397 0.70544 -0.70588
vn 0.15111 0.69109 -0.7068
vn -0.09939 -0.57221 0.81406
vn -0.09137 -0.7015 0.70679
vn -0.03155 -0.70672 0.70679
vn -0.00125 -0.58077 0.81406
vn 0.1923 -0.54802 0.81406
vn 0.0285 -0.70685 0.70679
vn 0.08834 -0.70189 0.70679
vn 0.09692 -0.57263 0.81406
vn 0.14755 -0.69187 0.70679
vn 0.20569 -0.67686 0.70679
vn 0.36388 -0.45265 0.81406
vn 0.26235 -0.65698 0.70679
vn 0.31712 -0.63236 0.70679
vn 0.28215 -0.50763 0.81406
vn 0.36961 -0.60319 0.70679
vn 0.41943 -0.56967 0.70679
vn 0.49389 -0.30557 0.81406
vn 0.46623 -0.53205 0.70679
vn 0.50967 -0.49059 0.70679
vn 0.43514 -0.38464 0.81406
vn 0.54944 -0.44561 0.70679
vn 0.58525 -0.3974 0.70679
vn 0.61685 -0.34634 0.70679
vn 0.644 -0.29278 0.70679
vn 0.53843 -0.21771 0.81406
vn 0.5802 -0.0259 0.81406
vn 0.66651 -0.23711 0.70679
vn 0.68421 -0.17973 0.70679
vn 0.56748 -0.12358 0.81406
vn 0.69699 -0.12106 0.70679
vn 0.70475 -0.06151 0.70679
vn 0.55568 0.16887 0.81406
vn 0.70742 -0.00153 0.70679
vn 0.70501 0.05847 0.70679
vn 0.57623 0.07253 0.81406
vn 0.69751 0.11805 0.70679
vn 0.68498 0.17678 0.70679
vn 0.46769 0.34434 0.81406
vn 0.66752 0.23423 0.70679
vn 0.64525 0.29 0.70679
vn 0.51915 0.26035 0.81406
vn 0.61833 0.34367 0.70679
vn 0.58696 0.39488 0.70679
vn 0.32626 0.48048 0.81406
vn 0.55136 0.44323 0.70679
vn 0.51178 0.48839 0.70679
vn 0.40277 0.41843 0.81406
vn 0.46852 0.53003 0.70679
vn 0.42188 0.56786 0.70679
vn 0.14755 0.56172 0.81406
vn 0.37221 0.60159 0.70679
vn 0.31985 0.63099 0.70679
vn 0.24036 0.5287 0.81406
vn 0.26518 0.65584 0.70679
vn 0.20861 0.67597 0.70679
vn -0.04801 0.57879 0.81406
vn 0.15053 0.69122 0.70679
vn 0.09137 0.7015 0.70679
vn 0.0505 0.57857 0.81406
vn 0.03155 0.70672 0.70679
vn -0.0285 0.70685 0.70679
vn -0.23808 0.52973 0.81406
vn -0.08834 0.70189 0.70679
vn -0.14755 0.69186 0.70679
vn -0.14513 0.56235 0.81406
vn -0.20569 0.67686 0.70679
vn -0.26235 0.65698 0.70679
vn -0.40096 0.42016 0.81406
vn -0.31712 0.63236 0.70679
vn -0.36961 0.60319 0.70679
vn -0.32418 0.48188 0.81406
vn -0.41943 0.56967 0.70679
vn -0.46623 0.53205 0.70679
vn -0.51803 0.26259 0.81406
vn -0.50967 0.4906 0.70679
vn -0.54944 0.4456 0.70679
vn -0.4662 0.34636 0.81406
vn -0.58525 0.3974 0.70679
vn -0.61685 0.34634 0.70679
vn -0.644 0.29278 0.70679
vn -0.66651 0.23711 0.70679
vn -0.55495 0.17126 0.81406
vn -0.68421 0.17973 0.70679
vn -0.69699 0.12106 0.70679
vn -0.57591 0.07501 0.81406
vn -0.70475 0.06151 0.70679
vn -0.70742 0.00153 0.70679
vn -0.58031 -0.0234 0.81406
vn -0.53936 -0.21538 0.81406
vn -0.70501 -0.05847 0.70679
vn -0.69751 -0.11805 0.70679
vn -0.568 -0.12113 0.81406
vn -0.68498 -0.17678 0.70679
vn -0.66752 -0.23423 0.70679
vn -0.4368 -0.38276 0.81406
vn -0.64525 -0.29 0.70679
vn -0.61833 -0.34367 0.70679
vn -0.4952 -0.30344 0.81406
vn -0.58696 -0.39488 0.70679
vn -0.55136 -0.44323 0.70679
vn -0.28433 -0.50641 0.81406
vn -0.51178 -0.48839 0.70679
vn -0.46852 -0.53004 0.70679
vn -0.36583 -0.45108 0.81406
vn -0.42188 -0.56786 0.70679
vn -0.37221 -0.60159 0.70679
vn -0.31985 -0.63099 0.70679
vn -0.26518 -0.65584 0.70679
vn -0.19466 -0.54718 0.81406
vn -0.20861 -0.67597 0.70679
vn -0.15053 -0.69122 0.70679
vn 0.78477 -0.24219 -0.5705
vn 0.67175 -0.22307 -0.70639
vn 0.63184 -0.32028 -0.70583
vn 0.63184 -0.32028 -0.70583
vn 0.56863 -0.42245 -0.70583
vn 0.56863 -0.42245 -0.70583
vn 0.48905 -0.51248 -0.70583
vn 0.48905 -0.51248 -0.70583
vn 0.39541 -0.58776 -0.70583
vn 0.39541 -0.58775 -0.70583
vn 0.29039 -0.64612 -0.70583
vn 0.29039 -0.64613 -0.70583
vn 0.17702 -0.68591 -0.70583
vn 0.17702 -0.68591 -0.70583
vn 0.05855 -0.70596 -0.70583
vn 0.05855 -0.70596 -0.70583
vn -0.0616 -0.7057 -0.70583
vn -0.0616 -0.7057 -0.70583
vn -0.15053 -0.69122 -0.70679
vn -0.15053 -0.69122 -0.70679
vn -0.20861 -0.67597 -0.70679
vn -0.70768 0.03159 -0.70583
vn -0.70284 -0.08846 -0.70583
vn -0.70284 -0.08846 -0.70583
vn -0.67778 -0.20597 -0.70583
vn -0.67778 -0.20597 -0.70583
vn -0.63322 -0.31755 -0.70583
vn -0.63322 -0.31755 -0.70583
vn -0.57044 -0.42 -0.70583
vn -0.57044 -0.42 -0.70583
vn -0.49126 -0.51036 -0.70583
vn -0.49126 -0.51036 -0.70583
vn -0.39794 -0.58604 -0.70583
vn -0.39794 -0.58604 -0.70583
vn -0.29317 -0.64486 -0.70583
vn -0.29317 -0.64486 -0.70583
vn -0.20861 -0.67597 -0.70679
vn 0.68763 -0.16515 -0.70703
vn 0.70245 -0.09149 -0.70583
vn 0.70245 -0.09149 -0.70583
vn 0.70781 0.02854 -0.70583
vn 0.70781 0.02854 -0.70583
vn 0.6928 0.14775 -0.70583
vn 0.6928 0.14775 -0.70583
vn 0.65787 0.26271 -0.70583
vn 0.65787 0.26271 -0.70583
vn 0.60401 0.37011 -0.70583
vn 0.60401 0.37011 -0.70583
vn 0.53277 0.46686 -0.70583
vn 0.53277 0.46686 -0.70583
vn 0.44621 0.55019 -0.70583
vn 0.44621 0.55018 -0.70583
vn 0.34681 0.61768 -0.70583
vn 0.34681 0.61768 -0.70583
vn 0.23743 0.66741 -0.70583
vn 0.23743 0.6674 -0.70583
vn 0.12122 0.69793 -0.70583
vn 0.12122 0.69793 -0.70583
vn 0.00153 0.70838 -0.70583
vn 0.00153 0.70838 -0.70583
vn -0.11821 0.69845 -0.70583
vn -0.11821 0.69845 -0.70583
vn -0.23455 0.66842 -0.70583
vn -0.23455 0.66842 -0.70583
vn -0.34414 0.61917 -0.70583
vn -0.34414 0.61917 -0.70583
vn -0.44383 0.5521 -0.70583
vn -0.44383 0.5521 -0.70583
vn -0.53075 0.46915 -0.70583
vn -0.53075 0.46916 -0.70583
vn -0.60241 0.37271 -0.70583
vn -0.60241 0.37271 -0.70583
vn -0.65673 0.26554 -0.70583
vn -0.65673 0.26554 -0.70583
vn -0.68003 0.19411 -0.70703
vn -0.80249 0.17476 -0.5705
vn -0.69466 0.13586 -0.70639
vn -0.70768 0.03159 -0.70583
vn 0 0 -1
vn -0 -0 1
vn 0.76061 0.6492 0
vn 0.70591 0.7083 0
vn 0.70591 0.7083 0
vn 0.61538 0.78823 0
vn 0.48098 0.87673 0
vn 0.33411 0.94253 0
vn 0.17859 0.98392 0
vn 0.01844 0.99983 0
vn -0.14218 0.98984 0
vn -0.29912 0.95422 0
vn -0.44831 0.89388 0
vn -0.5859 0.81039 0
vn -0.7083 0.70591 0
vn -0.81237 0.58315 0
vn -0.89539 0.44528 0
vn -0.95522 0.29589 0
vn -0.99032 0.13883 0
vn -0.99976 -0.02183 -0
vn -0.98331 -0.18192 -0
vn -0.9414 -0.3373 -0
vn -0.8751 -0.48394 -0
vn -0.78614 -0.61805 -0
vn -0.67681 -0.73615 -0
vn -0.54996 -0.83519 -0
vn -0.40887 -0.91259 -0
vn -0.25718 -0.96636 -0
vn -0.09884 -0.9951 -0
vn 0.06207 -0.99807 -0
vn 0.22137 -0.97519 -0
vn 0.37493 -0.92705 -0
vn 0.51879 -0.8549 -0
vn 0.6492 -0.76061 -0
vn 0.76281 -0.64662 -0
vn 0.85666 -0.51589 -0
vn 0.92832 -0.37179 -0
vn 0.97593 -0.21806 -0
vn 0.99828 -0.05869 -0
vn 0.99476 0.10221 0
vn 0.96549 0.26045 0
vn 0.9112 0.41196 0
vn 0.83332 0.55279 0
vn 0.76061 0.6492 0
vn 0.65318 0.7572 0
vn 0.46831 0.88356 0
vn 0.25996 0.96562 0
vn 0.03857 0.99926 0
vn -0.18475 0.98279 0
vn -0.39881 0.91703 0
vn -0.59287 0.8053 0
vn -0.7572 0.65318 0
vn -0.88356 0.46831 0
vn -0.96562 0.25996 0
vn -0.99926 0.03857 0
vn -0.98279 -0.18475 -0
vn -0.91703 -0.39881 -0
vn -0.8053 -0.59287 -0
vn -0.65318 -0.7572 -0
vn -0.46831 -0.88356 -0
vn -0.25996 -0.96562 -0
vn -0.03857 -0.99926 -0
vn 0.18475 -0.98279 -0
vn 0.39881 -0.91703 -0
vn 0.59287 -0.8053 -0
vn 0.7572 -0.65318 -0
vn 0.88356 -0.46831 -0
vn 0.96562 -0.25996 -0
vn 0.99926 -0.03857 -0
vn 0.98279 0.18475 0
vn 0.91703 0.39881 0
vn 0.8053 0.59287 0
f 1//1 2//1 3//1
f 3//1 2//1 4//1
f 3//1 4//1 5//1
f 6//1 7//1 3//1
f 3//1 7//1 8//1
f 3//1 8//1 1//1
f 9//1 10//1 3//1
f 3//1 10//1 11//1
f 3//1 11//1 6//1
f 5//1 12//1 3//1
f 3//1 12//1 13//1
f 3//1 13//1 9//1
f 14//2 4//2 15//2
f 15//2 4//2 2//2
f 15//3 2//3 16//3
f 16//3 2//3 1//3
f 16//4 1//4 17//4
f 17//4 1//4 8//4
f 17//5 8//5 18//5
f 18//5 8//5 7//5
f 18//6 7//6 19//6
f 19//6 7//6 6//6
f 19//7 6//7 20//7
f 20//7 6//7 11//7
f 20//8 11//8 21//8
f 21//8 11//8 10//8
f 21//9 10//9 22//9
f 22//9 10//9 9//9
f 22//10 9//10 23//10
f 23//10 9//10 13//10
f 23//11 13//11 24//11
f 24//11 13//11 12//11
f 24//12 12//12 25//12
f 25//12 12//12 5//12
f 25//13 5//13 14//13
f 14//13 5//13 4//13
f 21//1 26//1 27//1
f 21//1 27//1 20//1
f 28//1 29//1 23//1
f 23//1 29//1 22//1
f 30//1 31//1 24//1
f 24//1 31//1 32//1
f 24//1 32//1 23//1
f 23//1 32//1 33//1
f 23//1 33//1 28//1
f 29//1 34//1 22//1
f 22//1 34//1 35//1
f 22//1 35//1 21//1
f 21//1 35//1 36//1
f 21//1 36//1 26//1
f 30//1 24//1 37//1
f 37//1 24//1 25//1
f 37//1 25//1 38//1
f 39//1 15//1 40//1
f 40//1 15//1 16//1
f 40//1 16//1 41//1
f 14//1 42//1 25//1
f 25//1 42//1 43//1
f 25//1 43//1 38//1
f 39//1 44//1 15//1
f 15//1 44//1 45//1
f 15//1 45//1 14//1
f 14//1 45//1 46//1
f 14//1 46//1 42//1
f 47//1 48//1 17//1
f 17//1 48//1 49//1
f 17//1 49//1 16//1
f 16//1 49//1 50//1
f 16//1 50//1 41//1
f 51//1 19//1 52//1
f 52//1 19//1 20//1
f 52//1 20//1 53//1
f 53//1 20//1 27//1
f 47//1 17//1 54//1
f 54//1 17//1 18//1
f 54//1 18//1 55//1
f 51//1 56//1 19//1
f 19//1 56//1 57//1
f 19//1 57//1 18//1
f 18//1 57//1 58//1
f 18//1 58//1 55//1
f 59//14 42//14 46//14
f 59//15 60//15 42//15
f 42//16 60//16 61//16
f 42//17 61//17 43//17
f 61//18 62//18 43//18
f 43//19 62//19 63//19
f 43//20 63//20 38//20
f 63//21 64//21 38//21
f 38//22 64//22 65//22
f 38//23 65//23 37//23
f 65//24 66//24 37//24
f 37//25 66//25 67//25
f 37//26 67//26 30//26
f 68//27 31//27 69//27
f 69//28 31//28 30//28
f 69//29 30//29 70//29
f 70//30 30//30 67//30
f 68//31 71//31 31//31
f 31//32 71//32 72//32
f 31//33 72//33 32//33
f 72//34 73//34 32//34
f 32//35 73//35 74//35
f 32//36 74//36 33//36
f 74//37 75//37 33//37
f 33//38 75//38 76//38
f 33//39 76//39 28//39
f 76//40 77//40 28//40
f 28//41 77//41 78//41
f 28//42 78//42 29//42
f 78//43 79//43 29//43
f 29//44 79//44 80//44
f 29//45 80//45 34//45
f 80//46 81//46 34//46
f 34//47 81//47 82//47
f 34//48 82//48 35//48
f 83//49 36//49 84//49
f 84//50 36//50 35//50
f 84//51 35//51 85//51
f 85//52 35//52 82//52
f 83//53 86//53 36//53
f 36//54 86//54 87//54
f 36//55 87//55 26//55
f 87//56 88//56 26//56
f 26//57 88//57 89//57
f 26//58 89//58 27//58
f 89//59 90//59 27//59
f 27//60 90//60 91//60
f 27//61 91//61 53//61
f 91//62 92//62 53//62
f 53//63 92//63 93//63
f 53//64 93//64 52//64
f 93//65 94//65 52//65
f 52//66 94//66 95//66
f 52//67 95//67 51//67
f 96//68 56//68 97//68
f 97//69 56//69 51//69
f 97//70 51//70 98//70
f 98//71 51//71 95//71
f 96//72 99//72 56//72
f 56//73 99//73 100//73
f 56//74 100//74 57//74
f 100//75 101//75 57//75
f 57//76 101//76 102//76
f 57//77 102//77 58//77
f 102//78 103//78 58//78
f 58//79 103//79 104//79
f 58//80 104//80 55//80
f 104//81 105//81 55//81
f 55//82 105//82 106//82
f 55//83 106//83 54//83
f 106//84 107//84 54//84
f 54//85 107//85 108//85
f 54//86 108//86 47//86
f 108//87 109//87 47//87
f 47//88 109//88 110//88
f 47//89 110//89 48//89
f 111//90 49//90 112//90
f 112//91 49//91 48//91
f 112//92 48//92 113//92
f 113//93 48//93 110//93
f 111//94 114//94 49//94
f 49//95 114//95 115//95
f 49//96 115//96 50//96
f 115//97 116//97 50//97
f 50//98 116//98 117//98
f 50//99 117//99 41//99
f 117//100 118//100 41//100
f 41//101 118//101 119//101
f 41//102 119//102 40//102
f 119//103 120//103 40//103
f 40//104 120//104 121//104
f 40//105 121//105 39//105
f 121//106 122//106 39//106
f 39//107 122//107 123//107
f 39//108 123//108 44//108
f 123//109 124//109 44//109
f 44//110 124//110 125//110
f 44//111 125//111 45//111
f 125//112 126//112 45//112
f 45//113 126//113 127//113
f 45//114 127//114 46//114
f 46//115 127//115 128//115
f 46//116 128//116 59//116
f 107//117 106//117 129//117
f 92//118 91//118 130//118
f 77//119 76//119 131//119
f 64//120 63//120 132//120
f 133//121 61//121 134//121
f 134//122 61//122 60//122
f 132//123 63//123 133//123
f 133//124 63//124 62//124
f 133//125 62//125 61//125
f 64//126 132//126 65//126
f 65//127 132//127 135//127
f 65//128 135//128 66//128
f 66//129 135//129 136//129
f 66//130 136//130 67//130
f 67//131 136//131 70//131
f 70//132 136//132 137//132
f 70//133 137//133 69//133
f 69//134 137//134 68//134
f 68//135 137//135 138//135
f 68//136 138//136 71//136
f 71//137 138//137 139//137
f 71//138 139//138 72//138
f 131//139 76//139 140//139
f 76//140 75//140 140//140
f 140//141 75//141 74//141
f 140//142 74//142 139//142
f 139//143 74//143 73//143
f 139//144 73//144 72//144
f 77//145 131//145 78//145
f 78//146 131//146 141//146
f 78//147 141//147 79//147
f 79//148 141//148 142//148
f 79//149 142//149 80//149
f 80//150 142//150 81//150
f 81//151 142//151 143//151
f 81//152 143//152 82//152
f 82//153 143//153 85//153
f 85//154 143//154 144//154
f 85//155 144//155 84//155
f 84//156 144//156 83//156
f 83//157 144//157 145//157
f 83//158 145//158 86//158
f 86//159 145//159 146//159
f 86//160 146//160 87//160
f 130//161 91//161 147//161
f 91//162 90//162 147//162
f 147//163 90//163 89//163
f 147//164 89//164 146//164
f 146//165 89//165 88//165
f 146//166 88//166 87//166
f 92//167 130//167 93//167
f 93//168 130//168 148//168
f 93//169 148//169 94//169
f 94//170 148//170 149//170
f 94//171 149//171 95//171
f 95//172 149//172 98//172
f 98//173 149//173 150//173
f 98//174 150//174 97//174
f 97//175 150//175 96//175
f 96//176 150//176 151//176
f 96//177 151//177 99//177
f 99//178 151//178 152//178
f 99//179 152//179 100//179
f 153//180 102//180 152//180
f 152//181 102//181 101//181
f 152//182 101//182 100//182
f 129//183 106//183 154//183
f 106//184 105//184 154//184
f 154//185 105//185 104//185
f 154//186 104//186 153//186
f 153//187 104//187 103//187
f 153//188 103//188 102//188
f 107//189 129//189 108//189
f 108//190 129//190 155//190
f 108//191 155//191 109//191
f 109//192 155//192 156//192
f 109//193 156//193 110//193
f 110//194 156//194 113//194
f 113//195 156//195 157//195
f 113//196 157//196 112//196
f 112//197 157//197 111//197
f 111//198 157//198 158//198
f 111//199 158//199 114//199
f 114//200 158//200 159//200
f 114//201 159//201 115//201
f 160//202 161//202 119//202
f 119//203 118//203 160//203
f 160//204 118//204 117//204
f 160//205 117//205 159//205
f 159//206 117//206 116//206
f 159//207 116//207 115//207
f 162//208 122//208 163//208
f 163//209 122//209 121//209
f 163//210 121//210 161//210
f 161//211 121//211 120//211
f 161//212 120//212 119//212
f 164//213 124//213 162//213
f 162//214 124//214 123//214
f 162//215 123//215 122//215
f 60//216 59//216 134//216
f 134//217 59//217 128//217
f 134//218 128//218 165//218
f 165//219 128//219 127//219
f 165//220 127//220 166//220
f 166//221 127//221 126//221
f 166//222 126//222 164//222
f 164//223 126//223 125//223
f 164//224 125//224 124//224
f 147//225 167//225 168//225
f 147//226 168//226 130//226
f 167//227 147//227 169//227
f 169//228 147//228 146//228
f 169//229 146//229 170//229
f 170//230 146//230 171//230
f 171//231 146//231 145//231
f 171//232 145//232 172//232
f 172//233 145//233 173//233
f 173//234 145//234 144//234
f 173//235 144//235 174//235
f 174//236 144//236 175//236
f 175//237 144//237 143//237
f 175//238 143//238 176//238
f 176//239 143//239 177//239
f 177//240 143//240 142//240
f 177//241 142//241 178//241
f 178//242 142//242 179//242
f 179//243 142//243 141//243
f 179//244 141//244 180//244
f 180//245 141//245 181//245
f 181//246 141//246 131//246
f 181//247 131//247 182//247
f 182//248 131//248 183//248
f 183//249 131//249 140//249
f 183//250 140//250 184//250
f 184//251 140//251 185//251
f 185//252 140//252 139//252
f 185//253 139//253 186//253
f 186//254 139//254 187//254
f 187//255 139//255 138//255
f 187//256 138//256 188//256
f 188//257 138//257 189//257
f 189//258 138//258 137//258
f 189//259 137//259 190//259
f 190//260 137//260 191//260
f 191//261 137//261 136//261
f 191//262 136//262 192//262
f 192//263 136//263 193//263
f 193//264 136//264 135//264
f 193//265 135//265 194//265
f 194//266 135//266 195//266
f 195//267 135//267 132//267
f 195//268 132//268 196//268
f 196//269 132//269 197//269
f 197//270 132//270 133//270
f 197//271 133//271 198//271
f 198//272 133//272 199//272
f 199//273 133//273 134//273
f 199//274 134//274 200//274
f 200//275 134//275 165//275
f 200//276 165//276 201//276
f 201//277 165//277 166//277
f 201//278 166//278 202//278
f 164//279 203//279 166//279
f 166//280 203//280 204//280
f 166//281 204//281 202//281
f 162//282 163//282 205//282
f 205//283 206//283 162//283
f 162//284 206//284 207//284
f 162//285 207//285 164//285
f 164//286 207//286 208//286
f 164//287 208//287 203//287
f 161//288 160//288 209//288
f 209//289 210//289 161//289
f 161//290 210//290 211//290
f 161//291 211//291 163//291
f 163//292 211//292 212//292
f 163//293 212//293 205//293
f 159//294 158//294 213//294
f 213//295 214//295 159//295
f 159//296 214//296 215//296
f 159//297 215//297 160//297
f 160//298 215//298 216//298
f 160//299 216//299 209//299
f 157//300 156//300 217//300
f 217//301 218//301 157//301
f 157//302 218//302 219//302
f 157//303 219//303 158//303
f 158//304 219//304 220//304
f 158//305 220//305 213//305
f 155//306 129//306 221//306
f 221//307 222//307 155//307
f 155//308 222//308 223//308
f 155//309 223//309 156//309
f 156//310 223//310 224//310
f 156//311 224//311 217//311
f 154//312 153//312 225//312
f 225//313 226//313 154//313
f 154//314 226//314 227//314
f 154//315 227//315 129//315
f 129//316 227//316 228//316
f 129//317 228//317 221//317
f 152//318 151//318 229//318
f 229//319 230//319 152//319
f 152//320 230//320 231//320
f 152//321 231//321 153//321
f 153//322 231//322 232//322
f 153//323 232//323 225//323
f 150//324 149//324 233//324
f 233//325 234//325 150//325
f 150//326 234//326 235//326
f 150//327 235//327 151//327
f 151//328 235//328 236//328
f 151//329 236//329 229//329
f 168//330 237//330 130//330
f 130//331 237//331 238//331
f 130//332 238//332 148//332
f 148//333 238//333 239//333
f 148//334 239//334 149//334
f 149//335 239//335 240//335
f 149//336 240//336 233//336
f 201//337 241//337 200//337
f 200//338 241//338 242//338
f 200//339 242//339 199//339
f 199//340 242//340 243//340
f 199//341 243//341 198//341
f 198//342 243//342 244//342
f 198//343 244//343 197//343
f 197//344 244//344 245//344
f 197//345 245//345 196//345
f 196//346 245//346 246//346
f 196//347 246//347 195//347
f 246//348 247//348 195//348
f 195//349 247//349 248//349
f 195//350 248//350 194//350
f 194//351 248//351 249//351
f 194//352 249//352 193//352
f 193//353 249//353 250//353
f 193//354 250//354 192//354
f 192//355 250//355 251//355
f 192//356 251//356 191//356
f 191//357 251//357 252//357
f 191//358 252//358 190//358
f 190//359 252//359 253//359
f 190//360 253//360 189//360
f 253//361 254//361 189//361
f 189//362 254//362 255//362
f 189//363 255//363 188//363
f 188//364 255//364 256//364
f 188//365 256//365 187//365
f 187//366 256//366 257//366
f 187//367 257//367 186//367
f 186//368 257//368 258//368
f 186//369 258//369 185//369
f 185//370 258//370 259//370
f 185//371 259//371 184//371
f 184//372 259//372 260//372
f 184//373 260//373 183//373
f 260//374 261//374 183//374
f 183//375 261//375 262//375
f 183//376 262//376 182//376
f 182//377 262//377 263//377
f 182//378 263//378 181//378
f 181//379 263//379 264//379
f 181//380 264//380 180//380
f 180//381 264//381 265//381
f 180//382 265//382 179//382
f 179//383 265//383 266//383
f 179//384 266//384 178//384
f 178//385 266//385 267//385
f 178//386 267//386 177//386
f 267//387 268//387 177//387
f 177//388 268//388 269//388
f 177//389 269//389 176//389
f 176//390 269//390 270//390
f 176//391 270//391 175//391
f 175//392 270//392 271//392
f 175//393 271//393 174//393
f 174//394 271//394 272//394
f 174//395 272//395 173//395
f 272//396 273//396 173//396
f 173//397 273//397 274//397
f 173//398 274//398 172//398
f 172//399 274//399 275//399
f 172//400 275//400 171//400
f 171//401 275//401 276//401
f 171//402 276//402 170//402
f 170//403 276//403 277//403
f 170//404 277//404 169//404
f 169//405 277//405 278//405
f 169//406 278//406 167//406
f 167//407 278//407 279//407
f 167//408 279//408 168//408
f 279//409 280//409 168//409
f 168//410 280//410 281//410
f 168//411 281//411 237//411
f 237//412 281//412 282//412
f 237//413 282//413 238//413
f 238//414 282//414 283//414
f 238//415 283//415 239//415
f 239//416 283//416 284//416
f 239//417 284//417 240//417
f 240//418 284//418 285//418
f 240//419 285//419 233//419
f 285//420 286//420 233//420
f 233//421 286//421 287//421
f 233//422 287//422 234//422
f 234//423 287//423 288//423
f 234//424 288//424 235//424
f 235//425 288//425 289//425
f 235//426 289//426 236//426
f 236//427 289//427 290//427
f 236//428 290//428 229//428
f 229//429 290//429 291//429
f 229//430 291//430 230//430
f 230//431 291//431 292//431
f 230//432 292//432 231//432
f 292//433 293//433 231//433
f 231//434 293//434 294//434
f 231//435 294//435 232//435
f 232//436 294//436 295//436
f 232//437 295//437 225//437
f 225//438 295//438 296//438
f 225//439 296//439 226//439
f 226//440 296//440 297//440
f 226//441 297//441 227//441
f 297//442 298//442 227//442
f 227//443 298//443 299//443
f 227//444 299//444 228//444
f 228//445 299//445 300//445
f 228//446 300//446 221//446
f 221//447 300//447 301//447
f 221//448 301//448 222//448
f 222//449 301//449 302//449
f 222//450 302//450 223//450
f 223//451 302//451 303//451
f 223//452 303//452 224//452
f 224//453 303//453 304//453
f 224//454 304//454 217//454
f 304//455 305//455 217//455
f 217//456 305//456 306//456
f 217//457 306//457 218//457
f 218//458 306//458 307//458
f 218//459 307//459 219//459
f 219//460 307//460 308//460
f 219//461 308//461 220//461
f 220//462 308//462 309//462
f 220//463 309//463 213//463
f 309//464 310//464 213//464
f 213//465 310//465 311//465
f 213//466 311//466 214//466
f 214//467 311//467 312//467
f 214//468 312//468 215//468
f 215//469 312//469 313//469
f 215//470 313//470 216//470
f 216//471 313//471 314//471
f 216//472 314//472 209//472
f 209//473 314//473 315//473
f 209//474 315//474 210//474
f 210//475 315//475 316//475
f 210//476 316//476 211//476
f 316//477 317//477 211//477
f 211//478 317//478 318//478
f 211//479 318//479 212//479
f 212//480 318//480 319//480
f 212//481 319//481 205//481
f 205//482 319//482 320//482
f 205//483 320//483 206//483
f 206//484 320//484 321//484
f 206//485 321//485 207//485
f 321//486 322//486 207//486
f 207//487 322//487 323//487
f 207//488 323//488 208//488
f 208//489 323//489 324//489
f 208//490 324//490 203//490
f 203//491 324//491 325//491
f 203//492 325//492 204//492
f 204//493 325//493 326//493
f 204//494 326//494 202//494
f 202//495 326//495 327//495
f 202//496 327//496 201//496
f 201//497 327//497 328//497
f 201//498 328//498 241//498
f 329//499 330//499 331//499
f 332//499 333//499 331//499
f 331//499 333//499 334//499
f 331//499 334//499 329//499
f 335//499 336//499 331//499
f 331//499 336//499 337//499
f 331//499 337//499 332//499
f 338//499 339//499 331//499
f 331//499 339//499 340//499
f 331//499 340//499 335//499
f 341//499 342//499 331//499
f 331//499 342//499 343//499
f 331//499 343//499 338//499
f 344//499 345//499 331//499
f 331//499 345//499 346//499
f 331//499 346//499 341//499
f 347//499 348//499 331//499
f 331//499 348//499 349//499
f 331//499 349//499 344//499
f 350//499 351//499 331//499
f 331//499 351//499 352//499
f 331//499 352//499 347//499
f 353//499 354//499 331//499
f 331//499 354//499 355//499
f 331//499 355//499 350//499
f 356//499 357//499 331//499
f 331//499 357//499 358//499
f 331//499 358//499 353//499
f 359//499 360//499 331//499
f 331//499 360//499 361//499
f 331//499 361//499 356//499
f 362//499 363//499 331//499
f 331//499 363//499 364//499
f 331//499 364//499 359//499
f 365//499 366//499 331//499
f 331//499 366//499 367//499
f 331//499 367//499 362//499
f 368//499 369//499 331//499
f 331//499 369//499 370//499
f 331//499 370//499 365//499
f 371//499 372//499 331//499
f 331//499 372//499 373//499
f 331//499 373//499 368//499
f 374//499 375//499 331//499
f 331//499 375//499 376//499
f 331//499 376//499 371//499
f 377//499 378//499 331//499
f 331//499 378//499 379//499
f 331//499 379//499 374//499
f 330//499 380//499 331//499
f 331//499 380//499 381//499
f 331//499 381//499 377//499
f 321//500 320//500 382//500
f 319//501 318//501 383//501
f 316//502 315//502 384//502
f 314//503 313//503 385//503
f 309//504 308//504 386//504
f 307//505 306//505 387//505
f 304//506 303//506 388//506
f 302//507 301//507 389//507
f 297//508 296//508 390//508
f 295//509 294//509 391//509
f 292//510 291//510 392//510
f 290//511 289//511 393//511
f 285//512 284//512 394//512
f 280//513 279//513 395//513
f 278//514 277//514 396//514
f 273//515 272//515 397//515
f 268//516 267//516 398//516
f 266//517 265//517 399//517
f 261//518 260//518 400//518
f 256//519 255//519 401//519
f 254//520 253//520 402//520
f 249//521 248//521 403//521
f 244//522 243//522 404//522
f 334//523 405//523 406//523
f 334//524 406//524 329//524
f 329//525 406//525 407//525
f 329//526 407//526 330//526
f 330//527 407//527 408//527
f 330//528 408//528 380//528
f 380//529 408//529 409//529
f 380//530 409//530 381//530
f 405//531 410//531 411//531
f 405//532 411//532 406//532
f 406//533 411//533 412//533
f 406//534 412//534 407//534
f 407//535 412//535 413//535
f 407//536 413//536 408//536
f 408//537 413//537 414//537
f 408//538 414//538 409//538
f 410//539 415//539 416//539
f 337//540 336//540 417//540
f 417//541 336//541 418//541
f 417//542 418//542 419//542
f 419//543 418//543 420//543
f 419//544 420//544 421//544
f 421//545 420//545 403//545
f 340//546 339//546 422//546
f 422//547 339//547 423//547
f 422//548 423//548 424//548
f 424//549 423//549 425//549
f 424//550 425//550 426//550
f 426//551 425//551 402//551
f 342//552 341//552 427//552
f 427//553 341//553 428//553
f 427//554 428//554 429//554
f 429//555 428//555 430//555
f 429//556 430//556 431//556
f 431//557 430//557 400//557
f 345//558 344//558 432//558
f 432//559 344//559 433//559
f 432//560 433//560 434//560
f 434//561 433//561 435//561
f 434//562 435//562 436//562
f 436//563 435//563 399//563
f 347//564 352//564 437//564
f 437//565 352//565 438//565
f 437//566 438//566 439//566
f 439//567 438//567 440//567
f 439//568 440//568 441//568
f 441//569 440//569 397//569
f 350//570 355//570 442//570
f 442//571 355//571 443//571
f 442//572 443//572 444//572
f 444//573 443//573 445//573
f 444//574 445//574 446//574
f 446//575 445//575 396//575
f 358//576 357//576 447//576
f 447//577 357//577 448//577
f 447//578 448//578 449//578
f 449//579 448//579 450//579
f 449//580 450//580 451//580
f 451//581 450//581 394//581
f 361//582 360//582 452//582
f 452//583 360//583 453//583
f 452//584 453//584 454//584
f 454//585 453//585 455//585
f 454//586 455//586 456//586
f 456//587 455//587 393//587
f 366//588 365//588 457//588
f 457//589 365//589 458//589
f 457//590 458//590 459//590
f 459//591 458//591 460//591
f 459//592 460//592 461//592
f 461//593 460//593 389//593
f 371//594 376//594 462//594
f 462//595 376//595 463//595
f 462//596 463//596 464//596
f 464//597 463//597 465//597
f 464//598 465//598 466//598
f 466//599 465//599 385//599
f 410//600 416//600 411//600
f 411//601 416//601 467//601
f 411//602 467//602 412//602
f 412//603 467//603 468//603
f 412//604 468//604 413//604
f 413//605 468//605 469//605
f 413//606 469//606 414//606
f 334//607 333//607 405//607
f 405//608 333//608 470//608
f 405//609 470//609 410//609
f 410//610 470//610 471//610
f 410//611 471//611 415//611
f 415//612 471//612 404//612
f 415//613 404//613 242//613
f 242//614 404//614 243//614
f 245//615 244//615 472//615
f 472//616 244//616 404//616
f 472//617 404//617 473//617
f 473//618 404//618 471//618
f 473//619 471//619 474//619
f 474//620 471//620 470//620
f 474//621 470//621 332//621
f 332//622 470//622 333//622
f 332//623 337//623 474//623
f 474//624 337//624 417//624
f 474//625 417//625 473//625
f 473//626 417//626 419//626
f 473//627 419//627 472//627
f 472//628 419//628 421//628
f 472//629 421//629 245//629
f 245//630 421//630 246//630
f 403//631 248//631 421//631
f 421//632 248//632 247//632
f 421//633 247//633 246//633
f 250//634 249//634 475//634
f 475//635 249//635 403//635
f 475//636 403//636 476//636
f 476//637 403//637 420//637
f 476//638 420//638 477//638
f 477//639 420//639 418//639
f 477//640 418//640 335//640
f 335//641 418//641 336//641
f 335//642 340//642 477//642
f 477//642 340//642 422//642
f 477//643 422//643 476//643
f 476//643 422//643 424//643
f 476//644 424//644 475//644
f 475//644 424//644 426//644
f 475//645 426//645 250//645
f 250//645 426//645 251//645
f 402//646 253//646 426//646
f 426//647 253//647 252//647
f 426//648 252//648 251//648
f 339//649 338//649 423//649
f 423//650 338//650 478//650
f 423//651 478//651 425//651
f 425//652 478//652 479//652
f 425//653 479//653 402//653
f 402//654 479//654 401//654
f 402//655 401//655 254//655
f 254//656 401//656 255//656
f 257//657 256//657 480//657
f 480//658 256//658 401//658
f 480//659 401//659 481//659
f 481//660 401//660 479//660
f 481//661 479//661 482//661
f 482//662 479//662 478//662
f 482//663 478//663 343//663
f 343//664 478//664 338//664
f 343//665 342//665 482//665
f 482//666 342//666 427//666
f 482//667 427//667 481//667
f 481//668 427//668 429//668
f 481//669 429//669 480//669
f 480//670 429//670 431//670
f 480//671 431//671 257//671
f 257//672 431//672 258//672
f 400//673 260//673 431//673
f 431//674 260//674 259//674
f 431//675 259//675 258//675
f 262//676 261//676 483//676
f 483//677 261//677 400//677
f 483//678 400//678 484//678
f 484//679 400//679 430//679
f 484//680 430//680 485//680
f 485//681 430//681 428//681
f 485//682 428//682 346//682
f 346//683 428//683 341//683
f 346//684 345//684 485//684
f 485//685 345//685 432//685
f 485//686 432//686 484//686
f 484//687 432//687 434//687
f 484//688 434//688 483//688
f 483//689 434//689 436//689
f 483//690 436//690 262//690
f 262//691 436//691 263//691
f 399//692 265//692 436//692
f 436//693 265//693 264//693
f 436//694 264//694 263//694
f 344//695 349//695 433//695
f 433//696 349//696 486//696
f 433//697 486//697 435//697
f 435//698 486//698 487//698
f 435//699 487//699 399//699
f 399//700 487//700 398//700
f 399//701 398//701 266//701
f 266//702 398//702 267//702
f 269//703 268//703 488//703
f 488//704 268//704 398//704
f 488//705 398//705 489//705
f 489//706 398//706 487//706
f 489//707 487//707 490//707
f 490//708 487//708 486//708
f 490//709 486//709 348//709
f 348//710 486//710 349//710
f 348//711 347//711 490//711
f 490//712 347//712 437//712
f 490//713 437//713 489//713
f 489//714 437//714 439//714
f 489//715 439//715 488//715
f 488//716 439//716 441//716
f 488//717 441//717 269//717
f 269//718 441//718 270//718
f 397//719 272//719 441//719
f 441//720 272//720 271//720
f 441//721 271//721 270//721
f 274//722 273//722 491//722
f 491//723 273//723 397//723
f 491//724 397//724 492//724
f 492//724 397//724 440//724
f 492//725 440//725 493//725
f 493//725 440//725 438//725
f 493//726 438//726 351//726
f 351//726 438//726 352//726
f 351//727 350//727 493//727
f 493//728 350//728 442//728
f 493//729 442//729 492//729
f 492//730 442//730 444//730
f 492//731 444//731 491//731
f 491//732 444//732 446//732
f 491//733 446//733 274//733
f 274//734 446//734 275//734
f 396//735 277//735 446//735
f 446//736 277//736 276//736
f 446//737 276//737 275//737
f 355//738 354//738 443//738
f 443//739 354//739 494//739
f 443//740 494//740 445//740
f 445//741 494//741 495//741
f 445//742 495//742 396//742
f 396//743 495//743 395//743
f 396//744 395//744 278//744
f 278//745 395//745 279//745
f 281//746 280//746 496//746
f 496//747 280//747 395//747
f 496//748 395//748 497//748
f 497//749 395//749 495//749
f 497//750 495//750 498//750
f 498//751 495//751 494//751
f 498//752 494//752 353//752
f 353//753 494//753 354//753
f 353//754 358//754 498//754
f 498//755 358//755 447//755
f 498//756 447//756 497//756
f 497//757 447//757 449//757
f 497//758 449//758 496//758
f 496//759 449//759 451//759
f 496//760 451//760 281//760
f 281//761 451//761 282//761
f 394//762 284//762 451//762
f 451//763 284//763 283//763
f 451//764 283//764 282//764
f 286//765 285//765 499//765
f 499//766 285//766 394//766
f 499//767 394//767 500//767
f 500//768 394//768 450//768
f 500//769 450//769 501//769
f 501//770 450//770 448//770
f 501//771 448//771 356//771
f 356//772 448//772 357//772
f 356//773 361//773 501//773
f 501//774 361//774 452//774
f 501//775 452//775 500//775
f 500//776 452//776 454//776
f 500//777 454//777 499//777
f 499//778 454//778 456//778
f 499//779 456//779 286//779
f 286//780 456//780 287//780
f 393//781 289//781 456//781
f 456//782 289//782 288//782
f 456//783 288//783 287//783
f 291//784 290//784 392//784
f 392//785 290//785 393//785
f 392//786 393//786 502//786
f 502//787 393//787 455//787
f 502//788 455//788 503//788
f 503//789 455//789 453//789
f 503//790 453//790 359//790
f 359//791 453//791 360//791
f 293//792 292//792 504//792
f 504//793 292//793 392//793
f 504//794 392//794 505//794
f 505//795 392//795 502//795
f 505//796 502//796 506//796
f 506//797 502//797 503//797
f 506//798 503//798 364//798
f 364//799 503//799 359//799
f 364//800 363//800 506//800
f 506//801 363//801 507//801
f 506//802 507//802 505//802
f 505//803 507//803 508//803
f 505//804 508//804 504//804
f 504//805 508//805 391//805
f 504//806 391//806 293//806
f 293//807 391//807 294//807
f 363//808 362//808 507//808
f 507//808 362//808 509//808
f 507//809 509//809 508//809
f 508//809 509//809 510//809
f 508//810 510//810 391//810
f 391//810 510//810 390//810
f 391//811 390//811 295//811
f 295//812 390//812 296//812
f 298//813 297//813 511//813
f 511//814 297//814 390//814
f 511//815 390//815 512//815
f 512//816 390//816 510//816
f 512//817 510//817 513//817
f 513//818 510//818 509//818
f 513//819 509//819 367//819
f 367//820 509//820 362//820
f 367//821 366//821 513//821
f 513//822 366//822 457//822
f 513//823 457//823 512//823
f 512//824 457//824 459//824
f 512//825 459//825 511//825
f 511//826 459//826 461//826
f 511//827 461//827 298//827
f 298//828 461//828 299//828
f 389//829 301//829 461//829
f 461//830 301//830 300//830
f 461//831 300//831 299//831
f 303//832 302//832 388//832
f 388//833 302//833 389//833
f 388//834 389//834 514//834
f 514//835 389//835 460//835
f 514//836 460//836 515//836
f 515//837 460//837 458//837
f 515//838 458//838 370//838
f 370//839 458//839 365//839
f 305//840 304//840 516//840
f 516//841 304//841 388//841
f 516//842 388//842 517//842
f 517//843 388//843 514//843
f 517//844 514//844 518//844
f 518//845 514//845 515//845
f 518//846 515//846 369//846
f 369//847 515//847 370//847
f 369//848 368//848 518//848
f 518//849 368//849 519//849
f 518//850 519//850 517//850
f 517//851 519//851 520//851
f 517//852 520//852 516//852
f 516//853 520//853 387//853
f 516//854 387//854 305//854
f 305//855 387//855 306//855
f 368//856 373//856 519//856
f 519//857 373//857 521//857
f 519//858 521//858 520//858
f 520//859 521//859 522//859
f 520//860 522//860 387//860
f 387//861 522//861 386//861
f 387//862 386//862 307//862
f 307//863 386//863 308//863
f 310//864 309//864 523//864
f 523//865 309//865 386//865
f 523//866 386//866 524//866
f 524//867 386//867 522//867
f 524//868 522//868 525//868
f 525//869 522//869 521//869
f 525//870 521//870 372//870
f 372//871 521//871 373//871
f 372//872 371//872 525//872
f 525//873 371//873 462//873
f 525//874 462//874 524//874
f 524//875 462//875 464//875
f 524//876 464//876 523//876
f 523//877 464//877 466//877
f 523//878 466//878 310//878
f 310//879 466//879 311//879
f 385//880 313//880 466//880
f 466//881 313//881 312//881
f 466//882 312//882 311//882
f 315//883 314//883 384//883
f 384//884 314//884 385//884
f 384//885 385//885 526//885
f 526//886 385//886 465//886
f 526//887 465//887 527//887
f 527//888 465//888 463//888
f 527//889 463//889 375//889
f 375//890 463//890 376//890
f 317//891 316//891 528//891
f 528//892 316//892 384//892
f 528//893 384//893 529//893
f 529//894 384//894 526//894
f 529//895 526//895 530//895
f 530//896 526//896 527//896
f 530//897 527//897 374//897
f 374//898 527//898 375//898
f 374//899 379//899 530//899
f 530//899 379//899 531//899
f 530//900 531//900 529//900
f 529//900 531//900 532//900
f 529//901 532//901 528//901
f 528//901 532//901 383//901
f 528//902 383//902 317//902
f 317//902 383//902 318//902
f 379//903 378//903 531//903
f 531//904 378//904 533//904
f 531//905 533//905 532//905
f 532//906 533//906 534//906
f 532//907 534//907 383//907
f 383//908 534//908 382//908
f 383//909 382//909 319//909
f 319//910 382//910 320//910
f 322//911 321//911 535//911
f 535//912 321//912 382//912
f 535//913 382//913 536//913
f 536//914 382//914 534//914
f 536//915 534//915 537//915
f 537//916 534//916 533//916
f 537//917 533//917 377//917
f 377//918 533//918 378//918
f 377//919 381//919 537//919
f 537//920 381//920 409//920
f 537//921 409//921 536//921
f 536//922 409//922 414//922
f 536//923 414//923 535//923
f 535//924 414//924 469//924
f 535//925 469//925 322//925
f 322//926 469//926 323//926
f 242//927 241//927 415//927
f 415//928 241//928 328//928
f 415//929 328//929 416//929
f 416//930 328//930 327//930
f 416//931 327//931 467//931
f 467//932 327//932 326//932
f 467//933 326//933 468//933
f 468//934 326//934 325//934
f 468//935 325//935 469//935
f 469//936 325//936 324//936
f 469//937 324//937 323//937
f 538//938 539//938 540//938
f 540//938 539//938 541//938
f 540//938 541//938 542//938
f 543//938 544//938 540//938
f 540//938 544//938 545//938
f 540//938 545//938 538//938
f 546//938 547//938 540//938
f 540//938 547//938 548//938
f 540//938 548//938 543//938
f 549//938 550//938 540//938
f 540//938 550//938 551//938
f 540//938 551//938 546//938
f 552//938 553//938 540//938
f 540//938 553//938 554//938
f 540//938 554//938 549//938
f 555//938 556//938 540//938
f 540//938 556//938 557//938
f 540//938 557//938 552//938
f 558//938 559//938 540//938
f 540//938 559//938 560//938
f 540//938 560//938 555//938
f 561//938 562//938 540//938
f 540//938 562//938 563//938
f 540//938 563//938 558//938
f 564//938 565//938 540//938
f 540//938 565//938 566//938
f 540//938 566//938 561//938
f 542//938 567//938 540//938
f 540//938 567//938 568//938
f 540//938 568//938 564//938
f 569//939 570//939 571//939
f 571//940 570//940 572//940
f 571//941 572//941 573//941
f 574//942 575//942 571//942
f 571//943 575//943 576//943
f 571//943 576//943 569//943
f 577//944 578//944 571//944
f 571//945 578//945 579//945
f 571//946 579//946 574//946
f 580//947 581//947 571//947
f 571//947 581//947 582//947
f 571//948 582//948 577//948
f 583//949 584//949 571//949
f 571//950 584//950 585//950
f 571//951 585//951 580//951
f 586//952 587//952 571//952
f 571//945 587//945 588//945
f 571//953 588//953 583//953
f 589//954 590//954 571//954
f 571//946 590//946 591//946
f 571//945 591//945 586//945
f 573//947 592//947 571//947
f 571//943 592//943 593//943
f 571//943 593//943 589//943
f 594//955 570//955 595//955
f 595//956 570//956 569//956
f 595//956 569//956 596//956
f 596//957 569//957 576//957
f 596//957 576//957 597//957
f 597//958 576//958 575//958
f 597//958 575//958 598//958
f 598//959 575//959 574//959
f 598//959 574//959 599//959
f 599//960 574//960 579//960
f 599//961 579//961 600//961
f 600//962 579//962 578//962
f 600//963 578//963 601//963
f 601//964 578//964 577//964
f 601//964 577//964 602//964
f 602//965 577//965 582//965
f 602//965 582//965 603//965
f 603//966 582//966 581//966
f 603//966 581//966 604//966
f 604//967 581//967 580//967
f 604//967 580//967 605//967
f 605//968 580//968 585//968
f 605//968 585//968 606//968
f 606//969 585//969 584//969
f 606//969 584//969 607//969
f 607//970 584//970 583//970
f 607//970 583//970 608//970
f 608//971 583//971 588//971
f 608//971 588//971 609//971
f 609//972 588//972 587//972
f 609//972 587//972 610//972
f 610//973 587//973 586//973
f 610//973 586//973 611//973
f 611//974 586//974 591//974
f 611//975 591//975 612//975
f 612//976 591//976 590//976
f 612//977 590//977 613//977
f 613//978 590//978 589//978
f 613//978 589//978 614//978
f 614//979 589//979 593//979
f 614//979 593//979 615//979
f 615//980 593//980 592//980
f 615//980 592//980 616//980
f 616//981 592//981 573//981
f 616//981 573//981 617//981
f 617//982 573//982 572//982
f 617//982 572//982 594//982
f 594//955 572//955 570//955
f 609//983 618//983 608//983
f 608//983 618//983 619//983
f 608//983 619//983 607//983
f 607//983 619//983 620//983
f 607//983 620//983 606//983
f 606//983 620//983 621//983
f 606//983 621//983 605//983
f 613//983 622//983 612//983
f 612//983 622//983 623//983
f 612//983 623//983 611//983
f 611//983 623//983 624//983
f 611//983 624//983 610//983
f 610//983 624//983 625//983
f 610//983 625//983 609//983
f 609//983 625//983 626//983
f 609//983 626//983 618//983
f 617//983 627//983 616//983
f 616//983 627//983 628//983
f 616//983 628//983 615//983
f 615//983 628//983 629//983
f 615//983 629//983 614//983
f 614//983 629//983 630//983
f 614//983 630//983 613//983
f 613//983 630//983 631//983
f 613//983 631//983 622//983
f 597//983 632//983 596//983
f 596//983 632//983 633//983
f 596//983 633//983 595//983
f 595//983 633//983 634//983
f 595//983 634//983 594//983
f 594//983 634//983 635//983
f 594//983 635//983 617//983
f 617//983 635//983 636//983
f 617//983 636//983 627//983
f 601//983 637//983 600//983
f 600//983 637//983 638//983
f 600//983 638//983 599//983
f 599//983 638//983 639//983
f 599//983 639//983 598//983
f 598//983 639//983 640//983
f 598//983 640//983 597//983
f 597//983 640//983 641//983
f 597//983 641//983 632//983
f 621//983 642//983 605//983
f 605//983 642//983 643//983
f 605//983 643//983 604//983
f 604//983 643//983 644//983
f 604//983 644//983 603//983
f 603//983 644//983 645//983
f 603//983 645//983 602//983
f 602//983 645//983 646//983
f 602//983 646//983 601//983
f 601//983 646//983 647//983
f 601//983 647//983 637//983
f 541//984 634//984 542//984
f 542//985 634//985 633//985
f 542//985 633//985 567//985
f 567//986 633//986 632//986
f 567//986 632//986 568//986
f 568//987 632//987 641//987
f 568//987 641//987 564//987
f 564//988 641//988 640//988
f 564//988 640//988 565//988
f 565//989 640//989 639//989
f 565//989 639//989 566//989
f 566//990 639//990 638//990
f 566//990 638//990 561//990
f 561//991 638//991 637//991
f 561//991 637//991 562//991
f 562//992 637//992 647//992
f 562//992 647//992 563//992
f 563//993 647//993 646//993
f 563//993 646//993 558//993
f 558//994 646//994 645//994
f 558//994 645//994 559//994
f 559//995 645//995 644//995
f 559//995 644//995 560//995
f 560//996 644//996 643//996
f 560//996 643//996 555//996
f 555//997 643//997 642//997
f 555//997 642//997 556//997
f 556//998 642//998 621//998
f 556//998 621//998 557//998
f 557//999 621//999 620//999
f 557//999 620//999 552//999
f 552//1000 620//1000 619//1000
f 552//1000 619//1000 553//1000
f 553//1001 619//1001 618//1001
f 553//1001 618//1001 554//1001
f 554//1002 618//1002 626//1002
f 554//1002 626//1002 549//1002
f 549//1003 626//1003 625//1003
f 549//1003 625//1003 550//1003
f 550//1004 625//1004 624//1004
f 550//1004 624//1004 551//1004
f 551//1005 624//1005 623//1005
f 551//1005 623//1005 546//1005
f 546//1006 623//1006 622//1006
f 546//1006 622//1006 547//1006
f 547//1007 622//1007 631//1007
f 547//1007 631//1007 548//1007
f 548//1008 631//1008 630//1008
f 548//1008 630//1008 543//1008
f 543//1009 630//1009 629//1009
f 543//1009 629//1009 544//1009
f 544//1010 629//1010 628//1010
f 544//1010 628//1010 545//1010
f 545//1011 628//1011 627//1011
f 545//1011 627//1011 538//1011
f 538//1012 627//1012 636//1012
f 538//1012 636//1012 539//1012
f 539//1013 636//1013 635//1013
f 539//1013 635//1013 541//1013
f 541//984 635//984 634//984
f 648//1014 649//1014 650//1014
f 650//1015 649//1015 651//1015
f 650//1016 651//1016 652//1016
f 652//1017 651//1017 653//1017
f 652//1018 653//1018 654//1018
f 654//1019 653//1019 655//1019
f 654//1020 655//1020 656//1020
f 656//1021 655//1021 657//1021
f 656//1022 657//1022 658//1022
f 658//1023 657//1023 659//1023
f 658//1024 659//1024 660//1024
f 660//1025 659//1025 661//1025
f 660//1025 661//1025 662//1025
f 662//1026 661//1026 663//1026
f 662//1027 663//1027 664//1027
f 664//1028 663//1028 665//1028
f 664//1029 665//1029 666//1029
f 666//1030 665//1030 667//1030
f 666//1031 667//1031 668//1031
f 668//1032 667//1032 669//1032
f 668//1033 669//1033 670//1033
f 670//1034 669//1034 671//1034
f 670//1035 671//1035 672//1035
f 672//1036 671//1036 673//1036
f 672//1037 673//1037 674//1037
f 674//1038 673//1038 675//1038
f 674//1039 675//1039 676//1039
f 676//1040 675//1040 677//1040
f 676//1041 677//1041 678//1041
f 678//1042 677//1042 679//1042
f 678//1043 679//1043 680//1043
f 680//1044 679//1044 681//1044
f 680//1045 681//1045 682//1045
f 682//1046 681//1046 683//1046
f 682//1047 683//1047 684//1047
f 684//1048 683//1048 685//1048
f 684//1049 685//1049 686//1049
f 686//1050 685//1050 687//1050
f 686//1050 687//1050 688//1050
f 688//1051 687//1051 689//1051
f 688//1052 689//1052 690//1052
f 690//1053 689//1053 691//1053
f 690//1054 691//1054 692//1054
f 692//1055 691//1055 693//1055
f 692//1056 693//1056 694//1056
f 694//1057 693//1057 695//1057
f 694//1058 695//1058 696//1058
f 696//1059 695//1059 697//1059
f 696//1060 697//1060 698//1060
f 698//1061 697//1061 699//1061
f 698//1062 699//1062 700//1062
f 700//1063 699//1063 701//1063
f 700//1064 701//1064 702//1064
f 702//1065 701//1065 703//1065
f 702//1066 703//1066 704//1066
f 704//1067 703//1067 705//1067
f 704//1068 705//1068 706//1068
f 706//1069 705//1069 707//1069
f 706//1070 707//1070 708//1070
f 708//1071 707//1071 709//1071
f 708//1072 709//1072 710//1072
f 710//1073 709//1073 711//1073
f 710//1074 711//1074 712//1074
f 712//1075 711//1075 713//1075
f 712//1075 713//1075 714//1075
f 714//1076 713//1076 715//1076
f 714//1077 715//1077 716//1077
f 716//1078 715//1078 717//1078
f 716//1079 717//1079 718//1079
f 718//1080 717//1080 719//1080
f 718//1081 719//1081 720//1081
f 720//1082 719//1082 721//1082
f 720//1083 721//1083 722//1083
f 722//1084 721//1084 723//1084
f 722//1085 723//1085 724//1085
f 724//1086 723//1086 725//1086
f 724//1087 725//1087 726//1087
f 726//1088 725//1088 727//1088
f 726//1089 727//1089 728//1089
f 728//1090 727//1090 729//1090
f 728//1091 729//1091 730//1091
f 730//1092 729//1092 731//1092
f 730//1093 731//1093 732//1093
f 732//1094 731//1094 733//1094
f 732//1095 733//1095 734//1095
f 734//1096 733//1096 735//1096
f 734//1097 735//1097 736//1097
f 736//1098 735//1098 737//1098
f 736//1099 737//1099 738//1099
f 738//1100 737//1100 739//1100
f 738//1100 739//1100 740//1100
f 740//1101 739//1101 741//1101
f 740//1102 741//1102 742//1102
f 742//1103 741//1103 743//1103
f 742//1104 743//1104 744//1104
f 744//1105 743//1105 745//1105
f 744//1106 745//1106 746//1106
f 746//1107 745//1107 747//1107
f 746//1108 747//1108 748//1108
f 748//1109 747//1109 749//1109
f 748//1110 749//1110 750//1110
f 750//1111 749//1111 751//1111
f 750//1112 751//1112 648//1112
f 648//1113 751//1113 649//1113
f 751//1114 752//1114 649//1114
f 649//1115 752//1115 753//1115
f 649//1116 753//1116 651//1116
f 651//1117 753//1117 754//1117
f 651//1118 754//1118 653//1118
f 653//1119 754//1119 755//1119
f 653//1120 755//1120 655//1120
f 655//1121 755//1121 756//1121
f 655//1122 756//1122 657//1122
f 657//1123 756//1123 757//1123
f 657//1124 757//1124 659//1124
f 659//1125 757//1125 758//1125
f 659//1125 758//1125 661//1125
f 661//1126 758//1126 759//1126
f 661//1127 759//1127 663//1127
f 663//1128 759//1128 760//1128
f 663//1129 760//1129 665//1129
f 665//1130 760//1130 761//1130
f 665//1131 761//1131 667//1131
f 667//1132 761//1132 762//1132
f 667//1133 762//1133 669//1133
f 669//1134 762//1134 763//1134
f 669//1135 763//1135 671//1135
f 671//1136 763//1136 764//1136
f 671//1137 764//1137 673//1137
f 673//1138 764//1138 765//1138
f 673//1139 765//1139 675//1139
f 675//1140 765//1140 766//1140
f 675//1141 766//1141 677//1141
f 677//1142 766//1142 767//1142
f 677//1143 767//1143 679//1143
f 679//1144 767//1144 768//1144
f 679//1145 768//1145 681//1145
f 681//1146 768//1146 769//1146
f 681//1147 769//1147 683//1147
f 683//1148 769//1148 770//1148
f 683//1149 770//1149 685//1149
f 685//1150 770//1150 771//1150
f 685//1150 771//1150 687//1150
f 687//1151 771//1151 772//1151
f 687//1152 772//1152 689//1152
f 689//1153 772//1153 773//1153
f 689//1154 773//1154 691//1154
f 691//1155 773//1155 774//1155
f 691//1156 774//1156 693//1156
f 693//1157 774//1157 775//1157
f 693//1158 775//1158 695//1158
f 695//1159 775//1159 776//1159
f 695//1160 776//1160 697//1160
f 697//1161 776//1161 777//1161
f 697//1162 777//1162 699//1162
f 699//1163 777//1163 778//1163
f 699//1164 778//1164 701//1164
f 701//1165 778//1165 779//1165
f 701//1166 779//1166 703//1166
f 703//1167 779//1167 780//1167
f 703//1168 780//1168 705//1168
f 705//1169 780//1169 781//1169
f 705//1170 781//1170 707//1170
f 707//1171 781//1171 782//1171
f 707//1172 782//1172 709//1172
f 709//1173 782//1173 783//1173
f 709//1174 783//1174 711//1174
f 711//1175 783//1175 784//1175
f 711//1175 784//1175 713//1175
f 713//1176 784//1176 785//1176
f 713//1177 785//1177 715//1177
f 715//1178 785//1178 786//1178
f 715//1179 786//1179 717//1179
f 717//1180 786//1180 787//1180
f 717//1181 787//1181 719//1181
f 719//1182 787//1182 788//1182
f 719//1183 788//1183 721//1183
f 721//1184 788//1184 789//1184
f 721//1185 789//1185 723//1185
f 723//1186 789//1186 790//1186
f 723//1187 790//1187 725//1187
f 725//1188 790//1188 791//1188
f 725//1189 791//1189 727//1189
f 727//1190 791//1190 792//1190
f 727//1191 792//1191 729//1191
f 729//1192 792//1192 793//1192
f 729//1193 793//1193 731//1193
f 731//1194 793//1194 794//1194
f 731//1195 794//1195 733//1195
f 733//1196 794//1196 795//1196
f 733//1197 795//1197 735//1197
f 735//1198 795//1198 796//1198
f 735//1199 796//1199 737//1199
f 737//1200 796//1200 797//1200
f 737//1200 797//1200 739//1200
f 739//1201 797//1201 798//1201
f 739//1202 798//1202 741//1202
f 741//1203 798//1203 799//1203
f 741//1204 799//1204 743//1204
f 743//1205 799//1205 800//1205
f 743//1206 800//1206 745//1206
f 745//1207 800//1207 801//1207
f 745//1208 801//1208 747//1208
f 747//1209 801//1209 802//1209
f 747//1210 802//1210 749//1210
f 749//1211 802//1211 803//1211
f 749//1212 803//1212 751//1212
f 751//1213 803//1213 752//1213
f 803//1214 804//1214 752//1214
f 752//1215 804//1215 805//1215
f 752//1216 805//1216 753//1216
f 753//1217 805//1217 806//1217
f 753//1218 806//1218 754//1218
f 754//1219 806//1219 807//1219
f 754//1220 807//1220 755//1220
f 755//1221 807//1221 808//1221
f 755//1222 808//1222 756//1222
f 756//1223 808//1223 809//1223
f 756//1224 809//1224 757//1224
f 757//1225 809//1225 810//1225
f 757//1225 810//1225 758//1225
f 758//1226 810//1226 811//1226
f 758//1227 811//1227 759//1227
f 759//1228 811//1228 812//1228
f 759//1229 812//1229 760//1229
f 760//1230 812//1230 813//1230
f 760//1231 813//1231 761//1231
f 761//1232 813//1232 814//1232
f 761//1233 814//1233 762//1233
f 762//1234 814//1234 815//1234
f 762//1235 815//1235 763//1235
f 763//1236 815//1236 816//1236
f 763//1237 816//1237 764//1237
f 764//1238 816//1238 817//1238
f 764//1239 817//1239 765//1239
f 765//1240 817//1240 818//1240
f 765//1241 818//1241 766//1241
f 766//1242 818//1242 819//1242
f 766//1243 819//1243 767//1243
f 767//1244 819//1244 820//1244
f 767//1245 820//1245 768//1245
f 768//1246 820//1246 821//1246
f 768//1247 821//1247 769//1247
f 769//1248 821//1248 822//1248
f 769//1249 822//1249 770//1249
f 770//1250 822//1250 823//1250
f 770//1250 823//1250 771//1250
f 771//1251 823//1251 824//1251
f 771//1252 824//1252 772//1252
f 772//1253 824//1253 825//1253
f 772//1254 825//1254 773//1254
f 773//1255 825//1255 826//1255
f 773//1256 826//1256 774//1256
f 774//1257 826//1257 827//1257
f 774//1258 827//1258 775//1258
f 775//1259 827//1259 828//1259
f 775//1260 828//1260 776//1260
f 776//1261 828//1261 829//1261
f 776//1262 829//1262 777//1262
f 777//1263 829//1263 830//1263
f 777//1264 830//1264 778//1264
f 778//1265 830//1265 831//1265
f 778//1266 831//1266 779//1266
f 779//1267 831//1267 832//1267
f 779//1268 832//1268 780//1268
f 780//1269 832//1269 833//1269
f 780//1270 833//1270 781//1270
f 781//1271 833//1271 834//1271
f 781//1272 834//1272 782//1272
f 782//1273 834//1273 835//1273
f 782//1274 835//1274 783//1274
f 783//1275 835//1275 836//1275
f 783//1275 836//1275 784//1275
f 784//1276 836//1276 837//1276
f 784//1277 837//1277 785//1277
f 785//1278 837//1278 838//1278
f 785//1279 838//1279 786//1279
f 786//1280 838//1280 839//1280
f 786//1281 839//1281 787//1281
f 787//1282 839//1282 840//1282
f 787//1283 840//1283 788//1283
f 788//1284 840//1284 841//1284
f 788//1285 841//1285 789//1285
f 789//1286 841//1286 842//1286
f 789//1287 842//1287 790//1287
f 790//1288 842//1288 843//1288
f 790//1289 843//1289 791//1289
f 791//1290 843//1290 844//1290
f 791//1291 844//1291 792//1291
f 792//1292 844//1292 845//1292
f 792//1293 845//1293 793//1293
f 793//1294 845//1294 846//1294
f 793//1295 846//1295 794//1295
f 794//1296 846//1296 847//1296
f 794//1297 847//1297 795//1297
f 795//1298 847//1298 848//1298
f 795//1299 848//1299 796//1299
f 796//1300 848//1300 849//1300
f 796//1300 849//1300 797//1300
f 797//1301 849//1301 850//1301
f 797//1302 850//1302 798//1302
f 798//1303 850//1303 851//1303
f 798//1304 851//1304 799//1304
f 799//1305 851//1305 852//1305
f 799//1306 852//1306 800//1306
f 800//1307 852//1307 853//1307
f 800//1308 853//1308 801//1308
f 801//1309 853//1309 854//1309
f 801//1310 854//1310 802//1310
f 802//1311 854//1311 855//1311
f 802//1312 855//1312 803//1312
f 803//1313 855//1313 804//1313
f 855//1314 856//1314 804//1314
f 804//1315 856//1315 857//1315
f 804//1316 857//1316 805//1316
f 805//1317 857//1317 858//1317
f 805//1318 858//1318 806//1318
f 806//1319 858//1319 859//1319
f 806//1320 859//1320 807//1320
f 807//1321 859//1321 860//1321
f 807//1322 860//1322 808//1322
f 808//1323 860//1323 861//1323
f 808//1324 861//1324 809//1324
f 809//1325 861//1325 862//1325
f 809//1325 862//1325 810//1325
f 810//1326 862//1326 863//1326
f 810//1327 863//1327 811//1327
f 811//1328 863//1328 864//1328
f 811//1329 864//1329 812//1329
f 812//1330 864//1330 865//1330
f 812//1331 865//1331 813//1331
f 813//1332 865//1332 866//1332
f 813//1333 866//1333 814//1333
f 814//1334 866//1334 867//1334
f 814//1335 867//1335 815//1335
f 815//1336 867//1336 868//1336
f 815//1337 868//1337 816//1337
f 816//1338 868//1338 869//1338
f 816//1339 869//1339 817//1339
f 817//1340 869//1340 870//1340
f 817//1341 870//1341 818//1341
f 818//1342 870//1342 871//1342
f 818//1343 871//1343 819//1343
f 819//1344 871//1344 872//1344
f 819//1345 872//1345 820//1345
f 820//1346 872//1346 873//1346
f 820//1347 873//1347 821//1347
f 821//1348 873//1348 874//1348
f 821//1349 874//1349 822//1349
f 822//1350 874//1350 875//1350
f 822//1350 875//1350 823//1350
f 823//1351 875//1351 876//1351
f 823//1352 876//1352 824//1352
f 824//1353 876//1353 877//1353
f 824//1354 877//1354 825//1354
f 825//1355 877//1355 878//1355
f 825//1356 878//1356 826//1356
f 826//1357 878//1357 879//1357
f 826//1358 879//1358 827//1358
f 827//1359 879//1359 880//1359
f 827//1360 880//1360 828//1360
f 828//1361 880//1361 881//1361
f 828//1362 881//1362 829//1362
f 829//1363 881//1363 882//1363
f 829//1364 882//1364 830//1364
f 830//1365 882//1365 883//1365
f 830//1366 883//1366 831//1366
f 831//1367 883//1367 884//1367
f 831//1368 884//1368 832//1368
f 832//1369 884//1369 885//1369
f 832//1370 885//1370 833//1370
f 833//1371 885//1371 886//1371
f 833//1372 886//1372 834//1372
f 834//1373 886//1373 887//1373
f 834//1374 887//1374 835//1374
f 835//1375 887//1375 888//1375
f 835//1375 888//1375 836//1375
f 836//1376 888//1376 889//1376
f 836//1377 889//1377 837//1377
f 837//1378 889//1378 890//1378
f 837//1379 890//1379 838//1379
f 838//1380 890//1380 891//1380
f 838//1381 891//1381 839//1381
f 839//1382 891//1382 892//1382
f 839//1383 892//1383 840//1383
f 840//1384 892//1384 893//1384
f 840//1385 893//1385 841//1385
f 841//1386 893//1386 894//1386
f 841//1387 894//1387 842//1387
f 842//1388 894//1388 895//1388
f 842//1389 895//1389 843//1389
f 843//1390 895//1390 896//1390
f 843//1391 896//1391 844//1391
f 844//1392 896//1392 897//1392
f 844//1393 897//1393 845//1393
f 845//1394 897//1394 898//1394
f 845//1395 898//1395 846//1395
f 846//1396 898//1396 899//1396
f 846//1397 899//1397 847//1397
f 847//1398 899//1398 900//1398
f 847//1399 900//1399 848//1399
f 848//1400 900//1400 901//1400
f 848//1400 901//1400 849//1400
f 849//1401 901//1401 902//1401
f 849//1402 902//1402 850//1402
f 850//1403 902//1403 903//1403
f 850//1404 903//1404 851//1404
f 851//1405 903//1405 904//1405
f 851//1406 904//1406 852//1406
f 852//1407 904//1407 905//1407
f 852//1408 905//1408 853//1408
f 853//1409 905//1409 906//1409
f 853//1410 906//1410 854//1410
f 854//1411 906//1411 907//1411
f 854//1412 907//1412 855//1412
f 855//1413 907//1413 856//1413
f 907//1414 908//1414 856//1414
f 856//1415 908//1415 909//1415
f 856//1416 909//1416 857//1416
f 857//1417 909//1417 910//1417
f 857//1418 910//1418 858//1418
f 858//1419 910//1419 911//1419
f 858//1420 911//1420 859//1420
f 859//1421 911//1421 912//1421
f 859//1422 912//1422 860//1422
f 860//1423 912//1423 913//1423
f 860//1424 913//1424 861//1424
f 861//1425 913//1425 914//1425
f 861//1425 914//1425 862//1425
f 862//1426 914//1426 915//1426
f 862//1427 915//1427 863//1427
f 863//1428 915//1428 916//1428
f 863//1429 916//1429 864//1429
f 864//1430 916//1430 917//1430
f 864//1431 917//1431 865//1431
f 865//1432 917//1432 918//1432
f 865//1433 918//1433 866//1433
f 866//1434 918//1434 919//1434
f 866//1435 919//1435 867//1435
f 867//1436 919//1436 920//1436
f 867//1437 920//1437 868//1437
f 868//1438 920//1438 921//1438
f 868//1439 921//1439 869//1439
f 869//1440 921//1440 922//1440
f 869//1441 922//1441 870//1441
f 870//1442 922//1442 923//1442
f 870//1443 923//1443 871//1443
f 871//1444 923//1444 924//1444
f 871//1445 924//1445 872//1445
f 872//1446 924//1446 925//1446
f 872//1447 925//1447 873//1447
f 873//1448 925//1448 926//1448
f 873//1449 926//1449 874//1449
f 874//1450 926//1450 927//1450
f 874//1450 927//1450 875//1450
f 875//1451 927//1451 928//1451
f 875//1452 928//1452 876//1452
f 876//1453 928//1453 929//1453
f 876//1454 929//1454 877//1454
f 877//1455 929//1455 930//1455
f 877//1456 930//1456 878//1456
f 878//1457 930//1457 931//1457
f 878//1458 931//1458 879//1458
f 879//1459 931//1459 932//1459
f 879//1460 932//1460 880//1460
f 880//1461 932//1461 933//1461
f 880//1462 933//1462 881//1462
f 881//1463 933//1463 934//1463
f 881//1464 934//1464 882//1464
f 882//1465 934//1465 935//1465
f 882//1466 935//1466 883//1466
f 883//1467 935//1467 936//1467
f 883//1468 936//1468 884//1468
f 884//1469 936//1469 937//1469
f 884//1470 937//1470 885//1470
f 885//1471 937//1471 938//1471
f 885//1472 938//1472 886//1472
f 886//1473 938//1473 939//1473
f 886//1474 939//1474 887//1474
f 887//1475 939//1475 940//1475
f 887//1475 940//1475 888//1475
f 888//1476 940//1476 941//1476
f 888//1477 941//1477 889//1477
f 889//1478 941//1478 942//1478
f 889//1479 942//1479 890//1479
f 890//1480 942//1480 943//1480
f 890//1481 943//1481 891//1481
f 891//1482 943//1482 944//1482
f 891//1483 944//1483 892//1483
f 892//1484 944//1484 945//1484
f 892//1485 945//1485 893//1485
f 893//1486 945//1486 946//1486
f 893//1487 946//1487 894//1487
f 894//1488 946//1488 947//1488
f 894//1489 947//1489 895//1489
f 895//1490 947//1490 948//1490
f 895//1491 948//1491 896//1491
f 896//1492 948//1492 949//1492
f 896//1493 949//1493 897//1493
f 897//1494 949//1494 950//1494
f 897//1495 950//1495 898//1495
f 898//1496 950//1496 951//1496
f 898//1497 951//1497 899//1497
f 899//1498 951//1498 952//1498
f 899//1499 952//1499 900//1499
f 900//1500 952//1500 953//1500
f 900//1500 953//1500 901//1500
f 901//1501 953//1501 954//1501
f 901//1502 954//1502 902//1502
f 902//1503 954//1503 955//1503
f 902//1504 955//1504 903//1504
f 903//1505 955//1505 956//1505
f 903//1506 956//1506 904//1506
f 904//1507 956//1507 957//1507
f 904//1508 957//1508 905//1508
f 905//1509 957//1509 958//1509
f 905//1510 958//1510 906//1510
f 906//1511 958//1511 959//1511
f 906//1512 959//1512 907//1512
f 907//1513 959//1513 908//1513
f 959//1514 960//1514 908//1514
f 908//1515 960//1515 961//1515
f 908//1516 961//1516 909//1516
f 909//1517 961//1517 962//1517
f 909//1518 962//1518 910//1518
f 910//1519 962//1519 963//1519
f 910//1520 963//1520 911//1520
f 911//1521 963//1521 964//1521
f 911//1522 964//1522 912//1522
f 912//1523 964//1523 965//1523
f 912//1524 965//1524 913//1524
f 913//1525 965//1525 966//1525
f 913//1525 966//1525 914//1525
f 914//1526 966//1526 967//1526
f 914//1527 967//1527 915//1527
f 915//1528 967//1528 968//1528
f 915//1529 968//1529 916//1529
f 916//1530 968//1530 969//1530
f 916//1531 969//1531 917//1531
f 917//1532 969//1532 970//1532
f 917//1533 970//1533 918//1533
f 918//1534 970//1534 971//1534
f 918//1535 971//1535 919//1535
f 919//1536 971//1536 972//1536
f 919//1537 972//1537 920//1537
f 920//1538 972//1538 973//1538
f 920//1539 973//1539 921//1539
f 921//1540 973//1540 974//1540
f 921//1541 974//1541 922//1541
f 922//1542 974//1542 975//1542
f 922//1543 975//1543 923//1543
f 923//1544 975//1544 976//1544
f 923//1545 976//1545 924//1545
f 924//1546 976//1546 977//1546
f 924//1547 977//1547 925//1547
f 925//1548 977//1548 978//1548
f 925//1549 978//1549 926//1549
f 926//1550 978//1550 979//1550
f 926//1550 979//1550 927//1550
f 927//1551 979//1551 980//1551
f 927//1552 980//1552 928//1552
f 928//1553 980//1553 981//1553
f 928//1554 981//1554 929//1554
f 929//1555 981//1555 982//1555
f 929//1556 982//1556 930//1556
f 930//1557 982//1557 983//1557
f 930//1558 983//1558 931//1558
f 931//1559 983//1559 984//1559
f 931//1560 984//1560 932//1560
f 932//1561 984//1561 985//1561
f 932//1562 985//1562 933//1562
f 933//1563 985//1563 986//1563
f 933//1564 986//1564 934//1564
f 934//1565 986//1565 987//1565
f 934//1566 987//1566 935//1566
f 935//1567 987//1567 988//1567
f 935//1568 988//1568 936//1568
f 936//1569 988//1569 989//1569
f 936//1570 989//1570 937//1570
f 937//1571 989//1571 990//1571
f 937//1572 990//1572 938//1572
f 938//1573 990//1573 991//1573
f 938//1574 991//1574 939//1574
f 939//1575 991//1575 992//1575
f 939//1575 992//1575 940//1575
f 940//1576 992//1576 993//1576
f 940//1577 993//1577 941//1577
f 941//1578 993//1578 994//1578
f 941//1579 994//1579 942//1579
f 942//1580 994//1580 995//1580
f 942//1581 995//1581 943//1581
f 943//1582 995//1582 996//1582
f 943//1583 996//1583 944//1583
f 944//1584 996//1584 997//1584
f 944//1585 997//1585 945//1585
f 945//1586 997//1586 998//1586
f 945//1587 998//1587 946//1587
f 946//1588 998//1588 999//1588
f 946//1589 999//1589 947//1589
f 947//1590 999//1590 1000//1590
f 947//1591 1000//1591 948//1591
f 948//1592 1000//1592 1001//1592
f 948//1593 1001//1593 949//1593
f 949//1594 1001//1594 1002//1594
f 949//1595 1002//1595 950//1595
f 950//1596 1002//1596 1003//1596
f 950//1597 1003//1597 951//1597
f 951//1598 1003//1598 1004//1598
f 951//1599 1004//1599 952//1599
f 952//1600 1004//1600 1005//1600
f 952//1600 1005//1600 953//1600
f 953//1601 1005//1601 1006//1601
f 953//1602 1006//1602 954//1602
f 954//1603 1006//1603 1007//1603
f 954//1604 1007//1604 955//1604
f 955//1605 1007//1605 1008//1605
f 955//1606 1008//1606 956//1606
f 956//1607 1008//1607 1009//1607
f 956//1608 1009//1608 957//1608
f 957//1609 1009//1609 1010//1609
f 957//1610 1010//1610 958//1610
f 958//1611 1010//1611 1011//1611
f 958//1612 1011//1612 959//1612
f 959//1613 1011//1613 960//1613
f 1011//1614 1012//1614 960//1614
f 960//1615 1012//1615 1013//1615
f 960//1615 1013//1615 961//1615
f 961//1616 1013//1616 1014//1616
f 961//1616 1014//1616 962//1616
f 962//1617 1014//1617 1015//1617
f 962//1617 1015//1617 963//1617
f 963//1618 1015//1618 1016//1618
f 963//1618 1016//1618 964//1618
f 964//1619 1016//1619 1017//1619
f 964//1619 1017//1619 965//1619
f 965//1620 1017//1620 1018//1620
f 965//1620 1018//1620 966//1620
f 966//1621 1018//1621 1019//1621
f 966//1621 1019//1621 967//1621
f 967//1622 1019//1622 1020//1622
f 967//1622 1020//1622 968//1622
f 968//1623 1020//1623 1021//1623
f 968//1623 1021//1623 969//1623
f 969//1624 1021//1624 1022//1624
f 969//1624 1022//1624 970//1624
f 970//1625 1022//1625 1023//1625
f 970//1625 1023//1625 971//1625
f 971//1626 1023//1626 1024//1626
f 971//1626 1024//1626 972//1626
f 972//1627 1024//1627 1025//1627
f 972//1627 1025//1627 973//1627
f 973//1628 1025//1628 1026//1628
f 973//1628 1026//1628 974//1628
f 974//1629 1026//1629 1027//1629
f 974//1629 1027//1629 975//1629
f 975//1630 1027//1630 1028//1630
f 975//1630 1028//1630 976//1630
f 976//1631 1028//1631 1029//1631
f 976//1631 1029//1631 977//1631
f 977//1632 1029//1632 1030//1632
f 977//1632 1030//1632 978//1632
f 978//1633 1030//1633 1031//1633
f 978//1633 1031//1633 979//1633
f 979//1634 1031//1634 1032//1634
f 979//1634 1032//1634 980//1634
f 980//1635 1032//1635 1033//1635
f 980//1635 1033//1635 981//1635
f 981//1636 1033//1636 1034//1636
f 981//1636 1034//1636 982//1636
f 982//1637 1034//1637 1035//1637
f 982//1637 1035//1637 983//1637
f 983//1638 1035//1638 1036//1638
f 983//1638 1036//1638 984//1638
f 984//1639 1036//1639 1037//1639
f 984//1639 1037//1639 985//1639
f 985//1640 1037//1640 1038//1640
f 985//1640 1038//1640 986//1640
f 986//1641 1038//1641 1039//1641
f 986//1641 1039//1641 987//1641
f 987//1642 1039//1642 1040//1642
f 987//1642 1040//1642 988//1642
f 988//1643 1040//1643 1041//1643
f 988//1643 1041//1643 989//1643
f 989//1644 1041//1644 1042//1644
f 989//1644 1042//1644 990//1644
f 990//1645 1042//1645 1043//1645
f 990//1645 1043//1645 991//1645
f 991//1646 1043//1646 1044//1646
f 991//1646 1044//1646 992//1646
f 992//1647 1044//1647 1045//1647
f 992//1647 1045//1647 993//1647
f 993//1648 1045//1648 1046//1648
f 993//1648 1046//1648 994//1648
f 994//1649 1046//1649 1047//1649
f 994//1649 1047//1649 995//1649
f 995//1650 1047//1650 1048//1650
f 995//1650 1048//1650 996//1650
f 996//1651 1048//1651 1049//1651
f 996//1651 1049//1651 997//1651
f 997//1652 1049//1652 1050//1652
f 997//1652 1050//1652 998//1652
f 998//1653 1050//1653 1051//1653
f 998//1653 1051//1653 999//1653
f 999//1654 1051//1654 1052//1654
f 999//1654 1052//1654 1000//1654
f 1000//1655 1052//1655 1053//1655
f 1000//1655 1053//1655 1001//1655
f 1001//1656 1053//1656 1054//1656
f 1001//1656 1054//1656 1002//1656
f 1002//1657 1054//1657 1055//1657
f 1002//1657 1055//1657 1003//1657
f 1003//1658 1055//1658 1056//1658
f 1003//1658 1056//1658 1004//1658
f 1004//1659 1056//1659 1057//1659
f 1004//1659 1057//1659 1005//1659
f 1005//1660 1057//1660 1058//1660
f 1005//1660 1058//1660 1006//1660
f 1006//1661 1058//1661 1059//1661
f 1006//1661 1059//1661 1007//1661
f 1007//1662 1059//1662 1060//1662
f 1007//1662 1060//1662 1008//1662
f 1008//1663 1060//1663 1061//1663
f 1008//1663 1061//1663 1009//1663
f 1009//1664 1061//1664 1062//1664
f 1009//1664 1062//1664 1010//1664
f 1010//1665 1062//1665 1063//1665
f 1010//1665 1063//1665 1011//1665
f 1011//1614 1063//1614 1012//1614
f 1063//1666 1064//1666 1012//1666
f 1012//1667 1064//1667 1065//1667
f 1012//1668 1065//1668 1013//1668
f 1013//1669 1065//1669 1066//1669
f 1013//1670 1066//1670 1014//1670
f 1014//1671 1066//1671 1067//1671
f 1014//1672 1067//1672 1015//1672
f 1015//1673 1067//1673 1068//1673
f 1015//1674 1068//1674 1016//1674
f 1016//1675 1068//1675 1069//1675
f 1016//1676 1069//1676 1017//1676
f 1017//1677 1069//1677 1070//1677
f 1017//1677 1070//1677 1018//1677
f 1018//1678 1070//1678 1071//1678
f 1018//1679 1071//1679 1019//1679
f 1019//1680 1071//1680 1072//1680
f 1019//1681 1072//1681 1020//1681
f 1020//1682 1072//1682 1073//1682
f 1020//1683 1073//1683 1021//1683
f 1021//1684 1073//1684 1074//1684
f 1021//1685 1074//1685 1022//1685
f 1022//1686 1074//1686 1075//1686
f 1022//1687 1075//1687 1023//1687
f 1023//1688 1075//1688 1076//1688
f 1023//1689 1076//1689 1024//1689
f 1024//1690 1076//1690 1077//1690
f 1024//1691 1077//1691 1025//1691
f 1025//1692 1077//1692 1078//1692
f 1025//1693 1078//1693 1026//1693
f 1026//1694 1078//1694 1079//1694
f 1026//1695 1079//1695 1027//1695
f 1027//1696 1079//1696 1080//1696
f 1027//1697 1080//1697 1028//1697
f 1028//1698 1080//1698 1081//1698
f 1028//1699 1081//1699 1029//1699
f 1029//1700 1081//1700 1082//1700
f 1029//1701 1082//1701 1030//1701
f 1030//1702 1082//1702 1083//1702
f 1030//1702 1083//1702 1031//1702
f 1031//1703 1083//1703 1084//1703
f 1031//1704 1084//1704 1032//1704
f 1032//1705 1084//1705 1085//1705
f 1032//1706 1085//1706 1033//1706
f 1033//1707 1085//1707 1086//1707
f 1033//1708 1086//1708 1034//1708
f 1034//1709 1086//1709 1087//1709
f 1034//1710 1087//1710 1035//1710
f 1035//1711 1087//1711 1088//1711
f 1035//1712 1088//1712 1036//1712
f 1036//1713 1088//1713 1089//1713
f 1036//1714 1089//1714 1037//1714
f 1037//1715 1089//1715 1090//1715
f 1037//1716 1090//1716 1038//1716
f 1038//1717 1090//1717 1091//1717
f 1038//1718 1091//1718 1039//1718
f 1039//1719 1091//1719 1092//1719
f 1039//1720 1092//1720 1040//1720
f 1040//1721 1092//1721 1093//1721
f 1040//1722 1093//1722 1041//1722
f 1041//1723 1093//1723 1094//1723
f 1041//1724 1094//1724 1042//1724
f 1042//1725 1094//1725 1095//1725
f 1042//1726 1095//1726 1043//1726
f 1043//1727 1095//1727 1096//1727
f 1043//1727 1096//1727 1044//1727
f 1044//1728 1096//1728 1097//1728
f 1044//1729 1097//1729 1045//1729
f 1045//1730 1097//1730 1098//1730
f 1045//1731 1098//1731 1046//1731
f 1046//1732 1098//1732 1099//1732
f 1046//1733 1099//1733 1047//1733
f 1047//1734 1099//1734 1100//1734
f 1047//1735 1100//1735 1048//1735
f 1048//1736 1100//1736 1101//1736
f 1048//1737 1101//1737 1049//1737
f 1049//1738 1101//1738 1102//1738
f 1049//1739 1102//1739 1050//1739
f 1050//1740 1102//1740 1103//1740
f 1050//1741 1103//1741 1051//1741
f 1051//1742 1103//1742 1104//1742
f 1051//1743 1104//1743 1052//1743
f 1052//1744 1104//1744 1105//1744
f 1052//1745 1105//1745 1053//1745
f 1053//1746 1105//1746 1106//1746
f 1053//1747 1106//1747 1054//1747
f 1054//1748 1106//1748 1107//1748
f 1054//1749 1107//1749 1055//1749
f 1055//1750 1107//1750 1108//1750
f 1055//1751 1108//1751 1056//1751
f 1056//1752 1108//1752 1109//1752
f 1056//1752 1109//1752 1057//1752
f 1057//1753 1109//1753 1110//1753
f 1057//1754 1110//1754 1058//1754
f 1058//1755 1110//1755 1111//1755
f 1058//1756 1111//1756 1059//1756
f 1059//1757 1111//1757 1112//1757
f 1059//1758 1112//1758 1060//1758
f 1060//1759 1112//1759 1113//1759
f 1060//1760 1113//1760 1061//1760
f 1061//1761 1113//1761 1114//1761
f 1061//1762 1114//1762 1062//1762
f 1062//1763 1114//1763 1115//1763
f 1062//1764 1115//1764 1063//1764
f 1063//1765 1115//1765 1064//1765
f 1115//1766 1116//1766 1064//1766
f 1064//1767 1116//1767 1117//1767
f 1064//1768 1117//1768 1065//1768
f 1065//1769 1117//1769 1118//1769
f 1065//1770 1118//1770 1066//1770
f 1066//1771 1118//1771 1119//1771
f 1066//1772 1119//1772 1067//1772
f 1067//1773 1119//1773 1120//1773
f 1067//1774 1120//1774 1068//1774
f 1068//1775 1120//1775 1121//1775
f 1068//1776 1121//1776 1069//1776
f 1069//1777 1121//1777 1122//1777
f 1069//1777 1122//1777 1070//1777
f 1070//1778 1122//1778 1123//1778
f 1070//1779 1123//1779 1071//1779
f 1071//1780 1123//1780 1124//1780
f 1071//1781 1124//1781 1072//1781
f 1072//1782 1124//1782 1125//1782
f 1072//1783 1125//1783 1073//1783
f 1073//1784 1125//1784 1126//1784
f 1073//1785 1126//1785 1074//1785
f 1074//1786 1126//1786 1127//1786
f 1074//1787 1127//1787 1075//1787
f 1075//1788 1127//1788 1128//1788
f 1075//1789 1128//1789 1076//1789
f 1076//1790 1128//1790 1129//1790
f 1076//1791 1129//1791 1077//1791
f 1077//1792 1129//1792 1130//1792
f 1077//1793 1130//1793 1078//1793
f 1078//1794 1130//1794 1131//1794
f 1078//1795 1131//1795 1079//1795
f 1079//1796 1131//1796 1132//1796
f 1079//1797 1132//1797 1080//1797
f 1080//1798 1132//1798 1133//1798
f 1080//1799 1133//1799 1081//1799
f 1081//1800 1133//1800 1134//1800
f 1081//1801 1134//1801 1082//1801
f 1082//1802 1134//1802 1135//1802
f 1082//1802 1135//1802 1083//1802
f 1083//1803 1135//1803 1136//1803
f 1083//1804 1136//1804 1084//1804
f 1084//1805 1136//1805 1137//1805
f 1084//1806 1137//1806 1085//1806
f 1085//1807 1137//1807 1138//1807
f 1085//1808 1138//1808 1086//1808
f 1086//1809 1138//1809 1139//1809
f 1086//1810 1139//1810 1087//1810
f 1087//1811 1139//1811 1140//1811
f 1087//1812 1140//1812 1088//1812
f 1088//1813 1140//1813 1141//1813
f 1088//1814 1141//1814 1089//1814
f 1089//1815 1141//1815 1142//1815
f 1089//1816 1142//1816 1090//1816
f 1090//1817 1142//1817 1143//1817
f 1090//1818 1143//1818 1091//1818
f 1091//1819 1143//1819 1144//1819
f 1091//1820 1144//1820 1092//1820
f 1092//1821 1144//1821 1145//1821
f 1092//1822 1145//1822 1093//1822
f 1093//1823 1145//1823 1146//1823
f 1093//1824 1146//1824 1094//1824
f 1094//1825 1146//1825 1147//1825
f 1094//1826 1147//1826 1095//1826
f 1095//1827 1147//1827 1148//1827
f 1095//1827 1148//1827 1096//1827
f 1096//1828 1148//1828 1149//1828
f 1096//1829 1149//1829 1097//1829
f 1097//1830 1149//1830 1150//1830
f 1097//1831 1150//1831 1098//1831
f 1098//1832 1150//1832 1151//1832
f 1098//1833 1151//1833 1099//1833
f 1099//1834 1151//1834 1152//1834
f 1099//1835 1152//1835 1100//1835
f 1100//1836 1152//1836 1153//1836
f 1100//1837 1153//1837 1101//1837
f 1101//1838 1153//1838 1154//1838
f 1101//1839 1154//1839 1102//1839
f 1102//1840 1154//1840 1155//1840
f 1102//1841 1155//1841 1103//1841
f 1103//1842 1155//1842 1156//1842
f 1103//1843 1156//1843 1104//1843
f 1104//1844 1156//1844 1157//1844
f 1104//1845 1157//1845 1105//1845
f 1105//1846 1157//1846 1158//1846
f 1105//1847 1158//1847 1106//1847
f 1106//1848 1158//1848 1159//1848
f 1106//1849 1159//1849 1107//1849
f 1107//1850 1159//1850 1160//1850
f 1107//1851 1160//1851 1108//1851
f 1108//1852 1160//1852 1161//1852
f 1108//1852 1161//1852 1109//1852
f 1109//1853 1161//1853 1162//1853
f 1109//1854 1162//1854 1110//1854
f 1110//1855 1162//1855 1163//1855
f 1110//1856 1163//1856 1111//1856
f 1111//1857 1163//1857 1164//1857
f 1111//1858 1164//1858 1112//1858
f 1112//1859 1164//1859 1165//1859
f 1112//1860 1165//1860 1113//1860
f 1113//1861 1165//1861 1166//1861
f 1113//1862 1166//1862 1114//1862
f 1114//1863 1166//1863 1167//1863
f 1114//1864 1167//1864 1115//1864
f 1115//1865 1167//1865 1116//1865
f 1167//1866 1168//1866 1116//1866
f 1116//1867 1168//1867 1169//1867
f 1116//1868 1169//1868 1117//1868
f 1117//1869 1169//1869 1170//1869
f 1117//1870 1170//1870 1118//1870
f 1118//1871 1170//1871 1171//1871
f 1118//1872 1171//1872 1119//1872
f 1119//1873 1171//1873 1172//1873
f 1119//1874 1172//1874 1120//1874
f 1120//1875 1172//1875 1173//1875
f 1120//1876 1173//1876 1121//1876
f 1121//1877 1173//1877 1174//1877
f 1121//1877 1174//1877 1122//1877
f 1122//1878 1174//1878 1175//1878
f 1122//1879 1175//1879 1123//1879
f 1123//1880 1175//1880 1176//1880
f 1123//1881 1176//1881 1124//1881
f 1124//1882 1176//1882 1177//1882
f 1124//1883 1177//1883 1125//1883
f 1125//1884 1177//1884 1178//1884
f 1125//1885 1178//1885 1126//1885
f 1126//1886 1178//1886 1179//1886
f 1126//1887 1179//1887 1127//1887
f 1127//1888 1179//1888 1180//1888
f 1127//1889 1180//1889 1128//1889
f 1128//1890 1180//1890 1181//1890
f 1128//1891 1181//1891 1129//1891
f 1129//1892 1181//1892 1182//1892
f 1129//1893 1182//1893 1130//1893
f 1130//1894 1182//1894 1183//1894
f 1130//1895 1183//1895 1131//1895
f 1131//1896 1183//1896 1184//1896
f 1131//1897 1184//1897 1132//1897
f 1132//1898 1184//1898 1185//1898
f 1132//1899 1185//1899 1133//1899
f 1133//1900 1185//1900 1186//1900
f 1133//1901 1186//1901 1134//1901
f 1134//1902 1186//1902 1187//1902
f 1134//1902 1187//1902 1135//1902
f 1135//1903 1187//1903 1188//1903
f 1135//1904 1188//1904 1136//1904
f 1136//1905 1188//1905 1189//1905
f 1136//1906 1189//1906 1137//1906
f 1137//1907 1189//1907 1190//1907
f 1137//1908 1190//1908 1138//1908
f 1138//1909 1190//1909 1191//1909
f 1138//1910 1191//1910 1139//1910
f 1139//1911 1191//1911 1192//1911
f 1139//1912 1192//1912 1140//1912
f 1140//1913 1192//1913 1193//1913
f 1140//1914 1193//1914 1141//1914
f 1141//1915 1193//1915 1194//1915
f 1141//1916 1194//1916 1142//1916
f 1142//1917 1194//1917 1195//1917
f 1142//1918 1195//1918 1143//1918
f 1143//1919 1195//1919 1196//1919
f 1143//1920 1196//1920 1144//1920
f 1144//1921 1196//1921 1197//1921
f 1144//1922 1197//1922 1145//1922
f 1145//1923 1197//1923 1198//1923
f 1145//1924 1198//1924 1146//1924
f 1146//1925 1198//1925 1199//1925
f 1146//1926 1199//1926 1147//1926
f 1147//1927 1199//1927 1200//1927
f 1147//1927 1200//1927 1148//1927
f 1148//1928 1200//1928 1201//1928
f 1148//1929 1201//1929 1149//1929
f 1149//1930 1201//1930 1202//1930
f 1149//1931 1202//1931 1150//1931
f 1150//1932 1202//1932 1203//1932
f 1150//1933 1203//1933 1151//1933
f 1151//1934 1203//1934 1204//1934
f 1151//1935 1204//1935 1152//1935
f 1152//1936 1204//1936 1205//1936
f 1152//1937 1205//1937 1153//1937
f 1153//1938 1205//1938 1206//1938
f 1153//1939 1206//1939 1154//1939
f 1154//1940 1206//1940 1207//1940
f 1154//1941 1207//1941 1155//1941
f 1155//1942 1207//1942 1208//1942
f 1155//1943 1208//1943 1156//1943
f 1156//1944 1208//1944 1209//1944
f 1156//1945 1209//1945 1157//1945
f 1157//1946 1209//1946 1210//1946
f 1157//1947 1210//1947 1158//1947
f 1158//1948 1210//1948 1211//1948
f 1158//1949 1211//1949 1159//1949
f 1159//1950 1211//1950 1212//1950
f 1159//1951 1212//1951 1160//1951
f 1160//1952 1212//1952 1213//1952
f 1160//1952 1213//1952 1161//1952
f 1161//1953 1213//1953 1214//1953
f 1161//1954 1214//1954 1162//1954
f 1162//1955 1214//1955 1215//1955
f 1162//1956 1215//1956 1163//1956
f 1163//1957 1215//1957 1216//1957
f 1163//1958 1216//1958 1164//1958
f 1164//1959 1216//1959 1217//1959
f 1164//1960 1217//1960 1165//1960
f 1165//1961 1217//1961 1218//1961
f 1165//1962 1218//1962 1166//1962
f 1166//1963 1218//1963 1219//1963
f 1166//1964 1219//1964 1167//1964
f 1167//1965 1219//1965 1168//1965
f 1219//1966 1220//1966 1168//1966
f 1168//1967 1220//1967 1221//1967
f 1168//1968 1221//1968 1169//1968
f 1169//1969 1221//1969 1222//1969
f 1169//1970 1222//1970 1170//1970
f 1170//1971 1222//1971 1223//1971
f 1170//1972 1223//1972 1171//1972
f 1171//1973 1223//1973 1224//1973
f 1171//1974 1224//1974 1172//1974
f 1172//1975 1224//1975 1225//1975
f 1172//1976 1225//1976 1173//1976
f 1173//1977 1225//1977 1226//1977
f 1173//1977 1226//1977 1174//1977
f 1174//1978 1226//1978 1227//1978
f 1174//1979 1227//1979 1175//1979
f 1175//1980 1227//1980 1228//1980
f 1175//1981 1228//1981 1176//1981
f 1176//1982 1228//1982 1229//1982
f 1176//1983 1229//1983 1177//1983
f 1177//1984 1229//1984 1230//1984
f 1177//1985 1230//1985 1178//1985
f 1178//1986 1230//1986 1231//1986
f 1178//1987 1231//1987 1179//1987
f 1179//1988 1231//1988 1232//1988
f 1179//1989 1232//1989 1180//1989
f 1180//1990 1232//1990 1233//1990
f 1180//1991 1233//1991 1181//1991
f 1181//1992 1233//1992 1234//1992
f 1181//1993 1234//1993 1182//1993
f 1182//1994 1234//1994 1235//1994
f 1182//1995 1235//1995 1183//1995
f 1183//1996 1235//1996 1236//1996
f 1183//1997 1236//1997 1184//1997
f 1184//1998 1236//1998 1237//1998
f 1184//1999 1237//1999 1185//1999
f 1185//2000 1237//2000 1238//2000
f 1185//2001 1238//2001 1186//2001
f 1186//2002 1238//2002 1239//2002
f 1186//2002 1239//2002 1187//2002
f 1187//2003 1239//2003 1240//2003
f 1187//2004 1240//2004 1188//2004
f 1188//2005 1240//2005 1241//2005
f 1188//2006 1241//2006 1189//2006
f 1189//2007 1241//2007 1242//2007
f 1189//2008 1242//2008 1190//2008
f 1190//2009 1242//2009 1243//2009
f 1190//2010 1243//2010 1191//2010
f 1191//2011 1243//2011 1244//2011
f 1191//2012 1244//2012 1192//2012
f 1192//2013 1244//2013 1245//2013
f 1192//2014 1245//2014 1193//2014
f 1193//2015 1245//2015 1246//2015
f 1193//2016 1246//2016 1194//2016
f 1194//2017 1246//2017 1247//2017
f 1194//2018 1247//2018 1195//2018
f 1195//2019 1247//2019 1248//2019
f 1195//2020 1248//2020 1196//2020
f 1196//2021 1248//2021 1249//2021
f 1196//2022 1249//2022 1197//2022
f 1197//2023 1249//2023 1250//2023
f 1197//2024 1250//2024 1198//2024
f 1198//2025 1250//2025 1251//2025
f 1198//2026 1251//2026 1199//2026
f 1199//2027 1251//2027 1252//2027
f 1199//2027 1252//2027 1200//2027
f 1200//2028 1252//2028 1253//2028
f 1200//2029 1253//2029 1201//2029
f 1201//2030 1253//2030 1254//2030
f 1201//2031 1254//2031 1202//2031
f 1202//2032 1254//2032 1255//2032
f 1202//2033 1255//2033 1203//2033
f 1203//2034 1255//2034 1256//2034
f 1203//2035 1256//2035 1204//2035
f 1204//2036 1256//2036 1257//2036
f 1204//2037 1257//2037 1205//2037
f 1205//2038 1257//2038 1258//2038
f 1205//2039 1258//2039 1206//2039
f 1206//2040 1258//2040 1259//2040
f 1206//2041 1259//2041 1207//2041
f 1207//2042 1259//2042 1260//2042
f 1207//2043 1260//2043 1208//2043
f 1208//2044 1260//2044 1261//2044
f 1208//2045 1261//2045 1209//2045
f 1209//2046 1261//2046 1262//2046
f 1209//2047 1262//2047 1210//2047
f 1210//2048 1262//2048 1263//2048
f 1210//2049 1263//2049 1211//2049
f 1211//2050 1263//2050 1264//2050
f 1211//2051 1264//2051 1212//2051
f 1212//2052 1264//2052 1265//2052
f 1212//2052 1265//2052 1213//2052
f 1213//2053 1265//2053 1266//2053
f 1213//2054 1266//2054 1214//2054
f 1214//2055 1266//2055 1267//2055
f 1214//2056 1267//2056 1215//2056
f 1215//2057 1267//2057 1268//2057
f 1215//2058 1268//2058 1216//2058
f 1216//2059 1268//2059 1269//2059
f 1216//2060 1269//2060 1217//2060
f 1217//2061 1269//2061 1270//2061
f 1217//2062 1270//2062 1218//2062
f 1218//2063 1270//2063 1271//2063
f 1218//2064 1271//2064 1219//2064
f 1219//2065 1271//2065 1220//2065
f 1271//2066 1272//2066 1220//2066
f 1220//2067 1272//2067 1273//2067
f 1220//2068 1273//2068 1221//2068
f 1221//2069 1273//2069 1274//2069
f 1221//2070 1274//2070 1222//2070
f 1222//2071 1274//2071 1275//2071
f 1222//2072 1275//2072 1223//2072
f 1223//2073 1275//2073 1276//2073
f 1223//2074 1276//2074 1224//2074
f 1224//2075 1276//2075 1277//2075
f 1224//2076 1277//2076 1225//2076
f 1225//2077 1277//2077 1278//2077
f 1225//2077 1278//2077 1226//2077
f 1226//2078 1278//2078 1279//2078
f 1226//2079 1279//2079 1227//2079
f 1227//2080 1279//2080 1280//2080
f 1227//2081 1280//2081 1228//2081
f 1228//2082 1280//2082 1281//2082
f 1228//2083 1281//2083 1229//2083
f 1229//2084 1281//2084 1282//2084
f 1229//2085 1282//2085 1230//2085
f 1230//2086 1282//2086 1283//2086
f 1230//2087 1283//2087 1231//2087
f 1231//2088 1283//2088 1284//2088
f 1231//2089 1284//2089 1232//2089
f 1232//2090 1284//2090 1285//2090
f 1232//2091 1285//2091 1233//2091
f 1233//2092 1285//2092 1286//2092
f 1233//2093 1286//2093 1234//2093
f 1234//2094 1286//2094 1287//2094
f 1234//2095 1287//2095 1235//2095
f 1235//2096 1287//2096 1288//2096
f 1235//2097 1288//2097 1236//2097
f 1236//2098 1288//2098 1289//2098
f 1236//2099 1289//2099 1237//2099
f 1237//2100 1289//2100 1290//2100
f 1237//2101 1290//2101 1238//2101
f 1238//2102 1290//2102 1291//2102
f 1238//2102 1291//2102 1239//2102
f 1239//2103 1291//2103 1292//2103
f 1239//2104 1292//2104 1240//2104
f 1240//2105 1292//2105 1293//2105
f 1240//2106 1293//2106 1241//2106
f 1241//2107 1293//2107 1294//2107
f 1241//2108 1294//2108 1242//2108
f 1242//2109 1294//2109 1295//2109
f 1242//2110 1295//2110 1243//2110
f 1243//2111 1295//2111 1296//2111
f 1243//2112 1296//2112 1244//2112
f 1244//2113 1296//2113 1297//2113
f 1244//2114 1297//2114 1245//2114
f 1245//2115 1297//2115 1298//2115
f 1245//2116 1298//2116 1246//2116
f 1246//2117 1298//2117 1299//2117
f 1246//2118 1299//2118 1247//2118
f 1247//2119 1299//2119 1300//2119
f 1247//2120 1300//2120 1248//2120
f 1248//2121 1300//2121 1301//2121
f 1248//2122 1301//2122 1249//2122
f 1249//2123 1301//2123 1302//2123
f 1249//2124 1302//2124 1250//2124
f 1250//2125 1302//2125 1303//2125
f 1250//2126 1303//2126 1251//2126
f 1251//2127 1303//2127 1304//2127
f 1251//2127 1304//2127 1252//2127
f 1252//2128 1304//2128 1305//2128
f 1252//2129 1305//2129 1253//2129
f 1253//2130 1305//2130 1306//2130
f 1253//2131 1306//2131 1254//2131
f 1254//2132 1306//2132 1307//2132
f 1254//2133 1307//2133 1255//2133
f 1255//2134 1307//2134 1308//2134
f 1255//2135 1308//2135 1256//2135
f 1256//2136 1308//2136 1309//2136
f 1256//2137 1309//2137 1257//2137
f 1257//2138 1309//2138 1310//2138
f 1257//2139 1310//2139 1258//2139
f 1258//2140 1310//2140 1311//2140
f 1258//2141 1311//2141 1259//2141
f 1259//2142 1311//2142 1312//2142
f 1259//2143 1312//2143 1260//2143
f 1260//2144 1312//2144 1313//2144
f 1260//2145 1313//2145 1261//2145
f 1261//2146 1313//2146 1314//2146
f 1261//2147 1314//2147 1262//2147
f 1262//2148 1314//2148 1315//2148
f 1262//2149 1315//2149 1263//2149
f 1263//2150 1315//2150 1316//2150
f 1263//2151 1316//2151 1264//2151
f 1264//2152 1316//2152 1317//2152
f 1264//2152 1317//2152 1265//2152
f 1265//2153 1317//2153 1318//2153
f 1265//2154 1318//2154 1266//2154
f 1266//2155 1318//2155 1319//2155
f 1266//2156 1319//2156 1267//2156
f 1267//2157 1319//2157 1320//2157
f 1267//2158 1320//2158 1268//2158
f 1268//2159 1320//2159 1321//2159
f 1268//2160 1321//2160 1269//2160
f 1269//2161 1321//2161 1322//2161
f 1269//2162 1322//2162 1270//2162
f 1270//2163 1322//2163 1323//2163
f 1270//2164 1323//2164 1271//2164
f 1271//2165 1323//2165 1272//2165
f 1323//2166 1324//2166 1272//2166
f 1272//2167 1324//2167 1325//2167
f 1272//2168 1325//2168 1273//2168
f 1273//2169 1325//2169 1326//2169
f 1273//2170 1326//2170 1274//2170
f 1274//2171 1326//2171 1327//2171
f 1274//2172 1327//2172 1275//2172
f 1275//2173 1327//2173 1328//2173
f 1275//2174 1328//2174 1276//2174
f 1276//2175 1328//2175 1329//2175
f 1276//2176 1329//2176 1277//2176
f 1277//2177 1329//2177 1330//2177
f 1277//2177 1330//2177 1278//2177
f 1278//2178 1330//2178 1331//2178
f 1278//2179 1331//2179 1279//2179
f 1279//2180 1331//2180 1332//2180
f 1279//2181 1332//2181 1280//2181
f 1280//2182 1332//2182 1333//2182
f 1280//2183 1333//2183 1281//2183
f 1281//2184 1333//2184 1334//2184
f 1281//2185 1334//2185 1282//2185
f 1282//2186 1334//2186 1335//2186
f 1282//2187 1335//2187 1283//2187
f 1283//2188 1335//2188 1336//2188
f 1283//2189 1336//2189 1284//2189
f 1284//2190 1336//2190 1337//2190
f 1284//2191 1337//2191 1285//2191
f 1285//2192 1337//2192 1338//2192
f 1285//2193 1338//2193 1286//2193
f 1286//2194 1338//2194 1339//2194
f 1286//2195 1339//2195 1287//2195
f 1287//2196 1339//2196 1340//2196
f 1287//2197 1340//2197 1288//2197
f 1288//2198 1340//2198 1341//2198
f 1288//2199 1341//2199 1289//2199
f 1289//2200 1341//2200 1342//2200
f 1289//2201 1342//2201 1290//2201
f 1290//2202 1342//2202 1343//2202
f 1290//2202 1343//2202 1291//2202
f 1291//2203 1343//2203 1344//2203
f 1291//2204 1344//2204 1292//2204
f 1292//2205 1344//2205 1345//2205
f 1292//2206 1345//2206 1293//2206
f 1293//2207 1345//2207 1346//2207
f 1293//2208 1346//2208 1294//2208
f 1294//2209 1346//2209 1347//2209
f 1294//2210 1347//2210 1295//2210
f 1295//2211 1347//2211 1348//2211
f 1295//2212 1348//2212 1296//2212
f 1296//2213 1348//2213 1349//2213
f 1296//2214 1349//2214 1297//2214
f 1297//2215 1349//2215 1350//2215
f 1297//2216 1350//2216 1298//2216
f 1298//2217 1350//2217 1351//2217
f 1298//2218 1351//2218 1299//2218
f 1299//2219 1351//2219 1352//2219
f 1299//2220 1352//2220 1300//2220
f 1300//2221 1352//2221 1353//2221
f 1300//2222 1353//2222 1301//2222
f 1301//2223 1353//2223 1354//2223
f 1301//2224 1354//2224 1302//2224
f 1302//2225 1354//2225 1355//2225
f 1302//2226 1355//2226 1303//2226
f 1303//2227 1355//2227 1356//2227
f 1303//2227 1356//2227 1304//2227
f 1304//2228 1356//2228 1357//2228
f 1304//2229 1357//2229 1305//2229
f 1305//2230 1357//2230 1358//2230
f 1305//2231 1358//2231 1306//2231
f 1306//2232 1358//2232 1359//2232
f 1306//2233 1359//2233 1307//2233
f 1307//2234 1359//2234 1360//2234
f 1307//2235 1360//2235 1308//2235
f 1308//2236 1360//2236 1361//2236
f 1308//2237 1361//2237 1309//2237
f 1309//2238 1361//2238 1362//2238
f 1309//2239 1362//2239 1310//2239
f 1310//2240 1362//2240 1363//2240
f 1310//2241 1363//2241 1311//2241
f 1311//2242 1363//2242 1364//2242
f 1311//2243 1364//2243 1312//2243
f 1312//2244 1364//2244 1365//2244
f 1312//2245 1365//2245 1313//2245
f 1313//2246 1365//2246 1366//2246
f 1313//2247 1366//2247 1314//2247
f 1314//2248 1366//2248 1367//2248
f 1314//2249 1367//2249 1315//2249
f 1315//2250 1367//2250 1368//2250
f 1315//2251 1368//2251 1316//2251
f 1316//2252 1368//2252 1369//2252
f 1316//2252 1369//2252 1317//2252
f 1317//2253 1369//2253 1370//2253
f 1317//2254 1370//2254 1318//2254
f 1318//2255 1370//2255 1371//2255
f 1318//2256 1371//2256 1319//2256
f 1319//2257 1371//2257 1372//2257
f 1319//2258 1372//2258 1320//2258
f 1320//2259 1372//2259 1373//2259
f 1320//2260 1373//2260 1321//2260
f 1321//2261 1373//2261 1374//2261
f 1321//2262 1374//2262 1322//2262
f 1322//2263 1374//2263 1375//2263
f 1322//2264 1375//2264 1323//2264
f 1323//2265 1375//2265 1324//2265
f 1331//2266 1376//2266 1377//2266
f 1347//2266 1378//2266 1379//2266
f 1380//2266 1333//2266 1377//2266
f 1377//2266 1333//2266 1332//2266
f 1377//2266 1332//2266 1331//2266
f 1381//2266 1335//2266 1380//2266
f 1380//2266 1335//2266 1334//2266
f 1380//2266 1334//2266 1333//2266
f 1382//2266 1337//2266 1381//2266
f 1381//2266 1337//2266 1336//2266
f 1381//2266 1336//2266 1335//2266
f 1383//2266 1339//2266 1382//2266
f 1382//2266 1339//2266 1338//2266
f 1382//2266 1338//2266 1337//2266
f 1384//2266 1349//2266 1379//2266
f 1379//2266 1349//2266 1348//2266
f 1379//2266 1348//2266 1347//2266
f 1385//2266 1351//2266 1384//2266
f 1384//2266 1351//2266 1350//2266
f 1384//2266 1350//2266 1349//2266
f 1363//2266 1386//2266 1387//2266
f 1388//2266 1341//2266 1383//2266
f 1383//2266 1341//2266 1340//2266
f 1383//2266 1340//2266 1339//2266
f 1389//2266 1353//2266 1385//2266
f 1385//2266 1353//2266 1352//2266
f 1385//2266 1352//2266 1351//2266
f 1359//2266 1390//2266 1391//2266
f 1363//2266 1362//2266 1386//2266
f 1386//2266 1362//2266 1361//2266
f 1386//2266 1361//2266 1391//2266
f 1391//2266 1361//2266 1360//2266
f 1391//2266 1360//2266 1359//2266
f 1392//2266 1365//2266 1387//2266
f 1387//2266 1365//2266 1364//2266
f 1387//2266 1364//2266 1363//2266
f 1393//2266 1343//2266 1388//2266
f 1388//2266 1343//2266 1342//2266
f 1388//2266 1342//2266 1341//2266
f 1347//2266 1346//2266 1378//2266
f 1378//2266 1346//2266 1345//2266
f 1378//2266 1345//2266 1393//2266
f 1393//2266 1345//2266 1344//2266
f 1393//2266 1344//2266 1343//2266
f 1394//2266 1355//2266 1389//2266
f 1389//2266 1355//2266 1354//2266
f 1389//2266 1354//2266 1353//2266
f 1359//2266 1358//2266 1390//2266
f 1390//2266 1358//2266 1357//2266
f 1390//2266 1357//2266 1394//2266
f 1394//2266 1357//2266 1356//2266
f 1394//2266 1356//2266 1355//2266
f 1395//2266 1367//2266 1392//2266
f 1392//2266 1367//2266 1366//2266
f 1392//2266 1366//2266 1365//2266
f 1396//2266 1369//2266 1395//2266
f 1395//2266 1369//2266 1368//2266
f 1395//2266 1368//2266 1367//2266
f 1375//2266 1397//2266 1398//2266
f 1399//2266 1371//2266 1396//2266
f 1396//2266 1371//2266 1370//2266
f 1396//2266 1370//2266 1369//2266
f 1375//2266 1374//2266 1397//2266
f 1397//2266 1374//2266 1373//2266
f 1397//2266 1373//2266 1399//2266
f 1399//2266 1373//2266 1372//2266
f 1399//2266 1372//2266 1371//2266
f 1400//2266 1325//2266 1398//2266
f 1398//2266 1325//2266 1324//2266
f 1398//2266 1324//2266 1375//2266
f 1401//2266 1327//2266 1400//2266
f 1400//2266 1327//2266 1326//2266
f 1400//2266 1326//2266 1325//2266
f 1331//2266 1330//2266 1376//2266
f 1376//2266 1330//2266 1329//2266
f 1376//2266 1329//2266 1401//2266
f 1401//2266 1329//2266 1328//2266
f 1401//2266 1328//2266 1327//2266
f 1386//2267 1402//2267 1387//2267
f 1387//2267 1402//2267 1403//2267
f 1387//2268 1403//2268 1392//2268
f 1392//2268 1403//2268 1404//2268
f 1392//2269 1404//2269 1395//2269
f 1395//2269 1404//2269 1405//2269
f 1395//2270 1405//2270 1396//2270
f 1396//2270 1405//2270 1406//2270
f 1396//2271 1406//2271 1399//2271
f 1399//2271 1406//2271 1407//2271
f 1399//2272 1407//2272 1397//2272
f 1397//2272 1407//2272 1408//2272
f 1397//2273 1408//2273 1398//2273
f 1398//2273 1408//2273 1409//2273
f 1398//2274 1409//2274 1400//2274
f 1400//2274 1409//2274 1410//2274
f 1400//2275 1410//2275 1401//2275
f 1401//2275 1410//2275 1411//2275
f 1401//2276 1411//2276 1376//2276
f 1376//2276 1411//2276 1412//2276
f 1376//2277 1412//2277 1377//2277
f 1377//2277 1412//2277 1413//2277
f 1377//2278 1413//2278 1380//2278
f 1380//2278 1413//2278 1414//2278
f 1380//2279 1414//2279 1381//2279
f 1381//2279 1414//2279 1415//2279
f 1381//2280 1415//2280 1382//2280
f 1382//2280 1415//2280 1416//2280
f 1382//2281 1416//2281 1383//2281
f 1383//2281 1416//2281 1417//2281
f 1383//2282 1417//2282 1388//2282
f 1388//2282 1417//2282 1418//2282
f 1388//2283 1418//2283 1393//2283
f 1393//2283 1418//2283 1419//2283
f 1393//2284 1419//2284 1378//2284
f 1378//2284 1419//2284 1420//2284
f 1378//2285 1420//2285 1379//2285
f 1379//2285 1420//2285 1421//2285
f 1379//2286 1421//2286 1384//2286
f 1384//2286 1421//2286 1422//2286
f 1384//2287 1422//2287 1385//2287
f 1385//2287 1422//2287 1423//2287
f 1385//2288 1423//2288 1389//2288
f 1389//2288 1423//2288 1424//2288
f 1389//2289 1424//2289 1394//2289
f 1394//2289 1424//2289 1425//2289
f 1394//2290 1425//2290 1390//2290
f 1390//2290 1425//2290 1426//2290
f 1390//2291 1426//2291 1391//2291
f 1391//2291 1426//2291 1427//2291
f 1391//2292 1427//2292 1386//2292
f 1386//2292 1427//2292 1402//2292
f 1402//2293 1427//2293 724//2293
f 1426//2293 720//2293 1427//2293
f 1427//2293 720//2293 722//2293
f 1427//2293 722//2293 724//2293
f 1421//2293 1420//2293 696//2293
f 660//2293 1412//2293 1411//2293
f 1425//2293 716//2293 1426//2293
f 1426//2293 716//2293 718//2293
f 1426//2293 718//2293 720//2293
f 1423//2293 1422//2293 704//2293
f 696//2293 698//2293 1421//2293
f 1421//2293 698//2293 700//2293
f 1421//2293 700//2293 1422//2293
f 1422//2293 700//2293 702//2293
f 1422//2293 702//2293 704//2293
f 1410//2293 656//2293 1411//2293
f 1411//2293 656//2293 658//2293
f 1411//2293 658//2293 660//2293
f 748//2293 1408//2293 1407//2293
f 1406//2293 744//2293 1407//2293
f 1407//2293 744//2293 746//2293
f 1407//2293 746//2293 748//2293
f 1424//2293 712//2293 1425//2293
f 1425//2293 712//2293 714//2293
f 1425//2293 714//2293 716//2293
f 704//2293 706//2293 1423//2293
f 1423//2293 706//2293 708//2293
f 1423//2293 708//2293 1424//2293
f 1424//2293 708//2293 710//2293
f 1424//2293 710//2293 712//2293
f 1415//2293 1414//2293 672//2293
f 1405//2293 740//2293 1406//2293
f 1406//2293 740//2293 742//2293
f 1406//2293 742//2293 744//2293
f 1404//2293 736//2293 1405//2293
f 1405//2293 736//2293 738//2293
f 1405//2293 738//2293 740//2293
f 1403//2293 732//2293 1404//2293
f 1404//2293 732//2293 734//2293
f 1404//2293 734//2293 736//2293
f 1419//2293 692//2293 1420//2293
f 1420//2293 692//2293 694//2293
f 1420//2293 694//2293 696//2293
f 1418//2293 688//2293 1419//2293
f 1419//2293 688//2293 690//2293
f 1419//2293 690//2293 692//2293
f 1417//2293 684//2293 1418//2293
f 1418//2293 684//2293 686//2293
f 1418//2293 686//2293 688//2293
f 1413//2293 668//2293 1414//2293
f 1414//2293 668//2293 670//2293
f 1414//2293 670//2293 672//2293
f 660//2293 662//2293 1412//2293
f 1412//2293 662//2293 664//2293
f 1412//2293 664//2293 1413//2293
f 1413//2293 664//2293 666//2293
f 1413//2293 666//2293 668//2293
f 1409//2293 652//2293 1410//2293
f 1410//2293 652//2293 654//2293
f 1410//2293 654//2293 656//2293
f 748//2293 750//2293 1408//2293
f 1408//2293 750//2293 648//2293
f 1408//2293 648//2293 1409//2293
f 1409//2293 648//2293 650//2293
f 1409//2293 650//2293 652//2293
f 724//2293 726//2293 1402//2293
f 1402//2293 726//2293 728//2293
f 1402//2293 728//2293 1403//2293
f 1403//2293 728//2293 730//2293
f 1403//2293 730//2293 732//2293
f 1416//2293 680//2293 1417//2293
f 1417//2293 680//2293 682//2293
f 1417//2293 682//2293 684//2293
f 672//2293 674//2293 1415//2293
f 1415//2293 674//2293 676//2293
f 1415//2293 676//2293 1416//2293
f 1416//2293 676//2293 678//2293
f 1416//2293 678//2293 680//2293
f 1428//2294 1429//2294 1430//2294
f 1430//2295 1429//2295 1431//2295
f 1430//2295 1431//2295 1432//2295
f 1432//2296 1431//2296 1433//2296
f 1432//2296 1433//2296 1434//2296
f 1434//2297 1433//2297 1435//2297
f 1434//2297 1435//2297 1436//2297
f 1436//2298 1435//2298 1437//2298
f 1436//2298 1437//2298 1438//2298
f 1438//2299 1437//2299 1439//2299
f 1438//2299 1439//2299 1440//2299
f 1440//2300 1439//2300 1441//2300
f 1440//2300 1441//2300 1442//2300
f 1442//2301 1441//2301 1443//2301
f 1442//2301 1443//2301 1444//2301
f 1444//2302 1443//2302 1445//2302
f 1444//2302 1445//2302 1446//2302
f 1446//2303 1445//2303 1447//2303
f 1446//2303 1447//2303 1448//2303
f 1448//2304 1447//2304 1449//2304
f 1448//2304 1449//2304 1450//2304
f 1450//2305 1449//2305 1451//2305
f 1450//2305 1451//2305 1452//2305
f 1452//2306 1451//2306 1453//2306
f 1452//2306 1453//2306 1454//2306
f 1454//2307 1453//2307 1455//2307
f 1454//2307 1455//2307 1456//2307
f 1456//2308 1455//2308 1457//2308
f 1456//2308 1457//2308 1458//2308
f 1458//2309 1457//2309 1459//2309
f 1458//2309 1459//2309 1460//2309
f 1460//2310 1459//2310 1461//2310
f 1460//2310 1461//2310 1462//2310
f 1462//2311 1461//2311 1463//2311
f 1462//2311 1463//2311 1464//2311
f 1464//2312 1463//2312 1465//2312
f 1464//2312 1465//2312 1466//2312
f 1466//2313 1465//2313 1428//2313
f 1466//2314 1428//2314 1430//2314
f 1467//2315 1456//2315 1468//2315
f 1468//2316 1456//2316 1458//2316
f 1468//2316 1458//2316 1469//2316
f 1469//2315 1458//2315 1460//2315
f 1469//2316 1460//2316 1470//2316
f 1470//2316 1460//2316 1462//2316
f 1470//2316 1462//2316 1471//2316
f 1471//2316 1462//2316 1464//2316
f 1471//2315 1464//2315 1472//2315
f 1473//2316 1442//2316 1474//2316
f 1474//2316 1442//2316 1444//2316
f 1474//2316 1444//2316 1475//2316
f 1475//2316 1444//2316 1446//2316
f 1475//2316 1446//2316 1476//2316
f 1476//2316 1446//2316 1448//2316
f 1476//2316 1448//2316 1477//2316
f 1477//2315 1448//2315 1450//2315
f 1477//2316 1450//2316 1478//2316
f 1478//2316 1450//2316 1452//2316
f 1478//2316 1452//2316 1467//2316
f 1467//2316 1452//2316 1454//2316
f 1467//2316 1454//2316 1456//2316
f 1464//2316 1466//2316 1472//2316
f 1472//2316 1466//2316 1430//2316
f 1472//2316 1430//2316 1479//2316
f 1479//2316 1430//2316 1432//2316
f 1479//2316 1432//2316 1480//2316
f 1480//2316 1432//2316 1434//2316
f 1480//2316 1434//2316 1481//2316
f 1481//2316 1434//2316 1436//2316
f 1481//2316 1436//2316 1482//2316
f 1482//2316 1436//2316 1438//2316
f 1482//2316 1438//2316 1473//2316
f 1473//2316 1438//2316 1440//2316
f 1473//2316 1440//2316 1442//2316
f 1476//2317 1483//2317 1475//2317
f 1475//2318 1483//2318 1484//2318
f 1475//2318 1484//2318 1474//2318
f 1474//2319 1484//2319 1485//2319
f 1474//2319 1485//2319 1473//2319
f 1473//2320 1485//2320 1486//2320
f 1473//2321 1486//2321 1482//2321
f 1482//2322 1486//2322 1487//2322
f 1482//2323 1487//2323 1481//2323
f 1481//2324 1487//2324 1488//2324
f 1481//2324 1488//2324 1480//2324
f 1480//2325 1488//2325 1489//2325
f 1480//2325 1489//2325 1479//2325
f 1479//2326 1489//2326 1490//2326
f 1479//2326 1490//2326 1472//2326
f 1472//2327 1490//2327 1491//2327
f 1472//2327 1491//2327 1471//2327
f 1471//2328 1491//2328 1492//2328
f 1471//2328 1492//2328 1470//2328
f 1470//2329 1492//2329 1493//2329
f 1470//2329 1493//2329 1469//2329
f 1469//2330 1493//2330 1494//2330
f 1469//2331 1494//2331 1468//2331
f 1468//2332 1494//2332 1495//2332
f 1468//2333 1495//2333 1467//2333
f 1467//2334 1495//2334 1496//2334
f 1467//2334 1496//2334 1478//2334
f 1478//2335 1496//2335 1497//2335
f 1478//2335 1497//2335 1477//2335
f 1477//2336 1497//2336 1498//2336
f 1477//2336 1498//2336 1476//2336
f 1476//2317 1498//2317 1483//2317
f 1499//2315 1500//2315 1501//2315
f 1501//2315 1500//2315 1502//2315
f 1501//2315 1502//2315 1503//2315
f 1503//2315 1502//2315 1504//2315
f 1503//2315 1504//2315 1505//2315
f 1505//2316 1504//2316 1506//2316
f 1505//2315 1506//2315 1507//2315
f 1508//2316 1509//2316 1510//2316
f 1510//2316 1509//2316 1511//2316
f 1510//2316 1511//2316 1512//2316
f 1511//2316 1513//2316 1512//2316
f 1512//2315 1513//2315 1514//2315
f 1512//2315 1514//2315 1515//2315
f 1515//2315 1514//2315 1516//2315
f 1515//2316 1516//2316 1517//2316
f 1517//2316 1516//2316 1518//2316
f 1517//2316 1518//2316 1499//2316
f 1499//2316 1518//2316 1519//2316
f 1499//2315 1519//2315 1500//2315
f 1506//2316 1520//2316 1507//2316
f 1507//2315 1520//2315 1521//2315
f 1507//2316 1521//2316 1522//2316
f 1522//2316 1521//2316 1523//2316
f 1522//2316 1523//2316 1524//2316
f 1524//2316 1523//2316 1525//2316
f 1524//2315 1525//2315 1508//2315
f 1508//2316 1525//2316 1526//2316
f 1508//2315 1526//2315 1509//2315
f 1527//2337 1528//2337 1529//2337
f 1530//2338 1528//2338 1527//2338
f 1527//2339 1531//2339 1532//2339
f 1533//2340 1531//2340 1527//2340
f 1529//2341 1533//2341 1527//2341
f 1527//2342 1534//2342 1535//2342
f 1536//2343 1534//2343 1527//2343
f 1532//2344 1536//2344 1527//2344
f 1527//2345 1537//2345 1538//2345
f 1539//2346 1537//2346 1527//2346
f 1535//2347 1539//2347 1527//2347
f 1538//2348 1530//2348 1527//2348
f 1530//2349 1503//2349 1528//2349
f 1528//2349 1503//2349 1505//2349
f 1528//2350 1505//2350 1529//2350
f 1529//2350 1505//2350 1507//2350
f 1529//2351 1507//2351 1533//2351
f 1533//2352 1507//2352 1522//2352
f 1533//2353 1522//2353 1531//2353
f 1531//2354 1522//2354 1524//2354
f 1531//2355 1524//2355 1532//2355
f 1532//2355 1524//2355 1508//2355
f 1532//2356 1508//2356 1536//2356
f 1536//2356 1508//2356 1510//2356
f 1536//2357 1510//2357 1534//2357
f 1534//2357 1510//2357 1512//2357
f 1534//2358 1512//2358 1535//2358
f 1535//2358 1512//2358 1515//2358
f 1535//2359 1515//2359 1539//2359
f 1539//2360 1515//2360 1517//2360
f 1539//2361 1517//2361 1537//2361
f 1537//2362 1517//2362 1499//2362
f 1537//2363 1499//2363 1538//2363
f 1538//2363 1499//2363 1501//2363
f 1538//2364 1501//2364 1530//2364
f 1530//2364 1501//2364 1503//2364
f 1540//2365 1541//2365 1542//2365
f 1542//2365 1541//2365 1543//2365
f 1542//2366 1543//2366 1544//2366
f 1544//2366 1543//2366 1545//2366
f 1544//2367 1545//2367 1546//2367
f 1546//2367 1545//2367 1547//2367
f 1546//2368 1547//2368 1548//2368
f 1548//2368 1547//2368 1549//2368
f 1548//2369 1549//2369 1550//2369
f 1550//2369 1549//2369 1551//2369
f 1550//2370 1551//2370 1552//2370
f 1552//2370 1551//2370 1553//2370
f 1552//2371 1553//2371 1554//2371
f 1554//2371 1553//2371 1555//2371
f 1554//2372 1555//2372 1556//2372
f 1556//2372 1555//2372 1557//2372
f 1556//2373 1557//2373 1558//2373
f 1558//2373 1557//2373 1559//2373
f 1558//2374 1559//2374 1560//2374
f 1560//2374 1559//2374 1561//2374
f 1560//2375 1561//2375 1562//2375
f 1562//2375 1561//2375 1563//2375
f 1562//2376 1563//2376 1564//2376
f 1564//2376 1563//2376 1565//2376
f 1564//2377 1565//2377 1566//2377
f 1566//2377 1565//2377 1567//2377
f 1566//2378 1567//2378 1568//2378
f 1568//2378 1567//2378 1569//2378
f 1568//2379 1569//2379 1570//2379
f 1570//2379 1569//2379 1571//2379
f 1570//2380 1571//2380 1572//2380
f 1572//2380 1571//2380 1573//2380
f 1572//2381 1573//2381 1574//2381
f 1574//2381 1573//2381 1575//2381
f 1574//2382 1575//2382 1576//2382
f 1576//2382 1575//2382 1577//2382
f 1576//2383 1577//2383 1578//2383
f 1578//2383 1577//2383 1579//2383
f 1578//2384 1579//2384 1580//2384
f 1580//2384 1579//2384 1581//2384
f 1580//2385 1581//2385 1582//2385
f 1582//2385 1581//2385 1583//2385
f 1582//2386 1583//2386 1584//2386
f 1584//2386 1583//2386 1585//2386
f 1584//2387 1585//2387 1586//2387
f 1586//2387 1585//2387 1587//2387
f 1586//2388 1587//2388 1588//2388
f 1588//2388 1587//2388 1589//2388
f 1588//2389 1589//2389 1590//2389
f 1590//2389 1589//2389 1591//2389
f 1590//2390 1591//2390 1592//2390
f 1592//2390 1591//2390 1593//2390
f 1592//2391 1593//2391 1594//2391
f 1594//2391 1593//2391 1595//2391
f 1594//2392 1595//2392 1596//2392
f 1596//2392 1595//2392 1597//2392
f 1596//2393 1597//2393 1540//2393
f 1540//2393 1597//2393 1541//2393
f 1598//2316 1588//2316 1599//2316
f 1599//2316 1588//2316 1590//2316
f 1599//2316 1590//2316 1600//2316
f 1601//2315 1582//2315 1602//2315
f 1602//2316 1582//2316 1584//2316
f 1602//2316 1584//2316 1598//2316
f 1598//2316 1584//2316 1586//2316
f 1598//2316 1586//2316 1588//2316
f 1603//2316 1548//2316 1604//2316
f 1604//2316 1548//2316 1550//2316
f 1604//2316 1550//2316 1605//2316
f 1590//2316 1592//2316 1600//2316
f 1600//2315 1592//2315 1594//2315
f 1600//2316 1594//2316 1606//2316
f 1606//2316 1594//2316 1596//2316
f 1606//2316 1596//2316 1607//2316
f 1607//2316 1596//2316 1540//2316
f 1607//2316 1540//2316 1608//2316
f 1608//2316 1540//2316 1542//2316
f 1608//2316 1542//2316 1609//2316
f 1609//2315 1542//2315 1544//2315
f 1609//2316 1544//2316 1603//2316
f 1603//2316 1544//2316 1546//2316
f 1603//2315 1546//2315 1548//2315
f 1610//2316 1576//2316 1611//2316
f 1611//2316 1576//2316 1578//2316
f 1611//2316 1578//2316 1601//2316
f 1601//2316 1578//2316 1580//2316
f 1601//2316 1580//2316 1582//2316
f 1612//2316 1570//2316 1613//2316
f 1613//2316 1570//2316 1572//2316
f 1613//2316 1572//2316 1610//2316
f 1610//2316 1572//2316 1574//2316
f 1610//2316 1574//2316 1576//2316
f 1614//2316 1558//2316 1615//2316
f 1615//2316 1558//2316 1560//2316
f 1615//2316 1560//2316 1616//2316
f 1560//2316 1562//2316 1616//2316
f 1616//2316 1562//2316 1564//2316
f 1616//2316 1564//2316 1617//2316
f 1617//2316 1564//2316 1566//2316
f 1617//2316 1566//2316 1612//2316
f 1612//2315 1566//2315 1568//2315
f 1612//2316 1568//2316 1570//2316
f 1550//2316 1552//2316 1605//2316
f 1605//2316 1552//2316 1554//2316
f 1605//2315 1554//2315 1614//2315
f 1614//2315 1554//2315 1556//2315
f 1614//2315 1556//2315 1558//2315
f 1618//2394 1619//2394 1620//2394
f 1621//2395 1619//2395 1618//2395
f 1618//2396 1622//2396 1623//2396
f 1624//2397 1622//2397 1618//2397
f 1620//2398 1624//2398 1618//2398
f 1618//2399 1625//2399 1626//2399
f 1627//2400 1625//2400 1618//2400
f 1623//2401 1627//2401 1618//2401
f 1618//2402 1628//2402 1629//2402
f 1630//2403 1628//2403 1618//2403
f 1626//2404 1630//2404 1618//2404
f 1629//2405 1621//2405 1618//2405
f 1631//2394 1632//2394 1633//2394
f 1634//2395 1632//2395 1631//2395
f 1631//2396 1635//2396 1636//2396
f 1637//2397 1635//2397 1631//2397
f 1633//2398 1637//2398 1631//2398
f 1631//2399 1638//2399 1639//2399
f 1640//2400 1638//2400 1631//2400
f 1636//2401 1640//2401 1631//2401
f 1631//2402 1641//2402 1642//2402
f 1643//2403 1641//2403 1631//2403
f 1639//2404 1643//2404 1631//2404
f 1642//2405 1634//2405 1631//2405
f 1644//2394 1645//2394 1646//2394
f 1647//2395 1645//2395 1644//2395
f 1644//2396 1648//2396 1649//2396
f 1650//2397 1648//2397 1644//2397
f 1646//2398 1650//2398 1644//2398
f 1644//2399 1651//2399 1652//2399
f 1653//2400 1651//2400 1644//2400
f 1649//2401 1653//2401 1644//2401
f 1644//2402 1654//2402 1655//2402
f 1656//2403 1654//2403 1644//2403
f 1652//2404 1656//2404 1644//2404
f 1655//2405 1647//2405 1644//2405
f 1657//2394 1658//2394 1659//2394
f 1660//2395 1658//2395 1657//2395
f 1657//2396 1661//2396 1662//2396
f 1663//2397 1661//2397 1657//2397
f 1659//2398 1663//2398 1657//2398
f 1657//2399 1664//2399 1665//2399
f 1666//2400 1664//2400 1657//2400
f 1662//2401 1666//2401 1657//2401
f 1657//2402 1667//2402 1668//2402
f 1669//2403 1667//2403 1657//2403
f 1665//2404 1669//2404 1657//2404
f 1668//2405 1660//2405 1657//2405
f 1670//2406 1671//2406 1672//2406
f 1672//2407 1671//2407 1673//2407
f 1672//2408 1673//2408 1674//2408
f 1674//2409 1673//2409 1675//2409
f 1675//2410 1673//2410 1676//2410
f 1675//2411 1676//2411 1677//2411
f 1677//2412 1676//2412 1678//2412
f 1678//2413 1676//2413 1679//2413
f 1678//2414 1679//2414 1680//2414
f 1680//2415 1679//2415 1681//2415
f 1681//2416 1679//2416 1682//2416
f 1681//2417 1682//2417 1683//2417
f 1683//2418 1682//2418 1684//2418
f 1684//2419 1682//2419 1685//2419
f 1684//2420 1685//2420 1686//2420
f 1686//2421 1685//2421 1687//2421
f 1687//2422 1685//2422 1688//2422
f 1687//2423 1688//2423 1689//2423
f 1690//2424 1691//2424 1688//2424
f 1688//2424 1691//2424 1689//2424
f 1692//2425 1693//2425 1694//2425
f 1694//2425 1693//2425 1695//2425
f 1693//2426 1692//2426 1696//2426
f 1696//2427 1692//2427 1697//2427
f 1696//2428 1697//2428 1698//2428
f 1698//2429 1697//2429 1699//2429
f 1699//2430 1697//2430 1700//2430
f 1699//2431 1700//2431 1701//2431
f 1701//2432 1700//2432 1702//2432
f 1702//2433 1700//2433 1703//2433
f 1702//2434 1703//2434 1704//2434
f 1704//2435 1703//2435 1705//2435
f 1705//2436 1703//2436 1706//2436
f 1705//2437 1706//2437 1707//2437
f 1707//2438 1706//2438 1708//2438
f 1708//2439 1706//2439 1709//2439
f 1708//2440 1709//2440 1710//2440
f 1710//2441 1709//2441 1711//2441
f 1711//2442 1709//2442 1712//2442
f 1711//2443 1712//2443 1713//2443
f 1714//2444 1715//2444 1712//2444
f 1712//2444 1715//2444 1713//2444
f 1716//2445 1717//2445 1718//2445
f 1718//2446 1717//2446 1719//2446
f 1718//2447 1719//2447 1720//2447
f 1720//2448 1719//2448 1721//2448
f 1721//2449 1719//2449 1722//2449
f 1721//2450 1722//2450 1723//2450
f 1723//2451 1722//2451 1724//2451
f 1724//2452 1722//2452 1725//2452
f 1724//2453 1725//2453 1726//2453
f 1726//2454 1725//2454 1727//2454
f 1727//2455 1725//2455 1728//2455
f 1727//2456 1728//2456 1729//2456
f 1729//2457 1728//2457 1730//2457
f 1730//2458 1728//2458 1731//2458
f 1730//2459 1731//2459 1732//2459
f 1733//2460 1734//2460 1735//2460
f 1735//2460 1734//2460 1736//2460
f 1734//2461 1733//2461 1737//2461
f 1737//2462 1733//2462 1738//2462
f 1737//2463 1738//2463 1739//2463
f 1739//2464 1738//2464 1740//2464
f 1740//2465 1738//2465 1741//2465
f 1740//2466 1741//2466 1742//2466
f 1742//2467 1741//2467 1743//2467
f 1743//2468 1741//2468 1744//2468
f 1743//2469 1744//2469 1745//2469
f 1745//2470 1744//2470 1746//2470
f 1746//2471 1744//2471 1747//2471
f 1746//2472 1747//2472 1748//2472
f 1748//2473 1747//2473 1749//2473
f 1749//2474 1747//2474 1750//2474
f 1749//2475 1750//2475 1751//2475
f 1751//2476 1750//2476 1752//2476
f 1752//2477 1750//2477 1753//2477
f 1752//2478 1753//2478 1754//2478
f 1755//2479 1756//2479 1753//2479
f 1753//2479 1756//2479 1754//2479
f 1757//2480 1758//2480 1759//2480
f 1759//2481 1758//2481 1760//2481
f 1759//2482 1760//2482 1761//2482
f 1761//2483 1760//2483 1762//2483
f 1762//2484 1760//2484 1763//2484
f 1762//2485 1763//2485 1764//2485
f 1764//2486 1763//2486 1765//2486
f 1765//2487 1763//2487 1766//2487
f 1765//2488 1766//2488 1767//2488
f 1767//2489 1766//2489 1768//2489
f 1768//2490 1766//2490 1769//2490
f 1768//2491 1769//2491 1770//2491
f 1770//2492 1769//2492 1771//2492
f 1771//2493 1769//2493 1772//2493
f 1771//2494 1772//2494 1773//2494
f 1774//2495 1775//2495 1776//2495
f 1776//2495 1775//2495 1777//2495
f 1775//2496 1774//2496 1778//2496
f 1778//2497 1774//2497 1779//2497
f 1778//2498 1779//2498 1780//2498
f 1780//2499 1779//2499 1781//2499
f 1781//2500 1779//2500 1782//2500
f 1781//2501 1782//2501 1783//2501
f 1783//2502 1782//2502 1784//2502
f 1784//2503 1782//2503 1785//2503
f 1784//2504 1785//2504 1786//2504
f 1786//2505 1785//2505 1787//2505
f 1787//2506 1785//2506 1788//2506
f 1787//2507 1788//2507 1789//2507
f 1789//2508 1788//2508 1790//2508
f 1790//2509 1788//2509 1791//2509
f 1790//2510 1791//2510 1792//2510
f 1792//2511 1791//2511 1793//2511
f 1793//2512 1791//2512 1794//2512
f 1793//2513 1794//2513 1795//2513
f 1796//2514 1797//2514 1794//2514
f 1794//2514 1797//2514 1795//2514
f 1798//2515 1799//2515 1800//2515
f 1800//2516 1799//2516 1801//2516
f 1800//2517 1801//2517 1802//2517
f 1802//2518 1801//2518 1803//2518
f 1803//2519 1801//2519 1804//2519
f 1803//2520 1804//2520 1805//2520
f 1805//2521 1804//2521 1806//2521
f 1806//2522 1804//2522 1807//2522
f 1806//2523 1807//2523 1808//2523
f 1808//2524 1807//2524 1809//2524
f 1809//2525 1807//2525 1810//2525
f 1809//2526 1810//2526 1811//2526
f 1811//2527 1810//2527 1812//2527
f 1812//2528 1810//2528 1813//2528
f 1812//2529 1813//2529 1814//2529
f 1671//2530 1670//2530 1815//2530
f 1815//2530 1670//2530 1816//2530
f 1621//2531 1817//2531 1619//2531
f 1619//2531 1817//2531 1818//2531
f 1619//2350 1818//2350 1620//2350
f 1620//2350 1818//2350 1819//2350
f 1620//2532 1819//2532 1624//2532
f 1624//2532 1819//2532 1820//2532
f 1624//2533 1820//2533 1622//2533
f 1622//2533 1820//2533 1821//2533
f 1622//2363 1821//2363 1623//2363
f 1623//2363 1821//2363 1822//2363
f 1623//2534 1822//2534 1627//2534
f 1627//2534 1822//2534 1823//2534
f 1627//2535 1823//2535 1625//2535
f 1625//2535 1823//2535 1824//2535
f 1625//2358 1824//2358 1626//2358
f 1626//2358 1824//2358 1825//2358
f 1626//2536 1825//2536 1630//2536
f 1630//2536 1825//2536 1826//2536
f 1630//2537 1826//2537 1628//2537
f 1628//2537 1826//2537 1827//2537
f 1628//2355 1827//2355 1629//2355
f 1629//2355 1827//2355 1828//2355
f 1629//2538 1828//2538 1621//2538
f 1621//2538 1828//2538 1817//2538
f 1634//2531 1829//2531 1632//2531
f 1632//2531 1829//2531 1830//2531
f 1632//2350 1830//2350 1633//2350
f 1633//2350 1830//2350 1831//2350
f 1633//2532 1831//2532 1637//2532
f 1637//2532 1831//2532 1832//2532
f 1637//2533 1832//2533 1635//2533
f 1635//2533 1832//2533 1833//2533
f 1635//2363 1833//2363 1636//2363
f 1636//2363 1833//2363 1834//2363
f 1636//2534 1834//2534 1640//2534
f 1640//2534 1834//2534 1835//2534
f 1640//2535 1835//2535 1638//2535
f 1638//2535 1835//2535 1836//2535
f 1638//2358 1836//2358 1639//2358
f 1639//2358 1836//2358 1837//2358
f 1639//2536 1837//2536 1643//2536
f 1643//2536 1837//2536 1838//2536
f 1643//2537 1838//2537 1641//2537
f 1641//2537 1838//2537 1839//2537
f 1641//2355 1839//2355 1642//2355
f 1642//2355 1839//2355 1840//2355
f 1642//2538 1840//2538 1634//2538
f 1634//2538 1840//2538 1829//2538
f 1647//2531 1841//2531 1645//2531
f 1645//2531 1841//2531 1842//2531
f 1645//2350 1842//2350 1646//2350
f 1646//2350 1842//2350 1843//2350
f 1646//2532 1843//2532 1650//2532
f 1650//2532 1843//2532 1844//2532
f 1650//2533 1844//2533 1648//2533
f 1648//2533 1844//2533 1845//2533
f 1648//2363 1845//2363 1649//2363
f 1649//2363 1845//2363 1846//2363
f 1649//2534 1846//2534 1653//2534
f 1653//2534 1846//2534 1847//2534
f 1653//2535 1847//2535 1651//2535
f 1651//2535 1847//2535 1848//2535
f 1651//2358 1848//2358 1652//2358
f 1652//2358 1848//2358 1849//2358
f 1652//2536 1849//2536 1656//2536
f 1656//2536 1849//2536 1850//2536
f 1656//2537 1850//2537 1654//2537
f 1654//2537 1850//2537 1851//2537
f 1654//2355 1851//2355 1655//2355
f 1655//2355 1851//2355 1852//2355
f 1655//2538 1852//2538 1647//2538
f 1647//2538 1852//2538 1841//2538
f 1660//2531 1853//2531 1658//2531
f 1658//2531 1853//2531 1854//2531
f 1658//2350 1854//2350 1659//2350
f 1659//2350 1854//2350 1855//2350
f 1659//2532 1855//2532 1663//2532
f 1663//2532 1855//2532 1856//2532
f 1663//2533 1856//2533 1661//2533
f 1661//2533 1856//2533 1857//2533
f 1661//2363 1857//2363 1662//2363
f 1662//2363 1857//2363 1858//2363
f 1662//2534 1858//2534 1666//2534
f 1666//2534 1858//2534 1859//2534
f 1666//2535 1859//2535 1664//2535
f 1664//2535 1859//2535 1860//2535
f 1664//2358 1860//2358 1665//2358
f 1665//2358 1860//2358 1861//2358
f 1665//2536 1861//2536 1669//2536
f 1669//2536 1861//2536 1862//2536
f 1669//2537 1862//2537 1667//2537
f 1667//2537 1862//2537 1863//2537
f 1667//2355 1863//2355 1668//2355
f 1668//2355 1863//2355 1864//2355
f 1668//2538 1864//2538 1660//2538
f 1660//2538 1864//2538 1853//2538
f 1865//2539 1866//2539 1867//2539
f 1868//2540 1869//2540 1870//2540
f 1870//2541 1869//2541 1871//2541
f 1870//2542 1871//2542 1867//2542
f 1867//2543 1871//2543 1872//2543
f 1867//2544 1872//2544 1865//2544
f 1873//2545 1874//2545 1875//2545
f 1873//2546 1875//2546 1870//2546
f 1870//2547 1875//2547 1876//2547
f 1870//2548 1876//2548 1868//2548
f 1877//2549 1878//2549 1879//2549
f 1880//2550 1877//2550 1881//2550
f 1881//2551 1877//2551 1879//2551
f 1881//2552 1879//2552 1873//2552
f 1873//2553 1879//2553 1882//2553
f 1873//2554 1882//2554 1874//2554
f 1883//2555 1884//2555 1885//2555
f 1885//2556 1884//2556 1867//2556
f 1885//2557 1867//2557 1886//2557
f 1886//2558 1867//2558 1866//2558
f 1880//2559 1881//2559 1887//2559
f 1887//2560 1881//2560 1888//2560
f 1887//2561 1888//2561 1889//2561
f 1890//2562 1891//2562 1892//2562
f 1893//2562 1892//2562 1894//2562
f 1894//2562 1892//2562 1895//2562
f 1896//2562 1897//2562 1898//2562
f 1899//2562 1900//2562 1897//2562
f 1897//2562 1900//2562 1901//2562
f 1893//2563 1902//2563 1892//2563
f 1892//2562 1902//2562 1903//2562
f 1892//2562 1903//2562 1904//2562
f 1890//2562 1892//2562 1905//2562
f 1906//2562 1896//2562 1907//2562
f 1907//2562 1896//2562 1908//2562
f 1909//2562 1910//2562 1911//2562
f 1911//2562 1910//2562 1912//2562
f 1911//2562 1912//2562 1913//2562
f 1914//2563 1915//2563 1916//2563
f 1917//2563 1918//2563 1897//2563
f 1897//2562 1918//2562 1919//2562
f 1908//2562 1896//2562 1920//2562
f 1920//2562 1896//2562 1921//2562
f 1920//2562 1921//2562 1922//2562
f 1923//2562 1924//2562 1909//2562
f 1909//2562 1924//2562 1925//2562
f 1909//2562 1925//2562 1910//2562
f 1926//2562 1927//2562 1928//2562
f 1898//2562 1929//2562 1896//2562
f 1896//2562 1929//2562 1930//2562
f 1896//2563 1930//2563 1931//2563
f 1931//2562 1932//2562 1896//2562
f 1896//2562 1932//2562 1933//2562
f 1896//2562 1933//2562 1921//2562
f 1921//2563 1933//2563 1934//2563
f 1901//2562 1935//2562 1897//2562
f 1897//2562 1935//2562 1936//2562
f 1897//2563 1936//2563 1937//2563
f 1938//2562 1911//2562 1939//2562
f 1939//2562 1911//2562 1940//2562
f 1941//2562 1942//2562 1928//2562
f 1916//2562 1943//2562 1928//2562
f 1928//2562 1943//2562 1944//2562
f 1928//2562 1944//2562 1926//2562
f 1937//2562 1945//2562 1897//2562
f 1897//2562 1945//2562 1946//2562
f 1897//2562 1946//2562 1898//2562
f 1898//2563 1946//2563 1947//2563
f 1898//2563 1947//2563 1948//2563
f 1948//2562 1947//2562 1949//2562
f 1904//2562 1950//2562 1892//2562
f 1892//2562 1950//2562 1951//2562
f 1892//2562 1951//2562 1905//2562
f 1905//2562 1951//2562 1952//2562
f 1913//2562 1953//2562 1911//2562
f 1911//2562 1953//2562 1954//2562
f 1911//2562 1954//2562 1940//2562
f 1955//2562 1956//2562 1909//2562
f 1909//2562 1956//2562 1957//2562
f 1909//2562 1957//2562 1923//2562
f 1947//2563 1958//2563 1949//2563
f 1949//2563 1958//2563 1959//2563
f 1949//2563 1959//2563 1916//2563
f 1916//2563 1959//2563 1960//2563
f 1916//2562 1960//2562 1914//2562
f 1938//2563 1961//2563 1911//2563
f 1911//2562 1961//2562 1962//2562
f 1911//2563 1962//2563 1963//2563
f 1963//2563 1962//2563 1964//2563
f 1963//2563 1964//2563 1965//2563
f 1965//2562 1964//2562 1966//2562
f 1906//2563 1967//2563 1896//2563
f 1896//2562 1967//2562 1968//2562
f 1896//2562 1968//2562 1892//2562
f 1892//2562 1968//2562 1969//2562
f 1892//2562 1969//2562 1895//2562
f 1895//2562 1969//2562 1965//2562
f 1895//2562 1965//2562 1970//2562
f 1970//2562 1965//2562 1966//2562
f 1971//2562 1972//2562 1973//2562
f 1973//2562 1972//2562 1974//2562
f 1973//2562 1974//2562 1909//2562
f 1909//2562 1974//2562 1975//2562
f 1909//2562 1975//2562 1955//2562
f 1942//2562 1976//2562 1928//2562
f 1928//2562 1976//2562 1977//2562
f 1928//2562 1977//2562 1978//2562
f 1919//2562 1979//2562 1897//2562
f 1897//2562 1979//2562 1980//2562
f 1897//2562 1980//2562 1981//2562
f 1922//2562 1921//2562 1982//2562
f 1982//2563 1921//2563 1983//2563
f 1982//2562 1983//2562 1984//2562
f 1985//2562 1986//2562 1987//2562
f 1927//2562 1988//2562 1928//2562
f 1928//2562 1988//2562 1989//2562
f 1928//2563 1989//2563 1941//2563
f 1915//2562 1990//2562 1916//2562
f 1916//2562 1990//2562 1991//2562
f 1916//2562 1991//2562 1992//2562
f 1992//2562 1993//2562 1916//2562
f 1916//2562 1993//2562 1994//2562
f 1916//2562 1994//2562 1943//2562
f 1995//2562 1996//2562 1997//2562
f 1997//2562 1996//2562 1998//2562
f 1997//2562 1998//2562 1999//2562
f 1934//2562 2000//2562 1921//2562
f 1921//2562 2000//2562 1997//2562
f 1921//2562 1997//2562 2001//2562
f 2001//2562 1997//2562 1999//2562
f 2002//2562 2003//2562 1952//2562
f 1952//2562 2003//2562 2004//2562
f 1952//2562 2004//2562 1905//2562
f 2002//2562 2005//2562 2003//2562
f 2003//2562 2005//2562 2006//2562
f 2003//2562 2006//2562 2007//2562
f 1984//2562 2008//2562 1982//2562
f 1982//2562 2008//2562 2009//2562
f 1982//2562 2009//2562 2010//2562
f 2010//2562 2009//2562 2011//2562
f 2012//2562 2013//2562 1897//2562
f 1897//2562 2013//2562 2014//2562
f 1897//2562 2014//2562 1899//2562
f 1971//2562 1973//2562 1987//2562
f 1987//2562 1973//2562 2015//2562
f 1987//2562 2015//2562 1985//2562
f 1981//2562 2016//2562 1897//2562
f 1897//2562 2016//2562 2017//2562
f 1897//2562 2017//2562 2012//2562
f 2018//2562 2019//2562 2020//2562
f 2021//2562 2022//2562 2023//2562
f 2023//2562 2022//2562 2024//2562
f 1977//2562 2025//2562 1978//2562
f 1978//2562 2025//2562 2024//2562
f 1978//2562 2024//2562 2026//2562
f 2026//2562 2024//2562 2022//2562
f 2011//2562 2027//2562 2010//2562
f 2010//2562 2027//2562 2018//2562
f 2010//2562 2018//2562 2028//2562
f 2028//2562 2018//2562 2020//2562
f 2029//2562 2030//2562 2031//2562
f 2031//2563 2032//2563 2029//2563
f 2029//2562 2032//2562 2033//2562
f 2029//2562 2033//2562 1995//2562
f 1995//2562 2033//2562 2034//2562
f 1995//2562 2034//2562 1996//2562
f 1896//2564 2035//2564 2036//2564
f 2037//2565 2035//2565 1896//2565
f 1892//2566 2037//2566 1896//2566
f 1896//2567 2038//2567 1897//2567
f 2039//2568 2038//2568 1896//2568
f 2036//2569 2039//2569 1896//2569
f 1817//2562 1828//2562 2040//2562
f 2040//2562 1828//2562 2041//2562
f 1818//2562 2042//2562 1819//2562
f 1819//2562 2042//2562 2043//2562
f 2044//2563 2042//2563 2045//2563
f 2045//2562 2042//2562 1818//2562
f 2045//2562 1818//2562 2046//2562
f 2046//2563 1818//2563 1817//2563
f 2046//2562 1817//2562 2047//2562
f 2047//2562 1817//2562 2040//2562
f 1828//2562 1827//2562 2041//2562
f 2041//2562 1827//2562 1826//2562
f 2041//2562 1826//2562 2048//2562
f 2048//2562 1826//2562 1825//2562
f 2048//2563 1825//2563 2049//2563
f 2049//2562 1825//2562 2050//2562
f 1823//2562 2051//2562 1824//2562
f 1824//2562 2051//2562 2052//2562
f 1824//2562 2052//2562 1825//2562
f 1825//2562 2052//2562 2053//2562
f 1825//2562 2053//2562 2050//2562
f 1821//2562 2054//2562 1822//2562
f 1822//2562 2054//2562 2055//2562
f 1822//2563 2055//2563 1823//2563
f 1823//2562 2055//2562 2056//2562
f 1823//2562 2056//2562 2051//2562
f 2043//2563 2057//2563 1819//2563
f 1819//2562 2057//2562 2058//2562
f 1819//2562 2058//2562 1820//2562
f 1820//2562 2058//2562 2059//2562
f 1820//2562 2059//2562 1821//2562
f 1821//2562 2059//2562 2060//2562
f 1821//2562 2060//2562 2054//2562
f 1852//2562 2061//2562 2062//2562
f 1844//2562 2063//2562 1845//2562
f 1845//2562 2063//2562 2064//2562
f 1845//2562 2064//2562 1846//2562
f 1852//2562 1851//2562 2061//2562
f 2061//2562 1851//2562 2065//2562
f 2061//2562 2065//2562 2066//2562
f 1846//2562 2067//2562 1847//2562
f 1847//2562 2067//2562 2068//2562
f 1847//2562 2068//2562 1848//2562
f 1848//2562 2068//2562 2069//2562
f 1848//2562 2069//2562 1849//2562
f 1849//2562 2069//2562 2070//2562
f 1849//2562 2070//2562 1850//2562
f 1850//2562 2070//2562 2071//2562
f 1850//2562 2071//2562 1851//2562
f 1851//2562 2071//2562 2072//2562
f 1851//2562 2072//2562 2065//2562
f 1842//2562 2073//2562 1843//2562
f 1843//2562 2073//2562 2074//2562
f 1843//2563 2074//2563 1844//2563
f 1844//2562 2074//2562 2075//2562
f 1844//2562 2075//2562 2063//2562
f 2062//2563 2076//2563 1852//2563
f 1852//2562 2076//2562 2077//2562
f 1852//2562 2077//2562 1841//2562
f 1841//2562 2077//2562 2078//2562
f 1841//2562 2078//2562 1842//2562
f 1842//2562 2078//2562 2079//2562
f 1842//2562 2079//2562 2073//2562
f 2064//2562 2080//2562 1846//2562
f 1846//2562 2080//2562 2081//2562
f 1846//2562 2081//2562 2067//2562
f 2067//2562 2081//2562 2082//2562
f 2067//2562 2082//2562 2083//2562
f 2050//2562 2084//2562 2049//2562
f 2049//2563 2084//2563 2085//2563
f 2049//2562 2085//2562 2086//2562
f 2086//2562 2085//2562 2087//2562
f 2086//2563 2087//2563 2088//2563
f 2088//2563 2087//2563 2089//2563
f 2088//2563 2089//2563 2090//2563
f 2090//2562 2089//2562 2091//2562
f 2090//2562 2091//2562 2065//2562
f 2065//2563 2091//2563 2092//2563
f 2065//2562 2092//2562 2066//2562
f 1836//2562 2093//2562 1837//2562
f 1837//2562 2093//2562 2094//2562
f 1829//2562 2095//2562 1830//2562
f 1830//2562 2095//2562 2096//2562
f 1830//2562 2096//2562 1831//2562
f 1831//2562 2096//2562 2097//2562
f 1831//2562 2097//2562 2098//2562
f 1839//2562 2099//2562 1840//2562
f 1840//2562 2099//2562 2100//2562
f 1840//2563 2100//2563 1829//2563
f 1829//2562 2100//2562 2101//2562
f 1829//2562 2101//2562 2095//2562
f 2102//2562 2103//2562 2104//2562
f 2104//2562 2103//2562 2105//2562
f 2102//2562 2093//2562 2103//2562
f 2103//2562 2093//2562 1836//2562
f 2103//2562 1836//2562 2106//2562
f 2106//2562 1836//2562 1835//2562
f 2106//2563 1835//2563 2107//2563
f 2107//2562 1835//2562 1834//2562
f 2107//2563 1834//2563 2108//2563
f 2108//2562 1834//2562 1833//2562
f 2108//2562 1833//2562 2109//2562
f 2109//2563 1833//2563 1832//2563
f 2109//2562 1832//2562 2110//2562
f 2110//2562 1832//2562 1831//2562
f 2110//2562 1831//2562 2111//2562
f 2111//2562 1831//2562 2098//2562
f 2094//2563 2112//2563 1837//2563
f 1837//2562 2112//2562 2113//2562
f 1837//2562 2113//2562 1838//2562
f 1838//2562 2113//2562 2114//2562
f 1838//2562 2114//2562 1839//2562
f 1839//2562 2114//2562 2115//2562
f 1839//2562 2115//2562 2099//2562
f 2082//2563 2116//2563 2083//2563
f 2083//2562 2116//2562 2117//2562
f 2083//2562 2117//2562 2118//2562
f 2118//2562 2117//2562 2119//2562
f 2118//2562 2119//2562 2105//2562
f 2105//2562 2119//2562 2120//2562
f 2105//2562 2120//2562 2104//2562
f 1860//2562 2121//2562 1861//2562
f 1861//2562 2121//2562 2122//2562
f 1861//2563 2122//2563 1862//2563
f 1858//2562 2123//2562 2124//2562
f 2125//2562 2126//2562 1864//2562
f 1864//2562 2126//2562 2127//2562
f 1864//2563 2127//2563 1853//2563
f 1853//2562 2127//2562 2128//2562
f 1853//2562 2128//2562 1854//2562
f 1854//2562 2128//2562 2129//2562
f 1854//2562 2129//2562 1855//2562
f 1855//2562 2129//2562 2130//2562
f 1855//2562 2130//2562 1856//2562
f 1858//2562 1857//2562 2123//2562
f 2123//2562 1857//2562 2131//2562
f 2123//2562 2131//2562 2132//2562
f 1856//2563 2130//2563 1857//2563
f 1857//2562 2130//2562 2133//2562
f 1857//2563 2133//2563 2131//2563
f 2122//2562 2134//2562 1862//2562
f 1862//2562 2134//2562 2135//2562
f 1862//2562 2135//2562 1863//2562
f 1863//2562 2135//2562 2136//2562
f 1863//2562 2136//2562 1864//2562
f 1864//2562 2136//2562 2137//2562
f 1864//2562 2137//2562 2125//2562
f 2124//2563 2138//2563 1858//2563
f 1858//2562 2138//2562 2139//2562
f 1858//2562 2139//2562 1859//2562
f 1859//2562 2139//2562 2140//2562
f 1859//2562 2140//2562 1860//2562
f 1860//2562 2140//2562 2141//2562
f 1860//2562 2141//2562 2121//2562
f 2125//2563 2142//2563 2126//2563
f 2126//2562 2142//2562 2143//2562
f 2126//2562 2143//2562 2144//2562
f 2144//2562 2143//2562 2145//2562
f 2144//2562 2145//2562 2146//2562
f 2146//2562 2145//2562 2147//2562
f 2146//2562 2147//2562 2148//2562
f 2148//2562 2147//2562 2149//2562
f 2148//2563 2149//2563 2045//2563
f 2045//2563 2149//2563 2150//2563
f 2045//2562 2150//2562 2044//2562
f 2098//2562 2151//2562 2111//2562
f 2111//2562 2151//2562 2152//2562
f 2111//2562 2152//2562 2153//2562
f 2153//2562 2152//2562 2154//2562
f 2153//2562 2154//2562 2155//2562
f 2155//2562 2154//2562 2156//2562
f 2155//2563 2156//2563 2157//2563
f 2157//2562 2156//2562 2158//2562
f 2157//2562 2158//2562 2131//2562
f 2131//2562 2158//2562 2159//2562
f 2131//2563 2159//2563 2132//2563
f 1917//2570 1897//2570 2038//2570
f 2160//2571 2161//2571 1878//2571
f 1878//2572 2161//2572 2162//2572
f 1878//2573 2162//2573 1879//2573
f 1879//2574 2162//2574 2163//2574
f 1879//2575 2163//2575 1882//2575
f 1882//2576 2163//2576 2164//2576
f 1882//2577 2164//2577 1874//2577
f 2160//2578 2165//2578 2161//2578
f 2161//2579 2165//2579 2166//2579
f 2161//2580 2166//2580 2167//2580
f 2167//2581 2168//2581 2161//2581
f 2161//2582 2168//2582 1917//2582
f 2161//2583 1917//2583 2169//2583
f 2169//2584 1917//2584 2038//2584
f 2169//2585 2038//2585 2170//2585
f 2170//2586 2038//2586 2171//2586
f 2171//2587 2038//2587 2039//2587
f 2171//2588 2039//2588 2172//2588
f 2036//2589 2173//2589 2039//2589
f 2039//2590 2173//2590 2174//2590
f 2039//2591 2174//2591 2172//2591
f 2035//2592 2175//2592 2036//2592
f 2036//2593 2175//2593 2176//2593
f 2036//2594 2176//2594 2173//2594
f 2037//2595 2177//2595 2035//2595
f 2035//2596 2177//2596 2178//2596
f 2035//2597 2178//2597 2175//2597
f 2037//2598 1892//2598 1891//2598
f 2179//2599 2180//2599 1891//2599
f 1891//2600 2180//2600 2181//2600
f 1891//2601 2181//2601 2037//2601
f 2037//2602 2181//2602 2182//2602
f 2037//2603 2182//2603 2177//2603
f 2179//2604 2183//2604 2180//2604
f 2180//2605 2183//2605 2184//2605
f 2180//2606 2184//2606 1865//2606
f 2164//2607 2185//2607 1874//2607
f 1874//2608 2185//2608 2186//2608
f 1874//2609 2186//2609 1875//2609
f 1875//2610 2186//2610 2187//2610
f 1875//2611 2187//2611 1876//2611
f 1876//2612 2187//2612 2188//2612
f 1876//2613 2188//2613 1868//2613
f 1868//2614 2188//2614 2189//2614
f 1868//2615 2189//2615 1869//2615
f 1869//2616 2189//2616 2190//2616
f 1869//2617 2190//2617 1871//2617
f 1871//2618 2190//2618 2191//2618
f 1871//2619 2191//2619 1872//2619
f 1872//2620 2191//2620 2192//2620
f 1872//2621 2192//2621 1865//2621
f 1865//2622 2192//2622 2193//2622
f 1865//2623 2193//2623 2180//2623
f 2182//2624 2181//2624 2194//2624
f 2182//2625 2194//2625 2177//2625
f 2195//2626 2196//2626 2173//2626
f 2173//2627 2176//2627 2195//2627
f 2195//2628 2176//2628 2175//2628
f 2195//2629 2175//2629 2194//2629
f 2194//2630 2175//2630 2178//2630
f 2194//2631 2178//2631 2177//2631
f 2180//2632 2193//2632 2197//2632
f 2197//2633 2193//2633 2192//2633
f 2197//2634 2192//2634 2191//2634
f 2191//2635 2190//2635 2197//2635
f 2197//2636 2190//2636 2189//2636
f 2197//2637 2189//2637 2198//2637
f 2198//2638 2189//2638 2188//2638
f 2163//2639 2162//2639 2199//2639
f 2163//2640 2199//2640 2164//2640
f 2188//2641 2187//2641 2198//2641
f 2198//2642 2187//2642 2186//2642
f 2198//2643 2186//2643 2199//2643
f 2199//2644 2186//2644 2185//2644
f 2199//2645 2185//2645 2164//2645
f 2162//2646 2161//2646 2200//2646
f 2200//2647 2161//2647 2169//2647
f 2169//2648 2170//2648 2200//2648
f 2200//2649 2170//2649 2171//2649
f 2200//2650 2171//2650 2201//2650
f 2201//2651 2171//2651 2172//2651
f 2201//2652 2172//2652 2196//2652
f 2196//2653 2172//2653 2174//2653
f 2196//2654 2174//2654 2173//2654
f 2202//2655 2203//2655 2204//2655
f 2204//2656 2205//2656 2202//2656
f 2202//2657 2205//2657 2206//2657
f 2202//2658 2206//2658 2207//2658
f 2206//2659 2208//2659 2207//2659
f 2207//2660 2208//2660 2209//2660
f 2207//2661 2209//2661 2210//2661
f 2209//2662 2211//2662 2210//2662
f 2210//2663 2211//2663 2212//2663
f 2210//2664 2212//2664 2213//2664
f 2212//2665 2214//2665 2213//2665
f 2213//2666 2214//2666 2215//2666
f 2213//2667 2215//2667 2216//2667
f 2215//2668 2217//2668 2216//2668
f 2216//2669 2217//2669 2218//2669
f 2216//2670 2218//2670 2219//2670
f 2218//2671 2220//2671 2219//2671
f 2219//2672 2220//2672 2221//2672
f 2219//2673 2221//2673 2222//2673
f 2221//2674 2223//2674 2222//2674
f 2222//2675 2223//2675 2224//2675
f 2222//2676 2224//2676 2225//2676
f 2224//2677 2226//2677 2225//2677
f 2225//2678 2226//2678 2227//2678
f 2225//2679 2227//2679 2228//2679
f 2227//2680 2229//2680 2228//2680
f 2228//2681 2229//2681 2230//2681
f 2228//2682 2230//2682 2231//2682
f 2230//2683 2232//2683 2231//2683
f 2231//2684 2232//2684 2233//2684
f 2231//2685 2233//2685 2234//2685
f 2233//2686 2235//2686 2234//2686
f 2234//2687 2235//2687 2236//2687
f 2234//2688 2236//2688 2237//2688
f 2236//2689 2238//2689 2237//2689
f 2237//2690 2238//2690 2239//2690
f 2237//2691 2239//2691 2240//2691
f 2239//2692 2241//2692 2240//2692
f 2240//2693 2241//2693 2242//2693
f 2240//2694 2242//2694 2243//2694
f 2242//2695 2244//2695 2243//2695
f 2243//2696 2244//2696 2245//2696
f 2243//2697 2245//2697 2246//2697
f 2245//2698 2247//2698 2246//2698
f 2246//2699 2247//2699 2248//2699
f 2246//2700 2248//2700 2249//2700
f 2248//2701 2250//2701 2249//2701
f 2249//2702 2250//2702 2251//2702
f 2249//2703 2251//2703 2252//2703
f 2251//2704 2253//2704 2252//2704
f 2252//2705 2253//2705 2254//2705
f 2252//2706 2254//2706 2255//2706
f 2255//2707 2254//2707 2256//2707
f 2255//2708 2256//2708 2257//2708
f 2257//2709 2256//2709 2258//2709
f 2257//2710 2258//2710 2259//2710
f 2258//2711 2260//2711 2259//2711
f 2259//2712 2260//2712 2261//2712
f 2259//2713 2261//2713 2262//2713
f 2261//2714 2263//2714 2262//2714
f 2262//2715 2263//2715 2264//2715
f 2262//2716 2264//2716 2265//2716
f 2264//2717 2266//2717 2265//2717
f 2265//2718 2266//2718 2267//2718
f 2265//2719 2267//2719 2268//2719
f 2267//2720 2269//2720 2268//2720
f 2268//2721 2269//2721 2270//2721
f 2268//2722 2270//2722 2271//2722
f 2270//2723 2272//2723 2271//2723
f 2271//2724 2272//2724 2273//2724
f 2271//2725 2273//2725 2274//2725
f 2273//2726 2275//2726 2274//2726
f 2274//2727 2275//2727 2276//2727
f 2274//2728 2276//2728 2277//2728
f 2276//2729 2278//2729 2277//2729
f 2277//2730 2278//2730 2279//2730
f 2277//2731 2279//2731 2280//2731
f 2181//2732 2180//2732 2194//2732
f 2194//2733 2180//2733 2197//2733
f 2194//2734 2197//2734 2281//2734
f 2281//2735 2197//2735 2280//2735
f 2281//2736 2280//2736 2282//2736
f 2282//2737 2280//2737 2279//2737
f 2162//2738 2200//2738 2199//2738
f 2199//2739 2200//2739 2283//2739
f 2199//2740 2283//2740 2284//2740
f 2283//2741 2285//2741 2284//2741
f 2284//2742 2285//2742 2286//2742
f 2284//2743 2286//2743 2287//2743
f 2286//2744 2288//2744 2287//2744
f 2287//2745 2288//2745 2289//2745
f 2287//2746 2289//2746 2290//2746
f 2289//2747 2291//2747 2290//2747
f 2290//2748 2291//2748 2292//2748
f 2290//2749 2292//2749 2293//2749
f 2292//2750 2294//2750 2293//2750
f 2293//2751 2294//2751 2295//2751
f 2293//2752 2295//2752 2296//2752
f 2295//2753 2297//2753 2296//2753
f 2296//2754 2297//2754 2298//2754
f 2296//2755 2298//2755 2299//2755
f 2298//2756 2300//2756 2299//2756
f 2299//2757 2300//2757 2301//2757
f 2299//2758 2301//2758 2302//2758
f 2301//2759 2303//2759 2302//2759
f 2302//2760 2303//2760 2304//2760
f 2302//2761 2304//2761 2203//2761
f 2203//2762 2304//2762 2305//2762
f 2203//2763 2305//2763 2204//2763
f 1583//2316 2306//2316 1585//2316
f 1585//2316 2306//2316 2307//2316
f 1585//2316 2307//2316 1587//2316
f 1587//2316 2307//2316 2308//2316
f 1587//2315 2308//2315 1589//2315
f 1589//2316 2308//2316 2309//2316
f 1589//2316 2309//2316 1591//2316
f 1547//2316 2310//2316 1549//2316
f 1549//2316 2310//2316 2311//2316
f 1549//2316 2311//2316 1551//2316
f 1551//2316 2311//2316 2312//2316
f 1551//2315 2312//2315 1553//2315
f 1553//2316 2312//2316 2313//2316
f 1553//2316 2313//2316 1555//2316
f 2309//2316 2314//2316 1591//2316
f 1591//2316 2314//2316 2315//2316
f 1591//2316 2315//2316 1593//2316
f 1593//2316 2315//2316 2316//2316
f 1593//2315 2316//2315 1595//2315
f 1595//2316 2316//2316 2317//2316
f 1595//2316 2317//2316 1597//2316
f 1597//2316 2317//2316 2318//2316
f 1597//2316 2318//2316 1541//2316
f 1561//2316 2319//2316 1563//2316
f 1563//2316 2319//2316 2320//2316
f 1563//2316 2320//2316 1565//2316
f 1565//2316 2320//2316 2321//2316
f 1565//2316 2321//2316 1567//2316
f 1567//2316 2321//2316 2322//2316
f 1567//2316 2322//2316 1569//2316
f 2313//2316 2323//2316 1555//2316
f 1555//2316 2323//2316 2324//2316
f 1555//2316 2324//2316 1557//2316
f 1557//2316 2324//2316 2325//2316
f 1557//2316 2325//2316 1559//2316
f 1559//2316 2325//2316 2326//2316
f 1559//2316 2326//2316 1561//2316
f 1561//2316 2326//2316 2327//2316
f 1561//2316 2327//2316 2319//2316
f 2318//2316 2328//2316 1541//2316
f 1541//2316 2328//2316 2329//2316
f 1541//2315 2329//2315 1543//2315
f 1543//2316 2329//2316 2330//2316
f 1543//2316 2330//2316 1545//2316
f 1545//2316 2330//2316 2331//2316
f 1545//2316 2331//2316 1547//2316
f 1547//2316 2331//2316 2332//2316
f 1547//2316 2332//2316 2310//2316
f 1577//2316 2333//2316 1579//2316
f 1579//2316 2333//2316 2334//2316
f 1579//2316 2334//2316 1581//2316
f 1581//2316 2334//2316 2335//2316
f 1581//2315 2335//2315 1583//2315
f 1583//2316 2335//2316 2336//2316
f 1583//2316 2336//2316 2306//2316
f 2322//2316 2337//2316 1569//2316
f 1569//2316 2337//2316 2338//2316
f 1569//2316 2338//2316 1571//2316
f 1571//2316 2338//2316 2339//2316
f 1571//2316 2339//2316 1573//2316
f 1573//2315 2339//2315 2340//2315
f 1573//2316 2340//2316 1575//2316
f 1575//2316 2340//2316 2341//2316
f 1575//2316 2341//2316 1577//2316
f 1577//2316 2341//2316 2342//2316
f 1577//2316 2342//2316 2333//2316
f 1498//2764 1509//2764 1483//2764
f 1483//2765 1509//2765 1526//2765
f 1483//2766 1526//2766 1484//2766
f 1484//2767 1526//2767 1525//2767
f 1484//2768 1525//2768 1485//2768
f 1485//2769 1525//2769 1523//2769
f 1485//2770 1523//2770 1486//2770
f 1486//2771 1523//2771 1521//2771
f 1486//2772 1521//2772 1487//2772
f 1487//2773 1521//2773 1520//2773
f 1487//2774 1520//2774 1488//2774
f 1488//2775 1520//2775 1506//2775
f 1488//2776 1506//2776 1489//2776
f 1489//2777 1506//2777 1504//2777
f 1489//2778 1504//2778 1490//2778
f 1490//2779 1504//2779 1502//2779
f 1490//2780 1502//2780 1491//2780
f 1491//2781 1502//2781 1500//2781
f 1491//2782 1500//2782 1492//2782
f 1492//2783 1500//2783 1519//2783
f 1492//2784 1519//2784 1493//2784
f 1493//2785 1519//2785 1518//2785
f 1493//2786 1518//2786 1494//2786
f 1494//2787 1518//2787 1516//2787
f 1494//2788 1516//2788 1495//2788
f 1495//2789 1516//2789 1514//2789
f 1495//2790 1514//2790 1496//2790
f 1496//2791 1514//2791 1513//2791
f 1496//2792 1513//2792 1497//2792
f 1497//2793 1513//2793 1511//2793
f 1497//2794 1511//2794 1498//2794
f 1498//2795 1511//2795 1509//2795
f 1605//2796 1463//2796 1604//2796
f 1604//2797 1463//2797 1461//2797
f 1604//2798 1461//2798 1603//2798
f 1603//2799 1461//2799 1459//2799
f 1603//2800 1459//2800 1609//2800
f 1609//2801 1459//2801 1457//2801
f 1609//2802 1457//2802 1608//2802
f 1608//2803 1457//2803 1607//2803
f 1607//2804 1457//2804 1455//2804
f 1607//2805 1455//2805 1606//2805
f 1606//2806 1455//2806 1453//2806
f 1606//2807 1453//2807 1600//2807
f 1600//2808 1453//2808 1451//2808
f 1600//2809 1451//2809 1599//2809
f 1599//2810 1451//2810 1449//2810
f 1599//2811 1449//2811 1598//2811
f 1598//2812 1449//2812 1447//2812
f 1598//2813 1447//2813 1602//2813
f 1602//2814 1447//2814 1445//2814
f 1602//2815 1445//2815 1601//2815
f 1601//2816 1445//2816 1443//2816
f 1601//2817 1443//2817 1611//2817
f 1611//2818 1443//2818 1441//2818
f 1611//2819 1441//2819 1610//2819
f 1610//2820 1441//2820 1439//2820
f 1610//2821 1439//2821 1613//2821
f 1613//2822 1439//2822 1437//2822
f 1613//2823 1437//2823 1612//2823
f 1612//2824 1437//2824 1435//2824
f 1612//2825 1435//2825 1617//2825
f 1617//2826 1435//2826 1433//2826
f 1617//2826 1433//2826 1616//2826
f 1616//2827 1433//2827 1431//2827
f 1616//2828 1431//2828 1615//2828
f 1615//2829 1431//2829 1429//2829
f 1615//2830 1429//2830 1614//2830
f 1614//2831 1429//2831 1428//2831
f 1614//2832 1428//2832 1605//2832
f 1605//2833 1428//2833 1465//2833
f 1605//2834 1465//2834 1463//2834
f 1797//2835 1796//2835 2343//2835
f 2343//2836 1796//2836 2344//2836
f 2343//2837 2344//2837 2345//2837
f 2345//2838 2344//2838 2346//2838
f 2346//2839 2344//2839 2347//2839
f 2346//2840 2347//2840 2348//2840
f 2348//2841 2347//2841 2349//2841
f 2349//2842 2347//2842 1799//2842
f 2349//2843 1799//2843 1798//2843
f 1773//2844 1772//2844 2350//2844
f 2350//2845 1772//2845 2351//2845
f 2350//2846 2351//2846 2352//2846
f 2352//2847 2351//2847 2353//2847
f 2353//2848 2351//2848 2354//2848
f 2353//2849 2354//2849 2355//2849
f 2355//2850 2354//2850 2356//2850
f 2356//2851 2354//2851 1776//2851
f 2356//2852 1776//2852 1777//2852
f 1756//2853 1755//2853 2357//2853
f 2357//2854 1755//2854 2358//2854
f 2357//2855 2358//2855 2359//2855
f 2359//2856 2358//2856 2360//2856
f 2360//2857 2358//2857 2361//2857
f 2360//2858 2361//2858 2362//2858
f 2362//2859 2361//2859 2363//2859
f 2363//2860 2361//2860 1758//2860
f 2363//2861 1758//2861 1757//2861
f 1732//2862 1731//2862 2364//2862
f 2364//2863 1731//2863 2365//2863
f 2364//2864 2365//2864 2366//2864
f 2366//2865 2365//2865 2367//2865
f 2367//2866 2365//2866 2368//2866
f 2367//2867 2368//2867 2369//2867
f 2369//2868 2368//2868 2370//2868
f 2370//2869 2368//2869 1735//2869
f 2370//2870 1735//2870 1736//2870
f 1691//2871 1690//2871 2371//2871
f 2371//2872 1690//2872 2372//2872
f 2371//2873 2372//2873 2373//2873
f 2373//2874 2372//2874 2374//2874
f 2374//2875 2372//2875 2375//2875
f 2374//2876 2375//2876 2376//2876
f 2376//2877 2375//2877 2377//2877
f 2377//2878 2375//2878 1884//2878
f 2377//2879 1884//2879 1883//2879
f 1814//2880 1813//2880 2378//2880
f 2378//2881 1813//2881 2379//2881
f 2378//2882 2379//2882 2380//2882
f 2380//2883 2379//2883 2381//2883
f 2381//2884 2379//2884 2382//2884
f 2381//2885 2382//2885 2383//2885
f 2383//2886 2382//2886 2384//2886
f 2384//2887 2382//2887 1815//2887
f 2384//2888 1815//2888 1816//2888
f 1715//2889 1714//2889 2385//2889
f 2385//2890 1714//2890 2386//2890
f 2385//2891 2386//2891 2387//2891
f 2387//2892 2386//2892 2388//2892
f 2388//2893 2386//2893 2389//2893
f 2388//2894 2389//2894 2390//2894
f 2390//2895 2389//2895 2391//2895
f 2391//2896 2389//2896 1717//2896
f 2391//2897 1717//2897 1716//2897
f 1889//2898 1888//2898 2392//2898
f 2392//2899 1888//2899 2393//2899
f 2392//2900 2393//2900 2394//2900
f 2394//2901 2393//2901 2395//2901
f 2395//2902 2393//2902 2396//2902
f 2395//2903 2396//2903 2397//2903
f 2397//2904 2396//2904 2398//2904
f 2398//2905 2396//2905 1694//2905
f 2398//2906 1694//2906 1695//2906
f 2160//2907 1878//2907 1877//2907
f 2160//2908 1877//2908 2165//2908
f 2167//2909 2166//2909 2399//2909
f 2400//2910 1980//2910 2401//2910
f 2401//2911 1980//2911 1979//2911
f 2401//2912 1979//2912 2402//2912
f 2402//2913 1979//2913 1919//2913
f 2402//2914 1919//2914 2403//2914
f 2403//2915 1919//2915 1918//2915
f 2403//2916 1918//2916 2168//2916
f 2168//2917 1918//2917 1917//2917
f 2404//2918 2400//2918 2405//2918
f 2405//2919 2400//2919 2401//2919
f 2405//2920 2401//2920 2406//2920
f 2406//2921 2401//2921 2402//2921
f 2406//2922 2402//2922 2399//2922
f 2399//2923 2402//2923 2403//2923
f 2399//2924 2403//2924 2167//2924
f 2167//2925 2403//2925 2168//2925
f 1889//2926 2404//2926 1887//2926
f 1887//2927 2404//2927 2405//2927
f 1887//2928 2405//2928 1880//2928
f 1880//2929 2405//2929 2406//2929
f 1880//2930 2406//2930 1877//2930
f 1877//2931 2406//2931 2399//2931
f 1877//2932 2399//2932 2165//2932
f 2165//2933 2399//2933 2166//2933
f 2407//2934 2014//2934 2408//2934
f 2408//2935 2014//2935 2013//2935
f 2408//2936 2013//2936 2409//2936
f 2409//2937 2013//2937 2012//2937
f 2409//2938 2012//2938 2410//2938
f 2410//2939 2012//2939 2017//2939
f 2410//2940 2017//2940 2411//2940
f 2411//2941 2017//2941 2016//2941
f 2411//2942 2016//2942 2412//2942
f 2412//2943 2016//2943 1981//2943
f 2412//2944 1981//2944 2400//2944
f 2400//2945 1981//2945 1980//2945
f 2413//2946 2407//2946 2414//2946
f 2414//2947 2407//2947 2408//2947
f 2414//2948 2408//2948 2415//2948
f 2415//2949 2408//2949 2409//2949
f 2415//2950 2409//2950 2416//2950
f 2416//2951 2409//2951 2410//2951
f 2416//2952 2410//2952 2417//2952
f 2417//2953 2410//2953 2411//2953
f 2417//2954 2411//2954 2418//2954
f 2418//2955 2411//2955 2412//2955
f 2418//2956 2412//2956 2404//2956
f 2404//2957 2412//2957 2400//2957
f 1695//2958 2413//2958 2398//2958
f 2398//2959 2413//2959 2414//2959
f 2398//2960 2414//2960 2397//2960
f 2397//2961 2414//2961 2415//2961
f 2397//2962 2415//2962 2395//2962
f 2395//2963 2415//2963 2416//2963
f 2395//2964 2416//2964 2394//2964
f 2394//2965 2416//2965 2417//2965
f 2394//2966 2417//2966 2392//2966
f 2392//2967 2417//2967 2418//2967
f 2392//2968 2418//2968 1889//2968
f 1889//2969 2418//2969 2404//2969
f 1899//2970 2014//2970 2419//2970
f 2419//2971 2014//2971 2407//2971
f 2419//2972 2407//2972 2420//2972
f 2420//2973 2407//2973 2413//2973
f 2420//2974 2413//2974 1693//2974
f 1693//2975 2413//2975 1695//2975
f 2420//2976 1693//2976 2421//2976
f 2421//2977 1693//2977 1696//2977
f 2421//2978 1696//2978 2422//2978
f 2422//2979 1696//2979 1698//2979
f 2422//2980 1698//2980 2423//2980
f 2423//2981 1698//2981 1699//2981
f 2423//2982 1699//2982 2424//2982
f 2424//2983 1699//2983 1701//2983
f 2424//2984 1701//2984 2425//2984
f 2425//2985 1701//2985 1702//2985
f 2425//2986 1702//2986 2426//2986
f 2426//2987 1702//2987 1704//2987
f 2426//2988 1704//2988 2427//2988
f 2427//2989 1704//2989 1705//2989
f 2427//2990 1705//2990 2428//2990
f 2428//2991 1705//2991 1707//2991
f 2428//2992 1707//2992 2429//2992
f 2429//2993 1707//2993 1708//2993
f 2429//2994 1708//2994 2430//2994
f 2430//2995 1708//2995 1710//2995
f 2430//2996 1710//2996 2431//2996
f 2431//2997 1710//2997 1711//2997
f 2431//2998 1711//2998 2432//2998
f 2432//2999 1711//2999 1713//2999
f 2419//3000 2420//3000 2433//3000
f 2433//3001 2420//3001 2421//3001
f 2433//3002 2421//3002 2434//3002
f 2434//3003 2421//3003 2422//3003
f 2434//3004 2422//3004 2435//3004
f 2435//3005 2422//3005 2423//3005
f 2435//3006 2423//3006 2436//3006
f 2436//3007 2423//3007 2424//3007
f 2436//3008 2424//3008 2437//3008
f 2437//3009 2424//3009 2425//3009
f 2437//3010 2425//3010 2438//3010
f 2438//3011 2425//3011 2426//3011
f 2438//3012 2426//3012 2439//3012
f 2439//3013 2426//3013 2427//3013
f 2439//3014 2427//3014 2440//3014
f 2440//3015 2427//3015 2428//3015
f 2440//3016 2428//3016 2441//3016
f 2441//3017 2428//3017 2429//3017
f 2441//3018 2429//3018 2442//3018
f 2442//3019 2429//3019 2430//3019
f 2442//3020 2430//3020 2443//3020
f 2443//3021 2430//3021 2431//3021
f 2443//3022 2431//3022 2444//3022
f 2444//3023 2431//3023 2432//3023
f 1899//3024 2419//3024 1900//3024
f 1900//3025 2419//3025 2433//3025
f 1900//3026 2433//3026 1901//3026
f 1901//3027 2433//3027 2434//3027
f 1901//3028 2434//3028 1935//3028
f 1935//3029 2434//3029 2435//3029
f 1935//3030 2435//3030 1936//3030
f 1936//3031 2435//3031 2436//3031
f 1936//3032 2436//3032 1937//3032
f 1937//3033 2436//3033 2437//3033
f 1937//3034 2437//3034 1945//3034
f 1945//3035 2437//3035 2438//3035
f 1945//3036 2438//3036 1946//3036
f 1946//3037 2438//3037 2439//3037
f 1946//3038 2439//3038 1947//3038
f 1947//3039 2439//3039 2440//3039
f 1947//3040 2440//3040 1958//3040
f 1958//3041 2440//3041 2441//3041
f 1958//3042 2441//3042 1959//3042
f 1959//3043 2441//3043 2442//3043
f 1959//3044 2442//3044 1960//3044
f 1960//3045 2442//3045 2443//3045
f 1960//3046 2443//3046 1914//3046
f 1914//3047 2443//3047 2444//3047
f 1915//3048 1914//3048 2445//3048
f 2445//3049 1914//3049 2444//3049
f 2445//3050 2444//3050 2446//3050
f 2446//3051 2444//3051 2432//3051
f 2446//3052 2432//3052 1715//3052
f 1715//3053 2432//3053 1713//3053
f 2447//3054 1943//3054 2448//3054
f 2448//3055 1943//3055 1994//3055
f 2448//3056 1994//3056 2449//3056
f 2449//3057 1994//3057 1993//3057
f 2449//3058 1993//3058 2450//3058
f 2450//3059 1993//3059 1992//3059
f 2450//3060 1992//3060 2451//3060
f 2451//3061 1992//3061 1991//3061
f 2451//3062 1991//3062 2452//3062
f 2452//3063 1991//3063 1990//3063
f 2452//3064 1990//3064 2445//3064
f 2445//3065 1990//3065 1915//3065
f 2453//3066 2447//3066 2454//3066
f 2454//3067 2447//3067 2448//3067
f 2454//3068 2448//3068 2455//3068
f 2455//3069 2448//3069 2449//3069
f 2455//3070 2449//3070 2456//3070
f 2456//3071 2449//3071 2450//3071
f 2456//3072 2450//3072 2457//3072
f 2457//3073 2450//3073 2451//3073
f 2457//3074 2451//3074 2458//3074
f 2458//3075 2451//3075 2452//3075
f 2458//3076 2452//3076 2446//3076
f 2446//3077 2452//3077 2445//3077
f 1716//3078 2453//3078 2391//3078
f 2391//3079 2453//3079 2454//3079
f 2391//3080 2454//3080 2390//3080
f 2390//3081 2454//3081 2455//3081
f 2390//3082 2455//3082 2388//3082
f 2388//3083 2455//3083 2456//3083
f 2388//3084 2456//3084 2387//3084
f 2387//3085 2456//3085 2457//3085
f 2387//3086 2457//3086 2385//3086
f 2385//3087 2457//3087 2458//3087
f 2385//3088 2458//3088 1715//3088
f 1715//3089 2458//3089 2446//3089
f 2459//3090 2025//3090 2460//3090
f 2460//3091 2025//3091 1977//3091
f 2460//3092 1977//3092 2461//3092
f 2461//3093 1977//3093 1976//3093
f 2461//3094 1976//3094 2462//3094
f 2462//3095 1976//3095 1942//3095
f 2462//3096 1942//3096 2463//3096
f 2463//3097 1942//3097 1941//3097
f 2463//3098 1941//3098 2464//3098
f 2464//3099 1941//3099 1989//3099
f 2464//3100 1989//3100 2465//3100
f 2465//3101 1989//3101 1988//3101
f 2465//3102 1988//3102 2466//3102
f 2466//3103 1988//3103 1927//3103
f 2466//3104 1927//3104 2467//3104
f 2467//3105 1927//3105 1926//3105
f 2467//3106 1926//3106 2468//3106
f 2468//3107 1926//3107 1944//3107
f 2468//3108 1944//3108 2447//3108
f 2447//3109 1944//3109 1943//3109
f 2469//3110 2459//3110 2470//3110
f 2470//3111 2459//3111 2460//3111
f 2470//3112 2460//3112 2471//3112
f 2471//3113 2460//3113 2461//3113
f 2471//3114 2461//3114 2472//3114
f 2472//3115 2461//3115 2462//3115
f 2472//3116 2462//3116 2473//3116
f 2473//3117 2462//3117 2463//3117
f 2473//3118 2463//3118 2474//3118
f 2474//3119 2463//3119 2464//3119
f 2474//3120 2464//3120 2475//3120
f 2475//3121 2464//3121 2465//3121
f 2475//3122 2465//3122 2476//3122
f 2476//3123 2465//3123 2466//3123
f 2476//3124 2466//3124 2477//3124
f 2477//3125 2466//3125 2467//3125
f 2477//3126 2467//3126 2478//3126
f 2478//3127 2467//3127 2468//3127
f 2478//3128 2468//3128 2453//3128
f 2453//3129 2468//3129 2447//3129
f 1732//3130 2469//3130 1730//3130
f 1730//3131 2469//3131 2470//3131
f 1730//3132 2470//3132 1729//3132
f 1729//3133 2470//3133 2471//3133
f 1729//3134 2471//3134 1727//3134
f 1727//3135 2471//3135 2472//3135
f 1727//3136 2472//3136 1726//3136
f 1726//3137 2472//3137 2473//3137
f 1726//3138 2473//3138 1724//3138
f 1724//3139 2473//3139 2474//3139
f 1724//3140 2474//3140 1723//3140
f 1723//3141 2474//3141 2475//3141
f 1723//3142 2475//3142 1721//3142
f 1721//3143 2475//3143 2476//3143
f 1721//3144 2476//3144 1720//3144
f 1720//3145 2476//3145 2477//3145
f 1720//3146 2477//3146 1718//3146
f 1718//3147 2477//3147 2478//3147
f 1718//3148 2478//3148 1716//3148
f 1716//3149 2478//3149 2453//3149
f 2479//3150 1978//3150 2480//3150
f 2480//3151 1978//3151 2026//3151
f 2480//3152 2026//3152 2481//3152
f 2481//3153 2026//3153 2022//3153
f 2481//3154 2022//3154 2482//3154
f 2482//3155 2022//3155 2021//3155
f 2482//3156 2021//3156 2483//3156
f 2483//3157 2021//3157 2023//3157
f 2483//3158 2023//3158 2484//3158
f 2484//3159 2023//3159 2024//3159
f 2484//3160 2024//3160 2459//3160
f 2459//3161 2024//3161 2025//3161
f 2485//3162 2479//3162 2486//3162
f 2486//3163 2479//3163 2480//3163
f 2486//3164 2480//3164 2487//3164
f 2487//3165 2480//3165 2481//3165
f 2487//3166 2481//3166 2488//3166
f 2488//3167 2481//3167 2482//3167
f 2488//3168 2482//3168 2489//3168
f 2489//3169 2482//3169 2483//3169
f 2489//3170 2483//3170 2490//3170
f 2490//3171 2483//3171 2484//3171
f 2490//3172 2484//3172 2469//3172
f 2469//3173 2484//3173 2459//3173
f 1736//3174 2485//3174 2370//3174
f 2370//3175 2485//3175 2486//3175
f 2370//3176 2486//3176 2369//3176
f 2369//3177 2486//3177 2487//3177
f 2369//3178 2487//3178 2367//3178
f 2367//3179 2487//3179 2488//3179
f 2367//3180 2488//3180 2366//3180
f 2366//3181 2488//3181 2489//3181
f 2366//3182 2489//3182 2364//3182
f 2364//3183 2489//3183 2490//3183
f 2364//3184 2490//3184 1732//3184
f 1732//3185 2490//3185 2469//3185
f 1928//3186 1978//3186 2491//3186
f 2491//3187 1978//3187 2479//3187
f 2491//3188 2479//3188 2492//3188
f 2492//3189 2479//3189 2485//3189
f 2492//3190 2485//3190 1734//3190
f 1734//3191 2485//3191 1736//3191
f 2492//3192 1734//3192 2493//3192
f 2493//3193 1734//3193 1737//3193
f 2493//3194 1737//3194 2494//3194
f 2494//3195 1737//3195 1739//3195
f 2494//3196 1739//3196 2495//3196
f 2495//3197 1739//3197 1740//3197
f 2495//3198 1740//3198 2496//3198
f 2496//3199 1740//3199 1742//3199
f 2496//3200 1742//3200 2497//3200
f 2497//3201 1742//3201 1743//3201
f 2497//3202 1743//3202 2498//3202
f 2498//3203 1743//3203 1745//3203
f 2498//3204 1745//3204 2499//3204
f 2499//3205 1745//3205 1746//3205
f 2499//3206 1746//3206 2500//3206
f 2500//3207 1746//3207 1748//3207
f 2500//3208 1748//3208 2501//3208
f 2501//3209 1748//3209 1749//3209
f 2501//3210 1749//3210 2502//3210
f 2502//3211 1749//3211 1751//3211
f 2502//3212 1751//3212 2503//3212
f 2503//3213 1751//3213 1752//3213
f 2503//3214 1752//3214 2504//3214
f 2504//3215 1752//3215 1754//3215
f 2491//3216 2492//3216 2505//3216
f 2505//3217 2492//3217 2493//3217
f 2505//3218 2493//3218 2506//3218
f 2506//3219 2493//3219 2494//3219
f 2506//3220 2494//3220 2507//3220
f 2507//3221 2494//3221 2495//3221
f 2507//3222 2495//3222 2508//3222
f 2508//3223 2495//3223 2496//3223
f 2508//3224 2496//3224 2509//3224
f 2509//3225 2496//3225 2497//3225
f 2509//3226 2497//3226 2510//3226
f 2510//3227 2497//3227 2498//3227
f 2510//3228 2498//3228 2511//3228
f 2511//3229 2498//3229 2499//3229
f 2511//3230 2499//3230 2512//3230
f 2512//3231 2499//3231 2500//3231
f 2512//3232 2500//3232 2513//3232
f 2513//3233 2500//3233 2501//3233
f 2513//3234 2501//3234 2514//3234
f 2514//3235 2501//3235 2502//3235
f 2514//3236 2502//3236 2515//3236
f 2515//3237 2502//3237 2503//3237
f 2515//3238 2503//3238 2516//3238
f 2516//3239 2503//3239 2504//3239
f 1928//3240 2491//3240 1916//3240
f 1916//3241 2491//3241 2505//3241
f 1916//3242 2505//3242 1949//3242
f 1949//3243 2505//3243 2506//3243
f 1949//3244 2506//3244 1948//3244
f 1948//3245 2506//3245 2507//3245
f 1948//3246 2507//3246 1898//3246
f 1898//3247 2507//3247 2508//3247
f 1898//3248 2508//3248 1929//3248
f 1929//3249 2508//3249 2509//3249
f 1929//3250 2509//3250 1930//3250
f 1930//3251 2509//3251 2510//3251
f 1930//3252 2510//3252 1931//3252
f 1931//3253 2510//3253 2511//3253
f 1931//3254 2511//3254 1932//3254
f 1932//3255 2511//3255 2512//3255
f 1932//3256 2512//3256 1933//3256
f 1933//3257 2512//3257 2513//3257
f 1933//3258 2513//3258 1934//3258
f 1934//3259 2513//3259 2514//3259
f 1934//3260 2514//3260 2000//3260
f 2000//3261 2514//3261 2515//3261
f 2000//3262 2515//3262 1997//3262
f 1997//3263 2515//3263 2516//3263
f 1995//3264 1997//3264 2517//3264
f 2517//3265 1997//3265 2516//3265
f 2517//3266 2516//3266 2518//3266
f 2518//3267 2516//3267 2504//3267
f 2518//3268 2504//3268 1756//3268
f 1756//3269 2504//3269 1754//3269
f 2519//3270 2034//3270 2520//3270
f 2520//3271 2034//3271 2033//3271
f 2520//3272 2033//3272 2521//3272
f 2521//3273 2033//3273 2032//3273
f 2521//3274 2032//3274 2522//3274
f 2522//3275 2032//3275 2031//3275
f 2522//3276 2031//3276 2523//3276
f 2523//3277 2031//3277 2030//3277
f 2523//3278 2030//3278 2524//3278
f 2524//3279 2030//3279 2029//3279
f 2524//3280 2029//3280 2517//3280
f 2517//3281 2029//3281 1995//3281
f 2525//3282 2519//3282 2526//3282
f 2526//3283 2519//3283 2520//3283
f 2526//3284 2520//3284 2527//3284
f 2527//3285 2520//3285 2521//3285
f 2527//3286 2521//3286 2528//3286
f 2528//3287 2521//3287 2522//3287
f 2528//3288 2522//3288 2529//3288
f 2529//3289 2522//3289 2523//3289
f 2529//3290 2523//3290 2530//3290
f 2530//3291 2523//3291 2524//3291
f 2530//3292 2524//3292 2518//3292
f 2518//3293 2524//3293 2517//3293
f 1757//3294 2525//3294 2363//3294
f 2363//3295 2525//3295 2526//3295
f 2363//3296 2526//3296 2362//3296
f 2362//3297 2526//3297 2527//3297
f 2362//3298 2527//3298 2360//3298
f 2360//3299 2527//3299 2528//3299
f 2360//3300 2528//3300 2359//3300
f 2359//3301 2528//3301 2529//3301
f 2359//3302 2529//3302 2357//3302
f 2357//3303 2529//3303 2530//3303
f 2357//3304 2530//3304 1756//3304
f 1756//3305 2530//3305 2518//3305
f 2531//3306 2011//3306 2532//3306
f 2532//3307 2011//3307 2009//3307
f 2532//3308 2009//3308 2533//3308
f 2533//3309 2009//3309 2008//3309
f 2533//3310 2008//3310 2534//3310
f 2534//3311 2008//3311 1984//3311
f 2534//3312 1984//3312 2535//3312
f 2535//3313 1984//3313 1983//3313
f 2535//3314 1983//3314 2536//3314
f 2536//3315 1983//3315 1921//3315
f 2536//3316 1921//3316 2537//3316
f 2537//3317 1921//3317 2001//3317
f 2537//3318 2001//3318 2538//3318
f 2538//3319 2001//3319 1999//3319
f 2538//3320 1999//3320 2539//3320
f 2539//3321 1999//3321 1998//3321
f 2539//3322 1998//3322 2540//3322
f 2540//3323 1998//3323 1996//3323
f 2540//3324 1996//3324 2519//3324
f 2519//3325 1996//3325 2034//3325
f 2541//3326 2531//3326 2542//3326
f 2542//3327 2531//3327 2532//3327
f 2542//3328 2532//3328 2543//3328
f 2543//3329 2532//3329 2533//3329
f 2543//3330 2533//3330 2544//3330
f 2544//3331 2533//3331 2534//3331
f 2544//3332 2534//3332 2545//3332
f 2545//3333 2534//3333 2535//3333
f 2545//3334 2535//3334 2546//3334
f 2546//3335 2535//3335 2536//3335
f 2546//3336 2536//3336 2547//3336
f 2547//3337 2536//3337 2537//3337
f 2547//3338 2537//3338 2548//3338
f 2548//3339 2537//3339 2538//3339
f 2548//3340 2538//3340 2549//3340
f 2549//3341 2538//3341 2539//3341
f 2549//3342 2539//3342 2550//3342
f 2550//3343 2539//3343 2540//3343
f 2550//3344 2540//3344 2525//3344
f 2525//3345 2540//3345 2519//3345
f 1773//3346 2541//3346 1771//3346
f 1771//3347 2541//3347 2542//3347
f 1771//3348 2542//3348 1770//3348
f 1770//3349 2542//3349 2543//3349
f 1770//3350 2543//3350 1768//3350
f 1768//3351 2543//3351 2544//3351
f 1768//3352 2544//3352 1767//3352
f 1767//3353 2544//3353 2545//3353
f 1767//3354 2545//3354 1765//3354
f 1765//3355 2545//3355 2546//3355
f 1765//3356 2546//3356 1764//3356
f 1764//3357 2546//3357 2547//3357
f 1764//3358 2547//3358 1762//3358
f 1762//3359 2547//3359 2548//3359
f 1762//3360 2548//3360 1761//3360
f 1761//3361 2548//3361 2549//3361
f 1761//3362 2549//3362 1759//3362
f 1759//3363 2549//3363 2550//3363
f 1759//3364 2550//3364 1757//3364
f 1757//3365 2550//3365 2525//3365
f 2551//3366 2010//3366 2552//3366
f 2552//3367 2010//3367 2028//3367
f 2552//3368 2028//3368 2553//3368
f 2553//3369 2028//3369 2020//3369
f 2553//3370 2020//3370 2554//3370
f 2554//3371 2020//3371 2019//3371
f 2554//3372 2019//3372 2555//3372
f 2555//3373 2019//3373 2018//3373
f 2555//3374 2018//3374 2556//3374
f 2556//3375 2018//3375 2027//3375
f 2556//3376 2027//3376 2531//3376
f 2531//3377 2027//3377 2011//3377
f 2557//3378 2551//3378 2558//3378
f 2558//3379 2551//3379 2552//3379
f 2558//3380 2552//3380 2559//3380
f 2559//3381 2552//3381 2553//3381
f 2559//3382 2553//3382 2560//3382
f 2560//3383 2553//3383 2554//3383
f 2560//3384 2554//3384 2561//3384
f 2561//3385 2554//3385 2555//3385
f 2561//3386 2555//3386 2562//3386
f 2562//3387 2555//3387 2556//3387
f 2562//3388 2556//3388 2541//3388
f 2541//3389 2556//3389 2531//3389
f 1777//3390 2557//3390 2356//3390
f 2356//3391 2557//3391 2558//3391
f 2356//3392 2558//3392 2355//3392
f 2355//3393 2558//3393 2559//3393
f 2355//3394 2559//3394 2353//3394
f 2353//3395 2559//3395 2560//3395
f 2353//3396 2560//3396 2352//3396
f 2352//3397 2560//3397 2561//3397
f 2352//3398 2561//3398 2350//3398
f 2350//3399 2561//3399 2562//3399
f 2350//3400 2562//3400 1773//3400
f 1773//3401 2562//3401 2541//3401
f 1982//3402 2010//3402 2563//3402
f 2563//3403 2010//3403 2551//3403
f 2563//3404 2551//3404 2564//3404
f 2564//3405 2551//3405 2557//3405
f 2564//3406 2557//3406 1775//3406
f 1775//3407 2557//3407 1777//3407
f 2564//3408 1775//3408 2565//3408
f 2565//3409 1775//3409 1778//3409
f 2565//3410 1778//3410 2566//3410
f 2566//3411 1778//3411 1780//3411
f 2566//3412 1780//3412 2567//3412
f 2567//3413 1780//3413 1781//3413
f 2567//3414 1781//3414 2568//3414
f 2568//3415 1781//3415 1783//3415
f 2568//3416 1783//3416 2569//3416
f 2569//3417 1783//3417 1784//3417
f 2569//3418 1784//3418 2570//3418
f 2570//3419 1784//3419 1786//3419
f 2570//3420 1786//3420 2571//3420
f 2571//3421 1786//3421 1787//3421
f 2571//3422 1787//3422 2572//3422
f 2572//3423 1787//3423 1789//3423
f 2572//3424 1789//3424 2573//3424
f 2573//3425 1789//3425 1790//3425
f 2573//3426 1790//3426 2574//3426
f 2574//3427 1790//3427 1792//3427
f 2574//3428 1792//3428 2575//3428
f 2575//3429 1792//3429 1793//3429
f 2575//3430 1793//3430 2576//3430
f 2576//3431 1793//3431 1795//3431
f 2563//3432 2564//3432 2577//3432
f 2577//3433 2564//3433 2565//3433
f 2577//3434 2565//3434 2578//3434
f 2578//3435 2565//3435 2566//3435
f 2578//3436 2566//3436 2579//3436
f 2579//3437 2566//3437 2567//3437
f 2579//3438 2567//3438 2580//3438
f 2580//3439 2567//3439 2568//3439
f 2580//3440 2568//3440 2581//3440
f 2581//3441 2568//3441 2569//3441
f 2581//3442 2569//3442 2582//3442
f 2582//3443 2569//3443 2570//3443
f 2582//3444 2570//3444 2583//3444
f 2583//3445 2570//3445 2571//3445
f 2583//3446 2571//3446 2584//3446
f 2584//3447 2571//3447 2572//3447
f 2584//3448 2572//3448 2585//3448
f 2585//3449 2572//3449 2573//3449
f 2585//3450 2573//3450 2586//3450
f 2586//3451 2573//3451 2574//3451
f 2586//3452 2574//3452 2587//3452
f 2587//3453 2574//3453 2575//3453
f 2587//3454 2575//3454 2588//3454
f 2588//3455 2575//3455 2576//3455
f 1982//3456 2563//3456 1922//3456
f 1922//3457 2563//3457 2577//3457
f 1922//3458 2577//3458 1920//3458
f 1920//3459 2577//3459 2578//3459
f 1920//3460 2578//3460 1908//3460
f 1908//3461 2578//3461 2579//3461
f 1908//3462 2579//3462 1907//3462
f 1907//3463 2579//3463 2580//3463
f 1907//3464 2580//3464 1906//3464
f 1906//3465 2580//3465 2581//3465
f 1906//3466 2581//3466 1967//3466
f 1967//3467 2581//3467 2582//3467
f 1967//3468 2582//3468 1968//3468
f 1968//3469 2582//3469 2583//3469
f 1968//3470 2583//3470 1969//3470
f 1969//3471 2583//3471 2584//3471
f 1969//3472 2584//3472 1965//3472
f 1965//3473 2584//3473 2585//3473
f 1965//3474 2585//3474 1963//3474
f 1963//3475 2585//3475 2586//3475
f 1963//3476 2586//3476 1911//3476
f 1911//3477 2586//3477 2587//3477
f 1911//3478 2587//3478 1909//3478
f 1909//3479 2587//3479 2588//3479
f 1973//3480 1909//3480 2589//3480
f 2589//3481 1909//3481 2588//3481
f 2589//3482 2588//3482 2590//3482
f 2590//3483 2588//3483 2576//3483
f 2590//3484 2576//3484 1797//3484
f 1797//3485 2576//3485 1795//3485
f 2591//3486 1972//3486 2592//3486
f 2592//3487 1972//3487 1971//3487
f 2592//3488 1971//3488 2593//3488
f 2593//3489 1971//3489 1987//3489
f 2593//3490 1987//3490 2594//3490
f 2594//3491 1987//3491 1986//3491
f 2594//3492 1986//3492 2595//3492
f 2595//3493 1986//3493 1985//3493
f 2595//3494 1985//3494 2596//3494
f 2596//3495 1985//3495 2015//3495
f 2596//3496 2015//3496 2589//3496
f 2589//3497 2015//3497 1973//3497
f 2597//3498 2591//3498 2598//3498
f 2598//3499 2591//3499 2592//3499
f 2598//3500 2592//3500 2599//3500
f 2599//3501 2592//3501 2593//3501
f 2599//3502 2593//3502 2600//3502
f 2600//3503 2593//3503 2594//3503
f 2600//3504 2594//3504 2601//3504
f 2601//3505 2594//3505 2595//3505
f 2601//3506 2595//3506 2602//3506
f 2602//3507 2595//3507 2596//3507
f 2602//3508 2596//3508 2590//3508
f 2590//3509 2596//3509 2589//3509
f 1798//3510 2597//3510 2349//3510
f 2349//3511 2597//3511 2598//3511
f 2349//3512 2598//3512 2348//3512
f 2348//3513 2598//3513 2599//3513
f 2348//3514 2599//3514 2346//3514
f 2346//3515 2599//3515 2600//3515
f 2346//3516 2600//3516 2345//3516
f 2345//3517 2600//3517 2601//3517
f 2345//3518 2601//3518 2343//3518
f 2343//3519 2601//3519 2602//3519
f 2343//3520 2602//3520 1797//3520
f 1797//3521 2602//3521 2590//3521
f 2603//3522 1912//3522 2604//3522
f 2604//3523 1912//3523 1910//3523
f 2604//3524 1910//3524 2605//3524
f 2605//3525 1910//3525 1925//3525
f 2605//3526 1925//3526 2606//3526
f 2606//3527 1925//3527 1924//3527
f 2606//3528 1924//3528 2607//3528
f 2607//3529 1924//3529 1923//3529
f 2607//3530 1923//3530 2608//3530
f 2608//3531 1923//3531 1957//3531
f 2608//3532 1957//3532 2609//3532
f 2609//3533 1957//3533 1956//3533
f 2609//3534 1956//3534 2610//3534
f 2610//3535 1956//3535 1955//3535
f 2610//3536 1955//3536 2611//3536
f 2611//3537 1955//3537 1975//3537
f 2611//3538 1975//3538 2612//3538
f 2612//3539 1975//3539 1974//3539
f 2612//3540 1974//3540 2591//3540
f 2591//3541 1974//3541 1972//3541
f 2613//3542 2603//3542 2614//3542
f 2614//3543 2603//3543 2604//3543
f 2614//3544 2604//3544 2615//3544
f 2615//3545 2604//3545 2605//3545
f 2615//3546 2605//3546 2616//3546
f 2616//3547 2605//3547 2606//3547
f 2616//3548 2606//3548 2617//3548
f 2617//3549 2606//3549 2607//3549
f 2617//3550 2607//3550 2618//3550
f 2618//3551 2607//3551 2608//3551
f 2618//3552 2608//3552 2619//3552
f 2619//3553 2608//3553 2609//3553
f 2619//3554 2609//3554 2620//3554
f 2620//3555 2609//3555 2610//3555
f 2620//3556 2610//3556 2621//3556
f 2621//3557 2610//3557 2611//3557
f 2621//3558 2611//3558 2622//3558
f 2622//3559 2611//3559 2612//3559
f 2622//3560 2612//3560 2597//3560
f 2597//3561 2612//3561 2591//3561
f 1814//3562 2613//3562 1812//3562
f 1812//3563 2613//3563 2614//3563
f 1812//3564 2614//3564 1811//3564
f 1811//3565 2614//3565 2615//3565
f 1811//3566 2615//3566 1809//3566
f 1809//3567 2615//3567 2616//3567
f 1809//3568 2616//3568 1808//3568
f 1808//3569 2616//3569 2617//3569
f 1808//3570 2617//3570 1806//3570
f 1806//3571 2617//3571 2618//3571
f 1806//3572 2618//3572 1805//3572
f 1805//3573 2618//3573 2619//3573
f 1805//3574 2619//3574 1803//3574
f 1803//3575 2619//3575 2620//3575
f 1803//3576 2620//3576 1802//3576
f 1802//3577 2620//3577 2621//3577
f 1802//3578 2621//3578 1800//3578
f 1800//3579 2621//3579 2622//3579
f 1800//3580 2622//3580 1798//3580
f 1798//3581 2622//3581 2597//3581
f 2623//3582 1938//3582 2624//3582
f 2624//3583 1938//3583 1939//3583
f 2624//3584 1939//3584 2625//3584
f 2625//3585 1939//3585 1940//3585
f 2625//3586 1940//3586 2626//3586
f 2626//3587 1940//3587 1954//3587
f 2626//3588 1954//3588 2627//3588
f 2627//3589 1954//3589 1953//3589
f 2627//3590 1953//3590 2628//3590
f 2628//3591 1953//3591 1913//3591
f 2628//3592 1913//3592 2603//3592
f 2603//3593 1913//3593 1912//3593
f 2629//3594 2623//3594 2630//3594
f 2630//3595 2623//3595 2624//3595
f 2630//3596 2624//3596 2631//3596
f 2631//3597 2624//3597 2625//3597
f 2631//3598 2625//3598 2632//3598
f 2632//3599 2625//3599 2626//3599
f 2632//3600 2626//3600 2633//3600
f 2633//3601 2626//3601 2627//3601
f 2633//3602 2627//3602 2634//3602
f 2634//3603 2627//3603 2628//3603
f 2634//3604 2628//3604 2613//3604
f 2613//3605 2628//3605 2603//3605
f 1816//3606 2629//3606 2384//3606
f 2384//3607 2629//3607 2630//3607
f 2384//3608 2630//3608 2383//3608
f 2383//3609 2630//3609 2631//3609
f 2383//3610 2631//3610 2381//3610
f 2381//3611 2631//3611 2632//3611
f 2381//3612 2632//3612 2380//3612
f 2380//3613 2632//3613 2633//3613
f 2380//3614 2633//3614 2378//3614
f 2378//3615 2633//3615 2634//3615
f 2378//3616 2634//3616 1814//3616
f 1814//3617 2634//3617 2613//3617
f 1961//3618 1938//3618 2635//3618
f 2635//3619 1938//3619 2623//3619
f 2635//3620 2623//3620 2636//3620
f 2636//3621 2623//3621 2629//3621
f 2636//3622 2629//3622 1670//3622
f 1670//3623 2629//3623 1816//3623
f 2636//3624 1670//3624 2637//3624
f 2637//3625 1670//3625 1672//3625
f 2637//3626 1672//3626 2638//3626
f 2638//3627 1672//3627 1674//3627
f 2638//3628 1674//3628 2639//3628
f 2639//3629 1674//3629 1675//3629
f 2639//3630 1675//3630 2640//3630
f 2640//3631 1675//3631 1677//3631
f 2640//3632 1677//3632 2641//3632
f 2641//3633 1677//3633 1678//3633
f 2641//3634 1678//3634 2642//3634
f 2642//3635 1678//3635 1680//3635
f 2642//3636 1680//3636 2643//3636
f 2643//3637 1680//3637 1681//3637
f 2643//3638 1681//3638 2644//3638
f 2644//3639 1681//3639 1683//3639
f 2644//3640 1683//3640 2645//3640
f 2645//3641 1683//3641 1684//3641
f 2645//3642 1684//3642 2646//3642
f 2646//3643 1684//3643 1686//3643
f 2646//3644 1686//3644 2647//3644
f 2647//3645 1686//3645 1687//3645
f 2647//3646 1687//3646 2648//3646
f 2648//3647 1687//3647 1689//3647
f 2635//3648 2636//3648 2649//3648
f 2649//3649 2636//3649 2637//3649
f 2649//3650 2637//3650 2650//3650
f 2650//3651 2637//3651 2638//3651
f 2650//3652 2638//3652 2651//3652
f 2651//3653 2638//3653 2639//3653
f 2651//3654 2639//3654 2652//3654
f 2652//3655 2639//3655 2640//3655
f 2652//3656 2640//3656 2653//3656
f 2653//3657 2640//3657 2641//3657
f 2653//3658 2641//3658 2654//3658
f 2654//3659 2641//3659 2642//3659
f 2654//3660 2642//3660 2655//3660
f 2655//3661 2642//3661 2643//3661
f 2655//3662 2643//3662 2656//3662
f 2656//3663 2643//3663 2644//3663
f 2656//3664 2644//3664 2657//3664
f 2657//3665 2644//3665 2645//3665
f 2657//3666 2645//3666 2658//3666
f 2658//3667 2645//3667 2646//3667
f 2658//3668 2646//3668 2659//3668
f 2659//3669 2646//3669 2647//3669
f 2659//3670 2647//3670 2660//3670
f 2660//3671 2647//3671 2648//3671
f 1961//3672 2635//3672 1962//3672
f 1962//3673 2635//3673 2649//3673
f 1962//3674 2649//3674 1964//3674
f 1964//3675 2649//3675 2650//3675
f 1964//3676 2650//3676 1966//3676
f 1966//3677 2650//3677 2651//3677
f 1966//3678 2651//3678 1970//3678
f 1970//3679 2651//3679 2652//3679
f 1970//3680 2652//3680 1895//3680
f 1895//3681 2652//3681 2653//3681
f 1895//3682 2653//3682 1894//3682
f 1894//3683 2653//3683 2654//3683
f 1894//3684 2654//3684 1893//3684
f 1893//3685 2654//3685 2655//3685
f 1893//3686 2655//3686 1902//3686
f 1902//3687 2655//3687 2656//3687
f 1902//3688 2656//3688 1903//3688
f 1903//3689 2656//3689 2657//3689
f 1903//3690 2657//3690 1904//3690
f 1904//3691 2657//3691 2658//3691
f 1904//3692 2658//3692 1950//3692
f 1950//3693 2658//3693 2659//3693
f 1950//3694 2659//3694 1951//3694
f 1951//3695 2659//3695 2660//3695
f 1952//3696 1951//3696 2661//3696
f 2661//3697 1951//3697 2660//3697
f 2661//3698 2660//3698 2662//3698
f 2662//3699 2660//3699 2648//3699
f 2662//3700 2648//3700 1691//3700
f 1691//3701 2648//3701 1689//3701
f 2663//3702 2664//3702 2665//3702
f 2664//3703 2004//3703 2665//3703
f 2665//3704 2004//3704 2003//3704
f 2665//3705 2003//3705 2666//3705
f 2666//3706 2003//3706 2007//3706
f 2666//3707 2007//3707 2667//3707
f 2667//3708 2007//3708 2006//3708
f 2667//3709 2006//3709 2668//3709
f 2668//3710 2006//3710 2005//3710
f 2668//3711 2005//3711 2669//3711
f 2669//3712 2005//3712 2002//3712
f 2669//3713 2002//3713 2661//3713
f 2661//3714 2002//3714 1952//3714
f 2670//3715 2663//3715 2671//3715
f 2671//3716 2663//3716 2665//3716
f 2671//3717 2665//3717 2672//3717
f 2672//3718 2665//3718 2666//3718
f 2672//3719 2666//3719 2673//3719
f 2673//3720 2666//3720 2667//3720
f 2673//3721 2667//3721 2674//3721
f 2674//3722 2667//3722 2668//3722
f 2674//3723 2668//3723 2675//3723
f 2675//3724 2668//3724 2669//3724
f 2675//3725 2669//3725 2662//3725
f 2662//3726 2669//3726 2661//3726
f 1883//3727 2670//3727 2377//3727
f 2377//3728 2670//3728 2671//3728
f 2377//3729 2671//3729 2376//3729
f 2376//3730 2671//3730 2672//3730
f 2376//3731 2672//3731 2374//3731
f 2374//3732 2672//3732 2673//3732
f 2374//3733 2673//3733 2373//3733
f 2373//3734 2673//3734 2674//3734
f 2373//3735 2674//3735 2371//3735
f 2371//3736 2674//3736 2675//3736
f 2371//3737 2675//3737 1691//3737
f 1691//3738 2675//3738 2662//3738
f 1886//3739 1866//3739 2676//3739
f 1891//3740 1890//3740 2677//3740
f 1891//3741 2677//3741 2179//3741
f 2179//3742 2677//3742 2678//3742
f 2179//3743 2678//3743 2183//3743
f 2183//3744 2678//3744 2676//3744
f 2183//3745 2676//3745 2184//3745
f 2184//3746 2676//3746 1866//3746
f 2184//3747 1866//3747 1865//3747
f 1883//3748 1885//3748 2679//3748
f 2679//3749 1885//3749 1886//3749
f 1883//3750 2679//3750 2670//3750
f 2670//3751 2679//3751 2680//3751
f 2670//3752 2680//3752 2663//3752
f 2663//3753 2680//3753 2681//3753
f 2663//3754 2681//3754 2664//3754
f 2664//3755 2681//3755 1905//3755
f 2664//3756 1905//3756 2004//3756
f 1886//3757 2676//3757 2679//3757
f 2679//3758 2676//3758 2678//3758
f 2679//3759 2678//3759 2680//3759
f 2680//3760 2678//3760 2677//3760
f 2680//3761 2677//3761 2681//3761
f 2681//3762 2677//3762 1890//3762
f 2681//3763 1890//3763 1905//3763
f 2082//3764 1731//3764 2116//3764
f 2116//3765 1731//3765 1728//3765
f 2116//3766 1728//3766 2117//3766
f 2117//3767 1728//3767 1725//3767
f 2117//3768 1725//3768 2119//3768
f 2119//3769 1725//3769 1722//3769
f 1717//3770 2102//3770 1719//3770
f 1719//3771 2102//3771 2104//3771
f 1719//3772 2104//3772 1722//3772
f 1722//3773 2104//3773 2120//3773
f 1722//3774 2120//3774 2119//3774
f 1714//3775 2112//3775 2386//3775
f 2386//3776 2112//3776 2094//3776
f 2386//3777 2094//3777 2389//3777
f 2389//3778 2094//3778 2093//3778
f 2389//3779 2093//3779 1717//3779
f 1717//3780 2093//3780 2102//3780
f 1731//3781 2082//3781 2365//3781
f 2365//3782 2082//3782 2081//3782
f 2365//3783 2081//3783 2368//3783
f 2368//3784 2081//3784 2080//3784
f 2368//3785 2080//3785 1735//3785
f 1735//3786 2080//3786 2064//3786
f 1712//3787 2113//3787 1714//3787
f 1714//3788 2113//3788 2112//3788
f 2063//3789 1733//3789 2064//3789
f 2064//3790 1733//3790 1735//3790
f 2113//3791 1712//3791 1709//3791
f 2113//3792 1709//3792 2114//3792
f 2114//3793 1709//3793 1706//3793
f 2114//3794 1706//3794 2115//3794
f 2115//3795 1706//3795 1703//3795
f 2115//3796 1703//3796 2099//3796
f 2099//3797 1703//3797 1700//3797
f 2099//3798 1700//3798 2100//3798
f 2100//3799 1700//3799 1697//3799
f 2100//3800 1697//3800 2101//3800
f 2101//3801 1697//3801 1692//3801
f 2101//3802 1692//3802 2095//3802
f 2077//3803 1753//3803 1750//3803
f 2077//3804 1750//3804 2078//3804
f 2078//3805 1750//3805 1747//3805
f 2078//3806 1747//3806 2079//3806
f 2079//3807 1747//3807 1744//3807
f 2079//3808 1744//3808 2073//3808
f 2073//3809 1744//3809 1741//3809
f 2073//3810 1741//3810 2074//3810
f 2074//3811 1741//3811 1738//3811
f 2074//3812 1738//3812 2075//3812
f 2075//3813 1738//3813 1733//3813
f 2075//3814 1733//3814 2063//3814
f 1694//3815 2096//3815 1692//3815
f 1692//3816 2096//3816 2095//3816
f 2076//3817 1755//3817 2077//3817
f 2077//3818 1755//3818 1753//3818
f 1888//3819 2151//3819 2393//3819
f 2393//3820 2151//3820 2098//3820
f 2393//3821 2098//3821 2396//3821
f 2396//3822 2098//3822 2097//3822
f 2396//3823 2097//3823 1694//3823
f 1694//3824 2097//3824 2096//3824
f 1755//3825 2076//3825 2358//3825
f 2358//3826 2076//3826 2062//3826
f 2358//3827 2062//3827 2361//3827
f 2361//3828 2062//3828 2061//3828
f 2361//3829 2061//3829 1758//3829
f 1758//3830 2061//3830 2066//3830
f 2151//3831 1888//3831 2152//3831
f 2152//3832 1888//3832 1881//3832
f 2152//3833 1881//3833 2154//3833
f 2154//3834 1881//3834 1873//3834
f 2154//3835 1873//3835 2156//3835
f 2156//3836 1873//3836 1870//3836
f 1884//3837 2132//3837 1867//3837
f 1867//3838 2132//3838 2159//3838
f 1867//3839 2159//3839 1870//3839
f 1870//3840 2159//3840 2158//3840
f 1870//3841 2158//3841 2156//3841
f 2084//3842 1772//3842 2085//3842
f 2085//3843 1772//3843 1769//3843
f 2085//3844 1769//3844 2087//3844
f 2087//3845 1769//3845 1766//3845
f 2087//3846 1766//3846 2089//3846
f 2089//3847 1766//3847 1763//3847
f 1758//3848 2066//3848 1760//3848
f 1760//3849 2066//3849 2092//3849
f 1760//3850 2092//3850 1763//3850
f 1763//3851 2092//3851 2091//3851
f 1763//3852 2091//3852 2089//3852
f 1690//3853 2138//3853 2372//3853
f 2372//3854 2138//3854 2124//3854
f 2372//3855 2124//3855 2375//3855
f 2375//3856 2124//3856 2123//3856
f 2375//3857 2123//3857 1884//3857
f 1884//3858 2123//3858 2132//3858
f 1772//3859 2084//3859 2351//3859
f 2351//3860 2084//3860 2050//3860
f 2351//3861 2050//3861 2354//3861
f 2354//3862 2050//3862 2053//3862
f 2354//3863 2053//3863 1776//3863
f 1776//3864 2053//3864 2052//3864
f 1688//3865 2139//3865 1690//3865
f 1690//3866 2139//3866 2138//3866
f 2051//3867 1774//3867 2052//3867
f 2052//3868 1774//3868 1776//3868
f 2139//3869 1688//3869 1685//3869
f 2139//3870 1685//3870 2140//3870
f 2140//3871 1685//3871 1682//3871
f 2140//3872 1682//3872 2141//3872
f 2141//3873 1682//3873 1679//3873
f 2141//3874 1679//3874 2121//3874
f 2121//3875 1679//3875 1676//3875
f 2121//3876 1676//3876 2122//3876
f 2122//3877 1676//3877 1673//3877
f 2122//3878 1673//3878 2134//3878
f 2134//3879 1673//3879 1671//3879
f 2134//3880 1671//3880 2135//3880
f 2058//3881 1794//3881 1791//3881
f 2058//3882 1791//3882 2059//3882
f 2059//3883 1791//3883 1788//3883
f 2059//3884 1788//3884 2060//3884
f 2060//3885 1788//3885 1785//3885
f 2060//3886 1785//3886 2054//3886
f 2054//3887 1785//3887 1782//3887
f 2054//3888 1782//3888 2055//3888
f 2055//3889 1782//3889 1779//3889
f 2055//3890 1779//3890 2056//3890
f 2056//3891 1779//3891 1774//3891
f 2056//3892 1774//3892 2051//3892
f 1815//3893 2136//3893 1671//3893
f 1671//3894 2136//3894 2135//3894
f 2057//3895 1796//3895 2058//3895
f 2058//3896 1796//3896 1794//3896
f 1813//3897 2142//3897 2379//3897
f 2379//3898 2142//3898 2125//3898
f 2379//3899 2125//3899 2382//3899
f 2382//3900 2125//3900 2137//3900
f 2382//3901 2137//3901 1815//3901
f 1815//3902 2137//3902 2136//3902
f 1796//3903 2057//3903 2344//3903
f 2344//3904 2057//3904 2043//3904
f 2344//3905 2043//3905 2347//3905
f 2347//3906 2043//3906 2042//3906
f 2347//3907 2042//3907 1799//3907
f 1799//3908 2042//3908 2044//3908
f 2142//3909 1813//3909 2143//3909
f 2143//3910 1813//3910 1810//3910
f 2143//3911 1810//3911 2145//3911
f 2145//3912 1810//3912 1807//3912
f 2145//3913 1807//3913 2147//3913
f 2147//3914 1807//3914 1804//3914
f 1799//3915 2044//3915 1801//3915
f 1801//3916 2044//3916 2150//3916
f 1801//3917 2150//3917 1804//3917
f 1804//3918 2150//3918 2149//3918
f 1804//3919 2149//3919 2147//3919
f 2339//3920 2338//3920 2256//3920
f 2256//3921 2254//3921 2339//3921
f 2339//3922 2254//3922 2253//3922
f 2339//3923 2253//3923 2340//3923
f 2247//3924 2342//3924 2341//3924
f 2253//3925 2251//3925 2340//3925
f 2340//3926 2251//3926 2250//3926
f 2340//3927 2250//3927 2341//3927
f 2341//3928 2250//3928 2248//3928
f 2341//3929 2248//3929 2247//3929
f 2241//3930 2334//3930 2333//3930
f 2247//3931 2245//3931 2342//3931
f 2342//3932 2245//3932 2244//3932
f 2342//3933 2244//3933 2333//3933
f 2333//3934 2244//3934 2242//3934
f 2333//3935 2242//3935 2241//3935
f 2235//3936 2336//3936 2335//3936
f 2241//3937 2239//3937 2334//3937
f 2334//3938 2239//3938 2238//3938
f 2334//3939 2238//3939 2335//3939
f 2335//3940 2238//3940 2236//3940
f 2335//3941 2236//3941 2235//3941
f 2235//3942 2233//3942 2336//3942
f 2336//3943 2233//3943 2232//3943
f 2336//3944 2232//3944 2306//3944
f 2226//3945 2308//3945 2307//3945
f 2232//3946 2230//3946 2306//3946
f 2306//3947 2230//3947 2229//3947
f 2306//3948 2229//3948 2307//3948
f 2307//3949 2229//3949 2227//3949
f 2307//3950 2227//3950 2226//3950
f 2220//3951 2314//3951 2309//3951
f 2226//3952 2224//3952 2308//3952
f 2308//3953 2224//3953 2223//3953
f 2308//3954 2223//3954 2309//3954
f 2309//3955 2223//3955 2221//3955
f 2309//3956 2221//3956 2220//3956
f 2214//3957 2316//3957 2315//3957
f 2220//3958 2218//3958 2314//3958
f 2314//3959 2218//3959 2217//3959
f 2314//3960 2217//3960 2315//3960
f 2315//3961 2217//3961 2215//3961
f 2315//3962 2215//3962 2214//3962
f 2208//3963 2318//3963 2317//3963
f 2214//3964 2212//3964 2316//3964
f 2316//3965 2212//3965 2211//3965
f 2316//3966 2211//3966 2317//3966
f 2317//3967 2211//3967 2209//3967
f 2317//3968 2209//3968 2208//3968
f 2305//3969 2329//3969 2328//3969
f 2208//3970 2206//3970 2318//3970
f 2318//3971 2206//3971 2205//3971
f 2318//3972 2205//3972 2328//3972
f 2328//3973 2205//3973 2204//3973
f 2328//3974 2204//3974 2305//3974
f 2300//3975 2331//3975 2330//3975
f 2305//3976 2304//3976 2329//3976
f 2329//3977 2304//3977 2303//3977
f 2329//3978 2303//3978 2330//3978
f 2330//3979 2303//3979 2301//3979
f 2330//3980 2301//3980 2300//3980
f 2294//3981 2310//3981 2332//3981
f 2300//3982 2298//3982 2331//3982
f 2331//3983 2298//3983 2297//3983
f 2331//3984 2297//3984 2332//3984
f 2332//3985 2297//3985 2295//3985
f 2332//3986 2295//3986 2294//3986
f 2288//3987 2312//3987 2311//3987
f 2294//3988 2292//3988 2310//3988
f 2310//3989 2292//3989 2291//3989
f 2310//3990 2291//3990 2311//3990
f 2311//3991 2291//3991 2289//3991
f 2311//3992 2289//3992 2288//3992
f 2200//3993 2323//3993 2313//3993
f 2288//3994 2286//3994 2312//3994
f 2312//3995 2286//3995 2285//3995
f 2312//3996 2285//3996 2313//3996
f 2313//3997 2285//3997 2283//3997
f 2313//3998 2283//3998 2200//3998
f 2200//3999 2201//3999 2323//3999
f 2323//4000 2201//4000 2196//4000
f 2323//4001 2196//4001 2324//4001
f 2196//4002 2195//4002 2324//4002
f 2324//4003 2195//4003 2194//4003
f 2324//4004 2194//4004 2325//4004
f 2194//4005 2281//4005 2325//4005
f 2325//4006 2281//4006 2282//4006
f 2325//4007 2282//4007 2326//4007
f 2275//4008 2319//4008 2327//4008
f 2282//4009 2279//4009 2326//4009
f 2326//4010 2279//4010 2278//4010
f 2326//4011 2278//4011 2327//4011
f 2327//4012 2278//4012 2276//4012
f 2327//4013 2276//4013 2275//4013
f 2269//4014 2321//4014 2320//4014
f 2275//4015 2273//4015 2319//4015
f 2319//4016 2273//4016 2272//4016
f 2319//4017 2272//4017 2320//4017
f 2320//4018 2272//4018 2270//4018
f 2320//4019 2270//4019 2269//4019
f 2263//4020 2337//4020 2322//4020
f 2269//4021 2267//4021 2321//4021
f 2321//4022 2267//4022 2266//4022
f 2321//4023 2266//4023 2322//4023
f 2322//4024 2266//4024 2264//4024
f 2322//4025 2264//4025 2263//4025
f 2263//4026 2261//4026 2337//4026
f 2337//4027 2261//4027 2260//4027
f 2337//4028 2260//4028 2338//4028
f 2338//4029 2260//4029 2258//4029
f 2338//4030 2258//4030 2256//4030
f 2088//4031 2228//4031 2231//4031
f 2088//4032 2231//4032 2086//4032
f 2086//4033 2231//4033 2234//4033
f 2086//4034 2234//4034 2049//4034
f 2049//4035 2234//4035 2237//4035
f 2049//4036 2237//4036 2048//4036
f 2048//4037 2237//4037 2240//4037
f 2048//4038 2240//4038 2041//4038
f 2041//4039 2240//4039 2243//4039
f 2041//4040 2243//4040 2040//4040
f 2040//4041 2243//4041 2246//4041
f 2040//4042 2246//4042 2047//4042
f 2047//4043 2246//4043 2249//4043
f 2047//4044 2249//4044 2046//4044
f 2046//4045 2249//4045 2252//4045
f 2046//4046 2252//4046 2045//4046
f 2045//4047 2252//4047 2255//4047
f 2045//4048 2255//4048 2148//4048
f 2148//4049 2255//4049 2146//4049
f 2146//4050 2255//4050 2257//4050
f 2146//4051 2257//4051 2144//4051
f 2197//4052 2131//4052 2280//4052
f 2280//4053 2131//4053 2133//4053
f 2280//4054 2133//4054 2277//4054
f 2277//4055 2133//4055 2130//4055
f 2277//4056 2130//4056 2274//4056
f 2274//4057 2130//4057 2129//4057
f 2274//4058 2129//4058 2271//4058
f 2271//4059 2129//4059 2128//4059
f 2271//4060 2128//4060 2268//4060
f 2268//4061 2128//4061 2127//4061
f 2268//4062 2127//4062 2265//4062
f 2265//4063 2127//4063 2126//4063
f 2265//4064 2126//4064 2262//4064
f 2262//4065 2126//4065 2144//4065
f 2262//4066 2144//4066 2259//4066
f 2259//4067 2144//4067 2257//4067
f 2088//4068 2090//4068 2228//4068
f 2228//4069 2090//4069 2065//4069
f 2228//4070 2065//4070 2225//4070
f 2225//4071 2065//4071 2072//4071
f 2225//4072 2072//4072 2222//4072
f 2222//4073 2072//4073 2071//4073
f 2222//4074 2071//4074 2219//4074
f 2219//4075 2071//4075 2070//4075
f 2219//4076 2070//4076 2216//4076
f 2216//4077 2070//4077 2069//4077
f 2216//4078 2069//4078 2213//4078
f 2213//4079 2069//4079 2068//4079
f 2213//4080 2068//4080 2210//4080
f 2210//4081 2068//4081 2067//4081
f 2210//4082 2067//4082 2207//4082
f 2207//4083 2067//4083 2083//4083
f 2207//4084 2083//4084 2202//4084
f 2202//4085 2083//4085 2118//4085
f 2202//4086 2118//4086 2203//4086
f 2203//4087 2118//4087 2105//4087
f 2203//4088 2105//4088 2302//4088
f 2302//4089 2105//4089 2103//4089
f 2302//4090 2103//4090 2299//4090
f 2299//4091 2103//4091 2106//4091
f 2299//4092 2106//4092 2296//4092
f 2296//4093 2106//4093 2107//4093
f 2296//4094 2107//4094 2293//4094
f 2293//4095 2107//4095 2108//4095
f 2293//4096 2108//4096 2290//4096
f 2290//4097 2108//4097 2109//4097
f 2290//4098 2109//4098 2287//4098
f 2287//4099 2109//4099 2110//4099
f 2287//4100 2110//4100 2284//4100
f 2284//4101 2110//4101 2111//4101
f 2284//4102 2111//4102 2199//4102
f 2199//4103 2111//4103 2153//4103
f 2199//4104 2153//4104 2198//4104
f 2198//4105 2153//4105 2155//4105
f 2198//4106 2155//4106 2197//4106
f 2197//4107 2155//4107 2157//4107
f 2197//4108 2157//4108 2131//4108
f 2682//4109 2683//4109 2684//4109
f 2685//4109 2686//4109 2687//4109
f 2687//4109 2686//4109 2688//4109
f 2687//4109 2688//4109 2684//4109
f 2684//4109 2688//4109 2689//4109
f 2684//4109 2689//4109 2682//4109
f 2690//4109 2691//4109 2692//4109
f 2692//4109 2691//4109 2693//4109
f 2692//4109 2693//4109 2694//4109
f 2694//4109 2693//4109 2695//4109
f 2694//4109 2695//4109 2685//4109
f 2685//4109 2695//4109 2696//4109
f 2685//4109 2696//4109 2686//4109
f 2697//4109 2698//4109 2699//4109
f 2699//4109 2698//4109 2700//4109
f 2699//4109 2700//4109 2690//4109
f 2690//4109 2700//4109 2701//4109
f 2690//4109 2701//4109 2691//4109
f 2702//4109 2703//4109 2704//4109
f 2704//4109 2703//4109 2705//4109
f 2704//4109 2705//4109 2706//4109
f 2706//4109 2705//4109 2707//4109
f 2706//4109 2707//4109 2708//4109
f 2709//4109 2710//4109 2711//4109
f 2711//4109 2710//4109 2712//4109
f 2711//4109 2712//4109 2713//4109
f 2713//4109 2712//4109 2714//4109
f 2713//4109 2714//4109 2697//4109
f 2697//4109 2714//4109 2715//4109
f 2697//4109 2715//4109 2698//4109
f 2716//4109 2717//4109 2718//4109
f 2718//4109 2717//4109 2719//4109
f 2718//4109 2719//4109 2720//4109
f 2720//4109 2719//4109 2721//4109
f 2720//4109 2721//4109 2722//4109
f 2682//4109 2723//4109 2683//4109
f 2683//4109 2723//4109 2724//4109
f 2683//4109 2724//4109 2725//4109
f 2725//4109 2724//4109 2726//4109
f 2725//4109 2726//4109 2702//4109
f 2702//4109 2726//4109 2727//4109
f 2702//4109 2727//4109 2703//4109
f 2721//4109 2728//4109 2722//4109
f 2722//4109 2728//4109 2729//4109
f 2722//4109 2729//4109 2730//4109
f 2730//4109 2729//4109 2731//4109
f 2730//4109 2731//4109 2709//4109
f 2709//4109 2731//4109 2732//4109
f 2709//4109 2732//4109 2710//4109
f 2733//4109 2734//4109 2735//4109
f 2735//4109 2734//4109 2736//4109
f 2735//4109 2736//4109 2716//4109
f 2716//4109 2736//4109 2737//4109
f 2716//4109 2737//4109 2717//4109
f 2738//4109 2739//4109 2740//4109
f 2740//4109 2739//4109 2741//4109
f 2740//4109 2741//4109 2742//4109
f 2742//4109 2741//4109 2743//4109
f 2742//4109 2743//4109 2733//4109
f 2733//4109 2743//4109 2744//4109
f 2733//4109 2744//4109 2734//4109
f 2707//4109 2745//4109 2708//4109
f 2708//4109 2745//4109 2746//4109
f 2708//4109 2746//4109 2747//4109
f 2747//4109 2746//4109 2748//4109
f 2747//4109 2748//4109 2738//4109
f 2738//4109 2748//4109 2749//4109
f 2738//4109 2749//4109 2739//4109
f 2750//4110 2751//4110 2752//4110
f 2752//4110 2751//4110 2753//4110
f 2752//4110 2753//4110 2754//4110
f 2754//4110 2753//4110 2755//4110
f 2754//4110 2755//4110 2756//4110
f 2757//4110 2758//4110 2759//4110
f 2759//4110 2758//4110 2760//4110
f 2759//4110 2760//4110 2761//4110
f 2761//4110 2760//4110 2762//4110
f 2761//4110 2762//4110 2763//4110
f 2764//4110 2765//4110 2766//4110
f 2766//4110 2765//4110 2767//4110
f 2766//4110 2767//4110 2768//4110
f 2768//4110 2767//4110 2769//4110
f 2768//4110 2769//4110 2770//4110
f 2771//4110 2772//4110 2773//4110
f 2773//4110 2772//4110 2774//4110
f 2773//4110 2774//4110 2775//4110
f 2775//4110 2774//4110 2776//4110
f 2775//4110 2776//4110 2777//4110
f 2755//4110 2778//4110 2756//4110
f 2756//4110 2778//4110 2779//4110
f 2756//4110 2779//4110 2780//4110
f 2780//4110 2779//4110 2781//4110
f 2780//4110 2781//4110 2782//4110
f 2769//4110 2783//4110 2770//4110
f 2770//4110 2783//4110 2784//4110
f 2770//4110 2784//4110 2785//4110
f 2785//4110 2784//4110 2786//4110
f 2785//4110 2786//4110 2750//4110
f 2750//4110 2786//4110 2787//4110
f 2750//4110 2787//4110 2751//4110
f 2788//4110 2789//4110 2790//4110
f 2790//4110 2789//4110 2791//4110
f 2790//4110 2791//4110 2757//4110
f 2757//4110 2791//4110 2792//4110
f 2757//4110 2792//4110 2758//4110
f 2781//4110 2793//4110 2782//4110
f 2782//4110 2793//4110 2794//4110
f 2782//4110 2794//4110 2795//4110
f 2795//4110 2794//4110 2796//4110
f 2795//4110 2796//4110 2797//4110
f 2797//4110 2796//4110 2798//4110
f 2797//4110 2798//4110 2788//4110
f 2788//4110 2798//4110 2799//4110
f 2788//4110 2799//4110 2789//4110
f 2776//4110 2800//4110 2777//4110
f 2777//4110 2800//4110 2801//4110
f 2777//4110 2801//4110 2802//4110
f 2802//4110 2801//4110 2803//4110
f 2802//4110 2803//4110 2764//4110
f 2764//4110 2803//4110 2804//4110
f 2764//4110 2804//4110 2765//4110
f 2805//4110 2806//4110 2807//4110
f 2807//4110 2806//4110 2808//4110
f 2807//4110 2808//4110 2771//4110
f 2771//4110 2808//4110 2809//4110
f 2771//4110 2809//4110 2772//4110
f 2810//4110 2811//4110 2805//4110
f 2805//4110 2811//4110 2812//4110
f 2805//4110 2812//4110 2806//4110
f 2762//4110 2813//4110 2763//4110
f 2763//4110 2813//4110 2814//4110
f 2763//4110 2814//4110 2815//4110
f 2815//4110 2814//4110 2816//4110
f 2815//4110 2816//4110 2810//4110
f 2810//4110 2816//4110 2817//4110
f 2810//4110 2817//4110 2811//4110
f 2724//4111 2723//4111 2812//4111
f 2812//4112 2723//4112 2806//4112
f 2723//4113 2682//4113 2806//4113
f 2806//4114 2682//4114 2689//4114
f 2806//4114 2689//4114 2808//4114
f 2808//4115 2689//4115 2688//4115
f 2808//4115 2688//4115 2809//4115
f 2809//4116 2688//4116 2686//4116
f 2809//4116 2686//4116 2772//4116
f 2772//4117 2686//4117 2696//4117
f 2772//4117 2696//4117 2774//4117
f 2774//4118 2696//4118 2695//4118
f 2774//4118 2695//4118 2776//4118
f 2776//4119 2695//4119 2693//4119
f 2776//4119 2693//4119 2800//4119
f 2800//4120 2693//4120 2691//4120
f 2800//4120 2691//4120 2801//4120
f 2801//4121 2691//4121 2701//4121
f 2801//4121 2701//4121 2803//4121
f 2803//4122 2701//4122 2700//4122
f 2803//4122 2700//4122 2804//4122
f 2804//4123 2700//4123 2698//4123
f 2804//4123 2698//4123 2765//4123
f 2765//4124 2698//4124 2715//4124
f 2765//4124 2715//4124 2767//4124
f 2767//4125 2715//4125 2714//4125
f 2767//4125 2714//4125 2769//4125
f 2769//4126 2714//4126 2712//4126
f 2769//4126 2712//4126 2783//4126
f 2783//4127 2712//4127 2710//4127
f 2783//4127 2710//4127 2784//4127
f 2784//4128 2710//4128 2732//4128
f 2784//4128 2732//4128 2786//4128
f 2786//4129 2732//4129 2731//4129
f 2786//4129 2731//4129 2787//4129
f 2787//4130 2731//4130 2729//4130
f 2787//4130 2729//4130 2751//4130
f 2751//4131 2729//4131 2728//4131
f 2751//4131 2728//4131 2753//4131
f 2753//4132 2728//4132 2721//4132
f 2753//4132 2721//4132 2755//4132
f 2755//4133 2721//4133 2719//4133
f 2755//4133 2719//4133 2778//4133
f 2778//4134 2719//4134 2717//4134
f 2778//4134 2717//4134 2779//4134
f 2779//4135 2717//4135 2737//4135
f 2779//4135 2737//4135 2781//4135
f 2781//4136 2737//4136 2736//4136
f 2781//4136 2736//4136 2793//4136
f 2793//4137 2736//4137 2734//4137
f 2793//4137 2734//4137 2794//4137
f 2794//4138 2734//4138 2744//4138
f 2794//4138 2744//4138 2796//4138
f 2796//4139 2744//4139 2743//4139
f 2796//4139 2743//4139 2798//4139
f 2798//4140 2743//4140 2741//4140
f 2798//4140 2741//4140 2799//4140
f 2799//4141 2741//4141 2739//4141
f 2799//4141 2739//4141 2789//4141
f 2789//4142 2739//4142 2749//4142
f 2789//4142 2749//4142 2791//4142
f 2791//4143 2749//4143 2748//4143
f 2791//4143 2748//4143 2792//4143
f 2792//4144 2748//4144 2746//4144
f 2792//4144 2746//4144 2758//4144
f 2758//4145 2746//4145 2745//4145
f 2758//4145 2745//4145 2760//4145
f 2760//4146 2745//4146 2707//4146
f 2760//4146 2707//4146 2762//4146
f 2762//4147 2707//4147 2705//4147
f 2762//4147 2705//4147 2813//4147
f 2813//4148 2705//4148 2703//4148
f 2813//4148 2703//4148 2814//4148
f 2814//4149 2703//4149 2727//4149
f 2814//4149 2727//4149 2816//4149
f 2816//4150 2727//4150 2726//4150
f 2816//4150 2726//4150 2817//4150
f 2817//4151 2726//4151 2724//4151
f 2817//4151 2724//4151 2811//4151
f 2811//4152 2724//4152 2812//4152
f 2720//4153 2754//4153 2718//4153
f 2718//4153 2754//4153 2756//4153
f 2718//4154 2756//4154 2716//4154
f 2716//4154 2756//4154 2780//4154
f 2716//4155 2780//4155 2735//4155
f 2735//4155 2780//4155 2782//4155
f 2735//4156 2782//4156 2733//4156
f 2733//4156 2782//4156 2795//4156
f 2733//4157 2795//4157 2742//4157
f 2742//4157 2795//4157 2797//4157
f 2742//4158 2797//4158 2740//4158
f 2740//4158 2797//4158 2788//4158
f 2740//4159 2788//4159 2738//4159
f 2738//4159 2788//4159 2790//4159
f 2738//4160 2790//4160 2747//4160
f 2747//4160 2790//4160 2757//4160
f 2747//4161 2757//4161 2708//4161
f 2708//4161 2757//4161 2759//4161
f 2708//4162 2759//4162 2706//4162
f 2706//4162 2759//4162 2761//4162
f 2706//4163 2761//4163 2704//4163
f 2704//4163 2761//4163 2763//4163
f 2704//4164 2763//4164 2702//4164
f 2702//4164 2763//4164 2815//4164
f 2702//4165 2815//4165 2725//4165
f 2725//4165 2815//4165 2810//4165
f 2725//4166 2810//4166 2683//4166
f 2683//4166 2810//4166 2805//4166
f 2683//4167 2805//4167 2684//4167
f 2684//4167 2805//4167 2807//4167
f 2684//4168 2807//4168 2687//4168
f 2687//4168 2807//4168 2771//4168
f 2687//4169 2771//4169 2685//4169
f 2685//4169 2771//4169 2773//4169
f 2685//4170 2773//4170 2694//4170
f 2694//4170 2773//4170 2775//4170
f 2694//4171 2775//4171 2692//4171
f 2692//4171 2775//4171 2777//4171
f 2692//4172 2777//4172 2690//4172
f 2690//4172 2777//4172 2802//4172
f 2690//4173 2802//4173 2699//4173
f 2699//4173 2802//4173 2764//4173
f 2699//4174 2764//4174 2697//4174
f 2697//4174 2764//4174 2766//4174
f 2697//4175 2766//4175 2713//4175
f 2713//4175 2766//4175 2768//4175
f 2713//4176 2768//4176 2711//4176
f 2711//4176 2768//4176 2770//4176
f 2711//4177 2770//4177 2709//4177
f 2709//4177 2770//4177 2785//4177
f 2709//4178 2785//4178 2730//4178
f 2730//4178 2785//4178 2750//4178
f 2730//4179 2750//4179 2722//4179
f 2722//4179 2750//4179 2752//4179
f 2722//4180 2752//4180 2720//4180
f 2720//4180 2752//4180 2754//4180
# Vertices: 2817, normals: 4180, texture coordinates: 0, faces: 5626

