# File generated by ImageToStl.com - Free Image and 3D model conversion tools

o obj1
v 0.121 0.002 -0.038125
v 0.121 0.002 -0.040125
v 0.1285 0.002 -0.038125
v 0.125 0.002 -0.040125
v 0.125 0.002 -0.042125
v 0.12507612 0.002 -0.04174232
v 0.1252929 0.002 -0.04141789
v 0.1285 0.002 -0.041125
v 0.126 0.002 -0.041125
v 0.12561731 0.002 -0.04120112
v 0.139 -0.002 -0.038125
v 0.139 -0.002 -0.040125
v 0.13150001 -0.002 -0.038125
v 0.13500001 -0.002 -0.040125
v 0.13500001 -0.002 -0.042125
v 0.13492388 -0.002 -0.04174232
v 0.13470711 -0.002 -0.04141789
v 0.13150001 -0.002 -0.041125
v 0.134 -0.002 -0.041125
v 0.13438268 -0.002 -0.04120112
v 0.12803039 0.0063473 -0.041125
v 0.12577938 0.00557981 -0.041125
v 0.12551515 0.00597216 -0.041125
v 0.12516616 0.00629149 -0.041125
v 0.12495375 0.00642461 -0.041125
v 0.12826794 0.007 -0.041125
v 0.12594406 0.00513638 -0.041125
v 0.12803039 0.0056527 -0.041125
v 0.126 0.00466667 -0.041125
v 0.12826794 0.005 -0.041125
v 0.12871443 0.00446791 -0.041125
v 0.12931596 0.00412061 -0.041125
v 0.12905855 0.00231596 -0.041125
v 0.13068403 0.00412061 -0.041125
v 0.13128558 0.00446791 -0.041125
v 0.134 0.002 -0.041125
v 0.134 0.00466667 -0.041125
v 0.13173205 0.005 -0.041125
v 0.13405594 0.00513638 -0.041125
v 0.13196962 0.0056527 -0.041125
v 0.13422063 0.00557981 -0.041125
v 0.13196962 0.0063473 -0.041125
v 0.13448486 0.00597216 -0.041125
v 0.12871443 0.00753209 -0.041125
v 0.12843168 0.00855742 -0.041125
v 0.12931596 0.00787938 -0.041125
v 0.12918521 0.00888724 -0.041125
v 0.13 0.008 -0.041125
v 0.13 0.009 -0.041125
v 0.13068403 0.00787938 -0.041125
v 0.13081479 0.00888724 -0.041125
v 0.13128558 0.00753209 -0.041125
v 0.13156831 0.00855742 -0.041125
v 0.13173205 0.007 -0.041125
v 0.13504624 0.00642461 -0.041125
v 0.13483383 0.00629149 -0.041125
v 0.13150001 0.002 -0.041125
v 0.13094145 0.00231596 -0.041125
v 0.13 0.004 -0.041125
v 0.13032086 0.00247932 -0.041125
v 0.12967914 0.00247932 -0.041125
v 0.1285 -0.002 -0.041125
v 0.12931596 -0.00412061 -0.041125
v 0.126 -0.002 -0.041125
v 0.12871443 -0.00446791 -0.041125
v 0.126 -0.00466667 -0.041125
v 0.12826794 -0.005 -0.041125
v 0.12594406 -0.00513638 -0.041125
v 0.12803039 -0.0056527 -0.041125
v 0.12577938 -0.00557981 -0.041125
v 0.12803039 -0.0063473 -0.041125
v 0.12551515 -0.00597216 -0.041125
v 0.13504624 -0.00642461 -0.041125
v 0.13156831 -0.00855742 -0.041125
v 0.13128558 -0.00753209 -0.041125
v 0.13068403 -0.00787938 -0.041125
v 0.13081479 -0.00888724 -0.041125
v 0.13 -0.008 -0.041125
v 0.13 -0.009 -0.041125
v 0.12931596 -0.00787938 -0.041125
v 0.12918521 -0.00888724 -0.041125
v 0.12871443 -0.00753209 -0.041125
v 0.12843168 -0.00855742 -0.041125
v 0.12826794 -0.007 -0.041125
v 0.12495375 -0.00642461 -0.041125
v 0.12516616 -0.00629149 -0.041125
v 0.13173205 -0.007 -0.041125
v 0.13196962 -0.0063473 -0.041125
v 0.13483383 -0.00629149 -0.041125
v 0.13448486 -0.00597216 -0.041125
v 0.12905855 -0.00231596 -0.041125
v 0.12967914 -0.00247932 -0.041125
v 0.13 -0.004 -0.041125
v 0.13032086 -0.00247932 -0.041125
v 0.13068403 -0.00412061 -0.041125
v 0.13094145 -0.00231596 -0.041125
v 0.13128558 -0.00446791 -0.041125
v 0.13173205 -0.005 -0.041125
v 0.134 -0.00466667 -0.041125
v 0.13196962 -0.0056527 -0.041125
v 0.13405594 -0.00513638 -0.041125
v 0.13422063 -0.00557981 -0.041125
v 0.121 0.003 -0.037125
v 0.12922063 0.00502271 -0.037125
v 0.1288738 0.00545765 -0.037125
v 0.139 0.004 -0.037125
v 0.13124999 0.006 -0.037125
v 0.139 0.003 -0.037125
v 0.13112621 0.00545765 -0.037125
v 0.121 0.004 -0.037125
v 0.13077936 0.00502271 -0.037125
v 0.13027816 0.00478134 -0.037125
v 0.12972185 0.00478134 -0.037125
v 0.12875 0.006 -0.037125
v 0.1288738 0.00654235 -0.037125
v 0.12843168 0.00855742 -0.037125
v 0.12922063 0.00697729 -0.037125
v 0.12918521 0.00888724 -0.037125
v 0.12972185 0.00721866 -0.037125
v 0.13 0.009 -0.037125
v 0.13027816 0.00721866 -0.037125
v 0.13081479 0.00888724 -0.037125
v 0.13156831 0.00855742 -0.037125
v 0.13077936 0.00697729 -0.037125
v 0.13112621 0.00654235 -0.037125
v 0.125 -0.00466667 -0.042125
v 0.125 -0.00466667 -0.045125
v 0.125 -0.002 -0.042125
v 0.125 0.00466667 -0.045125
v 0.125 0.00466667 -0.042125
v 0.125 0.00170711 -0.04083211
v 0.125 0.00192388 -0.04050768
v 0.125 -0.00138268 -0.04104888
v 0.125 -0.00170711 -0.04083211
v 0.125 -0.00192388 -0.04050768
v 0.125 -0.002 -0.040125
v 0.125 0.00138268 -0.04104888
v 0.125 0.001 -0.041125
v 0.125 -0.001 -0.041125
v 0.121 -0.004 -0.045125
v 0.121 0.004 -0.045125
v 0.12347723 -0.00551914 -0.045125
v 0.12347723 0.00551914 -0.045125
v 0.12429386 -0.00562252 -0.045125
v 0.12387441 -0.00565875 -0.045125
v 0.12466121 -0.00541686 -0.045125
v 0.12491138 -0.00507824 -0.045125
v 0.12429386 0.00562252 -0.045125
v 0.12466121 0.00541686 -0.045125
v 0.12387441 0.00565875 -0.045125
v 0.12491138 0.00507824 -0.045125
v 0.121 0.00138268 -0.04104888
v 0.121 0.00170711 -0.04083211
v 0.121 0.00192388 -0.04050768
v 0.121 -0.003 -0.037125
v 0.121 -0.00261732 -0.03720112
v 0.121 -0.00229289 -0.03741789
v 0.121 -0.00207612 -0.03774232
v 0.121 -0.002 -0.038125
v 0.121 -0.004 -0.037125
v 0.121 -0.002 -0.040125
v 0.121 -0.00192388 -0.04050768
v 0.121 -0.00170711 -0.04083211
v 0.121 -0.00138268 -0.04104888
v 0.121 -0.001 -0.041125
v 0.121 0.001 -0.041125
v 0.121 0.00229289 -0.03741789
v 0.121 0.00261732 -0.03720112
v 0.121 0.00207612 -0.03774232
v 0.12972185 -0.00721866 -0.037125
v 0.12922063 -0.00697729 -0.037125
v 0.12843168 -0.00855742 -0.037125
v 0.13077936 -0.00502271 -0.037125
v 0.13112621 -0.00545765 -0.037125
v 0.139 -0.003 -0.037125
v 0.1288738 -0.00545765 -0.037125
v 0.12875 -0.006 -0.037125
v 0.139 -0.004 -0.037125
v 0.1288738 -0.00654235 -0.037125
v 0.13124999 -0.006 -0.037125
v 0.13112621 -0.00654235 -0.037125
v 0.13156831 -0.00855742 -0.037125
v 0.13077936 -0.00697729 -0.037125
v 0.13081479 -0.00888724 -0.037125
v 0.13027816 -0.00721866 -0.037125
v 0.13 -0.009 -0.037125
v 0.12918521 -0.00888724 -0.037125
v 0.12922063 -0.00502271 -0.037125
v 0.12972185 -0.00478134 -0.037125
v 0.13027816 -0.00478134 -0.037125
v 0.139 0.00192388 -0.04050768
v 0.139 0.00170711 -0.04083211
v 0.139 0.004 -0.045125
v 0.139 0.002 -0.040125
v 0.139 -0.00138268 -0.04104888
v 0.139 -0.00170711 -0.04083211
v 0.139 -0.004 -0.045125
v 0.139 -0.00192388 -0.04050768
v 0.139 0.00229289 -0.03741789
v 0.139 0.00207612 -0.03774232
v 0.139 0.00261732 -0.03720112
v 0.139 0.002 -0.038125
v 0.139 0.00138268 -0.04104888
v 0.139 0.001 -0.041125
v 0.139 -0.001 -0.041125
v 0.139 -0.00229289 -0.03741789
v 0.139 -0.00261732 -0.03720112
v 0.139 -0.00207612 -0.03774232
v 0.13612559 0.00565875 -0.045125
v 0.13652277 0.00551914 -0.045125
v 0.13500001 0.00466667 -0.045125
v 0.13652277 -0.00551914 -0.045125
v 0.13500001 -0.00466667 -0.045125
v 0.13533878 -0.00541686 -0.045125
v 0.13508862 -0.00507824 -0.045125
v 0.13570614 -0.00562252 -0.045125
v 0.13612559 -0.00565875 -0.045125
v 0.13508862 0.00507824 -0.045125
v 0.13533878 0.00541686 -0.045125
v 0.13570614 0.00562252 -0.045125
v 0.13500001 -0.00466667 -0.042125
v 0.13500001 0.002 -0.042125
v 0.13500001 0.00466667 -0.042125
v 0.13500001 -0.00170711 -0.04083211
v 0.13500001 -0.00192388 -0.04050768
v 0.13500001 0.00138268 -0.04104888
v 0.13500001 0.00170711 -0.04083211
v 0.13500001 0.00192388 -0.04050768
v 0.13500001 0.002 -0.040125
v 0.13500001 -0.00138268 -0.04104888
v 0.13500001 -0.001 -0.041125
v 0.13500001 0.001 -0.041125
v 0.13150001 0.002 -0.038125
v 0.13438268 0.002 -0.04120112
v 0.13470711 0.002 -0.04141789
v 0.13492388 0.002 -0.04174232
v 0.1285 -0.002 -0.038125
v 0.12561731 -0.002 -0.04120112
v 0.1252929 -0.002 -0.04141789
v 0.12507612 -0.002 -0.04174232
v 0.13652277 0.00551914 -0.042125
v 0.13621764 0.00570626 -0.04177801
v 0.13598964 0.00584608 -0.0415534
v 0.13575953 0.00598719 -0.04137177
v 0.13552085 0.00613356 -0.04123544
v 0.13524699 0.0063015 -0.04114522
v 0.13651896 0.00552148 -0.04212053
v 0.13625368 0.00568416 -0.04181693
v 0.13547248 0.00616322 -0.04121436
v 0.13536263 0.00623059 -0.04117465
v 0.12472183 0.00628238 -0.0411519
v 0.12452752 0.00616322 -0.04121436
v 0.12427492 0.00600832 -0.04134879
v 0.12401037 0.00584608 -0.0415534
v 0.12369323 0.0056516 -0.0418756
v 0.12347723 0.00551914 -0.042125
v 0.12348104 0.00552148 -0.04212053
v 0.13077936 0.00502271 -0.039125
v 0.13027816 0.00478134 -0.039125
v 0.13 0.00475 -0.039125
v 0.12972185 0.00478134 -0.039125
v 0.12922063 0.00502271 -0.039125
v 0.1288738 0.00545765 -0.039125
v 0.12875 0.006 -0.039125
v 0.1288738 0.00654235 -0.039125
v 0.12922063 0.00697729 -0.039125
v 0.12972185 0.00721866 -0.039125
v 0.13027816 0.00721866 -0.039125
v 0.13077936 0.00697729 -0.039125
v 0.13112621 0.00654235 -0.039125
v 0.13124999 0.006 -0.039125
v 0.13112621 0.00545765 -0.039125
v 0.12347723 -0.00551914 -0.042125
v 0.12378237 -0.00570626 -0.04177801
v 0.12401037 -0.00584608 -0.0415534
v 0.12424047 -0.00598719 -0.04137177
v 0.12447916 -0.00613356 -0.04123544
v 0.12475301 -0.0063015 -0.04114522
v 0.12348104 -0.00552148 -0.04212053
v 0.12374632 -0.00568416 -0.04181693
v 0.12452752 -0.00616322 -0.04121436
v 0.12463738 -0.00623059 -0.04117465
v 0.13527818 -0.00628238 -0.0411519
v 0.13547248 -0.00616322 -0.04121436
v 0.13572508 -0.00600832 -0.04134879
v 0.13598964 -0.00584608 -0.0415534
v 0.13630678 -0.0056516 -0.0418756
v 0.13652277 -0.00551914 -0.042125
v 0.13651896 -0.00552148 -0.04212053
v 0.13077936 -0.00697729 -0.039125
v 0.13027816 -0.00721866 -0.039125
v 0.13 -0.00725 -0.039125
v 0.12972185 -0.00721866 -0.039125
v 0.12922063 -0.00697729 -0.039125
v 0.1288738 -0.00654235 -0.039125
v 0.12875 -0.006 -0.039125
v 0.1288738 -0.00545765 -0.039125
v 0.12922063 -0.00502271 -0.039125
v 0.12972185 -0.00478134 -0.039125
v 0.13027816 -0.00478134 -0.039125
v 0.13077936 -0.00502271 -0.039125
v 0.13112621 -0.00545765 -0.039125
v 0.13124999 -0.006 -0.039125
v 0.13112621 -0.00654235 -0.039125
v 0.12803039 0.0056527 -0.039125
v 0.12803039 0.0063473 -0.039125
v 0.12826794 0.007 -0.039125
v 0.12871443 0.00753209 -0.039125
v 0.12931596 0.00787938 -0.039125
v 0.13 0.008 -0.039125
v 0.13068403 0.00787938 -0.039125
v 0.13128558 0.00753209 -0.039125
v 0.13173205 0.007 -0.039125
v 0.13196962 0.0063473 -0.039125
v 0.13196962 0.0056527 -0.039125
v 0.13173205 0.005 -0.039125
v 0.13128558 0.00446791 -0.039125
v 0.13068403 0.00412061 -0.039125
v 0.13 0.004 -0.039125
v 0.12931596 0.00412061 -0.039125
v 0.12871443 0.00446791 -0.039125
v 0.12826794 0.005 -0.039125
v 0.12803039 -0.0063473 -0.039125
v 0.12803039 -0.0056527 -0.039125
v 0.12826794 -0.005 -0.039125
v 0.12871443 -0.00446791 -0.039125
v 0.12931596 -0.00412061 -0.039125
v 0.13 -0.004 -0.039125
v 0.13068403 -0.00412061 -0.039125
v 0.13128558 -0.00446791 -0.039125
v 0.13173205 -0.005 -0.039125
v 0.13196962 -0.0056527 -0.039125
v 0.13196962 -0.0063473 -0.039125
v 0.13173205 -0.007 -0.039125
v 0.13128558 -0.00753209 -0.039125
v 0.13068403 -0.00787938 -0.039125
v 0.13 -0.008 -0.039125
v 0.12931596 -0.00787938 -0.039125
v 0.12871443 -0.00753209 -0.039125
v 0.12826794 -0.007 -0.039125
v 0.13632002 0.00561408 -0.042125
v 0.13562402 0.0055933 -0.042125
v 0.13570614 0.00562252 -0.042125
v 0.13585216 0.00565568 -0.042125
v 0.13608856 0.00566274 -0.042125
v 0.13541691 0.00547908 -0.042125
v 0.13533878 0.00541686 -0.042125
v 0.13524243 0.00531942 -0.042125
v 0.13511032 0.00512324 -0.042125
v 0.13502797 0.00490152 -0.042125
v 0.13502797 -0.00490152 -0.042125
v 0.13524243 -0.00531942 -0.042125
v 0.13511032 -0.00512324 -0.042125
v 0.13570614 -0.00562252 -0.042125
v 0.13562402 -0.0055933 -0.042125
v 0.13541691 -0.00547908 -0.042125
v 0.13533878 -0.00541686 -0.042125
v 0.13585216 -0.00565568 -0.042125
v 0.13608856 -0.00566274 -0.042125
v 0.13632002 -0.00561408 -0.042125
v 0.12367997 -0.00561408 -0.042125
v 0.12414784 -0.00565568 -0.042125
v 0.12391143 -0.00566274 -0.042125
v 0.12466121 -0.00541686 -0.042125
v 0.12458309 -0.00547908 -0.042125
v 0.12437598 -0.0055933 -0.042125
v 0.12429386 -0.00562252 -0.042125
v 0.12475757 -0.00531942 -0.042125
v 0.12488969 -0.00512324 -0.042125
v 0.12497203 -0.00490152 -0.042125
v 0.12497203 0.00490152 -0.042125
v 0.12458309 0.00547908 -0.042125
v 0.12466121 0.00541686 -0.042125
v 0.12475757 0.00531942 -0.042125
v 0.12488969 0.00512324 -0.042125
v 0.12437598 0.0055933 -0.042125
v 0.12429386 0.00562252 -0.042125
v 0.12414784 0.00565568 -0.042125
v 0.12391143 0.00566274 -0.042125
v 0.12367997 0.00561408 -0.042125
v 0.12852781 -0.00202056 -0.03792328
v 0.12878092 -0.00218262 -0.0375489
v 0.12860726 -0.00207612 -0.03774232
v 0.13099632 -0.00229289 -0.03741789
v 0.13064061 -0.00241653 -0.03731287
v 0.13032086 -0.00247932 -0.03727125
v 0.13000073 -0.0025 -0.03725898
v 0.12967914 -0.00247932 -0.03727125
v 0.1293606 -0.00241685 -0.03731263
v 0.12905855 -0.00231596 -0.03739556
v 0.13147204 -0.00202067 -0.03792275
v 0.13139273 -0.00207612 -0.03774232
v 0.131219 -0.00218266 -0.03754884
v 0.13147219 0.00202056 -0.03792328
v 0.13121909 0.00218262 -0.0375489
v 0.13139273 0.00207612 -0.03774232
v 0.12900369 0.00229289 -0.03741789
v 0.12935939 0.00241653 -0.03731287
v 0.12967914 0.00247932 -0.03727125
v 0.12999928 0.0025 -0.03725898
v 0.13032086 0.00247932 -0.03727125
v 0.13063939 0.00241685 -0.03731263
v 0.13094145 0.00231596 -0.03739556
v 0.12852795 0.00202067 -0.03792275
v 0.12860726 0.00207612 -0.03774232
v 0.12878099 0.00218266 -0.03754884
v 0.13430902 -0.00466667 -0.04117394
v 0.13458778 -0.00466667 -0.04131598
v 0.13470711 -0.00466667 -0.04141789
v 0.13480902 -0.00466667 -0.04153721
v 0.13495106 -0.00466667 -0.04181598
v 0.13484232 -0.00494637 -0.04153721
v 0.13582392 -0.00584456 -0.04153721
v 0.13546903 -0.00597527 -0.04131598
v 0.13584493 -0.00570408 -0.04181598
v 0.1360929 -0.00571149 -0.04181598
v 0.13435632 -0.0050638 -0.04117394
v 0.13449556 -0.00543872 -0.04117394
v 0.13471895 -0.00577045 -0.04117394
v 0.13501401 -0.00604044 -0.04117394
v 0.13462728 -0.00499833 -0.04131598
v 0.13474357 -0.00531144 -0.04131598
v 0.13493015 -0.00558849 -0.04131598
v 0.13517655 -0.00581397 -0.04131598
v 0.1349404 -0.00521044 -0.04153721
v 0.13509774 -0.00544408 -0.04153721
v 0.13530555 -0.00563423 -0.04153721
v 0.13555221 -0.00577027 -0.04153721
v 0.13560562 -0.00563865 -0.04181598
v 0.1349804 -0.00491302 -0.04181598
v 0.13506676 -0.00514558 -0.04181598
v 0.13520534 -0.00535136 -0.04181598
v 0.13538837 -0.00551884 -0.04181598
v 0.13430902 0.00466667 -0.04117394
v 0.13458778 0.00466667 -0.04131598
v 0.13470711 0.00466667 -0.04141789
v 0.13480902 0.00466667 -0.04153721
v 0.13495106 0.00466667 -0.04181598
v 0.13555221 0.00577027 -0.04153721
v 0.13582392 0.00584456 -0.04153721
v 0.13584493 0.00570408 -0.04181598
v 0.13501401 0.00604044 -0.04117394
v 0.1360929 0.00571149 -0.04181598
v 0.13546903 0.00597527 -0.04131598
v 0.13435632 0.0050638 -0.04117394
v 0.13449556 0.00543872 -0.04117394
v 0.13462728 0.00499833 -0.04131598
v 0.13474357 0.00531144 -0.04131598
v 0.13493015 0.00558849 -0.04131598
v 0.13471895 0.00577045 -0.04117394
v 0.13517655 0.00581397 -0.04131598
v 0.13484232 0.00494637 -0.04153721
v 0.1349404 0.00521044 -0.04153721
v 0.13509774 0.00544408 -0.04153721
v 0.13530555 0.00563423 -0.04153721
v 0.1349804 0.00491302 -0.04181598
v 0.13506676 0.00514558 -0.04181598
v 0.13520534 0.00535136 -0.04181598
v 0.13538837 0.00551884 -0.04181598
v 0.13560562 0.00563865 -0.04181598
v 0.12504895 -0.00466667 -0.04181598
v 0.12519099 -0.00466667 -0.04153721
v 0.1252929 -0.00466667 -0.04141789
v 0.12541221 -0.00466667 -0.04131598
v 0.12569098 -0.00466667 -0.04117394
v 0.12444779 -0.00577027 -0.04153721
v 0.12417607 -0.00584456 -0.04153721
v 0.12415507 -0.00570408 -0.04181598
v 0.12498599 -0.00604044 -0.04117394
v 0.1239071 -0.00571149 -0.04181598
v 0.12453096 -0.00597527 -0.04131598
v 0.12564369 -0.0050638 -0.04117394
v 0.12550445 -0.00543872 -0.04117394
v 0.12537272 -0.00499833 -0.04131598
v 0.12525643 -0.00531144 -0.04131598
v 0.12506986 -0.00558849 -0.04131598
v 0.12528105 -0.00577045 -0.04117394
v 0.12482344 -0.00581397 -0.04131598
v 0.12515767 -0.00494637 -0.04153721
v 0.1250596 -0.00521044 -0.04153721
v 0.12490226 -0.00544408 -0.04153721
v 0.12469444 -0.00563423 -0.04153721
v 0.12501961 -0.00491302 -0.04181598
v 0.12493323 -0.00514558 -0.04181598
v 0.12479465 -0.00535136 -0.04181598
v 0.12461162 -0.00551884 -0.04181598
v 0.12439438 -0.00563865 -0.04181598
v 0.12504895 0.00466667 -0.04181598
v 0.12519099 0.00466667 -0.04153721
v 0.1252929 0.00466667 -0.04141789
v 0.12541221 0.00466667 -0.04131598
v 0.12569098 0.00466667 -0.04117394
v 0.12515767 0.00494637 -0.04153721
v 0.12417607 0.00584456 -0.04153721
v 0.12453096 0.00597527 -0.04131598
v 0.12415507 0.00570408 -0.04181598
v 0.1239071 0.00571149 -0.04181598
v 0.12564369 0.0050638 -0.04117394
v 0.12550445 0.00543872 -0.04117394
v 0.12528105 0.00577045 -0.04117394
v 0.12498599 0.00604044 -0.04117394
v 0.12537272 0.00499833 -0.04131598
v 0.12525643 0.00531144 -0.04131598
v 0.12506986 0.00558849 -0.04131598
v 0.12482344 0.00581397 -0.04131598
v 0.1250596 0.00521044 -0.04153721
v 0.12490226 0.00544408 -0.04153721
v 0.12469444 0.00563423 -0.04153721
v 0.12444779 0.00577027 -0.04153721
v 0.12439438 0.00563865 -0.04181598
v 0.12501961 0.00491302 -0.04181598
v 0.12493323 0.00514558 -0.04181598
v 0.12479465 0.00535136 -0.04181598
v 0.12461162 0.00551884 -0.04181598
v 0.12874328 0.00216117 -0.03777144
v 0.13123091 0.00217598 -0.03776028
v 0.13125671 -0.00216117 -0.03777144
v 0.1287691 -0.00217598 -0.03776028
v 0.002 0.009 -0.038125
v 0.002 0.009 -0.040125
v 0.002 0.0015 -0.038125
v 0.002 0.005 -0.040125
v 0.002 0.005 -0.042125
v 0.002 0.00492388 -0.04174232
v 0.002 0.00470711 -0.04141789
v 0.002 0.0015 -0.041125
v 0.002 0.004 -0.041125
v 0.002 0.00438268 -0.04120112
v -0.002 -0.009 -0.038125
v -0.002 -0.009 -0.040125
v -0.002 -0.0015 -0.038125
v -0.002 -0.005 -0.040125
v -0.002 -0.005 -0.042125
v -0.002 -0.00492388 -0.04174232
v -0.002 -0.00470711 -0.04141789
v -0.002 -0.0015 -0.041125
v -0.002 -0.004 -0.041125
v -0.002 -0.00438268 -0.04120112
v 0.0063473 0.00196962 -0.041125
v 0.00557981 0.00422063 -0.041125
v 0.00597216 0.00448485 -0.041125
v 0.00629149 0.00483383 -0.041125
v 0.00642461 0.00504625 -0.041125
v 0.007 0.00173205 -0.041125
v 0.00513638 0.00405594 -0.041125
v 0.0056527 0.00196962 -0.041125
v 0.00466667 0.004 -0.041125
v 0.005 0.00173205 -0.041125
v 0.00446791 0.00128558 -0.041125
v 0.00412061 0.00068404 -0.041125
v 0.00231596 0.00094145 -0.041125
v 0.00412061 -0.00068404 -0.041125
v 0.00446791 -0.00128558 -0.041125
v 0.002 -0.004 -0.041125
v 0.00466667 -0.004 -0.041125
v 0.005 -0.00173205 -0.041125
v 0.00513638 -0.00405594 -0.041125
v 0.0056527 -0.00196962 -0.041125
v 0.00557981 -0.00422063 -0.041125
v 0.0063473 -0.00196962 -0.041125
v 0.00597216 -0.00448485 -0.041125
v 0.00753209 0.00128558 -0.041125
v 0.00855742 0.00156832 -0.041125
v 0.00787938 0.00068404 -0.041125
v 0.00888724 0.00081478 -0.041125
v 0.008 -0 -0.041125
v 0.009 -0 -0.041125
v 0.00787938 -0.00068404 -0.041125
v 0.00888724 -0.00081478 -0.041125
v 0.00753209 -0.00128558 -0.041125
v 0.00855742 -0.00156832 -0.041125
v 0.007 -0.00173205 -0.041125
v 0.00642461 -0.00504625 -0.041125
v 0.00629149 -0.00483383 -0.041125
v 0.002 -0.0015 -0.041125
v 0.00231596 -0.00094145 -0.041125
v 0.004 -0 -0.041125
v 0.00247932 -0.00032086 -0.041125
v 0.00247932 0.00032086 -0.041125
v -0.002 0.0015 -0.041125
v -0.00412061 0.00068404 -0.041125
v -0.002 0.004 -0.041125
v -0.00446791 0.00128558 -0.041125
v -0.00466667 0.004 -0.041125
v -0.005 0.00173205 -0.041125
v -0.00513638 0.00405594 -0.041125
v -0.0056527 0.00196962 -0.041125
v -0.00557981 0.00422063 -0.041125
v -0.0063473 0.00196962 -0.041125
v -0.00597216 0.00448485 -0.041125
v -0.00642461 -0.00504625 -0.041125
v -0.00855742 -0.00156832 -0.041125
v -0.00753209 -0.00128558 -0.041125
v -0.00787938 -0.00068404 -0.041125
v -0.00888724 -0.00081478 -0.041125
v -0.008 -0 -0.041125
v -0.009 -0 -0.041125
v -0.00787938 0.00068404 -0.041125
v -0.00888724 0.00081478 -0.041125
v -0.00753209 0.00128558 -0.041125
v -0.00855742 0.00156832 -0.041125
v -0.007 0.00173205 -0.041125
v -0.00642461 0.00504625 -0.041125
v -0.00629149 0.00483383 -0.041125
v -0.007 -0.00173205 -0.041125
v -0.0063473 -0.00196962 -0.041125
v -0.00629149 -0.00483383 -0.041125
v -0.00597216 -0.00448485 -0.041125
v -0.00231596 0.00094145 -0.041125
v -0.00247932 0.00032086 -0.041125
v -0.004 -0 -0.041125
v -0.00247932 -0.00032086 -0.041125
v -0.00412061 -0.00068404 -0.041125
v -0.00231596 -0.00094145 -0.041125
v -0.00446791 -0.00128558 -0.041125
v -0.005 -0.00173205 -0.041125
v -0.00466667 -0.004 -0.041125
v -0.0056527 -0.00196962 -0.041125
v -0.00513638 -0.00405594 -0.041125
v -0.00557981 -0.00422063 -0.041125
v 0.003 0.009 -0.037125
v 0.00502271 0.00077936 -0.037125
v 0.00545765 0.00112621 -0.037125
v 0.004 -0.009 -0.037125
v 0.006 -0.00125 -0.037125
v 0.003 -0.009 -0.037125
v 0.00545765 -0.00112621 -0.037125
v 0.004 0.009 -0.037125
v 0.00502271 -0.00077936 -0.037125
v 0.00478134 -0.00027815 -0.037125
v 0.00478134 0.00027815 -0.037125
v 0.006 0.00125 -0.037125
v 0.00654235 0.00112621 -0.037125
v 0.00855742 0.00156832 -0.037125
v 0.00697729 0.00077936 -0.037125
v 0.00888724 0.00081478 -0.037125
v 0.00721866 0.00027815 -0.037125
v 0.009 -0 -0.037125
v 0.00721866 -0.00027815 -0.037125
v 0.00888724 -0.00081478 -0.037125
v 0.00855742 -0.00156832 -0.037125
v 0.00697729 -0.00077936 -0.037125
v 0.00654235 -0.00112621 -0.037125
v -0.00466667 0.005 -0.042125
v -0.00466667 0.005 -0.045125
v -0.002 0.005 -0.042125
v 0.00466667 0.005 -0.045125
v 0.00466667 0.005 -0.042125
v 0.00170711 0.005 -0.04083211
v 0.00192388 0.005 -0.04050768
v -0.00138268 0.005 -0.04104888
v -0.00170711 0.005 -0.04083211
v -0.00192388 0.005 -0.04050768
v -0.002 0.005 -0.040125
v 0.00138268 0.005 -0.04104888
v 0.001 0.005 -0.041125
v -0.001 0.005 -0.041125
v -0.004 0.009 -0.045125
v 0.004 0.009 -0.045125
v -0.00551914 0.00652277 -0.045125
v 0.00551914 0.00652277 -0.045125
v -0.00562252 0.00570614 -0.045125
v -0.00565875 0.00612559 -0.045125
v -0.00541686 0.00533878 -0.045125
v -0.00507824 0.00508862 -0.045125
v 0.00562252 0.00570614 -0.045125
v 0.00541686 0.00533878 -0.045125
v 0.00565875 0.00612559 -0.045125
v 0.00507824 0.00508862 -0.045125
v 0.00138268 0.009 -0.04104888
v 0.00170711 0.009 -0.04083211
v 0.00192388 0.009 -0.04050768
v -0.003 0.009 -0.037125
v -0.00261732 0.009 -0.03720112
v -0.00229289 0.009 -0.03741789
v -0.00207612 0.009 -0.03774232
v -0.002 0.009 -0.038125
v -0.004 0.009 -0.037125
v -0.002 0.009 -0.040125
v -0.00192388 0.009 -0.04050768
v -0.00170711 0.009 -0.04083211
v -0.00138268 0.009 -0.04104888
v -0.001 0.009 -0.041125
v 0.001 0.009 -0.041125
v 0.00229289 0.009 -0.03741789
v 0.00261732 0.009 -0.03720112
v 0.00207612 0.009 -0.03774232
v -0.00721866 0.00027815 -0.037125
v -0.00697729 0.00077936 -0.037125
v -0.00855742 0.00156832 -0.037125
v -0.00502271 -0.00077936 -0.037125
v -0.00545765 -0.00112621 -0.037125
v -0.003 -0.009 -0.037125
v -0.00545765 0.00112621 -0.037125
v -0.006 0.00125 -0.037125
v -0.004 -0.009 -0.037125
v -0.00654235 0.00112621 -0.037125
v -0.006 -0.00125 -0.037125
v -0.00654235 -0.00112621 -0.037125
v -0.00855742 -0.00156832 -0.037125
v -0.00697729 -0.00077936 -0.037125
v -0.00888724 -0.00081478 -0.037125
v -0.00721866 -0.00027815 -0.037125
v -0.009 -0 -0.037125
v -0.00888724 0.00081478 -0.037125
v -0.00502271 0.00077936 -0.037125
v -0.00478134 0.00027815 -0.037125
v -0.00478134 -0.00027815 -0.037125
v 0.00192388 -0.009 -0.04050768
v 0.00170711 -0.009 -0.04083211
v 0.004 -0.009 -0.045125
v 0.002 -0.009 -0.040125
v -0.00138268 -0.009 -0.04104888
v -0.00170711 -0.009 -0.04083211
v -0.004 -0.009 -0.045125
v -0.00192388 -0.009 -0.04050768
v 0.00229289 -0.009 -0.03741789
v 0.00207612 -0.009 -0.03774232
v 0.00261732 -0.009 -0.03720112
v 0.002 -0.009 -0.038125
v 0.00138268 -0.009 -0.04104888
v 0.001 -0.009 -0.041125
v -0.001 -0.009 -0.041125
v -0.00229289 -0.009 -0.03741789
v -0.00261732 -0.009 -0.03720112
v -0.00207612 -0.009 -0.03774232
v 0.00565875 -0.00612559 -0.045125
v 0.00551914 -0.00652277 -0.045125
v 0.00466667 -0.005 -0.045125
v -0.00551914 -0.00652277 -0.045125
v -0.00466667 -0.005 -0.045125
v -0.00541686 -0.00533878 -0.045125
v -0.00507824 -0.00508862 -0.045125
v -0.00562252 -0.00570614 -0.045125
v -0.00565875 -0.00612559 -0.045125
v 0.00507824 -0.00508862 -0.045125
v 0.00541686 -0.00533878 -0.045125
v 0.00562252 -0.00570614 -0.045125
v -0.00466667 -0.005 -0.042125
v 0.002 -0.005 -0.042125
v 0.00466667 -0.005 -0.042125
v -0.00170711 -0.005 -0.04083211
v -0.00192388 -0.005 -0.04050768
v 0.00138268 -0.005 -0.04104888
v 0.00170711 -0.005 -0.04083211
v 0.00192388 -0.005 -0.04050768
v 0.002 -0.005 -0.040125
v -0.00138268 -0.005 -0.04104888
v -0.001 -0.005 -0.041125
v 0.001 -0.005 -0.041125
v 0.002 -0.0015 -0.038125
v 0.002 -0.00438268 -0.04120112
v 0.002 -0.00470711 -0.04141789
v 0.002 -0.00492388 -0.04174232
v -0.002 0.0015 -0.038125
v -0.002 0.00438268 -0.04120112
v -0.002 0.00470711 -0.04141789
v -0.002 0.00492388 -0.04174232
v 0.00551914 -0.00652277 -0.042125
v 0.00570626 -0.00621764 -0.04177801
v 0.00584608 -0.00598963 -0.0415534
v 0.00598719 -0.00575953 -0.04137177
v 0.00613356 -0.00552084 -0.04123544
v 0.0063015 -0.00524699 -0.04114522
v 0.00552148 -0.00651896 -0.04212053
v 0.00568416 -0.00625368 -0.04181693
v 0.00616322 -0.00547248 -0.04121436
v 0.00623059 -0.00536262 -0.04117465
v 0.00628238 0.00527817 -0.0411519
v 0.00616322 0.00547248 -0.04121436
v 0.00600832 0.00572508 -0.04134879
v 0.00584608 0.00598963 -0.0415534
v 0.0056516 0.00630678 -0.0418756
v 0.00551914 0.00652277 -0.042125
v 0.00552148 0.00651896 -0.04212053
v 0.00502271 -0.00077936 -0.039125
v 0.00478134 -0.00027815 -0.039125
v 0.00475 -0 -0.039125
v 0.00478134 0.00027815 -0.039125
v 0.00502271 0.00077936 -0.039125
v 0.00545765 0.00112621 -0.039125
v 0.006 0.00125 -0.039125
v 0.00654235 0.00112621 -0.039125
v 0.00697729 0.00077936 -0.039125
v 0.00721866 0.00027815 -0.039125
v 0.00721866 -0.00027815 -0.039125
v 0.00697729 -0.00077936 -0.039125
v 0.00654235 -0.00112621 -0.039125
v 0.006 -0.00125 -0.039125
v 0.00545765 -0.00112621 -0.039125
v -0.00551914 0.00652277 -0.042125
v -0.00570626 0.00621764 -0.04177801
v -0.00584608 0.00598963 -0.0415534
v -0.00598719 0.00575953 -0.04137177
v -0.00613356 0.00552084 -0.04123544
v -0.0063015 0.00524699 -0.04114522
v -0.00552148 0.00651896 -0.04212053
v -0.00568416 0.00625368 -0.04181693
v -0.00616322 0.00547248 -0.04121436
v -0.00623059 0.00536262 -0.04117465
v -0.00628238 -0.00527817 -0.0411519
v -0.00616322 -0.00547248 -0.04121436
v -0.00600832 -0.00572508 -0.04134879
v -0.00584608 -0.00598963 -0.0415534
v -0.0056516 -0.00630678 -0.0418756
v -0.00551914 -0.00652277 -0.042125
v -0.00552148 -0.00651896 -0.04212053
v -0.00697729 -0.00077936 -0.039125
v -0.00721866 -0.00027815 -0.039125
v -0.00725 -0 -0.039125
v -0.00721866 0.00027815 -0.039125
v -0.00697729 0.00077936 -0.039125
v -0.00654235 0.00112621 -0.039125
v -0.006 0.00125 -0.039125
v -0.00545765 0.00112621 -0.039125
v -0.00502271 0.00077936 -0.039125
v -0.00478134 0.00027815 -0.039125
v -0.00478134 -0.00027815 -0.039125
v -0.00502271 -0.00077936 -0.039125
v -0.00545765 -0.00112621 -0.039125
v -0.006 -0.00125 -0.039125
v -0.00654235 -0.00112621 -0.039125
v 0.0056527 0.00196962 -0.039125
v 0.0063473 0.00196962 -0.039125
v 0.007 0.00173205 -0.039125
v 0.00753209 0.00128558 -0.039125
v 0.00787938 0.00068404 -0.039125
v 0.008 -0 -0.039125
v 0.00787938 -0.00068404 -0.039125
v 0.00753209 -0.00128558 -0.039125
v 0.007 -0.00173205 -0.039125
v 0.0063473 -0.00196962 -0.039125
v 0.0056527 -0.00196962 -0.039125
v 0.005 -0.00173205 -0.039125
v 0.00446791 -0.00128558 -0.039125
v 0.00412061 -0.00068404 -0.039125
v 0.004 -0 -0.039125
v 0.00412061 0.00068404 -0.039125
v 0.00446791 0.00128558 -0.039125
v 0.005 0.00173205 -0.039125
v -0.0063473 0.00196962 -0.039125
v -0.0056527 0.00196962 -0.039125
v -0.005 0.00173205 -0.039125
v -0.00446791 0.00128558 -0.039125
v -0.00412061 0.00068404 -0.039125
v -0.004 -0 -0.039125
v -0.00412061 -0.00068404 -0.039125
v -0.00446791 -0.00128558 -0.039125
v -0.005 -0.00173205 -0.039125
v -0.0056527 -0.00196962 -0.039125
v -0.0063473 -0.00196962 -0.039125
v -0.007 -0.00173205 -0.039125
v -0.00753209 -0.00128558 -0.039125
v -0.00787938 -0.00068404 -0.039125
v -0.008 -0 -0.039125
v -0.00787938 0.00068404 -0.039125
v -0.00753209 0.00128558 -0.039125
v -0.007 0.00173205 -0.039125
v 0.00561408 -0.00632002 -0.042125
v 0.0055933 -0.00562402 -0.042125
v 0.00562252 -0.00570614 -0.042125
v 0.00565568 -0.00585216 -0.042125
v 0.00566274 -0.00608857 -0.042125
v 0.00547908 -0.00541692 -0.042125
v 0.00541686 -0.00533878 -0.042125
v 0.00531942 -0.00524243 -0.042125
v 0.00512324 -0.00511031 -0.042125
v 0.00490152 -0.00502797 -0.042125
v -0.00490152 -0.00502797 -0.042125
v -0.00531942 -0.00524243 -0.042125
v -0.00512324 -0.00511031 -0.042125
v -0.00562252 -0.00570614 -0.042125
v -0.0055933 -0.00562402 -0.042125
v -0.00547908 -0.00541692 -0.042125
v -0.00541686 -0.00533878 -0.042125
v -0.00565568 -0.00585216 -0.042125
v -0.00566274 -0.00608857 -0.042125
v -0.00561408 -0.00632002 -0.042125
v -0.00561408 0.00632002 -0.042125
v -0.00565568 0.00585216 -0.042125
v -0.00566274 0.00608857 -0.042125
v -0.00541686 0.00533878 -0.042125
v -0.00547908 0.00541692 -0.042125
v -0.0055933 0.00562402 -0.042125
v -0.00562252 0.00570614 -0.042125
v -0.00531942 0.00524243 -0.042125
v -0.00512324 0.00511031 -0.042125
v -0.00490152 0.00502797 -0.042125
v 0.00490152 0.00502797 -0.042125
v 0.00547908 0.00541692 -0.042125
v 0.00541686 0.00533878 -0.042125
v 0.00531942 0.00524243 -0.042125
v 0.00512324 0.00511031 -0.042125
v 0.0055933 0.00562402 -0.042125
v 0.00562252 0.00570614 -0.042125
v 0.00565568 0.00585216 -0.042125
v 0.00566274 0.00608857 -0.042125
v 0.00561408 0.00632002 -0.042125
v -0.00202056 0.00147219 -0.03792328
v -0.00218262 0.00121909 -0.0375489
v -0.00207612 0.00139274 -0.03774232
v -0.00229289 -0.00099631 -0.03741789
v -0.00241653 -0.0006406 -0.03731287
v -0.00247932 -0.00032086 -0.03727125
v -0.0025 -7.2E-07 -0.03725898
v -0.00247932 0.00032086 -0.03727125
v -0.00241685 0.00063939 -0.03731263
v -0.00231596 0.00094145 -0.03739556
v -0.00202067 -0.00147204 -0.03792275
v -0.00207612 -0.00139274 -0.03774232
v -0.00218266 -0.00121901 -0.03754884
v 0.00202056 -0.00147219 -0.03792328
v 0.00218262 -0.00121909 -0.0375489
v 0.00207612 -0.00139274 -0.03774232
v 0.00229289 0.00099631 -0.03741789
v 0.00241653 0.0006406 -0.03731287
v 0.00247932 0.00032086 -0.03727125
v 0.0025 7.2E-07 -0.03725898
v 0.00247932 -0.00032086 -0.03727125
v 0.00241685 -0.00063939 -0.03731263
v 0.00231596 -0.00094145 -0.03739556
v 0.00202067 0.00147204 -0.03792275
v 0.00207612 0.00139274 -0.03774232
v 0.00218266 0.00121901 -0.03754884
v -0.00466667 -0.00430902 -0.04117394
v -0.00466667 -0.00458779 -0.04131598
v -0.00466667 -0.00470711 -0.04141789
v -0.00466667 -0.00480902 -0.04153721
v -0.00466667 -0.00495106 -0.04181598
v -0.00494637 -0.00484233 -0.04153721
v -0.00584456 -0.00582393 -0.04153721
v -0.00597527 -0.00546904 -0.04131598
v -0.00570408 -0.00584493 -0.04181598
v -0.00571149 -0.00609291 -0.04181598
v -0.0050638 -0.00435631 -0.04117394
v -0.00543872 -0.00449556 -0.04117394
v -0.00577045 -0.00471895 -0.04117394
v -0.00604044 -0.00501401 -0.04117394
v -0.00499833 -0.00462728 -0.04131598
v -0.00531144 -0.00474357 -0.04131598
v -0.00558849 -0.00493014 -0.04131598
v -0.00581397 -0.00517656 -0.04131598
v -0.00521044 -0.0049404 -0.04153721
v -0.00544408 -0.00509774 -0.04153721
v -0.00563423 -0.00530556 -0.04153721
v -0.00577027 -0.00555222 -0.04153721
v -0.00563865 -0.00560562 -0.04181598
v -0.00491302 -0.0049804 -0.04181598
v -0.00514558 -0.00506677 -0.04181598
v -0.00535136 -0.00520535 -0.04181598
v -0.00551884 -0.00538838 -0.04181598
v 0.00466667 -0.00430902 -0.04117394
v 0.00466667 -0.00458779 -0.04131598
v 0.00466667 -0.00470711 -0.04141789
v 0.00466667 -0.00480902 -0.04153721
v 0.00466667 -0.00495106 -0.04181598
v 0.00577027 -0.00555222 -0.04153721
v 0.00584456 -0.00582393 -0.04153721
v 0.00570408 -0.00584493 -0.04181598
v 0.00604044 -0.00501401 -0.04117394
v 0.00571149 -0.00609291 -0.04181598
v 0.00597527 -0.00546904 -0.04131598
v 0.0050638 -0.00435631 -0.04117394
v 0.00543872 -0.00449556 -0.04117394
v 0.00499833 -0.00462728 -0.04131598
v 0.00531144 -0.00474357 -0.04131598
v 0.00558849 -0.00493014 -0.04131598
v 0.00577045 -0.00471895 -0.04117394
v 0.00581397 -0.00517656 -0.04131598
v 0.00494637 -0.00484233 -0.04153721
v 0.00521044 -0.0049404 -0.04153721
v 0.00544408 -0.00509774 -0.04153721
v 0.00563423 -0.00530556 -0.04153721
v 0.00491302 -0.0049804 -0.04181598
v 0.00514558 -0.00506677 -0.04181598
v 0.00535136 -0.00520535 -0.04181598
v 0.00551884 -0.00538838 -0.04181598
v 0.00563865 -0.00560562 -0.04181598
v -0.00466667 0.00495106 -0.04181598
v -0.00466667 0.00480902 -0.04153721
v -0.00466667 0.00470711 -0.04141789
v -0.00466667 0.00458779 -0.04131598
v -0.00466667 0.00430902 -0.04117394
v -0.00577027 0.00555222 -0.04153721
v -0.00584456 0.00582393 -0.04153721
v -0.00570408 0.00584493 -0.04181598
v -0.00604044 0.00501401 -0.04117394
v -0.00571149 0.00609291 -0.04181598
v -0.00597527 0.00546904 -0.04131598
v -0.0050638 0.00435631 -0.04117394
v -0.00543872 0.00449556 -0.04117394
v -0.00499833 0.00462728 -0.04131598
v -0.00531144 0.00474357 -0.04131598
v -0.00558849 0.00493014 -0.04131598
v -0.00577045 0.00471895 -0.04117394
v -0.00581397 0.00517656 -0.04131598
v -0.00494637 0.00484233 -0.04153721
v -0.00521044 0.0049404 -0.04153721
v -0.00544408 0.00509774 -0.04153721
v -0.00563423 0.00530556 -0.04153721
v -0.00491302 0.0049804 -0.04181598
v -0.00514558 0.00506677 -0.04181598
v -0.00535136 0.00520535 -0.04181598
v -0.00551884 0.00538838 -0.04181598
v -0.00563865 0.00560562 -0.04181598
v 0.00466667 0.00495106 -0.04181598
v 0.00466667 0.00480902 -0.04153721
v 0.00466667 0.00470711 -0.04141789
v 0.00466667 0.00458779 -0.04131598
v 0.00466667 0.00430902 -0.04117394
v 0.00494637 0.00484233 -0.04153721
v 0.00584456 0.00582393 -0.04153721
v 0.00597527 0.00546904 -0.04131598
v 0.00570408 0.00584493 -0.04181598
v 0.00571149 0.00609291 -0.04181598
v 0.0050638 0.00435631 -0.04117394
v 0.00543872 0.00449556 -0.04117394
v 0.00577045 0.00471895 -0.04117394
v 0.00604044 0.00501401 -0.04117394
v 0.00499833 0.00462728 -0.04131598
v 0.00531144 0.00474357 -0.04131598
v 0.00558849 0.00493014 -0.04131598
v 0.00581397 0.00517656 -0.04131598
v 0.00521044 0.0049404 -0.04153721
v 0.00544408 0.00509774 -0.04153721
v 0.00563423 0.00530556 -0.04153721
v 0.00577027 0.00555222 -0.04153721
v 0.00563865 0.00560562 -0.04181598
v 0.00491302 0.0049804 -0.04181598
v 0.00514558 0.00506677 -0.04181598
v 0.00535136 0.00520535 -0.04181598
v 0.00551884 0.00538838 -0.04181598
v 0.00216117 0.00125672 -0.03777144
v 0.00217598 -0.0012309 -0.03776028
v -0.00216117 -0.00125672 -0.03777144
v -0.00217598 0.0012309 -0.03776028
v 0.04695014 -0.00177511 0.005
v 0.04695014 -0.00177511 0.025125
v 0.04948585 -0.00721296 0.005
v 0.04948585 -0.00721296 0.025125
v 0.05854893 -0.00298678 0.005
v 0.05854893 -0.00298678 0.025125
v 0.05601322 0.00245107 0.005
v 0.05601322 0.00245107 0.025125
v 0.07051415 0.00921296 -0.005
v 0.07051415 0.00921296 -0.025125
v 0.07304986 0.00377511 -0.005
v 0.07304986 0.00377511 -0.025125
v 0.06398678 -0.00045107 -0.005
v 0.06398678 -0.00045107 -0.025125
v 0.06145107 0.00498678 -0.005
v 0.06145107 0.00498678 -0.025125
v 0.06881461 0.00399315 0.033125
v 0.0716904 0.00314119 0.033125
v 0.06863258 0.00502544 0.033125
v 0.06915469 0.00857903 0.033125
v 0.0679588 0.00582842 0.033125
v 0.0669738 0.00618693 0.033125
v 0.06594151 0.00600491 0.033125
v 0.06190422 0.00519809 0.033125
v 0.06513853 0.00533113 0.033125
v 0.06662082 0.00215234 0.033125
v 0.06443993 -0.00023976 0.033125
v 0.06765311 0.00233436 0.033125
v 0.06845609 0.00300814 0.033125
v 0.06563582 0.00251085 0.033125
v 0.06496204 0.00331384 0.033125
v 0.06478001 0.00434613 0.033125
v 0.05337918 -0.00015234 0.033125
v 0.05436419 -0.00051085 0.033125
v 0.05556007 0.00223976 0.033125
v 0.05809578 -0.00319809 0.033125
v 0.05503796 -0.00131384 0.033125
v 0.05521999 -0.00234613 0.033125
v 0.05234689 -0.00033436 0.033125
v 0.04830961 -0.00114119 0.033125
v 0.05154391 -0.00100814 0.033125
v 0.05486147 -0.00333113 0.033125
v 0.05405849 -0.00400491 0.033125
v 0.05084531 -0.00657903 0.033125
v 0.0530262 -0.00418693 0.033125
v 0.0520412 -0.00382842 0.033125
v 0.05136742 -0.00302544 0.033125
v 0.0511854 -0.00199315 0.033125
v 0.06563582 0.00251085 -0.033125
v 0.06662082 0.00215234 -0.033125
v 0.06443993 -0.00023976 -0.033125
v 0.06765311 0.00233436 -0.033125
v 0.0716904 0.00314119 -0.033125
v 0.06845609 0.00300814 -0.033125
v 0.06881461 0.00399315 -0.033125
v 0.06915469 0.00857903 -0.033125
v 0.06863258 0.00502544 -0.033125
v 0.0679588 0.00582842 -0.033125
v 0.06496204 0.00331384 -0.033125
v 0.06190422 0.00519809 -0.033125
v 0.06478001 0.00434613 -0.033125
v 0.0669738 0.00618693 -0.033125
v 0.06594151 0.00600491 -0.033125
v 0.06513853 0.00533113 -0.033125
v 0.05486147 -0.00333113 -0.033125
v 0.05521999 -0.00234613 -0.033125
v 0.05809578 -0.00319809 -0.033125
v 0.05556007 0.00223976 -0.033125
v 0.05503796 -0.00131384 -0.033125
v 0.05436419 -0.00051085 -0.033125
v 0.05405849 -0.00400491 -0.033125
v 0.05084531 -0.00657903 -0.033125
v 0.0530262 -0.00418693 -0.033125
v 0.05337918 -0.00015234 -0.033125
v 0.05234689 -0.00033436 -0.033125
v 0.04830961 -0.00114119 -0.033125
v 0.05154391 -0.00100814 -0.033125
v 0.0511854 -0.00199315 -0.033125
v 0.05136742 -0.00302544 -0.033125
v 0.0520412 -0.00382842 -0.033125
v 0.05039216 -0.00679034 -0.037125
v 0.05039216 -0.00679034 -0.033625
v 0.04495431 -0.00932605 -0.037125
v 0.05016559 -0.006896 -0.03355801
v 0.05039216 -0.00679034 0.033625
v 0.05039216 -0.00679034 0.037125
v 0.05016559 -0.006896 0.03355801
v 0.04495431 -0.00932605 0.037125
v 0.04999972 -0.00697334 0.033375
v 0.04999972 -0.00697334 -0.033375
v 0.04993901 -0.00700165 -0.033125
v 0.04999972 -0.00697334 -0.032875
v 0.04993901 -0.00700165 0.033125
v 0.04999972 -0.00697334 0.032875
v 0.05877551 -0.00288112 -0.03355801
v 0.05854893 -0.00298678 -0.033625
v 0.05854893 -0.00298678 -0.037125
v 0.05039216 -0.00679034 0.032625
v 0.05016559 -0.006896 0.03269199
v 0.05039216 -0.00679034 0.02685705
v 0.05764262 -0.0034094 -0.02685705
v 0.05673632 -0.00383201 -0.027125
v 0.05061874 -0.00668469 -0.03269199
v 0.05129847 -0.00636772 -0.027125
v 0.05039216 -0.00679034 -0.032625
v 0.05039216 -0.00679034 -0.02685705
v 0.05016559 -0.006896 -0.03269199
v 0.0497287 -0.00709972 -0.026125
v 0.04948585 -0.00721296 -0.025125
v 0.07214355 0.0033525 0.037125
v 0.07214355 0.0033525 0.033625
v 0.07758139 0.00588821 0.037125
v 0.07237013 0.00345815 0.03355801
v 0.07214355 0.0033525 -0.033625
v 0.07214355 0.0033525 -0.037125
v 0.07237013 0.00345815 -0.03355801
v 0.07758139 0.00588821 -0.037125
v 0.07253599 0.00353549 -0.033375
v 0.05830609 -0.00310002 -0.026125
v 0.06422962 -0.00033783 -0.026125
v 0.05894138 -0.00280378 -0.033375
v 0.06489309 -2.845E-05 -0.02685705
v 0.06579939 0.00039417 -0.027125
v 0.07123724 0.00292988 -0.027125
v 0.05854893 -0.00298678 -0.032625
v 0.05877551 -0.00288112 -0.03269199
v 0.05764262 -0.0034094 -0.00326795
v 0.05673632 -0.00383201 -0.003
v 0.06422962 -0.00033783 -0.004
v 0.0507846 -0.00660734 -0.032875
v 0.05815649 -0.00316978 -0.032875
v 0.05832236 -0.00309243 -0.03269199
v 0.06437922 -0.00026807 -0.032875
v 0.0717511 0.0031695 -0.032875
v 0.07214355 0.0033525 -0.02685705
v 0.07191697 0.00324684 -0.03269199
v 0.07280701 0.00366187 -0.026125
v 0.0637602 -0.00055672 0.03355801
v 0.06398678 -0.00045107 0.033625
v 0.06398678 -0.00045107 0.037125
v 0.05830609 -0.00310002 -0.004
v 0.05854893 -0.00298678 -0.005
v 0.05854893 -0.00298678 -0.025125
v 0.07214355 0.0033525 -0.032625
v 0.07237013 0.00345815 -0.03269199
v 0.07253599 0.00353549 -0.032875
v 0.06398678 -0.00045107 -0.037125
v 0.06398678 -0.00045107 -0.033625
v 0.0637602 -0.00055672 -0.03355801
v 0.06359433 -0.00063407 -0.033375
v 0.05900209 -0.00277547 -0.033125
v 0.06353363 -0.00066238 -0.033125
v 0.05894138 -0.00280378 -0.032875
v 0.06359433 -0.00063407 -0.032875
v 0.0637602 -0.00055672 -0.03269199
v 0.06398678 -0.00045107 -0.032625
v 0.06421336 -0.00034541 -0.03269199
v 0.06489309 -2.845E-05 -0.00326795
v 0.06398678 -0.00045107 0.005
v 0.05129847 -0.00636772 -0.003
v 0.05039216 -0.00679034 -0.00326795
v 0.07253599 0.00353549 0.032875
v 0.07237013 0.00345815 0.03269199
v 0.07304986 0.00377511 0.025125
v 0.07280701 0.00366187 -0.004
v 0.06489309 -2.845E-05 0.02685705
v 0.06579939 0.00039417 0.027125
v 0.07191697 0.00324684 0.03269199
v 0.07123724 0.00292988 0.027125
v 0.07214355 0.0033525 0.032625
v 0.07214355 0.0033525 0.02685705
v 0.07280701 0.00366187 0.026125
v 0.06359433 -0.00063407 0.033375
v 0.05061874 -0.00668469 0.03269199
v 0.05673632 -0.00383201 0.027125
v 0.0507846 -0.00660734 0.032875
v 0.05764262 -0.0034094 0.02685705
v 0.0497287 -0.00709972 0.026125
v 0.0725967 0.00356381 -0.033125
v 0.0497287 -0.00709972 -0.004
v 0.04948585 -0.00721296 -0.005
v 0.05894138 -0.00280378 0.032875
v 0.05877551 -0.00288112 0.03269199
v 0.07253599 0.00353549 0.033375
v 0.0725967 0.00356381 0.033125
v 0.0717511 0.0031695 0.032875
v 0.06437922 -0.00026807 0.032875
v 0.06398678 -0.00045107 0.025125
v 0.06422962 -0.00033783 0.026125
v 0.0637602 -0.00055672 0.03269199
v 0.06421336 -0.00034541 0.03269199
v 0.06398678 -0.00045107 0.032625
v 0.05129847 -0.00636772 0.027125
v 0.07304986 0.00377511 0.005
v 0.05815649 -0.00316978 0.032875
v 0.05832236 -0.00309243 0.03269199
v 0.05854893 -0.00298678 0.032625
v 0.05830609 -0.00310002 0.026125
v 0.07123724 0.00292988 0.003
v 0.06579939 0.00039417 0.003
v 0.06579939 0.00039417 -0.003
v 0.06489309 -2.845E-05 0.00326795
v 0.06422962 -0.00033783 0.004
v 0.07280701 0.00366187 0.004
v 0.07214355 0.0033525 0.00326795
v 0.07214355 0.0033525 -0.00326795
v 0.07123724 0.00292988 -0.003
v 0.05854893 -0.00298678 0.037125
v 0.05854893 -0.00298678 0.033625
v 0.05877551 -0.00288112 0.03355801
v 0.05894138 -0.00280378 0.033375
v 0.06353363 -0.00066238 0.033125
v 0.05900209 -0.00277547 0.033125
v 0.06359433 -0.00063407 0.032875
v 0.05673632 -0.00383201 0.003
v 0.05764262 -0.0034094 0.00326795
v 0.05830609 -0.00310002 0.004
v 0.05129847 -0.00636772 0.003
v 0.05039216 -0.00679034 0.00326795
v 0.0497287 -0.00709972 0.004
v 0.06960784 0.00879034 0.032625
v 0.06983442 0.008896 0.03269199
v 0.06960784 0.00879034 0.02685705
v 0.07000028 0.00897334 0.032875
v 0.07006099 0.00900165 0.033125
v 0.07504568 0.01132605 0.037125
v 0.06960784 0.00879034 0.033625
v 0.06960784 0.00879034 0.037125
v 0.06983442 0.008896 0.03355801
v 0.07000028 0.00897334 0.033375
v 0.07504568 0.01132605 -0.037125
v 0.07051415 0.00921296 0.005
v 0.07051415 0.00921296 0.025125
v 0.06960784 0.00879034 -0.037125
v 0.06960784 0.00879034 -0.033625
v 0.06983442 0.008896 -0.03355801
v 0.07000028 0.00897334 -0.033375
v 0.06960784 0.00879034 -0.02685705
v 0.0702713 0.00909972 -0.026125
v 0.06938126 0.00868469 0.03269199
v 0.06870153 0.00836772 0.027125
v 0.06326368 0.00583201 0.027125
v 0.0702713 0.00909972 0.026125
v 0.0542006 0.00160583 -0.027125
v 0.05510692 0.00202845 -0.02685705
v 0.06235738 0.0054094 -0.02685705
v 0.05577038 0.00233783 -0.026125
v 0.06169391 0.00510002 -0.026125
v 0.05601322 0.00245107 -0.025125
v 0.06145107 0.00498678 -0.033625
v 0.06145107 0.00498678 -0.037125
v 0.06122449 0.00488112 -0.03355801
v 0.05601322 0.00245107 -0.037125
v 0.06921539 0.00860734 -0.032875
v 0.06184351 0.00516978 -0.032875
v 0.06938126 0.00868469 -0.03269199
v 0.06167765 0.00509243 -0.03269199
v 0.04785645 -0.0013525 0.037125
v 0.04785645 -0.0013525 0.033625
v 0.04241861 -0.0038882 0.037125
v 0.04762987 -0.00145815 0.03355801
v 0.04785645 -0.0013525 -0.033625
v 0.04785645 -0.0013525 -0.037125
v 0.04762987 -0.00145815 -0.03355801
v 0.04241861 -0.0038882 -0.037125
v 0.04746401 -0.00153549 -0.033375
v 0.05601322 0.00245107 -0.033625
v 0.0562398 0.00255672 -0.03355801
v 0.05601322 0.00245107 -0.005
v 0.06169391 0.00510002 -0.004
v 0.07006099 0.00900165 -0.033125
v 0.07000028 0.00897334 -0.032875
v 0.06983442 0.008896 -0.03269199
v 0.06870153 0.00836772 -0.027125
v 0.06326368 0.00583201 -0.027125
v 0.04785645 -0.0013525 -0.02685705
v 0.05578664 0.00234541 -0.03269199
v 0.05562078 0.00226807 -0.032875
v 0.05577038 0.00233783 -0.004
v 0.06326368 0.00583201 -0.003
v 0.06235738 0.0054094 -0.00326795
v 0.0562398 0.00255672 -0.03269199
v 0.06122449 0.00488112 -0.03269199
v 0.06105863 0.00480378 -0.032875
v 0.05601322 0.00245107 -0.032625
v 0.04876276 -0.00092988 -0.027125
v 0.06145107 0.00498678 -0.032625
v 0.0702713 0.00909972 -0.004
v 0.05601322 0.00245107 0.033625
v 0.05601322 0.00245107 0.037125
v 0.0562398 0.00255672 0.03355801
v 0.06145107 0.00498678 0.037125
v 0.06960784 0.00879034 -0.032625
v 0.05640566 0.00263407 -0.033375
v 0.06105863 0.00480378 -0.033375
v 0.06099791 0.00477547 -0.033125
v 0.05646637 0.00266238 -0.033125
v 0.05640566 0.00263407 -0.032875
v 0.04824889 -0.0011695 -0.032875
v 0.04808303 -0.00124684 -0.03269199
v 0.04719299 -0.00166187 -0.026125
v 0.04695014 -0.00177511 -0.025125
v 0.06145107 0.00498678 0.033625
v 0.06122449 0.00488112 0.03355801
v 0.05510692 0.00202845 -0.00326795
v 0.06145107 0.00498678 0.005
v 0.06169391 0.00510002 0.004
v 0.04746401 -0.00153549 0.032875
v 0.04762987 -0.00145815 0.03269199
v 0.04785645 -0.0013525 -0.032625
v 0.04762987 -0.00145815 -0.03269199
v 0.04746401 -0.00153549 -0.032875
v 0.0562398 0.00255672 0.03269199
v 0.05577038 0.00233783 0.026125
v 0.05510692 0.00202845 0.02685705
v 0.06184351 0.00516978 0.032875
v 0.04719299 -0.00166187 -0.004
v 0.04695014 -0.00177511 -0.005
v 0.04824889 -0.0011695 0.032875
v 0.0542006 0.00160583 0.027125
v 0.04808303 -0.00124684 0.03269199
v 0.04876276 -0.00092988 0.027125
v 0.04785645 -0.0013525 0.032625
v 0.04785645 -0.0013525 0.02685705
v 0.04719299 -0.00166187 0.026125
v 0.06235738 0.0054094 0.02685705
v 0.06145107 0.00498678 0.032625
v 0.06167765 0.00509243 0.03269199
v 0.06921539 0.00860734 0.032875
v 0.05562078 0.00226807 0.032875
v 0.05578664 0.00234541 0.03269199
v 0.05601322 0.00245107 0.032625
v 0.06105863 0.00480378 0.033375
v 0.05640566 0.00263407 0.033375
v 0.05640566 0.00263407 0.032875
v 0.06122449 0.00488112 0.03269199
v 0.04746401 -0.00153549 0.033375
v 0.0474033 -0.0015638 0.033125
v 0.0474033 -0.0015638 -0.033125
v 0.05646637 0.00266238 0.033125
v 0.06099791 0.00477547 0.033125
v 0.06105863 0.00480378 0.032875
v 0.06235738 0.0054094 0.00326795
v 0.06326368 0.00583201 0.003
v 0.06870153 0.00836772 -0.003
v 0.06870153 0.00836772 0.003
v 0.06960784 0.00879034 -0.00326795
v 0.06960784 0.00879034 0.00326795
v 0.0702713 0.00909972 0.004
v 0.04719299 -0.00166187 0.004
v 0.04785645 -0.0013525 -0.00326795
v 0.04785645 -0.0013525 0.00326795
v 0.04876276 -0.00092988 -0.003
v 0.04876276 -0.00092988 0.003
v 0.0542006 0.00160583 -0.003
v 0.0542006 0.00160583 0.003
v 0.05510692 0.00202845 0.00326795
v 0.05577038 0.00233783 0.004
v 0.06145107 0.00498678 0.025125
v 0.06169391 0.00510002 0.026125
v 0.05952002 0.00133608 -0.037125
v 0.05975237 0.00153105 -0.037125
v 0.06005107 0.00158371 -0.037125
v 0.06033608 0.00147998 -0.037125
v 0.06024763 0.00046895 -0.037125
v 0.05994893 0.00041629 -0.037125
v 0.06047998 0.00066392 -0.037125
v 0.06058371 0.00094893 -0.037125
v 0.06053105 0.00124763 -0.037125
v 0.05941629 0.00105107 -0.037125
v 0.05946895 0.00075237 -0.037125
v 0.05966392 0.00052002 -0.037125
v 0.06005107 0.00158371 0.037125
v 0.05975237 0.00153105 0.037125
v 0.05952002 0.00133608 0.037125
v 0.05994893 0.00041629 0.037125
v 0.06024763 0.00046895 0.037125
v 0.06047998 0.00066392 0.037125
v 0.06033608 0.00147998 0.037125
v 0.06053105 0.00124763 0.037125
v 0.06058371 0.00094893 0.037125
v 0.05966392 0.00052002 0.037125
v 0.05946895 0.00075237 0.037125
v 0.05941629 0.00105107 0.037125
v 0.06774371 0.00552124 0.027125
v 0.06829271 0.00486696 0.027125
v 0.06844103 0.00402583 0.027125
v 0.06814891 0.00322324 0.027125
v 0.06749463 0.00267423 0.027125
v 0.0666535 0.00252592 0.027125
v 0.06694111 0.00581336 0.027125
v 0.06609999 0.00566504 0.027125
v 0.06544571 0.00511604 0.027125
v 0.06515358 0.00431344 0.027125
v 0.0653019 0.00347232 0.027125
v 0.06585091 0.00281804 0.027125
v 0.06694111 0.00581336 -0.027125
v 0.06609999 0.00566504 -0.027125
v 0.06544571 0.00511604 -0.027125
v 0.06515358 0.00431344 -0.027125
v 0.06844103 0.00402583 -0.027125
v 0.06829271 0.00486696 -0.027125
v 0.06774371 0.00552124 -0.027125
v 0.0653019 0.00347232 -0.027125
v 0.06585091 0.00281804 -0.027125
v 0.06814891 0.00322324 -0.027125
v 0.06749463 0.00267423 -0.027125
v 0.0666535 0.00252592 -0.027125
v 0.05484641 -0.00231344 -0.027125
v 0.0546981 -0.00147232 -0.027125
v 0.05414909 -0.00081804 -0.027125
v 0.0533465 -0.00052592 -0.027125
v 0.05305889 -0.00381336 -0.027125
v 0.05390001 -0.00366504 -0.027125
v 0.05455429 -0.00311604 -0.027125
v 0.05250537 -0.00067423 -0.027125
v 0.05185109 -0.00122324 -0.027125
v 0.05225629 -0.00352124 -0.027125
v 0.05170728 -0.00286696 -0.027125
v 0.05155897 -0.00202583 -0.027125
v 0.05414909 -0.00081804 0.027125
v 0.0546981 -0.00147232 0.027125
v 0.05484641 -0.00231344 0.027125
v 0.05185109 -0.00122324 0.027125
v 0.05250537 -0.00067423 0.027125
v 0.0533465 -0.00052592 0.027125
v 0.05225629 -0.00352124 0.027125
v 0.05170728 -0.00286696 0.027125
v 0.05155897 -0.00202583 0.027125
v 0.05305889 -0.00381336 0.027125
v 0.05390001 -0.00366504 0.027125
v 0.05455429 -0.00311604 0.027125
v 0.05390001 -0.00366504 -0.03275
v 0.05305889 -0.00381336 -0.03275
v 0.05225629 -0.00352124 -0.03275
v 0.05170728 -0.00286696 -0.03275
v 0.05155897 -0.00202583 -0.03275
v 0.05185109 -0.00122324 -0.03275
v 0.05250537 -0.00067423 -0.03275
v 0.0533465 -0.00052592 -0.03275
v 0.05414909 -0.00081804 -0.03275
v 0.0546981 -0.00147232 -0.03275
v 0.05484641 -0.00231344 -0.03275
v 0.05455429 -0.00311604 -0.03275
v 0.06749463 0.00267423 -0.03275
v 0.0666535 0.00252592 -0.03275
v 0.06585091 0.00281804 -0.03275
v 0.0653019 0.00347232 -0.03275
v 0.06515358 0.00431344 -0.03275
v 0.06544571 0.00511604 -0.03275
v 0.06609999 0.00566504 -0.03275
v 0.06694111 0.00581336 -0.03275
v 0.06774371 0.00552124 -0.03275
v 0.06829271 0.00486696 -0.03275
v 0.06844103 0.00402583 -0.03275
v 0.06814891 0.00322324 -0.03275
v 0.05250537 -0.00067423 0.03275
v 0.05185109 -0.00122324 0.03275
v 0.05155897 -0.00202583 0.03275
v 0.05170728 -0.00286696 0.03275
v 0.05225629 -0.00352124 0.03275
v 0.05305889 -0.00381336 0.03275
v 0.05390001 -0.00366504 0.03275
v 0.05455429 -0.00311604 0.03275
v 0.05484641 -0.00231344 0.03275
v 0.0546981 -0.00147232 0.03275
v 0.05414909 -0.00081804 0.03275
v 0.0533465 -0.00052592 0.03275
v 0.06609999 0.00566504 0.03275
v 0.06544571 0.00511604 0.03275
v 0.06515358 0.00431344 0.03275
v 0.0653019 0.00347232 0.03275
v 0.06585091 0.00281804 0.03275
v 0.0666535 0.00252592 0.03275
v 0.06749463 0.00267423 0.03275
v 0.06814891 0.00322324 0.03275
v 0.06844103 0.00402583 0.03275
v 0.06829271 0.00486696 0.03275
v 0.06774371 0.00552124 0.03275
v 0.06694111 0.00581336 0.03275
v 0.00828678 0.01541361 0.033125
v 0.01183704 0.01419625 0.033125
v 0.01184745 0.01287975 0.033125
v 0.09320081 -0.00673482 0.033125
v 0.09277967 -0.00673482 0.033125
v 0.09277967 0.001 0.033125
v 0.07462893 0.01162824 0.033125
v 0.07424023 0.01111888 0.033125
v 0.06896935 0.01115 0.033125
v 0.06462526 -0.0165 0.033125
v 0.06462526 -0.0115 0.033125
v 0.06896935 -0.0115 0.033125
v 0.11184909 0.010566 0.033125
v 0.1111233 0.011251 0.033125
v 0.11815255 0.01287975 0.033125
v 0.10803861 0.0043012 0.033125
v 0.10887112 0.00412084 0.033125
v 0.10404319 0.001 0.033125
v 0.12154657 -0.00088849 0.033125
v 0.09937131 0.00773482 0.033125
v 0.10443066 0.00819081 0.033125
v 0.10048121 0.00511364 0.033125
v 0.11480052 0.00303741 0.033125
v 0.12061586 0.0014792 0.033125
v 0.12158863 0.00146352 0.033125
v 0.12162866 0.00147331 0.033125
v 0.10735666 0.00481164 0.033125
v 0.10970318 0.00430328 0.033125
v 0.11038385 0.00481544 0.033125
v 0.11407518 0.00340241 0.033125
v 0.1050603 0.01129486 0.033125
v 0.10435898 0.01072152 0.033125
v 0.09937131 0.01115 0.033125
v 0.10398253 0.00989759 0.033125
v 0.10400818 0.0089921 0.033125
v 0.12171322 0.01541361 0.033125
v 0.11015686 0.0115 0.033125
v 0.10594261 0.0115 0.033125
v 0.09937131 0.01419625 0.033125
v 0.11215352 0.00961557 0.033125
v 0.11533073 0.00954266 0.033125
v 0.11196078 0.00863636 0.033125
v 0.11342373 0.00561046 0.033125
v 0.11078965 0.0055644 0.033125
v 0.11332496 0.00480449 0.033125
v 0.11355474 0.00402569 0.033125
v 0.09186809 -0.0165 0.033125
v 0.0848344 -0.0115 0.033125
v 0.08563605 -0.01133231 0.033125
v 0.06896935 -0.0165 0.033125
v 0.061263 -0.0115 0.033125
v 0.05785549 -0.0165 0.033125
v 0.06039149 -0.01130013 0.033125
v 0.05785549 -0.01115 0.033125
v 0.05969417 -0.01074047 0.033125
v 0.05785549 -0.00673482 0.033125
v 0.06246055 -0.00673482 0.033125
v 0.06041777 -0.00768738 0.033125
v 0.05971238 -0.00823684 0.033125
v 0.05931691 -0.00903877 0.033125
v 0.05931041 -0.00993288 0.033125
v 0.05789082 -0.00169376 0.033125
v 0.05806509 -0.00231034 0.033125
v 0.05803544 -0.00295038 0.033125
v 0.06462526 0.001 0.033125
v 0.06446489 -0.00019148 0.033125
v 0.06428896 -3.431E-05 0.033125
v 0.05804275 -0.00318617 0.033125
v 0.05815735 -0.00339237 0.033125
v 0.06395038 -0.00096456 0.033125
v 0.06418617 -0.00095725 0.033125
v 0.06462526 -0.00572539 0.033125
v 0.06439237 -0.00084265 0.033125
v 0.06452307 -0.00064626 0.033125
v 0.06454919 -0.00041181 0.033125
v 0.05835374 -0.00352307 0.033125
v 0.05858819 -0.00354918 0.033125
v 0.05880852 -0.00346489 0.033125
v 0.05896569 -0.00328896 0.033125
v 0.06331034 -0.00093491 0.033125
v 0.06269376 -0.00110918 0.033125
v 0.05988421 -0.0024193 0.033125
v 0.05935438 -0.0027796 0.033125
v 0.07904793 0.001 0.033125
v 0.06896935 -0.00369972 0.033125
v 0.06896935 0.001 0.033125
v 0.07737422 0.00669366 0.033125
v 0.07701392 0.00722348 0.033125
v 0.07788358 0.00630496 0.033125
v 0.09186809 0.00773482 0.033125
v 0.07805951 0.0061478 0.033125
v 0.0781438 0.00592747 0.033125
v 0.07163736 0.0031531 0.033125
v 0.07175197 0.00294691 0.033125
v 0.07017532 0.00745507 0.033125
v 0.07148544 0.00464551 0.033125
v 0.07163005 0.00338889 0.033125
v 0.07165971 0.00402894 0.033125
v 0.07194836 0.0028162 0.033125
v 0.07218281 0.00279009 0.033125
v 0.07240314 0.00287438 0.033125
v 0.0725603 0.00305031 0.033125
v 0.09186809 0.001 0.033125
v 0.09135874 0.00387805 0.033125
v 0.09102441 0.00474347 0.033125
v 0.07811769 0.00569301 0.033125
v 0.08944042 0.00560868 0.033125
v 0.09033557 0.00536491 0.033125
v 0.072949 0.00355967 0.033125
v 0.07347883 0.00391998 0.033125
v 0.07628838 0.00523009 0.033125
v 0.07798699 0.00549662 0.033125
v 0.08853159 0.00542231 0.033125
v 0.07778079 0.00538202 0.033125
v 0.07754499 0.00537471 0.033125
v 0.07690495 0.00540436 0.033125
v 0.09186809 -0.01115 0.033125
v 0.08630326 -0.01085736 0.033125
v 0.09186809 -0.00673482 0.033125
v 0.08672417 -0.01015479 0.033125
v 0.09126659 0.0029549 0.033125
v 0.01900817 0.01131737 0.033125
v 0.01984314 0.0115 0.033125
v 0.03322515 0.0115 0.033125
v 0.05103065 0.01419625 0.033125
v 0.03932608 0.0115 0.033125
v 0.03932608 0.01419625 0.033125
v 0.03322515 0.01419625 0.033125
v 0.05785549 0.01419625 0.033125
v 0.05444798 0.0115 0.033125
v 0.05103065 0.0115 0.033125
v 0.05639407 0.00903877 0.033125
v 0.05785549 0.00773482 0.033125
v 0.05599861 0.00823684 0.033125
v 0.05529322 0.00768738 0.033125
v 0.05531949 0.01130013 0.033125
v 0.05785549 0.01115 0.033125
v 0.05601681 0.01074047 0.033125
v 0.05640057 0.00993288 0.033125
v 0.05560763 0.00284265 0.033125
v 0.05547693 0.00264626 0.033125
v 0.05103065 0.00569972 0.033125
v 0.0562204 0.00164562 0.033125
v 0.0565807 0.00111579 0.033125
v 0.05571104 0.00203431 0.033125
v 0.05103065 0.001 0.033125
v 0.05553511 0.00219148 0.033125
v 0.05545082 0.00241181 0.033125
v 0.05581383 0.00295725 0.033125
v 0.05604962 0.00296456 0.033125
v 0.05668966 0.00293491 0.033125
v 0.05730624 0.00310918 0.033125
v 0.0418562 -0.00392747 0.033125
v 0.04194049 -0.0041478 0.033125
v 0.03932608 -0.00673482 0.033125
v 0.04201302 -0.00349662 0.033125
v 0.04188231 -0.00369301 0.033125
v 0.03932608 0.00024178 0.033125
v 0.04211642 -0.00430496 0.033125
v 0.04262578 -0.00469366 0.033125
v 0.04298609 -0.00522348 0.033125
v 0.05069435 -0.00637359 0.033125
v 0.05018498 -0.00598489 0.033125
v 0.04221921 -0.00338202 0.033125
v 0.04095208 0.001 0.033125
v 0.042455 -0.00337471 0.033125
v 0.04836994 -0.00138889 0.033125
v 0.04836264 -0.0011531 0.033125
v 0.04824803 -0.00094691 0.033125
v 0.04805165 -0.0008162 0.033125
v 0.04834029 -0.00202894 0.033125
v 0.04851456 -0.00264551 0.033125
v 0.04982468 -0.00545507 0.033125
v 0.04781719 -0.00079009 0.033125
v 0.04759686 -0.00087438 0.033125
v 0.0474397 -0.00105031 0.033125
v 0.047051 -0.00155967 0.033125
v 0.04309504 -0.00340436 0.033125
v 0.04371162 -0.00323009 0.033125
v 0.04652118 -0.00191998 0.033125
v 0.03322515 -0.00673482 0.033125
v 0.03354162 -0.00245555 0.033125
v 0.02762695 0.001 0.033125
v 0.0214631 -0.00124043 0.033125
v 0.01183704 0.001 0.033125
v 0.02067549 -0.00153954 0.033125
v 0.02008092 -0.00213644 0.033125
v 0.03053587 -0.00796791 0.033125
v 0.02304899 -0.00168567 0.033125
v 0.02230401 -0.0012922 0.033125
v 0.03141081 -0.00217503 0.033125
v 0.03206729 -0.00254142 0.033125
v 0.03281267 -0.00263956 0.033125
v 0.01832569 0.01080283 0.033125
v 0.01792035 0.01005036 0.033125
v 0.01466927 0.00954266 0.033125
v 0.01786616 0.00919737 0.033125
v 0.01657627 0.00561046 0.033125
v 0.01797554 0.00909849 0.033125
v 0.01667504 0.00480449 0.033125
v 0.01644526 0.00402569 0.033125
v 0.06196456 0.00495038 0.033125
v 0.06195726 0.00518617 0.033125
v 0.06462526 0.00773482 0.033125
v 0.06193491 0.00431034 0.033125
v 0.06210918 0.00369376 0.033125
v 0.0634193 0.00088421 0.033125
v 0.06184265 0.00539237 0.033125
v 0.06164626 0.00552307 0.033125
v 0.06141181 0.00554918 0.033125
v 0.06119148 0.00546489 0.033125
v 0.06103431 0.00528896 0.033125
v 0.06064562 0.0047796 0.033125
v 0.06011579 0.0044193 0.033125
v 0.05138404 -0.00111964 0.033125
v 0.05110269 -0.00216964 0.033125
v 0.05103065 -0.00673482 0.033125
v 0.05138404 -0.00321964 0.033125
v 0.05215269 -0.00398829 0.033125
v 0.05320269 -0.00426964 0.033125
v 0.05425269 -0.00398829 0.033125
v 0.05502135 -0.00321964 0.033125
v 0.05530269 -0.00216964 0.033125
v 0.05502135 -0.00111964 0.033125
v 0.05425269 -0.00035098 0.033125
v 0.05320269 -6.964E-05 0.033125
v 0.05215269 -0.00035098 0.033125
v 0.04444813 -0.00952545 0.033125
v 0.04456273 -0.00973164 0.033125
v 0.03932608 -0.01115 0.033125
v 0.05103065 -0.01115 0.033125
v 0.05092845 -0.00698554 0.033125
v 0.05095457 -0.00675108 0.033125
v 0.05087028 -0.00653075 0.033125
v 0.05035576 -0.00730384 0.033125
v 0.05059155 -0.00729653 0.033125
v 0.05079775 -0.00718192 0.033125
v 0.0442962 -0.00803304 0.033125
v 0.04447047 -0.00864961 0.033125
v 0.04444082 -0.00928965 0.033125
v 0.04475912 -0.00986234 0.033125
v 0.04499358 -0.00988846 0.033125
v 0.04521391 -0.00980417 0.033125
v 0.04537107 -0.00962824 0.033125
v 0.04575977 -0.00911888 0.033125
v 0.04971572 -0.00727418 0.033125
v 0.04909915 -0.00744845 0.033125
v 0.04628959 -0.00875857 0.033125
v 0.06904543 0.00875108 0.033125
v 0.06912973 0.00853075 0.033125
v 0.06896935 0.00773482 0.033125
v 0.06930566 0.00837359 0.033125
v 0.06981502 0.00798489 0.033125
v 0.06964424 0.00930384 0.033125
v 0.06940845 0.00929653 0.033125
v 0.06920225 0.00918193 0.033125
v 0.06907155 0.00898554 0.033125
v 0.07028428 0.00927418 0.033125
v 0.07090086 0.00944845 0.033125
v 0.07371041 0.01075857 0.033125
v 0.07555187 0.01152545 0.033125
v 0.07543727 0.01173164 0.033125
v 0.09186809 0.01419625 0.033125
v 0.07524088 0.01186235 0.033125
v 0.06896935 0.01419625 0.033125
v 0.07500643 0.01188846 0.033125
v 0.07478609 0.01180417 0.033125
v 0.07552953 0.01064961 0.033125
v 0.07555918 0.01128965 0.033125
v 0.0757038 0.01003304 0.033125
v 0.09186809 0.01115 0.033125
v 0.11342373 -0.00561046 0.033125
v 0.11533073 -0.00954266 0.033125
v 0.11196078 -0.00863636 0.033125
v 0.11015686 -0.0115 0.033125
v 0.1111233 -0.011251 0.033125
v 0.11815255 -0.01287975 0.033125
v 0.11184909 -0.010566 0.033125
v 0.11215352 -0.00961557 0.033125
v 0.12171322 -0.01541361 0.033125
v 0.12416905 -0.0165 0.033125
v 0.09937131 -0.0115 0.033125
v 0.09937131 -0.0165 0.033125
v 0.09435935 -0.0115 0.033125
v 0.09277967 -0.0165 0.033125
v 0.09344275 -0.01127759 0.033125
v 0.09277967 -0.00795024 0.033125
v 0.09246957 -0.00884521 0.033125
v 0.09237963 -0.00978411 0.033125
v 0.09272999 -0.01065983 0.033125
v 0.09277967 -0.01115 0.033125
v 0.09962405 0.00569422 0.033125
v 0.09859144 0.00576843 0.033125
v 0.09277967 0.00773482 0.033125
v 0.09766006 0.0053164 0.033125
v 0.09707949 0.00445924 0.033125
v 0.09588088 0.001 0.033125
v 0.11162717 -0.00790184 0.033125
v 0.11130185 -0.00738283 0.033125
v 0.11332496 -0.00480449 0.033125
v 0.11355474 -0.00402569 0.033125
v 0.11407518 -0.00340241 0.033125
v 0.12162866 -0.00147331 0.033125
v 0.12158863 -0.00146352 0.033125
v 0.12061586 -0.0014792 0.033125
v 0.11480052 -0.00303741 0.033125
v 0.03018924 -0.0112659 0.033125
v 0.03090837 -0.01061839 0.033125
v 0.03322515 -0.01115 0.033125
v 0.03123934 -0.00970906 0.033125
v 0.03110467 -0.00875079 0.033125
v 0.0188767 -0.011251 0.033125
v 0.01984314 -0.0115 0.033125
v 0.01183704 -0.0165 0.033125
v 0.03322515 -0.0165 0.033125
v 0.0292503 -0.0115 0.033125
v 0.01644526 -0.00402569 0.033125
v 0.01667504 -0.00480449 0.033125
v 0.01978492 -0.00292523 0.033125
v 0.01657627 -0.00561046 0.033125
v 0.01912643 -0.00584632 0.033125
v 0.01468351 -0.00952074 0.033125
v 0.01803921 -0.00863636 0.033125
v 0.01784648 -0.00961557 0.033125
v 0.01188586 -0.01284431 0.033125
v 0.01815091 -0.010566 0.033125
v 0.09937131 0.0165 0.033125
v 0.12416905 0.0165 0.033125
v 0.00837134 0.00147331 0.033125
v 0.00841136 0.00146352 0.033125
v 0.00845344 -0.00088849 0.033125
v 0.00938413 0.0014792 0.033125
v 0.01519948 0.00303741 0.033125
v 0.01592481 0.00340241 0.033125
v 0.01592481 -0.00340241 0.033125
v 0.01519948 -0.00303741 0.033125
v 0.00938413 -0.0014792 0.033125
v 0.00841136 -0.00146352 0.033125
v 0.00837134 -0.00147331 0.033125
v 0.00835575 -0.01537633 0.033125
v 0.00583095 -0.0165 0.033125
v 0.036 -0.0108 0.033125
v 0.0364 -0.01069282 0.033125
v 0.03669282 -0.0104 0.033125
v 0.0368 -0.01 0.033125
v 0.0352 -0.01 0.033125
v 0.03530718 -0.0104 0.033125
v 0.0356 -0.01069282 0.033125
v 0.03530718 -0.0096 0.033125
v 0.0356 -0.00930718 0.033125
v 0.03669282 -0.0096 0.033125
v 0.0364 -0.00930718 0.033125
v 0.036 -0.0092 0.033125
v 0.03932608 -0.0165 0.033125
v 0.05103065 -0.0165 0.033125
v 0.06574731 0.00598829 0.033125
v 0.06497865 0.00521964 0.033125
v 0.06469731 0.00416964 0.033125
v 0.06497865 0.00311964 0.033125
v 0.0637796 0.00035438 0.033125
v 0.06574731 0.00235098 0.033125
v 0.06679731 0.00206964 0.033125
v 0.06784731 0.00235098 0.033125
v 0.06861596 0.00311964 0.033125
v 0.06889731 0.00416964 0.033125
v 0.06861596 0.00521964 0.033125
v 0.06784731 0.00598829 0.033125
v 0.06679731 0.00626964 0.033125
v 0.06462526 0.01115 0.033125
v 0.06462526 0.01419625 0.033125
v 0.09330718 0.0104 0.033125
v 0.0932 0.01 0.033125
v 0.09277967 0.01115 0.033125
v 0.09330718 0.0096 0.033125
v 0.0936 0.00930718 0.033125
v 0.094 0.0092 0.033125
v 0.0944 0.00930718 0.033125
v 0.09469282 0.0096 0.033125
v 0.0948 0.01 0.033125
v 0.09469282 0.0104 0.033125
v 0.0944 0.01069282 0.033125
v 0.094 0.0108 0.033125
v 0.0936 0.01069282 0.033125
v 0.09277967 0.01419625 0.033125
v 0.09277967 0.0165 0.033125
v 0.09186809 0.0165 0.033125
v 0.06896935 0.0165 0.033125
v 0.06462526 0.0165 0.033125
v 0.05785549 0.0165 0.033125
v 0.05103065 0.0165 0.033125
v 0.03932608 0.0165 0.033125
v 0.03322515 0.0165 0.033125
v 0.01183704 0.0165 0.033125
v 0.00583095 0.0165 0.033125
v 0.01086634 -0.00532106 0.037125
v 0.01169134 -0.0051 0.037125
v 0.00927067 -0.00468482 0.037125
v 0.00927067 -0.011675 0.037125
v 0.01559224 -0.011675 0.037125
v 0.01559224 -0.01115 0.037125
v 0.0356 -0.00930718 0.037125
v 0.036 -0.0092 0.037125
v 0.03322515 -0.00468482 0.037125
v 0.08132071 0.00205982 0.037125
v 0.06896935 0.00205982 0.037125
v 0.06896935 -0.00369972 0.037125
v 0.06011579 0.0044193 0.037125
v 0.05785549 0.00345344 0.037125
v 0.05730624 0.00310918 0.037125
v 0.06196456 0.00495038 0.037125
v 0.06193491 0.00431034 0.037125
v 0.06210918 0.00369376 0.037125
v 0.125025 0.00861695 0.037125
v 0.124 0.00834231 0.037125
v 0.12720001 0.00845 0.037125
v 0.007025 0.01216766 0.037125
v 0.00777535 0.01141731 0.037125
v 0.00927067 0.011675 0.037125
v 0.00631673 0.00568761 0.037125
v 0.00808398 0.00262664 0.037125
v 0.00927067 0.00345344 0.037125
v 0.00142894 0.014325 0.037125
v 0.00165 0.0135 0.037125
v 0.0028 0.01379615 0.037125
v -0.00895063 0.01386132 0.037125
v -0.01010697 0.01304221 0.037125
v -0.00999567 0.011675 0.037125
v -0.01631921 0.00243587 0.037125
v -0.01369567 0.00205982 0.037125
v -0.01369567 0.00345344 0.037125
v -0.01489655 -0.00709526 0.037125
v -0.01369567 -0.00468482 0.037125
v -0.01580524 -0.00473755 0.037125
v 0.12917501 -0.01207106 0.037125
v 0.13 -0.01185 0.037125
v 0.12720001 -0.011675 0.037125
v 0.14631921 0.00243587 0.037125
v 0.13999566 0.00345344 0.037125
v 0.13999566 0.00205982 0.037125
v 0.13839257 0.01420615 0.037125
v 0.13387825 0.01603774 0.037125
v 0.135075 0.01379615 0.037125
v 0.00805 -0.0103923 0.037125
v 0.00777535 -0.01141731 0.037125
v 0.00927067 -0.01115 0.037125
v 0.12154657 -0.00088849 0.037125
v 0.121725 -0.00391143 0.037125
v 0.12263878 -0.00425 0.037125
v 0.09246957 -0.00884521 0.037125
v 0.09277967 -0.00795024 0.037125
v 0.09277967 -0.00468482 0.037125
v 0.05639407 0.00903877 0.037125
v 0.05599861 0.00823684 0.037125
v 0.05785549 0.00845 0.037125
v 0.04836994 -0.00138889 0.037125
v 0.04834029 -0.00202894 0.037125
v 0.04851456 -0.00264551 0.037125
v 0.01978492 -0.00292523 0.037125
v 0.01559224 -0.00391143 0.037125
v 0.01559224 -0.00468482 0.037125
v 0.0936 0.01069282 0.037125
v 0.094 0.0108 0.037125
v 0.09277967 0.011675 0.037125
v 0.11184909 0.010566 0.037125
v 0.11215352 0.00961557 0.037125
v 0.11440776 0.00845 0.037125
v 0.10435898 0.01072152 0.037125
v 0.1050603 0.01129486 0.037125
v 0.09469282 0.0104 0.037125
v 0.10594261 0.0115 0.037125
v 0.0944 0.01069282 0.037125
v 0.0936 0.00930718 0.037125
v 0.09330718 0.0096 0.037125
v 0.09277967 0.00845 0.037125
v 0.0932 0.01 0.037125
v 0.09330718 0.0104 0.037125
v 0.11440776 0.011675 0.037125
v 0.11015686 0.0115 0.037125
v 0.1111233 0.011251 0.037125
v 0.10398253 0.00989759 0.037125
v 0.0948 0.01 0.037125
v 0.10400818 0.0089921 0.037125
v 0.09469282 0.0096 0.037125
v 0.10443066 0.00819081 0.037125
v 0.0944 0.00930718 0.037125
v 0.094 0.0092 0.037125
v 0.09859144 0.00576843 0.037125
v 0.10970318 0.00430328 0.037125
v 0.10887112 0.00412084 0.037125
v 0.11440776 0.00345344 0.037125
v 0.09673098 0.00345344 0.037125
v 0.09707949 0.00445924 0.037125
v 0.09766006 0.0053164 0.037125
v 0.11196078 0.00863636 0.037125
v 0.11078965 0.0055644 0.037125
v 0.11038385 0.00481544 0.037125
v 0.09962405 0.00569422 0.037125
v 0.10048121 0.00511364 0.037125
v 0.10735666 0.00481164 0.037125
v 0.10191876 0.00345344 0.037125
v 0.10803861 0.0043012 0.037125
v 0.02067549 -0.00153954 0.037125
v 0.0214631 -0.00124043 0.037125
v 0.01559224 0.00205982 0.037125
v 0.02008092 -0.00213644 0.037125
v 0.03322515 -0.00391143 0.037125
v 0.03206729 -0.00254142 0.037125
v 0.02570155 -0.00391143 0.037125
v 0.03141081 -0.00217503 0.037125
v 0.02304899 -0.00168567 0.037125
v 0.02636391 0.00205982 0.037125
v 0.02230401 -0.0012922 0.037125
v 0.01784648 -0.00961557 0.037125
v 0.01803921 -0.00863636 0.037125
v 0.01912643 -0.00584632 0.037125
v 0.01815091 -0.010566 0.037125
v 0.0188767 -0.011251 0.037125
v 0.01984314 -0.0115 0.037125
v 0.03322515 -0.011675 0.037125
v 0.0292503 -0.0115 0.037125
v 0.03018924 -0.0112659 0.037125
v 0.03322515 -0.01115 0.037125
v 0.03090837 -0.01061839 0.037125
v 0.03123934 -0.00970906 0.037125
v 0.03110467 -0.00875079 0.037125
v 0.03053587 -0.00796791 0.037125
v 0.01792035 0.01005036 0.037125
v 0.01832569 0.01080283 0.037125
v 0.01559224 0.011675 0.037125
v 0.01786616 0.00919737 0.037125
v 0.01797554 0.00909849 0.037125
v 0.01559224 0.00845 0.037125
v 0.01874839 0.00845 0.037125
v 0.01559224 0.00345344 0.037125
v 0.02470305 0.00345344 0.037125
v 0.04194049 -0.0041478 0.037125
v 0.0418562 -0.00392747 0.037125
v 0.03932608 -0.00391143 0.037125
v 0.04188231 -0.00369301 0.037125
v 0.03932608 0.00024178 0.037125
v 0.03354162 -0.00245555 0.037125
v 0.03281267 -0.00263956 0.037125
v 0.04781719 -0.00079009 0.037125
v 0.04805165 -0.0008162 0.037125
v 0.05103065 0.00205982 0.037125
v 0.05103065 -0.00391143 0.037125
v 0.04836264 -0.0011531 0.037125
v 0.04824803 -0.00094691 0.037125
v 0.0474397 -0.00105031 0.037125
v 0.04759686 -0.00087438 0.037125
v 0.04322486 0.00205982 0.037125
v 0.04201302 -0.00349662 0.037125
v 0.04221921 -0.00338202 0.037125
v 0.042455 -0.00337471 0.037125
v 0.04309504 -0.00340436 0.037125
v 0.047051 -0.00155967 0.037125
v 0.04652118 -0.00191998 0.037125
v 0.04371162 -0.00323009 0.037125
v 0.05103065 0.00345344 0.037125
v 0.0462135 0.00345344 0.037125
v 0.05529322 0.00768738 0.037125
v 0.05103065 0.00569972 0.037125
v 0.05640057 0.00993288 0.037125
v 0.05103065 0.011675 0.037125
v 0.05444798 0.0115 0.037125
v 0.05785549 0.011675 0.037125
v 0.05531949 0.01130013 0.037125
v 0.05601681 0.01074047 0.037125
v 0.01900817 0.01131737 0.037125
v 0.01984314 0.0115 0.037125
v 0.03322515 0.011675 0.037125
v 0.03322515 0.0115 0.037125
v 0.03932608 0.011675 0.037125
v 0.03932608 0.0115 0.037125
v 0.05103065 0.0115 0.037125
v 0.09435935 -0.0115 0.037125
v 0.09277967 -0.011675 0.037125
v 0.11015686 -0.0115 0.037125
v 0.11440776 -0.011675 0.037125
v 0.1111233 -0.011251 0.037125
v 0.11440776 -0.01115 0.037125
v 0.11184909 -0.010566 0.037125
v 0.11215352 -0.00961557 0.037125
v 0.11196078 -0.00863636 0.037125
v 0.11440776 -0.00468482 0.037125
v 0.11162717 -0.00790184 0.037125
v 0.1031255 0.00205982 0.037125
v 0.11440776 0.00205982 0.037125
v 0.10829597 -0.00391143 0.037125
v 0.11440776 -0.00391143 0.037125
v 0.10896564 -0.00468482 0.037125
v 0.11130185 -0.00738283 0.037125
v 0.09391113 -0.00468482 0.037125
v 0.0941791 -0.00391143 0.037125
v 0.09277967 -0.00391143 0.037125
v 0.0962481 0.00205982 0.037125
v 0.09277967 0.00205982 0.037125
v 0.09277967 0.00345344 0.037125
v 0.09237963 -0.00978411 0.037125
v 0.09186809 -0.01115 0.037125
v 0.09272999 -0.01065983 0.037125
v 0.09277967 -0.01115 0.037125
v 0.09344275 -0.01127759 0.037125
v 0.12577535 -0.0093673 0.037125
v 0.12605 -0.0103923 0.037125
v 0.12720001 -0.01115 0.037125
v 0.12222465 -0.01141731 0.037125
v 0.12195 -0.0103923 0.037125
v 0.121725 -0.01115 0.037125
v 0.121725 -0.00468482 0.037125
v 0.12072933 -0.01115 0.037125
v 0.12222465 -0.0093673 0.037125
v 0.122975 -0.00861695 0.037125
v 0.124 -0.00834231 0.037125
v 0.12500383 -0.00687664 0.037125
v 0.125025 -0.00861695 0.037125
v 0.12823275 -0.00831425 0.037125
v 0.13176724 -0.00831425 0.037125
v 0.135075 -0.01115 0.037125
v 0.13499618 -0.00687664 0.037125
v 0.13999566 -0.01115 0.037125
v 0.13736121 -0.00425 0.037125
v 0.135075 0.011675 0.037125
v 0.13 0.0085 0.037125
v 0.135075 0.00845 0.037125
v 0.13345726 0.00776514 0.037125
v 0.13631673 0.00568761 0.037125
v 0.12835 0.0135 0.037125
v 0.12857106 0.014325 0.037125
v 0.12720001 0.0165 0.037125
v 0.12917501 0.01492894 0.037125
v 0.13 0.0165 0.037125
v 0.13 0.01515 0.037125
v 0.130825 0.01492894 0.037125
v 0.13142894 0.014325 0.037125
v 0.13165 0.0135 0.037125
v 0.13142894 0.012675 0.037125
v 0.130825 0.01207106 0.037125
v 0.13 0.01185 0.037125
v 0.12720001 0.011675 0.037125
v 0.12654273 0.00776514 0.037125
v 0.12368327 0.00568761 0.037125
v 0.12917501 0.01207106 0.037125
v 0.12857106 0.012675 0.037125
v 0.12720001 0.01379615 0.037125
v 0.14022465 0.001025 0.037125
v 0.140975 0.00177535 0.037125
v 0.142 0.00205 0.037125
v 0.143025 0.00177535 0.037125
v 0.14377536 0.001025 0.037125
v 0.14405 -0 0.037125
v 0.14631921 -0.00243587 0.037125
v 0.14377536 -0.001025 0.037125
v 0.143025 -0.00177535 0.037125
v 0.142 -0.00205 0.037125
v 0.140975 -0.00177535 0.037125
v 0.13999566 -0.00391143 0.037125
v 0.14022465 -0.001025 0.037125
v 0.13995001 -0 0.037125
v 0.124 -0.0124423 0.037125
v 0.121725 -0.0165 0.037125
v 0.125025 -0.01216766 0.037125
v 0.12720001 -0.0165 0.037125
v 0.12577535 -0.01141731 0.037125
v 0.0028 -0.011675 0.037125
v 0.0028 -0.0165 0.037125
v 0.004975 -0.01216766 0.037125
v 0.0028 -0.01115 0.037125
v 0.00422465 -0.01141731 0.037125
v 0.00395 -0.0103923 0.037125
v 0.006 -0.00834231 0.037125
v 0.00736122 -0.00425 0.037125
v 0.004975 -0.00861695 0.037125
v 0.00499617 -0.00687664 0.037125
v 0.00422465 -0.0093673 0.037125
v 0.00176725 -0.00831425 0.037125
v 0.00777535 -0.0093673 0.037125
v 0.007025 -0.00861695 0.037125
v 0.14086634 0.00817894 0.037125
v 0.14217526 0.01113611 0.037125
v 0.13999566 0.00845 0.037125
v 0.14157739 0.01175645 0.037125
v 0.13999566 0.011675 0.037125
v 0.14010698 0.01304221 0.037125
v 0.13895063 0.01386132 0.037125
v 0.14489655 0.00709526 0.037125
v 0.14334135 0.00675 0.037125
v 0.14169134 0.0084 0.037125
v 0.14251634 0.00817894 0.037125
v 0.14312029 0.007575 0.037125
v 0.14312029 0.005925 0.037125
v 0.14251634 0.00532106 0.037125
v 0.14169134 0.0051 0.037125
v 0.14086634 0.00532106 0.037125
v 0.1402624 0.005925 0.037125
v 0.14004134 0.00675 0.037125
v 0.1402624 0.007575 0.037125
v 0.14004134 -0.00675 0.037125
v 0.1402624 -0.005925 0.037125
v 0.13999566 -0.00468482 0.037125
v 0.14086634 -0.00532106 0.037125
v 0.14169134 -0.0051 0.037125
v 0.14580524 -0.00473755 0.037125
v 0.14251634 -0.00532106 0.037125
v 0.14312029 -0.005925 0.037125
v 0.14489655 -0.00709526 0.037125
v 0.14334135 -0.00675 0.037125
v 0.14312029 -0.007575 0.037125
v 0.14217526 -0.01113611 0.037125
v 0.14251634 -0.00817894 0.037125
v 0.14216021 -0.01115254 0.037125
v 0.14169134 -0.0084 0.037125
v 0.14086634 -0.00817894 0.037125
v 0.1402624 -0.007575 0.037125
v 0.13845344 -0.00088849 0.037125
v 0.13808398 0.00262664 0.037125
v 0.14157739 -0.01175645 0.037125
v 0.13999566 -0.011675 0.037125
v 0.14010698 -0.01304221 0.037125
v 0.135075 -0.011675 0.037125
v 0.13839257 -0.01420615 0.037125
v 0.130825 -0.01207106 0.037125
v 0.13142894 -0.012675 0.037125
v 0.13165 -0.0135 0.037125
v 0.13387825 -0.01603774 0.037125
v 0.12917501 -0.01492894 0.037125
v 0.13 -0.01515 0.037125
v 0.13 -0.0165 0.037125
v 0.130825 -0.01492894 0.037125
v 0.13142894 -0.014325 0.037125
v 0.12857106 -0.014325 0.037125
v 0.12835 -0.0135 0.037125
v 0.12857106 -0.012675 0.037125
v 0.000825 -0.01492894 0.037125
v 0 -0.0165 0.037125
v 0 -0.01515 0.037125
v -0.00387825 -0.01603774 0.037125
v -0.000825 -0.01492894 0.037125
v -0.00142894 -0.014325 0.037125
v -0.00839257 -0.01420615 0.037125
v -0.00165 -0.0135 0.037125
v -0.00142894 -0.012675 0.037125
v -0.000825 -0.01207106 0.037125
v -0.005075 -0.011675 0.037125
v 0 -0.01185 0.037125
v 0.000825 -0.01207106 0.037125
v 0.00142894 -0.012675 0.037125
v 0.00165 -0.0135 0.037125
v 0.00142894 -0.014325 0.037125
v -0.01157739 -0.01175645 0.037125
v -0.01010697 -0.01304221 0.037125
v -0.00999567 -0.011675 0.037125
v -0.01251634 -0.00532106 0.037125
v -0.01169134 -0.0051 0.037125
v -0.00999567 -0.00468482 0.037125
v -0.01086634 -0.00532106 0.037125
v -0.0102624 -0.005925 0.037125
v -0.01334134 -0.00675 0.037125
v -0.01312029 -0.005925 0.037125
v -0.01004134 -0.00675 0.037125
v -0.0102624 -0.007575 0.037125
v -0.00999567 -0.01115 0.037125
v -0.01086634 -0.00817894 0.037125
v -0.01216021 -0.01115254 0.037125
v -0.01169134 -0.0084 0.037125
v -0.01217526 -0.01113611 0.037125
v -0.01251634 -0.00817894 0.037125
v -0.01312029 -0.007575 0.037125
v -0.01489655 0.00709526 0.037125
v -0.01369567 0.00845 0.037125
v -0.01217526 0.01113611 0.037125
v -0.00999567 0.00845 0.037125
v -0.01157739 0.01175645 0.037125
v -0.005075 0.011675 0.037125
v -0.005075 0.01379615 0.037125
v -0.00839257 0.01420615 0.037125
v -0.00387825 0.01603774 0.037125
v 0.000825 0.01492894 0.037125
v 0.0028 0.0165 0.037125
v 0 0.01515 0.037125
v 0 0.0165 0.037125
v -0.000825 0.01492894 0.037125
v 0 -0.0085 0.037125
v -0.005075 -0.01115 0.037125
v 0.00927067 0.00205982 0.037125
v 0.00845344 -0.00088849 0.037125
v 0.00927067 -0.00391143 0.037125
v -0.00631673 0.00568761 0.037125
v -0.00999567 0.00345344 0.037125
v -0.00808398 0.00262664 0.037125
v -0.00999567 0.00205982 0.037125
v -0.00845344 -0.00088849 0.037125
v -0.00995 -0 0.037125
v -0.00736122 -0.00425 0.037125
v -0.00999567 -0.00391143 0.037125
v -0.00176725 -0.00831425 0.037125
v -0.00499617 -0.00687664 0.037125
v -0.00142894 0.012675 0.037125
v -0.00165 0.0135 0.037125
v -0.00142894 0.014325 0.037125
v 0.00142894 0.012675 0.037125
v 0.000825 0.01207106 0.037125
v 0.0028 0.011675 0.037125
v 0 0.01185 0.037125
v -0.000825 0.01207106 0.037125
v -0.01022465 -0.001025 0.037125
v -0.010975 -0.00177535 0.037125
v -0.01369567 -0.00391143 0.037125
v -0.012 -0.00205 0.037125
v -0.013025 -0.00177535 0.037125
v -0.01377535 -0.001025 0.037125
v -0.01631921 -0.00243587 0.037125
v -0.01405 -0 0.037125
v -0.01377535 0.001025 0.037125
v -0.013025 0.00177535 0.037125
v -0.012 0.00205 0.037125
v -0.010975 0.00177535 0.037125
v -0.01022465 0.001025 0.037125
v 0.00805 0.0103923 0.037125
v 0.00777535 0.0093673 0.037125
v 0.00927067 0.00845 0.037125
v 0.007025 0.00861695 0.037125
v 0.006 0.00834231 0.037125
v 0.00422465 0.01141731 0.037125
v 0.004975 0.01216766 0.037125
v 0.006 0.0124423 0.037125
v 0.00927067 0.01379615 0.037125
v 0.004975 0.00861695 0.037125
v 0.0028 0.00845 0.037125
v 0.00422465 0.0093673 0.037125
v 0.00395 0.0103923 0.037125
v 0.12222465 0.01141731 0.037125
v 0.122975 0.01216766 0.037125
v 0.121725 0.01379615 0.037125
v 0.124 0.0124423 0.037125
v 0.125025 0.01216766 0.037125
v 0.121725 0.00845 0.037125
v 0.122975 0.00861695 0.037125
v 0.12222465 0.0093673 0.037125
v 0.12577535 0.01141731 0.037125
v 0.12605 0.0103923 0.037125
v 0.12577535 0.0093673 0.037125
v 0.06784731 0.00235098 0.037125
v 0.06679731 0.00206964 0.037125
v 0.06462526 0.00205982 0.037125
v 0.06469731 0.00416964 0.037125
v 0.06497865 0.00521964 0.037125
v 0.06462526 0.00845 0.037125
v 0.06574731 0.00235098 0.037125
v 0.06497865 0.00311964 0.037125
v 0.06462526 0.00345344 0.037125
v 0.06861596 0.00311964 0.037125
v 0.06896935 0.00345344 0.037125
v 0.06889731 0.00416964 0.037125
v 0.06896935 0.00845 0.037125
v 0.06861596 0.00521964 0.037125
v 0.06574731 0.00598829 0.037125
v 0.06679731 0.00626964 0.037125
v 0.06784731 0.00598829 0.037125
v 0.05425269 -0.00398829 0.037125
v 0.05320269 -0.00426964 0.037125
v 0.05785549 -0.00468482 0.037125
v 0.05103065 -0.00468482 0.037125
v 0.05215269 -0.00398829 0.037125
v 0.05215269 -0.00035098 0.037125
v 0.05320269 -6.964E-05 0.037125
v 0.05502135 -0.00321964 0.037125
v 0.05785549 -0.00391143 0.037125
v 0.05530269 -0.00216964 0.037125
v 0.05789082 -0.00169376 0.037125
v 0.05502135 -0.00111964 0.037125
v 0.05138404 -0.00321964 0.037125
v 0.05110269 -0.00216964 0.037125
v 0.05138404 -0.00111964 0.037125
v 0.0565807 0.00111579 0.037125
v 0.0562204 0.00164562 0.037125
v 0.05425269 -0.00035098 0.037125
v 0.05571104 0.00203431 0.037125
v 0.06184265 0.00539237 0.037125
v 0.06195726 0.00518617 0.037125
v 0.06103431 0.00528896 0.037125
v 0.06119148 0.00546489 0.037125
v 0.06141181 0.00554918 0.037125
v 0.06164626 0.00552307 0.037125
v 0.06064562 0.0047796 0.037125
v 0.05553511 0.00219148 0.037125
v 0.05545082 0.00241181 0.037125
v 0.05547693 0.00264626 0.037125
v 0.05560763 0.00284265 0.037125
v 0.05581383 0.00295725 0.037125
v 0.05604962 0.00296456 0.037125
v 0.05668966 0.00293491 0.037125
v 0.06428896 -3.431E-05 0.037125
v 0.06446489 -0.00019148 0.037125
v 0.06454919 -0.00041181 0.037125
v 0.05806509 -0.00231034 0.037125
v 0.05803544 -0.00295038 0.037125
v 0.05804275 -0.00318617 0.037125
v 0.05815735 -0.00339237 0.037125
v 0.06462526 -0.00391143 0.037125
v 0.06452307 -0.00064626 0.037125
v 0.06439237 -0.00084265 0.037125
v 0.05896569 -0.00328896 0.037125
v 0.05880852 -0.00346489 0.037125
v 0.05858819 -0.00354918 0.037125
v 0.05835374 -0.00352307 0.037125
v 0.06418617 -0.00095725 0.037125
v 0.06395038 -0.00096456 0.037125
v 0.06331034 -0.00093491 0.037125
v 0.05935438 -0.0027796 0.037125
v 0.05988421 -0.0024193 0.037125
v 0.06269376 -0.00110918 0.037125
v 0.0634193 0.00088421 0.037125
v 0.0637796 0.00035438 0.037125
v 0.07165971 0.00402894 0.037125
v 0.07148544 0.00464551 0.037125
v 0.07194836 0.0028162 0.037125
v 0.07218281 0.00279009 0.037125
v 0.07240314 0.00287438 0.037125
v 0.07175197 0.00294691 0.037125
v 0.07163736 0.0031531 0.037125
v 0.07163005 0.00338889 0.037125
v 0.08430935 0.00345344 0.037125
v 0.072949 0.00355967 0.037125
v 0.0725603 0.00305031 0.037125
v 0.07737422 0.00669366 0.037125
v 0.07788358 0.00630496 0.037125
v 0.09186809 0.00845 0.037125
v 0.07805951 0.0061478 0.037125
v 0.0781438 0.00592747 0.037125
v 0.07754499 0.00537471 0.037125
v 0.07778079 0.00538202 0.037125
v 0.07798699 0.00549662 0.037125
v 0.07690495 0.00540436 0.037125
v 0.07628838 0.00523009 0.037125
v 0.07347883 0.00391998 0.037125
v 0.08944042 0.00560868 0.037125
v 0.08853159 0.00542231 0.037125
v 0.07811769 0.00569301 0.037125
v 0.09186809 0.011675 0.037125
v 0.07555187 0.01152545 0.037125
v 0.07555918 0.01128965 0.037125
v 0.07552953 0.01064961 0.037125
v 0.0757038 0.01003304 0.037125
v 0.07701392 0.00722348 0.037125
v 0.07462893 0.01162824 0.037125
v 0.07478609 0.01180417 0.037125
v 0.06896935 0.01379615 0.037125
v 0.07500643 0.01188846 0.037125
v 0.09186809 0.01379615 0.037125
v 0.07524088 0.01186235 0.037125
v 0.07543727 0.01173164 0.037125
v 0.07017532 0.00745507 0.037125
v 0.06981502 0.00798489 0.037125
v 0.06930566 0.00837359 0.037125
v 0.06912973 0.00853075 0.037125
v 0.06904543 0.00875108 0.037125
v 0.06907155 0.00898554 0.037125
v 0.06896935 0.011675 0.037125
v 0.06920225 0.00918193 0.037125
v 0.06940845 0.00929653 0.037125
v 0.06964424 0.00930384 0.037125
v 0.07028428 0.00927418 0.037125
v 0.07090086 0.00944845 0.037125
v 0.07371041 0.01075857 0.037125
v 0.05069435 -0.00637359 0.037125
v 0.05087028 -0.00653075 0.037125
v 0.05092845 -0.00698554 0.037125
v 0.05079775 -0.00718192 0.037125
v 0.05103065 -0.01115 0.037125
v 0.05095457 -0.00675108 0.037125
v 0.04537107 -0.00962824 0.037125
v 0.04521391 -0.00980417 0.037125
v 0.04499358 -0.00988846 0.037125
v 0.03932608 -0.01115 0.037125
v 0.04475912 -0.00986234 0.037125
v 0.04456273 -0.00973164 0.037125
v 0.04444813 -0.00952545 0.037125
v 0.04444082 -0.00928965 0.037125
v 0.04447047 -0.00864961 0.037125
v 0.0442962 -0.00803304 0.037125
v 0.04298609 -0.00522348 0.037125
v 0.03932608 -0.00468482 0.037125
v 0.04262578 -0.00469366 0.037125
v 0.04211642 -0.00430496 0.037125
v 0.05059155 -0.00729653 0.037125
v 0.05035576 -0.00730384 0.037125
v 0.04971572 -0.00727418 0.037125
v 0.04575977 -0.00911888 0.037125
v 0.04628959 -0.00875857 0.037125
v 0.04909915 -0.00744845 0.037125
v 0.04982468 -0.00545507 0.037125
v 0.05018498 -0.00598489 0.037125
v 0.05931041 -0.00993288 0.037125
v 0.05931691 -0.00903877 0.037125
v 0.05785549 -0.01115 0.037125
v 0.06039149 -0.01130013 0.037125
v 0.05969417 -0.01074047 0.037125
v 0.05971238 -0.00823684 0.037125
v 0.06041777 -0.00768738 0.037125
v 0.06462526 -0.00468482 0.037125
v 0.06462526 -0.00572539 0.037125
v 0.06685679 -0.00468482 0.037125
v 0.05785549 -0.011675 0.037125
v 0.06462526 -0.011675 0.037125
v 0.061263 -0.0115 0.037125
v 0.06462526 -0.0115 0.037125
v 0.06896935 -0.0115 0.037125
v 0.06896935 -0.011675 0.037125
v 0.0848344 -0.0115 0.037125
v 0.09186809 -0.011675 0.037125
v 0.08563605 -0.01133231 0.037125
v 0.08672417 -0.01015479 0.037125
v 0.08630326 -0.01085736 0.037125
v 0.08861949 -0.00468482 0.037125
v 0.09186809 -0.00468482 0.037125
v 0.09186809 -0.00391143 0.037125
v 0.08888746 -0.00391143 0.037125
v 0.09186809 0.00205982 0.037125
v 0.09095646 0.00205982 0.037125
v 0.09033557 0.00536491 0.037125
v 0.09102441 0.00474347 0.037125
v 0.09186809 0.00345344 0.037125
v 0.09135874 0.00387805 0.037125
v 0.09126659 0.0029549 0.037125
v 0.06851532 -0.00391143 0.037125
v 0.122975 -0.01216766 0.037125
v 0.121725 -0.011675 0.037125
v 0.12072933 -0.011675 0.037125
v 0.121725 0.00205982 0.037125
v 0.12072933 0.00205982 0.037125
v 0.12072933 -0.00391143 0.037125
v 0.12072933 -0.00468482 0.037125
v 0.12191602 0.00262664 0.037125
v 0.121725 0.00345344 0.037125
v 0.12072933 0.00345344 0.037125
v 0.11995865 -0.00675 0.037125
v 0.1197376 -0.005925 0.037125
v 0.11913366 -0.00532106 0.037125
v 0.1197376 -0.007575 0.037125
v 0.11913366 -0.00817894 0.037125
v 0.11687972 -0.005925 0.037125
v 0.11748366 -0.00532106 0.037125
v 0.11830866 -0.0051 0.037125
v 0.11830866 -0.0084 0.037125
v 0.11748366 -0.00817894 0.037125
v 0.11687972 -0.007575 0.037125
v 0.11665866 -0.00675 0.037125
v 0.11687972 0.007575 0.037125
v 0.11748366 0.00817894 0.037125
v 0.11830866 0.0084 0.037125
v 0.12072933 0.00845 0.037125
v 0.11913366 0.00817894 0.037125
v 0.1197376 0.007575 0.037125
v 0.11995865 0.00675 0.037125
v 0.1197376 0.005925 0.037125
v 0.11913366 0.00532106 0.037125
v 0.11830866 0.0051 0.037125
v 0.11748366 0.00532106 0.037125
v 0.11687972 0.005925 0.037125
v 0.11665866 0.00675 0.037125
v 0.12195 0.0103923 0.037125
v 0.121725 0.011675 0.037125
v 0.12072933 0.011675 0.037125
v 0.12072933 0.01379615 0.037125
v 0.11440776 0.01379615 0.037125
v 0.09277967 0.01379615 0.037125
v 0.06462526 0.011675 0.037125
v 0.05103065 -0.011675 0.037125
v 0.03932608 -0.011675 0.037125
v 0.03669282 -0.0104 0.037125
v 0.0364 -0.01069282 0.037125
v 0.0364 -0.00930718 0.037125
v 0.03669282 -0.0096 0.037125
v 0.0368 -0.01 0.037125
v 0.036 -0.0108 0.037125
v 0.0356 -0.01069282 0.037125
v 0.03530718 -0.0104 0.037125
v 0.0352 -0.01 0.037125
v 0.03530718 -0.0096 0.037125
v 0.12072933 -0.0165 0.037125
v 0.11440776 -0.0165 0.037125
v 0.09277967 -0.0165 0.037125
v 0.09186809 -0.0165 0.037125
v 0.06896935 -0.0165 0.037125
v 0.06462526 -0.0165 0.037125
v 0.05785549 -0.0165 0.037125
v 0.05103065 -0.0165 0.037125
v 0.03932608 -0.0165 0.037125
v 0.03322515 -0.0165 0.037125
v 0.01559224 -0.0165 0.037125
v 0.00927067 -0.0165 0.037125
v 0.007025 -0.01216766 0.037125
v 0.006 -0.0124423 0.037125
v 0.01251634 -0.00532106 0.037125
v 0.01312029 -0.005925 0.037125
v 0.01334134 -0.00675 0.037125
v 0.01312029 -0.007575 0.037125
v 0.01251634 -0.00817894 0.037125
v 0.01169134 -0.0084 0.037125
v 0.01086634 -0.00817894 0.037125
v 0.0102624 -0.007575 0.037125
v 0.01004134 -0.00675 0.037125
v 0.0102624 -0.005925 0.037125
v 0.01251634 0.00817894 0.037125
v 0.01169134 0.0084 0.037125
v 0.01312029 0.007575 0.037125
v 0.01334134 0.00675 0.037125
v 0.01312029 0.005925 0.037125
v 0.01251634 0.00532106 0.037125
v 0.01004134 0.00675 0.037125
v 0.0102624 0.007575 0.037125
v 0.01086634 0.00817894 0.037125
v 0.01169134 0.0051 0.037125
v 0.01086634 0.00532106 0.037125
v 0.0102624 0.005925 0.037125
v 0.01559224 0.01379615 0.037125
v 0.03322515 0.01379615 0.037125
v 0.03932608 0.01379615 0.037125
v 0.05103065 0.01379615 0.037125
v 0.05785549 0.01379615 0.037125
v 0.06462526 0.01379615 0.037125
v 0.07424023 0.01111888 0.037125
v 0.121725 0.0165 0.037125
v 0.12072933 0.0165 0.037125
v 0.11440776 0.0165 0.037125
v 0.09277967 0.0165 0.037125
v 0.09186809 0.0165 0.037125
v 0.06896935 0.0165 0.037125
v 0.06462526 0.0165 0.037125
v 0.05785549 0.0165 0.037125
v 0.05103065 0.0165 0.037125
v 0.03932608 0.0165 0.037125
v 0.03322515 0.0165 0.037125
v 0.01559224 0.0165 0.037125
v 0.00927067 0.0165 0.037125
v 0.00345726 0.00776514 0.037125
v 0 0.0085 0.037125
v -0.005075 0.00845 0.037125
v -0.0102624 0.007575 0.037125
v -0.01004134 0.00675 0.037125
v -0.01334134 0.00675 0.037125
v -0.01312029 0.007575 0.037125
v -0.00345726 0.00776514 0.037125
v -0.0102624 0.005925 0.037125
v -0.01086634 0.00532106 0.037125
v -0.01169134 0.0051 0.037125
v -0.01251634 0.00532106 0.037125
v -0.01312029 0.005925 0.037125
v -0.01251634 0.00817894 0.037125
v -0.01169134 0.0084 0.037125
v -0.01086634 0.00817894 0.037125
v 0.13839257 0.01420615 0.033125
v 0.14114523 0.01216691 0.033125
v 0.14091355 0.01209188 0.033125
v 0.13341105 0.0088665 0.033125
v 0.13345726 0.00776514 0.033125
v 0.13293824 0.00801622 0.033125
v 0.13290974 0.00798645 0.033125
v 0.13496926 0.01468184 0.033125
v 0.1350151 0.01549735 0.033125
v 0.13496424 0.01573551 0.033125
v 0.1354616 0.00651314 0.033125
v 0.13547313 0.00655269 0.033125
v 0.13597308 0.0073873 0.033125
v 0.14023021 0.01164443 0.033125
v 0.13839257 -0.01420615 0.033125
v 0.13496424 -0.01573551 0.033125
v 0.1350151 -0.01549735 0.033125
v 0.1354616 -0.00651314 0.033125
v 0.13547313 -0.00655269 0.033125
v 0.13499618 -0.00687664 0.033125
v 0.13597308 -0.0073873 0.033125
v 0.14023021 -0.01164443 0.033125
v 0.14091355 -0.01209188 0.033125
v 0.14114523 -0.01216691 0.033125
v 0.13290974 -0.00798645 0.033125
v 0.13293824 -0.00801622 0.033125
v 0.13341105 -0.0088665 0.033125
v 0.13496926 -0.01468184 0.033125
v -0.00839257 -0.01420615 0.033125
v -0.01114523 -0.01216691 0.033125
v -0.01091355 -0.01209188 0.033125
v -0.00341105 -0.0088665 0.033125
v -0.00499617 -0.00687664 0.033125
v -0.00293824 -0.00801622 0.033125
v -0.00290975 -0.00798645 0.033125
v -0.00496926 -0.01468184 0.033125
v -0.00501511 -0.01549735 0.033125
v -0.00496424 -0.01573551 0.033125
v -0.0054616 -0.00651314 0.033125
v -0.00547313 -0.00655269 0.033125
v -0.00597309 -0.0073873 0.033125
v -0.01023021 -0.01164443 0.033125
v -0.00839257 0.01420615 0.033125
v -0.00496424 0.01573551 0.033125
v -0.00501511 0.01549735 0.033125
v -0.00597309 0.0073873 0.033125
v -0.00345726 0.00776514 0.033125
v -0.00547313 0.00655269 0.033125
v -0.0054616 0.00651314 0.033125
v -0.01023021 0.01164443 0.033125
v -0.01091355 0.01209188 0.033125
v -0.01114523 0.01216691 0.033125
v -0.00290975 0.00798645 0.033125
v -0.00293824 0.00801622 0.033125
v -0.00341105 0.0088665 0.033125
v -0.00496926 0.01468184 0.033125
v -0.01239568 0.01089023 0.032125
v -0.01239568 0.01089023 0.028125
v -0.01489655 0.00709526 0.028125
v 0.01562905 0.00528986 0.032125
v 0.01562905 0.00528986 0.028125
v 0.01383103 0.00899737 0.032125
v 0.01340305 0.00962331 0.028125
v 0.01340305 0.00962331 0.032125
v 0.01117045 0.01214376 0.032125
v 0.01000862 0.01311783 0.028125
v 0.01000862 0.01311783 0.032125
v 0.00781325 0.01453283 0.032125
v 0.00574166 0.01546878 0.028125
v 0.00574166 0.01546878 0.032125
v 0.00396878 0.01601558 0.032125
v 0.00097417 0.01647122 0.028125
v 0.00097417 0.01647122 0.032125
v 0 0.0165 0.032125
v -0.00323337 0.01618009 0.028125
v -0.00323337 0.01618009 0.032125
v 0.00787827 -0.01449768 0.032125
v 0.00574166 -0.01546878 0.032125
v 0.00574166 -0.01546878 0.028125
v 0.00406437 -0.01599159 0.032125
v 0.00097417 -0.01647122 0.028125
v 0.00097417 -0.01647122 0.032125
v -0.00323337 -0.01618009 0.028125
v 0 -0.0165 0.032125
v -0.00323337 -0.01618009 0.032125
v -0.00387825 -0.01603774 0.0323123
v 0.01000862 -0.01311783 0.032125
v 0.01000862 -0.01311783 0.028125
v 0.01120667 -0.01211035 0.032125
v 0.01340305 -0.00962331 0.028125
v 0.01340305 -0.00962331 0.032125
v 0.01384445 -0.0089767 0.032125
v 0.01562905 -0.00528986 0.028125
v 0.01562905 -0.00528986 0.032125
v -0.01169679 -0.01163766 0.03253342
v -0.01239568 -0.01089023 0.032125
v -0.01217526 -0.01113611 0.03217497
v -0.01211293 0.01120387 0.03220551
v -0.01169679 0.01163766 0.03253342
v -0.00387825 0.01603774 0.0323123
v -0.01631921 0.00243587 0.028125
v -0.01631921 -0.00243587 0.028125
v -0.01489655 -0.00709526 0.028125
v -0.01239568 -0.01089023 0.028125
v 0.13 0.0165 0.032125
v 0.12793487 0.0165 0.03225373
v 0.00206513 0.0165 0.03225373
v 0.00408882 0.0165 0.03262407
v 0.12591118 0.0165 0.03262407
v 0.14239568 -0.01089023 0.032125
v 0.14239568 -0.01089023 0.028125
v 0.14489655 -0.00709526 0.028125
v 0.11999138 0.01311783 0.032125
v 0.12218675 0.01453283 0.032125
v 0.11999138 0.01311783 0.028125
v 0.12425833 0.01546878 0.028125
v 0.11882955 0.01214376 0.032125
v 0.11659694 0.00962331 0.028125
v 0.11659694 0.00962331 0.032125
v 0.11616897 0.00899737 0.032125
v 0.11437094 0.00528986 0.028125
v 0.11437094 0.00528986 0.032125
v 0.12425833 0.01546878 0.032125
v 0.12603122 0.01601558 0.032125
v 0.12902583 0.01647122 0.028125
v 0.12902583 0.01647122 0.032125
v 0.13323337 0.01618009 0.028125
v 0.13323337 0.01618009 0.032125
v 0.13387825 0.01603774 0.0323123
v 0.1416968 0.01163766 0.03253342
v 0.14239568 0.01089023 0.032125
v 0.14217526 0.01113611 0.03217497
v 0.14211294 -0.01120387 0.03220551
v 0.1416968 -0.01163766 0.03253342
v 0.13387825 -0.01603774 0.0323123
v 0.13323337 -0.01618009 0.032125
v 0.13323337 -0.01618009 0.028125
v 0.13 -0.0165 0.032125
v 0.12902583 -0.01647122 0.028125
v 0.11437094 -0.00528986 0.032125
v 0.11437094 -0.00528986 0.028125
v 0.11616897 -0.00899737 0.032125
v 0.11659694 -0.00962331 0.028125
v 0.11999138 -0.01311783 0.028125
v 0.11882955 -0.01214376 0.032125
v 0.11659694 -0.00962331 0.032125
v 0.12425833 -0.01546878 0.028125
v 0.12218675 -0.01453283 0.032125
v 0.11999138 -0.01311783 0.032125
v 0.12902583 -0.01647122 0.032125
v 0.12603122 -0.01601558 0.032125
v 0.12425833 -0.01546878 0.032125
v 0.14631921 -0.00243587 0.028125
v 0.14631921 0.00243587 0.028125
v 0.14489655 0.00709526 0.028125
v 0.14239568 0.01089023 0.028125
v 0.00211855 -0.0165 0.03226045
v 0.12793487 -0.0165 0.03225373
v 0.12591118 -0.0165 0.03262407
v 0.00419359 -0.0165 0.03264958
v 0.00793318 -0.00305199 0.032125
v 0.00793318 -0.00305199 0.028125
v 0.00736122 -0.00425 0.028125
v -0.00660969 -0.00534434 0.032125
v -0.00660969 -0.00534434 0.028125
v -0.00736122 -0.00425 0.028125
v -0.00132349 0.00839633 0.032125
v -0.00132349 0.00839633 0.028125
v 0 0.0085 0.028125
v -0.00184705 0.00829689 0.03227279
v -0.00631673 0.00568761 0.03223298
v -0.00660969 0.00534434 0.032125
v -0.00660969 0.00534434 0.028125
v -0.0062618 -0.00574803 0.03227279
v -0.00176725 -0.00831425 0.03223298
v -0.00132349 -0.00839633 0.032125
v -0.00132349 -0.00839633 0.028125
v 0.00810884 -0.00254886 0.03227279
v 0.00808398 0.00262664 0.03223298
v 0.00793318 0.00305199 0.032125
v 0.00793318 0.00305199 0.028125
v 0.00345726 0.00776514 0.028125
v 0.00631673 0.00568761 0.028125
v 0.00499617 -0.00687664 0.028125
v 0.00176725 -0.00831425 0.028125
v -0.00845344 -0.00088849 0.028125
v -0.00808398 0.00262664 0.028125
v 0.01169134 0.0084 0.028125
v 0.01251634 0.00817894 0.028125
v 0.01312029 0.007575 0.028125
v 0.01334134 0.00675 0.028125
v 0.01312029 0.005925 0.028125
v 0.01251634 0.00532106 0.028125
v 0.01169134 0.0051 0.028125
v 0.01086634 0.00532106 0.028125
v 0.0102624 0.005925 0.028125
v 0.01004134 0.00675 0.028125
v 0.0102624 0.007575 0.028125
v 0.01086634 0.00817894 0.028125
v 0 0.01515 0.028125
v 0.000825 0.01492894 0.028125
v 0.00142894 0.014325 0.028125
v 0.00165 0.0135 0.028125
v 0.00142894 0.012675 0.028125
v 0.000825 0.01207106 0.028125
v 0 0.01185 0.028125
v -0.000825 0.01207106 0.028125
v -0.00142894 0.012675 0.028125
v -0.00165 0.0135 0.028125
v -0.00142894 0.014325 0.028125
v -0.000825 0.01492894 0.028125
v -0.01169134 0.0084 0.028125
v -0.01086634 0.00817894 0.028125
v -0.0102624 0.007575 0.028125
v -0.01004134 0.00675 0.028125
v -0.0102624 0.005925 0.028125
v -0.01086634 0.00532106 0.028125
v -0.01169134 0.0051 0.028125
v -0.01251634 0.00532106 0.028125
v -0.01312029 0.005925 0.028125
v -0.01334134 0.00675 0.028125
v -0.01312029 0.007575 0.028125
v -0.01251634 0.00817894 0.028125
v -0.012 0.00205 0.028125
v -0.010975 0.00177535 0.028125
v -0.01022465 0.001025 0.028125
v -0.00995 -0 0.028125
v -0.01022465 -0.001025 0.028125
v -0.010975 -0.00177535 0.028125
v -0.012 -0.00205 0.028125
v -0.013025 -0.00177535 0.028125
v -0.01377535 -0.001025 0.028125
v -0.01405 -0 0.028125
v -0.01377535 0.001025 0.028125
v -0.013025 0.00177535 0.028125
v 0.006 -0.00834231 0.028125
v 0.007025 -0.00861695 0.028125
v 0.00777535 -0.0093673 0.028125
v 0.00805 -0.0103923 0.028125
v 0.00777535 -0.01141731 0.028125
v 0.007025 -0.01216766 0.028125
v 0.006 -0.0124423 0.028125
v 0.004975 -0.01216766 0.028125
v 0.00422465 -0.01141731 0.028125
v 0.00395 -0.0103923 0.028125
v 0.00422465 -0.0093673 0.028125
v 0.004975 -0.00861695 0.028125
v 0.006 0.0124423 0.028125
v 0.007025 0.01216766 0.028125
v 0.00777535 0.01141731 0.028125
v 0.00805 0.0103923 0.028125
v 0.00777535 0.0093673 0.028125
v 0.007025 0.00861695 0.028125
v 0.006 0.00834231 0.028125
v 0.004975 0.00861695 0.028125
v 0.00422465 0.0093673 0.028125
v 0.00395 0.0103923 0.028125
v 0.00422465 0.01141731 0.028125
v 0.004975 0.01216766 0.028125
v 0.11830866 -0.0051 0.028125
v 0.11913366 -0.00532106 0.028125
v 0.1197376 -0.005925 0.028125
v 0.11995865 -0.00675 0.028125
v 0.1197376 -0.007575 0.028125
v 0.11913366 -0.00817894 0.028125
v 0.11830866 -0.0084 0.028125
v 0.11748366 -0.00817894 0.028125
v 0.11687972 -0.007575 0.028125
v 0.11665866 -0.00675 0.028125
v 0.11687972 -0.005925 0.028125
v 0.11748366 -0.00532106 0.028125
v 0.13 -0.01185 0.028125
v 0.130825 -0.01207106 0.028125
v 0.13142894 -0.012675 0.028125
v 0.13165 -0.0135 0.028125
v 0.13142894 -0.014325 0.028125
v 0.130825 -0.01492894 0.028125
v 0.13 -0.01515 0.028125
v 0.12917501 -0.01492894 0.028125
v 0.12857106 -0.014325 0.028125
v 0.12835 -0.0135 0.028125
v 0.12857106 -0.012675 0.028125
v 0.12917501 -0.01207106 0.028125
v 0.14169134 -0.0051 0.028125
v 0.14251634 -0.00532106 0.028125
v 0.14312029 -0.005925 0.028125
v 0.14334135 -0.00675 0.028125
v 0.14312029 -0.007575 0.028125
v 0.14251634 -0.00817894 0.028125
v 0.14169134 -0.0084 0.028125
v 0.14086634 -0.00817894 0.028125
v 0.1402624 -0.007575 0.028125
v 0.14004134 -0.00675 0.028125
v 0.1402624 -0.005925 0.028125
v 0.14086634 -0.00532106 0.028125
v 0.124 0.0124423 0.028125
v 0.125025 0.01216766 0.028125
v 0.12577535 0.01141731 0.028125
v 0.12605 0.0103923 0.028125
v 0.12577535 0.0093673 0.028125
v 0.125025 0.00861695 0.028125
v 0.124 0.00834231 0.028125
v 0.122975 0.00861695 0.028125
v 0.12222465 0.0093673 0.028125
v 0.12195 0.0103923 0.028125
v 0.12222465 0.01141731 0.028125
v 0.122975 0.01216766 0.028125
v 0.124 -0.00834231 0.028125
v 0.125025 -0.00861695 0.028125
v 0.12577535 -0.0093673 0.028125
v 0.12605 -0.0103923 0.028125
v 0.12577535 -0.01141731 0.028125
v 0.125025 -0.01216766 0.028125
v 0.124 -0.0124423 0.028125
v 0.122975 -0.01216766 0.028125
v 0.12222465 -0.01141731 0.028125
v 0.12195 -0.0103923 0.028125
v 0.12222465 -0.0093673 0.028125
v 0.122975 -0.00861695 0.028125
v -0.01169134 -0.0051 0.028125
v -0.01086634 -0.00532106 0.028125
v -0.0102624 -0.005925 0.028125
v -0.01004134 -0.00675 0.028125
v -0.0102624 -0.007575 0.028125
v -0.01086634 -0.00817894 0.028125
v -0.01169134 -0.0084 0.028125
v -0.01251634 -0.00817894 0.028125
v -0.01312029 -0.007575 0.028125
v -0.01334134 -0.00675 0.028125
v -0.01312029 -0.005925 0.028125
v -0.01251634 -0.00532106 0.028125
v 0 -0.01185 0.028125
v 0.000825 -0.01207106 0.028125
v 0.00142894 -0.012675 0.028125
v 0.00165 -0.0135 0.028125
v 0.00142894 -0.014325 0.028125
v 0.000825 -0.01492894 0.028125
v 0 -0.01515 0.028125
v -0.000825 -0.01492894 0.028125
v -0.00142894 -0.014325 0.028125
v -0.00165 -0.0135 0.028125
v -0.00142894 -0.012675 0.028125
v -0.000825 -0.01207106 0.028125
v 0.01169134 -0.0051 0.028125
v 0.01251634 -0.00532106 0.028125
v 0.01312029 -0.005925 0.028125
v 0.01334134 -0.00675 0.028125
v 0.01312029 -0.007575 0.028125
v 0.01251634 -0.00817894 0.028125
v 0.01169134 -0.0084 0.028125
v 0.01086634 -0.00817894 0.028125
v 0.0102624 -0.007575 0.028125
v 0.01004134 -0.00675 0.028125
v 0.0102624 -0.005925 0.028125
v 0.01086634 -0.00532106 0.028125
v 0.142 0.00205 0.028125
v 0.143025 0.00177535 0.028125
v 0.14377536 0.001025 0.028125
v 0.14405 -0 0.028125
v 0.14377536 -0.001025 0.028125
v 0.143025 -0.00177535 0.028125
v 0.142 -0.00205 0.028125
v 0.140975 -0.00177535 0.028125
v 0.14022465 -0.001025 0.028125
v 0.13995001 -0 0.028125
v 0.14022465 0.001025 0.028125
v 0.140975 0.00177535 0.028125
v 0.14169134 0.0084 0.028125
v 0.14251634 0.00817894 0.028125
v 0.14312029 0.007575 0.028125
v 0.14334135 0.00675 0.028125
v 0.14312029 0.005925 0.028125
v 0.14251634 0.00532106 0.028125
v 0.14169134 0.0051 0.028125
v 0.14086634 0.00532106 0.028125
v 0.1402624 0.005925 0.028125
v 0.14004134 0.00675 0.028125
v 0.1402624 0.007575 0.028125
v 0.14086634 0.00817894 0.028125
v 0.13 0.01515 0.028125
v 0.130825 0.01492894 0.028125
v 0.13142894 0.014325 0.028125
v 0.13165 0.0135 0.028125
v 0.13142894 0.012675 0.028125
v 0.130825 0.01207106 0.028125
v 0.13 0.01185 0.028125
v 0.12917501 0.01207106 0.028125
v 0.12857106 0.012675 0.028125
v 0.12835 0.0135 0.028125
v 0.12857106 0.014325 0.028125
v 0.12917501 0.01492894 0.028125
v 0.11830866 0.0084 0.028125
v 0.11913366 0.00817894 0.028125
v 0.1197376 0.007575 0.028125
v 0.11995865 0.00675 0.028125
v 0.1197376 0.005925 0.028125
v 0.11913366 0.00532106 0.028125
v 0.11830866 0.0051 0.028125
v 0.11748366 0.00532106 0.028125
v 0.11687972 0.005925 0.028125
v 0.11665866 0.00675 0.028125
v 0.11687972 0.007575 0.028125
v 0.11748366 0.00817894 0.028125
v 0.13660969 0.00534434 0.032125
v 0.13660969 0.00534434 0.028125
v 0.13808398 0.00262664 0.028125
v 0.13132349 -0.00839633 0.032125
v 0.13132349 -0.00839633 0.028125
v 0.12823275 -0.00831425 0.028125
v 0.12206682 0.00305199 0.032125
v 0.12206682 0.00305199 0.028125
v 0.12368327 0.00568761 0.028125
v 0.12189116 0.00254886 0.03227279
v 0.12206682 -0.00305199 0.032125
v 0.12189116 -0.00254886 0.03227279
v 0.13184704 -0.00829689 0.03227279
v 0.13660969 -0.00534434 0.032125
v 0.13626179 -0.00574803 0.03227279
v 0.13626179 0.00574803 0.03227279
v 0.13132349 0.00839633 0.032125
v 0.13184704 0.00829689 0.03227279
v 0.13845344 -0.00088849 0.028125
v 0.13736121 -0.00425 0.028125
v 0.13660969 -0.00534434 0.028125
v 0.12500383 -0.00687664 0.028125
v 0.12263878 -0.00425 0.028125
v 0.12206682 -0.00305199 0.028125
v 0.12654273 0.00776514 0.028125
v 0.13 0.0085 0.028125
v 0.13132349 0.00839633 0.028125
v -0.00668019 0.00668019 0.028125
v -0.01093732 0.01093732 0.028125
v -0.01127671 0.01116015 0.028125
v -0.0116767 0.01122969 0.028125
v -0.01127671 -0.01116015 0.028125
v -0.01093732 -0.01093732 0.028125
v -0.00668019 -0.00668019 0.028125
v -0.00640558 -0.00578276 0.028125
v -0.00643107 -0.0062657 0.028125
v -0.0116767 -0.01122969 0.028125
v -0.01207138 -0.01113449 0.028125
v -0.00643107 0.0062657 0.028125
v -0.00640558 0.00578276 0.028125
v -0.01207138 0.01113449 0.028125
v -0.00668019 -0.00668019 0.032125
v -0.01093732 -0.01093732 0.032125
v -0.01093732 0.01093732 0.032125
v -0.00668019 0.00668019 0.032125
v 0.14207138 -0.01113449 0.028125
v 0.1412767 0.01116015 0.028125
v 0.14093733 0.01093732 0.028125
v 0.1366802 0.00668019 0.028125
v 0.14207138 0.01113449 0.028125
v 0.14167671 0.01122969 0.028125
v 0.13643107 0.0062657 0.028125
v 0.13640559 0.00578276 0.028125
v 0.13640559 -0.00578276 0.028125
v 0.13643107 -0.0062657 0.028125
v 0.1366802 -0.00668019 0.028125
v 0.14093733 -0.01093732 0.028125
v 0.1412767 -0.01116015 0.028125
v 0.14167671 -0.01122969 0.028125
v 0.14093733 -0.01093732 0.032125
v 0.1366802 -0.00668019 0.032125
v 0.1366802 0.00668019 0.032125
v 0.14093733 0.01093732 0.032125
v 0.00912532 0.00244512 0.028125
v 0.01494066 0.00400334 0.028125
v 0.01530333 0.00418584 0.028125
v 0.01556355 0.00449747 0.028125
v 0.01567844 0.00488688 0.028125
v 0.00864179 0.00243662 0.028125
v 0.00821081 0.00265601 0.028125
v -0.00244512 0.00912532 0.028125
v -0.00180523 0.00843878 0.028125
v -0.00221072 0.00870232 0.028125
v -0.00360706 0.01602137 0.028125
v -0.00388685 0.01572717 0.028125
v -0.00400334 0.01494066 0.028125
v -0.00402662 0.01534599 0.028125
v -0.00244512 0.00912532 0.032125
v -0.00400334 0.01494066 0.032125
v 0.01494066 0.00400334 0.032125
v 0.00912532 0.00244512 0.032125
v 0.01530333 -0.00418584 0.028125
v 0.01494066 -0.00400334 0.028125
v 0.00912532 -0.00244512 0.028125
v 0.01567844 -0.00488688 0.028125
v 0.01556355 -0.00449747 0.028125
v -0.00360706 -0.01602137 0.028125
v 0.00821081 -0.00265601 0.028125
v 0.00864179 -0.00243662 0.028125
v -0.00244512 -0.00912532 0.028125
v -0.00221072 -0.00870232 0.028125
v -0.00180523 -0.00843878 0.028125
v -0.00400334 -0.01494066 0.028125
v -0.00402662 -0.01534599 0.028125
v -0.00388685 -0.01572717 0.028125
v 0.00912532 -0.00244512 0.032125
v 0.01494066 -0.00400334 0.032125
v -0.00400334 -0.01494066 0.032125
v -0.00244512 -0.00912532 0.032125
v 0.13402662 -0.01534599 0.028125
v 0.13388684 -0.01572717 0.028125
v 0.13360706 -0.01602137 0.028125
v 0.13400334 -0.01494066 0.028125
v 0.13244513 -0.00912532 0.028125
v 0.11432156 -0.00488688 0.028125
v 0.13180523 -0.00843878 0.028125
v 0.13221072 -0.00870232 0.028125
v 0.12178919 -0.00265601 0.028125
v 0.12135822 -0.00243662 0.028125
v 0.12087469 -0.00244512 0.028125
v 0.11505934 -0.00400334 0.028125
v 0.11469667 -0.00418584 0.028125
v 0.11443645 -0.00449747 0.028125
v 0.11505934 -0.00400334 0.032125
v 0.12087469 -0.00244512 0.032125
v 0.13244513 -0.00912532 0.032125
v 0.13400334 -0.01494066 0.032125
v 0.12087469 0.00244512 0.028125
v 0.13180523 0.00843878 0.028125
v 0.13221072 0.00870232 0.028125
v 0.13244513 0.00912532 0.028125
v 0.13400334 0.01494066 0.028125
v 0.13402662 0.01534599 0.028125
v 0.13388684 0.01572717 0.028125
v 0.13360706 0.01602137 0.028125
v 0.11432156 0.00488688 0.028125
v 0.11443645 0.00449747 0.028125
v 0.11505934 0.00400334 0.028125
v 0.11469667 0.00418584 0.028125
v 0.12135822 0.00243662 0.028125
v 0.12178919 0.00265601 0.028125
v 0.13400334 0.01494066 0.032125
v 0.13244513 0.00912532 0.032125
v 0.12087469 0.00244512 0.032125
v 0.11505934 0.00400334 0.032125
v 0.13402626 0.01534841 0.032125
v 0.13388425 0.01573133 0.032125
v 0.13360099 0.01602554 0.032125
v 0.13179968 0.00843688 0.032125
v 0.13220872 0.00870018 0.032125
v 0.13643022 0.00626289 0.032125
v 0.13640672 0.00577701 0.032125
v 0.14207803 0.01113132 0.032125
v 0.14168161 0.01122952 0.032125
v 0.14127898 0.01116105 0.032125
v 0.13640672 -0.00577701 0.032125
v 0.13643022 -0.00626289 0.032125
v 0.14127898 -0.01116105 0.032125
v 0.14168161 -0.01122952 0.032125
v 0.14207803 -0.01113132 0.032125
v 0.13220872 -0.00870018 0.032125
v 0.13179968 -0.00843688 0.032125
v 0.13360099 -0.01602554 0.032125
v 0.13388425 -0.01573133 0.032125
v 0.13402626 -0.01534841 0.032125
v -0.003601 0.01602554 0.032125
v -0.00388425 0.01573133 0.032125
v -0.00402626 0.01534841 0.032125
v -0.00220872 0.00870018 0.032125
v -0.00179968 0.00843688 0.032125
v 0.11432156 0.00488688 0.032125
v 0.11443645 0.00449747 0.032125
v 0.11469667 0.00418584 0.032125
v 0.12136107 0.00243728 0.032125
v 0.12179361 0.00265987 0.032125
v 0.12179361 -0.00265987 0.032125
v 0.12136107 -0.00243728 0.032125
v 0.11469667 -0.00418584 0.032125
v 0.11443645 -0.00449747 0.032125
v 0.11432156 -0.00488688 0.032125
v 0.0082064 0.00265987 0.032125
v 0.00863893 0.00243728 0.032125
v 0.01530333 0.00418584 0.032125
v 0.01556355 0.00449747 0.032125
v 0.01567844 0.00488688 0.032125
v 0.00863893 -0.00243728 0.032125
v 0.0082064 -0.00265987 0.032125
v -0.00179968 -0.00843688 0.032125
v -0.00220872 -0.00870018 0.032125
v 0.01567844 -0.00488688 0.032125
v 0.01556355 -0.00449747 0.032125
v 0.01530333 -0.00418584 0.032125
v -0.01127899 0.01116105 0.032125
v -0.01168161 0.01122952 0.032125
v -0.01207802 0.01113132 0.032125
v -0.00640671 0.00577701 0.032125
v -0.00643022 0.00626289 0.032125
v -0.00643022 -0.00626289 0.032125
v -0.00640671 -0.00577701 0.032125
v -0.01207802 -0.01113132 0.032125
v -0.01168161 -0.01122952 0.032125
v -0.01127899 -0.01116105 0.032125
v -0.00402626 -0.01534841 0.032125
v -0.00388425 -0.01573133 0.032125
v -0.003601 -0.01602554 0.032125
v 0.06041777 -0.00768738 -0.033125
v 0.06299668 -0.00648482 -0.033125
v 0.05785549 -0.00648482 -0.033125
v 0.05215269 -0.00035098 -0.033125
v 0.05320269 -6.964E-05 -0.033125
v 0.05103065 0.00558146 -0.033125
v 0.05803544 -0.00295038 -0.033125
v 0.05806509 -0.00231034 -0.033125
v 0.05789082 -0.00169376 -0.033125
v 0.00230432 -0.01380906 -0.033125
v -0.00077001 -0.01397881 -0.033125
v 0.01741828 -0.01498069 -0.033125
v 0.04032608 0.01123496 -0.033125
v 0.04032608 0.01169625 -0.033125
v 0.03366511 0.01169625 -0.033125
v 0.05531949 0.01130013 -0.033125
v 0.05601681 0.01074047 -0.033125
v 0.05785549 0.01077692 -0.033125
v 0.10939632 -0.01028018 -0.033125
v 0.10855501 -0.01053283 -0.033125
v 0.12333674 -0.01231263 -0.033125
v 0.09715428 0.00414698 -0.033125
v 0.09783645 0.00462267 -0.033125
v 0.09785311 0.00558146 -0.033125
v 0.01660362 -0.00992824 -0.033125
v 0.01741828 -0.01043007 -0.033125
v 0.02802021 -0.01055711 -0.033125
v 0.03354162 -0.00245555 -0.033125
v 0.03281267 -0.00263956 -0.033125
v 0.03366511 -0.00648482 -0.033125
v 0.02083736 0.00669714 -0.033125
v 0.01977949 0.00105776 -0.033125
v 0.03141081 -0.00217503 -0.033125
v 0.02941579 -0.00702805 -0.033125
v 0.03206729 -0.00254142 -0.033125
v 0.01741828 0.00558146 -0.033125
v 0.01172033 0.00765727 -0.033125
v 0.0135716 0.0034368 -0.033125
v 0.01395218 -0.00115611 -0.033125
v 0.01649458 -0.00042305 -0.033125
v 0.01671469 0.00043911 -0.033125
v 0.01728699 0.00112045 -0.033125
v 0.01809818 0.00148613 -0.033125
v 0.01898771 0.00146376 -0.033125
v 0.00918656 -0.01056443 -0.033125
v 0.01567723 -0.00964179 -0.033125
v 0.01499446 -0.00895326 -0.033125
v 0.01030013 -0.00948194 -0.033125
v 0.01471579 -0.00802451 -0.033125
v 0.01282083 -0.00562374 -0.033125
v 0.01490674 -0.00707383 -0.033125
v 0.01604895 -0.00383159 -0.033125
v 0.03011417 -0.00881292 -0.033125
v 0.03366511 -0.01043007 -0.033125
v 0.02999271 -0.00783137 -0.033125
v 0.12140102 0.01104797 -0.033125
v 0.11406066 0.00927515 -0.033125
v 0.11827967 0.00765727 -0.033125
v 0.11433434 0.00835548 -0.033125
v 0.09785311 0.01077692 -0.033125
v 0.10381617 0.01004108 -0.033125
v 0.10456686 0.01059548 -0.033125
v 0.10548739 0.01074891 -0.033125
v 0.11247708 0.01025657 -0.033125
v 0.11339012 0.00996151 -0.033125
v 0.1116669 0.00086505 -0.033125
v 0.11079524 0.000605 -0.033125
v 0.10992644 -0.00722858 -0.033125
v 0.11717917 -0.00562374 -0.033125
v 0.11233324 0.00148425 -0.033125
v 0.11604781 -0.00115611 -0.033125
v 0.11265641 0.00233454 -0.033125
v 0.1132091 0.0049311 -0.033125
v 0.09865312 0.00477978 -0.033125
v 0.10383491 0.00744465 -0.033125
v 0.09785311 0.00773482 -0.033125
v 0.10340548 0.00827321 -0.033125
v 0.10339874 0.00920641 -0.033125
v 0.10989855 0.00075791 -0.033125
v 0.10916234 0.00129215 -0.033125
v 0.1001263 0.00408935 -0.033125
v 0.09946309 0.00459113 -0.033125
v 0.11414818 0.00741418 -0.033125
v 0.1164284 0.0034368 -0.033125
v 0.09186809 0.00558146 -0.033125
v 0.09672457 0.00343495 -0.033125
v 0.09186809 -0.00648482 -0.033125
v 0.09246957 -0.00884521 -0.033125
v 0.09237963 -0.00978411 -0.033125
v 0.09186809 -0.01043007 -0.033125
v 0.09272999 -0.01065983 -0.033125
v 0.09186809 -0.01103007 -0.033125
v 0.09344275 -0.01127759 -0.033125
v 0.10149575 -0.01103007 -0.033125
v 0.0948943 -0.01149506 -0.033125
v 0.095 -0.0165 -0.033125
v 0.09475377 -0.0115 -0.033125
v 0.13098368 -0.0139654 -0.033125
v 0.12769568 -0.01380906 -0.033125
v 0.11034158 -0.00800272 -0.033125
v 0.11969987 -0.00948194 -0.033125
v 0.11038497 -0.00888008 -0.033125
v 0.11004823 -0.00969141 -0.033125
v 0.01741828 0.00773482 -0.033125
v 0.02027693 0.00745965 -0.033125
v 0.02012978 0.00839446 -0.033125
v 0.01741828 0.01077692 -0.033125
v 0.02042885 0.00929227 -0.033125
v 0.02110719 0.00995209 -0.033125
v 0.0442962 -0.00803304 -0.033125
v 0.04298609 -0.00522348 -0.033125
v 0.04032608 -0.00648482 -0.033125
v 0.04262578 -0.00469366 -0.033125
v 0.04211642 -0.00430496 -0.033125
v 0.04194049 -0.0041478 -0.033125
v 0.0418562 -0.00392747 -0.033125
v 0.03366511 -0.00239797 -0.033125
v 0.04032608 0.00070809 -0.033125
v 0.04188231 -0.00369301 -0.033125
v 0.04201302 -0.00349662 -0.033125
v 0.04221921 -0.00338202 -0.033125
v 0.042455 -0.00337471 -0.033125
v 0.04781719 -0.00079009 -0.033125
v 0.04805165 -0.0008162 -0.033125
v 0.05077704 0.00558146 -0.033125
v 0.05103065 0.00569972 -0.033125
v 0.05529322 0.00768738 -0.033125
v 0.04309504 -0.00340436 -0.033125
v 0.04371162 -0.00323009 -0.033125
v 0.04652118 -0.00191998 -0.033125
v 0.04824803 -0.00094691 -0.033125
v 0.04836264 -0.0011531 -0.033125
v 0.05103065 -0.00648482 -0.033125
v 0.04836994 -0.00138889 -0.033125
v 0.04982468 -0.00545507 -0.033125
v 0.05018498 -0.00598489 -0.033125
v 0.05069435 -0.00637359 -0.033125
v 0.04759686 -0.00087438 -0.033125
v 0.0474397 -0.00105031 -0.033125
v 0.047051 -0.00155967 -0.033125
v 0.04851456 -0.00264551 -0.033125
v 0.05640057 0.00993288 -0.033125
v 0.05639407 0.00903877 -0.033125
v 0.05785549 0.00773482 -0.033125
v 0.05599861 0.00823684 -0.033125
v 0.05444798 0.0115 -0.033125
v 0.05785549 0.01169625 -0.033125
v 0.05103065 0.01169625 -0.033125
v 0.04508265 0.01149697 -0.033125
v 0.04519265 0.0115 -0.033125
v 0.05103065 0.0115 -0.033125
v 0.01741828 0.01169625 -0.033125
v 0.02201294 0.0102262 -0.033125
v 0.03201081 0.01077692 -0.033125
v 0.03366511 0.01086805 -0.033125
v 0.1254542 0.01324144 -0.033125
v 0.095 0.0165 -0.033125
v 0.13 0.014 -0.033125
v 0.13098368 0.0139654 -0.033125
v 0.04032608 -0.01624254 -0.033125
v 0.03366511 -0.01103007 -0.033125
v 0.03366511 -0.01587563 -0.033125
v 0.01741828 -0.01103007 -0.033125
v 0.00666326 -0.01231263 -0.033125
v 0.02975046 -0.00973265 -0.033125
v 0.02899053 -0.01036564 -0.033125
v 0.00859898 0.01104797 -0.033125
v 0.00454579 0.01324144 -0.033125
v 0.01741828 0.01498069 -0.033125
v 0 0.014 -0.033125
v -0.00077001 0.01397881 -0.033125
v 0.03366511 0.01587563 -0.033125
v 0.04032608 0.01624254 -0.033125
v 0.06896935 -0.00369972 -0.033125
v 0.06896935 0.00558146 -0.033125
v 0.06889731 0.00416964 -0.033125
v 0.06861596 0.00311964 -0.033125
v 0.06784731 0.00235098 -0.033125
v 0.06462526 -0.00572539 -0.033125
v 0.06679731 0.00206964 -0.033125
v 0.06574731 0.00235098 -0.033125
v 0.06497865 0.00311964 -0.033125
v 0.06469731 0.00416964 -0.033125
v 0.06462526 0.00558146 -0.033125
v 0.06497865 0.00521964 -0.033125
v 0.06574731 0.00598829 -0.033125
v 0.06462526 0.00773482 -0.033125
v 0.06679731 0.00626964 -0.033125
v 0.06896935 0.00773482 -0.033125
v 0.06784731 0.00598829 -0.033125
v 0.06861596 0.00521964 -0.033125
v 0.06011579 0.0044193 -0.033125
v 0.06064562 0.0047796 -0.033125
v 0.05785549 0.00558146 -0.033125
v 0.06103431 0.00528896 -0.033125
v 0.06119148 0.00546489 -0.033125
v 0.06141181 0.00554918 -0.033125
v 0.06164626 0.00552307 -0.033125
v 0.06184265 0.00539237 -0.033125
v 0.06452307 -0.00064626 -0.033125
v 0.06454919 -0.00041181 -0.033125
v 0.06446489 -0.00019148 -0.033125
v 0.06428896 -3.431E-05 -0.033125
v 0.05858819 -0.00354918 -0.033125
v 0.05835374 -0.00352307 -0.033125
v 0.05815735 -0.00339237 -0.033125
v 0.05804275 -0.00318617 -0.033125
v 0.05880852 -0.00346489 -0.033125
v 0.05896569 -0.00328896 -0.033125
v 0.06439237 -0.00084265 -0.033125
v 0.06418617 -0.00095725 -0.033125
v 0.06395038 -0.00096456 -0.033125
v 0.06195726 0.00518617 -0.033125
v 0.06196456 0.00495038 -0.033125
v 0.06193491 0.00431034 -0.033125
v 0.0637796 0.00035438 -0.033125
v 0.0634193 0.00088421 -0.033125
v 0.06210918 0.00369376 -0.033125
v 0.05935438 -0.0027796 -0.033125
v 0.05988421 -0.0024193 -0.033125
v 0.06269376 -0.00110918 -0.033125
v 0.06331034 -0.00093491 -0.033125
v 0.0565807 0.00111579 -0.033125
v 0.0562204 0.00164562 -0.033125
v 0.05571104 0.00203431 -0.033125
v 0.05560763 0.00284265 -0.033125
v 0.05581383 0.00295725 -0.033125
v 0.05502135 -0.00111964 -0.033125
v 0.05530269 -0.00216964 -0.033125
v 0.05215269 -0.00398829 -0.033125
v 0.05138404 -0.00321964 -0.033125
v 0.05110269 -0.00216964 -0.033125
v 0.05138404 -0.00111964 -0.033125
v 0.05604962 0.00296456 -0.033125
v 0.05425269 -0.00035098 -0.033125
v 0.05553511 0.00219148 -0.033125
v 0.05545082 0.00241181 -0.033125
v 0.05547693 0.00264626 -0.033125
v 0.05668966 0.00293491 -0.033125
v 0.05730624 0.00310918 -0.033125
v 0.05502135 -0.00321964 -0.033125
v 0.05425269 -0.00398829 -0.033125
v 0.05320269 -0.00426964 -0.033125
v 0.07218281 0.00279009 -0.033125
v 0.07194836 0.0028162 -0.033125
v 0.07163005 0.00338889 -0.033125
v 0.07163736 0.0031531 -0.033125
v 0.07175197 0.00294691 -0.033125
v 0.07754499 0.00537471 -0.033125
v 0.07690495 0.00540436 -0.033125
v 0.08267392 0.00269083 -0.033125
v 0.07628838 0.00523009 -0.033125
v 0.07347883 0.00391998 -0.033125
v 0.07240314 0.00287438 -0.033125
v 0.0725603 0.00305031 -0.033125
v 0.072949 0.00355967 -0.033125
v 0.07788358 0.00630496 -0.033125
v 0.07805951 0.0061478 -0.033125
v 0.08267392 0.00773482 -0.033125
v 0.0781438 0.00592747 -0.033125
v 0.07811769 0.00569301 -0.033125
v 0.08267392 0.00558146 -0.033125
v 0.07798699 0.00549662 -0.033125
v 0.07778079 0.00538202 -0.033125
v 0.07737422 0.00669366 -0.033125
v 0.07555918 0.01128965 -0.033125
v 0.07552953 0.01064961 -0.033125
v 0.08267392 0.01077692 -0.033125
v 0.0757038 0.01003304 -0.033125
v 0.07701392 0.00722348 -0.033125
v 0.07524088 0.01186235 -0.033125
v 0.07543727 0.01173164 -0.033125
v 0.08267392 0.01169625 -0.033125
v 0.07555187 0.01152545 -0.033125
v 0.07462893 0.01162824 -0.033125
v 0.07478609 0.01180417 -0.033125
v 0.06896935 0.0165 -0.033125
v 0.07500643 0.01188846 -0.033125
v 0.08267392 0.0165 -0.033125
v 0.07371041 0.01075857 -0.033125
v 0.07424023 0.01111888 -0.033125
v 0.06896935 0.01169625 -0.033125
v 0.06912973 0.00853075 -0.033125
v 0.06930566 0.00837359 -0.033125
v 0.06981502 0.00798489 -0.033125
v 0.06904543 0.00875108 -0.033125
v 0.06907155 0.00898554 -0.033125
v 0.06896935 0.01077692 -0.033125
v 0.06920225 0.00918193 -0.033125
v 0.06940845 0.00929653 -0.033125
v 0.06964424 0.00930384 -0.033125
v 0.07028428 0.00927418 -0.033125
v 0.07090086 0.00944845 -0.033125
v 0.07017532 0.00745507 -0.033125
v 0.07148544 0.00464551 -0.033125
v 0.07165971 0.00402894 -0.033125
v 0.04834029 -0.00202894 -0.033125
v 0.05087028 -0.00653075 -0.033125
v 0.05095457 -0.00675108 -0.033125
v 0.04032608 -0.01043007 -0.033125
v 0.04456273 -0.00973164 -0.033125
v 0.04444813 -0.00952545 -0.033125
v 0.05103065 -0.01043007 -0.033125
v 0.05092845 -0.00698554 -0.033125
v 0.05079775 -0.00718192 -0.033125
v 0.04537107 -0.00962824 -0.033125
v 0.04521391 -0.00980417 -0.033125
v 0.04499358 -0.00988846 -0.033125
v 0.04475912 -0.00986234 -0.033125
v 0.04444082 -0.00928965 -0.033125
v 0.04447047 -0.00864961 -0.033125
v 0.05059155 -0.00729653 -0.033125
v 0.05035576 -0.00730384 -0.033125
v 0.04971572 -0.00727418 -0.033125
v 0.04575977 -0.00911888 -0.033125
v 0.04628959 -0.00875857 -0.033125
v 0.04909915 -0.00744845 -0.033125
v 0.05931041 -0.00993288 -0.033125
v 0.05931691 -0.00903877 -0.033125
v 0.05971238 -0.00823684 -0.033125
v 0.08630326 -0.01085736 -0.033125
v 0.08563605 -0.01133231 -0.033125
v 0.09186809 -0.0165 -0.033125
v 0.08267392 -0.0165 -0.033125
v 0.061263 -0.0115 -0.033125
v 0.05785549 -0.0165 -0.033125
v 0.06462526 -0.0115 -0.033125
v 0.06462526 -0.0165 -0.033125
v 0.06896935 -0.0115 -0.033125
v 0.06896935 -0.0165 -0.033125
v 0.08267392 -0.0115 -0.033125
v 0.0848344 -0.0115 -0.033125
v 0.08944042 0.00560868 -0.033125
v 0.09033557 0.00536491 -0.033125
v 0.09102441 0.00474347 -0.033125
v 0.09135874 0.00387805 -0.033125
v 0.09126659 0.0029549 -0.033125
v 0.08672417 -0.01015479 -0.033125
v 0.09435935 -0.0115 -0.033125
v 0.09186809 0.00773482 -0.033125
v 0.08853159 0.00542231 -0.033125
v 0.09186809 0.01077692 -0.033125
v 0.088 0.0108 -0.033125
v 0.0884 0.01069282 -0.033125
v 0.0876 0.01069282 -0.033125
v 0.08730718 0.0104 -0.033125
v 0.0884 0.00930718 -0.033125
v 0.088 0.0092 -0.033125
v 0.0876 0.00930718 -0.033125
v 0.08730718 0.0096 -0.033125
v 0.0872 0.01 -0.033125
v 0.08869282 0.0104 -0.033125
v 0.0888 0.01 -0.033125
v 0.08869282 0.0096 -0.033125
v 0.09186809 0.01169625 -0.033125
v 0.09785311 0.01169625 -0.033125
v 0.09186809 0.0165 -0.033125
v 0.06462526 0.01077692 -0.033125
v 0.06462526 0.01169625 -0.033125
v 0.06039149 -0.01130013 -0.033125
v 0.05785549 -0.01103007 -0.033125
v 0.05103065 -0.0165 -0.033125
v 0.05103065 -0.01103007 -0.033125
v 0.045 -0.0165 -0.033125
v 0.04032608 -0.01103007 -0.033125
v 0.05969417 -0.01074047 -0.033125
v 0.05785549 -0.01043007 -0.033125
v 0.06462526 0.0165 -0.033125
v 0.05785549 0.0165 -0.033125
v 0.05103065 0.0165 -0.033125
v 0.045 0.0165 -0.033125
v 0.0384 -0.00880718 -0.033125
v 0.03869282 -0.0091 -0.033125
v 0.0388 -0.0095 -0.033125
v 0.0376 -0.01019282 -0.033125
v 0.03730718 -0.0099 -0.033125
v 0.0372 -0.0095 -0.033125
v 0.03730718 -0.0091 -0.033125
v 0.0376 -0.00880718 -0.033125
v 0.038 -0.0087 -0.033125
v 0.03869282 -0.0099 -0.033125
v 0.0384 -0.01019282 -0.033125
v 0.038 -0.0103 -0.033125
v 0.05785549 0.00593966 -0.037125
v 0.05785549 0.00664732 -0.037125
v 0.06462526 0.00664732 -0.037125
v 0.0884 0.01069282 -0.037125
v 0.088 0.0108 -0.037125
v 0.09785311 0.01077692 -0.037125
v 0.10383491 0.00744465 -0.037125
v 0.10452532 0.00664732 -0.037125
v 0.09785311 0.00664732 -0.037125
v 0.05640057 0.00993288 -0.037125
v 0.05601681 0.01074047 -0.037125
v 0.05785549 0.01077692 -0.037125
v 0.05103065 0.00158784 -0.037125
v 0.0565807 0.00111579 -0.037125
v 0.05103065 0.00127534 -0.037125
v 0.05103065 0.00026585 -0.037125
v 0.13454579 0.01324144 -0.037125
v 0.13859898 0.01104797 -0.037125
v 0.13133749 0.01169625 -0.037125
v -0.0105125 0.00664732 -0.037125
v -0.01172033 0.00765727 -0.037125
v -0.00859898 0.01104797 -0.037125
v 0.125025 -0 -0.037125
v 0.12488768 0.0005125 -0.037125
v 0.1266875 0.00026585 -0.037125
v 0.130825 -0.00142894 -0.037125
v 0.13142894 -0.000825 -0.037125
v 0.13133749 -0.00214647 -0.037125
v 0.04211642 -0.00430496 -0.037125
v 0.04262578 -0.00469366 -0.037125
v 0.04032608 -0.00462232 -0.037125
v 0.0757038 0.01003304 -0.037125
v 0.07552953 0.01064961 -0.037125
v 0.08267392 0.01077692 -0.037125
v 0.06851532 -0.00391143 -0.037125
v 0.06462526 -0.00391143 -0.037125
v 0.06462526 -0.00214647 -0.037125
v 0.10343704 0.00026585 -0.037125
v 0.11237551 0.00026585 -0.037125
v 0.11237551 -0.00214647 -0.037125
v 0.09865312 0.00477978 -0.037125
v 0.09783645 0.00462267 -0.037125
v 0.09785311 0.00487758 -0.037125
v 0.01809818 0.00148613 -0.037125
v 0.01741828 0.00127534 -0.037125
v 0.01741828 0.00158784 -0.037125
v 0.02072326 0.00026585 -0.037125
v 0.01977949 0.00105776 -0.037125
v 0.02729882 0.00127534 -0.037125
v 0.01898771 0.00146376 -0.037125
v 0.0269264 0.00158784 -0.037125
v 0.02850188 0.00026585 -0.037125
v 0.03137677 -0.00214647 -0.037125
v 0.02359815 -0.00214647 -0.037125
v 0.03366511 -0.00239797 -0.037125
v 0.03366511 -0.00391143 -0.037125
v 0.03354162 -0.00245555 -0.037125
v 0.03281267 -0.00263956 -0.037125
v 0.02570155 -0.00391143 -0.037125
v 0.03141081 -0.00217503 -0.037125
v 0.03206729 -0.00254142 -0.037125
v 0.02941579 -0.00702805 -0.037125
v 0.02654875 -0.00462232 -0.037125
v 0.03366511 -0.00462232 -0.037125
v 0.02999271 -0.00783137 -0.037125
v 0.03366511 -0.0078625 -0.037125
v 0.03011417 -0.00881292 -0.037125
v 0.03366511 -0.01043007 -0.037125
v 0.02975046 -0.00973265 -0.037125
v 0.03366511 -0.01587563 -0.037125
v 0.01741828 -0.01498069 -0.037125
v 0.01741828 -0.01043007 -0.037125
v 0.02899053 -0.01036564 -0.037125
v 0.02802021 -0.01055711 -0.037125
v 0.01660362 -0.00992824 -0.037125
v 0.01499446 -0.00895326 -0.037125
v 0.01567723 -0.00964179 -0.037125
v 0.01086931 -0.01043007 -0.037125
v 0.01471579 -0.00802451 -0.037125
v 0.01728699 0.00112045 -0.037125
v 0.01671469 0.00043911 -0.037125
v 0.01086931 0.00026585 -0.037125
v 0.01649458 -0.00042305 -0.037125
v 0.01086931 -0.00214647 -0.037125
v 0.01604895 -0.00383159 -0.037125
v 0.01086931 -0.00391143 -0.037125
v 0.01490674 -0.00707383 -0.037125
v 0.01086931 -0.00462232 -0.037125
v 0.01086931 -0.0078625 -0.037125
v 0.10229234 0.00158784 -0.037125
v 0.1001263 0.00408935 -0.037125
v 0.10605773 0.00487758 -0.037125
v 0.09946309 0.00459113 -0.037125
v 0.1089063 0.00158784 -0.037125
v 0.10916234 0.00129215 -0.037125
v 0.10256294 0.00127534 -0.037125
v 0.10989855 0.00075791 -0.037125
v 0.11079524 0.000605 -0.037125
v 0.1116669 0.00086505 -0.037125
v 0.11237551 0.00127534 -0.037125
v 0.11233324 0.00148425 -0.037125
v 0.11237551 0.00158784 -0.037125
v 0.11034158 -0.00800272 -0.037125
v 0.10992644 -0.00722858 -0.037125
v 0.11237551 -0.00462232 -0.037125
v 0.10766969 -0.00462232 -0.037125
v 0.10705414 -0.00391143 -0.037125
v 0.10855501 -0.01053283 -0.037125
v 0.10939632 -0.01028018 -0.037125
v 0.11237551 -0.01043007 -0.037125
v 0.11004823 -0.00969141 -0.037125
v 0.11038497 -0.00888008 -0.037125
v 0.095 -0.0165 -0.037125
v 0.08267392 -0.0165 -0.037125
v 0.09344275 -0.01127759 -0.037125
v 0.08672417 -0.01015479 -0.037125
v 0.09272999 -0.01065983 -0.037125
v 0.08630326 -0.01085736 -0.037125
v 0.08563605 -0.01133231 -0.037125
v 0.11237551 -0.01527611 -0.037125
v 0.0948943 -0.01149506 -0.037125
v 0.09785311 -0.01629903 -0.037125
v 0.09475377 -0.0115 -0.037125
v 0.09435935 -0.0115 -0.037125
v 0.09715428 0.00414698 -0.037125
v 0.09135874 0.00387805 -0.037125
v 0.09672457 0.00343495 -0.037125
v 0.09126659 0.0029549 -0.037125
v 0.09608456 0.00158784 -0.037125
v 0.09079292 0.00158784 -0.037125
v 0.09597628 0.00127534 -0.037125
v 0.09068464 0.00127534 -0.037125
v 0.0956265 0.00026585 -0.037125
v 0.09033486 0.00026585 -0.037125
v 0.09479064 -0.00214647 -0.037125
v 0.089499 -0.00214647 -0.037125
v 0.0941791 -0.00391143 -0.037125
v 0.08888746 -0.00391143 -0.037125
v 0.09393278 -0.00462232 -0.037125
v 0.08864114 -0.00462232 -0.037125
v 0.09281008 -0.0078625 -0.037125
v 0.08751844 -0.0078625 -0.037125
v 0.09246957 -0.00884521 -0.037125
v 0.09237963 -0.00978411 -0.037125
v 0.06462526 -0.0165 -0.037125
v 0.06896935 -0.0115 -0.037125
v 0.06896935 -0.0165 -0.037125
v 0.08267392 -0.0115 -0.037125
v 0.0848344 -0.0115 -0.037125
v 0.05785549 -0.0165 -0.037125
v 0.05785549 -0.01043007 -0.037125
v 0.05969417 -0.01074047 -0.037125
v 0.06039149 -0.01130013 -0.037125
v 0.061263 -0.0115 -0.037125
v 0.06462526 -0.0115 -0.037125
v 0.05785549 -0.0078625 -0.037125
v 0.05931691 -0.00903877 -0.037125
v 0.05931041 -0.00993288 -0.037125
v 0.06699082 -0.00462232 -0.037125
v 0.06462526 -0.00572539 -0.037125
v 0.06462526 -0.00462232 -0.037125
v 0.06041777 -0.00768738 -0.037125
v 0.06896935 -0.00369972 -0.037125
v 0.06896935 -0.00214647 -0.037125
v 0.0723003 -0.00214647 -0.037125
v 0.06896935 0.00026585 -0.037125
v 0.07747354 0.00026585 -0.037125
v 0.06896935 0.00127534 -0.037125
v 0.07963838 0.00127534 -0.037125
v 0.06896935 0.00158784 -0.037125
v 0.08030854 0.00158784 -0.037125
v 0.0725603 0.00305031 -0.037125
v 0.072949 0.00355967 -0.037125
v 0.06896935 0.00487758 -0.037125
v 0.07163005 0.00338889 -0.037125
v 0.07163736 0.0031531 -0.037125
v 0.07175197 0.00294691 -0.037125
v 0.07194836 0.0028162 -0.037125
v 0.07218281 0.00279009 -0.037125
v 0.07240314 0.00287438 -0.037125
v 0.08267392 0.00487758 -0.037125
v 0.08267392 0.00269083 -0.037125
v 0.07628838 0.00523009 -0.037125
v 0.07347883 0.00391998 -0.037125
v 0.09785311 0.00593966 -0.037125
v 0.09785311 0.00558146 -0.037125
v 0.08944042 0.00560868 -0.037125
v 0.09102441 0.00474347 -0.037125
v 0.09033557 0.00536491 -0.037125
v 0.07165971 0.00402894 -0.037125
v 0.07148544 0.00464551 -0.037125
v 0.07137723 0.00487758 -0.037125
v 0.06896935 0.00558146 -0.037125
v 0.071049 0.00558146 -0.037125
v 0.06896935 0.00593966 -0.037125
v 0.07088196 0.00593966 -0.037125
v 0.06964424 0.00930384 -0.037125
v 0.06940845 0.00929653 -0.037125
v 0.06896935 0.01077692 -0.037125
v 0.06904543 0.00875108 -0.037125
v 0.06912973 0.00853075 -0.037125
v 0.06896935 0.00664732 -0.037125
v 0.06930566 0.00837359 -0.037125
v 0.06920225 0.00918193 -0.037125
v 0.06907155 0.00898554 -0.037125
v 0.06981502 0.00798489 -0.037125
v 0.07017532 0.00745507 -0.037125
v 0.07055198 0.00664732 -0.037125
v 0.07028428 0.00927418 -0.037125
v 0.07090086 0.00944845 -0.037125
v 0.07371041 0.01075857 -0.037125
v 0.07424023 0.01111888 -0.037125
v 0.06896935 0.01169625 -0.037125
v 0.07462893 0.01162824 -0.037125
v 0.07543727 0.01173164 -0.037125
v 0.07524088 0.01186235 -0.037125
v 0.08267392 0.0165 -0.037125
v 0.06896935 0.0165 -0.037125
v 0.07500643 0.01188846 -0.037125
v 0.07478609 0.01180417 -0.037125
v 0.07555918 0.01128965 -0.037125
v 0.07555187 0.01152545 -0.037125
v 0.08267392 0.01169625 -0.037125
v 0.0781438 0.00592747 -0.037125
v 0.07805951 0.0061478 -0.037125
v 0.08267392 0.00664732 -0.037125
v 0.07788358 0.00630496 -0.037125
v 0.07737422 0.00669366 -0.037125
v 0.07701392 0.00722348 -0.037125
v 0.08267392 0.00558146 -0.037125
v 0.07798699 0.00549662 -0.037125
v 0.07811769 0.00569301 -0.037125
v 0.08267392 0.00593966 -0.037125
v 0.07778079 0.00538202 -0.037125
v 0.07754499 0.00537471 -0.037125
v 0.07690495 0.00540436 -0.037125
v 0.06679731 0.00626964 -0.037125
v 0.06784731 0.00598829 -0.037125
v 0.06679731 0.00206964 -0.037125
v 0.06784731 0.00235098 -0.037125
v 0.06861596 0.00311964 -0.037125
v 0.06889731 0.00416964 -0.037125
v 0.06861596 0.00521964 -0.037125
v 0.06462526 0.00593966 -0.037125
v 0.06574731 0.00598829 -0.037125
v 0.06497865 0.00521964 -0.037125
v 0.04444082 -0.00928965 -0.037125
v 0.04444813 -0.00952545 -0.037125
v 0.04032608 -0.01043007 -0.037125
v 0.04447047 -0.00864961 -0.037125
v 0.04032608 -0.0078625 -0.037125
v 0.0442962 -0.00803304 -0.037125
v 0.04456273 -0.00973164 -0.037125
v 0.04475912 -0.00986234 -0.037125
v 0.04499358 -0.00988846 -0.037125
v 0.04521391 -0.00980417 -0.037125
v 0.05103065 -0.01043007 -0.037125
v 0.04537107 -0.00962824 -0.037125
v 0.04909915 -0.00744845 -0.037125
v 0.05103065 -0.0078625 -0.037125
v 0.04628959 -0.00875857 -0.037125
v 0.04575977 -0.00911888 -0.037125
v 0.04298609 -0.00522348 -0.037125
v 0.04221921 -0.00338202 -0.037125
v 0.04201302 -0.00349662 -0.037125
v 0.04032608 -0.00214647 -0.037125
v 0.04188231 -0.00369301 -0.037125
v 0.04032608 -0.00391143 -0.037125
v 0.0418562 -0.00392747 -0.037125
v 0.04194049 -0.0041478 -0.037125
v 0.042455 -0.00337471 -0.037125
v 0.04371162 -0.00323009 -0.037125
v 0.04309504 -0.00340436 -0.037125
v 0.04824803 -0.00094691 -0.037125
v 0.04805165 -0.0008162 -0.037125
v 0.04781719 -0.00079009 -0.037125
v 0.04759686 -0.00087438 -0.037125
v 0.0474397 -0.00105031 -0.037125
v 0.04032608 0.00026585 -0.037125
v 0.047051 -0.00155967 -0.037125
v 0.04652118 -0.00191998 -0.037125
v 0.05103065 -0.00391143 -0.037125
v 0.04834029 -0.00202894 -0.037125
v 0.05103065 -0.00214647 -0.037125
v 0.04836994 -0.00138889 -0.037125
v 0.04836264 -0.0011531 -0.037125
v 0.05103065 -0.00462232 -0.037125
v 0.04982468 -0.00545507 -0.037125
v 0.04851456 -0.00264551 -0.037125
v 0.05059155 -0.00729653 -0.037125
v 0.05079775 -0.00718192 -0.037125
v 0.04971572 -0.00727418 -0.037125
v 0.05035576 -0.00730384 -0.037125
v 0.05092845 -0.00698554 -0.037125
v 0.05095457 -0.00675108 -0.037125
v 0.05018498 -0.00598489 -0.037125
v 0.05069435 -0.00637359 -0.037125
v 0.05087028 -0.00653075 -0.037125
v 0 0.00165 -0.037125
v 0.0013375 0.00158784 -0.037125
v 0.000825 0.00142894 -0.037125
v 0.0013375 0.00127534 -0.037125
v 0.00142894 0.000825 -0.037125
v 0.006 0.001025 -0.037125
v 0.0054875 0.00088768 -0.037125
v 0.01086931 0.00127534 -0.037125
v 0.00688768 0.0005125 -0.037125
v 0.0065125 0.00088768 -0.037125
v 0.00511232 0.0005125 -0.037125
v 0.00165 -0 -0.037125
v 0.004975 -0 -0.037125
v 0.00142894 -0.000825 -0.037125
v 0.0013375 -0.00214647 -0.037125
v 0.00511232 -0.0005125 -0.037125
v 0.0054875 -0.00088768 -0.037125
v 0.006 -0.001025 -0.037125
v 0.0065125 -0.00088768 -0.037125
v 0.00688768 -0.0005125 -0.037125
v 0.007025 -0 -0.037125
v 0.000825 -0.00142894 -0.037125
v 0 -0.00165 -0.037125
v -0.0013375 -0.00214647 -0.037125
v -0.00142894 -0.000825 -0.037125
v -0.000825 -0.00142894 -0.037125
v 0.0013375 0.00487758 -0.037125
v -0.0013375 0.00487758 -0.037125
v -0.0013375 0.00158784 -0.037125
v -0.000825 0.00142894 -0.037125
v -0.0013375 0.00127534 -0.037125
v 0.1286625 0.00487758 -0.037125
v 0.13133749 0.00487758 -0.037125
v 0.13 0.00165 -0.037125
v 0.13133749 0.00158784 -0.037125
v 0.130825 0.00142894 -0.037125
v 0.14382941 -0.00217889 -0.037125
v 0.1365125 -0.00088768 -0.037125
v 0.13688767 -0.0005125 -0.037125
v 0.14394034 0.00129105 -0.037125
v 0.13600001 0.001025 -0.037125
v 0.13133749 0.00127534 -0.037125
v 0.1354875 0.00088768 -0.037125
v 0.13142894 0.000825 -0.037125
v 0.13511233 0.0005125 -0.037125
v 0.13165 -0 -0.037125
v 0.134975 -0 -0.037125
v 0.13511233 -0.0005125 -0.037125
v 0.1354875 -0.00088768 -0.037125
v 0.13600001 -0.001025 -0.037125
v 0.14395218 -0.00115611 -0.037125
v 0.137025 -0 -0.037125
v 0.14399721 0.00027935 -0.037125
v 0.13688767 0.0005125 -0.037125
v 0.1365125 0.00088768 -0.037125
v 0.13 -0.00165 -0.037125
v 0.1286625 -0.00214647 -0.037125
v 0.12917501 -0.00142894 -0.037125
v 0.12857106 0.000825 -0.037125
v 0.12835 -0 -0.037125
v 0.12857106 -0.000825 -0.037125
v 0.1286625 0.00158784 -0.037125
v 0.12917501 0.00142894 -0.037125
v 0.1286625 0.00127534 -0.037125
v -0.006 0.001025 -0.037125
v -0.0065125 0.00088768 -0.037125
v -0.0105125 0.00127534 -0.037125
v -0.0105125 0.00026585 -0.037125
v -0.00142894 0.000825 -0.037125
v -0.0033125 0.00026585 -0.037125
v -0.0033125 0.00127534 -0.037125
v -0.00511232 0.0005125 -0.037125
v -0.0054875 0.00088768 -0.037125
v -0.00688768 0.0005125 -0.037125
v -0.007025 -0 -0.037125
v -0.0105125 -0.00214647 -0.037125
v -0.00688768 -0.0005125 -0.037125
v -0.0065125 -0.00088768 -0.037125
v -0.006 -0.001025 -0.037125
v -0.0054875 -0.00088768 -0.037125
v -0.0033125 -0.00214647 -0.037125
v -0.00511232 -0.0005125 -0.037125
v -0.004975 -0 -0.037125
v 0.124 0.001025 -0.037125
v 0.1234875 0.00088768 -0.037125
v 0.11865578 0.00127534 -0.037125
v 0.11865578 0.00026585 -0.037125
v 0.1266875 0.00127534 -0.037125
v 0.1245125 0.00088768 -0.037125
v 0.12311232 0.0005125 -0.037125
v 0.122975 -0 -0.037125
v 0.11865578 -0.00214647 -0.037125
v 0.12311232 -0.0005125 -0.037125
v 0.1234875 -0.00088768 -0.037125
v 0.124 -0.001025 -0.037125
v 0.1266875 -0.00214647 -0.037125
v 0.1245125 -0.00088768 -0.037125
v 0.12488768 -0.0005125 -0.037125
v 0 0.007025 -0.037125
v -0.0005125 0.00688768 -0.037125
v -0.0013375 0.01077692 -0.037125
v -0.0013375 0.00664732 -0.037125
v 0.00088768 0.0065125 -0.037125
v 0.0005125 0.00688768 -0.037125
v 0.0013375 0.01077692 -0.037125
v 0.0013375 0.00558146 -0.037125
v 0.001025 0.006 -0.037125
v 0.0013375 0.00593966 -0.037125
v 0.0013375 0.00664732 -0.037125
v -0.00088768 0.0054875 -0.037125
v -0.0005125 0.00511232 -0.037125
v 0 0.004975 -0.037125
v 0.0005125 0.00511232 -0.037125
v 0.00088768 0.0054875 -0.037125
v -0.00088768 0.0065125 -0.037125
v -0.001025 0.006 -0.037125
v -0.0013375 0.00593966 -0.037125
v -0.0013375 0.00558146 -0.037125
v 0.13133749 0.00558146 -0.037125
v 0.131025 0.006 -0.037125
v 0.13133749 0.00593966 -0.037125
v 0.13088767 0.0065125 -0.037125
v 0.13133749 0.00664732 -0.037125
v 0.13133749 0.01077692 -0.037125
v 0.12911232 0.0054875 -0.037125
v 0.1294875 0.00511232 -0.037125
v 0.13 0.004975 -0.037125
v 0.13051251 0.00511232 -0.037125
v 0.13088767 0.0054875 -0.037125
v 0.1286625 0.00664732 -0.037125
v 0.128975 0.006 -0.037125
v 0.1286625 0.00593966 -0.037125
v 0.1286625 0.00558146 -0.037125
v 0.13051251 0.00688768 -0.037125
v 0.13 0.007025 -0.037125
v 0.1286625 0.01077692 -0.037125
v 0.1294875 0.00688768 -0.037125
v 0.12911232 0.0065125 -0.037125
v 0.03366511 0.01169625 -0.037125
v 0.03366511 0.01587563 -0.037125
v 0.04032608 0.01624254 -0.037125
v 0.01741828 0.01169625 -0.037125
v 0.01741828 0.01498069 -0.037125
v -0.0122909 0.00670327 -0.037125
v -0.0105125 0.00593966 -0.037125
v -0.01264259 0.00601373 -0.037125
v -0.0105125 0.00558146 -0.037125
v -0.01280568 0.00565814 -0.037125
v -0.0105125 0.00487758 -0.037125
v -0.01309699 0.00494661 -0.037125
v -0.0135716 0.0034368 -0.037125
v -0.0105125 0.00158784 -0.037125
v -0.01390792 0.00160301 -0.037125
v -0.01394034 0.00129105 -0.037125
v -0.01399721 0.00027935 -0.037125
v -0.01395218 -0.00115611 -0.037125
v -0.01382941 -0.00217889 -0.037125
v -0.0105125 -0.00391143 -0.037125
v -0.01342952 -0.00395577 -0.037125
v -0.0105125 -0.00462232 -0.037125
v -0.01320345 -0.00465499 -0.037125
v -0.0105125 -0.0078625 -0.037125
v -0.01282083 -0.00562374 -0.037125
v -0.00230432 -0.01380906 -0.037125
v -0.00666326 -0.01231263 -0.037125
v -0.01030013 -0.00948194 -0.037125
v -0.0033125 -0.01043007 -0.037125
v -0.0013375 -0.01043007 -0.037125
v -0.00077001 -0.01397881 -0.037125
v 0.01086931 -0.01461995 -0.037125
v 0.045 -0.0165 -0.037125
v 0.04032608 -0.01624254 -0.037125
v 0.05103065 -0.0165 -0.037125
v 0.11865578 -0.01043007 -0.037125
v 0.11865578 -0.01483375 -0.037125
v 0.1266875 -0.01043007 -0.037125
v 0.1266875 -0.01426801 -0.037125
v 0.1286625 -0.01043007 -0.037125
v 0.1286625 -0.0141289 -0.037125
v 0.13133749 -0.01043007 -0.037125
v 0.13098368 -0.0139654 -0.037125
v 0.14030014 -0.00948194 -0.037125
v 0.13666326 -0.01231263 -0.037125
v 0.13230433 -0.01380906 -0.037125
v 0.13133749 -0.0078625 -0.037125
v 0.14282082 -0.00562374 -0.037125
v 0.13133749 -0.00462232 -0.037125
v 0.14320345 -0.00465499 -0.037125
v 0.13133749 -0.00391143 -0.037125
v 0.14342952 -0.00395577 -0.037125
v 0.14390792 0.00160301 -0.037125
v 0.1435716 0.0034368 -0.037125
v 0.14309698 0.00494661 -0.037125
v 0.14280568 0.00565814 -0.037125
v 0.14264259 0.00601373 -0.037125
v 0.14229089 0.00670327 -0.037125
v 0.13098368 0.0139654 -0.037125
v 0.1286625 0.01169625 -0.037125
v 0.1286625 0.0141289 -0.037125
v 0.1266875 0.01169625 -0.037125
v 0.1266875 0.01426801 -0.037125
v 0.11865578 0.01169625 -0.037125
v 0.11865578 0.01483375 -0.037125
v 0.11237551 0.01169625 -0.037125
v 0.11237551 0.01527611 -0.037125
v 0.09785311 0.01169625 -0.037125
v 0.09785311 0.01629903 -0.037125
v 0.095 0.0165 -0.037125
v 0.05530269 -0.00216964 -0.037125
v 0.05502135 -0.00111964 -0.037125
v 0.05425269 -0.00035098 -0.037125
v 0.05320269 -6.964E-05 -0.037125
v 0.05789082 -0.00169376 -0.037125
v 0.05785549 -0.00214647 -0.037125
v 0.05502135 -0.00321964 -0.037125
v 0.05785549 -0.00391143 -0.037125
v 0.05425269 -0.00398829 -0.037125
v 0.05215269 -0.00398829 -0.037125
v 0.05215269 -0.00035098 -0.037125
v 0.05138404 -0.00111964 -0.037125
v 0.05110269 -0.00216964 -0.037125
v 0.05138404 -0.00321964 -0.037125
v 0.06184265 0.00539237 -0.037125
v 0.06164626 0.00552307 -0.037125
v 0.06462526 0.00558146 -0.037125
v 0.06141181 0.00554918 -0.037125
v 0.05785549 0.00558146 -0.037125
v 0.06119148 0.00546489 -0.037125
v 0.06103431 0.00528896 -0.037125
v 0.06210918 0.00369376 -0.037125
v 0.06193491 0.00431034 -0.037125
v 0.06462526 0.00487758 -0.037125
v 0.06196456 0.00495038 -0.037125
v 0.06195726 0.00518617 -0.037125
v 0.06462526 0.00026585 -0.037125
v 0.0634193 0.00088421 -0.037125
v 0.06462526 0.00127534 -0.037125
v 0.06462526 0.00158784 -0.037125
v 0.06454919 -0.00041181 -0.037125
v 0.06446489 -0.00019148 -0.037125
v 0.06428896 -3.431E-05 -0.037125
v 0.0637796 0.00035438 -0.037125
v 0.06418617 -0.00095725 -0.037125
v 0.06439237 -0.00084265 -0.037125
v 0.06452307 -0.00064626 -0.037125
v 0.06395038 -0.00096456 -0.037125
v 0.06269376 -0.00110918 -0.037125
v 0.06331034 -0.00093491 -0.037125
v 0.05858819 -0.00354918 -0.037125
v 0.05835374 -0.00352307 -0.037125
v 0.05815735 -0.00339237 -0.037125
v 0.05806509 -0.00231034 -0.037125
v 0.05803544 -0.00295038 -0.037125
v 0.05804275 -0.00318617 -0.037125
v 0.05320269 -0.00426964 -0.037125
v 0.05785549 -0.00462232 -0.037125
v 0.05880852 -0.00346489 -0.037125
v 0.05896569 -0.00328896 -0.037125
v 0.05935438 -0.0027796 -0.037125
v 0.05988421 -0.0024193 -0.037125
v 0.05553511 0.00219148 -0.037125
v 0.05571104 0.00203431 -0.037125
v 0.0562204 0.00164562 -0.037125
v 0.05581383 0.00295725 -0.037125
v 0.05103065 0.00487758 -0.037125
v 0.05604962 0.00296456 -0.037125
v 0.05785549 0.00487758 -0.037125
v 0.05668966 0.00293491 -0.037125
v 0.05560763 0.00284265 -0.037125
v 0.05547693 0.00264626 -0.037125
v 0.05545082 0.00241181 -0.037125
v 0.06064562 0.0047796 -0.037125
v 0.06011579 0.0044193 -0.037125
v 0.05730624 0.00310918 -0.037125
v 0.02083736 0.00669714 -0.037125
v 0.02089674 0.00664732 -0.037125
v 0.01741828 0.00664732 -0.037125
v 0.02174009 0.00593966 -0.037125
v 0.01741828 0.00593966 -0.037125
v 0.02216698 0.00558146 -0.037125
v 0.01741828 0.00558146 -0.037125
v 0.02300584 0.00487758 -0.037125
v 0.01741828 0.00487758 -0.037125
v 0.02110719 0.00995209 -0.037125
v 0.02042885 0.00929227 -0.037125
v 0.01741828 0.01077692 -0.037125
v 0.02012978 0.00839446 -0.037125
v 0.02027693 0.00745965 -0.037125
v 0.04032608 0.01169625 -0.037125
v 0.03366511 0.01086805 -0.037125
v 0.03201081 0.01077692 -0.037125
v 0.02201294 0.0102262 -0.037125
v 0.04519265 0.0115 -0.037125
v 0.04508265 0.01149697 -0.037125
v 0.04032608 0.01123496 -0.037125
v 0.045 0.0165 -0.037125
v 0.05103065 0.01169625 -0.037125
v 0.05103065 0.0115 -0.037125
v 0.05444798 0.0115 -0.037125
v 0.05785549 0.01169625 -0.037125
v 0.05531949 0.01130013 -0.037125
v 0.05599861 0.00823684 -0.037125
v 0.05639407 0.00903877 -0.037125
v 0.05529322 0.00768738 -0.037125
v 0.05306279 0.00664732 -0.037125
v 0.05154522 0.00593966 -0.037125
v 0.05077704 0.00558146 -0.037125
v 0.04926757 0.00487758 -0.037125
v 0.0422127 0.00158784 -0.037125
v 0.04154254 0.00127534 -0.037125
v 0.03420445 -0.00214647 -0.037125
v 0.03937769 0.00026585 -0.037125
v 0.04032608 0.00070809 -0.037125
v 0.11865578 0.00487758 -0.037125
v 0.11865578 0.00158784 -0.037125
v 0.11265641 0.00233454 -0.037125
v 0.10544825 0.00558146 -0.037125
v 0.10513807 0.00593966 -0.037125
v 0.10456686 0.01059548 -0.037125
v 0.10548739 0.01074891 -0.037125
v 0.11237551 0.01077692 -0.037125
v 0.10381617 0.01004108 -0.037125
v 0.10339874 0.00920641 -0.037125
v 0.10340548 0.00827321 -0.037125
v 0.11865578 0.01077692 -0.037125
v 0.11865578 0.00664732 -0.037125
v 0.11433434 0.00835548 -0.037125
v 0.11406066 0.00927515 -0.037125
v 0.11339012 0.00996151 -0.037125
v 0.11247708 0.01025657 -0.037125
v 0.1132091 0.0049311 -0.037125
v 0.11341859 0.00559525 -0.037125
v 0.11865578 0.00558146 -0.037125
v 0.11354504 0.00595687 -0.037125
v 0.11865578 0.00593966 -0.037125
v 0.1138179 0.00666255 -0.037125
v 0.11414818 0.00741418 -0.037125
v 0.0876 0.01069282 -0.037125
v 0.0876 0.00930718 -0.037125
v 0.088 0.0092 -0.037125
v 0.08869282 0.0104 -0.037125
v 0.08730718 0.0104 -0.037125
v 0.0872 0.01 -0.037125
v 0.08730718 0.0096 -0.037125
v 0.0884 0.00930718 -0.037125
v 0.08869282 0.0096 -0.037125
v 0.0888 0.01 -0.037125
v -0.0033125 -0.00391143 -0.037125
v -0.0033125 -0.00462232 -0.037125
v -0.00454579 0.01324144 -0.037125
v -0.0033125 0.01169625 -0.037125
v -0.0033125 0.01077692 -0.037125
v -0.0033125 0.00664732 -0.037125
v -0.0033125 0.00593966 -0.037125
v -0.0033125 0.00558146 -0.037125
v -0.0033125 0.00487758 -0.037125
v -0.0033125 0.00158784 -0.037125
v -0.0033125 -0.0078625 -0.037125
v -0.0013375 -0.0078625 -0.037125
v -0.00165 -0 -0.037125
v -0.0013375 -0.00391143 -0.037125
v -0.0013375 -0.00462232 -0.037125
v -0.00077001 0.01397881 -0.037125
v -0.0013375 0.01169625 -0.037125
v 0.0013375 -0.0078625 -0.037125
v 0 -0.007025 -0.037125
v 0.0005125 -0.00688768 -0.037125
v -0.00088768 -0.0065125 -0.037125
v -0.0005125 -0.00688768 -0.037125
v 0.0013375 -0.0140949 -0.037125
v 0.0013375 -0.01043007 -0.037125
v 0.00088768 -0.0065125 -0.037125
v 0.001025 -0.006 -0.037125
v 0.0013375 -0.00462232 -0.037125
v 0.00088768 -0.0054875 -0.037125
v 0.0005125 -0.00511232 -0.037125
v 0 -0.004975 -0.037125
v -0.0005125 -0.00511232 -0.037125
v -0.00088768 -0.0054875 -0.037125
v -0.001025 -0.006 -0.037125
v 0.0013375 -0.00391143 -0.037125
v 0.0013375 0.0140949 -0.037125
v 0.0013375 0.01169625 -0.037125
v 0.01086931 0.01461995 -0.037125
v 0.01086931 0.01169625 -0.037125
v 0.01086931 0.01077692 -0.037125
v 0.01086931 0.00664732 -0.037125
v 0.01086931 0.00593966 -0.037125
v 0.01086931 0.00558146 -0.037125
v 0.01086931 0.00487758 -0.037125
v 0.01086931 0.00158784 -0.037125
v 0.03869282 -0.0099 -0.037125
v 0.0388 -0.0095 -0.037125
v 0.03869282 -0.0091 -0.037125
v 0.0384 -0.00880718 -0.037125
v 0.038 -0.0087 -0.037125
v 0.0376 -0.00880718 -0.037125
v 0.03730718 -0.0091 -0.037125
v 0.0372 -0.0095 -0.037125
v 0.03730718 -0.0099 -0.037125
v 0.0376 -0.01019282 -0.037125
v 0.038 -0.0103 -0.037125
v 0.0384 -0.01019282 -0.037125
v 0.05103065 0.00558146 -0.037125
v 0.05971238 -0.00823684 -0.037125
v 0.06469731 0.00416964 -0.037125
v 0.06497865 0.00311964 -0.037125
v 0.06574731 0.00235098 -0.037125
v 0.05103065 0.00569972 -0.037125
v 0.06462526 0.01077692 -0.037125
v 0.06462526 0.01169625 -0.037125
v 0.05103065 0.0165 -0.037125
v 0.05785549 0.0165 -0.037125
v 0.06462526 0.0165 -0.037125
v 0.08853159 0.00542231 -0.037125
v 0.08736341 0.00487758 -0.037125
v 0.1266875 0.01077692 -0.037125
v 0.1266875 0.00664732 -0.037125
v 0.1266875 0.00593966 -0.037125
v 0.1266875 0.00558146 -0.037125
v 0.1266875 0.00487758 -0.037125
v 0.1266875 0.00158784 -0.037125
v 0.1286625 -0.0078625 -0.037125
v 0.1266875 -0.0078625 -0.037125
v 0.11865578 -0.0078625 -0.037125
v 0.11237551 -0.0078625 -0.037125
v 0.12911232 -0.0054875 -0.037125
v 0.128975 -0.006 -0.037125
v 0.1286625 -0.00462232 -0.037125
v 0.13051251 -0.00688768 -0.037125
v 0.13 -0.007025 -0.037125
v 0.1294875 -0.00688768 -0.037125
v 0.12911232 -0.0065125 -0.037125
v 0.13088767 -0.0065125 -0.037125
v 0.131025 -0.006 -0.037125
v 0.13088767 -0.0054875 -0.037125
v 0.11865578 -0.00462232 -0.037125
v 0.1266875 -0.00462232 -0.037125
v 0.13051251 -0.00511232 -0.037125
v 0.13 -0.004975 -0.037125
v 0.1294875 -0.00511232 -0.037125
v 0.1286625 -0.00391143 -0.037125
v 0.1266875 -0.00391143 -0.037125
v 0.11865578 -0.00391143 -0.037125
v 0.11237551 -0.00391143 -0.037125
v 0.10552587 -0.00214647 -0.037125
v 0.14172032 0.00765727 -0.037125
v 0.13 -0.003 -0.032325
v 0.13150001 -0.00259808 -0.034925
v 0.13150001 -0.00259808 -0.032325
v 0.13259807 -0.0015 -0.034925
v 0.13259807 -0.0015 -0.032325
v 0.133 -0 -0.034925
v 0.133 -0 -0.032325
v 0.13259807 0.0015 -0.034925
v 0.13259807 0.0015 -0.032325
v 0.13150001 0.00259808 -0.034925
v 0.13150001 0.00259808 -0.032325
v 0.13 0.003 -0.034925
v 0.13 0.003 -0.032325
v 0.1285 0.00259808 -0.034925
v 0.1285 0.00259808 -0.032325
v 0.12740192 0.0015 -0.034925
v 0.12740192 0.0015 -0.032325
v 0.127 -0 -0.034925
v 0.127 -0 -0.032325
v 0.12740192 -0.0015 -0.034925
v 0.12740192 -0.0015 -0.032325
v 0.1285 -0.00259808 -0.034925
v 0.1285 -0.00259808 -0.032325
v 0.13 -0.003 -0.034925
v 0 -0.003 -0.032325
v 0.0015 -0.00259808 -0.034925
v 0.0015 -0.00259808 -0.032325
v 0.00259808 -0.0015 -0.034925
v 0.00259808 -0.0015 -0.032325
v 0.003 -0 -0.034925
v 0.003 -0 -0.032325
v 0.00259808 0.0015 -0.034925
v 0.00259808 0.0015 -0.032325
v 0.0015 0.00259808 -0.034925
v 0.0015 0.00259808 -0.032325
v 0 0.003 -0.034925
v 0 0.003 -0.032325
v -0.0015 0.00259808 -0.034925
v -0.0015 0.00259808 -0.032325
v -0.00259808 0.0015 -0.034925
v -0.00259808 0.0015 -0.032325
v -0.003 -0 -0.034925
v -0.003 -0 -0.032325
v -0.00259808 -0.0015 -0.034925
v -0.00259808 -0.0015 -0.032325
v -0.0015 -0.00259808 -0.034925
v -0.0015 -0.00259808 -0.032325
v 0 -0.003 -0.034925
v 0.13470228 0.00647214 -0.035125
v 0.13600001 0.0008 -0.035125
v 0.1369282 0.004 -0.035125
v 0.1364 0.00069282 -0.035125
v 0.13795617 0.00083623 -0.035125
v 0.1356 -0.00069282 -0.035125
v 0.13530718 -0.0004 -0.035125
v 0.13244076 -0.00206947 -0.035125
v 0.1279718 0.00773863 -0.035125
v 0.12930718 0.0064 -0.035125
v 0.12833671 0.00782518 -0.035125
v 0.1296 0.00669282 -0.035125
v 0.13 0.008 -0.035125
v 0.13 0.0068 -0.035125
v 0.13166329 0.00782518 -0.035125
v 0.13669282 0.0004 -0.035125
v 0.13680001 -0 -0.035125
v 0.13774364 -0.00200899 -0.035125
v 0.13669282 -0.0004 -0.035125
v 0.1364 -0.00069282 -0.035125
v 0.13600001 -0.0008 -0.035125
v 0.13069282 0.0056 -0.035125
v 0.1304 0.00530718 -0.035125
v 0.13160001 0.00277128 -0.035125
v 0.13 0.0032 -0.035125
v 0.13 0.0052 -0.035125
v 0.1284 0.00277128 -0.035125
v 0.1296 0.00530718 -0.035125
v 0.12793052 0.00244075 -0.035125
v 0.12930718 0.0056 -0.035125
v 0.1292 0.006 -0.035125
v 0.1304 0.00669282 -0.035125
v 0.13069282 0.0064 -0.035125
v 0.13079999 0.006 -0.035125
v 0.1356 0.00069282 -0.035125
v 0.13530718 0.0004 -0.035125
v 0.13277128 0.0016 -0.035125
v 0.13519999 -0 -0.035125
v 0.1332 -0 -0.035125
v 0.13277128 -0.0016 -0.035125
v 0.1304 -0.00530718 -0.035125
v 0.13069282 -0.0056 -0.035125
v 0.1292 -0.006 -0.035125
v 0.12930718 -0.0056 -0.035125
v 0.12793052 -0.00244075 -0.035125
v 0.1296 -0.00530718 -0.035125
v 0.1304 -0.00669282 -0.035125
v 0.13 -0.008 -0.035125
v 0.13069282 -0.0064 -0.035125
v 0.13325389 -0.00730836 -0.035125
v 0.13079999 -0.006 -0.035125
v 0.13594516 -0.00535304 -0.035125
v 0.13760845 -0.00247214 -0.035125
v 0.12930718 -0.0064 -0.035125
v 0.1267461 -0.00730836 -0.035125
v 0.1296 -0.00669282 -0.035125
v 0.13 -0.0068 -0.035125
v 0.13160001 -0.00277128 -0.035125
v 0.13 -0.0052 -0.035125
v 0.13 -0.0032 -0.035125
v 0.1284 -0.00277128 -0.035125
v 0.12405484 -0.00535304 -0.035125
v 0.12755924 -0.00206947 -0.035125
v 0.12239154 -0.00247214 -0.035125
v 0.124 -0.0008 -0.035125
v 0.1244 -0.00069282 -0.035125
v 0.12469282 -0.0004 -0.035125
v 0.12722872 -0.0016 -0.035125
v 0.1248 -0 -0.035125
v 0.1268 -0 -0.035125
v 0.12469282 0.0004 -0.035125
v 0.1236 -0.00069282 -0.035125
v 0.12330718 -0.0004 -0.035125
v 0.12204383 0.00083623 -0.035125
v 0.12722872 0.0016 -0.035125
v 0.1244 0.00069282 -0.035125
v 0.124 0.0008 -0.035125
v 0.12529773 0.00647214 -0.035125
v 0.1236 0.00069282 -0.035125
v 0.1230718 0.004 -0.035125
v 0.12330718 0.0004 -0.035125
v 0.1232 -0 -0.035125
v -0.0004 0.00669282 -0.035125
v 0 0.0068 -0.035125
v -0.00166329 0.00782518 -0.035125
v -0.00069282 -0.0056 -0.035125
v -0.0004 -0.00530718 -0.035125
v -0.00206947 -0.00244075 -0.035125
v 0.0004 -0.00530718 -0.035125
v 0.00069282 -0.0056 -0.035125
v 0.00774364 -0.00200899 -0.035125
v -0.0008 -0.006 -0.035125
v 0.00244075 -0.00206947 -0.035125
v 0.0016 -0.00277128 -0.035125
v 0 -0.0052 -0.035125
v 0 -0.0032 -0.035125
v -0.0016 -0.00277128 -0.035125
v 0.0004 -0.00669282 -0.035125
v 0 -0.008 -0.035125
v 0.00069282 -0.0064 -0.035125
v 0.00325389 -0.00730836 -0.035125
v 0.0008 -0.006 -0.035125
v 0.00594516 -0.00535304 -0.035125
v 0.00760845 -0.00247214 -0.035125
v 0 -0.0068 -0.035125
v -0.0004 -0.00669282 -0.035125
v -0.00325389 -0.00730836 -0.035125
v -0.00069282 -0.0064 -0.035125
v -0.00594516 -0.00535304 -0.035125
v -0.00244075 -0.00206947 -0.035125
v -0.00760845 -0.00247214 -0.035125
v -0.006 -0.0008 -0.035125
v -0.0056 -0.00069282 -0.035125
v -0.00530718 -0.0004 -0.035125
v -0.00277128 -0.0016 -0.035125
v -0.0052 -0 -0.035125
v -0.0032 -0 -0.035125
v -0.00530718 0.0004 -0.035125
v -0.0064 -0.00069282 -0.035125
v -0.00669282 -0.0004 -0.035125
v -0.00795618 0.00083623 -0.035125
v -0.00277128 0.0016 -0.035125
v -0.00206947 0.00244075 -0.035125
v -0.0056 0.00069282 -0.035125
v -0.00202821 0.00773863 -0.035125
v -0.006 0.0008 -0.035125
v -0.00470228 0.00647214 -0.035125
v -0.0064 0.00069282 -0.035125
v -0.0069282 0.004 -0.035125
v -0.00669282 0.0004 -0.035125
v -0.0068 -0 -0.035125
v 0.0056 0.00069282 -0.035125
v 0.006 0.0008 -0.035125
v 0.00470228 0.00647214 -0.035125
v 0.00166329 0.00782518 -0.035125
v 0.0069282 0.004 -0.035125
v 0.0064 0.00069282 -0.035125
v 0.00795618 0.00083623 -0.035125
v 0.00669282 -0.0004 -0.035125
v 0.0068 -0 -0.035125
v 0.00669282 0.0004 -0.035125
v 0.00530718 -0.0004 -0.035125
v 0.0052 -0 -0.035125
v 0.0004 0.00530718 -0.035125
v 0.00530718 0.0004 -0.035125
v 0.00069282 0.0056 -0.035125
v 0.0008 0.006 -0.035125
v 0.00069282 0.0064 -0.035125
v 0.0004 0.00669282 -0.035125
v 0.00277128 0.0016 -0.035125
v 0.0032 -0 -0.035125
v 0.0056 -0.00069282 -0.035125
v -0.00069282 0.0064 -0.035125
v -0.0008 0.006 -0.035125
v 0.0064 -0.00069282 -0.035125
v 0.006 -0.0008 -0.035125
v 0.00277128 -0.0016 -0.035125
v -0.00069282 0.0056 -0.035125
v -0.0004 0.00530718 -0.035125
v -0.0016 0.00277128 -0.035125
v 0 0.0052 -0.035125
v 0 0.0032 -0.035125
v 0.0016 0.00277128 -0.035125
v 0.12589575 -0.01127631 -0.035125
v 0.12572475 -0.01174616 -0.035125
v 0.13 -0.012 -0.035125
v 0.13 -0.0125 -0.035125
v 0.13410424 -0.01127631 -0.035125
v 0.13427526 -0.01174616 -0.035125
v 0.13771345 -0.00919253 -0.035125
v 0.13803485 -0.00957556 -0.035125
v 0.1403923 -0.006 -0.035125
v 0.14082532 -0.00625 -0.035125
v 0.14181769 -0.00208378 -0.035125
v 0.1423101 -0.0021706 -0.035125
v 0.14181769 0.00208378 -0.035125
v 0.1423101 0.0021706 -0.035125
v 0.1403923 0.006 -0.035125
v 0.14082532 0.00625 -0.035125
v 0.13771345 0.00919253 -0.035125
v 0.13803485 0.00957556 -0.035125
v 0.13410424 0.01127631 -0.035125
v 0.13427526 0.01174616 -0.035125
v 0.13 0.012 -0.035125
v 0.13 0.0125 -0.035125
v 0.12589575 0.01127631 -0.035125
v 0.12572475 0.01174616 -0.035125
v 0.12228655 0.00919253 -0.035125
v 0.12196516 0.00957556 -0.035125
v 0.11960769 0.006 -0.035125
v 0.11917468 0.00625 -0.035125
v 0.11818231 0.00208378 -0.035125
v 0.1176899 0.0021706 -0.035125
v 0.11818231 -0.00208378 -0.035125
v 0.1176899 -0.0021706 -0.035125
v 0.11960769 -0.006 -0.035125
v 0.11917468 -0.00625 -0.035125
v 0.12228655 -0.00919253 -0.035125
v 0.12196516 -0.00957556 -0.035125
v 0.13 -0.0125 -0.031125
v 0.13427526 -0.01174616 -0.031125
v 0.13803485 -0.00957556 -0.031125
v 0.14082532 -0.00625 -0.031125
v 0.1423101 -0.0021706 -0.031125
v 0.1423101 0.0021706 -0.031125
v 0.14082532 0.00625 -0.031125
v 0.13803485 0.00957556 -0.031125
v 0.13427526 0.01174616 -0.031125
v 0.13 0.0125 -0.031125
v 0.12572475 0.01174616 -0.031125
v 0.12196516 0.00957556 -0.031125
v 0.11917468 0.00625 -0.031125
v 0.1176899 0.0021706 -0.031125
v 0.1176899 -0.0021706 -0.031125
v 0.11917468 -0.00625 -0.031125
v 0.12196516 -0.00957556 -0.031125
v 0.12572475 -0.01174616 -0.031125
v 0.00410424 -0.01127631 -0.035125
v 0.00427525 -0.01174616 -0.035125
v 0.00771345 -0.00919253 -0.035125
v 0.00803484 -0.00957556 -0.035125
v 0.0103923 -0.006 -0.035125
v 0.01082532 -0.00625 -0.035125
v 0.01181769 -0.00208378 -0.035125
v 0.0123101 -0.0021706 -0.035125
v 0.01181769 0.00208378 -0.035125
v 0.0123101 0.0021706 -0.035125
v 0.0103923 0.006 -0.035125
v 0.01082532 0.00625 -0.035125
v 0.00771345 0.00919253 -0.035125
v 0.00803484 0.00957556 -0.035125
v 0.00410424 0.01127631 -0.035125
v 0.00427525 0.01174616 -0.035125
v 0 0.012 -0.035125
v 0 0.0125 -0.035125
v -0.00410424 0.01127631 -0.035125
v -0.00427525 0.01174616 -0.035125
v -0.00771345 0.00919253 -0.035125
v -0.00803484 0.00957556 -0.035125
v -0.0103923 0.006 -0.035125
v -0.01082532 0.00625 -0.035125
v -0.01181769 0.00208378 -0.035125
v -0.0123101 0.0021706 -0.035125
v -0.01181769 -0.00208378 -0.035125
v -0.0123101 -0.0021706 -0.035125
v -0.0103923 -0.006 -0.035125
v -0.01082532 -0.00625 -0.035125
v -0.00771345 -0.00919253 -0.035125
v -0.00803484 -0.00957556 -0.035125
v -0.00410424 -0.01127631 -0.035125
v -0.00427525 -0.01174616 -0.035125
v 0 -0.012 -0.035125
v 0 -0.0125 -0.035125
v 0 -0.0125 -0.031125
v 0.00427525 -0.01174616 -0.031125
v 0.00803484 -0.00957556 -0.031125
v 0.01082532 -0.00625 -0.031125
v 0.0123101 -0.0021706 -0.031125
v 0.0123101 0.0021706 -0.031125
v 0.01082532 0.00625 -0.031125
v 0.00803484 0.00957556 -0.031125
v 0.00427525 0.01174616 -0.031125
v 0 0.0125 -0.031125
v -0.00427525 0.01174616 -0.031125
v -0.00803484 0.00957556 -0.031125
v -0.01082532 0.00625 -0.031125
v -0.0123101 0.0021706 -0.031125
v -0.0123101 -0.0021706 -0.031125
v -0.01082532 -0.00625 -0.031125
v -0.00803484 -0.00957556 -0.031125
v -0.00427525 -0.01174616 -0.031125
v 0 -0.012 -0.035625
v 0.00410424 -0.01127631 -0.035625
v 0.00771345 -0.00919253 -0.035625
v 0.0103923 -0.006 -0.035625
v 0.01181769 -0.00208378 -0.035625
v 0.01181769 0.00208378 -0.035625
v 0.0103923 0.006 -0.035625
v 0.00771345 0.00919253 -0.035625
v 0.00410424 0.01127631 -0.035625
v 0 0.012 -0.035625
v -0.00410424 0.01127631 -0.035625
v -0.00771345 0.00919253 -0.035625
v -0.0103923 0.006 -0.035625
v -0.01181769 0.00208378 -0.035625
v -0.01181769 -0.00208378 -0.035625
v -0.0103923 -0.006 -0.035625
v -0.00771345 -0.00919253 -0.035625
v -0.00410424 -0.01127631 -0.035625
v -0.00166329 0.00782518 -0.035625
v -0.00470228 0.00647214 -0.035625
v -0.0069282 0.004 -0.035625
v -0.00795618 0.00083623 -0.035625
v -0.00760845 -0.00247214 -0.035625
v -0.00594516 -0.00535304 -0.035625
v 0.00760845 -0.00247214 -0.035625
v 0.00795618 0.00083623 -0.035625
v 0.0069282 0.004 -0.035625
v 0.00470228 0.00647214 -0.035625
v 0.00166329 0.00782518 -0.035625
v -0.00325389 -0.00730836 -0.035625
v 0 -0.008 -0.035625
v 0.00325389 -0.00730836 -0.035625
v 0.00594516 -0.00535304 -0.035625
v 0.13 -0.012 -0.035625
v 0.13410424 -0.01127631 -0.035625
v 0.13771345 -0.00919253 -0.035625
v 0.1403923 -0.006 -0.035625
v 0.14181769 -0.00208378 -0.035625
v 0.14181769 0.00208378 -0.035625
v 0.1403923 0.006 -0.035625
v 0.13771345 0.00919253 -0.035625
v 0.13410424 0.01127631 -0.035625
v 0.13 0.012 -0.035625
v 0.12589575 0.01127631 -0.035625
v 0.12228655 0.00919253 -0.035625
v 0.11960769 0.006 -0.035625
v 0.11818231 0.00208378 -0.035625
v 0.11818231 -0.00208378 -0.035625
v 0.11960769 -0.006 -0.035625
v 0.12228655 -0.00919253 -0.035625
v 0.12589575 -0.01127631 -0.035625
v 0.13594516 -0.00535304 -0.035625
v 0.13760845 -0.00247214 -0.035625
v 0.13795617 0.00083623 -0.035625
v 0.1369282 0.004 -0.035625
v 0.13470228 0.00647214 -0.035625
v 0.13166329 0.00782518 -0.035625
v 0.13 0.008 -0.035625
v 0.12833671 0.00782518 -0.035625
v 0.12529773 0.00647214 -0.035625
v 0.1230718 0.004 -0.035625
v 0.12204383 0.00083623 -0.035625
v 0.12239154 -0.00247214 -0.035625
v 0.12405484 -0.00535304 -0.035625
v 0.1267461 -0.00730836 -0.035625
v 0.13 -0.008 -0.035625
v 0.13325389 -0.00730836 -0.035625
v -0.00230432 -0.01380906 -0.031125
v 0 -0.014 -0.031125
v 0.00230432 -0.01380906 -0.031125
v 0.00666326 -0.01231263 -0.031125
v 0.01030013 -0.00948194 -0.031125
v 0.01282083 -0.00562374 -0.031125
v 0.01395218 -0.00115611 -0.031125
v 0.0135716 0.0034368 -0.031125
v 0.01172033 0.00765727 -0.031125
v 0.00859898 0.01104797 -0.031125
v 0.00454579 0.01324144 -0.031125
v 0 0.014 -0.031125
v -0.00454579 0.01324144 -0.031125
v -0.00859898 0.01104797 -0.031125
v -0.01172033 0.00765727 -0.031125
v -0.0135716 0.0034368 -0.031125
v -0.01395218 -0.00115611 -0.031125
v -0.01282083 -0.00562374 -0.031125
v -0.01030013 -0.00948194 -0.031125
v -0.00666326 -0.01231263 -0.031125
v 0.12333674 -0.01231263 -0.031125
v 0.12769568 -0.01380906 -0.031125
v 0.13230433 -0.01380906 -0.031125
v 0.13666326 -0.01231263 -0.031125
v 0.14030014 -0.00948194 -0.031125
v 0.14282082 -0.00562374 -0.031125
v 0.14395218 -0.00115611 -0.031125
v 0.1435716 0.0034368 -0.031125
v 0.14172032 0.00765727 -0.031125
v 0.13859898 0.01104797 -0.031125
v 0.13454579 0.01324144 -0.031125
v 0.13 0.014 -0.031125
v 0.1254542 0.01324144 -0.031125
v 0.12140102 0.01104797 -0.031125
v 0.11827967 0.00765727 -0.031125
v 0.1164284 0.0034368 -0.031125
v 0.11604781 -0.00115611 -0.031125
v 0.11717917 -0.00562374 -0.031125
v 0.11969987 -0.00948194 -0.031125
v 0.13 -0.0052 -0.0369
v 0.1304 -0.00530718 -0.0369
v 0.13069282 -0.0056 -0.0369
v 0.13079999 -0.006 -0.0369
v 0.13069282 -0.0064 -0.0369
v 0.1304 -0.00669282 -0.0369
v 0.13 -0.0068 -0.0369
v 0.1296 -0.00669282 -0.0369
v 0.12930718 -0.0064 -0.0369
v 0.1292 -0.006 -0.0369
v 0.12930718 -0.0056 -0.0369
v 0.1296 -0.00530718 -0.0369
v 0 -0.0052 -0.0369
v 0.0004 -0.00530718 -0.0369
v 0.00069282 -0.0056 -0.0369
v 0.0008 -0.006 -0.0369
v 0.00069282 -0.0064 -0.0369
v 0.0004 -0.00669282 -0.0369
v 0 -0.0068 -0.0369
v -0.0004 -0.00669282 -0.0369
v -0.00069282 -0.0064 -0.0369
v -0.0008 -0.006 -0.0369
v -0.00069282 -0.0056 -0.0369
v -0.0004 -0.00530718 -0.0369
v 0.13 0.0068 -0.0369
v 0.1304 0.00669282 -0.0369
v 0.13069282 0.0064 -0.0369
v 0.13079999 0.006 -0.0369
v 0.13069282 0.0056 -0.0369
v 0.1304 0.00530718 -0.0369
v 0.13 0.0052 -0.0369
v 0.1296 0.00530718 -0.0369
v 0.12930718 0.0056 -0.0369
v 0.1292 0.006 -0.0369
v 0.12930718 0.0064 -0.0369
v 0.1296 0.00669282 -0.0369
v 0 0.0068 -0.0369
v 0.0004 0.00669282 -0.0369
v 0.00069282 0.0064 -0.0369
v 0.0008 0.006 -0.0369
v 0.00069282 0.0056 -0.0369
v 0.0004 0.00530718 -0.0369
v 0 0.0052 -0.0369
v -0.0004 0.00530718 -0.0369
v -0.00069282 0.0056 -0.0369
v -0.0008 0.006 -0.0369
v -0.00069282 0.0064 -0.0369
v -0.0004 0.00669282 -0.0369
v 0.13600001 0.0008 -0.0369
v 0.1364 0.00069282 -0.0369
v 0.13669282 0.0004 -0.0369
v 0.13680001 -0 -0.0369
v 0.13669282 -0.0004 -0.0369
v 0.1364 -0.00069282 -0.0369
v 0.13600001 -0.0008 -0.0369
v 0.1356 -0.00069282 -0.0369
v 0.13530718 -0.0004 -0.0369
v 0.13519999 -0 -0.0369
v 0.13530718 0.0004 -0.0369
v 0.1356 0.00069282 -0.0369
v 0.124 0.0008 -0.0369
v 0.1244 0.00069282 -0.0369
v 0.12469282 0.0004 -0.0369
v 0.1248 -0 -0.0369
v 0.12469282 -0.0004 -0.0369
v 0.1244 -0.00069282 -0.0369
v 0.124 -0.0008 -0.0369
v 0.1236 -0.00069282 -0.0369
v 0.12330718 -0.0004 -0.0369
v 0.1232 -0 -0.0369
v 0.12330718 0.0004 -0.0369
v 0.1236 0.00069282 -0.0369
v 0.006 0.0008 -0.0369
v 0.0064 0.00069282 -0.0369
v 0.00669282 0.0004 -0.0369
v 0.0068 -0 -0.0369
v 0.00669282 -0.0004 -0.0369
v 0.0064 -0.00069282 -0.0369
v 0.006 -0.0008 -0.0369
v 0.0056 -0.00069282 -0.0369
v 0.00530718 -0.0004 -0.0369
v 0.0052 -0 -0.0369
v 0.00530718 0.0004 -0.0369
v 0.0056 0.00069282 -0.0369
v -0.006 0.0008 -0.0369
v -0.0056 0.00069282 -0.0369
v -0.00530718 0.0004 -0.0369
v -0.0052 -0 -0.0369
v -0.00530718 -0.0004 -0.0369
v -0.0056 -0.00069282 -0.0369
v -0.006 -0.0008 -0.0369
v -0.0064 -0.00069282 -0.0369
v -0.00669282 -0.0004 -0.0369
v -0.0068 -0 -0.0369
v -0.00669282 0.0004 -0.0369
v -0.0064 0.00069282 -0.0369
v -0.007025 -0 -0.037125
v -0.000825 -0.00142894 -0.032125
v -0.0014 -0.00242487 -0.032125
v 0 -0.00165 -0.032125
v 0 -0.0028 -0.032125
v 0.000825 -0.00142894 -0.032125
v 0.0014 -0.00242487 -0.032125
v 0.00142894 -0.000825 -0.032125
v 0.00242487 -0.0014 -0.032125
v 0.00165 -0 -0.032125
v 0.0028 -0 -0.032125
v 0.00142894 0.000825 -0.032125
v 0.00242487 0.0014 -0.032125
v 0.000825 0.00142894 -0.032125
v 0.0014 0.00242487 -0.032125
v 0 0.00165 -0.032125
v 0 0.0028 -0.032125
v -0.000825 0.00142894 -0.032125
v -0.0014 0.00242487 -0.032125
v -0.00142894 0.000825 -0.032125
v -0.00242487 0.0014 -0.032125
v -0.00165 -0 -0.032125
v -0.0028 -0 -0.032125
v -0.00142894 -0.000825 -0.032125
v -0.00242487 -0.0014 -0.032125
v 0.13 -0.00165 -0.032125
v 0.13 -0.0028 -0.032125
v 0.130825 -0.00142894 -0.032125
v 0.1314 -0.00242487 -0.032125
v 0.13142894 -0.000825 -0.032125
v 0.13242488 -0.0014 -0.032125
v 0.13165 -0 -0.032125
v 0.1328 -0 -0.032125
v 0.13142894 0.000825 -0.032125
v 0.13242488 0.0014 -0.032125
v 0.130825 0.00142894 -0.032125
v 0.1314 0.00242487 -0.032125
v 0.13 0.00165 -0.032125
v 0.13 0.0028 -0.032125
v 0.12917501 0.00142894 -0.032125
v 0.1286 0.00242487 -0.032125
v 0.12857106 0.000825 -0.032125
v 0.12757513 0.0014 -0.032125
v 0.12835 -0 -0.032125
v 0.12720001 -0 -0.032125
v 0.12857106 -0.000825 -0.032125
v 0.12757513 -0.0014 -0.032125
v 0.12917501 -0.00142894 -0.032125
v 0.1286 -0.00242487 -0.032125
v 0.127 -0 -0.034925
v 0.1332 -0 -0.035125
v 0.133 -0 -0.034925
v 0.1328 -0 -0.032125
v 0.133 -0 -0.032325
v 0.127 -0 -0.032325
v -0.0032 -0 -0.035125
vn 0 -1 0
vn -0 1 -0
vn -0 -0 -1
vn 0 0 1
vn 0 0 1
vn 0 0 1
vn 0 0 1
vn 0 0 1
vn 0 0 1
vn 0 0 1
vn 0 0 1
vn 0 0 1
vn 0 0 1
vn 0 0 1
vn 0 0 1
vn 0 0 1
vn 0 0 1
vn 0 0 1
vn 0 0 1
vn 0 0 1
vn 0 0 1
vn 0 0 1
vn 0 0 1
vn 1 0 -0
vn -1 -0 0
vn 0 0 1
vn 0 0 1
vn 0 0 1
vn 0 0 1
vn 0 0 1
vn 0 0 1
vn 0 0 1
vn 0 0 1
vn 0 0 1
vn 0 0 1
vn -0.40097 0.91609 0
vn -0.13709 0.99056 0
vn -0.13709 0.99056 -0
vn 0.13709 0.99056 -0
vn 0.13709 0.99056 -0
vn 0.40097 0.91609 -0
vn 0.52277 0.85247 -0
vn 0.52277 0.85247 0
vn 0.52277 0.85247 0
vn 0.52277 0.85247 -0
vn 0.52277 0.85247 -0
vn 0.52277 0.85247 0
vn 0.52277 0.85247 -0
vn 0.52274 0.85249 2E-05
vn 0.52277 0.85247 0
vn 0.52277 0.85247 -0
vn 0.52277 0.85247 -0
vn 0.52277 0.85247 0
vn 0.52277 0.85247 -0
vn -0.52277 0.85247 0
vn -0.52277 0.85247 0
vn -0.52277 0.85247 0
vn -0.52277 0.85247 -0
vn -0.52277 0.85247 -0
vn -0.52277 0.85247 -0
vn -0.52277 0.85247 0
vn -0.52277 0.85247 0
vn -0.52274 0.85249 2E-05
vn -0.52277 0.85247 0
vn -0.43388 0.90097 0
vn -0.11197 0.99371 0
vn -0 0.99988 -0.01567
vn 0.11197 0.99371 -0
vn 0.43388 0.90097 -0
vn 0.78183 0.62349 -0
vn 0.97493 0.22252 -0
vn 0.97493 -0.22252 -0
vn 0.78183 -0.62349 -0
vn 0.43388 -0.90097 -0
vn -0.43388 -0.90097 0
vn -0.78183 -0.62349 0
vn -0.97493 -0.22252 0
vn -0.97493 0.22252 0
vn -0.78183 0.62349 0
vn 0.40097 -0.91609 -0
vn 0.13709 -0.99056 -0
vn 0.13709 -0.99056 0
vn -0.13709 -0.99056 0
vn -0.13709 -0.99056 0
vn -0.40097 -0.91609 0
vn -0.52277 -0.85247 0
vn -0.52277 -0.85247 0
vn -0.52277 -0.85247 0
vn -0.52277 -0.85247 -0
vn -0.52277 -0.85247 0
vn -0.52277 -0.85247 0
vn -0.52277 -0.85247 -0
vn -0.52274 -0.85249 2E-05
vn -0.52277 -0.85247 0
vn -0.52277 -0.85247 -0
vn -0.52277 -0.85247 -0
vn -0.52277 -0.85247 0
vn -0.52277 -0.85247 -0
vn 0.52277 -0.85247 0
vn 0.52277 -0.85247 -0
vn 0.52277 -0.85247 0
vn 0.52277 -0.85247 -0
vn 0.52277 -0.85247 -0
vn 0.52277 -0.85247 -0
vn 0.52277 -0.85247 0
vn 0.52277 -0.85247 -0
vn 0.52274 -0.85249 2E-05
vn 0.52277 -0.85247 0
vn -0.11196 0.99371 0
vn -0 0.99988 -0.01567
vn 0.11196 0.99371 -0
vn -0.17365 -0.98481 0
vn -0.5 -0.86603 0
vn -0.76604 -0.64279 0
vn -0.93969 -0.34202 0
vn -0.93969 0.34202 0
vn -0.76604 0.64279 0
vn -0.5 0.86603 0
vn -0.17365 0.98481 0
vn 0.17365 0.98481 -0
vn 0.5 0.86603 -0
vn 0.76604 0.64279 -0
vn 0.93969 0.34202 -0
vn 0.93969 -0.34202 -0
vn 0.76604 -0.64279 -0
vn 0.5 -0.86603 -0
vn 0.17365 -0.98481 -0
vn -0.17365 -0.98481 0
vn -0.5 -0.86603 0
vn -0.5 0.86603 0
vn -0.17365 0.98481 0
vn 0.17365 0.98481 -0
vn 0.5 0.86603 -0
vn 0.5 -0.86603 -0
vn 0.17365 -0.98481 -0
vn 0.42406 0.90563 -0
vn 0.3316 0.94339 -0.00744
vn -0.33523 0.94213 0
vn -0.22147 0.97517 0
vn -0.08606 0.99627 -0.00682
vn -0.02984 0.99955 -0.0017
vn 0.20574 0.97861 0.00124
vn -0.48291 0.87565 -0.00469
vn -0.48847 0.87256 -0.00537
vn -0.62293 0.78228 0
vn -0.71107 0.70312 0
vn -0.8043 0.59419 -0.00653
vn -0.82945 0.55858 -0.00238
vn -0.93744 0.34816 0.00156
vn -0.97757 0.2105 -0.00736
vn -0.99298 0.11826 0
vn -0.99298 -0.11826 0
vn -0.97757 -0.2105 -0.00736
vn -0.8043 -0.59419 -0.00653
vn -0.82945 -0.55858 -0.00238
vn -0.93744 -0.34816 0.00156
vn -0.33523 -0.94213 0
vn -0.48291 -0.87565 -0.00469
vn -0.48847 -0.87256 -0.00537
vn -0.62293 -0.78228 0
vn -0.71107 -0.70312 0
vn -0.22147 -0.97517 0
vn -0.08606 -0.99627 -0.00682
vn -0.02984 -0.99955 -0.0017
vn 0.20574 -0.97861 0.00124
vn 0.3316 -0.94339 -0.00744
vn 0.42406 -0.90563 -0
vn -0.42406 -0.90563 0
vn -0.3316 -0.94339 -0.00744
vn 0.08606 -0.99627 -0.00682
vn 0.02984 -0.99955 -0.0017
vn -0.20574 -0.97861 0.00124
vn 0.62293 -0.78228 -0
vn 0.48291 -0.87565 -0.00558
vn 0.48848 -0.87256 -0.00487
vn 0.33523 -0.94213 -0
vn 0.22147 -0.97517 -0
vn 0.71107 -0.70312 -0
vn 0.8043 -0.59419 -0.00653
vn 0.82945 -0.55858 -0.00238
vn 0.93744 -0.34816 0.00156
vn 0.97757 -0.2105 -0.00736
vn 0.99298 -0.11826 -0
vn 0.99298 0.11826 -0
vn 0.97757 0.2105 -0.00736
vn 0.62293 0.78228 -0
vn 0.71107 0.70312 -0
vn 0.8043 0.59419 -0.00653
vn 0.82945 0.55858 -0.00238
vn 0.93744 0.34816 0.00156
vn 0.48291 0.87565 -0.00558
vn 0.48848 0.87256 -0.00487
vn 0.33523 0.94213 -0
vn 0.22147 0.97517 -0
vn 0.08606 0.99627 -0.00682
vn 0.02984 0.99955 -0.0017
vn -0.20574 0.97861 0.00124
vn -0.3316 0.94339 -0.00744
vn -0.42406 0.90563 0
vn -0 0.99485 0.10138
vn -0.00255 0.98078 0.19509
vn -0.00243 0.83147 0.55557
vn -0 0.87598 0.48234
vn -0 0.95595 0.29352
vn -0 0.55557 0.83147
vn 0.00506 0.63891 0.76926
vn 0.00191 0.5457 0.83798
vn 0.00094 0.49954 0.86629
vn -0.00094 0.4995 0.86631
vn -0.0019 0.54554 0.83808
vn -0.00223 0.55557 0.83147
vn -0.00033 0.63436 0.77303
vn 0.00034 0.75492 0.65581
vn -0 0.98079 0.19509
vn 0.00488 0.99474 0.10232
vn -0 0.95587 0.29378
vn -0 0.83147 0.55557
vn 0.00422 0.87435 0.48527
vn -0 0.76503 0.644
vn -0 0.44229 0.89687
vn 0 0.19509 0.98079
vn 0 0.19509 0.98079
vn 0 -0.99485 0.10138
vn 0.00255 -0.98078 0.19509
vn 0.00243 -0.83147 0.55557
vn 0 -0.87598 0.48234
vn 0 -0.95595 0.29352
vn 0 -0.55557 0.83147
vn -0.00506 -0.63891 0.76926
vn -0.00191 -0.5457 0.83798
vn -0.00094 -0.49954 0.86629
vn 0.00094 -0.4995 0.86631
vn 0.0019 -0.54554 0.83808
vn 0.00223 -0.55557 0.83147
vn 0.00033 -0.63436 0.77303
vn -0.00034 -0.75492 0.65581
vn 0 -0.98079 0.19509
vn -0.00488 -0.99474 0.10232
vn 0 -0.95587 0.29378
vn 0 -0.83147 0.55557
vn -0.00422 -0.87435 0.48527
vn 0 -0.76503 0.644
vn 0 -0.44229 0.89687
vn 0 -0.19509 0.98079
vn 0 -0.19509 0.98079
vn 0 0.19509 0.98079
vn -0 0.55557 0.83147
vn -0 0.83147 0.55557
vn -0 0.98079 0.19509
vn 0 -0.98079 0.19509
vn 0 -0.83147 0.55557
vn 0 -0.55557 0.83147
vn 0 -0.19509 0.98079
vn -0.15643 -0.00574 -0.98767
vn -0.19509 -0 -0.98079
vn -0.45399 0.00346 -0.891
vn -0.55556 -0.00692 -0.83145
vn -0.64945 -0 -0.76041
vn -0.76041 -0 -0.64945
vn -0.83145 -0.00692 -0.55556
vn -0.891 0.00346 -0.45399
vn -0.98077 -0.00461 -0.19509
vn -0.98769 -0 -0.15643
vn -0.75731 -0.09019 -0.6468
vn -0.07276 -0.73358 -0.6757
vn 0.00881 -0.47547 -0.87969
vn -0.05239 -0.8902 -0.45254
vn -0.02643 -0.88533 -0.46422
vn 0.139 -0.90239 -0.40789
vn -0.15641 -0.01863 -0.98752
vn -0.15641 -0.01863 -0.98752
vn -0.14766 -0.05484 -0.98752
vn -0.14766 -0.05484 -0.98752
vn -0.13065 -0.08798 -0.98752
vn -0.10633 -0.11621 -0.98752
vn -0.10633 -0.11621 -0.98752
vn -0.08323 -0.13281 -0.98764
vn -0.45333 -0.05399 -0.88971
vn -0.45333 -0.05399 -0.88971
vn -0.42797 -0.15894 -0.88971
vn -0.42797 -0.15894 -0.88971
vn -0.37867 -0.25501 -0.88971
vn -0.37867 -0.25501 -0.88971
vn -0.30819 -0.33681 -0.88971
vn -0.30819 -0.33681 -0.88971
vn -0.64752 -0.07711 -0.75814
vn -0.71112 -0.04445 -0.70167
vn -0.6652 -0.24705 -0.70461
vn -0.6652 -0.24705 -0.70461
vn -0.58857 -0.39636 -0.70461
vn -0.58857 -0.39636 -0.70461
vn -0.47902 -0.52351 -0.70461
vn -0.47902 -0.52351 -0.70461
vn -0.17166 -0.47099 -0.86528
vn -0.17892 -0.68722 -0.70407
vn -0.1887 -0.69007 -0.69871
vn -0.23535 -0.8607 -0.45146
vn -0.23535 -0.8607 -0.45146
vn -0.88603 -0.10552 -0.45146
vn -0.88603 -0.10552 -0.45146
vn -0.83647 -0.31066 -0.45146
vn -0.83647 -0.31066 -0.45146
vn -0.74011 -0.49842 -0.45146
vn -0.74011 -0.49842 -0.45146
vn -0.60236 -0.6583 -0.45146
vn -0.60236 -0.6583 -0.45146
vn 0.42143 -0.90002 -0.11118
vn 0.42138 -0.89982 -0.11299
vn 0.20386 -0.96964 -0.13505
vn 0.22613 -0.9617 -0.15489
vn -0.02948 -0.98742 -0.15536
vn -0.02948 -0.98742 -0.15536
vn -0.21876 -0.96323 -0.15601
vn -0.26135 -0.95577 -0.13491
vn -0.33111 -0.93056 -0.15629
vn -0.03567 -0.12924 -0.99097
vn -0.26395 -0.36938 -0.89101
vn -0.19978 -0.36226 -0.91042
vn -0.34268 -0.62136 -0.70461
vn -0.34268 -0.62136 -0.70461
vn -0.43091 -0.78135 -0.45146
vn -0.43091 -0.78135 -0.45146
vn -0.47706 -0.86503 -0.15536
vn -0.47706 -0.86503 -0.15536
vn -0.98093 -0.11682 -0.15536
vn -0.98093 -0.11682 -0.15536
vn -0.92605 -0.34393 -0.15536
vn -0.92605 -0.34393 -0.15536
vn -0.81938 -0.5518 -0.15536
vn -0.81938 -0.5518 -0.15536
vn -0.66687 -0.7288 -0.15536
vn -0.70618 -0.69829 -0.11711
vn -0.61528 -0.77267 -0.15624
vn -0.98079 -0 -0.19509
vn -0.15643 -0 -0.98769
vn -0.19509 0.00461 -0.98077
vn -0.45399 -0.00346 -0.891
vn -0.55556 0.00692 -0.83145
vn -0.83145 0.00692 -0.55556
vn -0.891 -0.00346 -0.45399
vn -0.98767 0.00574 -0.15643
vn -0.23535 0.8607 -0.45146
vn -0.10633 0.11621 -0.98752
vn 0.15956 0.90256 -0.3999
vn 0.15307 0.91345 -0.37707
vn 0.16363 0.96898 -0.18519
vn 0.42135 0.89971 -0.11393
vn 0.42143 0.90002 -0.11118
vn -0.18358 0.49281 -0.85055
vn -0.09044 0.47495 -0.87535
vn -0.02597 0.47583 -0.87916
vn -0.22027 0.40053 -0.88942
vn -0.11729 0.21143 -0.97033
vn -0.05204 0.15498 -0.98655
vn -0.05068 0.08086 -0.99544
vn -0.15641 0.01863 -0.98752
vn -0.15641 0.01863 -0.98752
vn -0.14766 0.05484 -0.98752
vn -0.45333 0.05399 -0.88971
vn -0.45333 0.05399 -0.88971
vn -0.42797 0.15894 -0.88971
vn -0.42797 0.15894 -0.88971
vn -0.37867 0.25501 -0.88971
vn -0.13065 0.08798 -0.98752
vn -0.10633 0.11621 -0.98752
vn -0.30819 0.33681 -0.88971
vn -0.22047 0.39977 -0.88971
vn -0.34268 0.62136 -0.70461
vn -0.16341 0.69226 -0.70291
vn -0.19274 0.70485 -0.68267
vn -0.072 0.7414 -0.66719
vn -0.05239 0.8902 -0.45254
vn -0.02643 0.88533 -0.46422
vn -0.02948 0.98742 -0.15536
vn 0.20324 0.96672 -0.15536
vn -0.70461 0.08392 -0.70461
vn -0.7603 0.01654 -0.64936
vn -0.64752 0.07711 -0.75814
vn -0.6652 0.24705 -0.70461
vn -0.6652 0.24705 -0.70461
vn -0.58857 0.39636 -0.70461
vn -0.58857 0.39636 -0.70461
vn -0.47902 0.52351 -0.70461
vn -0.88603 0.10552 -0.45146
vn -0.88603 0.10552 -0.45146
vn -0.83647 0.31066 -0.45146
vn -0.83647 0.31066 -0.45146
vn -0.74011 0.49842 -0.45146
vn -0.74011 0.49842 -0.45146
vn -0.60236 0.6583 -0.45146
vn -0.60236 0.6583 -0.45146
vn -0.43091 0.78135 -0.45146
vn -0.98093 0.11682 -0.15536
vn -0.98093 0.11682 -0.15536
vn -0.92605 0.34393 -0.15536
vn -0.92605 0.34393 -0.15536
vn -0.81938 0.5518 -0.15536
vn -0.81938 0.5518 -0.15536
vn -0.70235 0.69451 -0.15608
vn -0.66899 0.73111 -0.13391
vn -0.21981 0.96788 -0.12203
vn -0.33111 0.93056 -0.15629
vn -0.47706 0.86503 -0.15536
vn -0.47706 0.86503 -0.15536
vn -0.61528 0.77267 -0.15624
vn -0.14766 0.05484 -0.98752
vn -0.13065 0.08798 -0.98752
vn -0.37867 0.25501 -0.88971
vn -0.30819 0.33681 -0.88971
vn -0.47902 0.52351 -0.70461
vn -0.34268 0.62136 -0.70461
vn -0.43091 0.78135 -0.45146
vn -0.23535 0.8607 -0.45146
vn -0.26056 0.95288 -0.15536
vn -0.02948 0.98742 -0.15536
vn 0.98767 -0.00574 -0.15643
vn 0.98079 0 -0.19509
vn 0.891 0.00346 -0.45399
vn 0.83145 -0.00692 -0.55556
vn 0.76041 0 -0.64945
vn 0.64945 0 -0.76041
vn 0.55556 -0.00692 -0.83145
vn 0.45399 0.00346 -0.891
vn 0.19509 -0.00461 -0.98077
vn 0.15643 0 -0.98769
vn 0.23535 -0.8607 -0.45146
vn 0.10633 -0.11621 -0.98752
vn -0.15956 -0.90256 -0.3999
vn -0.15307 -0.91345 -0.37707
vn -0.16363 -0.96898 -0.18519
vn -0.42135 -0.89971 -0.11393
vn -0.42143 -0.90002 -0.11118
vn 0.18358 -0.49281 -0.85055
vn 0.09044 -0.47495 -0.87535
vn 0.02597 -0.47583 -0.87916
vn 0.22027 -0.40053 -0.88942
vn 0.11729 -0.21143 -0.97033
vn 0.05204 -0.15498 -0.98655
vn 0.05068 -0.08086 -0.99544
vn 0.15641 -0.01863 -0.98752
vn 0.15641 -0.01863 -0.98752
vn 0.14766 -0.05484 -0.98752
vn 0.45333 -0.05399 -0.88971
vn 0.45333 -0.05399 -0.88971
vn 0.42797 -0.15894 -0.88971
vn 0.42797 -0.15894 -0.88971
vn 0.37867 -0.25501 -0.88971
vn 0.13065 -0.08798 -0.98752
vn 0.10633 -0.11621 -0.98752
vn 0.30819 -0.33681 -0.88971
vn 0.22047 -0.39977 -0.88971
vn 0.34268 -0.62136 -0.70461
vn 0.16341 -0.69226 -0.70291
vn 0.19274 -0.70485 -0.68267
vn 0.072 -0.7414 -0.66719
vn 0.05239 -0.8902 -0.45254
vn 0.02643 -0.88533 -0.46422
vn 0.02948 -0.98742 -0.15536
vn -0.20324 -0.96672 -0.15536
vn 0.70461 -0.08392 -0.70461
vn 0.7603 -0.01654 -0.64936
vn 0.64752 -0.07711 -0.75814
vn 0.6652 -0.24705 -0.70461
vn 0.6652 -0.24705 -0.70461
vn 0.58857 -0.39636 -0.70461
vn 0.58857 -0.39636 -0.70461
vn 0.47902 -0.52351 -0.70461
vn 0.88603 -0.10552 -0.45146
vn 0.88603 -0.10552 -0.45146
vn 0.83647 -0.31066 -0.45146
vn 0.83647 -0.31066 -0.45146
vn 0.74011 -0.49842 -0.45146
vn 0.74011 -0.49842 -0.45146
vn 0.60236 -0.6583 -0.45146
vn 0.60236 -0.6583 -0.45146
vn 0.43091 -0.78135 -0.45146
vn 0.98093 -0.11682 -0.15536
vn 0.98093 -0.11682 -0.15536
vn 0.92605 -0.34393 -0.15536
vn 0.92605 -0.34393 -0.15536
vn 0.81938 -0.5518 -0.15536
vn 0.81938 -0.5518 -0.15536
vn 0.70235 -0.69451 -0.15608
vn 0.66899 -0.73111 -0.13391
vn 0.21981 -0.96788 -0.12203
vn 0.33111 -0.93056 -0.15629
vn 0.47706 -0.86503 -0.15536
vn 0.47706 -0.86503 -0.15536
vn 0.61528 -0.77267 -0.15624
vn 0.14766 -0.05484 -0.98752
vn 0.13065 -0.08798 -0.98752
vn 0.37867 -0.25501 -0.88971
vn 0.30819 -0.33681 -0.88971
vn 0.47902 -0.52351 -0.70461
vn 0.34268 -0.62136 -0.70461
vn 0.43091 -0.78135 -0.45146
vn 0.23535 -0.8607 -0.45146
vn 0.26056 -0.95288 -0.15536
vn 0.02948 -0.98742 -0.15536
vn 0.19509 0 -0.98079
vn 0.98769 0 -0.15643
vn 0.98077 0.00461 -0.19509
vn 0.891 -0.00346 -0.45399
vn 0.83145 0.00692 -0.55556
vn 0.55556 0.00692 -0.83145
vn 0.45399 -0.00346 -0.891
vn 0.15643 0.00574 -0.98767
vn 0.75731 0.09019 -0.6468
vn 0.07276 0.73358 -0.6757
vn -0.00881 0.47547 -0.87969
vn 0.05239 0.8902 -0.45254
vn 0.02643 0.88533 -0.46422
vn -0.139 0.90239 -0.40789
vn 0.15641 0.01863 -0.98752
vn 0.15641 0.01863 -0.98752
vn 0.14766 0.05484 -0.98752
vn 0.14766 0.05484 -0.98752
vn 0.13065 0.08798 -0.98752
vn 0.10633 0.11621 -0.98752
vn 0.10633 0.11621 -0.98752
vn 0.08323 0.13281 -0.98764
vn 0.45333 0.05399 -0.88971
vn 0.45333 0.05399 -0.88971
vn 0.42797 0.15894 -0.88971
vn 0.42797 0.15894 -0.88971
vn 0.37867 0.25501 -0.88971
vn 0.37867 0.25501 -0.88971
vn 0.30819 0.33681 -0.88971
vn 0.30819 0.33681 -0.88971
vn 0.64752 0.07711 -0.75814
vn 0.71112 0.04445 -0.70167
vn 0.6652 0.24705 -0.70461
vn 0.6652 0.24705 -0.70461
vn 0.58857 0.39636 -0.70461
vn 0.58857 0.39636 -0.70461
vn 0.47902 0.52351 -0.70461
vn 0.47902 0.52351 -0.70461
vn 0.17166 0.47099 -0.86528
vn 0.17892 0.68722 -0.70407
vn 0.1887 0.69007 -0.69871
vn 0.23535 0.8607 -0.45146
vn 0.23535 0.8607 -0.45146
vn 0.88603 0.10552 -0.45146
vn 0.88603 0.10552 -0.45146
vn 0.83647 0.31066 -0.45146
vn 0.83647 0.31066 -0.45146
vn 0.74011 0.49842 -0.45146
vn 0.74011 0.49842 -0.45146
vn 0.60236 0.6583 -0.45146
vn 0.60236 0.6583 -0.45146
vn -0.42143 0.90002 -0.11118
vn -0.42138 0.89982 -0.11299
vn -0.20386 0.96964 -0.13505
vn -0.22613 0.9617 -0.15489
vn 0.02948 0.98742 -0.15536
vn 0.02948 0.98742 -0.15536
vn 0.21876 0.96323 -0.15601
vn 0.26135 0.95577 -0.13491
vn 0.33111 0.93056 -0.15629
vn 0.03567 0.12924 -0.99097
vn 0.26395 0.36938 -0.89101
vn 0.19978 0.36226 -0.91042
vn 0.34268 0.62136 -0.70461
vn 0.34268 0.62136 -0.70461
vn 0.43091 0.78135 -0.45146
vn 0.43091 0.78135 -0.45146
vn 0.47706 0.86503 -0.15536
vn 0.47706 0.86503 -0.15536
vn 0.98093 0.11682 -0.15536
vn 0.98093 0.11682 -0.15536
vn 0.92605 0.34393 -0.15536
vn 0.92605 0.34393 -0.15536
vn 0.81938 0.5518 -0.15536
vn 0.81938 0.5518 -0.15536
vn 0.66687 0.7288 -0.15536
vn 0.70618 0.69829 -0.11711
vn 0.61528 0.77267 -0.15624
vn 0.56284 -0.82654 0.00665
vn 0.53297 -0.84592 0.01888
vn 0.55229 -0.83366 -0
vn 0.49235 -0.87037 0.00611
vn 0.25456 -0.96704 0.00542
vn 0.32858 -0.94447 -0.00101
vn 0.45018 -0.89294 0.00111
vn 0.43758 -0.89909 0.01268
vn 0.52897 -0.84861 -0.00768
vn 0 -0.99999 0.00535
vn 0.06445 -0.99792 0
vn 0.1927 -0.98126 -0
vn -0.49236 -0.87039 0
vn -0.5249 -0.85116 -0.0026
vn -0.43101 -0.90234 0.00426
vn -0.43537 -0.90025 0
vn -0.31681 -0.94849 0
vn -0.25456 -0.96704 0.00542
vn -0.19246 -0.98131 0
vn -0.06416 -0.99794 0
vn -0.53672 -0.84368 0.01107
vn -0.53563 -0.84436 0.01221
vn -0.52723 -0.84922 0.02926
vn -0.56284 0.82654 0.00665
vn -0.53297 0.84592 0.01888
vn -0.55229 0.83366 0
vn -0.49235 0.87037 0.00611
vn -0.25456 0.96704 0.00542
vn -0.32858 0.94447 -0.00101
vn -0.45018 0.89294 0.00111
vn -0.43758 0.89909 0.01268
vn -0.52897 0.84861 -0.00768
vn -0 0.99999 0.00535
vn -0.06445 0.99792 -0
vn -0.1927 0.98126 0
vn 0.49236 0.87039 -0
vn 0.5249 0.85116 -0.0026
vn 0.43101 0.90234 0.00426
vn 0.43537 0.90025 -0
vn 0.31681 0.94849 -0
vn 0.25456 0.96704 0.00542
vn 0.19246 0.98131 -0
vn 0.06416 0.99794 -0
vn 0.53672 0.84368 0.01107
vn 0.53563 0.84436 0.01221
vn 0.52723 0.84922 0.02926
vn -1 -0 0
vn 1 0 -0
vn -0 0 -1
vn -0 -0 -1
vn 0 -0 1
vn 0 -0 1
vn 0 -0 1
vn 0 -0 1
vn 0 -0 1
vn -0 -0 1
vn 0 -0 1
vn -0 -0 1
vn 0 -0 1
vn 0 -0 1
vn 0 -0 1
vn 0 -0 1
vn 0 -0 1
vn 0 -0 1
vn 0 -0 1
vn 0 -0 1
vn 0 -0 1
vn 0 -0 1
vn 0 -0 1
vn 0 -0 1
vn 0 -0 1
vn 0 -0 1
vn 0 -0 1
vn 0 -1 0
vn -0 1 -0
vn -0 1 -0
vn 0 -0 1
vn 0 -0 1
vn 0 -0 1
vn 0 -0 1
vn 0 -0 1
vn 0 -0 1
vn 0 -0 1
vn 0 -0 1
vn 0 -0 1
vn 0 -0 1
vn 0 -0 1
vn 0 -0 1
vn 0 -0 1
vn 0 -0 1
vn 0 -0 1
vn 0 -0 1
vn -0 -0 1
vn 0 -0 1
vn -0 -0 1
vn 0 -0 1
vn 0 -1 0
vn 0 0 1
vn 0.91609 0.40097 -0
vn 0.99056 0.13709 -0
vn 0.99056 0.13709 -0
vn 0.99056 -0.13709 0
vn 0.99056 -0.13709 -0
vn 0.91609 -0.40097 -0
vn 0.85247 -0.52277 -0
vn 0.85247 -0.52277 0
vn 0.85247 -0.52277 0
vn 0.85247 -0.52277 -0
vn 0.85247 -0.52277 -0
vn 0.85247 -0.52277 0
vn 0.85247 -0.52277 -0
vn 0.85249 -0.52274 2E-05
vn 0.85247 -0.52277 0
vn 0.85247 -0.52277 -0
vn 0.85247 -0.52277 -0
vn 0.85247 -0.52277 0
vn 0.85247 -0.52277 -0
vn 0.85247 0.52277 0
vn 0.85247 0.52277 -0
vn 0.85247 0.52277 0
vn 0.85247 0.52277 -0
vn 0.85247 0.52277 -0
vn 0.85247 0.52277 -0
vn 0.85247 0.52277 0
vn 0.85247 0.52277 -0
vn 0.85249 0.52274 2E-05
vn 0.85247 0.52277 0
vn 0.90097 0.43388 -0
vn 0.99371 0.11197 -0
vn 0.99988 0 -0.01567
vn 0.99371 -0.11197 -0
vn 0.90097 -0.43388 -0
vn 0.62349 -0.78183 -0
vn 0.22252 -0.97493 -0
vn -0.22252 -0.97493 0
vn -0.62349 -0.78183 0
vn -0.90097 -0.43388 0
vn -0.90097 0.43388 0
vn -0.62349 0.78183 0
vn -0.22252 0.97493 0
vn 0.22252 0.97493 -0
vn 0.62349 0.78183 -0
vn -0.91609 -0.40097 0
vn -0.99056 -0.13709 0
vn -0.99056 -0.13709 0
vn -0.99056 0.13709 -0
vn -0.99056 0.13709 0
vn -0.91609 0.40097 0
vn -0.85247 0.52277 0
vn -0.85247 0.52277 0
vn -0.85247 0.52277 0
vn -0.85247 0.52277 -0
vn -0.85247 0.52277 0
vn -0.85247 0.52277 0
vn -0.85247 0.52277 -0
vn -0.85249 0.52274 2E-05
vn -0.85247 0.52277 0
vn -0.85247 0.52277 -0
vn -0.85247 0.52277 -0
vn -0.85247 0.52277 0
vn -0.85247 0.52277 -0
vn -0.85247 -0.52277 0
vn -0.85247 -0.52277 0
vn -0.85247 -0.52277 0
vn -0.85247 -0.52277 -0
vn -0.85247 -0.52277 -0
vn -0.85247 -0.52277 -0
vn -0.85247 -0.52277 0
vn -0.85247 -0.52277 0
vn -0.85249 -0.52274 2E-05
vn -0.85247 -0.52277 0
vn 0.99371 0.11196 -0
vn 0.99988 0 -0.01567
vn 0.99371 -0.11196 -0
vn -0.98481 0.17365 0
vn -0.86603 0.5 0
vn -0.64279 0.76604 0
vn -0.34202 0.93969 0
vn 0.34202 0.93969 -0
vn 0.64279 0.76604 -0
vn 0.86603 0.5 -0
vn 0.98481 0.17365 -0
vn 0.98481 -0.17365 -0
vn 0.86603 -0.5 -0
vn 0.64279 -0.76604 -0
vn 0.34202 -0.93969 -0
vn -0.34202 -0.93969 0
vn -0.64279 -0.76604 0
vn -0.86603 -0.5 0
vn -0.98481 -0.17365 0
vn -0.98481 0.17365 0
vn -0.86603 0.5 0
vn 0.86603 0.5 -0
vn 0.98481 0.17365 -0
vn 0.98481 -0.17365 -0
vn 0.86603 -0.5 -0
vn -0.86603 -0.5 0
vn -0.98481 -0.17365 0
vn 0.90563 -0.42406 -0
vn 0.94339 -0.3316 -0.00744
vn 0.94213 0.33523 -0
vn 0.97517 0.22147 -0
vn 0.99627 0.08606 -0.00682
vn 0.99955 0.02984 -0.0017
vn 0.97861 -0.20574 0.00124
vn 0.87565 0.48291 -0.00469
vn 0.87256 0.48847 -0.00537
vn 0.78228 0.62293 -0
vn 0.70312 0.71107 -0
vn 0.59419 0.8043 -0.00653
vn 0.55858 0.82945 -0.00238
vn 0.34816 0.93744 0.00156
vn 0.2105 0.97757 -0.00736
vn 0.11826 0.99298 -0
vn -0.11826 0.99298 0
vn -0.2105 0.97757 -0.00736
vn -0.59419 0.8043 -0.00653
vn -0.55858 0.82945 -0.00238
vn -0.34816 0.93744 0.00156
vn -0.94213 0.33523 0
vn -0.87565 0.48291 -0.00469
vn -0.87256 0.48847 -0.00537
vn -0.78228 0.62293 0
vn -0.70312 0.71107 0
vn -0.97517 0.22147 0
vn -0.99627 0.08606 -0.00682
vn -0.99955 0.02984 -0.0017
vn -0.97861 -0.20574 0.00124
vn -0.94339 -0.3316 -0.00744
vn -0.90563 -0.42406 0
vn -0.90563 0.42406 0
vn -0.94339 0.3316 -0.00744
vn -0.99627 -0.08606 -0.00682
vn -0.99955 -0.02984 -0.0017
vn -0.97861 0.20574 0.00124
vn -0.78228 -0.62293 0
vn -0.87565 -0.48291 -0.00558
vn -0.87256 -0.48848 -0.00487
vn -0.94213 -0.33523 0
vn -0.97517 -0.22147 0
vn -0.70312 -0.71107 0
vn -0.59419 -0.8043 -0.00653
vn -0.55858 -0.82945 -0.00238
vn -0.34816 -0.93744 0.00156
vn -0.2105 -0.97757 -0.00736
vn -0.11826 -0.99298 0
vn 0.11826 -0.99298 -0
vn 0.2105 -0.97757 -0.00736
vn 0.78228 -0.62293 -0
vn 0.70312 -0.71107 -0
vn 0.59419 -0.8043 -0.00653
vn 0.55858 -0.82945 -0.00238
vn 0.34816 -0.93744 0.00156
vn 0.87565 -0.48291 -0.00558
vn 0.87256 -0.48848 -0.00487
vn 0.94213 -0.33523 -0
vn 0.97517 -0.22147 -0
vn 0.99627 -0.08606 -0.00682
vn 0.99955 -0.02984 -0.0017
vn 0.97861 0.20574 0.00124
vn 0.94339 0.3316 -0.00744
vn 0.90563 0.42406 -0
vn 0.99485 0 0.10138
vn 0.98078 0.00255 0.19509
vn 0.83147 0.00243 0.55557
vn 0.87598 0 0.48234
vn 0.95595 0 0.29352
vn 0.55557 0 0.83147
vn 0.63891 -0.00506 0.76926
vn 0.5457 -0.00191 0.83798
vn 0.49954 -0.00094 0.86629
vn 0.4995 0.00094 0.86631
vn 0.54554 0.0019 0.83808
vn 0.55557 0.00223 0.83147
vn 0.63436 0.00033 0.77303
vn 0.75492 -0.00034 0.65581
vn 0.98079 0 0.19509
vn 0.99474 -0.00488 0.10232
vn 0.95587 0 0.29378
vn 0.83147 0 0.55557
vn 0.87435 -0.00422 0.48527
vn 0.76503 0 0.644
vn 0.44229 0 0.89687
vn 0.19509 0 0.98079
vn 0.19509 -0 0.98079
vn -0.99485 -0 0.10138
vn -0.98078 -0.00255 0.19509
vn -0.83147 -0.00243 0.55557
vn -0.87598 -0 0.48234
vn -0.95595 -0 0.29352
vn -0.55557 -0 0.83147
vn -0.63891 0.00506 0.76926
vn -0.5457 0.00191 0.83798
vn -0.49954 0.00094 0.86629
vn -0.4995 -0.00094 0.86631
vn -0.54554 -0.0019 0.83808
vn -0.55557 -0.00223 0.83147
vn -0.63436 -0.00033 0.77303
vn -0.75492 0.00034 0.65581
vn -0.98079 -0 0.19509
vn -0.99474 0.00488 0.10232
vn -0.95587 -0 0.29378
vn -0.83147 -0 0.55557
vn -0.87435 0.00422 0.48527
vn -0.76503 -0 0.644
vn -0.44229 -0 0.89687
vn -0.19509 -0 0.98079
vn -0.19509 -0 0.98079
vn 0.19509 0 0.98079
vn 0.55557 0 0.83147
vn 0.83147 0 0.55557
vn 0.98079 0 0.19509
vn -0.98079 -0 0.19509
vn -0.83147 -0 0.55557
vn -0.55557 -0 0.83147
vn -0.19509 -0 0.98079
vn -0.00574 0.15643 -0.98767
vn -0 0.19509 -0.98079
vn 0.00346 0.45399 -0.891
vn -0.00692 0.55556 -0.83145
vn -0 0.64945 -0.76041
vn -0 0.76041 -0.64945
vn -0.00692 0.83145 -0.55556
vn 0.00346 0.891 -0.45399
vn -0.00461 0.98077 -0.19509
vn -0 0.98769 -0.15643
vn -0.09019 0.75731 -0.6468
vn -0.73358 0.07276 -0.6757
vn -0.47547 -0.00881 -0.87969
vn -0.8902 0.05239 -0.45254
vn -0.88533 0.02643 -0.46422
vn -0.90239 -0.139 -0.40789
vn -0.01863 0.15641 -0.98752
vn -0.01863 0.15641 -0.98752
vn -0.05484 0.14766 -0.98752
vn -0.05484 0.14766 -0.98752
vn -0.08798 0.13065 -0.98752
vn -0.11621 0.10633 -0.98752
vn -0.11621 0.10633 -0.98752
vn -0.13281 0.08323 -0.98764
vn -0.05399 0.45333 -0.88971
vn -0.05399 0.45333 -0.88971
vn -0.15894 0.42797 -0.88971
vn -0.15894 0.42797 -0.88971
vn -0.25501 0.37867 -0.88971
vn -0.25501 0.37867 -0.88971
vn -0.33681 0.30819 -0.88971
vn -0.33681 0.30819 -0.88971
vn -0.07711 0.64752 -0.75814
vn -0.04445 0.71112 -0.70167
vn -0.24705 0.6652 -0.70461
vn -0.24705 0.6652 -0.70461
vn -0.39636 0.58857 -0.70461
vn -0.39636 0.58857 -0.70461
vn -0.52351 0.47902 -0.70461
vn -0.52351 0.47902 -0.70461
vn -0.47099 0.17166 -0.86528
vn -0.68722 0.17892 -0.70407
vn -0.69007 0.1887 -0.69871
vn -0.8607 0.23535 -0.45146
vn -0.8607 0.23535 -0.45146
vn -0.10552 0.88603 -0.45146
vn -0.10552 0.88603 -0.45146
vn -0.31066 0.83647 -0.45146
vn -0.31066 0.83647 -0.45146
vn -0.49842 0.74011 -0.45146
vn -0.49842 0.74011 -0.45146
vn -0.6583 0.60236 -0.45146
vn -0.6583 0.60236 -0.45146
vn -0.90002 -0.42143 -0.11118
vn -0.89982 -0.42138 -0.11299
vn -0.96964 -0.20386 -0.13505
vn -0.9617 -0.22613 -0.15489
vn -0.98742 0.02948 -0.15536
vn -0.98742 0.02948 -0.15536
vn -0.96323 0.21876 -0.15601
vn -0.95577 0.26135 -0.13491
vn -0.93056 0.33111 -0.15629
vn -0.12924 0.03567 -0.99097
vn -0.36938 0.26395 -0.89101
vn -0.36226 0.19978 -0.91042
vn -0.62136 0.34268 -0.70461
vn -0.62136 0.34268 -0.70461
vn -0.78135 0.43091 -0.45146
vn -0.78135 0.43091 -0.45146
vn -0.86503 0.47706 -0.15536
vn -0.86503 0.47706 -0.15536
vn -0.11682 0.98093 -0.15536
vn -0.11682 0.98093 -0.15536
vn -0.34393 0.92605 -0.15536
vn -0.34393 0.92605 -0.15536
vn -0.5518 0.81938 -0.15536
vn -0.5518 0.81938 -0.15536
vn -0.7288 0.66687 -0.15536
vn -0.69829 0.70618 -0.11711
vn -0.77267 0.61528 -0.15624
vn -0 0.98079 -0.19509
vn -0 0.15643 -0.98769
vn 0.00461 0.19509 -0.98077
vn -0.00346 0.45399 -0.891
vn 0.00692 0.55556 -0.83145
vn 0.00692 0.83145 -0.55556
vn -0.00346 0.891 -0.45399
vn 0.00574 0.98767 -0.15643
vn 0.8607 0.23535 -0.45146
vn 0.11621 0.10633 -0.98752
vn 0.90256 -0.15956 -0.3999
vn 0.91345 -0.15307 -0.37707
vn 0.96898 -0.16363 -0.18519
vn 0.89971 -0.42135 -0.11393
vn 0.90002 -0.42143 -0.11118
vn 0.49281 0.18358 -0.85055
vn 0.47495 0.09044 -0.87535
vn 0.47583 0.02597 -0.87916
vn 0.40053 0.22027 -0.88942
vn 0.21143 0.11729 -0.97033
vn 0.15498 0.05204 -0.98655
vn 0.08086 0.05068 -0.99544
vn 0.01863 0.15641 -0.98752
vn 0.01863 0.15641 -0.98752
vn 0.05484 0.14766 -0.98752
vn 0.05399 0.45333 -0.88971
vn 0.05399 0.45333 -0.88971
vn 0.15894 0.42797 -0.88971
vn 0.15894 0.42797 -0.88971
vn 0.25501 0.37867 -0.88971
vn 0.08798 0.13065 -0.98752
vn 0.11621 0.10633 -0.98752
vn 0.33681 0.30819 -0.88971
vn 0.39977 0.22047 -0.88971
vn 0.62136 0.34268 -0.70461
vn 0.69226 0.16341 -0.70291
vn 0.70485 0.19274 -0.68267
vn 0.7414 0.072 -0.66719
vn 0.8902 0.05239 -0.45254
vn 0.88533 0.02643 -0.46422
vn 0.98742 0.02948 -0.15536
vn 0.96672 -0.20324 -0.15536
vn 0.08392 0.70461 -0.70461
vn 0.01654 0.7603 -0.64936
vn 0.07711 0.64752 -0.75814
vn 0.24705 0.6652 -0.70461
vn 0.24705 0.6652 -0.70461
vn 0.39636 0.58857 -0.70461
vn 0.39636 0.58857 -0.70461
vn 0.52351 0.47902 -0.70461
vn 0.10552 0.88603 -0.45146
vn 0.10552 0.88603 -0.45146
vn 0.31066 0.83647 -0.45146
vn 0.31066 0.83647 -0.45146
vn 0.49842 0.74011 -0.45146
vn 0.49842 0.74011 -0.45146
vn 0.6583 0.60236 -0.45146
vn 0.6583 0.60236 -0.45146
vn 0.78135 0.43091 -0.45146
vn 0.11682 0.98093 -0.15536
vn 0.11682 0.98093 -0.15536
vn 0.34393 0.92605 -0.15536
vn 0.34393 0.92605 -0.15536
vn 0.5518 0.81938 -0.15536
vn 0.5518 0.81938 -0.15536
vn 0.69451 0.70235 -0.15608
vn 0.73111 0.66899 -0.13391
vn 0.96788 0.21981 -0.12203
vn 0.93056 0.33111 -0.15629
vn 0.86503 0.47706 -0.15536
vn 0.86503 0.47706 -0.15536
vn 0.77267 0.61528 -0.15624
vn 0.05484 0.14766 -0.98752
vn 0.08798 0.13065 -0.98752
vn 0.25501 0.37867 -0.88971
vn 0.33681 0.30819 -0.88971
vn 0.52351 0.47902 -0.70461
vn 0.62136 0.34268 -0.70461
vn 0.78135 0.43091 -0.45146
vn 0.8607 0.23535 -0.45146
vn 0.95288 0.26056 -0.15536
vn 0.98742 0.02948 -0.15536
vn -0.00574 -0.98767 -0.15643
vn 0 -0.98079 -0.19509
vn 0.00346 -0.891 -0.45399
vn -0.00692 -0.83145 -0.55556
vn 0 -0.76041 -0.64945
vn 0 -0.64945 -0.76041
vn -0.00692 -0.55556 -0.83145
vn 0.00346 -0.45399 -0.891
vn -0.00461 -0.19509 -0.98077
vn 0 -0.15643 -0.98769
vn -0.8607 -0.23535 -0.45146
vn -0.11621 -0.10633 -0.98752
vn -0.90256 0.15956 -0.3999
vn -0.91345 0.15307 -0.37707
vn -0.96898 0.16363 -0.18519
vn -0.89971 0.42135 -0.11393
vn -0.90002 0.42143 -0.11118
vn -0.49281 -0.18358 -0.85055
vn -0.47495 -0.09044 -0.87535
vn -0.47583 -0.02597 -0.87916
vn -0.40053 -0.22027 -0.88942
vn -0.21143 -0.11729 -0.97033
vn -0.15498 -0.05204 -0.98655
vn -0.08086 -0.05068 -0.99544
vn -0.01863 -0.15641 -0.98752
vn -0.01863 -0.15641 -0.98752
vn -0.05484 -0.14766 -0.98752
vn -0.05399 -0.45333 -0.88971
vn -0.05399 -0.45333 -0.88971
vn -0.15894 -0.42797 -0.88971
vn -0.15894 -0.42797 -0.88971
vn -0.25501 -0.37867 -0.88971
vn -0.08798 -0.13065 -0.98752
vn -0.11621 -0.10633 -0.98752
vn -0.33681 -0.30819 -0.88971
vn -0.39977 -0.22047 -0.88971
vn -0.62136 -0.34268 -0.70461
vn -0.69226 -0.16341 -0.70291
vn -0.70485 -0.19274 -0.68267
vn -0.7414 -0.072 -0.66719
vn -0.8902 -0.05239 -0.45254
vn -0.88533 -0.02643 -0.46422
vn -0.98742 -0.02948 -0.15536
vn -0.96672 0.20324 -0.15536
vn -0.08392 -0.70461 -0.70461
vn -0.01654 -0.7603 -0.64936
vn -0.07711 -0.64752 -0.75814
vn -0.24705 -0.6652 -0.70461
vn -0.24705 -0.6652 -0.70461
vn -0.39636 -0.58857 -0.70461
vn -0.39636 -0.58857 -0.70461
vn -0.52351 -0.47902 -0.70461
vn -0.10552 -0.88603 -0.45146
vn -0.10552 -0.88603 -0.45146
vn -0.31066 -0.83647 -0.45146
vn -0.31066 -0.83647 -0.45146
vn -0.49842 -0.74011 -0.45146
vn -0.49842 -0.74011 -0.45146
vn -0.6583 -0.60236 -0.45146
vn -0.6583 -0.60236 -0.45146
vn -0.78135 -0.43091 -0.45146
vn -0.11682 -0.98093 -0.15536
vn -0.11682 -0.98093 -0.15536
vn -0.34393 -0.92605 -0.15536
vn -0.34393 -0.92605 -0.15536
vn -0.5518 -0.81938 -0.15536
vn -0.5518 -0.81938 -0.15536
vn -0.69451 -0.70235 -0.15608
vn -0.73111 -0.66899 -0.13391
vn -0.96788 -0.21981 -0.12203
vn -0.93056 -0.33111 -0.15629
vn -0.86503 -0.47706 -0.15536
vn -0.86503 -0.47706 -0.15536
vn -0.77267 -0.61528 -0.15624
vn -0.05484 -0.14766 -0.98752
vn -0.08798 -0.13065 -0.98752
vn -0.25501 -0.37867 -0.88971
vn -0.33681 -0.30819 -0.88971
vn -0.52351 -0.47902 -0.70461
vn -0.62136 -0.34268 -0.70461
vn -0.78135 -0.43091 -0.45146
vn -0.8607 -0.23535 -0.45146
vn -0.95288 -0.26056 -0.15536
vn -0.98742 -0.02948 -0.15536
vn 0 -0.19509 -0.98079
vn 0 -0.98769 -0.15643
vn 0.00461 -0.98077 -0.19509
vn -0.00346 -0.891 -0.45399
vn 0.00692 -0.83145 -0.55556
vn 0.00692 -0.55556 -0.83145
vn -0.00346 -0.45399 -0.891
vn 0.00574 -0.15643 -0.98767
vn 0.09019 -0.75731 -0.6468
vn 0.73358 -0.07276 -0.6757
vn 0.47547 0.00881 -0.87969
vn 0.8902 -0.05239 -0.45254
vn 0.88533 -0.02643 -0.46422
vn 0.90239 0.139 -0.40789
vn 0.01863 -0.15641 -0.98752
vn 0.01863 -0.15641 -0.98752
vn 0.05484 -0.14766 -0.98752
vn 0.05484 -0.14766 -0.98752
vn 0.08798 -0.13065 -0.98752
vn 0.11621 -0.10633 -0.98752
vn 0.11621 -0.10633 -0.98752
vn 0.13281 -0.08323 -0.98764
vn 0.05399 -0.45333 -0.88971
vn 0.05399 -0.45333 -0.88971
vn 0.15894 -0.42797 -0.88971
vn 0.15894 -0.42797 -0.88971
vn 0.25501 -0.37867 -0.88971
vn 0.25501 -0.37867 -0.88971
vn 0.33681 -0.30819 -0.88971
vn 0.33681 -0.30819 -0.88971
vn 0.07711 -0.64752 -0.75814
vn 0.04445 -0.71112 -0.70167
vn 0.24705 -0.6652 -0.70461
vn 0.24705 -0.6652 -0.70461
vn 0.39636 -0.58857 -0.70461
vn 0.39636 -0.58857 -0.70461
vn 0.52351 -0.47902 -0.70461
vn 0.52351 -0.47902 -0.70461
vn 0.47099 -0.17166 -0.86528
vn 0.68722 -0.17892 -0.70407
vn 0.69007 -0.1887 -0.69871
vn 0.8607 -0.23535 -0.45146
vn 0.8607 -0.23535 -0.45146
vn 0.10552 -0.88603 -0.45146
vn 0.10552 -0.88603 -0.45146
vn 0.31066 -0.83647 -0.45146
vn 0.31066 -0.83647 -0.45146
vn 0.49842 -0.74011 -0.45146
vn 0.49842 -0.74011 -0.45146
vn 0.6583 -0.60236 -0.45146
vn 0.6583 -0.60236 -0.45146
vn 0.90002 0.42143 -0.11118
vn 0.89982 0.42138 -0.11299
vn 0.96964 0.20386 -0.13505
vn 0.9617 0.22613 -0.15489
vn 0.98742 -0.02948 -0.15536
vn 0.98742 -0.02948 -0.15536
vn 0.96323 -0.21876 -0.15601
vn 0.95577 -0.26135 -0.13491
vn 0.93056 -0.33111 -0.15629
vn 0.12924 -0.03567 -0.99097
vn 0.36938 -0.26395 -0.89101
vn 0.36226 -0.19978 -0.91042
vn 0.62136 -0.34268 -0.70461
vn 0.62136 -0.34268 -0.70461
vn 0.78135 -0.43091 -0.45146
vn 0.78135 -0.43091 -0.45146
vn 0.86503 -0.47706 -0.15536
vn 0.86503 -0.47706 -0.15536
vn 0.11682 -0.98093 -0.15536
vn 0.11682 -0.98093 -0.15536
vn 0.34393 -0.92605 -0.15536
vn 0.34393 -0.92605 -0.15536
vn 0.5518 -0.81938 -0.15536
vn 0.5518 -0.81938 -0.15536
vn 0.7288 -0.66687 -0.15536
vn 0.69829 -0.70618 -0.11711
vn 0.77267 -0.61528 -0.15624
vn -0.82654 -0.56284 0.00665
vn -0.84592 -0.53297 0.01888
vn -0.83366 -0.55229 0
vn -0.87037 -0.49235 0.00611
vn -0.96704 -0.25456 0.00542
vn -0.94447 -0.32858 -0.00101
vn -0.89294 -0.45018 0.00111
vn -0.89909 -0.43758 0.01268
vn -0.84861 -0.52897 -0.00768
vn -0.99999 -0 0.00535
vn -0.99792 -0.06445 0
vn -0.98126 -0.1927 0
vn -0.87039 0.49236 0
vn -0.85116 0.5249 -0.0026
vn -0.90234 0.43101 0.00426
vn -0.90025 0.43537 0
vn -0.94849 0.31681 0
vn -0.96704 0.25456 0.00542
vn -0.98131 0.19246 0
vn -0.99794 0.06416 0
vn -0.84368 0.53672 0.01107
vn -0.84436 0.53563 0.01221
vn -0.84922 0.52723 0.02926
vn 0.82654 0.56284 0.00665
vn 0.84592 0.53297 0.01888
vn 0.83366 0.55229 -0
vn 0.87037 0.49235 0.00611
vn 0.96704 0.25456 0.00542
vn 0.94447 0.32858 -0.00101
vn 0.89294 0.45018 0.00111
vn 0.89909 0.43758 0.01268
vn 0.84861 0.52897 -0.00768
vn 0.99999 0 0.00535
vn 0.99792 0.06445 -0
vn 0.98126 0.1927 -0
vn 0.87039 -0.49236 -0
vn 0.85116 -0.5249 -0.0026
vn 0.90234 -0.43101 0.00426
vn 0.90025 -0.43537 -0
vn 0.94849 -0.31681 -0
vn 0.96704 -0.25456 0.00542
vn 0.98131 -0.19246 -0
vn 0.99794 -0.06416 -0
vn 0.84368 -0.53672 0.01107
vn 0.84436 -0.53563 0.01221
vn 0.84922 -0.52723 0.02926
vn 0.90631 0.42262 0
vn -0.90631 -0.42262 -0
vn 0 -0 1
vn -0 0 -1
vn 0.42262 -0.90631 -0
vn -0.42262 0.90631 0
vn -0.17365 0.98481 0
vn 0.34202 0.93969 0
vn 0.76604 0.64279 0
vn 0.98481 0.17365 0
vn 0.93969 -0.34202 -0
vn 0.64279 -0.76604 -0
vn 0.17365 -0.98481 -0
vn -0.34202 -0.93969 -0
vn -0.76604 -0.64279 -0
vn -0.98481 -0.17365 -0
vn -0.93969 0.34202 0
vn -0.64279 0.76604 0
vn 0.246 0.67588 -0.69475
vn 0.246 0.67588 -0.69475
vn 0.55098 0.46233 -0.69475
vn 0.55098 0.46233 -0.69475
vn 0.70833 0.1249 -0.69475
vn 0.70833 0.1249 -0.69475
vn 0.67588 -0.246 -0.69475
vn 0.67588 -0.246 -0.69475
vn 0.46233 -0.55098 -0.69475
vn 0.46233 -0.55098 -0.69475
vn 0.1249 -0.70833 -0.69475
vn 0.1249 -0.70833 -0.69475
vn -0.246 -0.67588 -0.69475
vn -0.246 -0.67588 -0.69475
vn -0.55098 -0.46233 -0.69475
vn -0.55098 -0.46233 -0.69475
vn -0.70833 -0.1249 -0.69475
vn -0.70833 -0.1249 -0.69475
vn -0.67588 0.246 -0.69475
vn -0.67588 0.246 -0.69475
vn -0.46233 0.55098 -0.69475
vn -0.46233 0.55098 -0.69475
vn -0.1249 0.70833 -0.69475
vn -0.1249 0.70833 -0.69475
vn -0.17365 0.98481 0
vn 0.34202 0.93969 0
vn 0.76604 0.64279 0
vn 0.98481 0.17365 0
vn 0.93969 -0.34202 -0
vn 0.64279 -0.76604 -0
vn 0.17365 -0.98481 -0
vn -0.34202 -0.93969 -0
vn -0.76604 -0.64279 -0
vn -0.98481 -0.17365 -0
vn -0.93969 0.34202 0
vn -0.64279 0.76604 0
vn 0.246 0.67588 -0.69475
vn 0.55098 0.46233 -0.69475
vn 0.55098 0.46233 -0.69475
vn 0.70833 0.1249 -0.69475
vn 0.70833 0.1249 -0.69475
vn 0.67588 -0.246 -0.69475
vn 0.67588 -0.246 -0.69475
vn 0.46233 -0.55098 -0.69475
vn 0.1249 -0.70833 -0.69475
vn 0.1249 -0.70833 -0.69475
vn -0.246 -0.67588 -0.69475
vn -0.55098 -0.46233 -0.69475
vn -0.55098 -0.46233 -0.69475
vn -0.70833 -0.1249 -0.69475
vn -0.70833 -0.1249 -0.69475
vn -0.67588 0.246 -0.69475
vn -0.67588 0.246 -0.69475
vn -0.46233 0.55098 -0.69475
vn -0.1249 0.70833 -0.69475
vn -0.1249 0.70833 -0.69475
vn 0.67588 -0.246 0.69475
vn 0.67588 -0.246 0.69475
vn 0.70833 0.1249 0.69475
vn 0.70833 0.1249 0.69475
vn 0.55098 0.46233 0.69475
vn 0.55098 0.46233 0.69475
vn 0.246 0.67588 0.69475
vn 0.246 0.67588 0.69475
vn -0.1249 0.70833 0.69475
vn -0.1249 0.70833 0.69475
vn -0.46233 0.55098 0.69475
vn -0.46233 0.55098 0.69475
vn -0.67588 0.246 0.69475
vn -0.67588 0.246 0.69475
vn -0.70833 -0.1249 0.69475
vn -0.70833 -0.1249 0.69475
vn -0.55098 -0.46233 0.69475
vn -0.55098 -0.46233 0.69475
vn -0.246 -0.67588 0.69475
vn -0.246 -0.67588 0.69475
vn 0.1249 -0.70833 0.69475
vn 0.1249 -0.70833 0.69475
vn 0.46233 -0.55098 0.69475
vn 0.46233 -0.55098 0.69475
vn 0.67588 -0.246 0.69475
vn 0.70833 0.1249 0.69475
vn 0.70833 0.1249 0.69475
vn 0.55098 0.46233 0.69475
vn 0.55098 0.46233 0.69475
vn 0.246 0.67588 0.69475
vn 0.246 0.67588 0.69475
vn -0.1249 0.70833 0.69475
vn -0.46233 0.55098 0.69475
vn -0.46233 0.55098 0.69475
vn -0.67588 0.246 0.69475
vn -0.70833 -0.1249 0.69475
vn -0.70833 -0.1249 0.69475
vn -0.55098 -0.46233 0.69475
vn -0.55098 -0.46233 0.69475
vn -0.246 -0.67588 0.69475
vn -0.246 -0.67588 0.69475
vn 0.1249 -0.70833 0.69475
vn 0.46233 -0.55098 0.69475
vn 0.46233 -0.55098 0.69475
vn -0.87543 -0.40822 -0.25882
vn -0.64086 -0.29884 -0.70711
vn -0.23457 -0.10938 -0.96593
vn 0.23457 0.10938 -0.96592
vn 0.64085 0.29884 -0.70711
vn 0.87543 0.40822 -0.25882
vn 0.87543 0.40822 0.25882
vn 0.64085 0.29884 0.70711
vn 0.23457 0.10938 0.96592
vn 0.87543 0.40822 -0.25882
vn 0.87543 0.40822 0.25882
vn -0.23457 -0.10938 0.96593
vn -0.64086 -0.29884 0.70711
vn -0.87543 -0.40822 0.25882
vn 0.87543 0.40822 0.25882
vn 0.64086 0.29884 0.70711
vn 0.23457 0.10938 0.96592
vn -0.23457 -0.10938 0.96592
vn -0.64086 -0.29884 0.70711
vn -0.87543 -0.40822 -0.25882
vn -0.64086 -0.29884 -0.70711
vn -0.23457 -0.10938 -0.96592
vn 0.23457 0.10938 -0.96592
vn 0.64086 0.29884 -0.70711
vn 0.64086 0.29884 0.70711
vn -0.64086 -0.29884 0.70711
vn -0.87543 -0.40822 0.25882
vn 0.64086 0.29884 0.70711
vn 0.23457 0.10938 0.96593
vn -0.23457 -0.10938 0.96592
vn -0.64085 -0.29884 0.70711
vn -0.64085 -0.29884 -0.70711
vn -0.23457 -0.10938 -0.96592
vn -0.87543 -0.40822 0.25882
vn 0.23457 0.10938 -0.96593
vn 0.64086 0.29884 -0.70711
vn -0.87543 -0.40822 -0.25882
vn -0.64086 -0.29884 -0.70711
vn 0.64086 0.29884 -0.70711
vn 0.87543 0.40822 -0.25882
vn -0.23457 -0.10938 -0.96593
vn -0.87543 -0.40822 -0.25882
vn 0.23457 0.10938 0.96593
vn 0.87543 0.40822 0.25882
vn -0.87543 -0.40822 0.25882
vn -0.64086 -0.29884 0.70711
vn -0.23457 -0.10938 0.96593
vn 0.87543 0.40822 -0.25882
vn 0.23457 0.10938 -0.96593
vn -0.23457 -0.10938 -0.96593
vn -0.64086 -0.29884 -0.70711
vn -0.87543 -0.40822 -0.25882
vn -0.87543 -0.40822 0.25882
vn -0.23457 -0.10938 0.96593
vn 0.23457 0.10938 0.96593
vn 0.64086 0.29884 0.70711
vn 0.87543 0.40822 0.25882
vn 0.87543 0.40822 -0.25882
vn 0.64086 0.29884 -0.70711
vn 0.23457 0.10938 -0.96593
vn -0.87543 -0.40822 -0.25882
vn -0.64086 -0.29884 -0.70711
vn -0.23457 -0.10938 -0.96593
vn 0.23457 0.10938 -0.96593
vn 0.87543 0.40822 -0.25882
vn 0.87543 0.40822 0.25882
vn 0.23457 0.10938 0.96593
vn -0.23457 -0.10938 0.96593
vn -0.64086 -0.29884 0.70711
vn -0.87543 -0.40822 0.25882
vn 0.87543 0.40822 0.25882
vn 0.64086 0.29884 0.70711
vn 0.23457 0.10938 0.96593
vn -0.23457 -0.10938 0.96593
vn -0.87543 -0.40822 0.25882
vn 0.23457 0.10938 -0.96593
vn 0.64086 0.29884 -0.70711
vn 0.87543 0.40822 -0.25882
vn -0.87543 -0.40822 -0.25882
vn -0.23457 -0.10938 -0.96593
vn -0.17365 0.98481 0
vn 0.34202 0.93969 0
vn 0.76604 0.64279 0
vn 0.98481 0.17365 0
vn 0.93969 -0.34202 -0
vn 0.64279 -0.76604 -0
vn 0.17365 -0.98481 -0
vn -0.34202 -0.93969 -0
vn -0.76604 -0.64279 -0
vn -0.98481 -0.17365 -0
vn -0.93969 0.34202 0
vn -0.64279 0.76604 0
vn -0 -0 -1
vn -0 -0 -1
vn 0 0 1
vn 0 0 1
vn -0.83499 0.55026 0
vn 0.89977 0.43636 -0
vn 0.88926 0.45679 -0.02366
vn 0.82549 0.56441 -0
vn 0.74856 0.66307 -0
vn 0.71677 0.69624 -0.03864
vn 0.64247 0.76631 -0
vn 0.54176 0.84054 -0
vn 0.48208 0.87497 -0.04493
vn 0.41173 0.9113 -0
vn 0.29472 0.95558 -0
vn 0.20558 0.97772 -0.04254
vn 0.15042 0.98862 -0
vn 0.02953 0.99956 -0
vn -0.06901 0.99733 -0.02398
vn -0.09846 0.99514 0
vn -0.11834 0.99289 0.013
vn 0.41377 -0.91038 -0
vn 0.29757 -0.9547 -0
vn 0.20559 -0.97775 -0.04159
vn 0.15337 -0.98817 -0
vn -0.06903 -0.99761 0
vn 0.02938 -0.99422 -0.10326
vn -0.09846 -0.99514 0
vn -0.19709 -0.97824 0.06486
vn -0.11835 -0.99297 0
vn -0.26811 -0.96339 0
vn 0.54161 -0.83619 -0.0863
vn 0.48257 -0.87586 -0
vn 0.64361 -0.76535 -0
vn 0.71675 -0.69622 -0.03932
vn 0.74955 -0.66195 -0
vn 0.82591 -0.5638 -0
vn 0.88924 -0.45679 -0.02429
vn 0.9001 -0.43569 -0
vn -0.73744 -0.67541 -0.00307
vn -0.69554 -0.71847 0.00571
vn -0.71954 -0.69442 -0.00648
vn -0.40704 -0.91246 0.04157
vn -0.37596 -0.92663 0
vn -0.59527 -0.80353 0
vn -0.56135 -0.82683 -0.03522
vn -0.65824 -0.75278 0.00613
vn -0.82941 -0.55856 0.0091
vn -0.74461 -0.6675 0
vn -0.72356 -0.69027 0
vn -0.72001 0.69394 -0.00658
vn -0.75235 0.64849 0.11589
vn -0.82944 0.55858 -0.00281
vn -0.72177 0.69213 0.00039
vn -0.69568 0.71833 0.00597
vn -0.65824 0.75278 0.00613
vn -0.5778 0.81568 -0.02851
vn -0.59521 0.80345 -0.01378
vn -0.52565 0.8507 0
vn -0.4074 0.91325 0
vn -0.37577 0.92616 0.03204
vn -0.26811 0.96339 0
vn -0.21554 0.97649 0
vn -0.95641 0.29202 0
vn -1 -0 0
vn -0.97596 -0.21793 0
vn -0.95622 -0.29196 -0.02006
vn -0.9331 -0.35963 0
vn -0.83499 -0.55026 0
vn -0 1 -0
vn -0 1 -0
vn 0.83499 -0.55026 -0
vn 0.72001 0.69393 -0.00658
vn -0.54176 0.84054 0
vn -0.48208 0.87497 -0.04493
vn -0.64247 0.76631 0
vn -0.71677 0.69624 -0.03864
vn -0.74856 0.66307 0
vn -0.82549 0.56441 0
vn -0.88926 0.45679 -0.02366
vn -0.89977 0.43636 0
vn -0.41173 0.9113 0
vn -0.29472 0.95558 0
vn -0.20558 0.97772 -0.04254
vn -0.15042 0.98862 0
vn 0.06903 0.99761 -0
vn -0.02938 0.99422 -0.10326
vn 0.09846 0.99514 -0
vn 0.19709 0.97824 0.06486
vn 0.11835 0.99297 -0
vn 0.26811 0.96339 -0
vn 0.40705 0.91246 0.04157
vn 0.69568 0.71833 0.00597
vn 0.37596 0.92663 -0
vn 0.52565 0.8507 -0
vn 0.59521 0.80345 -0.01378
vn 0.5778 0.81568 -0.02851
vn 0.65824 0.75278 0.00613
vn 0.82941 0.55856 0.0091
vn 0.74461 0.6675 -0
vn 0.72356 0.69026 -0
vn 0.82944 -0.55858 -0.00281
vn 0.72177 -0.69213 0.00039
vn 0.73742 -0.67543 -0.00306
vn 0.69553 -0.71847 0.00571
vn 0.71955 -0.69441 -0.00648
vn 0.65824 -0.75278 0.00613
vn 0.59514 -0.80334 -0.02131
vn 0.5617 -0.82734 -0
vn 0.4074 -0.91325 -0
vn 0.37577 -0.92616 0.03204
vn 0.26811 -0.96339 -0
vn 0.21554 -0.97649 -0
vn 0.11834 -0.99289 0.013
vn 0.09846 -0.99514 -0
vn 0.06901 -0.99733 -0.02398
vn -0.89977 -0.43636 0
vn -0.88926 -0.45679 -0.02366
vn -0.71677 -0.69624 -0.03864
vn -0.74856 -0.66307 0
vn -0.82549 -0.56441 0
vn -0.48208 -0.87497 -0.04493
vn -0.54176 -0.84054 0
vn -0.64247 -0.76631 0
vn -0.02953 -0.99956 0
vn -0.15042 -0.98862 0
vn -0.20558 -0.97772 -0.04254
vn -0.29472 -0.95558 0
vn -0.41173 -0.9113 0
vn 0.75237 -0.64847 0.11587
vn 0.9331 -0.35963 -0
vn 0.95622 -0.29196 -0.02006
vn 0.97596 -0.21794 -0
vn 1 0 -0
vn 0.95641 0.29202 -0
vn 0.83499 0.55026 -0
vn 0 -1 0
vn 0 -1 0
vn -0.90243 0.43084 0
vn 0.82434 0.5661 -0
vn 0.07809 -0.99695 -0
vn 0.13076 -0.97278 -0.1913
vn 0.37041 -0.91638 -0.1518
vn 0.20791 -0.97815 -0
vn 0.52978 -0.84813 -0
vn 0.58728 -0.80833 -0.04127
vn 0.69454 -0.71945 -0
vn 0.76065 -0.64917 -0
vn 0.86591 -0.49993 -0.01641
vn 0.87899 -0.47683 -0
vn 0.77707 0.59963 -0.19131
vn 0.6084 0.77898 -0.1518
vn 0.74314 0.66913 -0
vn 0.46961 0.88287 -0
vn 0.40639 0.91277 -0.04127
vn 0.27579 0.96122 -0
vn 0.10453 0.99452 -0
vn 0.17567 0.9841 -0.02609
vn -0.10441 0.99336 0.04823
vn -0.02655 0.99965 0
vn -0.90783 0.37315 -0.19131
vn -0.97881 0.1374 -0.1518
vn -0.95106 0.30902 0
vn -0.9994 -0.03474 0
vn -0.99367 -0.10444 -0.04127
vn -0.97033 -0.24177 0
vn -0.94252 -0.33416 0
vn -0.86591 -0.49993 -0.01641
vn -0.85245 -0.52281 0
vn 0.22641 -0.97322 -0.03975
vn -0.20791 -0.97815 0
vn -0.58779 -0.80902 0
vn -0.95604 0.29053 -0.03975
vn -0.74314 0.66913 0
vn -0.40674 0.91355 0
vn 0.72963 0.68269 -0.03975
vn 0.95106 0.30902 -0
vn 0.99452 -0.10453 -0
vn -0.25882 -0.96593 0
vn -0.70711 -0.70711 0
vn -0.96593 -0.25882 0
vn -0.96593 0.25882 0
vn -0.70711 0.70711 0
vn -0.25882 0.96593 0
vn 0.25882 0.96593 -0
vn 0.70711 0.70711 -0
vn 0.96593 0.25882 -0
vn 0.96593 -0.25882 -0
vn 0.70711 -0.70711 -0
vn 0.25882 -0.96593 -0
vn -0.25882 -0.96593 0
vn -0.70711 -0.70711 0
vn -0.96593 -0.25882 0
vn -0.96593 0.25882 0
vn -0.70711 0.70711 0
vn 0.70711 0.70711 -0
vn 0.96593 0.25882 -0
vn 0.96593 -0.25882 -0
vn 0.70711 -0.70711 -0
vn 0.25882 -0.96593 -0
vn -0.25882 -0.96593 0
vn -0.96593 -0.25882 0
vn -0.96593 0.25882 0
vn -0.70711 0.70711 0
vn -0.25882 0.96593 0
vn 0.25882 0.96593 -0
vn 0.70711 0.70711 -0
vn 0.96593 0.25882 -0
vn 0.96593 -0.25882 -0
vn 0.25882 -0.96593 -0
vn -0.25882 -0.96593 0
vn -0.70711 -0.70711 0
vn -0.96593 -0.25882 0
vn -0.96593 0.25882 0
vn -0.25882 0.96593 0
vn 0.25882 0.96593 -0
vn 0.70711 0.70711 -0
vn 0.96593 0.25882 -0
vn 0.96593 -0.25882 -0
vn 0.70711 -0.70711 -0
vn 0.25882 -0.96593 -0
vn -0.96593 -0.25882 0
vn -0.96593 0.25882 0
vn 0.96593 0.25882 -0
vn 0.96593 -0.25882 -0
vn -0.25882 -0.96593 0
vn -0.70711 -0.7071 0
vn -0.96593 -0.25882 0
vn -0.96593 0.25882 0
vn -0.70711 0.7071 0
vn -0.25882 0.96593 0
vn 0.25882 0.96593 -0
vn 0.70711 0.70711 -0
vn 0.96593 0.25882 -0
vn 0.96593 -0.25882 -0
vn 0.70711 -0.70711 -0
vn 0.25882 -0.96593 -0
vn -0.70711 -0.70711 0
vn -0.70711 0.70711 0
vn -0.25882 0.96593 0
vn 0.25882 0.96592 -0
vn 0.70711 0.70711 -0
vn 0.25882 -0.96592 -0
vn -0.70711 0.70711 0
vn 0.25882 0.96593 -0
vn 0.25882 -0.96593 -0
vn -0.25882 -0.96593 0
vn -0.70711 -0.70711 0
vn -0.96593 -0.25881 0
vn -0.96593 0.25882 0
vn -0.70711 0.70711 0
vn -0.25882 0.96593 0
vn 0.25882 0.96593 -0
vn 0.70711 0.70711 -0
vn 0.96593 0.25882 -0
vn 0.96593 -0.25882 -0
vn 0.70711 -0.70711 -0
vn 0.25882 -0.96593 -0
vn -0.96593 -0.25882 0
vn -0.96593 0.25881 0
vn 0.96593 0.25882 -0
vn 0.96593 -0.25882 -0
vn 0.70711 -0.70711 -0
vn -0.70711 -0.70711 0
vn -0.70711 0.70711 0
vn -0.25882 0.96593 0
vn 0.25882 0.96593 -0
vn 0.70711 0.70711 -0
vn 0.70711 -0.70711 -0
vn -0.25882 -0.96593 0
vn -0.7071 -0.70711 0
vn -0.96593 -0.25881 0
vn -0.96593 0.25881 0
vn -0.7071 0.70711 0
vn -0.25882 0.96593 0
vn 0.25882 0.96593 -0
vn 0.70711 0.7071 -0
vn 0.96593 0.25881 -0
vn 0.96593 -0.25881 -0
vn 0.70711 -0.7071 -0
vn 0.25882 -0.96593 -0
vn -0.70711 -0.70711 0
vn -0.70711 0.70711 0
vn 0.70711 0.70711 -0
vn 0.70711 -0.70711 -0
vn -0.25882 -0.96593 0
vn -0.70711 -0.70711 0
vn 0.25882 0.96592 -0
vn 0.70711 -0.70711 -0
vn 0.25882 -0.96592 -0
vn -0.70711 -0.7071 0
vn -0.70711 0.7071 0
vn -0.87899 -0.47683 0
vn 0.02655 0.99965 -0
vn 0.85245 -0.52281 -0
vn 0.86602 -0.5 0.00358
vn 0.94127 0.33657 -0.02703
vn 0.96004 0.2751 -0.05148
vn 0.95074 0.30891 -0.02565
vn 0.99029 0.13901 -0
vn 0.99452 -0.10453 -0
vn 0.99749 -0.03467 -0.06166
vn 0.97127 -0.23797 -0.00116
vn -0 0.99999 0.00358
vn -0.76211 0.64688 -0.02703
vn -0.71826 0.69387 -0.05147
vn -0.7429 0.66891 -0.02565
vn -0.61553 0.78811 0
vn -0.40674 0.91355 0
vn -0.46872 0.88119 -0.06166
vn -0.27955 0.96013 -0.00116
vn -0.86602 -0.5 0.00358
vn -0.17916 -0.98345 -0.02703
vn -0.24178 -0.96897 -0.05148
vn -0.20784 -0.97783 -0.02565
vn -0.37476 -0.92712 0
vn -0.58778 -0.80902 0
vn -0.52877 -0.84652 -0.06166
vn -0.69173 -0.72216 -0.00116
vn -0.77264 -0.62491 -0.11184
vn -0.99452 -0.10453 0
vn -0.95106 0.30902 0
vn -0.82434 0.5661 0
vn -0.15486 0.98158 -0.11184
vn 0.40674 0.91355 -0
vn 0.74314 0.66913 -0
vn 0.90243 0.43085 -0
vn 0.92751 -0.35668 -0.11184
vn 0.58779 -0.80902 -0
vn 0.20791 -0.97815 -0
vn -0.07809 -0.99695 0
vn -0.70711 -0.70711 0
vn -0.70711 0.70711 0
vn -0.96593 -0.25882 0
vn 0.25882 -0.96593 -0
vn 0.25882 0.96593 -0
vn -0.96593 0.25882 0
vn -0.25882 0.96593 0
vn 0.96593 0.25882 -0
vn 0.96593 -0.25882 -0
vn -0.25882 -0.96593 0
vn -0.90631 -0.42262 0
vn -0.42262 0.90631 0
vn 0.90631 0.42262 -0
vn 0.42262 -0.90631 -0
vn -0.25882 -0.96593 0
vn -0.70711 -0.7071 0
vn -0.96593 -0.25882 0
vn -0.96593 0.25882 0
vn -0.70711 0.7071 0
vn -0.25882 0.96593 0
vn 0.25882 0.96593 -0
vn 0.70711 0.70711 -0
vn 0.96593 0.25881 -0
vn 0.96593 -0.25881 -0
vn 0.70711 -0.70711 -0
vn 0.25882 -0.96593 -0
vn -0.90631 -0.42262 0
vn -0.42262 0.90631 0
vn 0.90631 0.42262 -0
vn -0.90631 -0.42262 0
vn 0.90631 0.42262 -0
vn -0.25882 -0.96593 0
vn -0.70711 -0.70711 0
vn -0.96593 -0.25882 0
vn -0.96593 0.25882 0
vn -0.70711 0.70711 0
vn -0.25882 0.96593 0
vn 0.25882 0.96593 -0
vn 0.96593 0.25882 -0
vn 0.96593 -0.25882 -0
vn 0.70711 -0.70711 -0
vn 0.25882 -0.96593 -0
vn 0.74577 -0.66621 -0
vn 0.3573 -0.93399 -0
vn -0.11069 -0.99386 0
vn -0.55404 -0.83249 0
vn -0.87408 -0.48578 0
vn -0.99952 -0.03098 0
vn 0.66621 0.74577 -0
vn 0.93398 0.35733 -0
vn 0.99385 -0.1107 -0
vn 0.83248 -0.55406 -0
vn 0.48581 -0.87407 -0
vn 0.03098 -0.99952 -0
vn -0.74576 0.66621 0
vn -0.35731 0.93398 0
vn 0.11069 0.99385 -0
vn 0.55404 0.83249 -0
vn 0.87407 0.48581 -0
vn 0.99952 0.03098 -0
vn -0.66621 -0.74577 0
vn -0.93399 -0.3573 0
vn -0.99386 0.11067 0
vn -0.83248 0.55406 0
vn -0.48581 0.87407 0
vn -0.03097 0.99952 0
vn 0.93398 0.35731 -0
vn 0.99385 -0.1107 -0
vn 0.83249 -0.55404 -0
vn 0.48581 -0.87407 -0
vn 0.03098 -0.99952 -0
vn -0.74576 0.66621 0
vn -0.35731 0.93399 0
vn 0.11069 0.99385 -0
vn 0.55404 0.83249 -0
vn 0.87407 0.48579 -0
vn 0.99952 0.03098 -0
vn -0.66621 -0.74577 0
vn -0.99386 0.11068 0
vn -0.83249 0.55404 0
vn -0.4858 0.87407 0
vn -0.03097 0.99952 0
vn 0.74577 -0.6662 -0
vn 0.35731 -0.93399 -0
vn -0.11069 -0.99386 0
vn -0.55405 -0.83248 0
vn -0.87407 -0.48581 0
vn -0.99952 -0.03097 0
vn 0.74576 -0.66621 -0
vn -0.11069 -0.99386 0
vn -0.55405 -0.83248 0
vn -0.87407 -0.48581 0
vn -0.99952 -0.03097 0
vn 0.66621 0.74577 -0
vn 0.83249 -0.55404 -0
vn 0.4858 -0.87407 -0
vn 0.03098 -0.99952 -0
vn -0.74576 0.66621 0
vn -0.35731 0.93399 0
vn 0.11069 0.99386 -0
vn 0.55405 0.83248 -0
vn -0.66621 -0.74577 0
vn -0.93398 -0.35733 0
vn -0.99385 0.1107 0
vn -0.83248 0.55406 0
vn -0.48581 0.87407 0
vn -0.03098 0.99952 0
vn -0.91049 -0.41354 0
vn -0.75598 -0.6546 0
vn -0.75598 -0.6546 -0
vn -0.75598 -0.6546 -0
vn -0.75598 -0.6546 0
vn -0.75598 -0.6546 -0
vn -0.75598 -0.6546 -0
vn -0.75598 -0.6546 -0
vn 0.94488 -0.3274 -0
vn 0.94489 -0.3274 0
vn 0.94489 -0.3274 0
vn 0.94489 -0.3274 0
vn 0.94489 -0.3274 -0
vn 0.94489 -0.3274 -0
vn 0.94489 -0.3274 -0
vn 0.94489 -0.3274 -0
vn 0.94489 -0.3274 -0
vn 0.64279 0.76604 -0
vn 0.64279 0.76604 0
vn 0.64279 0.76604 -0
vn 0.64279 0.76604 0
vn 0.64279 0.76604 -0
vn 0.64279 0.76604 0
vn -0.42262 0.90631 0
vn -0.42262 0.90631 0
vn -0.42262 0.90631 0
vn -0.42262 0.90631 -0
vn -0.42262 0.90631 -0
vn -0.42262 0.90631 -0
vn -0.42262 0.90631 0
vn 0.97552 -0.21991 -0
vn 0.93176 -0.36309 -0
vn -0.64279 -0.76604 0
vn -0.64279 -0.76604 -0
vn -0.64279 -0.76604 0
vn 0.42262 -0.90631 -0
vn 0.42262 -0.90631 0
vn 0.42262 -0.90631 0
vn 0.42262 -0.90631 0
vn 0.42262 -0.90631 -0
vn 0.42261 -0.90631 -0
vn 0.42262 -0.90631 0
vn 0.42262 -0.90631 0
vn 0.42262 -0.90631 -0
vn 0.42262 -0.90631 -0
vn 0.42262 -0.90631 0
vn 0.42262 -0.90631 -0
vn -0.94489 0.3274 0
vn -0.94489 0.3274 -0
vn -0.94489 0.3274 0
vn -0.94489 0.3274 0
vn -0.94489 0.3274 0
vn -0.9344 0.35622 0
vn 0.75598 0.6546 -0
vn 0.99893 -0.04628 -0
vn 0.9623 0.27199 -0
vn -0.56233 0.82691 0
vn -0.79497 0.60665 0
vn 0.04628 0.99893 -0
vn -0.27199 0.9623 0
vn -0.82691 -0.56233 0
vn -0.60665 -0.79497 0
vn -0.99893 0.04627 0
vn -0.9623 -0.27199 0
vn 0.56234 -0.82691 -0
vn 0.79497 -0.60665 -0
vn 0.82691 0.56233 -0
vn 0.60665 0.79497 -0
vn -0.04628 -0.99893 0
vn 0.27198 -0.9623 -0
vn -0.99893 0.04627 0
vn -0.9623 -0.27199 0
vn 0.56234 -0.82691 -0
vn 0.79497 -0.60665 -0
vn 0.82691 0.56234 -0
vn 0.60665 0.79497 -0
vn 0.99893 -0.04628 -0
vn 0.9623 0.27199 -0
vn -0.56233 0.82691 0
vn 0.04628 0.99893 -0
vn -0.27198 0.9623 0
vn -0.82691 -0.56233 0
vn -0.60665 -0.79497 0
vn -0.04628 -0.99893 0
vn 0.27199 -0.9623 -0
vn 0.82691 0.56234 -0
vn 0.99893 -0.04628 -0
vn 0.9623 0.27199 -0
vn -0.79497 0.60665 0
vn -0.82691 -0.56233 0
vn -0.60665 -0.79497 0
vn -0.99893 0.04627 0
vn 0.56234 -0.82691 -0
vn 0.79497 -0.60665 -0
vn -0.04628 -0.99893 0
vn 0.27199 -0.9623 -0
vn -0.46702 -0.88425 0
vn -0.06145 -0.99811 0
vn 0.35502 -0.93486 -0
vn 0.7085 -0.70571 -0
vn 0.93625 -0.35134 -0
vn -0.80902 -0.58778 0
vn -0.99027 -0.13917 0
vn -0.93969 0.34202 0
vn -0.66913 0.74314 0
vn -0.24192 0.9703 0
vn 0.98117 -0.19312 -0
vn 0.95234 0.30504 -0
vn 0.68637 0.72725 -0
vn 0.2495 0.96838 -0
vn 0.67059 0.74183 -0
vn 0.21368 -0.9769 -0
vn 0.60201 -0.79849 -0
vn 0.88039 -0.47425 -0
vn 0.99799 -0.0634 -0
vn -0.61451 0.78891 0
vn -0.89687 0.44229 0
vn -0.99997 0.00727 0
vn -0.90321 -0.4292 0
vn -0.62592 -0.77988 0
vn -0.22353 -0.9747 0
vn -0.24474 0.96959 0
vn 0.13053 0.99144 -0
vn 0.48735 0.87321 -0
vn -0.85783 0.51393 0
vn -0.57992 0.81468 0
vn -0.20475 0.97881 0
vn 0.59923 0.80057 -0
vn 0.21173 0.97733 -0
vn -0.21418 0.97679 0
vn -0.60124 0.79907 0
vn -0.87924 0.47638 0
vn 0.22646 -0.97402 -0
vn 0.63293 -0.77421 -0
vn 0.90956 -0.41557 -0
vn 0.9996 0.02832 -0
vn 0.88458 0.46639 -0
vn -0.98117 0.19313 0
vn -0.95234 -0.30504 0
vn -0.68637 -0.72725 0
vn -0.2495 -0.96838 0
vn -0.2495 0.96838 0
vn -0.68637 0.72725 0
vn -0.95234 0.30504 0
vn -0.98117 -0.19313 0
vn 0.99544 -0.09536 -0
vn 0.92845 0.37146 -0
vn 0.65496 0.75567 -0
vn 0.2358 0.9718 -0
vn -0.5608 -0.82795 0
vn -0.07169 -0.99743 0
vn 0.43663 -0.89964 -0
vn 0.82795 -0.5608 -0
vn -0.84731 -0.5311 0
vn 0.20089 -0.97961 -0
vn -0.26275 -0.96486 0
vn -0.66985 -0.74249 0
vn -0.93281 -0.36036 0
vn -0.99506 0.09932 0
vn 0.22353 0.9747 -0
vn 0.62592 0.77988 -0
vn 0.90321 0.4292 -0
vn 0.99997 -0.00727 -0
vn 0.89687 -0.44229 -0
vn 0.61451 -0.78891 -0
vn -0.25881 0.96593 0
vn -0.70711 0.7071 0
vn -0.96592 0.25883 0
vn -0.96592 -0.25883 0
vn -0.70711 -0.7071 0
vn -0.25882 -0.96593 0
vn 0.25882 -0.96593 -0
vn 0.70711 -0.7071 -0
vn 0.96592 -0.25883 -0
vn 0.96592 0.25883 -0
vn 0.70711 0.7071 -0
vn 0.25882 0.96593 -0
vn -0.25882 0.96593 0
vn -0.70711 0.70711 0
vn -0.96593 0.25882 0
vn -0.96593 -0.25882 0
vn -0.70711 -0.7071 0
vn -0.25882 -0.96593 0
vn 0.25882 -0.96593 -0
vn 0.70711 -0.7071 -0
vn 0.96593 -0.25882 -0
vn 0.96593 0.25882 -0
vn 0.70711 0.70711 -0
vn 0.25882 0.96593 -0
vn 0.99836 -0.05733 -0
vn 0.99842 -0.05612 0.00012
vn 0.93887 0.34427 -0.00012
vn 0.9376 0.34772 0.00025
vn 0.72464 0.68913 -0.00025
vn 0.72039 0.69357 0.00037
vn 0.39094 0.92042 -0.00037
vn 0.38755 0.92185 -0
vn 0.08777 -0.99614 -0
vn 0.08485 -0.99639 -0.00035
vn 0.54495 -0.83847 0.00036
vn 0.54125 -0.84086 -0.00018
vn 0.87467 -0.48471 0.00018
vn 0.87397 -0.48599 -0
vn -0.8571 0.51515 0
vn -0.85786 0.51389 0.00018
vn -0.99861 0.05269 -0.00018
vn -0.99883 0.04831 0.00035
vn -0.90658 -0.42204 -0.00035
vn -0.90533 -0.4247 0
vn 0.60164 0.79877 -0
vn 0.60458 0.79655 -0.00037
vn 0.2345 0.97212 0.00038
vn 0.24046 0.97066 -0.00025
vn -0.17129 0.98522 0.00025
vn -0.16766 0.98585 -0.00013
vn -0.54885 0.83592 0.00012
vn -0.54783 0.83659 0
vn -0.90658 0.42204 0
vn -0.90533 0.4247 -0.00035
vn -0.99861 -0.05269 0.00036
vn -0.99883 -0.04831 -0.00018
vn -0.8571 -0.51515 0.00018
vn -0.85786 -0.51389 0
vn -0.54885 -0.83592 0
vn -0.54783 -0.83659 0.00012
vn -0.17129 -0.98522 -0.00012
vn -0.16766 -0.98585 0.00025
vn 0.2345 -0.97212 -0.00025
vn 0.24046 -0.97066 0.00037
vn 0.60164 -0.79877 -0.00037
vn 0.60458 -0.79655 -0
vn 0.87467 0.48471 -0
vn 0.87397 0.48599 0.00018
vn 0.54495 0.83847 -0.00018
vn 0.54125 0.84086 0.00035
vn 0.08777 0.99614 -0.00035
vn 0.08485 0.99639 -0
vn 0.39094 -0.92042 -0
vn 0.38755 -0.92185 -0.00037
vn 0.72464 -0.68913 0.00038
vn 0.72039 -0.69357 -0.00025
vn 0.93887 -0.34427 0.00025
vn 0.9376 -0.34772 -0.00013
vn 0.99836 0.05733 0.00012
vn 0.99842 0.05612 -0
vn -0.39094 0.92042 0
vn -0.38756 0.92185 -0.00037
vn -0.72463 0.68914 0.00038
vn -0.72039 0.69357 -0.00025
vn -0.93887 0.34427 0.00025
vn -0.9376 0.34772 -0.00013
vn -0.99835 -0.05735 0.00013
vn -0.99842 -0.05612 0
vn -0.87468 -0.4847 0
vn -0.87397 -0.48598 0.00018
vn -0.54495 -0.83847 -0.00018
vn -0.54126 -0.84086 0.00035
vn -0.08777 -0.99614 -0.00035
vn -0.08485 -0.99639 0
vn -0.99258 0.12163 0
vn -0.95913 -0.28298 0
vn -0.76758 -0.64095 0
vn -0.44952 -0.89327 0
vn -0.01758 -0.99985 0
vn -0.01611 -0.99987 0.00018
vn 0.45367 -0.89117 -0.00018
vn 0.45757 -0.88917 0.00035
vn 0.8188 -0.57408 -0.00035
vn 0.82048 -0.57168 -0
vn 0.8188 0.57408 -0
vn 0.82048 0.57168 -0.00036
vn 0.45367 0.89117 0.00036
vn 0.45757 0.88917 -0.00018
vn -0.01758 0.99985 0.00018
vn -0.01611 0.99987 0
vn -0.44952 0.89327 0
vn -0.76758 0.64095 0
vn -0.95913 0.28298 0
vn -0.99258 -0.12163 0
vn -0.8188 -0.57408 0
vn -0.82048 -0.57168 -0.00035
vn -0.45366 -0.89117 0.00036
vn -0.45758 -0.88917 -0.00018
vn 0.01758 -0.99985 0.00018
vn 0.01611 -0.99987 -0
vn 0.44951 -0.89327 -0
vn 0.76758 -0.64095 -0
vn 0.95913 -0.28298 -0
vn 0.99257 0.12164 -0
vn 0.01758 0.99985 -0
vn 0.01611 0.99987 0.00018
vn -0.45366 0.89117 -0.00018
vn -0.45758 0.88917 0.00035
vn -0.8188 0.57408 -0.00035
vn -0.82048 0.57168 0
vn -0.08777 0.99614 0
vn -0.08485 0.99639 -0.00035
vn -0.54495 0.83847 0.00036
vn -0.54126 0.84086 -0.00018
vn -0.87468 0.4847 0.00018
vn -0.87397 0.48598 0
vn 0.99257 -0.12164 -0
vn 0.95913 0.28298 -0
vn 0.76758 0.64095 -0
vn 0.44951 0.89327 -0
vn 0.54884 0.83593 -0
vn 0.54782 0.8366 0.00012
vn 0.17129 0.98522 -0.00012
vn 0.16766 0.98584 0.00025
vn -0.2345 0.97212 -0.00025
vn -0.24045 0.97066 0.00037
vn -0.60163 0.79878 -0.00037
vn -0.60456 0.79656 0
vn 0.90657 -0.42206 -0
vn 0.90533 -0.42472 -0.00035
vn 0.99861 0.05271 0.00036
vn 0.99883 0.04831 -0.00018
vn 0.8571 0.51514 0.00018
vn 0.85786 0.51389 -0
vn 0.8571 -0.51514 -0
vn 0.85786 -0.51389 0.00018
vn 0.99861 -0.05271 -0.00018
vn 0.99883 -0.04831 0.00035
vn 0.90657 0.42206 -0.00035
vn 0.90533 0.42472 -0
vn -0.60163 -0.79878 0
vn -0.60456 -0.79656 -0.00037
vn -0.2345 -0.97212 0.00038
vn -0.24045 -0.97066 -0.00025
vn 0.17129 -0.98522 0.00025
vn 0.16766 -0.98584 -0.00013
vn 0.54884 -0.83593 0.00013
vn 0.54782 -0.8366 -0
vn -0.99835 0.05735 0
vn -0.99842 0.05612 0.00012
vn -0.93887 -0.34427 -0.00012
vn -0.9376 -0.34772 0.00025
vn -0.72463 -0.68914 -0.00025
vn -0.72039 -0.69357 0.00037
vn -0.39094 -0.92042 -0.00037
vn -0.38756 -0.92185 0
vn 0.06087 0.71483 -0.69664
vn 0.4734 0.4531 -0.75538
vn 0.38852 0.60358 -0.69624
vn 0.38851 0.60357 -0.69625
vn 0.62734 0.34884 -0.69625
vn 0.62734 0.34884 -0.69625
vn 0.68301 0.18301 -0.70711
vn 0.68301 0.18301 -0.70711
vn 0.71347 0.0401 -0.69954
vn 0.32735 -0.77865 -0.5353
vn 0.48181 -0.46388 -0.74342
vn 0.61581 -0.41968 -0.66682
vn 0.67208 -0.14352 -0.72644
vn 0.67001 -0.24848 -0.69954
vn 0.71347 0.0401 -0.69954
vn -0.20333 -0.62787 -0.75129
vn 0.43181 -0.56892 -0.69991
vn 0.17182 -0.69363 -0.69954
vn 0.17183 -0.69363 -0.69954
vn -0.11981 -0.70448 -0.69954
vn -0.11981 -0.70448 -0.69954
vn -0.39147 -0.59783 -0.69954
vn -0.39148 -0.59782 -0.69954
vn -0.5 -0.5 -0.70711
vn -0.5 -0.5 -0.70711
vn -0.6291 -0.18343 -0.75537
vn -0.64948 0.30468 -0.69667
vn -0.71693 -0.03467 -0.69628
vn -0.71696 -0.03469 -0.69625
vn -0.61577 -0.36887 -0.69625
vn -0.61577 -0.36886 -0.69625
vn -0.64948 -0.30468 -0.69667
vn -0.6291 0.18343 -0.75537
vn -0.71693 0.03467 -0.69628
vn -0.71696 0.03469 -0.69625
vn -0.61577 0.36886 -0.69625
vn -0.61577 0.36887 -0.69625
vn -0.5 0.5 -0.70711
vn -0.5 0.5 -0.70711
vn -0.20333 0.62787 -0.75129
vn 0.37717 0.49693 -0.78154
vn 0.20972 0.84658 -0.48921
vn 0.20088 0.68919 -0.69618
vn -0.11981 0.70448 -0.69954
vn -0.11981 0.70448 -0.69954
vn -0.39148 0.59782 -0.69954
vn -0.39146 0.59783 -0.69954
vn 0.32735 0.77865 -0.5353
vn 0.48181 0.46388 -0.74342
vn 0.61581 0.41968 -0.66682
vn 0.67208 0.14352 -0.72644
vn 0.67001 0.24848 -0.69954
vn 0.71347 -0.0401 -0.69954
vn 0.71347 -0.0401 -0.69954
vn 0.68301 -0.18301 -0.70711
vn 0.68301 -0.18301 -0.70711
vn 0.4734 -0.4531 -0.75538
vn 0.06087 -0.71483 -0.69664
vn 0.38852 -0.60358 -0.69624
vn 0.38851 -0.60357 -0.69625
vn 0.62734 -0.34884 -0.69625
vn 0.62734 -0.34884 -0.69625
vn 0.58863 -0.41014 -0.69663
vn 0.15568 -0.63652 -0.75538
vn 0.32845 -0.63825 -0.69625
vn 0.32845 -0.63825 -0.69625
vn -0.01156 -0.71771 -0.69625
vn -0.01156 -0.71771 -0.69625
vn -0.18301 -0.68301 -0.70711
vn -0.18301 -0.68301 -0.70711
vn -0.32118 -0.63825 -0.69963
vn -0.32118 -0.63825 -0.69963
vn -0.54844 -0.45796 -0.69963
vn -0.54844 -0.45797 -0.69963
vn -0.6853 -0.20219 -0.69963
vn -0.7092 0.08691 -0.69963
vn -0.7092 0.08691 -0.69963
vn -0.02669 0.90331 -0.42816
vn -0.0836 0.54945 -0.83133
vn -0.12929 0.69582 -0.70649
vn -0.63873 0.30976 -0.70432
vn -0.63873 0.30976 -0.70432
vn -0.54206 0.45836 -0.70432
vn -0.55796 0.49424 -0.66664
vn -0.58379 0.39915 -0.70701
vn -0.2032 0.67771 -0.70669
vn -0.20718 0.67175 -0.71122
vn -0.28906 0.65343 -0.69963
vn -0.29149 0.64516 -0.70627
vn -0.41159 0.57838 -0.70432
vn -0.42385 0.65761 -0.62282
vn -0.45453 0.54215 -0.70673
vn 0.15568 0.63652 -0.75538
vn 0.58863 0.41014 -0.69663
vn 0.32845 0.63825 -0.69625
vn 0.32845 0.63825 -0.69625
vn -0.01156 0.71771 -0.69625
vn -0.01156 0.71771 -0.69625
vn -0.18301 0.68301 -0.70711
vn -0.18301 0.68301 -0.70711
vn -0.7092 -0.08691 -0.69963
vn -0.7092 -0.08691 -0.69963
vn -0.6853 0.20219 -0.69963
vn -0.54844 0.45796 -0.69963
vn -0.54844 0.45796 -0.69963
vn -0.32118 0.63825 -0.69963
vn -0.32118 0.63825 -0.69963
vn -0.02669 -0.90331 -0.42816
vn -0.0836 -0.54945 -0.83133
vn -0.12929 -0.69582 -0.70649
vn -0.20856 -0.67623 -0.70655
vn -0.20458 -0.67225 -0.7115
vn -0.29458 -0.652 -0.69865
vn -0.28649 -0.64761 -0.70606
vn -0.38368 -0.59528 -0.706
vn -0.43696 -0.61403 -0.6573
vn -0.45453 -0.54215 -0.70673
vn -0.53069 -0.47009 -0.70525
vn -0.56341 -0.47642 -0.67498
vn -0.58379 -0.39915 -0.70701
vn -0.63873 -0.30976 -0.70432
vn -0.63873 -0.30976 -0.70432
vn -0.06087 -0.71483 -0.69664
vn -0.47341 -0.45309 -0.75538
vn -0.38851 -0.60357 -0.69625
vn -0.38852 -0.60357 -0.69625
vn -0.62734 -0.34884 -0.69625
vn -0.62734 -0.34884 -0.69625
vn -0.68301 -0.18301 -0.70711
vn -0.68301 -0.18301 -0.70711
vn -0.71347 -0.04011 -0.69954
vn -0.32735 0.77865 -0.5353
vn -0.48181 0.46387 -0.74342
vn -0.61581 0.41968 -0.66682
vn -0.67208 0.14354 -0.72644
vn -0.67 0.24848 -0.69954
vn -0.71347 -0.04011 -0.69954
vn 0.20333 0.62787 -0.75129
vn -0.4318 0.56893 -0.6999
vn -0.17182 0.69363 -0.69954
vn -0.17183 0.69363 -0.69954
vn 0.11981 0.70448 -0.69954
vn 0.11981 0.70448 -0.69954
vn 0.39147 0.59783 -0.69954
vn 0.39147 0.59783 -0.69954
vn 0.5 0.5 -0.70711
vn 0.5 0.5 -0.70711
vn 0.61577 0.36887 -0.69625
vn 0.60715 -0.28483 -0.74178
vn 0.74501 -0.05325 -0.66492
vn 0.64149 0.18705 -0.74398
vn 0.71696 0.03468 -0.69625
vn 0.61577 0.36887 -0.69625
vn 0.01156 -0.71771 -0.69625
vn -0.55025 -0.38339 -0.74178
vn -0.41862 -0.61857 -0.66492
vn -0.15875 -0.64907 -0.74398
vn -0.32845 -0.63825 -0.69625
vn 0.18301 -0.68301 -0.70711
vn 0.7092 0.08691 -0.69963
vn 0.7092 0.08691 -0.69963
vn 0.6853 -0.20219 -0.69963
vn 0.6853 -0.20219 -0.69963
vn 0.54844 -0.45796 -0.69963
vn 0.54844 -0.45796 -0.69963
vn 0.32118 -0.63825 -0.69963
vn 0.32118 -0.63825 -0.69963
vn 0.02669 0.90331 -0.42816
vn 0.0836 0.54945 -0.83133
vn 0.12929 0.69582 -0.70649
vn 0.20856 0.67623 -0.70655
vn 0.20458 0.67225 -0.7115
vn 0.29458 0.652 -0.69866
vn 0.28649 0.64761 -0.70606
vn 0.38368 0.59528 -0.706
vn 0.43696 0.61403 -0.6573
vn 0.45453 0.54215 -0.70673
vn 0.53069 0.47009 -0.70525
vn 0.56341 0.47642 -0.67498
vn 0.58379 0.39915 -0.70701
vn 0.63873 0.30976 -0.70432
vn 0.63873 0.30976 -0.70432
vn -0.58863 0.41013 -0.69664
vn -0.15569 0.63653 -0.75538
vn -0.32845 0.63825 -0.69625
vn -0.32845 0.63825 -0.69625
vn 0.01156 0.71771 -0.69625
vn 0.18301 0.68301 -0.70711
vn 0.18301 0.68301 -0.70711
vn 0.32118 0.63825 -0.69963
vn 0.32118 0.63825 -0.69963
vn 0.54844 0.45796 -0.69963
vn 0.54844 0.45796 -0.69963
vn 0.6853 0.20219 -0.69963
vn 0.6853 0.20219 -0.69963
vn 0.7092 -0.08691 -0.69963
vn 0.7092 -0.08691 -0.69963
vn 0.02681 -0.90743 -0.41935
vn 0.08485 -0.54668 -0.83303
vn 0.13248 -0.69525 -0.70646
vn 0.63893 -0.30927 -0.70436
vn 0.63893 -0.30927 -0.70436
vn 0.54306 -0.45713 -0.70436
vn 0.55939 -0.49402 -0.66561
vn 0.58409 -0.39872 -0.70701
vn 0.20521 -0.67706 -0.70674
vn 0.20926 -0.67135 -0.71099
vn 0.29063 -0.65302 -0.69936
vn 0.29295 -0.64455 -0.70621
vn 0.41373 -0.57681 -0.70436
vn 0.42638 -0.65829 -0.62036
vn 0.45536 -0.54149 -0.70671
vn -0.32735 -0.77865 -0.5353
vn -0.48181 -0.46387 -0.74342
vn -0.61581 -0.41968 -0.66682
vn -0.67208 -0.14354 -0.72644
vn -0.67 -0.24848 -0.69954
vn -0.71347 0.04011 -0.69954
vn -0.71347 0.04011 -0.69954
vn -0.68301 0.18301 -0.70711
vn -0.68301 0.18301 -0.70711
vn -0.62734 0.34884 -0.69625
vn -0.0569 0.66822 -0.74178
vn -0.32639 0.67182 -0.66492
vn -0.48274 0.46202 -0.74398
vn -0.38852 0.60357 -0.69625
vn -0.62734 0.34884 -0.69625
vn 0.6495 0.3047 -0.69664
vn 0.62909 -0.18343 -0.75538
vn 0.71696 -0.03468 -0.69625
vn 0.71696 -0.03468 -0.69625
vn 0.61577 -0.36887 -0.69625
vn 0.61577 -0.36887 -0.69625
vn 0.5 -0.5 -0.70711
vn 0.5 -0.5 -0.70711
vn 0.20333 -0.62787 -0.75129
vn -0.37715 -0.49692 -0.78156
vn -0.20971 -0.84656 -0.48924
vn -0.20088 -0.68919 -0.69618
vn 0.11981 -0.70448 -0.69954
vn 0.11981 -0.70448 -0.69954
vn 0.39147 -0.59783 -0.69954
vn 0.39147 -0.59783 -0.69954
vn -0 -0 1
vn 0 0 -1
vn 0.25882 -0.96593 -0
vn 0.70711 -0.7071 -0
vn 0.96592 -0.25882 -0
vn 0.96592 0.25882 0
vn 0.70711 0.7071 0
vn 0.25882 0.96593 0
vn -0.25882 0.96593 0
vn -0.70711 0.70711 0
vn -0.96593 0.25881 0
vn -0.96593 -0.25881 -0
vn -0.70711 -0.70711 -0
vn -0.25882 -0.96593 -0
vn 0.25882 -0.96593 -0
vn 0.70711 -0.70711 -0
vn 0.96593 -0.25882 -0
vn 0.96593 0.25882 0
vn 0.70711 0.70711 0
vn 0.25882 0.96593 0
vn -0.25882 0.96593 0
vn -0.70711 0.70711 0
vn -0.96593 0.25882 0
vn -0.96593 -0.25882 -0
vn -0.70711 -0.70711 -0
vn -0.25882 -0.96593 -0
vn -0 1 0
vn 0 -1 -0
vn -0.17365 0.98481 0
vn -0.5 0.86603 0
vn -0.76605 0.64279 0
vn -0.93969 0.34202 0
vn -1 -0 -0
vn -0.93969 -0.34202 -0
vn -0.76605 -0.64279 -0
vn -0.5 -0.86603 -0
vn -0.17365 -0.98481 -0
vn 0.17365 -0.98481 -0
vn 0.5 -0.86603 -0
vn 0.76604 -0.64279 -0
vn 0.93969 -0.34202 -0
vn 1 0 0
vn 0.93969 0.34202 0
vn 0.76604 0.64279 0
vn 0.5 0.86603 0
vn 0.17365 0.98481 0
vn -0.17365 0.98481 0
vn -0.5 0.86603 0
vn -0.76604 0.64279 0
vn -0.93969 0.34202 0
vn -0.93969 -0.34202 -0
vn -0.76604 -0.64279 -0
vn -0.5 -0.86603 -0
vn -0.17365 -0.98481 -0
vn 0.17365 -0.98481 -0
vn 0.5 -0.86603 -0
vn 0.76604 -0.64279 -0
vn 0.93969 -0.34202 -0
vn 0.93969 0.34202 0
vn 0.76604 0.64279 0
vn 0.5 0.86603 0
vn 0.17365 0.98481 0
vn -0.17365 0.98481 0
vn -0.5 0.86603 0
vn -0.76604 0.64279 0
vn -0.93969 0.34202 0
vn -0.93969 -0.34202 -0
vn -0.76604 -0.64279 -0
vn -0.5 -0.86603 -0
vn -0.17365 -0.98481 -0
vn 0.17365 -0.98481 -0
vn 0.5 -0.86603 -0
vn 0.76604 -0.64279 -0
vn 0.93969 -0.34202 -0
vn 0.93969 0.34202 0
vn 0.76604 0.64279 0
vn 0.5 0.86603 0
vn 0.17365 0.98481 0
vn -0.42293 0.89297 -0.15409
vn 0.95106 0.30902 0
vn 0.74314 0.66913 0
vn 0.40674 0.91355 0
vn -0.23078 0.97301 0
vn 0.97774 -0.07304 -0.1967
vn 0.99452 -0.10453 -0
vn -0.40674 0.91355 0
vn -0.74314 0.66913 0
vn -0.95106 0.30902 0
vn -0.99452 -0.10453 -0
vn -0.86603 -0.5 -0
vn -0.58779 -0.80902 -0
vn -0.20791 -0.97815 -0
vn 0.20791 -0.97815 -0
vn 0.58779 -0.80902 -0
vn 0.86603 -0.5 -0
vn 0.95994 -0.2802 -0
vn -0.5 0.86603 0
vn -0.76604 0.64279 0
vn -0.93969 0.34202 0
vn -0.93969 -0.34202 -0
vn -0.76604 -0.64279 -0
vn -0.5 -0.86603 -0
vn 0.5 -0.86602 -0
vn 0.76604 -0.64279 -0
vn 0.93969 -0.34202 -0
vn 0.93969 0.34202 0
vn 0.76604 0.64279 0
vn 0.5 0.86602 0
vn -0.42293 0.89297 -0.15409
vn -0.23078 0.97301 0
vn -0.10453 0.99452 0
vn 0.10453 0.99452 0
vn 0.95106 0.30902 0
vn 0.74314 0.66913 0
vn 0.40674 0.91355 0
vn 0.97774 -0.07304 -0.1967
vn 0.99452 -0.10453 -0
vn -0.40674 0.91355 0
vn -0.74314 0.66913 0
vn -0.95106 0.30902 0
vn -0.99452 -0.10453 -0
vn -0.86602 -0.5 -0
vn -0.58779 -0.80902 -0
vn -0.20791 -0.97815 -0
vn 0.20791 -0.97815 -0
vn 0.58778 -0.80902 -0
vn 0.86602 -0.5 -0
vn 0.95994 -0.28019 -0
vn -0.19167 0.98146 0
vn -0.02623 0.953 0.30184
vn -0.16459 0.98636 0
vn 0.16459 0.98636 -0
vn 0.16459 0.98636 0
vn 0.47595 0.87947 0
vn 0.73572 0.67728 0
vn 0.91577 0.4017 0
vn 0.99658 0.08258 0
vn 0.9694 -0.24549 -0
vn 0.83717 -0.54695 -0
vn 0.5649 -0.81536 0.12678
vn 0.69703 -0.71705 -0
vn 0.61421 -0.78914 -0
vn 0.3247 -0.94582 -0
vn 0.08258 -0.99658 -0
vn 0.0551 -0.99797 -0.03179
vn -0.08256 -0.99636 0.02123
vn -0.47595 0.87947 0
vn -0.73572 0.67728 0
vn -0.85822 0.51328 0
vn -0.89075 0.45432 0.01247
vn -0.90866 0.41676 0.02551
vn -0.92466 0.37856 0.04113
vn -0.9154 0.40153 0.02863
vn -0.95397 0.29989 0
vn -0.98359 0.18039 0
vn -0.99435 0.10333 0.02415
vn -0.99757 0.05608 0.04125
vn -0.99622 0.08255 0.02723
vn -0.99951 -0.03135 -0
vn -0.99287 -0.11919 -0
vn -0.96917 -0.24543 0.022
vn -0.9749 -0.2194 0.03791
vn -0.95145 -0.30762 0.01101
vn -0.93008 -0.36735 -0
vn -0.83717 -0.54695 -0
vn -0.61421 -0.78914 -0
vn -0.3247 -0.94582 -0
vn -0.10996 -0.99394 -0
vn 0.16426 0.98435 0.06376
vn -0.04721 -0.99294 0.10879
vn -0.3247 -0.94582 -0
vn -0.61421 -0.78914 -0
vn -0.83717 -0.54695 -0
vn -0.9694 -0.24549 -0
vn -0.99658 0.08258 0
vn -0.91577 0.40169 0
vn -0.73572 0.67728 0
vn -0.47595 0.87947 0
vn -0.16459 0.98636 0
vn 0.03515 0.99938 0
vn 0.93008 -0.36736 -0
vn 0.83717 -0.54695 -0
vn 0.61421 -0.78914 -0
vn 0.3247 -0.94582 -0
vn 0.11756 -0.99307 -0
vn 0.95145 -0.30761 0.01101
vn 0.9749 -0.2194 0.03791
vn 0.96917 -0.24543 0.02201
vn 0.99287 -0.11918 -0
vn 0.99951 -0.03136 -0
vn 0.99622 0.08255 0.02723
vn 0.99757 0.05607 0.04126
vn 0.99435 0.10335 0.02415
vn 0.98359 0.18039 0
vn 0.95397 0.29989 0
vn 0.9154 0.40153 0.02863
vn 0.92466 0.37856 0.04113
vn 0.90866 0.41676 0.02551
vn 0.89075 0.45432 0.01247
vn 0.85822 0.51328 0
vn 0.73572 0.67728 0
vn 0.47595 0.87947 0
vn 0.19917 0.97997 0
vn -0.25882 -0.96593 -0
vn -0.7071 -0.70711 -0
vn -0.96593 -0.2588 -0
vn -0.96593 0.2588 0
vn -0.7071 0.70711 0
vn -0.25882 0.96593 0
vn 0.25882 0.96592 0
vn 0.7071 0.70711 0
vn 0.96592 0.25883 0
vn 0.96592 -0.25883 -0
vn 0.7071 -0.70711 -0
vn 0.25882 -0.96592 -0
vn -0.50858 -0.50859 -0.69475
vn -0.5086 -0.50859 -0.69474
vn -0.69477 -0.18614 -0.69473
vn -0.69473 -0.18616 -0.69476
vn -0.69474 0.18614 -0.69476
vn -0.69476 0.18617 -0.69473
vn -0.50859 0.5086 -0.69474
vn -0.50859 0.50858 -0.69475
vn -0.18615 0.69475 -0.69475
vn -0.18615 0.69475 -0.69475
vn 0.18616 0.69475 -0.69475
vn 0.18616 0.69474 -0.69475
vn 0.50858 0.50859 -0.69475
vn 0.50858 0.50859 -0.69475
vn 0.69473 0.18616 -0.69476
vn 0.69476 0.18615 -0.69474
vn 0.69476 -0.18617 -0.69473
vn 0.69474 -0.18614 -0.69476
vn 0.50858 -0.50859 -0.69475
vn 0.50858 -0.50859 -0.69475
vn 0.18616 -0.69474 -0.69475
vn 0.18616 -0.69475 -0.69475
vn -0.18615 -0.69475 -0.69475
vn -0.18615 -0.69475 -0.69475
vn -0.25882 -0.96593 -0
vn -0.70711 -0.70711 -0
vn -0.96593 -0.25882 -0
vn -0.96593 0.25882 0
vn -0.70711 0.70711 0
vn -0.25882 0.96593 0
vn 0.25882 0.96593 0
vn 0.70711 0.70711 0
vn 0.96593 0.25882 0
vn 0.96593 -0.25882 -0
vn 0.70711 -0.70711 -0
vn 0.25882 -0.96593 -0
vn -0.50859 -0.50859 -0.69475
vn -0.50859 -0.50859 -0.69475
vn -0.69475 -0.18616 -0.69475
vn -0.69475 -0.18616 -0.69475
vn -0.69475 0.18616 -0.69475
vn -0.69475 0.18616 -0.69475
vn -0.50859 0.50859 -0.69475
vn -0.50859 0.50859 -0.69475
vn -0.18616 0.69475 -0.69475
vn -0.18616 0.69475 -0.69475
vn 0.18616 0.69475 -0.69475
vn 0.18616 0.69475 -0.69475
vn 0.50859 0.50859 -0.69475
vn 0.50859 0.50859 -0.69475
vn 0.69475 0.18616 -0.69475
vn 0.69475 0.18616 -0.69475
vn 0.69475 -0.18616 -0.69475
vn 0.69475 -0.18616 -0.69475
vn 0.50859 -0.50859 -0.69475
vn 0.50859 -0.50859 -0.69475
vn 0.18616 -0.69475 -0.69475
vn 0.18616 -0.69475 -0.69475
vn -0.18616 -0.69475 -0.69475
vn -0.18616 -0.69475 -0.69475
vn -0.7071 -0.70711 -0
vn -0.96593 -0.2588 -0
vn -0.96593 0.2588 0
vn -0.7071 0.70711 0
vn 0.7071 0.70711 0
vn 0.96592 0.25883 0
vn 0.96592 -0.25883 -0
vn 0.7071 -0.70711 -0
vn -0.50858 -0.50859 -0.69475
vn -0.5086 -0.50859 -0.69474
vn -0.69477 -0.18614 -0.69473
vn -0.69474 0.18614 -0.69476
vn -0.69476 0.18617 -0.69473
vn -0.50859 0.5086 -0.69474
vn 0.50858 0.50859 -0.69475
vn 0.50858 0.50859 -0.69475
vn 0.69473 0.18616 -0.69476
vn 0.69476 -0.18617 -0.69473
vn 0.69474 -0.18614 -0.69476
vn 0.50858 -0.50859 -0.69475
vn -0.70711 -0.70711 -0
vn -0.96593 -0.25882 -0
vn -0.96593 0.25882 0
vn -0.70711 0.70711 0
vn 0.70711 0.70711 0
vn 0.96593 0.25882 0
vn 0.96593 -0.25882 -0
vn 0.70711 -0.70711 -0
vn -0.50859 -0.50859 -0.69475
vn -0.50859 -0.50859 -0.69475
vn -0.69475 -0.18616 -0.69475
vn -0.69475 0.18616 -0.69475
vn -0.69475 0.18616 -0.69475
vn -0.50859 0.50859 -0.69475
vn 0.50859 0.50859 -0.69475
vn 0.50859 0.50859 -0.69475
vn 0.69475 0.18616 -0.69475
vn 0.69475 -0.18616 -0.69475
vn 0.69475 -0.18616 -0.69475
vn 0.50859 -0.50859 -0.69475
vn -0.25882 -0.96592 -0
vn -0.7071 -0.70711 -0
vn -0.96592 -0.25883 -0
vn -0.96592 0.25883 0
vn -0.7071 0.70711 0
vn -0.25882 0.96592 0
vn 0.25881 0.96593 0
vn 0.7071 0.70711 0
vn 0.96592 0.25883 0
vn 0.96592 -0.25883 -0
vn 0.7071 -0.70711 -0
vn 0.25881 -0.96593 -0
vn -0.50858 -0.50859 -0.69475
vn -0.5086 -0.50859 -0.69474
vn -0.69476 -0.18617 -0.69473
vn -0.69476 -0.18617 -0.69473
vn -0.69476 0.18617 -0.69473
vn -0.69476 0.18617 -0.69473
vn -0.50859 0.5086 -0.69474
vn -0.50859 0.50858 -0.69475
vn -0.18616 0.69474 -0.69475
vn -0.18616 0.69475 -0.69475
vn 0.18615 0.69475 -0.69475
vn 0.18615 0.69475 -0.69475
vn 0.50858 0.50859 -0.69475
vn 0.5086 0.50859 -0.69474
vn 0.69476 0.18617 -0.69473
vn 0.69476 0.18617 -0.69473
vn 0.69476 -0.18617 -0.69473
vn 0.69476 -0.18617 -0.69473
vn 0.50859 -0.5086 -0.69474
vn 0.50859 -0.50858 -0.69475
vn 0.18615 -0.69475 -0.69475
vn 0.18615 -0.69475 -0.69475
vn -0.18616 -0.69475 -0.69475
vn -0.18616 -0.69474 -0.69475
vn -0.25882 -0.96593 -0
vn -0.96593 -0.25881 -0
vn -0.96593 0.25881 0
vn -0.25882 0.96593 0
vn 0.25882 0.96593 0
vn 0.70711 0.7071 0
vn 0.70711 -0.7071 -0
vn 0.25882 -0.96593 -0
vn -0.50859 -0.50859 -0.69475
vn -0.69475 -0.18615 -0.69474
vn -0.69473 -0.18616 -0.69476
vn -0.69474 0.18615 -0.69476
vn -0.69475 0.18616 -0.69475
vn -0.50859 0.50859 -0.69475
vn -0.50859 0.50859 -0.69475
vn -0.18616 0.69475 -0.69475
vn -0.18616 0.69475 -0.69475
vn 0.18616 0.69475 -0.69475
vn 0.18616 0.69475 -0.69475
vn 0.5086 0.50859 -0.69474
vn 0.50858 0.50859 -0.69475
vn 0.69473 0.18616 -0.69476
vn 0.69475 0.18615 -0.69475
vn 0.69475 -0.18616 -0.69475
vn 0.69474 -0.18615 -0.69476
vn 0.50859 -0.50858 -0.69476
vn 0.50859 -0.5086 -0.69474
vn 0.18616 -0.69475 -0.69475
vn 0.18616 -0.69475 -0.69475
vn -0.18616 -0.69475 -0.69475
vn -0.18616 -0.69475 -0.69475
vn -0.25882 -0.96593 -0
vn -0.70711 -0.70711 -0
vn -0.96593 -0.25882 -0
vn -0.96593 0.25882 0
vn -0.70711 0.70711 0
vn -0.25882 0.96593 0
vn 0.25882 0.96593 0
vn 0.70711 0.70711 0
vn 0.96593 0.25882 0
vn 0.96593 -0.25882 -0
vn 0.70711 -0.70711 -0
vn 0.25882 -0.96593 -0
vn -0.50859 -0.50859 -0.69475
vn -0.50859 -0.50859 -0.69475
vn -0.69475 -0.18616 -0.69475
vn -0.69475 -0.18616 -0.69475
vn -0.69475 0.18616 -0.69475
vn -0.69475 0.18616 -0.69475
vn -0.50859 0.50859 -0.69475
vn -0.50859 0.50859 -0.69475
vn -0.18616 0.69475 -0.69475
vn -0.18616 0.69475 -0.69475
vn 0.18616 0.69475 -0.69475
vn 0.18616 0.69475 -0.69475
vn 0.50859 0.50859 -0.69475
vn 0.50859 0.50859 -0.69475
vn 0.69475 0.18616 -0.69475
vn 0.69475 0.18616 -0.69475
vn 0.69475 -0.18616 -0.69475
vn 0.69475 -0.18616 -0.69475
vn 0.50859 -0.50859 -0.69475
vn 0.50859 -0.50859 -0.69475
vn 0.18616 -0.69475 -0.69475
vn 0.18616 -0.69475 -0.69475
vn -0.18616 -0.69475 -0.69475
vn -0.18616 -0.69475 -0.69475
vn -0.25882 -0.96593 -0
vn -0.70711 -0.70711 -0
vn -0.70711 0.70711 0
vn -0.25882 0.96593 0
vn 0.25882 0.96593 0
vn 0.70711 0.70711 0
vn 0.70711 -0.70711 -0
vn 0.25882 -0.96593 -0
vn -0.50859 -0.50859 -0.69475
vn -0.50859 0.50859 -0.69475
vn -0.50859 0.50859 -0.69475
vn -0.18616 0.69475 -0.69475
vn 0.18616 0.69475 -0.69475
vn 0.18616 0.69475 -0.69475
vn 0.50859 0.50859 -0.69475
vn 0.50859 -0.50859 -0.69475
vn 0.50859 -0.50859 -0.69475
vn 0.18616 -0.69475 -0.69475
vn -0.18616 -0.69475 -0.69475
vn -0.18616 -0.69475 -0.69475
vn 0.07026 0.99753 0
vn 0.07026 0.99753 -0
vn 0.07026 0.99753 0
vn 0.07026 0.99753 0
vn 0.07026 0.99753 -0
vn 0.07026 0.99753 -0
vn 0.07026 0.99753 0
vn 0.07026 -0.99753 0
vn 0.07026 -0.99753 -0
vn 0.07026 -0.99753 -0
vn 0.07026 -0.99753 -0
vn 0.07026 -0.99753 0
vn 0.07026 -0.99753 -0
vn 0.07026 -0.99753 -0
vn -0.055 0.99849 0
vn -0.055 0.99849 0
vn -0.055 0.99849 0
vn -0.055 0.99849 0
vn -0.055 0.99849 -0
vn -0.055 0.99849 0
vn -0.055 0.99849 0
vn -0.055 -0.99849 -0
vn -0.055 -0.99849 0
vn -0.055 -0.99849 -0
vn -0.055 -0.99849 -0
vn -0.055 -0.99849 -0
vn -0.055 -0.99849 -0
vn -0.055 -0.99849 -0
vn -0.25882 -0.96593 -0
vn -0.70711 -0.70711 -0
vn -0.96593 -0.25882 -0
vn -0.96593 0.25882 0
vn -0.70711 0.70711 0
vn -0.25882 0.96593 0
vn 0.25882 0.96592 0
vn 0.70711 0.70711 0
vn 0.96593 0.25882 0
vn 0.96593 -0.25882 -0
vn 0.70711 -0.70711 -0
vn 0.25882 -0.96592 -0
vn -0.25882 -0.96593 -0
vn -0.96593 -0.25882 -0
vn -0.96593 0.25882 0
vn -0.25882 0.96593 0
vn 0.25882 0.96593 0
vn 0.96593 0.25882 0
vn 0.96593 -0.25882 -0
vn 0.25882 -0.96593 -0
vn -0.4001 -0.4001 0.82452
vn -0.40011 -0.40011 0.82452
vn -0.57937 -0.40789 0.70566
vn -0.69476 -0.18616 0.69473
vn -0.69474 -0.18616 0.69475
vn -0.69474 0.18615 0.69475
vn 0.18616 -0.69475 0.69475
vn -0.18616 -0.69475 0.69475
vn -0.18616 -0.69475 0.69475
vn -0.40788 -0.57935 0.70568
vn 0.3275 -0.39234 0.85954
vn 0.50859 -0.50859 0.69475
vn 0.18616 -0.69475 0.69475
vn 0.57935 -0.40788 0.70569
vn 0.69474 -0.18616 0.69476
vn 0.69474 -0.18616 0.69475
vn 0.69474 0.18616 0.69475
vn 0.69474 0.18616 0.69476
vn 0.50859 0.50858 0.69475
vn 0.50859 0.50859 0.69475
vn 0.18616 0.69475 0.69475
vn 0.18616 0.69475 0.69475
vn -0.18616 0.69475 0.69475
vn -0.18616 0.69475 0.69475
vn -0.40788 0.57935 0.70568
vn -0.4001 0.4001 0.82452
vn -0.54687 0.45649 0.70182
vn -0.69476 0.18616 0.69473
vn 0.18616 0.69475 0.69475
vn 0.50859 0.50859 0.69475
vn 0.5086 0.50859 0.69474
vn 0.69476 0.18616 0.69473
vn 0.69474 0.18616 0.69475
vn 0.69474 -0.18615 0.69475
vn 0.69476 -0.18616 0.69473
vn 0.5086 -0.5086 0.69474
vn 0.50859 -0.50859 0.69475
vn 0.18616 -0.69475 0.69475
vn 0.18616 -0.69475 0.69475
vn -0.18616 -0.69475 0.69475
vn -0.18616 -0.69475 0.69475
vn -0.50859 -0.50859 0.69475
vn -0.50858 -0.50859 0.69475
vn -0.69474 -0.18615 0.69476
vn -0.69474 -0.18615 0.69475
vn -0.69474 0.18615 0.69475
vn -0.69474 0.18615 0.69476
vn -0.50858 0.50858 0.69476
vn -0.50859 0.50859 0.69475
vn -0.18616 0.69475 0.69475
vn -0.18616 0.69475 0.69475
vn 0.18616 0.69475 0.69475
vn -0.69475 0.18616 0.69475
vn -0.69475 -0.18616 0.69475
vn -0.69475 -0.18616 0.69475
vn -0.57935 -0.40789 0.70568
vn -0.4001 -0.4001 0.82452
vn 0.18616 -0.69475 0.69475
vn -0.18616 -0.69475 0.69475
vn -0.18616 -0.69475 0.69475
vn -0.40789 -0.57935 0.70568
vn 0.32751 -0.39235 0.85954
vn 0.50859 -0.50859 0.69475
vn 0.18616 -0.69475 0.69475
vn 0.57935 -0.40789 0.70568
vn 0.69475 -0.18616 0.69475
vn 0.69475 -0.18616 0.69475
vn 0.69475 0.18616 0.69475
vn 0.69475 0.18616 0.69475
vn 0.50859 0.50859 0.69475
vn 0.18616 0.69475 0.69475
vn 0.18616 0.69475 0.69475
vn -0.18616 0.69475 0.69475
vn -0.18616 0.69475 0.69475
vn -0.40789 0.57935 0.70568
vn -0.4001 0.4001 0.82452
vn -0.54686 0.45648 0.70183
vn -0.69475 0.18616 0.69475
vn 0.18616 0.69475 0.69475
vn 0.50859 0.50859 0.69475
vn 0.69475 0.18616 0.69475
vn 0.69475 0.18616 0.69475
vn 0.69475 -0.18616 0.69475
vn 0.69475 -0.18616 0.69475
vn 0.50859 -0.50859 0.69475
vn 0.18616 -0.69475 0.69475
vn 0.18616 -0.69475 0.69475
vn -0.18616 -0.69475 0.69475
vn -0.18616 -0.69475 0.69475
vn -0.50859 -0.50859 0.69475
vn -0.69475 -0.18616 0.69475
vn -0.69475 -0.18616 0.69475
vn -0.69475 0.18616 0.69475
vn -0.69475 0.18616 0.69475
vn -0.50859 0.50859 0.69475
vn -0.18616 0.69475 0.69475
vn -0.18616 0.69475 0.69475
vn 0.18616 0.69475 0.69475
vn -0.42262 0.90631 0
vn 0.90631 0.42262 0
vn 0.42262 -0.90631 -0
vn -0.90631 -0.42262 -0
vn -0.25882 -0.96593 -0
vn -0.70711 -0.70711 -0
vn -0.96593 -0.25882 -0
vn -0.96593 0.25882 0
vn -0.70711 0.70711 0
vn -0.25882 0.96593 0
vn 0.25882 0.96593 0
vn 0.70711 0.70711 0
vn 0.96593 0.25882 0
vn 0.96593 -0.25882 -0
vn 0.70711 -0.70711 -0
vn 0.25882 -0.96593 -0
vn -0.42262 0.90631 0
vn 0.90631 0.42262 0
vn -0.90631 -0.42262 -0
vn -0.25882 -0.96593 -0
vn -0.70711 -0.7071 -0
vn -0.96593 -0.25882 -0
vn -0.96593 0.25882 0
vn -0.70711 0.7071 0
vn -0.25882 0.96593 0
vn 0.25882 0.96593 0
vn 0.96593 0.25881 0
vn 0.96593 -0.25881 -0
vn 0.70711 -0.70711 -0
vn 0.25882 -0.96593 -0
vn 0.90631 0.42261 0
vn 0.90631 0.42262 0
vn 0.90631 0.42262 -0
vn 0.90631 0.42262 -0
vn 0.90631 0.42262 -0
vn 0.90631 0.42262 0
vn -0.90631 -0.42262 -0
vn 0.74577 -0.66621 -0
vn 0.3573 -0.93399 -0
vn -0.11069 -0.99386 -0
vn -0.55404 -0.83249 -0
vn -0.87408 -0.48578 -0
vn -0.99952 -0.03098 -0
vn -0.66621 -0.74577 -0
vn -0.93399 -0.3573 -0
vn -0.99386 0.11067 0
vn -0.83248 0.55406 0
vn -0.48581 0.87407 0
vn -0.03097 0.99952 0
vn 0.66621 0.74577 0
vn 0.93398 0.35733 0
vn 0.99385 -0.1107 -0
vn 0.83248 -0.55406 -0
vn 0.48581 -0.87407 -0
vn 0.03098 -0.99952 -0
vn -0.74576 0.66621 0
vn -0.35731 0.93398 0
vn 0.11069 0.99385 0
vn 0.55404 0.83249 0
vn 0.87407 0.48581 0
vn 0.99952 0.03098 0
vn 0.74576 -0.66621 -0
vn 0.35731 -0.93399 -0
vn -0.11069 -0.99386 -0
vn -0.55405 -0.83248 -0
vn -0.87407 -0.48581 -0
vn -0.99952 -0.03097 -0
vn -0.66621 -0.74577 -0
vn -0.93398 -0.35733 -0
vn -0.99385 0.1107 0
vn -0.83248 0.55406 0
vn -0.48581 0.87407 0
vn -0.03098 0.99952 0
vn 0.66621 0.74577 0
vn 0.93398 0.35731 0
vn 0.99385 -0.1107 -0
vn 0.83249 -0.55404 -0
vn 0.4858 -0.87407 -0
vn 0.03098 -0.99952 -0
vn -0.74576 0.66621 0
vn -0.35731 0.93399 0
vn 0.11069 0.99386 0
vn 0.55405 0.83248 0
vn -0.66621 -0.74577 -0
vn -0.99386 0.11068 0
vn -0.83249 0.55404 0
vn -0.4858 0.87407 0
vn -0.03097 0.99952 0
vn 0.74577 -0.6662 -0
vn -0.11069 -0.99386 -0
vn -0.55405 -0.83248 -0
vn -0.87407 -0.48581 -0
vn -0.99952 -0.03097 -0
vn 0.83249 -0.55404 -0
vn 0.48581 -0.87407 -0
vn 0.03098 -0.99952 -0
vn -0.74576 0.66621 0
vn -0.35731 0.93399 0
vn 0.11069 0.99385 0
vn 0.55404 0.83249 0
vn 0.87407 0.48579 0
vn 0.99952 0.03098 0
vn -0.42262 0.90631 0
vn -0.42262 0.90631 0
vn -0.42262 0.90631 -0
vn -0.42262 0.90631 0
vn -0.42262 0.90631 0
vn -0.42262 0.90631 0
vn -0.42262 0.90631 -0
vn -0.42262 0.90631 0
vn -0.42262 0.90631 -0
vn -0.42262 0.90631 0
vn -0.42262 0.90631 0
vn -0.42262 0.90631 0
vn -0.42262 0.90631 -0
vn -0.42262 0.90631 0
vn 0.055 -0.99849 -0
vn 0.055 -0.99849 -0
vn 0.055 -0.99849 -0
vn 0.055 -0.99849 -0
vn 0.64275 0.76607 0
vn 0.64279 0.76604 -0
vn 0.64279 0.76604 -0
vn 0.64279 0.76604 -0
vn 0.64279 0.76604 0
vn 0.64279 0.76604 0
vn 0.64279 0.76604 -0
vn 0.64279 0.76604 0
vn 0.64279 0.76604 -0
vn 0.64279 0.76604 0
vn 0.42262 -0.90631 -0
vn 0.42262 -0.90631 -0
vn 0.42262 -0.90631 -0
vn 0.42262 -0.90631 -0
vn 0.42261 -0.90631 -0
vn 0.42262 -0.90631 -0
vn 0.42262 -0.90631 0
vn 0.42262 -0.90631 -0
vn 0.42262 -0.90631 -0
vn 0.42262 -0.90631 -0
vn 0.42262 -0.90631 -0
vn 0.42262 -0.90631 -0
vn 0.42262 -0.90631 -0
vn 0.42262 -0.90631 -0
vn -0.94489 0.3274 -0
vn -0.94489 0.32739 0
vn -0.94489 0.3274 -0
vn -0.94489 0.3274 -0
vn -0.94489 0.3274 -0
vn -0.94489 0.3274 -0
vn -0.94489 0.32739 -1E-05
vn -0.94489 0.3274 -0
vn -0.94489 0.3274 0
vn 0.94489 -0.3274 -0
vn 0.94489 -0.3274 0
vn 0.94488 -0.3274 -1E-05
vn 0.94489 -0.3274 0
vn 0.94489 -0.3274 -0
vn 0.94489 -0.3274 0
vn 0.94489 -0.32739 -0
vn 0.94489 -0.3274 -0
vn 0.94489 -0.3274 -0
vn -0.07026 0.99753 0
vn -0.07026 0.99753 -0
vn -0.07026 0.99753 0
vn -0.75598 -0.6546 -0
vn -0.75597 -0.6546 1E-05
vn -0.75598 -0.65459 -0
vn -0.75598 -0.6546 0
vn -0.75598 -0.6546 -0
vn -0.75598 -0.6546 0
vn -0.75598 -0.6546 0
vn -0.75598 -0.6546 -0
vn -0.95368 0.30081 0
vn -0.97809 0.20819 0
vn -0.91551 0.4023 0
vn -0.93529 0.35372 0.01076
vn -0.93261 0.36061 0.01415
vn -0.94394 0.33008 0.00537
vn -0.07026 -0.99753 -0
vn 0.75598 0.65459 0
vn 0.75598 0.6546 -0
vn 0.75598 0.6546 -0
vn 0.75598 0.6546 0
vn 0.75597 0.6546 -1E-05
vn 0.75598 0.65459 0
vn 0.75598 0.6546 0
vn 0.99156 -0.12963 -0
vn 0.94318 -0.33227 -0
vn 0.055 0.99849 0
vn -0.64279 -0.76604 -0
vn -0.64279 -0.76604 -0
vn -0.64279 -0.76604 0
vn -0.64279 -0.76604 -0
vn -0.64279 -0.76604 0
vn -0.64279 -0.76604 -0
vn 0.98042 -0.19692 -0
vn 0.95782 0.28738 0
vn 0.71007 0.70413 0
vn 0.29541 0.95537 0
vn -0.19359 0.98108 0
vn -0.64002 0.76836 0
vn -0.92993 0.36774 0
vn -0.99243 -0.12281 -0
vn -0.81224 -0.58332 -0
vn -0.45627 -0.88984 -0
vn -0.02514 -0.99968 -0
vn 0.41096 -0.91165 -0
vn 0.76573 -0.64317 -0
vn 0.96892 -0.24738 -0
vn 0.99544 -0.09536 -0
vn 0.92845 0.37146 0
vn 0.65496 0.75567 0
vn 0.2358 0.9718 0
vn -0.03516 0.99938 0
vn -0.88128 -0.47259 -0
vn -0.99878 -0.0494 -0
vn -0.9236 0.38335 0
vn -0.67026 0.74212 0
vn -0.28761 0.95775 0
vn -0.60336 -0.79747 -0
vn -0.22684 -0.97393 -0
vn 0.18891 -0.98199 -0
vn 0.57199 -0.82026 -0
vn 0.85617 -0.5167 -0
vn -0.85783 0.51393 0
vn -0.57992 0.81468 0
vn -0.20475 0.97881 0
vn 0.20089 -0.97961 -0
vn -0.26275 -0.96486 -0
vn -0.66985 -0.74249 -0
vn -0.93281 -0.36036 -0
vn -0.99506 0.09932 0
vn 0.22353 0.9747 0
vn 0.62592 0.77988 0
vn 0.90321 0.4292 0
vn 0.99997 -0.00727 -0
vn 0.89687 -0.44229 -0
vn 0.61451 -0.78891 -0
vn 0.99893 -0.04628 -0
vn 0.9623 0.27199 0
vn -0.56233 0.82691 0
vn -0.79497 0.60665 0
vn 0.04628 0.99893 0
vn -0.27199 0.9623 0
vn -0.82691 -0.56233 -0
vn -0.60665 -0.79497 -0
vn -0.99893 0.04627 0
vn -0.9623 -0.27199 -0
vn 0.56234 -0.82691 -0
vn 0.79497 -0.60665 -0
vn -0.04628 -0.99893 -0
vn 0.27198 -0.9623 -0
vn 0.82691 0.56233 0
vn 0.60665 0.79497 0
vn 0.99893 -0.04628 -0
vn 0.9623 0.27199 0
vn -0.79497 0.60665 0
vn -0.82691 -0.56233 -0
vn -0.60665 -0.79497 -0
vn -0.99893 0.04627 0
vn -0.9623 -0.27199 -0
vn 0.56234 -0.82691 -0
vn 0.79497 -0.60665 -0
vn -0.04628 -0.99893 -0
vn 0.27199 -0.9623 -0
vn 0.82691 0.56234 0
vn -0.99893 0.04627 0
vn 0.56234 -0.82691 -0
vn 0.79497 -0.60665 -0
vn -0.04628 -0.99893 -0
vn 0.27199 -0.9623 -0
vn 0.82691 0.56234 0
vn 0.60665 0.79497 0
vn 0.99893 -0.04628 -0
vn 0.9623 0.27199 0
vn -0.56233 0.82691 0
vn 0.04628 0.99893 0
vn -0.27198 0.9623 0
vn -0.82691 -0.56233 -0
vn -0.60665 -0.79497 -0
vn -0.61451 0.78891 0
vn -0.89687 0.44229 0
vn -0.99997 0.00727 0
vn -0.90321 -0.4292 -0
vn -0.62592 -0.77988 -0
vn -0.22353 -0.9747 -0
vn 0.02751 -0.99962 -0
vn 0.28966 -0.95713 -0
vn 0.69725 -0.71683 -0
vn 0.94875 -0.31604 -0
vn 0.98784 0.1555 0
vn 0.80577 0.59223 0
vn -0.24474 0.96959 0
vn 0.13053 0.99144 0
vn 0.48735 0.87321 0
vn 0.16441 -0.98639 -0
vn 0.59407 -0.80441 -0
vn 0.89439 -0.44729 -0
vn 0.99997 0.00722 0
vn 0.88783 0.46016 0
vn 0.58731 0.80936 0
vn 0.1681 0.98577 0
vn -0.28588 0.95827 0
vn -0.68073 0.73254 0
vn -0.93476 0.35528 0
vn -0.981 0.19401 0
vn -0.95846 -0.28523 -0
vn -0.7153 -0.69882 -0
vn -0.3075 -0.95155 -0
vn -0.25882 -0.96593 -0
vn -0.96593 -0.25881 -0
vn -0.96593 0.25881 0
vn -0.7071 0.70711 0
vn -0.25882 0.96593 0
vn 0.25882 0.96593 0
vn 0.7071 0.70711 0
vn 0.96593 0.25881 0
vn 0.96593 -0.25881 -0
vn 0.25882 -0.96593 -0
vn -0.25882 -0.96593 -0
vn -0.70711 -0.7071 -0
vn -0.96593 -0.25882 -0
vn -0.96593 0.25882 0
vn -0.70711 0.70711 0
vn -0.25882 0.96593 0
vn 0.25882 0.96593 0
vn 0.70711 0.70711 0
vn 0.96593 0.25882 0
vn 0.96593 -0.25882 -0
vn 0.70711 -0.7071 -0
vn 0.25882 -0.96593 -0
f 1//1 2//1 3//1
f 3//1 2//1 4//1
f 5//1 6//1 4//1
f 4//1 6//1 7//1
f 8//1 3//1 9//1
f 9//1 3//1 4//1
f 9//1 4//1 10//1
f 10//1 4//1 7//1
f 11//2 12//2 13//2
f 13//2 12//2 14//2
f 15//2 16//2 14//2
f 14//2 16//2 17//2
f 18//2 13//2 19//2
f 19//2 13//2 14//2
f 19//2 14//2 20//2
f 20//2 14//2 17//2
f 21//3 22//3 23//3
f 23//3 24//3 21//3
f 21//3 24//3 25//3
f 21//3 25//3 26//3
f 22//3 21//3 27//3
f 27//3 21//3 28//3
f 27//3 28//3 29//3
f 29//3 28//3 30//3
f 29//3 30//3 9//3
f 9//3 30//3 31//3
f 9//3 31//3 8//3
f 8//3 31//3 32//3
f 8//3 32//3 33//3
f 34//3 35//3 36//3
f 36//3 35//3 37//3
f 37//3 35//3 38//3
f 37//3 38//3 39//3
f 39//3 38//3 40//3
f 39//3 40//3 41//3
f 41//3 40//3 42//3
f 41//3 42//3 43//3
f 26//3 25//3 44//3
f 44//3 25//3 45//3
f 44//3 45//3 46//3
f 46//3 45//3 47//3
f 46//3 47//3 48//3
f 48//3 47//3 49//3
f 48//3 49//3 50//3
f 50//3 49//3 51//3
f 50//3 51//3 52//3
f 52//3 51//3 53//3
f 52//3 53//3 54//3
f 54//3 53//3 55//3
f 54//3 55//3 42//3
f 42//3 55//3 56//3
f 42//3 56//3 43//3
f 36//3 57//3 34//3
f 34//3 57//3 58//3
f 34//3 58//3 59//3
f 59//3 58//3 60//3
f 59//3 60//3 32//3
f 32//3 60//3 61//3
f 32//3 61//3 33//3
f 62//3 63//3 64//3
f 64//3 63//3 65//3
f 64//3 65//3 66//3
f 66//3 65//3 67//3
f 66//3 67//3 68//3
f 68//3 67//3 69//3
f 68//3 69//3 70//3
f 70//3 69//3 71//3
f 70//3 71//3 72//3
f 73//3 74//3 75//3
f 75//3 74//3 76//3
f 76//3 74//3 77//3
f 76//3 77//3 78//3
f 78//3 77//3 79//3
f 78//3 79//3 80//3
f 80//3 79//3 81//3
f 80//3 81//3 82//3
f 82//3 81//3 83//3
f 82//3 83//3 84//3
f 84//3 83//3 85//3
f 84//3 85//3 71//3
f 71//3 85//3 86//3
f 71//3 86//3 72//3
f 75//3 87//3 73//3
f 73//3 87//3 88//3
f 73//3 88//3 89//3
f 89//3 88//3 90//3
f 62//3 91//3 63//3
f 63//3 91//3 92//3
f 63//3 92//3 93//3
f 93//3 92//3 94//3
f 93//3 94//3 95//3
f 94//3 96//3 95//3
f 95//3 96//3 18//3
f 95//3 18//3 97//3
f 97//3 18//3 19//3
f 97//3 19//3 98//3
f 98//3 19//3 99//3
f 98//3 99//3 100//3
f 100//3 99//3 101//3
f 100//3 101//3 88//3
f 88//3 101//3 102//3
f 88//3 102//3 90//3
f 103//4 104//4 105//4
f 106//5 107//5 108//5
f 108//4 107//4 109//4
f 103//5 105//5 110//5
f 109//6 111//6 108//6
f 108//7 111//7 112//7
f 108//8 112//8 103//8
f 103//9 112//9 113//9
f 103//10 113//10 104//10
f 105//11 114//11 110//11
f 110//12 114//12 115//12
f 110//13 115//13 116//13
f 116//14 115//14 117//14
f 116//5 117//5 118//5
f 118//15 117//15 119//15
f 118//16 119//16 120//16
f 120//17 119//17 121//17
f 120//18 121//18 122//18
f 122//19 121//19 123//19
f 123//20 121//20 124//20
f 123//21 124//21 106//21
f 106//22 124//22 125//22
f 106//23 125//23 107//23
f 126//24 127//24 128//24
f 128//24 127//24 129//24
f 128//24 129//24 5//24
f 5//24 129//24 130//24
f 131//24 5//24 132//24
f 132//24 5//24 4//24
f 133//24 134//24 128//24
f 128//24 134//24 135//24
f 128//24 135//24 136//24
f 131//24 137//24 5//24
f 5//24 137//24 138//24
f 5//24 138//24 128//24
f 128//24 138//24 139//24
f 128//24 139//24 133//24
f 140//3 141//3 142//3
f 142//3 141//3 143//3
f 144//3 145//3 146//3
f 146//3 145//3 142//3
f 146//3 142//3 147//3
f 148//3 149//3 150//3
f 150//3 149//3 151//3
f 150//3 151//3 143//3
f 143//3 151//3 129//3
f 143//3 129//3 142//3
f 142//3 129//3 127//3
f 142//3 127//3 147//3
f 152//25 153//25 141//25
f 141//25 153//25 154//25
f 141//25 154//25 110//25
f 155//25 156//25 157//25
f 157//25 158//25 155//25
f 155//25 158//25 159//25
f 155//25 159//25 160//25
f 160//25 159//25 161//25
f 160//25 161//25 140//25
f 140//25 161//25 162//25
f 140//25 162//25 163//25
f 163//25 164//25 140//25
f 140//25 164//25 165//25
f 140//25 165//25 141//25
f 141//25 165//25 166//25
f 141//25 166//25 152//25
f 167//25 168//25 169//25
f 169//25 168//25 103//25
f 169//25 103//25 1//25
f 1//25 103//25 110//25
f 1//25 110//25 2//25
f 2//25 110//25 154//25
f 170//26 171//26 172//26
f 173//4 174//4 175//4
f 176//4 155//4 177//4
f 177//5 155//5 160//5
f 175//5 174//5 178//5
f 172//13 171//13 160//13
f 160//27 171//27 179//27
f 160//11 179//11 177//11
f 174//11 180//11 178//11
f 178//12 180//12 181//12
f 178//6 181//6 182//6
f 182//6 181//6 183//6
f 182//28 183//28 184//28
f 184//29 183//29 185//29
f 184//17 185//17 186//17
f 186//17 185//17 170//17
f 186//30 170//30 187//30
f 187//21 170//21 172//21
f 176//11 188//11 155//11
f 155//31 188//31 189//31
f 155//32 189//32 175//32
f 175//33 189//33 190//33
f 175//34 190//34 173//34
f 191//24 192//24 193//24
f 191//24 193//24 194//24
f 195//24 196//24 197//24
f 197//24 196//24 198//24
f 197//24 198//24 178//24
f 178//24 198//24 12//24
f 178//24 12//24 175//24
f 199//24 200//24 201//24
f 201//24 200//24 202//24
f 201//24 202//24 108//24
f 108//24 202//24 194//24
f 108//24 194//24 106//24
f 106//24 194//24 193//24
f 192//24 203//24 193//24
f 193//24 203//24 204//24
f 193//24 204//24 197//24
f 197//24 204//24 205//24
f 197//24 205//24 195//24
f 206//24 207//24 208//24
f 208//24 207//24 175//24
f 208//24 175//24 11//24
f 11//24 175//24 12//24
f 209//3 210//3 211//3
f 193//3 197//3 210//3
f 210//3 197//3 212//3
f 210//3 212//3 211//3
f 211//3 212//3 213//3
f 214//3 215//3 216//3
f 216//3 215//3 213//3
f 216//3 213//3 217//3
f 217//3 213//3 212//3
f 218//3 219//3 211//3
f 211//3 219//3 220//3
f 211//3 220//3 209//3
f 211//25 213//25 221//25
f 221//25 15//25 211//25
f 211//25 15//25 222//25
f 211//25 222//25 223//25
f 224//25 15//25 225//25
f 225//25 15//25 14//25
f 226//25 227//25 222//25
f 222//25 227//25 228//25
f 222//25 228//25 229//25
f 224//25 230//25 15//25
f 15//25 230//25 231//25
f 15//25 231//25 222//25
f 222//25 231//25 232//25
f 222//25 232//25 226//25
f 139//35 138//35 165//35
f 165//35 138//35 166//35
f 205//35 204//35 231//35
f 231//35 204//35 232//35
f 194//1 202//1 229//1
f 229//1 202//1 233//1
f 234//1 235//1 229//1
f 229//1 235//1 236//1
f 229//1 236//1 222//1
f 233//1 57//1 229//1
f 229//1 57//1 36//1
f 229//1 36//1 234//1
f 161//2 159//2 136//2
f 136//2 159//2 237//2
f 238//2 239//2 136//2
f 136//2 239//2 240//2
f 136//2 240//2 128//2
f 237//2 62//2 136//2
f 136//2 62//2 64//2
f 136//2 64//2 238//2
f 45//36 116//36 118//36
f 45//36 118//36 47//36
f 47//37 118//37 120//37
f 47//38 120//38 49//38
f 49//39 120//39 122//39
f 49//40 122//40 51//40
f 51//41 122//41 123//41
f 51//41 123//41 53//41
f 193//42 210//42 106//42
f 106//42 210//42 241//42
f 242//43 243//43 106//43
f 106//44 243//44 244//44
f 106//45 244//45 245//45
f 53//46 123//46 55//46
f 55//47 123//47 106//47
f 55//48 106//48 246//48
f 241//49 247//49 106//49
f 106//50 247//50 248//50
f 106//51 248//51 242//51
f 245//52 249//52 106//52
f 106//53 249//53 250//53
f 106//54 250//54 246//54
f 110//55 251//55 252//55
f 116//56 45//56 110//56
f 110//57 45//57 25//57
f 110//58 25//58 251//58
f 252//59 253//59 110//59
f 110//60 253//60 254//60
f 110//61 254//61 255//61
f 143//62 141//62 256//62
f 256//62 141//62 110//62
f 256//63 110//63 257//63
f 257//64 110//64 255//64
f 258//65 259//65 112//65
f 112//66 259//66 260//66
f 112//67 260//67 113//67
f 113//68 260//68 261//68
f 113//69 261//69 104//69
f 104//69 261//69 262//69
f 104//70 262//70 105//70
f 105//70 262//70 263//70
f 105//71 263//71 114//71
f 114//71 263//71 264//71
f 114//72 264//72 115//72
f 115//72 264//72 265//72
f 115//73 265//73 117//73
f 117//73 265//73 266//73
f 117//74 266//74 119//74
f 119//74 266//74 267//74
f 119//1 267//1 121//1
f 121//1 267//1 268//1
f 121//75 268//75 124//75
f 124//75 268//75 269//75
f 124//76 269//76 125//76
f 125//76 269//76 270//76
f 125//77 270//77 107//77
f 107//77 270//77 271//77
f 107//78 271//78 109//78
f 109//78 271//78 272//78
f 109//79 272//79 111//79
f 111//79 272//79 258//79
f 111//65 258//65 112//65
f 74//80 182//80 184//80
f 74//80 184//80 77//80
f 77//81 184//81 186//81
f 77//82 186//82 79//82
f 79//83 186//83 187//83
f 79//84 187//84 81//84
f 81//85 187//85 172//85
f 81//85 172//85 83//85
f 140//86 142//86 160//86
f 160//86 142//86 273//86
f 274//87 275//87 160//87
f 160//88 275//88 276//88
f 160//89 276//89 277//89
f 83//90 172//90 85//90
f 85//91 172//91 160//91
f 85//92 160//92 278//92
f 273//93 279//93 160//93
f 160//94 279//94 280//94
f 160//95 280//95 274//95
f 277//96 281//96 160//96
f 160//97 281//97 282//97
f 160//98 282//98 278//98
f 178//99 283//99 284//99
f 182//100 74//100 178//100
f 178//101 74//101 73//101
f 178//102 73//102 283//102
f 284//103 285//103 178//103
f 178//104 285//104 286//104
f 178//105 286//105 287//105
f 212//106 197//106 288//106
f 288//106 197//106 178//106
f 288//107 178//107 289//107
f 289//108 178//108 287//108
f 290//65 291//65 185//65
f 185//109 291//109 292//109
f 185//110 292//110 170//110
f 170//111 292//111 293//111
f 170//69 293//69 171//69
f 171//69 293//69 294//69
f 171//70 294//70 179//70
f 179//70 294//70 295//70
f 179//71 295//71 177//71
f 177//71 295//71 296//71
f 177//72 296//72 176//72
f 176//72 296//72 297//72
f 176//73 297//73 188//73
f 188//73 297//73 298//73
f 188//74 298//74 189//74
f 189//74 298//74 299//74
f 189//1 299//1 190//1
f 190//1 299//1 300//1
f 190//75 300//75 173//75
f 173//75 300//75 301//75
f 173//76 301//76 174//76
f 174//76 301//76 302//76
f 174//77 302//77 180//77
f 180//77 302//77 303//77
f 180//78 303//78 181//78
f 181//78 303//78 304//78
f 181//79 304//79 183//79
f 183//79 304//79 290//79
f 183//65 290//65 185//65
f 263//3 305//3 264//3
f 264//3 305//3 306//3
f 264//3 306//3 265//3
f 265//3 306//3 307//3
f 265//3 307//3 266//3
f 266//3 307//3 308//3
f 266//3 308//3 267//3
f 267//3 308//3 309//3
f 267//3 309//3 268//3
f 309//3 310//3 268//3
f 268//3 310//3 311//3
f 268//3 311//3 269//3
f 269//3 311//3 312//3
f 269//3 312//3 270//3
f 312//3 313//3 270//3
f 270//3 313//3 314//3
f 270//3 314//3 271//3
f 271//3 314//3 315//3
f 271//3 315//3 272//3
f 272//3 315//3 316//3
f 272//3 316//3 258//3
f 258//3 316//3 317//3
f 258//3 317//3 259//3
f 259//3 317//3 318//3
f 259//3 318//3 260//3
f 260//3 318//3 319//3
f 260//3 319//3 261//3
f 261//3 319//3 320//3
f 261//3 320//3 262//3
f 262//3 320//3 321//3
f 262//3 321//3 263//3
f 263//3 321//3 322//3
f 263//3 322//3 305//3
f 310//112 48//112 311//112
f 311//112 48//112 50//112
f 311//113 50//113 312//113
f 312//113 50//113 52//113
f 312//114 52//114 313//114
f 313//114 52//114 54//114
f 313//115 54//115 314//115
f 314//115 54//115 42//115
f 314//25 42//25 315//25
f 315//25 42//25 40//25
f 315//116 40//116 316//116
f 316//116 40//116 38//116
f 316//117 38//117 317//117
f 317//117 38//117 35//117
f 317//118 35//118 318//118
f 318//118 35//118 34//118
f 318//119 34//119 319//119
f 319//119 34//119 59//119
f 319//120 59//120 320//120
f 320//120 59//120 32//120
f 320//121 32//121 321//121
f 321//121 32//121 31//121
f 321//122 31//122 322//122
f 322//122 31//122 30//122
f 322//123 30//123 305//123
f 305//123 30//123 28//123
f 305//24 28//24 306//24
f 306//24 28//24 21//24
f 306//124 21//124 307//124
f 307//124 21//124 26//124
f 307//125 26//125 308//125
f 308//125 26//125 44//125
f 308//126 44//126 309//126
f 309//126 44//126 46//126
f 309//127 46//127 310//127
f 310//127 46//127 48//127
f 295//3 323//3 296//3
f 296//3 323//3 324//3
f 296//3 324//3 297//3
f 297//3 324//3 325//3
f 297//3 325//3 298//3
f 298//3 325//3 326//3
f 298//3 326//3 299//3
f 299//3 326//3 327//3
f 299//3 327//3 300//3
f 327//3 328//3 300//3
f 300//3 328//3 329//3
f 300//3 329//3 301//3
f 301//3 329//3 330//3
f 301//3 330//3 302//3
f 330//3 331//3 302//3
f 302//3 331//3 332//3
f 302//3 332//3 303//3
f 303//3 332//3 333//3
f 303//3 333//3 304//3
f 304//3 333//3 334//3
f 304//3 334//3 290//3
f 290//3 334//3 335//3
f 290//3 335//3 291//3
f 291//3 335//3 336//3
f 291//3 336//3 292//3
f 292//3 336//3 337//3
f 292//3 337//3 293//3
f 293//3 337//3 338//3
f 293//3 338//3 294//3
f 294//3 338//3 339//3
f 294//3 339//3 295//3
f 295//3 339//3 340//3
f 295//3 340//3 323//3
f 328//128 93//128 329//128
f 329//128 93//128 95//128
f 329//129 95//129 330//129
f 330//129 95//129 97//129
f 330//114 97//114 331//114
f 331//114 97//114 98//114
f 331//115 98//115 332//115
f 332//115 98//115 100//115
f 332//25 100//25 333//25
f 333//25 100//25 88//25
f 333//116 88//116 334//116
f 334//116 88//116 87//116
f 334//117 87//117 335//117
f 335//117 87//117 75//117
f 335//130 75//130 336//130
f 336//130 75//130 76//130
f 336//131 76//131 337//131
f 337//131 76//131 78//131
f 337//132 78//132 338//132
f 338//132 78//132 80//132
f 338//133 80//133 339//133
f 339//133 80//133 82//133
f 339//122 82//122 340//122
f 340//122 82//122 84//122
f 340//123 84//123 323//123
f 323//123 84//123 71//123
f 323//24 71//24 324//24
f 324//24 71//24 69//24
f 324//124 69//124 325//124
f 325//124 69//124 67//124
f 325//125 67//125 326//125
f 326//125 67//125 65//125
f 326//134 65//134 327//134
f 327//134 65//134 63//134
f 327//135 63//135 328//135
f 328//135 63//135 93//135
f 241//136 210//136 341//136
f 341//137 210//137 209//137
f 342//138 343//138 220//138
f 220//139 343//139 344//139
f 220//140 344//140 209//140
f 209//141 344//141 345//141
f 209//142 345//142 341//142
f 342//143 220//143 346//143
f 346//144 220//144 219//144
f 346//145 219//145 347//145
f 347//146 219//146 348//146
f 348//147 219//147 218//147
f 348//148 218//148 349//148
f 349//149 218//149 350//149
f 350//150 218//150 211//150
f 350//151 211//151 223//151
f 221//152 213//152 351//152
f 351//153 213//153 215//153
f 214//154 352//154 215//154
f 215//155 352//155 353//155
f 215//156 353//156 351//156
f 354//157 355//157 216//157
f 216//158 355//158 356//158
f 216//159 356//159 214//159
f 214//160 356//160 357//160
f 214//161 357//161 352//161
f 354//162 216//162 358//162
f 358//163 216//163 217//163
f 358//164 217//164 359//164
f 359//165 217//165 360//165
f 360//166 217//166 212//166
f 360//167 212//167 288//167
f 273//168 142//168 361//168
f 361//169 142//169 145//169
f 144//170 362//170 145//170
f 145//171 362//171 363//171
f 145//172 363//172 361//172
f 364//173 365//173 146//173
f 146//174 365//174 366//174
f 146//175 366//175 144//175
f 144//176 366//176 367//176
f 144//177 367//177 362//177
f 364//178 146//178 368//178
f 368//179 146//179 147//179
f 368//180 147//180 369//180
f 369//181 147//181 370//181
f 370//182 147//182 127//182
f 370//183 127//183 126//183
f 130//184 129//184 371//184
f 371//185 129//185 151//185
f 372//186 373//186 149//186
f 149//187 373//187 374//187
f 149//188 374//188 151//188
f 151//189 374//189 375//189
f 151//190 375//190 371//190
f 372//191 149//191 376//191
f 376//192 149//192 148//192
f 376//193 148//193 377//193
f 377//194 148//194 378//194
f 378//195 148//195 150//195
f 378//196 150//196 379//196
f 379//197 150//197 380//197
f 380//198 150//198 143//198
f 380//199 143//199 256//199
f 237//200 159//200 381//200
f 381//201 159//201 158//201
f 157//202 382//202 158//202
f 158//203 382//203 383//203
f 158//204 383//204 381//204
f 207//205 206//205 384//205
f 384//206 385//206 207//206
f 207//207 385//207 386//207
f 207//208 386//208 387//208
f 387//209 388//209 156//209
f 156//210 388//210 389//210
f 156//211 389//211 157//211
f 157//212 389//212 390//212
f 157//213 390//213 382//213
f 208//214 11//214 13//214
f 13//215 391//215 208//215
f 208//216 391//216 392//216
f 208//217 392//217 206//217
f 206//218 392//218 393//218
f 206//219 393//219 384//219
f 387//220 156//220 207//220
f 207//221 156//221 155//221
f 207//222 155//222 175//222
f 233//223 202//223 394//223
f 394//224 202//224 200//224
f 199//225 395//225 200//225
f 200//226 395//226 396//226
f 200//227 396//227 394//227
f 168//228 167//228 397//228
f 397//229 398//229 168//229
f 168//230 398//230 399//230
f 168//231 399//231 400//231
f 400//232 401//232 201//232
f 201//233 401//233 402//233
f 201//234 402//234 199//234
f 199//235 402//235 403//235
f 199//236 403//236 395//236
f 169//237 1//237 3//237
f 3//238 404//238 169//238
f 169//239 404//239 405//239
f 169//240 405//240 167//240
f 167//241 405//241 406//241
f 167//242 406//242 397//242
f 400//243 201//243 168//243
f 168//244 201//244 108//244
f 168//245 108//245 103//245
f 205//246 231//246 195//246
f 195//246 231//246 230//246
f 195//247 230//247 196//247
f 196//247 230//247 224//247
f 196//248 224//248 198//248
f 198//248 224//248 225//248
f 198//249 225//249 12//249
f 12//249 225//249 14//249
f 194//250 229//250 191//250
f 191//250 229//250 228//250
f 191//251 228//251 192//251
f 192//251 228//251 227//251
f 192//252 227//252 203//252
f 203//252 227//252 226//252
f 203//253 226//253 204//253
f 204//253 226//253 232//253
f 139//246 165//246 133//246
f 133//246 165//246 164//246
f 133//247 164//247 134//247
f 134//247 164//247 163//247
f 134//248 163//248 135//248
f 135//248 163//248 162//248
f 135//249 162//249 136//249
f 136//249 162//249 161//249
f 4//250 2//250 132//250
f 132//250 2//250 154//250
f 132//251 154//251 131//251
f 131//251 154//251 153//251
f 131//252 153//252 137//252
f 137//252 153//252 152//252
f 137//253 152//253 138//253
f 138//253 152//253 166//253
f 407//254 99//254 20//254
f 20//255 99//255 19//255
f 407//256 20//256 408//256
f 408//257 20//257 17//257
f 408//258 17//258 409//258
f 409//259 17//259 410//259
f 410//260 17//260 16//260
f 410//261 16//261 411//261
f 411//262 16//262 15//262
f 411//263 15//263 221//263
f 409//264 410//264 412//264
f 285//265 413//265 286//265
f 284//266 283//266 414//266
f 413//267 415//267 286//267
f 286//268 415//268 416//268
f 286//269 416//269 287//269
f 99//270 407//270 101//270
f 101//271 407//271 417//271
f 101//272 417//272 102//272
f 102//273 417//273 418//273
f 102//274 418//274 90//274
f 90//274 418//274 419//274
f 90//275 419//275 89//275
f 89//276 419//276 420//276
f 89//277 420//277 73//277
f 407//278 408//278 417//278
f 417//279 408//279 421//279
f 417//280 421//280 418//280
f 418//281 421//281 422//281
f 418//282 422//282 419//282
f 419//283 422//283 423//283
f 419//284 423//284 420//284
f 420//285 423//285 424//285
f 408//286 409//286 421//286
f 421//287 409//287 412//287
f 421//288 412//288 422//288
f 422//289 412//289 425//289
f 422//290 425//290 423//290
f 423//291 425//291 426//291
f 423//292 426//292 424//292
f 424//293 426//293 427//293
f 284//294 414//294 285//294
f 285//295 414//295 428//295
f 285//296 428//296 413//296
f 413//297 428//297 429//297
f 413//298 429//298 415//298
f 410//299 411//299 412//299
f 412//300 411//300 430//300
f 412//301 430//301 425//301
f 425//302 430//302 431//302
f 425//303 431//303 426//303
f 426//304 431//304 432//304
f 426//305 432//305 427//305
f 427//306 432//306 433//306
f 288//307 289//307 360//307
f 360//308 289//308 287//308
f 360//309 287//309 359//309
f 359//310 287//310 416//310
f 359//311 416//311 358//311
f 358//312 416//312 415//312
f 358//313 415//313 354//313
f 354//314 415//314 429//314
f 354//315 429//315 355//315
f 73//316 420//316 283//316
f 283//317 420//317 424//317
f 283//318 424//318 414//318
f 414//319 424//319 427//319
f 414//320 427//320 428//320
f 428//321 427//321 433//321
f 428//322 433//322 429//322
f 429//323 433//323 356//323
f 429//324 356//324 355//324
f 411//325 221//325 430//325
f 430//326 221//326 351//326
f 430//327 351//327 431//327
f 431//328 351//328 353//328
f 431//329 353//329 432//329
f 432//330 353//330 352//330
f 432//331 352//331 433//331
f 433//332 352//332 357//332
f 433//333 357//333 356//333
f 223//334 222//334 236//334
f 36//335 37//335 434//335
f 36//336 434//336 234//336
f 234//337 434//337 435//337
f 234//338 435//338 235//338
f 435//258 436//258 235//258
f 235//259 436//259 437//259
f 235//339 437//339 236//339
f 236//340 437//340 438//340
f 236//341 438//341 223//341
f 439//342 440//342 441//342
f 43//343 56//343 442//343
f 243//344 242//344 443//344
f 443//345 242//345 248//345
f 443//346 248//346 341//346
f 341//347 248//347 247//347
f 341//348 247//348 241//348
f 244//349 444//349 245//349
f 245//350 444//350 249//350
f 249//351 444//351 250//351
f 250//352 444//352 442//352
f 250//353 442//353 246//353
f 246//354 442//354 56//354
f 246//355 56//355 55//355
f 434//356 37//356 445//356
f 445//357 37//357 39//357
f 445//358 39//358 446//358
f 435//359 434//359 447//359
f 447//360 434//360 445//360
f 447//361 445//361 448//361
f 448//362 445//362 446//362
f 448//363 446//363 449//363
f 41//364 43//364 450//364
f 450//365 43//365 442//365
f 450//366 442//366 451//366
f 451//367 442//367 444//367
f 451//368 444//368 439//368
f 439//369 444//369 244//369
f 439//370 244//370 440//370
f 440//371 244//371 243//371
f 440//372 243//372 441//372
f 441//373 243//373 443//373
f 441//374 443//374 345//374
f 345//375 443//375 341//375
f 452//376 437//376 447//376
f 447//377 437//377 436//377
f 447//378 436//378 435//378
f 452//379 447//379 453//379
f 453//380 447//380 448//380
f 453//381 448//381 454//381
f 454//382 448//382 449//382
f 454//383 449//383 455//383
f 438//384 437//384 456//384
f 456//385 437//385 452//385
f 456//386 452//386 457//386
f 457//387 452//387 453//387
f 457//388 453//388 458//388
f 458//389 453//389 454//389
f 458//390 454//390 459//390
f 459//391 454//391 455//391
f 459//392 455//392 460//392
f 223//393 438//393 350//393
f 350//394 438//394 456//394
f 350//395 456//395 349//395
f 349//396 456//396 457//396
f 349//397 457//397 348//397
f 348//398 457//398 458//398
f 348//399 458//399 347//399
f 347//400 458//400 459//400
f 344//401 343//401 460//401
f 460//402 343//402 342//402
f 460//403 342//403 459//403
f 459//404 342//404 346//404
f 459//405 346//405 347//405
f 39//406 41//406 446//406
f 446//407 41//407 450//407
f 446//408 450//408 449//408
f 449//409 450//409 451//409
f 449//410 451//410 455//410
f 455//411 451//411 439//411
f 455//412 439//412 460//412
f 460//413 439//413 441//413
f 460//414 441//414 344//414
f 344//415 441//415 345//415
f 461//416 126//416 240//416
f 240//417 126//417 128//417
f 461//418 240//418 462//418
f 462//419 240//419 239//419
f 462//420 239//420 463//420
f 463//421 239//421 464//421
f 464//422 239//422 238//422
f 464//423 238//423 465//423
f 465//424 238//424 64//424
f 465//425 64//425 66//425
f 466//426 467//426 468//426
f 72//427 86//427 469//427
f 275//428 274//428 470//428
f 470//429 274//429 280//429
f 470//430 280//430 361//430
f 361//431 280//431 279//431
f 361//432 279//432 273//432
f 276//433 471//433 277//433
f 277//434 471//434 281//434
f 281//435 471//435 282//435
f 282//436 471//436 469//436
f 282//437 469//437 278//437
f 278//438 469//438 86//438
f 278//439 86//439 85//439
f 465//440 66//440 472//440
f 472//441 66//441 68//441
f 472//442 68//442 473//442
f 464//443 465//443 474//443
f 474//444 465//444 472//444
f 474//445 472//445 475//445
f 475//446 472//446 473//446
f 475//447 473//447 476//447
f 70//448 72//448 477//448
f 477//449 72//449 469//449
f 477//450 469//450 478//450
f 478//451 469//451 471//451
f 478//452 471//452 466//452
f 466//453 471//453 276//453
f 466//454 276//454 467//454
f 467//455 276//455 275//455
f 467//456 275//456 468//456
f 468//457 275//457 470//457
f 468//458 470//458 363//458
f 363//459 470//459 361//459
f 479//460 462//460 474//460
f 474//461 462//461 463//461
f 474//462 463//462 464//462
f 479//463 474//463 480//463
f 480//464 474//464 475//464
f 480//465 475//465 481//465
f 481//466 475//466 476//466
f 481//467 476//467 482//467
f 461//468 462//468 483//468
f 483//469 462//469 479//469
f 483//470 479//470 484//470
f 484//471 479//471 480//471
f 484//472 480//472 485//472
f 485//473 480//473 481//473
f 485//474 481//474 486//474
f 486//475 481//475 482//475
f 486//476 482//476 487//476
f 126//477 461//477 370//477
f 370//478 461//478 483//478
f 370//479 483//479 369//479
f 369//480 483//480 484//480
f 369//481 484//481 368//481
f 368//482 484//482 485//482
f 368//483 485//483 364//483
f 364//484 485//484 486//484
f 362//485 367//485 487//485
f 487//486 367//486 366//486
f 487//487 366//487 486//487
f 486//488 366//488 365//488
f 486//489 365//489 364//489
f 68//490 70//490 473//490
f 473//491 70//491 477//491
f 473//492 477//492 476//492
f 476//493 477//493 478//493
f 476//494 478//494 482//494
f 482//495 478//495 466//495
f 482//496 466//496 487//496
f 487//497 466//497 468//497
f 487//498 468//498 362//498
f 362//499 468//499 363//499
f 29//500 9//500 10//500
f 5//501 130//501 488//501
f 5//502 488//502 6//502
f 6//503 488//503 489//503
f 6//504 489//504 7//504
f 489//420 490//420 7//420
f 7//421 490//421 491//421
f 7//505 491//505 10//505
f 10//506 491//506 492//506
f 10//507 492//507 29//507
f 490//508 489//508 493//508
f 253//509 494//509 254//509
f 252//510 251//510 495//510
f 494//511 496//511 254//511
f 254//512 496//512 497//512
f 254//513 497//513 255//513
f 29//514 492//514 27//514
f 27//515 492//515 498//515
f 27//516 498//516 22//516
f 22//517 498//517 499//517
f 22//518 499//518 23//518
f 23//518 499//518 500//518
f 23//519 500//519 24//519
f 24//520 500//520 501//520
f 24//521 501//521 25//521
f 492//522 491//522 498//522
f 498//523 491//523 502//523
f 498//524 502//524 499//524
f 499//525 502//525 503//525
f 499//526 503//526 500//526
f 500//527 503//527 504//527
f 500//528 504//528 501//528
f 501//529 504//529 505//529
f 491//530 490//530 502//530
f 502//531 490//531 493//531
f 502//532 493//532 503//532
f 503//533 493//533 506//533
f 503//534 506//534 504//534
f 504//535 506//535 507//535
f 504//536 507//536 505//536
f 505//537 507//537 508//537
f 252//538 495//538 253//538
f 253//539 495//539 509//539
f 253//540 509//540 494//540
f 494//541 509//541 510//541
f 494//542 510//542 496//542
f 489//543 488//543 493//543
f 493//544 488//544 511//544
f 493//545 511//545 506//545
f 506//546 511//546 512//546
f 506//547 512//547 507//547
f 507//548 512//548 513//548
f 507//549 513//549 508//549
f 508//550 513//550 514//550
f 256//551 257//551 380//551
f 380//552 257//552 255//552
f 380//553 255//553 379//553
f 379//554 255//554 497//554
f 379//555 497//555 378//555
f 378//556 497//556 496//556
f 378//557 496//557 377//557
f 377//558 496//558 510//558
f 377//559 510//559 376//559
f 25//560 501//560 251//560
f 251//561 501//561 505//561
f 251//562 505//562 495//562
f 495//563 505//563 508//563
f 495//564 508//564 509//564
f 509//565 508//565 514//565
f 509//566 514//566 510//566
f 510//567 514//567 372//567
f 510//568 372//568 376//568
f 488//569 130//569 511//569
f 511//570 130//570 371//570
f 511//571 371//571 512//571
f 512//572 371//572 375//572
f 512//573 375//573 513//573
f 513//574 375//574 374//574
f 513//575 374//575 514//575
f 514//576 374//576 373//576
f 514//577 373//577 372//577
f 405//578 404//578 3//578
f 405//579 3//579 515//579
f 515//580 3//580 8//580
f 515//581 8//581 33//581
f 61//582 398//582 33//582
f 33//583 398//583 397//583
f 33//584 397//584 515//584
f 515//585 397//585 406//585
f 515//586 406//586 405//586
f 60//587 400//587 61//587
f 61//588 400//588 399//588
f 61//589 399//589 398//589
f 58//590 57//590 233//590
f 396//591 395//591 516//591
f 516//592 395//592 403//592
f 516//593 403//593 58//593
f 58//594 403//594 402//594
f 58//595 402//595 60//595
f 60//596 402//596 401//596
f 60//597 401//597 400//597
f 58//598 233//598 516//598
f 516//599 233//599 394//599
f 516//600 394//600 396//600
f 392//601 391//601 13//601
f 392//602 13//602 517//602
f 517//603 13//603 18//603
f 517//604 18//604 96//604
f 94//605 385//605 96//605
f 96//606 385//606 384//606
f 96//607 384//607 517//607
f 517//608 384//608 393//608
f 517//609 393//609 392//609
f 92//610 387//610 94//610
f 94//611 387//611 386//611
f 94//612 386//612 385//612
f 91//613 62//613 237//613
f 383//614 382//614 518//614
f 518//615 382//615 390//615
f 518//616 390//616 91//616
f 91//617 390//617 389//617
f 91//618 389//618 92//618
f 92//619 389//619 388//619
f 92//620 388//620 387//620
f 91//621 237//621 518//621
f 518//622 237//622 381//622
f 518//623 381//623 383//623
f 519//624 520//624 521//624
f 521//624 520//624 522//624
f 523//624 524//624 522//624
f 522//624 524//624 525//624
f 526//624 521//624 527//624
f 527//624 521//624 522//624
f 527//624 522//624 528//624
f 528//624 522//624 525//624
f 529//625 530//625 531//625
f 531//625 530//625 532//625
f 533//625 534//625 532//625
f 532//625 534//625 535//625
f 536//625 531//625 537//625
f 537//625 531//625 532//625
f 537//625 532//625 538//625
f 538//625 532//625 535//625
f 539//626 540//626 541//626
f 541//626 542//626 539//626
f 539//626 542//626 543//626
f 539//626 543//626 544//626
f 540//626 539//626 545//626
f 545//626 539//626 546//626
f 545//626 546//626 547//626
f 547//626 546//626 548//626
f 547//626 548//626 527//626
f 527//627 548//627 549//627
f 527//627 549//627 526//627
f 526//626 549//626 550//626
f 526//626 550//626 551//626
f 552//627 553//627 554//627
f 554//627 553//627 555//627
f 555//626 553//626 556//626
f 555//626 556//626 557//626
f 557//626 556//626 558//626
f 557//626 558//626 559//626
f 559//627 558//627 560//627
f 559//626 560//626 561//626
f 544//626 543//626 562//626
f 562//626 543//626 563//626
f 562//626 563//626 564//626
f 564//626 563//626 565//626
f 564//626 565//626 566//626
f 566//626 565//626 567//626
f 566//626 567//626 568//626
f 568//627 567//627 569//627
f 568//626 569//626 570//626
f 570//626 569//626 571//626
f 570//627 571//627 572//627
f 572//627 571//627 573//627
f 572//626 573//626 560//626
f 560//626 573//626 574//626
f 560//626 574//626 561//626
f 554//627 575//627 552//627
f 552//626 575//626 576//626
f 552//626 576//626 577//626
f 577//626 576//626 578//626
f 577//626 578//626 550//626
f 550//626 578//626 579//626
f 550//626 579//626 551//626
f 580//627 581//627 582//627
f 582//627 581//627 583//627
f 582//627 583//627 584//627
f 584//626 583//626 585//626
f 584//626 585//626 586//626
f 586//626 585//626 587//626
f 586//626 587//626 588//626
f 588//627 587//627 589//627
f 588//626 589//626 590//626
f 591//626 592//626 593//626
f 593//626 592//626 594//626
f 594//626 592//626 595//626
f 594//626 595//626 596//626
f 596//626 595//626 597//626
f 596//627 597//627 598//627
f 598//626 597//626 599//626
f 598//626 599//626 600//626
f 600//626 599//626 601//626
f 600//627 601//627 602//627
f 602//627 601//627 603//627
f 602//626 603//626 589//626
f 589//626 603//626 604//626
f 589//626 604//626 590//626
f 593//626 605//626 591//626
f 591//626 605//626 606//626
f 591//626 606//626 607//626
f 607//626 606//626 608//626
f 580//626 609//626 581//626
f 581//626 609//626 610//626
f 581//626 610//626 611//626
f 611//626 610//626 612//626
f 611//626 612//626 613//626
f 612//626 614//626 613//626
f 613//626 614//626 536//626
f 613//626 536//626 615//626
f 615//627 536//627 537//627
f 615//627 537//627 616//627
f 616//626 537//626 617//626
f 616//626 617//626 618//626
f 618//626 617//626 619//626
f 618//626 619//626 606//626
f 606//626 619//626 620//626
f 606//626 620//626 608//626
f 621//628 622//628 623//628
f 624//629 625//629 626//629
f 626//630 625//630 627//630
f 621//631 623//631 628//631
f 627//632 629//632 626//632
f 626//633 629//633 630//633
f 626//634 630//634 621//634
f 621//635 630//635 631//635
f 621//636 631//636 622//636
f 623//637 632//637 628//637
f 628//638 632//638 633//638
f 628//639 633//639 634//639
f 634//640 633//640 635//640
f 634//641 635//641 636//641
f 636//642 635//642 637//642
f 636//643 637//643 638//643
f 638//644 637//644 639//644
f 638//645 639//645 640//645
f 640//646 639//646 641//646
f 641//647 639//647 642//647
f 641//648 642//648 624//648
f 624//649 642//649 643//649
f 624//650 643//650 625//650
f 644//651 645//651 646//651
f 646//651 645//651 647//651
f 646//651 647//651 523//651
f 523//651 647//651 648//651
f 649//651 523//651 650//651
f 650//651 523//651 522//651
f 651//651 652//651 646//651
f 646//651 652//651 653//651
f 646//651 653//651 654//651
f 649//651 655//651 523//651
f 523//651 655//651 656//651
f 523//651 656//651 646//651
f 646//651 656//651 657//651
f 646//651 657//651 651//651
f 658//626 659//626 660//626
f 660//626 659//626 661//626
f 662//626 663//626 664//626
f 664//626 663//626 660//626
f 664//626 660//626 665//626
f 666//626 667//626 668//626
f 668//627 667//627 669//627
f 668//626 669//626 661//626
f 661//626 669//626 647//626
f 661//626 647//626 660//626
f 660//627 647//627 645//627
f 660//626 645//626 665//626
f 670//652 671//652 659//652
f 659//653 671//653 672//653
f 659//653 672//653 628//653
f 673//653 674//653 675//653
f 675//653 676//653 673//653
f 673//653 676//653 677//653
f 673//653 677//653 678//653
f 678//653 677//653 679//653
f 678//653 679//653 658//653
f 658//653 679//653 680//653
f 658//653 680//653 681//653
f 681//652 682//652 658//652
f 658//652 682//652 683//652
f 658//653 683//653 659//653
f 659//653 683//653 684//653
f 659//652 684//652 670//652
f 685//653 686//653 687//653
f 687//653 686//653 621//653
f 687//653 621//653 519//653
f 519//653 621//653 628//653
f 519//653 628//653 520//653
f 520//653 628//653 672//653
f 688//654 689//654 690//654
f 691//655 692//655 693//655
f 694//656 673//656 695//656
f 695//631 673//631 678//631
f 693//629 692//629 696//629
f 690//657 689//657 678//657
f 678//658 689//658 697//658
f 678//659 697//659 695//659
f 692//660 698//660 696//660
f 696//661 698//661 699//661
f 696//662 699//662 700//662
f 700//663 699//663 701//663
f 700//664 701//664 702//664
f 702//665 701//665 703//665
f 702//666 703//666 704//666
f 704//644 703//644 688//644
f 704//667 688//667 705//667
f 705//668 688//668 690//668
f 694//669 706//669 673//669
f 673//670 706//670 707//670
f 673//671 707//671 693//671
f 693//672 707//672 708//672
f 693//673 708//673 691//673
f 709//651 710//651 711//651
f 709//651 711//651 712//651
f 713//674 714//674 715//674
f 715//651 714//651 716//651
f 715//651 716//651 696//651
f 696//651 716//651 530//651
f 696//651 530//651 693//651
f 717//651 718//651 719//651
f 719//651 718//651 720//651
f 719//651 720//651 626//651
f 626//651 720//651 712//651
f 626//651 712//651 624//651
f 624//651 712//651 711//651
f 710//674 721//674 711//674
f 711//674 721//674 722//674
f 711//651 722//651 715//651
f 715//651 722//651 723//651
f 715//674 723//674 713//674
f 724//651 725//651 726//651
f 726//674 725//674 693//674
f 726//651 693//651 529//651
f 529//651 693//651 530//651
f 727//626 728//626 729//626
f 711//626 715//626 728//626
f 728//626 715//626 730//626
f 728//626 730//626 729//626
f 729//627 730//627 731//627
f 732//627 733//627 734//627
f 734//626 733//626 731//626
f 734//626 731//626 735//626
f 735//626 731//626 730//626
f 736//626 737//626 729//626
f 729//627 737//627 738//627
f 729//626 738//626 727//626
f 729//653 731//653 739//653
f 739//653 533//653 729//653
f 729//653 533//653 740//653
f 729//653 740//653 741//653
f 742//653 533//653 743//653
f 743//653 533//653 532//653
f 744//653 745//653 740//653
f 740//653 745//653 746//653
f 740//653 746//653 747//653
f 742//653 748//653 533//653
f 533//653 748//653 749//653
f 533//653 749//653 740//653
f 740//653 749//653 750//653
f 740//653 750//653 744//653
f 657//675 656//675 683//675
f 683//675 656//675 684//675
f 723//675 722//675 749//675
f 749//675 722//675 750//675
f 712//624 720//624 747//624
f 747//624 720//624 751//624
f 752//624 753//624 747//624
f 747//624 753//624 754//624
f 747//624 754//624 740//624
f 751//624 575//624 747//624
f 747//624 575//624 554//624
f 747//624 554//624 752//624
f 679//625 677//625 654//625
f 654//625 677//625 755//625
f 756//625 757//625 654//625
f 654//625 757//625 758//625
f 654//625 758//625 646//625
f 755//625 580//625 654//625
f 654//625 580//625 582//625
f 654//625 582//625 756//625
f 563//676 634//676 636//676
f 563//676 636//676 565//676
f 565//677 636//677 638//677
f 565//678 638//678 567//678
f 567//679 638//679 640//679
f 567//680 640//680 569//680
f 569//681 640//681 641//681
f 569//681 641//681 571//681
f 711//682 728//682 624//682
f 624//682 728//682 759//682
f 760//683 761//683 624//683
f 624//684 761//684 762//684
f 624//685 762//685 763//685
f 571//686 641//686 573//686
f 573//687 641//687 624//687
f 573//688 624//688 764//688
f 759//689 765//689 624//689
f 624//690 765//690 766//690
f 624//691 766//691 760//691
f 763//692 767//692 624//692
f 624//693 767//693 768//693
f 624//694 768//694 764//694
f 628//695 769//695 770//695
f 634//696 563//696 628//696
f 628//697 563//697 543//697
f 628//698 543//698 769//698
f 770//699 771//699 628//699
f 628//700 771//700 772//700
f 628//701 772//701 773//701
f 661//702 659//702 774//702
f 774//702 659//702 628//702
f 774//703 628//703 775//703
f 775//704 628//704 773//704
f 776//705 777//705 630//705
f 630//706 777//706 778//706
f 630//707 778//707 631//707
f 631//708 778//708 779//708
f 631//709 779//709 622//709
f 622//709 779//709 780//709
f 622//710 780//710 623//710
f 623//710 780//710 781//710
f 623//711 781//711 632//711
f 632//711 781//711 782//711
f 632//712 782//712 633//712
f 633//712 782//712 783//712
f 633//713 783//713 635//713
f 635//713 783//713 784//713
f 635//714 784//714 637//714
f 637//714 784//714 785//714
f 637//624 785//624 639//624
f 639//624 785//624 786//624
f 639//715 786//715 642//715
f 642//715 786//715 787//715
f 642//716 787//716 643//716
f 643//716 787//716 788//716
f 643//717 788//717 625//717
f 625//717 788//717 789//717
f 625//718 789//718 627//718
f 627//718 789//718 790//718
f 627//719 790//719 629//719
f 629//719 790//719 776//719
f 629//705 776//705 630//705
f 592//720 700//720 702//720
f 592//720 702//720 595//720
f 595//721 702//721 704//721
f 595//722 704//722 597//722
f 597//723 704//723 705//723
f 597//724 705//724 599//724
f 599//725 705//725 690//725
f 599//725 690//725 601//725
f 658//726 660//726 678//726
f 678//726 660//726 791//726
f 792//727 793//727 678//727
f 678//728 793//728 794//728
f 678//729 794//729 795//729
f 601//730 690//730 603//730
f 603//731 690//731 678//731
f 603//732 678//732 796//732
f 791//733 797//733 678//733
f 678//734 797//734 798//734
f 678//735 798//735 792//735
f 795//736 799//736 678//736
f 678//737 799//737 800//737
f 678//738 800//738 796//738
f 696//739 801//739 802//739
f 700//740 592//740 696//740
f 696//741 592//741 591//741
f 696//742 591//742 801//742
f 802//743 803//743 696//743
f 696//744 803//744 804//744
f 696//745 804//745 805//745
f 730//746 715//746 806//746
f 806//746 715//746 696//746
f 806//747 696//747 807//747
f 807//748 696//748 805//748
f 808//705 809//705 703//705
f 703//749 809//749 810//749
f 703//750 810//750 688//750
f 688//751 810//751 811//751
f 688//709 811//709 689//709
f 689//709 811//709 812//709
f 689//710 812//710 697//710
f 697//710 812//710 813//710
f 697//711 813//711 695//711
f 695//711 813//711 814//711
f 695//712 814//712 694//712
f 694//712 814//712 815//712
f 694//713 815//713 706//713
f 706//713 815//713 816//713
f 706//714 816//714 707//714
f 707//714 816//714 817//714
f 707//624 817//624 708//624
f 708//624 817//624 818//624
f 708//715 818//715 691//715
f 691//715 818//715 819//715
f 691//716 819//716 692//716
f 692//716 819//716 820//716
f 692//717 820//717 698//717
f 698//717 820//717 821//717
f 698//718 821//718 699//718
f 699//718 821//718 822//718
f 699//719 822//719 701//719
f 701//719 822//719 808//719
f 701//705 808//705 703//705
f 781//627 823//627 782//627
f 782//626 823//626 824//626
f 782//627 824//627 783//627
f 783//626 824//626 825//626
f 783//627 825//627 784//627
f 784//626 825//626 826//626
f 784//626 826//626 785//626
f 785//626 826//626 827//626
f 785//627 827//627 786//627
f 827//626 828//626 786//626
f 786//626 828//626 829//626
f 786//626 829//626 787//626
f 787//626 829//626 830//626
f 787//626 830//626 788//626
f 830//626 831//626 788//626
f 788//626 831//626 832//626
f 788//627 832//627 789//627
f 789//626 832//626 833//626
f 789//627 833//627 790//627
f 790//626 833//626 834//626
f 790//627 834//627 776//627
f 776//626 834//626 835//626
f 776//626 835//626 777//626
f 777//626 835//626 836//626
f 777//626 836//626 778//626
f 778//626 836//626 837//626
f 778//627 837//627 779//627
f 779//626 837//626 838//626
f 779//626 838//626 780//626
f 780//627 838//627 839//627
f 780//626 839//626 781//626
f 781//626 839//626 840//626
f 781//626 840//626 823//626
f 828//752 566//752 829//752
f 829//752 566//752 568//752
f 829//753 568//753 830//753
f 830//753 568//753 570//753
f 830//754 570//754 831//754
f 831//754 570//754 572//754
f 831//755 572//755 832//755
f 832//755 572//755 560//755
f 832//653 560//653 833//653
f 833//653 560//653 558//653
f 833//756 558//756 834//756
f 834//756 558//756 556//756
f 834//757 556//757 835//757
f 835//757 556//757 553//757
f 835//758 553//758 836//758
f 836//758 553//758 552//758
f 836//759 552//759 837//759
f 837//759 552//759 577//759
f 837//760 577//760 838//760
f 838//760 577//760 550//760
f 838//761 550//761 839//761
f 839//761 550//761 549//761
f 839//762 549//762 840//762
f 840//762 549//762 548//762
f 840//763 548//763 823//763
f 823//763 548//763 546//763
f 823//651 546//651 824//651
f 824//651 546//651 539//651
f 824//764 539//764 825//764
f 825//764 539//764 544//764
f 825//765 544//765 826//765
f 826//765 544//765 562//765
f 826//766 562//766 827//766
f 827//766 562//766 564//766
f 827//767 564//767 828//767
f 828//767 564//767 566//767
f 813//627 841//627 814//627
f 814//626 841//626 842//626
f 814//627 842//627 815//627
f 815//626 842//626 843//626
f 815//627 843//627 816//627
f 816//626 843//626 844//626
f 816//626 844//626 817//626
f 817//626 844//626 845//626
f 817//626 845//626 818//626
f 845//626 846//626 818//626
f 818//626 846//626 847//626
f 818//626 847//626 819//626
f 819//627 847//627 848//627
f 819//626 848//626 820//626
f 848//626 849//626 820//626
f 820//626 849//626 850//626
f 820//627 850//627 821//627
f 821//626 850//626 851//626
f 821//627 851//627 822//627
f 822//626 851//626 852//626
f 822//627 852//627 808//627
f 808//626 852//626 853//626
f 808//626 853//626 809//626
f 809//626 853//626 854//626
f 809//627 854//627 810//627
f 810//626 854//626 855//626
f 810//626 855//626 811//626
f 811//626 855//626 856//626
f 811//626 856//626 812//626
f 812//626 856//626 857//626
f 812//626 857//626 813//626
f 813//626 857//626 858//626
f 813//626 858//626 841//626
f 846//768 611//768 847//768
f 847//768 611//768 613//768
f 847//769 613//769 848//769
f 848//769 613//769 615//769
f 848//754 615//754 849//754
f 849//754 615//754 616//754
f 849//755 616//755 850//755
f 850//755 616//755 618//755
f 850//653 618//653 851//653
f 851//653 618//653 606//653
f 851//756 606//756 852//756
f 852//756 606//756 605//756
f 852//757 605//757 853//757
f 853//757 605//757 593//757
f 853//770 593//770 854//770
f 854//770 593//770 594//770
f 854//771 594//771 855//771
f 855//771 594//771 596//771
f 855//772 596//772 856//772
f 856//772 596//772 598//772
f 856//773 598//773 857//773
f 857//773 598//773 600//773
f 857//762 600//762 858//762
f 858//762 600//762 602//762
f 858//763 602//763 841//763
f 841//763 602//763 589//763
f 841//651 589//651 842//651
f 842//651 589//651 587//651
f 842//764 587//764 843//764
f 843//764 587//764 585//764
f 843//765 585//765 844//765
f 844//765 585//765 583//765
f 844//774 583//774 845//774
f 845//774 583//774 581//774
f 845//775 581//775 846//775
f 846//775 581//775 611//775
f 759//776 728//776 859//776
f 859//777 728//777 727//777
f 860//778 861//778 738//778
f 738//779 861//779 862//779
f 738//780 862//780 727//780
f 727//781 862//781 863//781
f 727//782 863//782 859//782
f 860//783 738//783 864//783
f 864//784 738//784 737//784
f 864//785 737//785 865//785
f 865//786 737//786 866//786
f 866//787 737//787 736//787
f 866//788 736//788 867//788
f 867//789 736//789 868//789
f 868//790 736//790 729//790
f 868//791 729//791 741//791
f 739//792 731//792 869//792
f 869//793 731//793 733//793
f 732//794 870//794 733//794
f 733//795 870//795 871//795
f 733//796 871//796 869//796
f 872//797 873//797 734//797
f 734//798 873//798 874//798
f 734//799 874//799 732//799
f 732//800 874//800 875//800
f 732//801 875//801 870//801
f 872//802 734//802 876//802
f 876//803 734//803 735//803
f 876//804 735//804 877//804
f 877//805 735//805 878//805
f 878//806 735//806 730//806
f 878//807 730//807 806//807
f 791//808 660//808 879//808
f 879//809 660//809 663//809
f 662//810 880//810 663//810
f 663//811 880//811 881//811
f 663//812 881//812 879//812
f 882//813 883//813 664//813
f 664//814 883//814 884//814
f 664//815 884//815 662//815
f 662//816 884//816 885//816
f 662//817 885//817 880//817
f 882//818 664//818 886//818
f 886//819 664//819 665//819
f 886//820 665//820 887//820
f 887//821 665//821 888//821
f 888//822 665//822 645//822
f 888//823 645//823 644//823
f 648//824 647//824 889//824
f 889//825 647//825 669//825
f 890//826 891//826 667//826
f 667//827 891//827 892//827
f 667//828 892//828 669//828
f 669//829 892//829 893//829
f 669//830 893//830 889//830
f 890//831 667//831 894//831
f 894//832 667//832 666//832
f 894//833 666//833 895//833
f 895//834 666//834 896//834
f 896//835 666//835 668//835
f 896//836 668//836 897//836
f 897//837 668//837 898//837
f 898//838 668//838 661//838
f 898//839 661//839 774//839
f 755//840 677//840 899//840
f 899//841 677//841 676//841
f 675//842 900//842 676//842
f 676//843 900//843 901//843
f 676//844 901//844 899//844
f 725//845 724//845 902//845
f 902//846 903//846 725//846
f 725//847 903//847 904//847
f 725//848 904//848 905//848
f 905//849 906//849 674//849
f 674//850 906//850 907//850
f 674//851 907//851 675//851
f 675//852 907//852 908//852
f 675//853 908//853 900//853
f 726//854 529//854 531//854
f 531//855 909//855 726//855
f 726//856 909//856 910//856
f 726//857 910//857 724//857
f 724//858 910//858 911//858
f 724//859 911//859 902//859
f 905//860 674//860 725//860
f 725//861 674//861 673//861
f 725//862 673//862 693//862
f 751//863 720//863 912//863
f 912//864 720//864 718//864
f 717//865 913//865 718//865
f 718//866 913//866 914//866
f 718//867 914//867 912//867
f 686//868 685//868 915//868
f 915//869 916//869 686//869
f 686//870 916//870 917//870
f 686//871 917//871 918//871
f 918//872 919//872 719//872
f 719//873 919//873 920//873
f 719//874 920//874 717//874
f 717//875 920//875 921//875
f 717//876 921//876 913//876
f 687//877 519//877 521//877
f 521//878 922//878 687//878
f 687//879 922//879 923//879
f 687//880 923//880 685//880
f 685//881 923//881 924//881
f 685//882 924//882 915//882
f 918//883 719//883 686//883
f 686//884 719//884 626//884
f 686//885 626//885 621//885
f 723//886 749//886 713//886
f 713//886 749//886 748//886
f 713//887 748//887 714//887
f 714//887 748//887 742//887
f 714//888 742//888 716//888
f 716//888 742//888 743//888
f 716//889 743//889 530//889
f 530//889 743//889 532//889
f 712//890 747//890 709//890
f 709//890 747//890 746//890
f 709//891 746//891 710//891
f 710//891 746//891 745//891
f 710//892 745//892 721//892
f 721//892 745//892 744//892
f 721//893 744//893 722//893
f 722//893 744//893 750//893
f 657//886 683//886 651//886
f 651//886 683//886 682//886
f 651//887 682//887 652//887
f 652//887 682//887 681//887
f 652//888 681//888 653//888
f 653//888 681//888 680//888
f 653//889 680//889 654//889
f 654//889 680//889 679//889
f 522//890 520//890 650//890
f 650//890 520//890 672//890
f 650//891 672//891 649//891
f 649//891 672//891 671//891
f 649//892 671//892 655//892
f 655//892 671//892 670//892
f 655//893 670//893 656//893
f 656//893 670//893 684//893
f 925//894 617//894 538//894
f 538//895 617//895 537//895
f 925//896 538//896 926//896
f 926//897 538//897 535//897
f 926//898 535//898 927//898
f 927//899 535//899 928//899
f 928//900 535//900 534//900
f 928//901 534//901 929//901
f 929//902 534//902 533//902
f 929//903 533//903 739//903
f 927//904 928//904 930//904
f 803//905 931//905 804//905
f 802//906 801//906 932//906
f 931//907 933//907 804//907
f 804//908 933//908 934//908
f 804//909 934//909 805//909
f 617//910 925//910 619//910
f 619//911 925//911 935//911
f 619//912 935//912 620//912
f 620//913 935//913 936//913
f 620//914 936//914 608//914
f 608//914 936//914 937//914
f 608//915 937//915 607//915
f 607//916 937//916 938//916
f 607//917 938//917 591//917
f 925//918 926//918 935//918
f 935//919 926//919 939//919
f 935//920 939//920 936//920
f 936//921 939//921 940//921
f 936//922 940//922 937//922
f 937//923 940//923 941//923
f 937//924 941//924 938//924
f 938//925 941//925 942//925
f 926//926 927//926 939//926
f 939//927 927//927 930//927
f 939//928 930//928 940//928
f 940//929 930//929 943//929
f 940//930 943//930 941//930
f 941//931 943//931 944//931
f 941//932 944//932 942//932
f 942//933 944//933 945//933
f 802//934 932//934 803//934
f 803//935 932//935 946//935
f 803//936 946//936 931//936
f 931//937 946//937 947//937
f 931//938 947//938 933//938
f 928//939 929//939 930//939
f 930//940 929//940 948//940
f 930//941 948//941 943//941
f 943//942 948//942 949//942
f 943//943 949//943 944//943
f 944//944 949//944 950//944
f 944//945 950//945 945//945
f 945//946 950//946 951//946
f 806//947 807//947 878//947
f 878//948 807//948 805//948
f 878//949 805//949 877//949
f 877//950 805//950 934//950
f 877//951 934//951 876//951
f 876//952 934//952 933//952
f 876//953 933//953 872//953
f 872//954 933//954 947//954
f 872//955 947//955 873//955
f 591//956 938//956 801//956
f 801//957 938//957 942//957
f 801//958 942//958 932//958
f 932//959 942//959 945//959
f 932//960 945//960 946//960
f 946//961 945//961 951//961
f 946//962 951//962 947//962
f 947//963 951//963 874//963
f 947//964 874//964 873//964
f 929//965 739//965 948//965
f 948//966 739//966 869//966
f 948//967 869//967 949//967
f 949//968 869//968 871//968
f 949//969 871//969 950//969
f 950//970 871//970 870//970
f 950//971 870//971 951//971
f 951//972 870//972 875//972
f 951//973 875//973 874//973
f 741//974 740//974 754//974
f 554//975 555//975 952//975
f 554//976 952//976 752//976
f 752//977 952//977 953//977
f 752//978 953//978 753//978
f 953//898 954//898 753//898
f 753//899 954//899 955//899
f 753//979 955//979 754//979
f 754//980 955//980 956//980
f 754//981 956//981 741//981
f 957//982 958//982 959//982
f 561//983 574//983 960//983
f 761//984 760//984 961//984
f 961//985 760//985 766//985
f 961//986 766//986 859//986
f 859//987 766//987 765//987
f 859//988 765//988 759//988
f 762//989 962//989 763//989
f 763//990 962//990 767//990
f 767//991 962//991 768//991
f 768//992 962//992 960//992
f 768//993 960//993 764//993
f 764//994 960//994 574//994
f 764//995 574//995 573//995
f 952//996 555//996 963//996
f 963//997 555//997 557//997
f 963//998 557//998 964//998
f 953//999 952//999 965//999
f 965//1000 952//1000 963//1000
f 965//1001 963//1001 966//1001
f 966//1002 963//1002 964//1002
f 966//1003 964//1003 967//1003
f 559//1004 561//1004 968//1004
f 968//1005 561//1005 960//1005
f 968//1006 960//1006 969//1006
f 969//1007 960//1007 962//1007
f 969//1008 962//1008 957//1008
f 957//1009 962//1009 762//1009
f 957//1010 762//1010 958//1010
f 958//1011 762//1011 761//1011
f 958//1012 761//1012 959//1012
f 959//1013 761//1013 961//1013
f 959//1014 961//1014 863//1014
f 863//1015 961//1015 859//1015
f 970//1016 955//1016 965//1016
f 965//1017 955//1017 954//1017
f 965//1018 954//1018 953//1018
f 970//1019 965//1019 971//1019
f 971//1020 965//1020 966//1020
f 971//1021 966//1021 972//1021
f 972//1022 966//1022 967//1022
f 972//1023 967//1023 973//1023
f 956//1024 955//1024 974//1024
f 974//1025 955//1025 970//1025
f 974//1026 970//1026 975//1026
f 975//1027 970//1027 971//1027
f 975//1028 971//1028 976//1028
f 976//1029 971//1029 972//1029
f 976//1030 972//1030 977//1030
f 977//1031 972//1031 973//1031
f 977//1032 973//1032 978//1032
f 741//1033 956//1033 868//1033
f 868//1034 956//1034 974//1034
f 868//1035 974//1035 867//1035
f 867//1036 974//1036 975//1036
f 867//1037 975//1037 866//1037
f 866//1038 975//1038 976//1038
f 866//1039 976//1039 865//1039
f 865//1040 976//1040 977//1040
f 862//1041 861//1041 978//1041
f 978//1042 861//1042 860//1042
f 978//1043 860//1043 977//1043
f 977//1044 860//1044 864//1044
f 977//1045 864//1045 865//1045
f 557//1046 559//1046 964//1046
f 964//1047 559//1047 968//1047
f 964//1048 968//1048 967//1048
f 967//1049 968//1049 969//1049
f 967//1050 969//1050 973//1050
f 973//1051 969//1051 957//1051
f 973//1052 957//1052 978//1052
f 978//1053 957//1053 959//1053
f 978//1054 959//1054 862//1054
f 862//1055 959//1055 863//1055
f 979//1056 644//1056 758//1056
f 758//1057 644//1057 646//1057
f 979//1058 758//1058 980//1058
f 980//1059 758//1059 757//1059
f 980//1060 757//1060 981//1060
f 981//1061 757//1061 982//1061
f 982//1062 757//1062 756//1062
f 982//1063 756//1063 983//1063
f 983//1064 756//1064 582//1064
f 983//1065 582//1065 584//1065
f 984//1066 985//1066 986//1066
f 590//1067 604//1067 987//1067
f 793//1068 792//1068 988//1068
f 988//1069 792//1069 798//1069
f 988//1070 798//1070 879//1070
f 879//1071 798//1071 797//1071
f 879//1072 797//1072 791//1072
f 794//1073 989//1073 795//1073
f 795//1074 989//1074 799//1074
f 799//1075 989//1075 800//1075
f 800//1076 989//1076 987//1076
f 800//1077 987//1077 796//1077
f 796//1078 987//1078 604//1078
f 796//1079 604//1079 603//1079
f 983//1080 584//1080 990//1080
f 990//1081 584//1081 586//1081
f 990//1082 586//1082 991//1082
f 982//1083 983//1083 992//1083
f 992//1084 983//1084 990//1084
f 992//1085 990//1085 993//1085
f 993//1086 990//1086 991//1086
f 993//1087 991//1087 994//1087
f 588//1088 590//1088 995//1088
f 995//1089 590//1089 987//1089
f 995//1090 987//1090 996//1090
f 996//1091 987//1091 989//1091
f 996//1092 989//1092 984//1092
f 984//1093 989//1093 794//1093
f 984//1094 794//1094 985//1094
f 985//1095 794//1095 793//1095
f 985//1096 793//1096 986//1096
f 986//1097 793//1097 988//1097
f 986//1098 988//1098 881//1098
f 881//1099 988//1099 879//1099
f 997//1100 980//1100 992//1100
f 992//1101 980//1101 981//1101
f 992//1102 981//1102 982//1102
f 997//1103 992//1103 998//1103
f 998//1104 992//1104 993//1104
f 998//1105 993//1105 999//1105
f 999//1106 993//1106 994//1106
f 999//1107 994//1107 1000//1107
f 979//1108 980//1108 1001//1108
f 1001//1109 980//1109 997//1109
f 1001//1110 997//1110 1002//1110
f 1002//1111 997//1111 998//1111
f 1002//1112 998//1112 1003//1112
f 1003//1113 998//1113 999//1113
f 1003//1114 999//1114 1004//1114
f 1004//1115 999//1115 1000//1115
f 1004//1116 1000//1116 1005//1116
f 644//1117 979//1117 888//1117
f 888//1118 979//1118 1001//1118
f 888//1119 1001//1119 887//1119
f 887//1120 1001//1120 1002//1120
f 887//1121 1002//1121 886//1121
f 886//1122 1002//1122 1003//1122
f 886//1123 1003//1123 882//1123
f 882//1124 1003//1124 1004//1124
f 880//1125 885//1125 1005//1125
f 1005//1126 885//1126 884//1126
f 1005//1127 884//1127 1004//1127
f 1004//1128 884//1128 883//1128
f 1004//1129 883//1129 882//1129
f 586//1130 588//1130 991//1130
f 991//1131 588//1131 995//1131
f 991//1132 995//1132 994//1132
f 994//1133 995//1133 996//1133
f 994//1134 996//1134 1000//1134
f 1000//1135 996//1135 984//1135
f 1000//1136 984//1136 1005//1136
f 1005//1137 984//1137 986//1137
f 1005//1138 986//1138 880//1138
f 880//1139 986//1139 881//1139
f 547//1140 527//1140 528//1140
f 523//1141 648//1141 1006//1141
f 523//1142 1006//1142 524//1142
f 524//1143 1006//1143 1007//1143
f 524//1144 1007//1144 525//1144
f 1007//1060 1008//1060 525//1060
f 525//1061 1008//1061 1009//1061
f 525//1145 1009//1145 528//1145
f 528//1146 1009//1146 1010//1146
f 528//1147 1010//1147 547//1147
f 1008//1148 1007//1148 1011//1148
f 771//1149 1012//1149 772//1149
f 770//1150 769//1150 1013//1150
f 1012//1151 1014//1151 772//1151
f 772//1152 1014//1152 1015//1152
f 772//1153 1015//1153 773//1153
f 547//1154 1010//1154 545//1154
f 545//1155 1010//1155 1016//1155
f 545//1156 1016//1156 540//1156
f 540//1157 1016//1157 1017//1157
f 540//1158 1017//1158 541//1158
f 541//1158 1017//1158 1018//1158
f 541//1159 1018//1159 542//1159
f 542//1160 1018//1160 1019//1160
f 542//1161 1019//1161 543//1161
f 1010//1162 1009//1162 1016//1162
f 1016//1163 1009//1163 1020//1163
f 1016//1164 1020//1164 1017//1164
f 1017//1165 1020//1165 1021//1165
f 1017//1166 1021//1166 1018//1166
f 1018//1167 1021//1167 1022//1167
f 1018//1168 1022//1168 1019//1168
f 1019//1169 1022//1169 1023//1169
f 1009//1170 1008//1170 1020//1170
f 1020//1171 1008//1171 1011//1171
f 1020//1172 1011//1172 1021//1172
f 1021//1173 1011//1173 1024//1173
f 1021//1174 1024//1174 1022//1174
f 1022//1175 1024//1175 1025//1175
f 1022//1176 1025//1176 1023//1176
f 1023//1177 1025//1177 1026//1177
f 770//1178 1013//1178 771//1178
f 771//1179 1013//1179 1027//1179
f 771//1180 1027//1180 1012//1180
f 1012//1181 1027//1181 1028//1181
f 1012//1182 1028//1182 1014//1182
f 1007//1183 1006//1183 1011//1183
f 1011//1184 1006//1184 1029//1184
f 1011//1185 1029//1185 1024//1185
f 1024//1186 1029//1186 1030//1186
f 1024//1187 1030//1187 1025//1187
f 1025//1188 1030//1188 1031//1188
f 1025//1189 1031//1189 1026//1189
f 1026//1190 1031//1190 1032//1190
f 774//1191 775//1191 898//1191
f 898//1192 775//1192 773//1192
f 898//1193 773//1193 897//1193
f 897//1194 773//1194 1015//1194
f 897//1195 1015//1195 896//1195
f 896//1196 1015//1196 1014//1196
f 896//1197 1014//1197 895//1197
f 895//1198 1014//1198 1028//1198
f 895//1199 1028//1199 894//1199
f 543//1200 1019//1200 769//1200
f 769//1201 1019//1201 1023//1201
f 769//1202 1023//1202 1013//1202
f 1013//1203 1023//1203 1026//1203
f 1013//1204 1026//1204 1027//1204
f 1027//1205 1026//1205 1032//1205
f 1027//1206 1032//1206 1028//1206
f 1028//1207 1032//1207 890//1207
f 1028//1208 890//1208 894//1208
f 1006//1209 648//1209 1029//1209
f 1029//1210 648//1210 889//1210
f 1029//1211 889//1211 1030//1211
f 1030//1212 889//1212 893//1212
f 1030//1213 893//1213 1031//1213
f 1031//1214 893//1214 892//1214
f 1031//1215 892//1215 1032//1215
f 1032//1216 892//1216 891//1216
f 1032//1217 891//1217 890//1217
f 923//1218 922//1218 521//1218
f 923//1219 521//1219 1033//1219
f 1033//1220 521//1220 526//1220
f 1033//1221 526//1221 551//1221
f 579//1222 916//1222 551//1222
f 551//1223 916//1223 915//1223
f 551//1224 915//1224 1033//1224
f 1033//1225 915//1225 924//1225
f 1033//1226 924//1226 923//1226
f 578//1227 918//1227 579//1227
f 579//1228 918//1228 917//1228
f 579//1229 917//1229 916//1229
f 576//1230 575//1230 751//1230
f 914//1231 913//1231 1034//1231
f 1034//1232 913//1232 921//1232
f 1034//1233 921//1233 576//1233
f 576//1234 921//1234 920//1234
f 576//1235 920//1235 578//1235
f 578//1236 920//1236 919//1236
f 578//1237 919//1237 918//1237
f 576//1238 751//1238 1034//1238
f 1034//1239 751//1239 912//1239
f 1034//1240 912//1240 914//1240
f 910//1241 909//1241 531//1241
f 910//1242 531//1242 1035//1242
f 1035//1243 531//1243 536//1243
f 1035//1244 536//1244 614//1244
f 612//1245 903//1245 614//1245
f 614//1246 903//1246 902//1246
f 614//1247 902//1247 1035//1247
f 1035//1248 902//1248 911//1248
f 1035//1249 911//1249 910//1249
f 610//1250 905//1250 612//1250
f 612//1251 905//1251 904//1251
f 612//1252 904//1252 903//1252
f 609//1253 580//1253 755//1253
f 901//1254 900//1254 1036//1254
f 1036//1255 900//1255 908//1255
f 1036//1256 908//1256 609//1256
f 609//1257 908//1257 907//1257
f 609//1258 907//1258 610//1258
f 610//1259 907//1259 906//1259
f 610//1260 906//1260 905//1260
f 609//1261 755//1261 1036//1261
f 1036//1262 755//1262 899//1262
f 1036//1263 899//1263 901//1263
f 1037//1264 1038//1264 1039//1264
f 1039//1264 1038//1264 1040//1264
f 1041//1265 1042//1265 1043//1265
f 1043//1265 1042//1265 1044//1265
f 1045//1265 1046//1265 1047//1265
f 1047//1265 1046//1265 1048//1265
f 1049//1264 1050//1264 1051//1264
f 1051//1264 1050//1264 1052//1264
f 1053//1266 1054//1266 1055//1266
f 1055//1266 1054//1266 1056//1266
f 1055//1266 1056//1266 1057//1266
f 1057//1266 1056//1266 1058//1266
f 1058//1266 1056//1266 1059//1266
f 1059//1266 1056//1266 1060//1266
f 1059//1266 1060//1266 1061//1266
f 1062//1266 1063//1266 1064//1266
f 1064//1266 1063//1266 1054//1266
f 1064//1266 1054//1266 1065//1266
f 1065//1266 1054//1266 1053//1266
f 1062//1266 1066//1266 1063//1266
f 1063//1266 1066//1266 1067//1266
f 1063//1266 1067//1266 1060//1266
f 1060//1266 1067//1266 1068//1266
f 1060//1266 1068//1266 1061//1266
f 1069//1266 1070//1266 1071//1266
f 1071//1266 1070//1266 1072//1266
f 1072//1266 1070//1266 1073//1266
f 1072//1266 1073//1266 1074//1266
f 1069//1266 1071//1266 1075//1266
f 1075//1266 1071//1266 1076//1266
f 1075//1266 1076//1266 1077//1266
f 1074//1266 1078//1266 1072//1266
f 1072//1266 1078//1266 1079//1266
f 1072//1266 1079//1266 1080//1266
f 1080//1266 1079//1266 1081//1266
f 1081//1266 1082//1266 1080//1266
f 1080//1266 1082//1266 1083//1266
f 1080//1266 1083//1266 1076//1266
f 1076//1266 1083//1266 1084//1266
f 1076//1266 1084//1266 1077//1266
f 1085//1267 1086//1267 1087//1267
f 1087//1267 1086//1267 1088//1267
f 1087//1267 1088//1267 1089//1267
f 1088//1267 1090//1267 1089//1267
f 1089//1267 1090//1267 1091//1267
f 1089//1267 1091//1267 1092//1267
f 1092//1267 1091//1267 1093//1267
f 1092//1267 1093//1267 1094//1267
f 1085//1267 1087//1267 1095//1267
f 1095//1267 1087//1267 1096//1267
f 1095//1267 1096//1267 1097//1267
f 1094//1267 1098//1267 1092//1267
f 1092//1267 1098//1267 1099//1267
f 1092//1267 1099//1267 1096//1267
f 1096//1267 1099//1267 1100//1267
f 1096//1267 1100//1267 1097//1267
f 1101//1267 1102//1267 1103//1267
f 1103//1267 1102//1267 1104//1267
f 1104//1267 1102//1267 1105//1267
f 1104//1267 1105//1267 1106//1267
f 1101//1267 1103//1267 1107//1267
f 1107//1267 1103//1267 1108//1267
f 1107//1267 1108//1267 1109//1267
f 1106//1267 1110//1267 1104//1267
f 1104//1267 1110//1267 1111//1267
f 1104//1267 1111//1267 1112//1267
f 1112//1267 1111//1267 1113//1267
f 1113//1267 1114//1267 1112//1267
f 1112//1267 1114//1267 1115//1267
f 1112//1267 1115//1267 1108//1267
f 1108//1267 1115//1267 1116//1267
f 1108//1267 1116//1267 1109//1267
f 1117//1268 1118//1268 1119//1268
f 1119//1268 1118//1268 1120//1268
f 1121//1268 1122//1268 1123//1268
f 1123//1268 1122//1268 1124//1268
f 1123//1268 1124//1268 1125//1268
f 1039//1268 1040//1268 1124//1268
f 1120//1268 1126//1268 1119//1268
f 1119//1268 1126//1268 1127//1268
f 1119//1268 1127//1268 1124//1268
f 1124//1268 1127//1268 1128//1268
f 1125//1268 1124//1268 1129//1268
f 1129//1268 1124//1268 1040//1268
f 1129//1268 1040//1268 1130//1268
f 1131//1268 1132//1268 1133//1268
f 1134//1268 1135//1268 1136//1268
f 1137//1268 1138//1268 1139//1268
f 1139//1268 1138//1268 1140//1268
f 1139//1268 1140//1268 1141//1268
f 1141//1268 1140//1268 1142//1268
f 1141//1268 1142//1268 1143//1268
f 1143//1268 1142//1268 1144//1268
f 1143//1268 1144//1268 1145//1268
f 1146//1268 1147//1268 1148//1268
f 1148//1268 1147//1268 1149//1268
f 1150//1268 1151//1268 1152//1268
f 1152//1268 1151//1268 1153//1268
f 1152//1268 1153//1268 1154//1268
f 1155//1268 1156//1268 1050//1268
f 1131//1268 1133//1268 1157//1268
f 1156//1268 1155//1268 1158//1268
f 1158//1268 1155//1268 1137//1268
f 1158//1268 1137//1268 1159//1268
f 1159//1268 1137//1268 1139//1268
f 1159//1268 1139//1268 1160//1268
f 1160//1268 1139//1268 1161//1268
f 1160//1268 1161//1268 1162//1268
f 1163//1268 1049//1268 1164//1268
f 1164//1268 1049//1268 1165//1268
f 1108//1268 1103//1268 1166//1268
f 1166//1268 1103//1268 1167//1268
f 1166//1268 1167//1268 1139//1268
f 1139//1268 1167//1268 1168//1268
f 1139//1268 1168//1268 1161//1268
f 1087//1268 1089//1268 1169//1268
f 1169//1268 1089//1268 1170//1268
f 1169//1268 1170//1268 1171//1268
f 1171//1268 1170//1268 1172//1268
f 1171//1268 1172//1268 1173//1268
f 1173//1268 1172//1268 1048//1268
f 1174//1268 1175//1268 1176//1268
f 1163//1268 1177//1268 1049//1268
f 1049//1268 1177//1268 1178//1268
f 1049//1268 1178//1268 1050//1268
f 1050//1268 1178//1268 1179//1268
f 1050//1268 1179//1268 1155//1268
f 1172//1268 1180//1268 1048//1268
f 1048//1268 1180//1268 1181//1268
f 1048//1268 1181//1268 1182//1268
f 1183//1268 1184//1268 1133//1268
f 1133//1268 1184//1268 1185//1268
f 1133//1268 1185//1268 1157//1268
f 1157//1268 1185//1268 1186//1268
f 1157//1268 1186//1268 1187//1268
f 1187//1268 1186//1268 1188//1268
f 1187//1268 1188//1268 1189//1268
f 1189//1268 1188//1268 1190//1268
f 1189//1268 1190//1268 1162//1268
f 1162//1268 1190//1268 1191//1268
f 1162//1268 1191//1268 1160//1268
f 1160//1268 1191//1268 1192//1268
f 1160//1268 1192//1268 1171//1268
f 1171//1268 1192//1268 1193//1268
f 1171//1268 1193//1268 1169//1268
f 1165//1268 1194//1268 1164//1268
f 1164//1268 1194//1268 1195//1268
f 1164//1268 1195//1268 1196//1268
f 1196//1268 1195//1268 1197//1268
f 1198//1268 1199//1268 1200//1268
f 1148//1268 1201//1268 1047//1268
f 1202//1268 1203//1268 1204//1268
f 1204//1268 1203//1268 1205//1268
f 1204//1268 1205//1268 1206//1268
f 1206//1268 1205//1268 1207//1268
f 1206//1268 1207//1268 1199//1268
f 1199//1268 1207//1268 1208//1268
f 1199//1268 1208//1268 1200//1268
f 1174//1268 1176//1268 1209//1268
f 1210//1268 1211//1268 1212//1268
f 1212//1268 1211//1268 1213//1268
f 1130//1268 1040//1268 1135//1268
f 1135//1268 1040//1268 1214//1268
f 1135//1268 1214//1268 1136//1268
f 1047//1268 1048//1268 1148//1268
f 1148//1268 1048//1268 1182//1268
f 1148//1268 1182//1268 1153//1268
f 1153//1268 1182//1268 1215//1268
f 1153//1268 1215//1268 1154//1268
f 1216//1268 1039//1268 1217//1268
f 1217//1268 1039//1268 1124//1268
f 1217//1268 1124//1268 1145//1268
f 1145//1268 1124//1268 1128//1268
f 1145//1268 1128//1268 1143//1268
f 1218//1268 1219//1268 1041//1268
f 1149//1268 1220//1268 1148//1268
f 1148//1268 1220//1268 1221//1268
f 1148//1268 1221//1268 1198//1268
f 1054//1268 1063//1268 1222//1268
f 1222//1268 1063//1268 1223//1268
f 1222//1268 1223//1268 1204//1268
f 1224//1268 1225//1268 1226//1268
f 1204//1268 1223//1268 1202//1268
f 1202//1268 1223//1268 1227//1268
f 1202//1268 1227//1268 1225//1268
f 1225//1268 1227//1268 1228//1268
f 1225//1268 1228//1268 1226//1268
f 1134//1268 1136//1268 1210//1268
f 1210//1268 1136//1268 1229//1268
f 1210//1268 1229//1268 1211//1268
f 1198//1268 1200//1268 1148//1268
f 1148//1268 1200//1268 1230//1268
f 1148//1268 1230//1268 1201//1268
f 1072//1268 1080//1268 1231//1268
f 1231//1268 1080//1268 1212//1268
f 1231//1268 1212//1268 1232//1268
f 1232//1268 1212//1268 1213//1268
f 1232//1268 1213//1268 1233//1268
f 1233//1268 1213//1268 1234//1268
f 1233//1268 1234//1268 1219//1268
f 1219//1268 1234//1268 1042//1268
f 1219//1268 1042//1268 1041//1268
f 1235//1268 1236//1268 1237//1268
f 1237//1268 1236//1268 1238//1268
f 1237//1268 1238//1268 1194//1268
f 1194//1268 1238//1268 1239//1268
f 1194//1268 1239//1268 1195//1268
f 1230//1268 1240//1268 1201//1268
f 1201//1268 1240//1268 1241//1268
f 1201//1268 1241//1268 1242//1268
f 1242//1268 1241//1268 1235//1268
f 1242//1268 1235//1268 1243//1268
f 1243//1268 1235//1268 1237//1268
f 1244//1268 1245//1268 1176//1268
f 1176//1268 1245//1268 1246//1268
f 1176//1268 1246//1268 1209//1268
f 1209//1268 1246//1268 1247//1268
f 1209//1268 1247//1268 1248//1268
f 1248//1268 1247//1268 1249//1268
f 1248//1268 1249//1268 1250//1268
f 1250//1268 1249//1268 1218//1268
f 1250//1268 1218//1268 1226//1268
f 1226//1268 1218//1268 1041//1268
f 1226//1268 1041//1268 1224//1268
f 1224//1268 1041//1268 1195//1268
f 1251//1268 1197//1268 1252//1268
f 1252//1268 1197//1268 1195//1268
f 1252//1268 1195//1268 1253//1268
f 1253//1268 1195//1268 1041//1268
f 1251//1268 1254//1268 1197//1268
f 1197//1268 1254//1268 1255//1268
f 1197//1268 1255//1268 1216//1268
f 1216//1268 1255//1268 1256//1268
f 1216//1268 1256//1268 1039//1268
f 1257//1269 1258//1269 1259//1269
f 1260//1269 1261//1269 1262//1269
f 1263//1269 1264//1269 1265//1269
f 1265//1269 1264//1269 1262//1269
f 1265//1269 1262//1269 1266//1269
f 1266//1269 1262//1269 1261//1269
f 1267//1269 1268//1269 1269//1269
f 1270//1269 1271//1269 1267//1269
f 1267//1269 1271//1269 1272//1269
f 1267//1269 1272//1269 1273//1269
f 1274//1269 1275//1269 1267//1269
f 1257//1269 1259//1269 1276//1269
f 1276//1269 1259//1269 1277//1269
f 1276//1269 1277//1269 1278//1269
f 1262//1269 1267//1269 1260//1269
f 1260//1269 1267//1269 1269//1269
f 1260//1269 1269//1269 1258//1269
f 1258//1269 1269//1269 1279//1269
f 1258//1269 1279//1269 1259//1269
f 1280//1269 1281//1269 1282//1269
f 1282//1269 1281//1269 1283//1269
f 1282//1269 1283//1269 1284//1269
f 1284//1269 1283//1269 1285//1269
f 1284//1269 1285//1269 1052//1269
f 1286//1269 1287//1269 1288//1269
f 1288//1269 1287//1269 1289//1269
f 1092//1269 1096//1269 1290//1269
f 1290//1269 1096//1269 1291//1269
f 1290//1269 1291//1269 1292//1269
f 1292//1269 1291//1269 1293//1269
f 1294//1269 1295//1269 1296//1269
f 1296//1269 1295//1269 1297//1269
f 1298//1269 1299//1269 1300//1269
f 1300//1269 1299//1269 1301//1269
f 1300//1269 1301//1269 1302//1269
f 1289//1269 1303//1269 1304//1269
f 1052//1269 1285//1269 1051//1269
f 1051//1269 1285//1269 1305//1269
f 1051//1269 1305//1269 1306//1269
f 1273//1269 1307//1269 1267//1269
f 1267//1269 1307//1269 1308//1269
f 1267//1269 1308//1269 1274//1269
f 1274//1269 1308//1269 1309//1269
f 1274//1269 1309//1269 1310//1269
f 1310//1269 1309//1269 1311//1269
f 1312//1269 1313//1269 1314//1269
f 1315//1269 1316//1269 1305//1269
f 1305//1269 1316//1269 1317//1269
f 1305//1269 1317//1269 1306//1269
f 1318//1269 1319//1269 1320//1269
f 1313//1269 1312//1269 1321//1269
f 1321//1269 1312//1269 1322//1269
f 1321//1269 1322//1269 1318//1269
f 1318//1269 1322//1269 1323//1269
f 1318//1269 1323//1269 1319//1269
f 1275//1269 1046//1269 1267//1269
f 1267//1269 1046//1269 1045//1269
f 1267//1269 1045//1269 1268//1269
f 1268//1269 1045//1269 1324//1269
f 1325//1269 1326//1269 1327//1269
f 1327//1269 1326//1269 1328//1269
f 1293//1269 1323//1269 1292//1269
f 1292//1269 1323//1269 1322//1269
f 1292//1269 1322//1269 1329//1269
f 1329//1269 1322//1269 1280//1269
f 1329//1269 1280//1269 1309//1269
f 1309//1269 1280//1269 1282//1269
f 1309//1269 1282//1269 1311//1269
f 1289//1269 1304//1269 1288//1269
f 1288//1269 1304//1269 1330//1269
f 1288//1269 1330//1269 1331//1269
f 1331//1269 1330//1269 1332//1269
f 1332//1269 1330//1269 1333//1269
f 1332//1269 1333//1269 1320//1269
f 1320//1269 1333//1269 1334//1269
f 1320//1269 1334//1269 1318//1269
f 1104//1269 1112//1269 1314//1269
f 1314//1269 1112//1269 1335//1269
f 1314//1269 1335//1269 1312//1269
f 1312//1269 1335//1269 1336//1269
f 1312//1269 1336//1269 1337//1269
f 1337//1269 1336//1269 1338//1269
f 1328//1269 1339//1269 1340//1269
f 1341//1269 1342//1269 1343//1269
f 1344//1269 1345//1269 1038//1269
f 1336//1269 1346//1269 1338//1269
f 1338//1269 1346//1269 1347//1269
f 1338//1269 1347//1269 1348//1269
f 1349//1269 1350//1269 1351//1269
f 1352//1269 1060//1269 1056//1269
f 1296//1269 1353//1269 1354//1269
f 1355//1269 1356//1269 1357//1269
f 1357//1269 1356//1269 1358//1269
f 1357//1269 1358//1269 1359//1269
f 1359//1269 1358//1269 1360//1269
f 1359//1269 1360//1269 1345//1269
f 1345//1269 1360//1269 1361//1269
f 1345//1269 1361//1269 1038//1269
f 1362//1269 1363//1269 1278//1269
f 1278//1269 1363//1269 1364//1269
f 1278//1269 1364//1269 1276//1269
f 1276//1269 1364//1269 1352//1269
f 1276//1269 1352//1269 1365//1269
f 1365//1269 1352//1269 1056//1269
f 1076//1269 1071//1269 1355//1269
f 1355//1269 1071//1269 1366//1269
f 1355//1269 1366//1269 1356//1269
f 1356//1269 1366//1269 1367//1269
f 1356//1269 1367//1269 1351//1269
f 1351//1269 1367//1269 1368//1269
f 1351//1269 1368//1269 1349//1269
f 1328//1269 1340//1269 1327//1269
f 1327//1269 1340//1269 1369//1269
f 1327//1269 1369//1269 1370//1269
f 1371//1269 1372//1269 1349//1269
f 1349//1269 1372//1269 1044//1269
f 1349//1269 1044//1269 1350//1269
f 1297//1269 1373//1269 1296//1269
f 1296//1269 1373//1269 1374//1269
f 1296//1269 1374//1269 1344//1269
f 1354//1269 1338//1269 1296//1269
f 1296//1269 1338//1269 1348//1269
f 1296//1269 1348//1269 1301//1269
f 1301//1269 1348//1269 1375//1269
f 1301//1269 1375//1269 1302//1269
f 1370//1269 1369//1269 1376//1269
f 1376//1269 1369//1269 1377//1269
f 1376//1269 1377//1269 1371//1269
f 1371//1269 1377//1269 1378//1269
f 1371//1269 1378//1269 1372//1269
f 1341//1269 1343//1269 1315//1269
f 1315//1269 1343//1269 1379//1269
f 1315//1269 1379//1269 1316//1269
f 1316//1269 1379//1269 1380//1269
f 1316//1269 1380//1269 1381//1269
f 1381//1269 1380//1269 1382//1269
f 1381//1269 1382//1269 1383//1269
f 1383//1269 1382//1269 1384//1269
f 1383//1269 1384//1269 1324//1269
f 1324//1269 1384//1269 1385//1269
f 1324//1269 1385//1269 1268//1269
f 1344//1269 1038//1269 1296//1269
f 1296//1269 1038//1269 1037//1269
f 1296//1269 1037//1269 1353//1269
f 1353//1269 1037//1269 1386//1269
f 1353//1269 1386//1269 1387//1269
f 1387//1269 1386//1269 1388//1269
f 1387//1269 1388//1269 1389//1269
f 1389//1269 1388//1269 1390//1269
f 1389//1269 1390//1269 1391//1269
f 1391//1269 1390//1269 1392//1269
f 1391//1269 1392//1269 1341//1269
f 1341//1269 1392//1269 1393//1269
f 1341//1269 1393//1269 1342//1269
f 1342//1269 1393//1269 1394//1269
f 1342//1269 1394//1269 1395//1269
f 1395//1269 1394//1269 1043//1269
f 1395//1269 1043//1269 1396//1269
f 1396//1269 1043//1269 1044//1269
f 1396//1269 1044//1269 1362//1269
f 1362//1269 1044//1269 1372//1269
f 1362//1269 1372//1269 1363//1269
f 1303//1265 1289//1265 1132//1265
f 1132//1265 1289//1265 1133//1265
f 1397//1267 1289//1267 1398//1267
f 1398//1267 1289//1267 1287//1267
f 1398//1267 1287//1267 1399//1267
f 1399//1267 1287//1267 1400//1267
f 1401//1267 1183//1267 1402//1267
f 1402//1267 1183//1267 1133//1267
f 1401//1267 1403//1267 1183//1267
f 1183//1267 1403//1267 1404//1267
f 1183//1267 1404//1267 1287//1267
f 1287//1267 1404//1267 1405//1267
f 1287//1267 1405//1267 1400//1267
f 1397//1267 1406//1267 1289//1267
f 1289//1267 1406//1267 1407//1267
f 1289//1267 1407//1267 1133//1267
f 1133//1267 1407//1267 1408//1267
f 1133//1267 1408//1267 1402//1267
f 1184//1264 1183//1264 1286//1264
f 1286//1264 1183//1264 1287//1264
f 1271//1265 1270//1265 1150//1265
f 1150//1265 1270//1265 1151//1265
f 1153//1267 1151//1267 1267//1267
f 1267//1267 1151//1267 1270//1267
f 1148//1264 1153//1264 1262//1264
f 1262//1264 1153//1264 1267//1264
f 1146//1266 1148//1266 1264//1266
f 1264//1266 1148//1266 1262//1266
f 1147//1265 1146//1265 1263//1265
f 1263//1265 1146//1265 1264//1265
f 1339//1264 1328//1264 1175//1264
f 1175//1264 1328//1264 1176//1264
f 1409//1266 1328//1266 1410//1266
f 1410//1266 1328//1266 1326//1266
f 1410//1266 1326//1266 1411//1266
f 1412//1266 1244//1266 1413//1266
f 1413//1266 1244//1266 1176//1266
f 1413//1266 1176//1266 1414//1266
f 1409//1266 1415//1266 1328//1266
f 1328//1266 1415//1266 1416//1266
f 1328//1266 1416//1266 1176//1266
f 1176//1266 1416//1266 1417//1266
f 1176//1266 1417//1266 1414//1266
f 1412//1266 1418//1266 1244//1266
f 1244//1266 1418//1266 1419//1266
f 1244//1266 1419//1266 1326//1266
f 1326//1266 1419//1266 1420//1266
f 1326//1266 1420//1266 1411//1266
f 1245//1265 1244//1265 1325//1265
f 1325//1265 1244//1265 1326//1265
f 1295//1264 1294//1264 1121//1264
f 1121//1264 1294//1264 1122//1264
f 1124//1266 1122//1266 1296//1266
f 1296//1266 1122//1266 1294//1266
f 1119//1265 1124//1265 1301//1265
f 1301//1265 1124//1265 1296//1265
f 1117//1267 1119//1267 1299//1267
f 1299//1267 1119//1267 1301//1267
f 1118//1264 1117//1264 1298//1264
f 1298//1264 1117//1264 1299//1264
f 1230//1265 1200//1265 1268//1265
f 1268//1265 1200//1265 1269//1265
f 1421//1267 1277//1267 1422//1267
f 1422//1267 1277//1267 1205//1267
f 1422//1267 1205//1267 1423//1267
f 1423//1267 1205//1267 1424//1267
f 1424//1267 1205//1267 1425//1267
f 1425//1267 1205//1267 1203//1267
f 1425//1267 1203//1267 1426//1267
f 1421//1267 1427//1267 1277//1267
f 1277//1267 1427//1267 1428//1267
f 1277//1267 1428//1267 1278//1267
f 1278//1267 1428//1267 1429//1267
f 1429//1267 1430//1267 1278//1267
f 1278//1267 1430//1267 1431//1267
f 1278//1267 1431//1267 1203//1267
f 1203//1267 1431//1267 1432//1267
f 1203//1267 1432//1267 1426//1267
f 1342//1264 1395//1264 1195//1264
f 1195//1264 1395//1264 1224//1264
f 1433//1266 1310//1266 1434//1266
f 1434//1266 1310//1266 1311//1266
f 1434//1266 1311//1266 1435//1266
f 1435//1266 1311//1266 1436//1266
f 1437//1266 1160//1266 1438//1266
f 1438//1266 1160//1266 1310//1266
f 1438//1266 1310//1266 1439//1266
f 1439//1266 1310//1266 1433//1266
f 1436//1266 1311//1266 1440//1266
f 1440//1266 1311//1266 1159//1266
f 1440//1266 1159//1266 1441//1266
f 1437//1266 1442//1266 1160//1266
f 1160//1266 1442//1266 1443//1266
f 1160//1266 1443//1266 1159//1266
f 1159//1266 1443//1266 1444//1266
f 1159//1266 1444//1266 1441//1266
f 1217//1264 1145//1264 1354//1264
f 1354//1264 1145//1264 1338//1264
f 1445//1266 1138//1266 1446//1266
f 1446//1266 1138//1266 1280//1266
f 1446//1266 1280//1266 1447//1266
f 1447//1266 1280//1266 1448//1266
f 1449//1266 1140//1266 1450//1266
f 1450//1266 1140//1266 1138//1266
f 1450//1266 1138//1266 1451//1266
f 1451//1266 1138//1266 1445//1266
f 1448//1266 1280//1266 1452//1266
f 1452//1266 1280//1266 1322//1266
f 1452//1266 1322//1266 1453//1266
f 1449//1266 1454//1266 1140//1266
f 1140//1266 1454//1266 1455//1266
f 1140//1266 1455//1266 1322//1266
f 1322//1266 1455//1266 1456//1266
f 1322//1266 1456//1266 1453//1266
f 1305//1265 1285//1265 1178//1265
f 1178//1265 1285//1265 1179//1265
f 1457//1267 1356//1267 1458//1267
f 1458//1267 1356//1267 1211//1267
f 1458//1267 1211//1267 1459//1267
f 1460//1267 1358//1267 1461//1267
f 1461//1267 1358//1267 1356//1267
f 1461//1267 1356//1267 1462//1267
f 1462//1267 1356//1267 1457//1267
f 1463//1267 1229//1267 1464//1267
f 1464//1267 1229//1267 1358//1267
f 1464//1267 1358//1267 1465//1267
f 1465//1267 1358//1267 1460//1267
f 1463//1267 1466//1267 1229//1267
f 1229//1267 1466//1267 1467//1267
f 1229//1267 1467//1267 1211//1267
f 1211//1267 1467//1267 1468//1267
f 1211//1267 1468//1267 1459//1267
f 1450//1270 1469//1270 1449//1270
f 1449//1270 1469//1270 1470//1270
f 1449//1271 1470//1271 1454//1271
f 1454//1271 1470//1271 1471//1271
f 1454//1272 1471//1272 1455//1272
f 1455//1272 1471//1272 1472//1272
f 1455//1273 1472//1273 1456//1273
f 1456//1273 1472//1273 1473//1273
f 1456//1274 1473//1274 1453//1274
f 1453//1274 1473//1274 1474//1274
f 1453//1275 1474//1275 1452//1275
f 1452//1275 1474//1275 1475//1275
f 1452//1276 1475//1276 1448//1276
f 1448//1276 1475//1276 1476//1276
f 1448//1277 1476//1277 1447//1277
f 1447//1277 1476//1277 1477//1277
f 1447//1278 1477//1278 1446//1278
f 1446//1278 1477//1278 1478//1278
f 1446//1279 1478//1279 1445//1279
f 1445//1279 1478//1279 1479//1279
f 1445//1280 1479//1280 1451//1280
f 1451//1280 1479//1280 1480//1280
f 1451//1281 1480//1281 1450//1281
f 1450//1281 1480//1281 1469//1281
f 1470//1282 1109//1282 1471//1282
f 1471//1283 1109//1283 1116//1283
f 1471//1284 1116//1284 1472//1284
f 1472//1285 1116//1285 1115//1285
f 1472//1286 1115//1286 1473//1286
f 1473//1287 1115//1287 1114//1287
f 1473//1288 1114//1288 1474//1288
f 1474//1289 1114//1289 1113//1289
f 1474//1290 1113//1290 1475//1290
f 1475//1291 1113//1291 1111//1291
f 1475//1292 1111//1292 1476//1292
f 1476//1293 1111//1293 1110//1293
f 1476//1294 1110//1294 1477//1294
f 1477//1295 1110//1295 1106//1295
f 1477//1296 1106//1296 1478//1296
f 1478//1297 1106//1297 1105//1297
f 1478//1298 1105//1298 1479//1298
f 1479//1299 1105//1299 1102//1299
f 1479//1300 1102//1300 1480//1300
f 1480//1301 1102//1301 1101//1301
f 1480//1302 1101//1302 1469//1302
f 1469//1303 1101//1303 1107//1303
f 1469//1304 1107//1304 1470//1304
f 1470//1305 1107//1305 1109//1305
f 1443//1306 1481//1306 1444//1306
f 1444//1306 1481//1306 1482//1306
f 1444//1307 1482//1307 1441//1307
f 1441//1307 1482//1307 1483//1307
f 1441//1308 1483//1308 1440//1308
f 1440//1308 1483//1308 1484//1308
f 1440//1309 1484//1309 1436//1309
f 1436//1309 1484//1309 1485//1309
f 1436//1310 1485//1310 1435//1310
f 1435//1310 1485//1310 1486//1310
f 1435//1311 1486//1311 1434//1311
f 1434//1311 1486//1311 1487//1311
f 1434//1312 1487//1312 1433//1312
f 1433//1312 1487//1312 1488//1312
f 1433//1313 1488//1313 1439//1313
f 1439//1313 1488//1313 1489//1313
f 1439//1314 1489//1314 1438//1314
f 1438//1314 1489//1314 1490//1314
f 1438//1315 1490//1315 1437//1315
f 1437//1315 1490//1315 1491//1315
f 1437//1316 1491//1316 1442//1316
f 1442//1316 1491//1316 1492//1316
f 1442//1317 1492//1317 1443//1317
f 1443//1317 1492//1317 1481//1317
f 1482//1318 1086//1318 1483//1318
f 1483//1283 1086//1283 1085//1283
f 1483//1319 1085//1319 1484//1319
f 1484//1320 1085//1320 1095//1320
f 1484//1321 1095//1321 1485//1321
f 1485//1322 1095//1322 1097//1322
f 1485//1323 1097//1323 1486//1323
f 1486//1324 1097//1324 1100//1324
f 1486//1325 1100//1325 1487//1325
f 1487//1291 1100//1291 1099//1291
f 1487//1326 1099//1326 1488//1326
f 1488//1327 1099//1327 1098//1327
f 1488//1328 1098//1328 1489//1328
f 1489//1295 1098//1295 1094//1295
f 1489//1329 1094//1329 1490//1329
f 1490//1330 1094//1330 1093//1330
f 1490//1331 1093//1331 1491//1331
f 1491//1332 1093//1332 1091//1332
f 1491//1333 1091//1333 1492//1333
f 1492//1334 1091//1334 1090//1334
f 1492//1335 1090//1335 1481//1335
f 1481//1303 1090//1303 1088//1303
f 1481//1336 1088//1336 1482//1336
f 1482//1337 1088//1337 1086//1337
f 1461//1275 1493//1275 1460//1275
f 1460//1275 1493//1275 1494//1275
f 1460//1274 1494//1274 1465//1274
f 1465//1274 1494//1274 1495//1274
f 1465//1273 1495//1273 1464//1273
f 1464//1273 1495//1273 1496//1273
f 1464//1272 1496//1272 1463//1272
f 1463//1272 1496//1272 1497//1272
f 1463//1271 1497//1271 1466//1271
f 1466//1271 1497//1271 1498//1271
f 1466//1270 1498//1270 1467//1270
f 1467//1270 1498//1270 1499//1270
f 1467//1281 1499//1281 1468//1281
f 1468//1281 1499//1281 1500//1281
f 1468//1280 1500//1280 1459//1280
f 1459//1280 1500//1280 1501//1280
f 1459//1279 1501//1279 1458//1279
f 1458//1279 1501//1279 1502//1279
f 1458//1278 1502//1278 1457//1278
f 1457//1278 1502//1278 1503//1278
f 1457//1277 1503//1277 1462//1277
f 1462//1277 1503//1277 1504//1277
f 1462//1276 1504//1276 1461//1276
f 1461//1276 1504//1276 1493//1276
f 1494//1338 1077//1338 1495//1338
f 1495//1339 1077//1339 1084//1339
f 1495//1340 1084//1340 1496//1340
f 1496//1341 1084//1341 1083//1341
f 1496//1342 1083//1342 1497//1342
f 1497//1343 1083//1343 1082//1343
f 1497//1344 1082//1344 1498//1344
f 1498//1345 1082//1345 1081//1345
f 1498//1346 1081//1346 1499//1346
f 1499//1347 1081//1347 1079//1347
f 1499//1348 1079//1348 1500//1348
f 1500//1349 1079//1349 1078//1349
f 1500//1350 1078//1350 1501//1350
f 1501//1351 1078//1351 1074//1351
f 1501//1352 1074//1352 1502//1352
f 1502//1353 1074//1353 1073//1353
f 1502//1354 1073//1354 1503//1354
f 1503//1355 1073//1355 1070//1355
f 1503//1356 1070//1356 1504//1356
f 1504//1357 1070//1357 1069//1357
f 1504//1358 1069//1358 1493//1358
f 1493//1359 1069//1359 1075//1359
f 1493//1360 1075//1360 1494//1360
f 1494//1361 1075//1361 1077//1361
f 1428//1311 1505//1311 1429//1311
f 1429//1311 1505//1311 1506//1311
f 1429//1310 1506//1310 1430//1310
f 1430//1310 1506//1310 1507//1310
f 1430//1309 1507//1309 1431//1309
f 1431//1309 1507//1309 1508//1309
f 1431//1308 1508//1308 1432//1308
f 1432//1308 1508//1308 1509//1308
f 1432//1307 1509//1307 1426//1307
f 1426//1307 1509//1307 1510//1307
f 1426//1306 1510//1306 1425//1306
f 1425//1306 1510//1306 1511//1306
f 1425//1317 1511//1317 1424//1317
f 1424//1317 1511//1317 1512//1317
f 1424//1316 1512//1316 1423//1316
f 1423//1316 1512//1316 1513//1316
f 1423//1315 1513//1315 1422//1315
f 1422//1315 1513//1315 1514//1315
f 1422//1314 1514//1314 1421//1314
f 1421//1314 1514//1314 1515//1314
f 1421//1313 1515//1313 1427//1313
f 1427//1313 1515//1313 1516//1313
f 1427//1312 1516//1312 1428//1312
f 1428//1312 1516//1312 1505//1312
f 1506//1362 1061//1362 1507//1362
f 1507//1339 1061//1339 1068//1339
f 1507//1363 1068//1363 1508//1363
f 1508//1364 1068//1364 1067//1364
f 1508//1365 1067//1365 1509//1365
f 1509//1366 1067//1366 1066//1366
f 1509//1367 1066//1367 1510//1367
f 1510//1368 1066//1368 1062//1368
f 1510//1369 1062//1369 1511//1369
f 1511//1347 1062//1347 1064//1347
f 1511//1370 1064//1370 1512//1370
f 1512//1371 1064//1371 1065//1371
f 1512//1372 1065//1372 1513//1372
f 1513//1351 1065//1351 1053//1351
f 1513//1373 1053//1373 1514//1373
f 1514//1374 1053//1374 1055//1374
f 1514//1375 1055//1375 1515//1375
f 1515//1376 1055//1376 1057//1376
f 1515//1377 1057//1377 1516//1377
f 1516//1378 1057//1378 1058//1378
f 1516//1379 1058//1379 1505//1379
f 1505//1359 1058//1359 1059//1359
f 1505//1380 1059//1380 1506//1380
f 1506//1381 1059//1381 1061//1381
f 1112//1382 1108//1382 1335//1382
f 1335//1382 1108//1382 1166//1382
f 1335//1383 1166//1383 1336//1383
f 1336//1383 1166//1383 1139//1383
f 1336//1384 1139//1384 1346//1384
f 1346//1384 1139//1384 1141//1384
f 1346//1385 1141//1385 1347//1385
f 1347//1385 1141//1385 1143//1385
f 1347//1386 1143//1386 1348//1386
f 1348//1386 1143//1386 1128//1386
f 1348//1387 1128//1387 1375//1387
f 1375//1387 1128//1387 1127//1387
f 1375//1388 1127//1388 1302//1388
f 1302//1388 1127//1388 1126//1388
f 1302//1389 1126//1389 1300//1389
f 1300//1389 1126//1389 1120//1389
f 1300//1390 1120//1390 1298//1390
f 1298//1390 1120//1390 1118//1390
f 1295//1385 1121//1385 1297//1385
f 1297//1385 1121//1385 1123//1385
f 1297//1386 1123//1386 1373//1386
f 1373//1386 1123//1386 1125//1386
f 1373//1391 1125//1391 1374//1391
f 1374//1391 1125//1391 1129//1391
f 1374//1392 1129//1392 1344//1392
f 1344//1392 1129//1392 1130//1392
f 1344//1389 1130//1389 1345//1389
f 1345//1389 1130//1389 1135//1389
f 1345//1390 1135//1390 1359//1390
f 1359//1390 1135//1390 1134//1390
f 1359//1393 1134//1393 1357//1393
f 1357//1393 1134//1393 1210//1393
f 1357//1394 1210//1394 1355//1394
f 1355//1394 1210//1394 1212//1394
f 1355//1395 1212//1395 1076//1395
f 1076//1395 1212//1395 1080//1395
f 1071//1396 1072//1396 1366//1396
f 1366//1396 1072//1396 1231//1396
f 1366//1397 1231//1397 1367//1397
f 1367//1397 1231//1397 1232//1397
f 1367//1398 1232//1398 1368//1398
f 1368//1398 1232//1398 1233//1398
f 1368//1399 1233//1399 1349//1399
f 1349//1399 1233//1399 1219//1399
f 1349//1400 1219//1400 1371//1400
f 1371//1400 1219//1400 1218//1400
f 1371//1395 1218//1395 1376//1395
f 1376//1395 1218//1395 1249//1395
f 1376//1401 1249//1401 1370//1401
f 1370//1401 1249//1401 1247//1401
f 1370//1402 1247//1402 1327//1402
f 1327//1402 1247//1402 1246//1402
f 1327//1403 1246//1403 1325//1403
f 1325//1403 1246//1403 1245//1403
f 1339//1404 1175//1404 1340//1404
f 1340//1404 1175//1404 1174//1404
f 1340//1405 1174//1405 1369//1405
f 1369//1405 1174//1405 1209//1405
f 1369//1391 1209//1391 1377//1391
f 1377//1391 1209//1391 1248//1391
f 1377//1392 1248//1392 1378//1392
f 1378//1392 1248//1392 1250//1392
f 1378//1406 1250//1406 1372//1406
f 1372//1406 1250//1406 1226//1406
f 1372//1398 1226//1398 1363//1398
f 1363//1398 1226//1398 1228//1398
f 1363//1399 1228//1399 1364//1399
f 1364//1399 1228//1399 1227//1399
f 1364//1407 1227//1407 1352//1407
f 1352//1407 1227//1407 1223//1407
f 1352//1408 1223//1408 1060//1408
f 1060//1408 1223//1408 1063//1408
f 1056//1392 1054//1392 1365//1392
f 1365//1392 1054//1392 1222//1392
f 1365//1409 1222//1409 1276//1409
f 1276//1409 1222//1409 1204//1409
f 1276//1410 1204//1410 1257//1410
f 1257//1410 1204//1410 1206//1410
f 1257//1411 1206//1411 1258//1411
f 1258//1411 1206//1411 1199//1411
f 1258//1412 1199//1412 1260//1412
f 1260//1412 1199//1412 1198//1412
f 1260//1395 1198//1395 1261//1395
f 1261//1395 1198//1395 1221//1395
f 1261//1401 1221//1401 1266//1401
f 1266//1401 1221//1401 1220//1401
f 1266//1413 1220//1413 1265//1413
f 1265//1413 1220//1413 1149//1413
f 1265//1414 1149//1414 1263//1414
f 1263//1414 1149//1414 1147//1414
f 1271//1411 1150//1411 1272//1411
f 1272//1411 1150//1411 1152//1411
f 1272//1412 1152//1412 1273//1412
f 1273//1412 1152//1412 1154//1412
f 1273//1415 1154//1415 1307//1415
f 1307//1415 1154//1415 1215//1415
f 1307//1382 1215//1382 1308//1382
f 1308//1382 1215//1382 1182//1382
f 1308//1413 1182//1413 1309//1413
f 1309//1413 1182//1413 1181//1413
f 1309//1414 1181//1414 1329//1414
f 1329//1414 1181//1414 1180//1414
f 1329//1416 1180//1416 1292//1416
f 1292//1416 1180//1416 1172//1416
f 1292//1417 1172//1417 1290//1417
f 1290//1417 1172//1417 1170//1417
f 1290//1387 1170//1387 1092//1387
f 1092//1387 1170//1387 1089//1387
f 1096//1418 1087//1418 1291//1418
f 1291//1418 1087//1418 1169//1418
f 1291//1419 1169//1419 1293//1419
f 1293//1419 1169//1419 1193//1419
f 1293//1403 1193//1403 1323//1403
f 1323//1403 1193//1403 1192//1403
f 1323//1404 1192//1404 1319//1404
f 1319//1404 1192//1404 1191//1404
f 1319//1405 1191//1405 1320//1405
f 1320//1405 1191//1405 1190//1405
f 1320//1387 1190//1387 1332//1387
f 1332//1387 1190//1387 1188//1387
f 1332//1388 1188//1388 1331//1388
f 1331//1388 1188//1388 1186//1388
f 1331//1406 1186//1406 1288//1406
f 1288//1406 1186//1406 1185//1406
f 1288//1398 1185//1398 1286//1398
f 1286//1398 1185//1398 1184//1398
f 1303//1399 1132//1399 1304//1399
f 1304//1399 1132//1399 1131//1399
f 1304//1400 1131//1400 1330//1400
f 1330//1400 1131//1400 1157//1400
f 1330//1415 1157//1415 1333//1415
f 1333//1415 1157//1415 1187//1415
f 1333//1382 1187//1382 1334//1382
f 1334//1382 1187//1382 1189//1382
f 1334//1402 1189//1402 1318//1402
f 1318//1402 1189//1402 1162//1402
f 1318//1403 1162//1403 1321//1403
f 1321//1403 1162//1403 1161//1403
f 1321//1404 1161//1404 1313//1404
f 1313//1404 1161//1404 1168//1404
f 1313//1420 1168//1420 1314//1420
f 1314//1420 1168//1420 1167//1420
f 1314//1421 1167//1421 1104//1421
f 1104//1421 1167//1421 1103//1421
f 1316//1267 1381//1267 1237//1267
f 1237//1267 1381//1267 1243//1267
f 1236//1266 1235//1266 1380//1266
f 1380//1266 1235//1266 1382//1266
f 1392//1266 1390//1266 1251//1266
f 1251//1266 1390//1266 1254//1266
f 1164//1267 1196//1267 1391//1267
f 1391//1267 1196//1267 1389//1267
f 1164//1422 1391//1422 1163//1422
f 1163//1422 1391//1422 1341//1422
f 1163//1383 1341//1383 1177//1383
f 1177//1383 1341//1383 1315//1383
f 1177//1423 1315//1423 1178//1423
f 1178//1423 1315//1423 1305//1423
f 1236//1424 1380//1424 1238//1424
f 1238//1424 1380//1424 1379//1424
f 1238//1409 1379//1409 1239//1409
f 1239//1409 1379//1409 1343//1409
f 1239//1425 1343//1425 1195//1425
f 1195//1425 1343//1425 1342//1425
f 1230//1426 1268//1426 1240//1426
f 1240//1426 1268//1426 1385//1426
f 1240//1427 1385//1427 1241//1427
f 1241//1427 1385//1427 1384//1427
f 1241//1428 1384//1428 1235//1428
f 1235//1428 1384//1428 1382//1428
f 1049//1429 1051//1429 1165//1429
f 1165//1429 1051//1429 1306//1429
f 1165//1417 1306//1417 1194//1417
f 1194//1417 1306//1417 1317//1417
f 1194//1430 1317//1430 1237//1430
f 1237//1430 1317//1430 1316//1430
f 1243//1431 1381//1431 1242//1431
f 1242//1431 1381//1431 1383//1431
f 1242//1432 1383//1432 1201//1432
f 1201//1432 1383//1432 1324//1432
f 1201//1433 1324//1433 1047//1433
f 1047//1433 1324//1433 1045//1433
f 1041//1434 1043//1434 1253//1434
f 1253//1434 1043//1434 1394//1434
f 1253//1394 1394//1394 1252//1394
f 1252//1394 1394//1394 1393//1394
f 1252//1435 1393//1435 1251//1435
f 1251//1435 1393//1435 1392//1435
f 1254//1436 1390//1436 1255//1436
f 1255//1436 1390//1436 1388//1436
f 1255//1437 1388//1437 1256//1437
f 1256//1437 1388//1437 1386//1437
f 1256//1438 1386//1438 1039//1438
f 1039//1438 1386//1438 1037//1438
f 1217//1439 1354//1439 1216//1439
f 1216//1439 1354//1439 1353//1439
f 1216//1440 1353//1440 1197//1440
f 1197//1440 1353//1440 1387//1440
f 1197//1441 1387//1441 1196//1441
f 1196//1441 1387//1441 1389//1441
f 1044//1442 1042//1442 1350//1442
f 1350//1442 1042//1442 1234//1442
f 1350//1443 1234//1443 1351//1443
f 1351//1443 1234//1443 1213//1443
f 1351//1444 1213//1444 1356//1444
f 1356//1444 1213//1444 1211//1444
f 1358//1445 1229//1445 1360//1445
f 1360//1445 1229//1445 1136//1445
f 1360//1420 1136//1420 1361//1420
f 1361//1420 1136//1420 1214//1420
f 1361//1446 1214//1446 1038//1446
f 1038//1446 1214//1446 1040//1446
f 1338//1447 1145//1447 1337//1447
f 1337//1447 1145//1447 1144//1447
f 1337//1397 1144//1397 1312//1397
f 1312//1397 1144//1397 1142//1397
f 1312//1448 1142//1448 1322//1448
f 1322//1448 1142//1448 1140//1448
f 1280//1449 1138//1449 1281//1449
f 1281//1449 1138//1449 1137//1449
f 1281//1450 1137//1450 1283//1450
f 1283//1450 1137//1450 1155//1450
f 1283//1451 1155//1451 1285//1451
f 1285//1451 1155//1451 1179//1451
f 1052//1452 1050//1452 1284//1452
f 1284//1452 1050//1452 1156//1452
f 1284//1453 1156//1453 1282//1453
f 1282//1453 1156//1453 1158//1453
f 1282//1454 1158//1454 1311//1454
f 1311//1454 1158//1454 1159//1454
f 1310//1455 1160//1455 1274//1455
f 1274//1455 1160//1455 1171//1455
f 1274//1407 1171//1407 1275//1407
f 1275//1407 1171//1407 1173//1407
f 1275//1456 1173//1456 1046//1456
f 1046//1456 1173//1456 1048//1456
f 1278//1457 1203//1457 1362//1457
f 1362//1457 1203//1457 1202//1457
f 1362//1458 1202//1458 1396//1458
f 1396//1458 1202//1458 1225//1458
f 1396//1459 1225//1459 1395//1459
f 1395//1459 1225//1459 1224//1459
f 1269//1460 1200//1460 1279//1460
f 1279//1460 1200//1460 1208//1460
f 1279//1419 1208//1419 1259//1419
f 1259//1419 1208//1419 1207//1419
f 1259//1461 1207//1461 1277//1461
f 1277//1461 1207//1461 1205//1461
f 1413//1462 1401//1462 1412//1462
f 1412//1462 1401//1462 1402//1462
f 1412//1463 1402//1463 1418//1463
f 1418//1463 1402//1463 1408//1463
f 1418//1464 1408//1464 1419//1464
f 1419//1464 1408//1464 1407//1464
f 1419//1465 1407//1465 1420//1465
f 1420//1465 1407//1465 1406//1465
f 1420//1466 1406//1466 1411//1466
f 1411//1466 1406//1466 1397//1466
f 1411//1467 1397//1467 1410//1467
f 1410//1467 1397//1467 1398//1467
f 1410//1468 1398//1468 1409//1468
f 1409//1468 1398//1468 1399//1468
f 1409//1469 1399//1469 1415//1469
f 1415//1469 1399//1469 1400//1469
f 1415//1470 1400//1470 1416//1470
f 1416//1470 1400//1470 1405//1470
f 1416//1471 1405//1471 1417//1471
f 1417//1471 1405//1471 1404//1471
f 1417//1472 1404//1472 1414//1472
f 1414//1472 1404//1472 1403//1472
f 1414//1473 1403//1473 1413//1473
f 1413//1473 1403//1473 1401//1473
f 1517//1474 1518//1474 1519//1474
f 1520//1475 1521//1475 1522//1475
f 1523//1474 1524//1474 1525//1474
f 1526//1474 1527//1474 1528//1474
f 1529//1474 1530//1474 1531//1474
f 1532//1474 1533//1474 1534//1474
f 1534//1474 1533//1474 1535//1474
f 1536//1474 1537//1474 1538//1474
f 1539//1474 1540//1474 1535//1474
f 1535//1474 1540//1474 1541//1474
f 1535//1474 1541//1474 1542//1474
f 1538//1475 1537//1475 1534//1475
f 1534//1474 1537//1474 1543//1474
f 1534//1474 1543//1474 1532//1474
f 1533//1474 1544//1474 1535//1474
f 1535//1474 1544//1474 1545//1474
f 1535//1474 1545//1474 1539//1474
f 1539//1474 1545//1474 1546//1474
f 1547//1474 1548//1474 1549//1474
f 1549//1474 1548//1474 1550//1474
f 1549//1474 1550//1474 1536//1474
f 1536//1474 1550//1474 1551//1474
f 1536//1474 1551//1474 1537//1474
f 1531//1474 1530//1474 1552//1474
f 1553//1474 1554//1474 1555//1474
f 1555//1474 1554//1474 1547//1474
f 1529//1474 1531//1474 1556//1474
f 1556//1474 1531//1474 1557//1474
f 1556//1474 1557//1474 1558//1474
f 1558//1474 1557//1474 1559//1474
f 1558//1474 1559//1474 1560//1474
f 1560//1474 1559//1474 1561//1474
f 1560//1474 1561//1474 1545//1474
f 1545//1474 1561//1474 1562//1474
f 1545//1475 1562//1475 1546//1475
f 1563//1475 1564//1475 1565//1475
f 1564//1474 1563//1474 1528//1474
f 1528//1474 1563//1474 1566//1474
f 1528//1474 1566//1474 1526//1474
f 1527//1474 1526//1474 1567//1474
f 1567//1474 1526//1474 1568//1474
f 1567//1474 1568//1474 1569//1474
f 1569//1474 1568//1474 1570//1474
f 1569//1475 1570//1475 1571//1475
f 1572//1474 1573//1474 1574//1474
f 1574//1474 1575//1474 1572//1474
f 1572//1474 1575//1474 1576//1474
f 1572//1474 1576//1474 1570//1474
f 1570//1474 1576//1474 1577//1474
f 1570//1474 1577//1474 1571//1474
f 1578//1474 1579//1474 1580//1474
f 1581//1474 1582//1474 1583//1474
f 1578//1474 1580//1474 1572//1474
f 1572//1474 1580//1474 1584//1474
f 1572//1474 1584//1474 1585//1474
f 1586//1474 1587//1474 1588//1474
f 1587//1474 1589//1474 1588//1474
f 1588//1474 1589//1474 1590//1474
f 1588//1474 1590//1474 1591//1474
f 1585//1474 1592//1474 1572//1474
f 1572//1474 1592//1474 1593//1474
f 1572//1474 1593//1474 1573//1474
f 1573//1474 1593//1474 1594//1474
f 1573//1474 1594//1474 1595//1474
f 1596//1475 1586//1475 1597//1475
f 1597//1474 1586//1474 1588//1474
f 1597//1474 1588//1474 1598//1474
f 1598//1474 1588//1474 1573//1474
f 1598//1474 1573//1474 1599//1474
f 1599//1474 1573//1474 1595//1474
f 1600//1474 1601//1474 1602//1474
f 1602//1474 1601//1474 1588//1474
f 1602//1474 1588//1474 1581//1474
f 1581//1474 1588//1474 1591//1474
f 1581//1474 1591//1474 1582//1474
f 1603//1474 1604//1474 1605//1474
f 1605//1474 1604//1474 1606//1474
f 1605//1474 1606//1474 1607//1474
f 1607//1474 1606//1474 1608//1474
f 1602//1474 1609//1474 1610//1474
f 1611//1474 1612//1474 1602//1474
f 1609//1474 1602//1474 1613//1474
f 1613//1474 1602//1474 1612//1474
f 1613//1474 1612//1474 1614//1474
f 1610//1474 1615//1474 1602//1474
f 1602//1474 1615//1474 1616//1474
f 1602//1474 1616//1474 1600//1474
f 1600//1475 1616//1475 1617//1475
f 1600//1474 1617//1474 1618//1474
f 1619//1475 1620//1475 1606//1475
f 1606//1475 1620//1475 1621//1475
f 1622//1475 1608//1475 1623//1475
f 1623//1475 1608//1475 1606//1475
f 1623//1474 1606//1474 1624//1474
f 1624//1475 1606//1475 1621//1475
f 1618//1474 1625//1474 1600//1474
f 1600//1474 1625//1474 1626//1474
f 1600//1475 1626//1475 1627//1475
f 1622//1474 1623//1474 1628//1474
f 1628//1474 1623//1474 1629//1474
f 1628//1474 1629//1474 1630//1474
f 1630//1474 1629//1474 1600//1474
f 1630//1474 1600//1474 1631//1474
f 1631//1475 1600//1475 1627//1475
f 1631//1474 1627//1474 1632//1474
f 1633//1474 1634//1474 1635//1474
f 1635//1474 1634//1474 1636//1474
f 1635//1474 1636//1474 1619//1474
f 1619//1474 1636//1474 1637//1474
f 1619//1474 1637//1474 1620//1474
f 1638//1474 1519//1474 1639//1474
f 1639//1474 1519//1474 1518//1474
f 1639//1474 1518//1474 1640//1474
f 1641//1474 1642//1474 1643//1474
f 1643//1474 1642//1474 1640//1474
f 1643//1474 1640//1474 1644//1474
f 1644//1475 1640//1475 1518//1475
f 1645//1474 1646//1474 1641//1474
f 1641//1474 1646//1474 1647//1474
f 1641//1474 1647//1474 1642//1474
f 1648//1475 1649//1475 1650//1475
f 1650//1474 1649//1474 1651//1474
f 1652//1474 1653//1474 1654//1474
f 1654//1474 1653//1474 1655//1474
f 1656//1474 1657//1474 1658//1474
f 1659//1474 1660//1474 1661//1474
f 1661//1474 1660//1474 1662//1474
f 1661//1474 1662//1474 1663//1474
f 1658//1475 1657//1475 1662//1475
f 1662//1474 1657//1474 1664//1474
f 1662//1475 1664//1475 1663//1475
f 1656//1474 1658//1474 1665//1474
f 1665//1475 1658//1475 1651//1475
f 1665//1474 1651//1474 1666//1474
f 1666//1474 1651//1474 1667//1474
f 1667//1474 1651//1474 1649//1474
f 1667//1474 1649//1474 1668//1474
f 1669//1474 1670//1474 1671//1474
f 1672//1474 1673//1474 1674//1474
f 1669//1474 1671//1474 1673//1474
f 1670//1474 1675//1474 1671//1474
f 1671//1474 1675//1474 1676//1474
f 1671//1474 1676//1474 1677//1474
f 1662//1474 1678//1474 1679//1474
f 1672//1474 1674//1474 1680//1474
f 1680//1474 1674//1474 1681//1474
f 1680//1474 1681//1474 1682//1474
f 1683//1474 1684//1474 1662//1474
f 1662//1474 1684//1474 1685//1474
f 1662//1474 1685//1474 1686//1474
f 1687//1474 1683//1474 1688//1474
f 1688//1474 1683//1474 1662//1474
f 1688//1474 1662//1474 1689//1474
f 1689//1474 1662//1474 1679//1474
f 1686//1474 1690//1474 1662//1474
f 1662//1474 1690//1474 1681//1474
f 1662//1474 1681//1474 1658//1474
f 1690//1474 1691//1474 1681//1474
f 1681//1475 1691//1475 1692//1475
f 1681//1474 1692//1474 1693//1474
f 1694//1474 1682//1474 1695//1474
f 1695//1474 1682//1474 1681//1474
f 1695//1474 1681//1474 1696//1474
f 1696//1474 1681//1474 1693//1474
f 1673//1474 1671//1474 1674//1474
f 1674//1474 1671//1474 1697//1474
f 1674//1474 1697//1474 1698//1474
f 1699//1474 1700//1474 1701//1474
f 1701//1474 1700//1474 1702//1474
f 1701//1474 1702//1474 1703//1474
f 1704//1474 1705//1474 1699//1474
f 1699//1474 1705//1474 1706//1474
f 1699//1474 1706//1474 1700//1474
f 1699//1474 1707//1474 1704//1474
f 1704//1474 1707//1474 1708//1474
f 1704//1474 1708//1474 1697//1474
f 1697//1475 1708//1475 1709//1475
f 1697//1474 1709//1474 1698//1474
f 1638//1474 1710//1474 1519//1474
f 1519//1474 1710//1474 1711//1474
f 1519//1474 1711//1474 1712//1474
f 1712//1474 1711//1474 1713//1474
f 1712//1475 1713//1475 1714//1475
f 1714//1474 1713//1474 1715//1474
f 1714//1474 1715//1474 1716//1474
f 1716//1474 1715//1474 1699//1474
f 1716//1474 1699//1474 1717//1474
f 1718//1474 1719//1474 1720//1474
f 1721//1475 1718//1475 1722//1475
f 1722//1474 1718//1474 1720//1474
f 1722//1474 1720//1474 1723//1474
f 1719//1474 1724//1474 1720//1474
f 1720//1474 1724//1474 1725//1474
f 1720//1474 1725//1474 1649//1474
f 1725//1475 1726//1475 1649//1475
f 1649//1474 1726//1474 1727//1474
f 1649//1475 1727//1475 1728//1475
f 1728//1474 1729//1474 1649//1474
f 1649//1474 1729//1474 1730//1474
f 1649//1474 1730//1474 1668//1474
f 1731//1474 1732//1474 1662//1474
f 1662//1474 1732//1474 1733//1474
f 1733//1474 1732//1474 1734//1474
f 1733//1475 1734//1475 1735//1475
f 1736//1474 1737//1474 1572//1474
f 1572//1474 1737//1474 1738//1474
f 1572//1474 1738//1474 1578//1474
f 1578//1474 1738//1474 1739//1474
f 1578//1474 1739//1474 1660//1474
f 1660//1474 1739//1474 1740//1474
f 1740//1474 1741//1474 1660//1474
f 1660//1474 1741//1474 1742//1474
f 1660//1474 1742//1474 1662//1474
f 1662//1474 1742//1474 1743//1474
f 1662//1474 1743//1474 1731//1474
f 1744//1475 1745//1475 1746//1475
f 1747//1475 1748//1475 1733//1475
f 1733//1474 1748//1474 1749//1474
f 1733//1474 1749//1474 1662//1474
f 1662//1474 1749//1474 1750//1474
f 1662//1474 1750//1474 1678//1474
f 1751//1474 1752//1474 1747//1474
f 1747//1474 1752//1474 1753//1474
f 1747//1474 1753//1474 1748//1474
f 1754//1475 1755//1475 1746//1475
f 1746//1475 1755//1475 1756//1475
f 1746//1474 1756//1474 1744//1474
f 1745//1474 1757//1474 1746//1474
f 1746//1475 1757//1475 1758//1475
f 1746//1474 1758//1474 1747//1474
f 1758//1474 1759//1474 1747//1474
f 1747//1474 1759//1474 1760//1474
f 1747//1475 1760//1475 1761//1475
f 1762//1474 1751//1474 1763//1474
f 1763//1474 1751//1474 1747//1474
f 1763//1474 1747//1474 1764//1474
f 1764//1475 1747//1475 1761//1475
f 1765//1474 1766//1474 1767//1474
f 1767//1474 1766//1474 1768//1474
f 1767//1475 1768//1475 1769//1475
f 1770//1474 1771//1474 1525//1474
f 1771//1475 1772//1475 1525//1475
f 1525//1475 1772//1475 1773//1475
f 1525//1474 1773//1474 1765//1474
f 1774//1474 1770//1474 1775//1474
f 1775//1474 1770//1474 1525//1474
f 1775//1474 1525//1474 1776//1474
f 1776//1475 1525//1475 1524//1475
f 1777//1474 1778//1474 1779//1474
f 1779//1474 1778//1474 1780//1474
f 1779//1474 1780//1474 1781//1474
f 1780//1474 1782//1474 1781//1474
f 1781//1474 1782//1474 1783//1474
f 1781//1475 1783//1475 1523//1475
f 1784//1474 1785//1474 1786//1474
f 1786//1474 1785//1474 1787//1474
f 1786//1474 1787//1474 1604//1474
f 1788//1474 1789//1474 1790//1474
f 1791//1474 1792//1474 1793//1474
f 1793//1474 1792//1474 1794//1474
f 1793//1474 1794//1474 1789//1474
f 1789//1474 1794//1474 1795//1474
f 1789//1474 1795//1474 1790//1474
f 1793//1474 1796//1474 1791//1474
f 1791//1474 1796//1474 1797//1474
f 1791//1474 1797//1474 1798//1474
f 1798//1474 1797//1474 1799//1474
f 1798//1475 1799//1475 1800//1475
f 1800//1474 1799//1474 1801//1474
f 1800//1474 1801//1474 1802//1474
f 1803//1474 1804//1474 1635//1474
f 1635//1474 1804//1474 1805//1474
f 1635//1474 1805//1474 1633//1474
f 1633//1474 1805//1474 1806//1474
f 1633//1474 1806//1474 1807//1474
f 1807//1474 1806//1474 1802//1474
f 1538//1475 1808//1475 1536//1475
f 1536//1474 1808//1474 1809//1474
f 1536//1474 1809//1474 1810//1474
f 1809//1475 1811//1475 1810//1475
f 1810//1474 1811//1474 1812//1474
f 1810//1474 1812//1474 1522//1474
f 1522//1474 1812//1474 1813//1474
f 1522//1474 1813//1474 1520//1474
f 1790//1474 1814//1474 1788//1474
f 1788//1474 1814//1474 1815//1474
f 1788//1475 1815//1475 1816//1475
f 1816//1474 1815//1474 1534//1474
f 1816//1474 1534//1474 1817//1474
f 1817//1474 1534//1474 1818//1474
f 1819//1474 1820//1474 1535//1474
f 1535//1474 1820//1474 1821//1474
f 1535//1475 1821//1475 1534//1475
f 1534//1475 1821//1475 1822//1475
f 1534//1474 1822//1474 1818//1474
f 1823//1474 1824//1474 1825//1474
f 1825//1474 1824//1474 1826//1474
f 1825//1474 1826//1474 1697//1474
f 1697//1474 1826//1474 1827//1474
f 1697//1474 1827//1474 1704//1474
f 1828//1474 1829//1474 1830//1474
f 1830//1475 1829//1475 1831//1475
f 1831//1475 1829//1475 1832//1475
f 1831//1474 1832//1474 1823//1474
f 1833//1474 1703//1474 1834//1474
f 1834//1474 1703//1474 1835//1474
f 1834//1474 1835//1474 1836//1474
f 1836//1474 1835//1474 1837//1474
f 1836//1474 1837//1474 1838//1474
f 1837//1474 1839//1474 1838//1474
f 1838//1474 1839//1474 1840//1474
f 1838//1474 1840//1474 1841//1474
f 1841//1474 1840//1474 1842//1474
f 1843//1474 1844//1474 1552//1474
f 1845//1474 1846//1474 1847//1474
f 1847//1474 1846//1474 1848//1474
f 1847//1474 1848//1474 1701//1474
f 1701//1474 1848//1474 1849//1474
f 1701//1474 1849//1474 1699//1474
f 1699//1474 1849//1474 1850//1474
f 1699//1474 1850//1474 1717//1474
f 1833//1474 1851//1474 1703//1474
f 1703//1474 1851//1474 1852//1474
f 1703//1474 1852//1474 1701//1474
f 1701//1474 1852//1474 1853//1474
f 1701//1474 1853//1474 1847//1474
f 1847//1474 1853//1474 1854//1474
f 1847//1474 1854//1474 1855//1474
f 1842//1474 1828//1474 1841//1474
f 1841//1474 1828//1474 1830//1474
f 1841//1474 1830//1474 1856//1474
f 1856//1474 1830//1474 1857//1474
f 1825//1474 1858//1474 1746//1474
f 1746//1474 1858//1474 1859//1474
f 1746//1474 1859//1474 1860//1474
f 1860//1474 1861//1474 1746//1474
f 1746//1474 1861//1474 1671//1474
f 1746//1475 1671//1475 1754//1475
f 1754//1474 1671//1474 1677//1474
f 1862//1474 1863//1474 1825//1474
f 1825//1474 1863//1474 1864//1474
f 1825//1475 1864//1475 1858//1475
f 1862//1474 1825//1474 1865//1474
f 1865//1474 1825//1474 1697//1474
f 1865//1474 1697//1474 1866//1474
f 1861//1474 1867//1474 1671//1474
f 1671//1474 1867//1474 1868//1474
f 1671//1474 1868//1474 1697//1474
f 1697//1474 1868//1474 1869//1474
f 1697//1475 1869//1475 1866//1475
f 1823//1474 1825//1474 1831//1474
f 1831//1474 1825//1474 1746//1474
f 1831//1474 1746//1474 1870//1474
f 1870//1474 1746//1474 1747//1474
f 1870//1474 1747//1474 1871//1474
f 1735//1474 1736//1474 1733//1474
f 1733//1474 1736//1474 1572//1474
f 1733//1474 1572//1474 1747//1474
f 1747//1474 1572//1474 1570//1474
f 1747//1474 1570//1474 1871//1474
f 1871//1474 1570//1474 1568//1474
f 1872//1475 1873//1475 1720//1475
f 1874//1474 1875//1474 1581//1474
f 1873//1474 1874//1474 1720//1474
f 1720//1474 1874//1474 1581//1474
f 1720//1474 1581//1474 1723//1474
f 1723//1474 1581//1474 1583//1474
f 1723//1474 1583//1474 1876//1474
f 1875//1475 1877//1475 1581//1475
f 1581//1474 1877//1474 1878//1474
f 1581//1474 1878//1474 1602//1474
f 1602//1474 1878//1474 1879//1474
f 1602//1474 1879//1474 1880//1474
f 1880//1474 1881//1474 1602//1474
f 1602//1474 1881//1474 1767//1474
f 1602//1474 1767//1474 1611//1474
f 1611//1474 1767//1474 1769//1474
f 1881//1474 1882//1474 1767//1474
f 1767//1474 1882//1474 1883//1474
f 1767//1474 1883//1474 1720//1474
f 1720//1475 1883//1475 1884//1475
f 1720//1474 1884//1474 1872//1474
f 1765//1474 1767//1474 1525//1474
f 1525//1475 1767//1475 1720//1475
f 1525//1475 1720//1475 1885//1475
f 1885//1474 1720//1474 1649//1474
f 1885//1474 1649//1474 1653//1474
f 1653//1474 1649//1474 1648//1474
f 1653//1474 1648//1474 1655//1474
f 1523//1474 1525//1474 1781//1474
f 1781//1474 1525//1474 1885//1474
f 1781//1474 1885//1474 1886//1474
f 1886//1474 1885//1474 1653//1474
f 1886//1474 1653//1474 1645//1474
f 1645//1474 1653//1474 1652//1474
f 1645//1474 1652//1474 1646//1474
f 1802//1474 1801//1474 1807//1474
f 1807//1474 1801//1474 1563//1474
f 1807//1474 1563//1474 1633//1474
f 1633//1474 1563//1474 1565//1474
f 1633//1474 1565//1474 1634//1474
f 1606//1475 1810//1475 1619//1475
f 1619//1475 1810//1475 1522//1475
f 1619//1474 1522//1474 1635//1474
f 1635//1474 1522//1474 1521//1474
f 1635//1474 1521//1474 1803//1474
f 1803//1474 1521//1474 1520//1474
f 1887//1474 1888//1474 1889//1474
f 1890//1474 1891//1474 1810//1474
f 1810//1474 1891//1474 1892//1474
f 1810//1474 1892//1474 1536//1474
f 1892//1474 1893//1474 1536//1474
f 1536//1474 1893//1474 1894//1474
f 1536//1474 1894//1474 1549//1474
f 1549//1474 1894//1474 1895//1474
f 1549//1474 1895//1474 1896//1474
f 1604//1475 1787//1475 1606//1475
f 1606//1474 1787//1474 1889//1474
f 1606//1474 1889//1474 1810//1474
f 1810//1474 1889//1474 1888//1474
f 1810//1474 1888//1474 1890//1474
f 1896//1475 1897//1475 1549//1475
f 1549//1474 1897//1474 1898//1474
f 1549//1474 1898//1474 1889//1474
f 1889//1474 1898//1474 1899//1474
f 1889//1474 1899//1474 1887//1474
f 1547//1474 1549//1474 1555//1474
f 1555//1474 1549//1474 1889//1474
f 1555//1474 1889//1474 1900//1474
f 1900//1474 1889//1474 1787//1474
f 1900//1474 1787//1474 1779//1474
f 1779//1474 1787//1474 1785//1474
f 1779//1474 1785//1474 1777//1474
f 1530//1474 1553//1474 1552//1474
f 1552//1474 1553//1474 1555//1474
f 1552//1474 1555//1474 1843//1474
f 1843//1474 1555//1474 1900//1474
f 1843//1474 1900//1474 1901//1474
f 1901//1474 1900//1474 1779//1474
f 1901//1474 1779//1474 1902//1474
f 1902//1474 1779//1474 1781//1474
f 1902//1474 1781//1474 1903//1474
f 1903//1474 1781//1474 1886//1474
f 1903//1474 1886//1474 1904//1474
f 1904//1474 1886//1474 1645//1474
f 1904//1474 1645//1474 1905//1474
f 1905//1474 1645//1474 1641//1474
f 1905//1474 1641//1474 1906//1474
f 1906//1474 1641//1474 1643//1474
f 1906//1474 1643//1474 1907//1474
f 1907//1475 1643//1475 1644//1475
f 1907//1475 1644//1475 1908//1475
f 1908//1474 1644//1474 1518//1474
f 1908//1474 1518//1474 1909//1474
f 1909//1474 1518//1474 1517//1474
f 1909//1474 1517//1474 1910//1474
f 1911//1476 1912//1476 1913//1476
f 1914//1477 1915//1477 1916//1477
f 1917//1477 1918//1477 1919//1477
f 1920//1477 1921//1477 1922//1477
f 1923//1477 1924//1477 1925//1477
f 1926//1476 1927//1476 1928//1476
f 1929//1477 1930//1477 1931//1477
f 1932//1477 1933//1477 1934//1477
f 1935//1477 1936//1477 1937//1477
f 1938//1477 1939//1477 1940//1477
f 1941//1477 1942//1477 1943//1477
f 1944//1477 1945//1477 1946//1477
f 1947//1477 1948//1477 1949//1477
f 1950//1477 1951//1477 1952//1477
f 1953//1477 1954//1477 1955//1477
f 1956//1477 1957//1477 1958//1477
f 1959//1477 1960//1477 1961//1477
f 1962//1477 1963//1477 1964//1477
f 1965//1477 1966//1477 1967//1477
f 1968//1476 1969//1476 1970//1476
f 1971//1477 1972//1477 1973//1477
f 1974//1477 1975//1477 1976//1477
f 1977//1477 1978//1477 1979//1477
f 1980//1477 1981//1477 1982//1477
f 1983//1476 1984//1476 1985//1476
f 1985//1477 1984//1477 1986//1477
f 1985//1477 1986//1477 1987//1477
f 1988//1477 1989//1477 1990//1477
f 1990//1477 1989//1477 1991//1477
f 1990//1477 1991//1477 1979//1477
f 1979//1477 1991//1477 1992//1477
f 1979//1477 1992//1477 1977//1477
f 1978//1477 1987//1477 1979//1477
f 1979//1477 1987//1477 1986//1477
f 1979//1476 1986//1476 1993//1476
f 1993//1477 1986//1477 1994//1477
f 1993//1477 1994//1477 1995//1477
f 1983//1477 1985//1477 1996//1477
f 1996//1477 1985//1477 1997//1477
f 1996//1477 1997//1477 1998//1477
f 1998//1477 1997//1477 1999//1477
f 1998//1476 1999//1476 2000//1476
f 2000//1476 1999//1476 2001//1476
f 2000//1477 2001//1477 2002//1477
f 2003//1477 2000//1477 1990//1477
f 1990//1477 2000//1477 2002//1477
f 1990//1477 2002//1477 1988//1477
f 2004//1476 2005//1476 2006//1476
f 2007//1477 2008//1477 1990//1477
f 1990//1477 2008//1477 2009//1477
f 1990//1477 2009//1477 2003//1477
f 1981//1477 2010//1477 1982//1477
f 1982//1477 2010//1477 2011//1477
f 1982//1477 2011//1477 2006//1477
f 2006//1477 2011//1477 2012//1477
f 2006//1476 2012//1476 2004//1476
f 2003//1476 2013//1476 2000//1476
f 2000//1477 2013//1477 2014//1477
f 2000//1477 2014//1477 2015//1477
f 2015//1477 2014//1477 2016//1477
f 2015//1477 2016//1477 2017//1477
f 2017//1477 2016//1477 2005//1477
f 2018//1477 2019//1477 2020//1477
f 1975//1477 1974//1477 2020//1477
f 2020//1477 1974//1477 2021//1477
f 2020//1477 2021//1477 2018//1477
f 2022//1476 2023//1476 2024//1476
f 2024//1477 2023//1477 2025//1477
f 2024//1477 2025//1477 2026//1477
f 2026//1477 2025//1477 2027//1477
f 2026//1477 2027//1477 2028//1477
f 2029//1477 2030//1477 1976//1477
f 1976//1476 2030//1476 2031//1476
f 1976//1477 2031//1477 1974//1477
f 2032//1477 1916//1477 2033//1477
f 2033//1477 1916//1477 1915//1477
f 2033//1477 1915//1477 2034//1477
f 2034//1477 1915//1477 2035//1477
f 2034//1477 2035//1477 2036//1477
f 2037//1477 2038//1477 2039//1477
f 2039//1477 2038//1477 2040//1477
f 2040//1476 2038//1476 2041//1476
f 2041//1477 2038//1477 1919//1477
f 2041//1477 1919//1477 2042//1477
f 2043//1477 2044//1477 2045//1477
f 2043//1477 2045//1477 2046//1477
f 2047//1477 2048//1477 2049//1477
f 2049//1477 2048//1477 2050//1477
f 2049//1476 2050//1476 2051//1476
f 2051//1476 2050//1476 2020//1476
f 2051//1477 2020//1477 2027//1477
f 2027//1477 2020//1477 2019//1477
f 2027//1477 2019//1477 2028//1477
f 2052//1477 2053//1477 2054//1477
f 2054//1477 2053//1477 2055//1477
f 2055//1476 2056//1476 2054//1476
f 2054//1477 2056//1477 2057//1477
f 2054//1477 2057//1477 2022//1477
f 2022//1477 2057//1477 2058//1477
f 2022//1477 2058//1477 2023//1477
f 2059//1477 2060//1477 2061//1477
f 1971//1477 2062//1477 2063//1477
f 2063//1477 2062//1477 2061//1477
f 2063//1477 2061//1477 2064//1477
f 2064//1477 2061//1477 2060//1477
f 2065//1477 2066//1477 2067//1477
f 2055//1477 2068//1477 2056//1477
f 2056//1477 2068//1477 2069//1477
f 2056//1477 2069//1477 2067//1477
f 2067//1477 2069//1477 2070//1477
f 2067//1477 2070//1477 2071//1477
f 2072//1477 2065//1477 2073//1477
f 2073//1477 2065//1477 2067//1477
f 2073//1477 2067//1477 2074//1477
f 2074//1477 2067//1477 2071//1477
f 2075//1476 2076//1476 2067//1476
f 1924//1477 2077//1477 2075//1477
f 2075//1477 2077//1477 2078//1477
f 2075//1477 2078//1477 2076//1477
f 1968//1477 1970//1477 2079//1477
f 2080//1477 2081//1477 2082//1477
f 2082//1477 2081//1477 2083//1477
f 2082//1477 2083//1477 2084//1477
f 2044//1477 2085//1477 2045//1477
f 2045//1477 2085//1477 2086//1477
f 2045//1477 2086//1477 2087//1477
f 2087//1477 2086//1477 2088//1477
f 2087//1477 2088//1477 2089//1477
f 2089//1477 2088//1477 2090//1477
f 2089//1477 2090//1477 2080//1477
f 2080//1477 2090//1477 2091//1477
f 2080//1477 2091//1477 2081//1477
f 2092//1476 2093//1476 2094//1476
f 2094//1476 2093//1476 2095//1476
f 2096//1477 2097//1477 2098//1477
f 2098//1477 2097//1477 2099//1477
f 2099//1477 2097//1477 2100//1477
f 2100//1477 2097//1477 2101//1477
f 2100//1476 2101//1476 2102//1476
f 2005//1477 2016//1477 2006//1477
f 2006//1477 2016//1477 2103//1477
f 2006//1477 2103//1477 2104//1477
f 2104//1477 2103//1477 2105//1477
f 2104//1477 2105//1477 2106//1477
f 2106//1477 2105//1477 2107//1477
f 2106//1477 2107//1477 2101//1477
f 2101//1477 2107//1477 2108//1477
f 2101//1477 2108//1477 2102//1477
f 1966//1477 2109//1477 1967//1477
f 1967//1476 2109//1476 2110//1476
f 1967//1476 2110//1476 2111//1476
f 2111//1477 2110//1477 2112//1477
f 2111//1477 2112//1477 2113//1477
f 2113//1477 2112//1477 2007//1477
f 2113//1476 2007//1476 2114//1476
f 2114//1477 2007//1477 1990//1477
f 2115//1477 2116//1477 2117//1477
f 2117//1477 2116//1477 2118//1477
f 2117//1477 2118//1477 2119//1477
f 2120//1477 2121//1477 2122//1477
f 2123//1477 2124//1477 2125//1477
f 2125//1477 2124//1477 2126//1477
f 2125//1477 2126//1477 2127//1477
f 2124//1476 2128//1476 2126//1476
f 2126//1477 2128//1477 2129//1477
f 2126//1477 2129//1477 1964//1477
f 1964//1477 2129//1477 2130//1477
f 1964//1476 2130//1476 2131//1476
f 2131//1477 2130//1477 2132//1477
f 2131//1477 2132//1477 2133//1477
f 2132//1477 2120//1477 2133//1477
f 2133//1477 2120//1477 2122//1477
f 2133//1477 2122//1477 2134//1477
f 2134//1477 2122//1477 2135//1477
f 2134//1476 2135//1476 2136//1476
f 2136//1477 2135//1477 2137//1477
f 2136//1477 2137//1477 2138//1477
f 2139//1477 2140//1477 2141//1477
f 2141//1477 2140//1477 2142//1477
f 2141//1477 2142//1477 2143//1477
f 2144//1477 2145//1477 2146//1477
f 2146//1477 2145//1477 2147//1477
f 2146//1477 2147//1477 2148//1477
f 2148//1477 2147//1477 2149//1477
f 2148//1477 2149//1477 1957//1477
f 2149//1477 2150//1477 1957//1477
f 1957//1477 2150//1477 2151//1477
f 1957//1477 2151//1477 1958//1477
f 1958//1477 2151//1477 2152//1477
f 1958//1476 2152//1476 2139//1476
f 2139//1477 2152//1477 2153//1477
f 2139//1477 2153//1477 2154//1477
f 2154//1477 2155//1477 2139//1477
f 2139//1477 2155//1477 2156//1477
f 2139//1476 2156//1476 2140//1476
f 2140//1476 2156//1476 1931//1476
f 2140//1477 1931//1477 2157//1477
f 2157//1477 1931//1477 1930//1477
f 2157//1477 1930//1477 2158//1477
f 2155//1477 2159//1477 2156//1477
f 2156//1477 2159//1477 2160//1477
f 2156//1477 2160//1477 2161//1477
f 2162//1477 2163//1477 1955//1477
f 1955//1477 2163//1477 2164//1477
f 1955//1477 2164//1477 1953//1477
f 1953//1477 2164//1477 2165//1477
f 2165//1477 2166//1477 1953//1477
f 1953//1477 2166//1477 2167//1477
f 1953//1477 2167//1477 2168//1477
f 2168//1477 2167//1477 2169//1477
f 2168//1477 2169//1477 2170//1477
f 2171//1477 2172//1477 2173//1477
f 2173//1477 2172//1477 2174//1477
f 2173//1477 2174//1477 2175//1477
f 2176//1477 2177//1477 2178//1477
f 2178//1476 2177//1476 2179//1476
f 2178//1477 2179//1477 2180//1477
f 2180//1477 2179//1477 1952//1477
f 2181//1477 2182//1477 2183//1477
f 2184//1477 2185//1477 2186//1477
f 2187//1477 2188//1477 2189//1477
f 2189//1477 2188//1477 2190//1477
f 2189//1477 2190//1477 2191//1477
f 2191//1477 2190//1477 2192//1477
f 2191//1477 2192//1477 2186//1477
f 1959//1476 1961//1476 2193//1476
f 2193//1477 1961//1477 1913//1477
f 2193//1477 1913//1477 2194//1477
f 2195//1477 2196//1477 2197//1477
f 2197//1477 2196//1477 2198//1477
f 2197//1477 2198//1477 2199//1477
f 2199//1477 2198//1477 2200//1477
f 2199//1477 2200//1477 2201//1477
f 1953//1477 2202//1477 2203//1477
f 2195//1477 2204//1477 2196//1477
f 2196//1477 2204//1477 2205//1477
f 2196//1477 2205//1477 2202//1477
f 2202//1477 2205//1477 2206//1477
f 2202//1477 2206//1477 2203//1477
f 2203//1477 2207//1477 1953//1477
f 1953//1477 2207//1477 2208//1477
f 1953//1476 2208//1476 1954//1476
f 1954//1477 2208//1477 2209//1477
f 1954//1477 2209//1477 2210//1477
f 2210//1477 2211//1477 1954//1477
f 1954//1477 2211//1477 2212//1477
f 1954//1477 2212//1477 2197//1477
f 2197//1477 2212//1477 2213//1477
f 2197//1477 2213//1477 2195//1477
f 2214//1477 2215//1477 2216//1477
f 2216//1477 2215//1477 2217//1477
f 2216//1477 2217//1477 2218//1477
f 2218//1477 2219//1477 2216//1477
f 2216//1476 2219//1476 2168//1476
f 2216//1477 2168//1477 2173//1477
f 2173//1477 2168//1477 2170//1477
f 2173//1477 2170//1477 2171//1477
f 2218//1477 2220//1477 2219//1477
f 2219//1477 2220//1477 2221//1477
f 2219//1477 2221//1477 2222//1477
f 2221//1477 2223//1477 2222//1477
f 2222//1477 2223//1477 2224//1477
f 2222//1477 2224//1477 2225//1477
f 2225//1476 2224//1476 2226//1476
f 2225//1477 2226//1477 2227//1477
f 2227//1477 2226//1477 2228//1477
f 2227//1477 2228//1477 2137//1477
f 2137//1477 2228//1477 2229//1477
f 2137//1477 2229//1477 2230//1477
f 2230//1477 2214//1477 2137//1477
f 2137//1477 2214//1477 2216//1477
f 2137//1477 2216//1477 2138//1477
f 2138//1477 2216//1477 2173//1477
f 2138//1477 2173//1477 2231//1477
f 2231//1477 2173//1477 2175//1477
f 2231//1477 2175//1477 2232//1477
f 2233//1477 2234//1477 2235//1477
f 2235//1477 2234//1477 2236//1477
f 2235//1477 2236//1477 2237//1477
f 1952//1477 1951//1477 2236//1477
f 1951//1477 2238//1477 2236//1477
f 2236//1477 2238//1477 2239//1477
f 2236//1476 2239//1476 2237//1476
f 2237//1477 2239//1477 2240//1477
f 2237//1477 2240//1477 2241//1477
f 2242//1477 2179//1477 2243//1477
f 2243//1477 2179//1477 2244//1477
f 2243//1477 2244//1477 2245//1477
f 2245//1477 2244//1477 2241//1477
f 2245//1477 2241//1477 2246//1477
f 2246//1476 2241//1476 2240//1476
f 2242//1477 2247//1477 2179//1477
f 2179//1477 2247//1477 2248//1477
f 2179//1476 2248//1476 1952//1476
f 1952//1477 2248//1477 2249//1477
f 1952//1477 2249//1477 1950//1477
f 2182//1477 2250//1477 2251//1477
f 2251//1477 2250//1477 2252//1477
f 2251//1476 2252//1476 2253//1476
f 2252//1477 2254//1477 2253//1477
f 2253//1477 2254//1477 2255//1477
f 2253//1477 2255//1477 2256//1477
f 2256//1477 2255//1477 2257//1477
f 2258//1477 2259//1477 2260//1477
f 2260//1477 2259//1477 2261//1477
f 2260//1477 2261//1477 2181//1477
f 2181//1476 2261//1476 2262//1476
f 2262//1477 2263//1477 2181//1477
f 2181//1477 2263//1477 2264//1477
f 2181//1477 2264//1477 2182//1477
f 2182//1477 2264//1477 2265//1477
f 2182//1477 2265//1477 2250//1477
f 2266//1477 2267//1477 2268//1477
f 2268//1477 2267//1477 2256//1477
f 2268//1477 2256//1477 2260//1477
f 2260//1477 2256//1477 2257//1477
f 2260//1477 2257//1477 2258//1477
f 1948//1477 2269//1477 2270//1477
f 1948//1477 2270//1477 2271//1477
f 2271//1477 2270//1477 2272//1477
f 2271//1477 2272//1477 2273//1477
f 1947//1477 2274//1477 1948//1477
f 1948//1477 2274//1477 2275//1477
f 1948//1477 2275//1477 2269//1477
f 2276//1477 2277//1477 2278//1477
f 2278//1476 2277//1476 2279//1476
f 2278//1477 2279//1477 2280//1477
f 2280//1477 2279//1477 2281//1477
f 2280//1477 2281//1477 2282//1477
f 2282//1476 2281//1476 2283//1476
f 2282//1477 2283//1477 1947//1477
f 1947//1476 2283//1476 2284//1476
f 1947//1477 2284//1477 2274//1477
f 2285//1477 2286//1477 2287//1477
f 2287//1477 2286//1477 2288//1477
f 2287//1477 2288//1477 2289//1477
f 1943//1477 2290//1477 1941//1477
f 1941//1477 2290//1477 2291//1477
f 1941//1477 2291//1477 2292//1477
f 2292//1477 2291//1477 2293//1477
f 2294//1477 2295//1477 2296//1477
f 2296//1477 2295//1477 2297//1477
f 2296//1477 2297//1477 2298//1477
f 2298//1476 2297//1476 2293//1476
f 2186//1477 2192//1477 2184//1477
f 2184//1476 2192//1476 2299//1476
f 2184//1477 2299//1477 2300//1477
f 1937//1477 1936//1477 2301//1477
f 2301//1477 1936//1477 2302//1477
f 2301//1477 2302//1477 2303//1477
f 2303//1477 2302//1477 2188//1477
f 2303//1477 2188//1477 1913//1477
f 1913//1477 2188//1477 2187//1477
f 1913//1477 2187//1477 2194//1477
f 2304//1476 2305//1476 2306//1476
f 2306//1476 2305//1476 2307//1476
f 2306//1477 2307//1477 2308//1477
f 2308//1477 2307//1477 2309//1477
f 2308//1477 2309//1477 2310//1477
f 2310//1477 2309//1477 2311//1477
f 2299//1477 2312//1477 2300//1477
f 2300//1477 2312//1477 2313//1477
f 2300//1477 2313//1477 2278//1477
f 2278//1477 2313//1477 2271//1477
f 2278//1477 2271//1477 2276//1477
f 2276//1477 2271//1477 2273//1477
f 2290//1477 2314//1477 2291//1477
f 2291//1477 2314//1477 2315//1477
f 2291//1477 2315//1477 2293//1477
f 2293//1477 2315//1477 2316//1477
f 2293//1477 2316//1477 2298//1477
f 2317//1477 2318//1477 2319//1477
f 2319//1476 2318//1476 2320//1476
f 2319//1477 2320//1477 2290//1477
f 2290//1477 2320//1477 2321//1477
f 2290//1477 2321//1477 2314//1477
f 2309//1477 2322//1477 2311//1477
f 2311//1477 2322//1477 2323//1477
f 2311//1477 2323//1477 2324//1477
f 2324//1477 2323//1477 2325//1477
f 2325//1477 2326//1477 2324//1477
f 2324//1477 2326//1477 2327//1477
f 2324//1477 2327//1477 2328//1477
f 2328//1476 2327//1476 2329//1476
f 2328//1476 2329//1476 1944//1476
f 1944//1477 2329//1477 2330//1477
f 1944//1476 2330//1476 1945//1476
f 1945//1476 2330//1476 2331//1476
f 1945//1477 2331//1477 2332//1477
f 2332//1477 2333//1477 2307//1477
f 2307//1476 2333//1476 2334//1476
f 2307//1477 2334//1477 2309//1477
f 2335//1476 2336//1476 2337//1476
f 2337//1477 2336//1477 2338//1477
f 2337//1477 2338//1477 2339//1477
f 2340//1477 1940//1477 2319//1477
f 2319//1477 1940//1477 1939//1477
f 2319//1477 1939//1477 2317//1477
f 2340//1477 2341//1477 1940//1477
f 1940//1477 2341//1477 2342//1477
f 1940//1476 2342//1476 2343//1476
f 2339//1477 2344//1477 2345//1477
f 2345//1477 2344//1477 2346//1477
f 2345//1477 2346//1477 2319//1477
f 2319//1476 2346//1476 2347//1476
f 2319//1477 2347//1477 2340//1477
f 2348//1477 2349//1477 2350//1477
f 2350//1477 2349//1477 2351//1477
f 2350//1477 2351//1477 2161//1477
f 2161//1477 2351//1477 2352//1477
f 2161//1477 2352//1477 2156//1477
f 2158//1477 1930//1477 2353//1477
f 2353//1477 1930//1477 2354//1477
f 2353//1477 2354//1477 2355//1477
f 2352//1477 2356//1477 2156//1477
f 2156//1477 2356//1477 2357//1477
f 2156//1477 2357//1477 1931//1477
f 1931//1477 2357//1477 2358//1477
f 1931//1477 2358//1477 1929//1477
f 2359//1477 2360//1477 1921//1477
f 1921//1477 2360//1477 2361//1477
f 2362//1477 2363//1477 2364//1477
f 2360//1477 2365//1477 2361//1477
f 2361//1477 2365//1477 2366//1477
f 2361//1477 2366//1477 2367//1477
f 2367//1477 2366//1477 2362//1477
f 2359//1477 1921//1477 2368//1477
f 2368//1477 1921//1477 2369//1477
f 2368//1477 2369//1477 2370//1477
f 2370//1477 2369//1477 2371//1477
f 2370//1477 2371//1477 2372//1477
f 2363//1477 2373//1477 2364//1477
f 2364//1477 2373//1477 2374//1477
f 2364//1477 2374//1477 2371//1477
f 2371//1477 2374//1477 2375//1477
f 2371//1476 2375//1476 2372//1476
f 2376//1477 2377//1477 2378//1477
f 2378//1477 2377//1477 2379//1477
f 2379//1477 2377//1477 2380//1477
f 2379//1476 2380//1476 2062//1476
f 2061//1477 2381//1477 2382//1477
f 2383//1477 2384//1477 2385//1477
f 2385//1477 2384//1477 2386//1477
f 2385//1477 2386//1477 2387//1477
f 2380//1477 2388//1477 2062//1477
f 2062//1477 2388//1477 2389//1477
f 2062//1476 2389//1476 2061//1476
f 2061//1477 2389//1477 2390//1477
f 2061//1477 2390//1477 2381//1477
f 2386//1477 2391//1477 2387//1477
f 2387//1477 2391//1477 2392//1477
f 2387//1477 2392//1477 2393//1477
f 2393//1477 2392//1477 2394//1477
f 2393//1477 2394//1477 2382//1477
f 2395//1477 2396//1477 2364//1477
f 2362//1477 2364//1477 2367//1477
f 2367//1477 2364//1477 2396//1477
f 2367//1477 2396//1477 1926//1477
f 2397//1476 2398//1476 1970//1476
f 1970//1477 2398//1477 2399//1477
f 1970//1477 2399//1477 2364//1477
f 2364//1477 2399//1477 2400//1477
f 2364//1477 2400//1477 2395//1477
f 2401//1477 2397//1477 1923//1477
f 1923//1476 2397//1476 1970//1476
f 1923//1477 1970//1477 1924//1477
f 1924//1477 1970//1477 1969//1477
f 1924//1477 1969//1477 2077//1477
f 2382//1477 2394//1477 2061//1477
f 2061//1477 2394//1477 2402//1477
f 2061//1477 2402//1477 2403//1477
f 2066//1477 2059//1477 2067//1477
f 2067//1476 2059//1476 2061//1476
f 2067//1477 2061//1477 2075//1477
f 2075//1477 2061//1477 2403//1477
f 2075//1477 2403//1477 2404//1477
f 2404//1477 2405//1477 2075//1477
f 2075//1477 2405//1477 2406//1477
f 2075//1477 2406//1477 1924//1477
f 1924//1477 2406//1477 2407//1477
f 1924//1477 2407//1477 1925//1477
f 1925//1477 2407//1477 2408//1477
f 2409//1477 2410//1477 2361//1477
f 2361//1477 2410//1477 2411//1477
f 2412//1477 2386//1477 2413//1477
f 2413//1477 2386//1477 2384//1477
f 2413//1476 2384//1476 2414//1476
f 2414//1477 2384//1477 2415//1477
f 2416//1477 2417//1477 2418//1477
f 2419//1477 2420//1477 2416//1477
f 2416//1477 2420//1477 2421//1477
f 2416//1477 2421//1477 2384//1477
f 2384//1477 2421//1477 2422//1477
f 2384//1477 2422//1477 2415//1477
f 2418//1477 2423//1477 2416//1477
f 2416//1477 2423//1477 2424//1477
f 2416//1477 2424//1477 2425//1477
f 2426//1477 2419//1477 2427//1477
f 2427//1477 2419//1477 2416//1477
f 2427//1477 2416//1477 2428//1477
f 2428//1477 2416//1477 2425//1477
f 1926//1476 1928//1476 2367//1476
f 2367//1477 1928//1477 2429//1477
f 2367//1476 2429//1476 2361//1476
f 2361//1477 2429//1477 2430//1477
f 2361//1477 2430//1477 2409//1477
f 2431//1476 2432//1476 2369//1476
f 2433//1476 1921//1476 2434//1476
f 2434//1477 1921//1477 1920//1477
f 2434//1477 1920//1477 2435//1477
f 2433//1476 2436//1476 1921//1476
f 1921//1477 2436//1477 2437//1477
f 1921//1477 2437//1477 2369//1477
f 2369//1477 2437//1477 2438//1477
f 2369//1476 2438//1476 2431//1476
f 2439//1477 2440//1477 1920//1477
f 1920//1477 2440//1477 2441//1477
f 1920//1477 2441//1477 2435//1477
f 2442//1476 2443//1476 2444//1476
f 2444//1477 2443//1477 2445//1477
f 2444//1476 2445//1476 2446//1476
f 2447//1477 2440//1477 2448//1477
f 2448//1477 2440//1477 2439//1477
f 2448//1477 2439//1477 2449//1477
f 2450//1477 2451//1477 2447//1477
f 2447//1477 2451//1477 2452//1477
f 2447//1477 2452//1477 2440//1477
f 2453//1477 2444//1477 2454//1477
f 2454//1477 2444//1477 2446//1477
f 2454//1477 2446//1477 2439//1477
f 2439//1477 2446//1477 2455//1477
f 2439//1477 2455//1477 2449//1477
f 2456//1477 2457//1477 2458//1477
f 2458//1477 2459//1477 2456//1477
f 2456//1477 2459//1477 2460//1477
f 2456//1477 2460//1477 2444//1477
f 2444//1477 2460//1477 2461//1477
f 2444//1477 2461//1477 2442//1477
f 2462//1477 2463//1477 2464//1477
f 2464//1477 2463//1477 2465//1477
f 2464//1477 2465//1477 2466//1477
f 2466//1477 2465//1477 2467//1477
f 2466//1477 2467//1477 2456//1477
f 2456//1477 2467//1477 2468//1477
f 2456//1476 2468//1476 2457//1476
f 2432//1477 2469//1477 2369//1477
f 2369//1477 2469//1477 2470//1477
f 2369//1476 2470//1476 2371//1476
f 2371//1476 2470//1476 2471//1476
f 2371//1477 2471//1477 2472//1477
f 2473//1476 2474//1476 2475//1476
f 2474//1477 2476//1477 2475//1477
f 2475//1477 2476//1477 2477//1477
f 2475//1477 2477//1477 2478//1477
f 2478//1477 2479//1477 2475//1477
f 2475//1477 2479//1477 2480//1477
f 2475//1477 2480//1477 2481//1477
f 2482//1477 2483//1477 2379//1477
f 2484//1477 2485//1477 2486//1477
f 2484//1477 2486//1477 2487//1477
f 2488//1477 2489//1477 2486//1477
f 2486//1477 2489//1477 2490//1477
f 2486//1477 2490//1477 2491//1477
f 2491//1476 2490//1476 2492//1476
f 2491//1477 2492//1477 2493//1477
f 2493//1476 2494//1476 2491//1476
f 2491//1477 2494//1477 2495//1477
f 2491//1476 2495//1476 2496//1476
f 2496//1476 2497//1476 2491//1476
f 2491//1477 2497//1477 2498//1477
f 2491//1477 2498//1477 2499//1477
f 2499//1477 2498//1477 2500//1477
f 2499//1477 2500//1477 2501//1477
f 2485//1477 2502//1477 2486//1477
f 2486//1477 2502//1477 2503//1477
f 2486//1477 2503//1477 2504//1477
f 2505//1477 2488//1477 2506//1477
f 2506//1477 2488//1477 2486//1477
f 2506//1477 2486//1477 2507//1477
f 2507//1477 2486//1477 2504//1477
f 1971//1477 1973//1477 2062//1477
f 2062//1476 1973//1476 2508//1476
f 2062//1477 2508//1477 2379//1477
f 2379//1477 2508//1477 2509//1477
f 2379//1477 2509//1477 2482//1477
f 2510//1477 2511//1477 2378//1477
f 2512//1476 2513//1476 2514//1476
f 2511//1476 2515//1476 2378//1476
f 2378//1476 2515//1476 2516//1476
f 2378//1477 2516//1477 2517//1477
f 2517//1477 2516//1477 2518//1477
f 2517//1477 2518//1477 2519//1477
f 2520//1477 2521//1477 2522//1477
f 2522//1477 2521//1477 2523//1477
f 2523//1477 2521//1477 2524//1477
f 2524//1477 2521//1477 2525//1477
f 2524//1477 2525//1477 2526//1477
f 2526//1477 2525//1477 2527//1477
f 2526//1477 2527//1477 2528//1477
f 2529//1477 2530//1477 2116//1477
f 2529//1477 2116//1477 2531//1477
f 2115//1477 1965//1477 2116//1477
f 2116//1477 1965//1477 2532//1477
f 2116//1477 2532//1477 2531//1477
f 2531//1477 2532//1477 2533//1477
f 2531//1476 2533//1476 2534//1476
f 2534//1477 2533//1477 2535//1477
f 2534//1477 2535//1477 2536//1477
f 2453//1477 2537//1477 2444//1477
f 2444//1477 2537//1477 2538//1477
f 2444//1476 2538//1476 2539//1476
f 2539//1477 2538//1477 2540//1477
f 2539//1476 2540//1476 2535//1476
f 2535//1477 2540//1477 2541//1477
f 2535//1477 2541//1477 2536//1477
f 1922//1477 1921//1477 2542//1477
f 2542//1476 1921//1476 2361//1476
f 2542//1476 2361//1476 2416//1476
f 2416//1477 2361//1477 2411//1477
f 2416//1477 2411//1477 2417//1477
f 1956//1477 1958//1477 2201//1477
f 2201//1477 1958//1477 2139//1477
f 2201//1477 2139//1477 2199//1477
f 2199//1477 2139//1477 2141//1477
f 2199//1477 2141//1477 2197//1477
f 2197//1477 2141//1477 2143//1477
f 2197//1477 2143//1477 1954//1477
f 1954//1477 2143//1477 2232//1477
f 1954//1477 2232//1477 1955//1477
f 1955//1477 2232//1477 2175//1477
f 1955//1476 2175//1476 2162//1476
f 2233//1477 2227//1477 2234//1477
f 2234//1477 2227//1477 2137//1477
f 2234//1477 2137//1477 2236//1477
f 2236//1477 2137//1477 2135//1477
f 2236//1477 2135//1477 1952//1477
f 1952//1477 2135//1477 2122//1477
f 1952//1476 2122//1476 2180//1476
f 2180//1477 2122//1477 2121//1477
f 2543//1477 2123//1477 2544//1477
f 2544//1477 2123//1477 2125//1477
f 2544//1477 2125//1477 2545//1477
f 2545//1477 2125//1477 2127//1477
f 2545//1477 2127//1477 2095//1477
f 2546//1477 2547//1477 1962//1477
f 1962//1477 2547//1477 2548//1477
f 1962//1477 2548//1477 1963//1477
f 1963//1477 2548//1477 2549//1477
f 1962//1477 2550//1477 2546//1477
f 2546//1477 2550//1477 2551//1477
f 2546//1476 2551//1476 2547//1476
f 2547//1476 2551//1476 2552//1476
f 2553//1477 2549//1477 2554//1477
f 2554//1477 2549//1477 2555//1477
f 2556//1477 2557//1477 2127//1477
f 2558//1477 2559//1477 2101//1477
f 2101//1477 2559//1477 2560//1477
f 1964//1477 1963//1477 2126//1477
f 2126//1477 1963//1477 2549//1477
f 2126//1477 2549//1477 2127//1477
f 2127//1477 2549//1477 2553//1477
f 2127//1477 2553//1477 2556//1477
f 2557//1477 2561//1477 2127//1477
f 2127//1477 2561//1477 2097//1477
f 2127//1477 2097//1477 2095//1477
f 2095//1477 2097//1477 2096//1477
f 2095//1477 2096//1477 2094//1477
f 2561//1477 2562//1477 2097//1477
f 2097//1477 2562//1477 2563//1477
f 2097//1477 2563//1477 2101//1477
f 2101//1477 2563//1477 2564//1477
f 2101//1477 2564//1477 2558//1477
f 2565//1477 2566//1477 1982//1477
f 1982//1477 2566//1477 2567//1477
f 1982//1476 2567//1476 2568//1476
f 2568//1477 2567//1477 2569//1477
f 2568//1477 2569//1477 2570//1477
f 2570//1477 2571//1477 2568//1477
f 2568//1477 2571//1477 2552//1477
f 2568//1476 2552//1476 2353//1476
f 2353//1476 2552//1476 2551//1476
f 2353//1476 2551//1476 2158//1476
f 2158//1477 2551//1477 2550//1477
f 2571//1477 2572//1477 2552//1477
f 2552//1477 2572//1477 2573//1477
f 2552//1477 2573//1477 2574//1477
f 2574//1476 2006//1476 2552//1476
f 2552//1477 2006//1477 2104//1477
f 2552//1477 2104//1477 2547//1477
f 2547//1477 2104//1477 2106//1477
f 2547//1477 2106//1477 2548//1477
f 2548//1476 2106//1476 2101//1476
f 2548//1476 2101//1476 2549//1476
f 2549//1477 2101//1477 2560//1477
f 2549//1477 2560//1477 2555//1477
f 2574//1477 2575//1477 2006//1477
f 2006//1477 2575//1477 2576//1477
f 2006//1477 2576//1477 1982//1477
f 1982//1477 2576//1477 2577//1477
f 1982//1477 2577//1477 2565//1477
f 2355//1477 2578//1477 2353//1477
f 2353//1477 2578//1477 2579//1477
f 2353//1476 2579//1476 2568//1476
f 2568//1476 2579//1476 2580//1476
f 2568//1477 2580//1477 1982//1477
f 1982//1477 2580//1477 1993//1477
f 1982//1477 1993//1477 1980//1477
f 1980//1477 1993//1477 1995//1477
f 2578//1477 2348//1477 2579//1477
f 2579//1476 2348//1476 2350//1476
f 2579//1477 2350//1477 2580//1477
f 2580//1477 2350//1477 2581//1477
f 2580//1477 2581//1477 1993//1477
f 1993//1477 2581//1477 2582//1477
f 1993//1477 2582//1477 1979//1477
f 1979//1477 2582//1477 2583//1477
f 2092//1477 2119//1477 2093//1477
f 2093//1477 2119//1477 2118//1477
f 2093//1477 2118//1477 2527//1477
f 2527//1477 2118//1477 2116//1477
f 2527//1477 2116//1477 2528//1477
f 2528//1477 2116//1477 2530//1477
f 1965//1477 1967//1477 2532//1477
f 2532//1477 1967//1477 2111//1477
f 2532//1477 2111//1477 2533//1477
f 2533//1477 2111//1477 2113//1477
f 2533//1477 2113//1477 2535//1477
f 2535//1477 2113//1477 2114//1477
f 2535//1477 2114//1477 2539//1477
f 2539//1477 2114//1477 1990//1477
f 2539//1477 1990//1477 2444//1477
f 2444//1477 1990//1477 1979//1477
f 2444//1477 1979//1477 2456//1477
f 2456//1477 1979//1477 2583//1477
f 2456//1477 2583//1477 2466//1477
f 2519//1477 2542//1477 2517//1477
f 2517//1477 2542//1477 2416//1477
f 2517//1477 2416//1477 2378//1477
f 2378//1477 2416//1477 2384//1477
f 2378//1477 2384//1477 2376//1477
f 2376//1477 2384//1477 2383//1477
f 2472//1477 2473//1477 2371//1477
f 2371//1477 2473//1477 2475//1477
f 2371//1477 2475//1477 2364//1477
f 2364//1477 2475//1477 2584//1477
f 2364//1477 2584//1477 1970//1477
f 1970//1477 2584//1477 2082//1477
f 1970//1477 2082//1477 2079//1477
f 2079//1477 2082//1477 2084//1477
f 2514//1477 2510//1477 2512//1477
f 2512//1477 2510//1477 2378//1477
f 2512//1477 2378//1477 2486//1477
f 2486//1477 2378//1477 2379//1477
f 2486//1477 2379//1477 2487//1477
f 2487//1477 2379//1477 2483//1477
f 2522//1477 2513//1477 2520//1477
f 2520//1477 2513//1477 2512//1477
f 2520//1477 2512//1477 2585//1477
f 2585//1477 2512//1477 2486//1477
f 2585//1477 2486//1477 2586//1477
f 2586//1477 2486//1477 2491//1477
f 2586//1477 2491//1477 2035//1477
f 1919//1477 1918//1477 2499//1477
f 2587//1477 2588//1477 2491//1477
f 1918//1477 2589//1477 2499//1477
f 2499//1477 2589//1477 2590//1477
f 2499//1477 2590//1477 2491//1477
f 2491//1476 2590//1476 2591//1476
f 2491//1477 2591//1477 2587//1477
f 2592//1476 2593//1476 2038//1476
f 2593//1477 2594//1477 2038//1477
f 2038//1477 2594//1477 2595//1477
f 2038//1477 2595//1477 1919//1477
f 1919//1477 2595//1477 2596//1477
f 1919//1477 2596//1477 1917//1477
f 2588//1477 2592//1477 2491//1477
f 2491//1477 2592//1477 2038//1477
f 2491//1477 2038//1477 2035//1477
f 2035//1477 2038//1477 2037//1477
f 2035//1477 2037//1477 2036//1477
f 2501//1477 2052//1477 2499//1477
f 2499//1477 2052//1477 2054//1477
f 2499//1477 2054//1477 1919//1477
f 1919//1477 2054//1477 2022//1477
f 1919//1477 2022//1477 2042//1477
f 2042//1477 2022//1477 2024//1477
f 2176//1477 2543//1477 2177//1477
f 2177//1477 2543//1477 2544//1477
f 2177//1476 2544//1476 2597//1476
f 2597//1476 2544//1476 2545//1476
f 2597//1477 2545//1477 2598//1477
f 2598//1477 2545//1477 2095//1477
f 2598//1477 2095//1477 2599//1477
f 2599//1477 2095//1477 2093//1477
f 2599//1477 2093//1477 2600//1477
f 2600//1477 2093//1477 2527//1477
f 2600//1477 2527//1477 2601//1477
f 2601//1477 2527//1477 2525//1477
f 2601//1477 2525//1477 2602//1477
f 2602//1477 2525//1477 2521//1477
f 2602//1477 2521//1477 2603//1477
f 2603//1477 2521//1477 2520//1477
f 2603//1477 2520//1477 2604//1477
f 2604//1477 2520//1477 2585//1477
f 2604//1477 2585//1477 2605//1477
f 2605//1477 2585//1477 2586//1477
f 2605//1477 2586//1477 2606//1477
f 2606//1477 2586//1477 2035//1477
f 2606//1477 2035//1477 2607//1477
f 2607//1477 2035//1477 1915//1477
f 2607//1477 1915//1477 2608//1477
f 2608//1477 1915//1477 1914//1477
f 1916//1477 1961//1477 1914//1477
f 1914//1477 1961//1477 1960//1477
f 1914//1477 1960//1477 2608//1477
f 2608//1477 1960//1477 2609//1477
f 2608//1476 2609//1476 2182//1476
f 2182//1477 2609//1477 2610//1477
f 2182//1477 2610//1477 2183//1477
f 1912//1477 2611//1477 1976//1477
f 1976//1477 2611//1477 2612//1477
f 2612//1477 2613//1477 1976//1477
f 1976//1477 2613//1477 1916//1477
f 1976//1476 1916//1476 2029//1476
f 2029//1477 1916//1477 2032//1477
f 2613//1477 2614//1477 1916//1477
f 1916//1476 2614//1476 2615//1476
f 1916//1477 2615//1477 1961//1477
f 1961//1476 2615//1476 2616//1476
f 1961//1476 2616//1476 2617//1476
f 2617//1476 2618//1476 1961//1476
f 1961//1477 2618//1477 2619//1477
f 1961//1477 2619//1477 1913//1477
f 1913//1477 2619//1477 2620//1477
f 1913//1477 2620//1477 1911//1477
f 2621//1477 2048//1477 2622//1477
f 2622//1477 2048//1477 2337//1477
f 2621//1477 2623//1477 2048//1477
f 2048//1477 2623//1477 2624//1477
f 2048//1477 2624//1477 2050//1477
f 2050//1477 2624//1477 2625//1477
f 2050//1477 2625//1477 2626//1477
f 2627//1477 2628//1477 2337//1477
f 2337//1477 2628//1477 2629//1477
f 2337//1477 2629//1477 2622//1477
f 2630//1477 2631//1477 1937//1477
f 1937//1477 2631//1477 2632//1477
f 1912//1477 1976//1477 1913//1477
f 1913//1477 1976//1477 1975//1477
f 1913//1477 1975//1477 2303//1477
f 2303//1477 1975//1477 2020//1477
f 2303//1477 2020//1477 2301//1477
f 2301//1477 2020//1477 2050//1477
f 2301//1477 2050//1477 1937//1477
f 1937//1477 2050//1477 2626//1477
f 1937//1476 2626//1476 2630//1476
f 2047//1477 2046//1477 2048//1477
f 2048//1477 2046//1477 2045//1477
f 2048//1477 2045//1477 2337//1477
f 2337//1477 2045//1477 1934//1477
f 2337//1477 1934//1477 2335//1477
f 2335//1477 1934//1477 1933//1477
f 2342//1477 1932//1477 2343//1477
f 2343//1477 1932//1477 1934//1477
f 2343//1477 1934//1477 2633//1477
f 2633//1477 1934//1477 2045//1477
f 2633//1477 2045//1477 2634//1477
f 2634//1477 2045//1477 2087//1477
f 2634//1477 2087//1477 2635//1477
f 2635//1477 2087//1477 2089//1477
f 2635//1477 2089//1477 2636//1477
f 2636//1477 2089//1477 2080//1477
f 2636//1477 2080//1477 2637//1477
f 2637//1477 2080//1477 2082//1477
f 2637//1477 2082//1477 2638//1477
f 2638//1477 2082//1477 2584//1477
f 2638//1477 2584//1477 2464//1477
f 2464//1477 2584//1477 2475//1477
f 2464//1477 2475//1477 2462//1477
f 2462//1477 2475//1477 2481//1477
f 2462//1477 2481//1477 2639//1477
f 2160//1477 2144//1477 2161//1477
f 2161//1477 2144//1477 2146//1477
f 2161//1477 2146//1477 2350//1477
f 2350//1477 2146//1477 2640//1477
f 2350//1477 2640//1477 2581//1477
f 2581//1477 2640//1477 2641//1477
f 2581//1476 2641//1476 2582//1476
f 2582//1476 2641//1476 2642//1476
f 2582//1476 2642//1476 2583//1476
f 2583//1476 2642//1476 2643//1476
f 2583//1477 2643//1477 2466//1477
f 2466//1477 2643//1477 2644//1477
f 2466//1477 2644//1477 2464//1477
f 2464//1477 2644//1477 2645//1477
f 2464//1477 2645//1477 2638//1477
f 2638//1477 2645//1477 2646//1477
f 2638//1477 2646//1477 2637//1477
f 2637//1477 2646//1477 2647//1477
f 2637//1477 2647//1477 2636//1477
f 2636//1477 2647//1477 2648//1477
f 2636//1477 2648//1477 2635//1477
f 2635//1477 2648//1477 2649//1477
f 2635//1477 2649//1477 2634//1477
f 2634//1477 2649//1477 2650//1477
f 2634//1477 2650//1477 2633//1477
f 2633//1477 2650//1477 2651//1477
f 2633//1477 2651//1477 2343//1477
f 2343//1477 2651//1477 2652//1477
f 2343//1477 2652//1477 1940//1477
f 1940//1477 2652//1477 2295//1477
f 1940//1477 2295//1477 1938//1477
f 1938//1477 2295//1477 2294//1477
f 2183//1477 2185//1477 2181//1477
f 2181//1476 2185//1476 2184//1476
f 2181//1477 2184//1477 2260//1477
f 2260//1477 2184//1477 2300//1477
f 2260//1477 2300//1477 2268//1477
f 2268//1477 2300//1477 2278//1477
f 2268//1477 2278//1477 2266//1477
f 2266//1477 2278//1477 2280//1477
f 2632//1477 2627//1477 1937//1477
f 1937//1477 2627//1477 2337//1477
f 1937//1476 2337//1476 1935//1476
f 1935//1477 2337//1477 2339//1477
f 1935//1477 2339//1477 2653//1477
f 2653//1477 2339//1477 2345//1477
f 2653//1477 2345//1477 2654//1477
f 2654//1477 2345//1477 2319//1477
f 2654//1477 2319//1477 2655//1477
f 2655//1477 2319//1477 2290//1477
f 2655//1477 2290//1477 2288//1477
f 2288//1477 2290//1477 1943//1477
f 2288//1476 1943//1476 2289//1476
f 2289//1477 1943//1477 1942//1477
f 2313//1477 2310//1477 2271//1477
f 2271//1477 2310//1477 2311//1477
f 2271//1477 2311//1477 1948//1477
f 1948//1477 2311//1477 2324//1477
f 1948//1477 2324//1477 1949//1477
f 1949//1477 2324//1477 2328//1477
f 2288//1477 2656//1477 2657//1477
f 2286//1477 2658//1477 2659//1477
f 2657//1476 2305//1476 2288//1476
f 2288//1477 2305//1477 2304//1477
f 2288//1477 2304//1477 2655//1477
f 2655//1477 2304//1477 2660//1477
f 2655//1477 2660//1477 2654//1477
f 2657//1477 2661//1477 2305//1477
f 2305//1476 2661//1476 2662//1476
f 2305//1477 2662//1477 2663//1477
f 1946//1476 2664//1476 2665//1476
f 2332//1477 2307//1477 1945//1477
f 1945//1477 2307//1477 2305//1477
f 1945//1477 2305//1477 1946//1477
f 1946//1477 2305//1477 2663//1477
f 1946//1477 2663//1477 2664//1477
f 2285//1477 1944//1477 2286//1477
f 2286//1477 1944//1477 1946//1477
f 2286//1477 1946//1477 2658//1477
f 2658//1477 1946//1477 2665//1477
f 2659//1477 2666//1477 2286//1477
f 2286//1477 2666//1477 2667//1477
f 2286//1476 2667//1476 2288//1476
f 2288//1477 2667//1477 2668//1477
f 2288//1477 2668//1477 2656//1477
f 2669//1474 2670//1474 2671//1474
f 2672//1474 2673//1474 2674//1474
f 2674//1474 2673//1474 2675//1474
f 2672//1474 2676//1474 2669//1474
f 2669//1474 2676//1474 2677//1474
f 2669//1474 2677//1474 2678//1474
f 2679//1475 2673//1475 2680//1475
f 2680//1474 2673//1474 2672//1474
f 2680//1475 2672//1475 2681//1475
f 2681//1474 2672//1474 2669//1474
f 2681//1474 2669//1474 2682//1474
f 2682//1475 2669//1475 2671//1475
f 2683//1474 2684//1474 2685//1474
f 2686//1474 2687//1474 2688//1474
f 2688//1474 2687//1474 2689//1474
f 2689//1474 2690//1474 2683//1474
f 2683//1475 2690//1475 2691//1475
f 2683//1474 2691//1474 2692//1474
f 2693//1474 2688//1474 2694//1474
f 2694//1474 2688//1474 2689//1474
f 2694//1474 2689//1474 2695//1474
f 2695//1474 2689//1474 2683//1474
f 2695//1474 2683//1474 2696//1474
f 2696//1474 2683//1474 2685//1474
f 2697//1474 2698//1474 2699//1474
f 2700//1474 2701//1474 2702//1474
f 2702//1474 2701//1474 2703//1474
f 2700//1475 2704//1475 2697//1475
f 2697//1474 2704//1474 2705//1474
f 2697//1474 2705//1474 2706//1474
f 2707//1474 2701//1474 2708//1474
f 2708//1474 2701//1474 2700//1474
f 2708//1475 2700//1475 2709//1475
f 2709//1474 2700//1474 2697//1474
f 2709//1474 2697//1474 2710//1474
f 2710//1475 2697//1475 2699//1475
f 2711//1474 2712//1474 2713//1474
f 2714//1474 2715//1474 2716//1474
f 2716//1475 2715//1475 2717//1475
f 2714//1474 2718//1474 2711//1474
f 2711//1475 2718//1475 2719//1475
f 2711//1474 2719//1474 2720//1474
f 2721//1474 2715//1474 2722//1474
f 2722//1474 2715//1474 2714//1474
f 2722//1474 2714//1474 2723//1474
f 2723//1474 2714//1474 2711//1474
f 2723//1475 2711//1475 2724//1475
f 2724//1474 2711//1474 2713//1474
f 2725//1478 2726//1478 2727//1478
f 2728//1479 2729//1479 2730//1479
f 2730//1480 2729//1480 2731//1480
f 2730//1481 2731//1481 2732//1481
f 2732//1482 2731//1482 2733//1482
f 2733//1483 2731//1483 2734//1483
f 2733//1484 2734//1484 2735//1484
f 2735//1485 2734//1485 2736//1485
f 2736//1486 2734//1486 2737//1486
f 2736//1487 2737//1487 2738//1487
f 2738//1488 2737//1488 2739//1488
f 2739//1489 2737//1489 2740//1489
f 2739//1490 2740//1490 2741//1490
f 2741//1491 2740//1491 2742//1491
f 2742//1492 2740//1492 2743//1492
f 2742//1493 2743//1493 2297//1493
f 2297//1493 2743//1493 2744//1493
f 2297//1494 2744//1494 2293//1494
f 2745//1495 2746//1495 2747//1495
f 2747//1496 2746//1496 2748//1496
f 2747//1497 2748//1497 2749//1497
f 2749//1498 2748//1498 2750//1498
f 2749//1499 2750//1499 2751//1499
f 2751//1500 2750//1500 2752//1500
f 2751//1501 2752//1501 2753//1501
f 2753//1501 2752//1501 2251//1501
f 2753//1502 2251//1502 2754//1502
f 2754//1503 2251//1503 2253//1503
f 2754//1504 2253//1504 2706//1504
f 2745//1505 2747//1505 2755//1505
f 2755//1506 2747//1506 2756//1506
f 2755//1507 2756//1507 2757//1507
f 2757//1508 2756//1508 2758//1508
f 2757//1509 2758//1509 2759//1509
f 2759//1510 2758//1510 2760//1510
f 2760//1511 2758//1511 2761//1511
f 2760//1512 2761//1512 2762//1512
f 2282//1513 2763//1513 2280//1513
f 2280//1514 2763//1514 2698//1514
f 2280//1515 2698//1515 2266//1515
f 2706//1516 2253//1516 2697//1516
f 2697//1517 2253//1517 2256//1517
f 2697//1518 2256//1518 2698//1518
f 2698//1519 2256//1519 2267//1519
f 2698//1520 2267//1520 2266//1520
f 1947//1521 2764//1521 2282//1521
f 2282//1522 2764//1522 2765//1522
f 2282//1523 2765//1523 2763//1523
f 2720//1524 2287//1524 2289//1524
f 2725//1525 2285//1525 2766//1525
f 2766//1526 2285//1526 2287//1526
f 2766//1527 2287//1527 2767//1527
f 2767//1528 2287//1528 2720//1528
f 2289//1529 1942//1529 2720//1529
f 2720//1530 1942//1530 1941//1530
f 2720//1531 1941//1531 2711//1531
f 2711//1532 1941//1532 2292//1532
f 2711//1533 2292//1533 2712//1533
f 2712//1534 2292//1534 2293//1534
f 2712//1535 2293//1535 2768//1535
f 2768//1536 2293//1536 2744//1536
f 2725//1478 2727//1478 2285//1478
f 2285//1537 2727//1537 2769//1537
f 2285//1537 2769//1537 1944//1537
f 1944//1538 2769//1538 2770//1538
f 1944//1538 2770//1538 2328//1538
f 2328//1539 2770//1539 1949//1539
f 1949//1540 2770//1540 2771//1540
f 1949//1541 2771//1541 1947//1541
f 1947//1542 2771//1542 2772//1542
f 1947//1542 2772//1542 2764//1542
f 1909//1543 1910//1543 2295//1543
f 2773//1543 2774//1543 2148//1543
f 2148//1543 2774//1543 2146//1543
f 2742//1543 2297//1543 2775//1543
f 2775//1543 2297//1543 2295//1543
f 2775//1543 2295//1543 2776//1543
f 2776//1543 2295//1543 1910//1543
f 2643//1543 2642//1543 1844//1543
f 1844//1543 2642//1543 2641//1543
f 2774//1543 2777//1543 2146//1543
f 2146//1543 2777//1543 1844//1543
f 2146//1543 1844//1543 2640//1543
f 2640//1543 1844//1543 2641//1543
f 1844//1543 1843//1543 2643//1543
f 2643//1543 1843//1543 1901//1543
f 2643//1544 1901//1544 2644//1544
f 2644//1544 1901//1544 1902//1544
f 2644//1544 1902//1544 2645//1544
f 2645//1544 1902//1544 1903//1544
f 2645//1543 1903//1543 2646//1543
f 2646//1543 1903//1543 1904//1543
f 2646//1543 1904//1543 2647//1543
f 2647//1543 1904//1543 1905//1543
f 2647//1543 1905//1543 2648//1543
f 2648//1543 1905//1543 1906//1543
f 2648//1543 1906//1543 2649//1543
f 2649//1543 1906//1543 1907//1543
f 2649//1543 1907//1543 2650//1543
f 2650//1543 1907//1543 1908//1543
f 2650//1543 1908//1543 2651//1543
f 2651//1544 1908//1544 1909//1544
f 2651//1544 1909//1544 2652//1544
f 2652//1543 1909//1543 2295//1543
f 2778//1545 2779//1545 2780//1545
f 2198//1546 2196//1546 2670//1546
f 2781//1547 2782//1547 2783//1547
f 2783//1548 2782//1548 2784//1548
f 2781//1549 2783//1549 2785//1549
f 2785//1550 2783//1550 2786//1550
f 2785//1551 2786//1551 2787//1551
f 2787//1552 2786//1552 2788//1552
f 2788//1553 2786//1553 2789//1553
f 2788//1554 2789//1554 2790//1554
f 2782//1555 2791//1555 2784//1555
f 2784//1556 2791//1556 2792//1556
f 2784//1557 2792//1557 2793//1557
f 2793//1558 2792//1558 2794//1558
f 2793//1559 2794//1559 2795//1559
f 2795//1560 2794//1560 2773//1560
f 2795//1561 2773//1561 2796//1561
f 2796//1561 2773//1561 2148//1561
f 2796//1562 2148//1562 2797//1562
f 2797//1563 2148//1563 1957//1563
f 2797//1564 1957//1564 2678//1564
f 2678//1565 1957//1565 2669//1565
f 2670//1566 2196//1566 2798//1566
f 1957//1567 1956//1567 2669//1567
f 2669//1568 1956//1568 2201//1568
f 2669//1569 2201//1569 2670//1569
f 2670//1570 2201//1570 2200//1570
f 2670//1571 2200//1571 2198//1571
f 2202//1572 2799//1572 2196//1572
f 2196//1573 2799//1573 2800//1573
f 2196//1574 2800//1574 2798//1574
f 2222//1575 2225//1575 2801//1575
f 2801//1576 2225//1576 2802//1576
f 2802//1577 2225//1577 2227//1577
f 2802//1578 2227//1578 2692//1578
f 2227//1579 2233//1579 2692//1579
f 2692//1580 2233//1580 2235//1580
f 2692//1581 2235//1581 2683//1581
f 2683//1582 2235//1582 2237//1582
f 2683//1583 2237//1583 2684//1583
f 2684//1584 2237//1584 2241//1584
f 2684//1585 2241//1585 2803//1585
f 2803//1586 2241//1586 2804//1586
f 2804//1587 2241//1587 2244//1587
f 2804//1588 2244//1588 2805//1588
f 2805//1588 2244//1588 2806//1588
f 2805//1589 2806//1589 2807//1589
f 2808//1590 2809//1590 2810//1590
f 2810//1591 2809//1591 2811//1591
f 2812//1592 2813//1592 2811//1592
f 2811//1593 2813//1593 2814//1593
f 2811//1594 2814//1594 2810//1594
f 2815//1595 2816//1595 2812//1595
f 2812//1596 2816//1596 2817//1596
f 2812//1597 2817//1597 2813//1597
f 2806//1598 2818//1598 2807//1598
f 2807//1599 2818//1599 2819//1599
f 2807//1600 2819//1600 2815//1600
f 2815//1601 2819//1601 2820//1601
f 2815//1602 2820//1602 2816//1602
f 2801//1603 2778//1603 2222//1603
f 2222//1545 2778//1545 2780//1545
f 2222//1604 2780//1604 2219//1604
f 2219//1605 2780//1605 2821//1605
f 2219//1606 2821//1606 2168//1606
f 2168//1607 2821//1607 2822//1607
f 2168//1607 2822//1607 1953//1607
f 1953//1608 2822//1608 2823//1608
f 1953//1608 2823//1608 2202//1608
f 2202//1609 2823//1609 2824//1609
f 2202//1609 2824//1609 2799//1609
f 2752//1610 2825//1610 2251//1610
f 2251//1610 2825//1610 2182//1610
f 1797//1610 2179//1610 2177//1610
f 2806//1610 2244//1610 2826//1610
f 2826//1610 2244//1610 2179//1610
f 2826//1610 2179//1610 2827//1610
f 2827//1610 2179//1610 1797//1610
f 2177//1610 2597//1610 1797//1610
f 1797//1610 2597//1610 2598//1610
f 1797//1610 2598//1610 1799//1610
f 1799//1610 2598//1610 2599//1610
f 1799//1610 2599//1610 1801//1610
f 1801//1611 2599//1611 1563//1611
f 1563//1611 2599//1611 2600//1611
f 1563//1611 2600//1611 1566//1611
f 1566//1611 2600//1611 2601//1611
f 1566//1610 2601//1610 1526//1610
f 1526//1610 2601//1610 2602//1610
f 1526//1610 2602//1610 1568//1610
f 1568//1610 2602//1610 2603//1610
f 1568//1610 2603//1610 1871//1610
f 1871//1610 2603//1610 2604//1610
f 1871//1610 2604//1610 1870//1610
f 1870//1610 2604//1610 2605//1610
f 1870//1610 2605//1610 1831//1610
f 1831//1610 2605//1610 2606//1610
f 1831//1611 2606//1611 1830//1611
f 2825//1610 2828//1610 2182//1610
f 2182//1610 2828//1610 1857//1610
f 2182//1610 1857//1610 2608//1610
f 2608//1610 1857//1610 1830//1610
f 2608//1611 1830//1611 2607//1611
f 2607//1610 1830//1610 2606//1610
f 2829//1612 2830//1612 2831//1612
f 2832//1613 2833//1613 2834//1613
f 2835//1614 2836//1614 2837//1614
f 2721//1615 2838//1615 2835//1615
f 2721//1616 2654//1616 2715//1616
f 2715//1617 2654//1617 2660//1617
f 2715//1618 2660//1618 2717//1618
f 2717//1619 2660//1619 2304//1619
f 2717//1620 2304//1620 2839//1620
f 2839//1621 2304//1621 2840//1621
f 2840//1622 2304//1622 2306//1622
f 2840//1623 2306//1623 2841//1623
f 2707//1624 2842//1624 2832//1624
f 2707//1625 2310//1625 2701//1625
f 2701//1626 2310//1626 2313//1626
f 2701//1627 2313//1627 2703//1627
f 2703//1628 2313//1628 2312//1628
f 2703//1629 2312//1629 2843//1629
f 2843//1630 2312//1630 2299//1630
f 2843//1631 2299//1631 2844//1631
f 2844//1632 2299//1632 2192//1632
f 2844//1633 2192//1633 2845//1633
f 1855//1634 2846//1634 2829//1634
f 1855//1635 2188//1635 1847//1635
f 1847//1636 2188//1636 2302//1636
f 1847//1637 2302//1637 1845//1637
f 1845//1638 2302//1638 1936//1638
f 1845//1639 1936//1639 2847//1639
f 2847//1640 1936//1640 2848//1640
f 2848//1641 1936//1641 1935//1641
f 2848//1642 1935//1642 2849//1642
f 2721//1643 2835//1643 2654//1643
f 2654//1614 2835//1614 2837//1614
f 2654//1644 2837//1644 2653//1644
f 2653//1644 2837//1644 2850//1644
f 2653//1645 2850//1645 1935//1645
f 1935//1645 2850//1645 2851//1645
f 1935//1642 2851//1642 2849//1642
f 1855//1646 2829//1646 2188//1646
f 2188//1612 2829//1612 2831//1612
f 2188//1647 2831//1647 2190//1647
f 2190//1647 2831//1647 2852//1647
f 2190//1648 2852//1648 2192//1648
f 2192//1648 2852//1648 2853//1648
f 2192//1633 2853//1633 2845//1633
f 2707//1649 2832//1649 2310//1649
f 2310//1613 2832//1613 2834//1613
f 2310//1650 2834//1650 2308//1650
f 2308//1650 2834//1650 2854//1650
f 2308//1651 2854//1651 2306//1651
f 2306//1651 2854//1651 2855//1651
f 2306//1623 2855//1623 2841//1623
f 2622//1652 2856//1652 2621//1652
f 2621//1652 2856//1652 2857//1652
f 2621//1653 2857//1653 2623//1653
f 2623//1653 2857//1653 2858//1653
f 2623//1654 2858//1654 2624//1654
f 2624//1654 2858//1654 2859//1654
f 2624//1655 2859//1655 2625//1655
f 2625//1655 2859//1655 2860//1655
f 2625//1656 2860//1656 2626//1656
f 2626//1656 2860//1656 2861//1656
f 2626//1657 2861//1657 2630//1657
f 2630//1657 2861//1657 2862//1657
f 2630//1658 2862//1658 2631//1658
f 2631//1658 2862//1658 2863//1658
f 2631//1659 2863//1659 2632//1659
f 2632//1659 2863//1659 2864//1659
f 2632//1660 2864//1660 2627//1660
f 2627//1660 2864//1660 2865//1660
f 2627//1661 2865//1661 2628//1661
f 2628//1661 2865//1661 2866//1661
f 2628//1662 2866//1662 2629//1662
f 2629//1662 2866//1662 2867//1662
f 2629//1663 2867//1663 2622//1663
f 2622//1663 2867//1663 2856//1663
f 2296//1664 2868//1664 2294//1664
f 2294//1664 2868//1664 2869//1664
f 2294//1665 2869//1665 1938//1665
f 1938//1665 2869//1665 2870//1665
f 1938//1666 2870//1666 1939//1666
f 1939//1666 2870//1666 2871//1666
f 1939//1667 2871//1667 2317//1667
f 2317//1667 2871//1667 2872//1667
f 2317//1668 2872//1668 2318//1668
f 2318//1668 2872//1668 2873//1668
f 2318//1657 2873//1657 2320//1657
f 2320//1657 2873//1657 2874//1657
f 2320//1658 2874//1658 2321//1658
f 2321//1658 2874//1658 2875//1658
f 2321//1669 2875//1669 2314//1669
f 2314//1669 2875//1669 2876//1669
f 2314//1670 2876//1670 2315//1670
f 2315//1670 2876//1670 2877//1670
f 2315//1671 2877//1671 2316//1671
f 2316//1671 2877//1671 2878//1671
f 2316//1672 2878//1672 2298//1672
f 2298//1672 2878//1672 2879//1672
f 2298//1673 2879//1673 2296//1673
f 2296//1673 2879//1673 2868//1673
f 2667//1652 2880//1652 2668//1652
f 2668//1652 2880//1652 2881//1652
f 2668//1653 2881//1653 2656//1653
f 2656//1653 2881//1653 2882//1653
f 2656//1654 2882//1654 2657//1654
f 2657//1654 2882//1654 2883//1654
f 2657//1655 2883//1655 2661//1655
f 2661//1655 2883//1655 2884//1655
f 2661//1656 2884//1656 2662//1656
f 2662//1656 2884//1656 2885//1656
f 2662//1657 2885//1657 2663//1657
f 2663//1657 2885//1657 2886//1657
f 2663//1658 2886//1658 2664//1658
f 2664//1658 2886//1658 2887//1658
f 2664//1659 2887//1659 2665//1659
f 2665//1659 2887//1659 2888//1659
f 2665//1660 2888//1660 2658//1660
f 2658//1660 2888//1660 2889//1660
f 2658//1661 2889//1661 2659//1661
f 2659//1661 2889//1661 2890//1661
f 2659//1662 2890//1662 2666//1662
f 2666//1662 2890//1662 2891//1662
f 2666//1663 2891//1663 2667//1663
f 2667//1663 2891//1663 2880//1663
f 2332//1674 2892//1674 2333//1674
f 2333//1674 2892//1674 2893//1674
f 2333//1653 2893//1653 2334//1653
f 2334//1653 2893//1653 2894//1653
f 2334//1675 2894//1675 2309//1675
f 2309//1675 2894//1675 2895//1675
f 2309//1676 2895//1676 2322//1676
f 2322//1676 2895//1676 2896//1676
f 2322//1677 2896//1677 2323//1677
f 2323//1677 2896//1677 2897//1677
f 2323//1678 2897//1678 2325//1678
f 2325//1678 2897//1678 2898//1678
f 2325//1679 2898//1679 2326//1679
f 2326//1679 2898//1679 2899//1679
f 2326//1680 2899//1680 2327//1680
f 2327//1680 2899//1680 2900//1680
f 2327//1681 2900//1681 2329//1681
f 2329//1681 2900//1681 2901//1681
f 2329//1682 2901//1682 2330//1682
f 2330//1682 2901//1682 2902//1682
f 2330//1662 2902//1662 2331//1662
f 2331//1662 2902//1662 2903//1662
f 2331//1683 2903//1683 2332//1683
f 2332//1683 2903//1683 2892//1683
f 2187//1684 2904//1684 2194//1684
f 2194//1684 2904//1684 2905//1684
f 2194//1685 2905//1685 2193//1685
f 2193//1685 2905//1685 2906//1685
f 2193//1686 2906//1686 1959//1686
f 1959//1686 2906//1686 2907//1686
f 1959//1687 2907//1687 1960//1687
f 1960//1687 2907//1687 2908//1687
f 1960//1656 2908//1656 2609//1656
f 2609//1656 2908//1656 2909//1656
f 2609//1688 2909//1688 2610//1688
f 2610//1688 2909//1688 2910//1688
f 2610//1689 2910//1689 2183//1689
f 2183//1689 2910//1689 2911//1689
f 2183//1690 2911//1690 2185//1690
f 2185//1690 2911//1690 2912//1690
f 2185//1691 2912//1691 2186//1691
f 2186//1691 2912//1691 2913//1691
f 2186//1692 2913//1692 2191//1692
f 2191//1692 2913//1692 2914//1692
f 2191//1693 2914//1693 2189//1693
f 2189//1693 2914//1693 2915//1693
f 2189//1694 2915//1694 2187//1694
f 2187//1694 2915//1694 2904//1694
f 2342//1684 2916//1684 1932//1684
f 1932//1684 2916//1684 2917//1684
f 1932//1685 2917//1685 1933//1685
f 1933//1685 2917//1685 2918//1685
f 1933//1695 2918//1695 2335//1695
f 2335//1695 2918//1695 2919//1695
f 2335//1696 2919//1696 2336//1696
f 2336//1696 2919//1696 2920//1696
f 2336//1656 2920//1656 2338//1656
f 2338//1656 2920//1656 2921//1656
f 2338//1688 2921//1688 2339//1688
f 2339//1688 2921//1688 2922//1688
f 2339//1689 2922//1689 2344//1689
f 2344//1689 2922//1689 2923//1689
f 2344//1690 2923//1690 2346//1690
f 2346//1690 2923//1690 2924//1690
f 2346//1697 2924//1697 2347//1697
f 2347//1697 2924//1697 2925//1697
f 2347//1698 2925//1698 2340//1698
f 2340//1698 2925//1698 2926//1698
f 2340//1693 2926//1693 2341//1693
f 2341//1693 2926//1693 2927//1693
f 2341//1694 2927//1694 2342//1694
f 2342//1694 2927//1694 2916//1694
f 2560//1699 2928//1699 2555//1699
f 2555//1699 2928//1699 2929//1699
f 2555//1700 2929//1700 2554//1700
f 2554//1700 2929//1700 2930//1700
f 2554//1701 2930//1701 2553//1701
f 2553//1701 2930//1701 2931//1701
f 2553//1702 2931//1702 2556//1702
f 2556//1702 2931//1702 2932//1702
f 2556//1703 2932//1703 2557//1703
f 2557//1703 2932//1703 2933//1703
f 2557//1704 2933//1704 2561//1704
f 2561//1704 2933//1704 2934//1704
f 2561//1705 2934//1705 2562//1705
f 2562//1705 2934//1705 2935//1705
f 2562//1706 2935//1706 2563//1706
f 2563//1706 2935//1706 2936//1706
f 2563//1707 2936//1707 2564//1707
f 2564//1707 2936//1707 2937//1707
f 2564//1708 2937//1708 2558//1708
f 2558//1708 2937//1708 2938//1708
f 2558//1709 2938//1709 2559//1709
f 2559//1709 2938//1709 2939//1709
f 2559//1710 2939//1710 2560//1710
f 2560//1710 2939//1710 2928//1710
f 1951//1699 2940//1699 2238//1699
f 2238//1699 2940//1699 2941//1699
f 2238//1711 2941//1711 2239//1711
f 2239//1711 2941//1711 2942//1711
f 2239//1701 2942//1701 2240//1701
f 2240//1701 2942//1701 2943//1701
f 2240//1702 2943//1702 2246//1702
f 2246//1702 2943//1702 2944//1702
f 2246//1712 2944//1712 2245//1712
f 2245//1712 2944//1712 2945//1712
f 2245//1713 2945//1713 2243//1713
f 2243//1713 2945//1713 2946//1713
f 2243//1714 2946//1714 2242//1714
f 2242//1714 2946//1714 2947//1714
f 2242//1715 2947//1715 2247//1715
f 2247//1715 2947//1715 2948//1715
f 2247//1707 2948//1707 2248//1707
f 2248//1707 2948//1707 2949//1707
f 2248//1708 2949//1708 2249//1708
f 2249//1708 2949//1708 2950//1708
f 2249//1709 2950//1709 1950//1709
f 1950//1709 2950//1709 2951//1709
f 1950//1716 2951//1716 1951//1716
f 1951//1716 2951//1716 2940//1716
f 2218//1699 2952//1699 2220//1699
f 2220//1699 2952//1699 2953//1699
f 2220//1711 2953//1711 2221//1711
f 2221//1711 2953//1711 2954//1711
f 2221//1701 2954//1701 2223//1701
f 2223//1701 2954//1701 2955//1701
f 2223//1702 2955//1702 2224//1702
f 2224//1702 2955//1702 2956//1702
f 2224//1717 2956//1717 2226//1717
f 2226//1717 2956//1717 2957//1717
f 2226//1704 2957//1704 2228//1704
f 2228//1704 2957//1704 2958//1704
f 2228//1718 2958//1718 2229//1718
f 2229//1718 2958//1718 2959//1718
f 2229//1706 2959//1706 2230//1706
f 2230//1706 2959//1706 2960//1706
f 2230//1707 2960//1707 2214//1707
f 2214//1707 2960//1707 2961//1707
f 2214//1708 2961//1708 2215//1708
f 2215//1708 2961//1708 2962//1708
f 2215//1709 2962//1709 2217//1709
f 2217//1709 2962//1709 2963//1709
f 2217//1719 2963//1719 2218//1719
f 2218//1719 2963//1719 2952//1719
f 2351//1720 2964//1720 2352//1720
f 2352//1720 2964//1720 2965//1720
f 2352//1721 2965//1721 2356//1721
f 2356//1721 2965//1721 2966//1721
f 2356//1722 2966//1722 2357//1722
f 2357//1722 2966//1722 2967//1722
f 2357//1723 2967//1723 2358//1723
f 2358//1723 2967//1723 2968//1723
f 2358//1724 2968//1724 1929//1724
f 1929//1724 2968//1724 2969//1724
f 1929//1725 2969//1725 1930//1725
f 1930//1725 2969//1725 2970//1725
f 1930//1726 2970//1726 2354//1726
f 2354//1726 2970//1726 2971//1726
f 2354//1727 2971//1727 2355//1727
f 2355//1727 2971//1727 2972//1727
f 2355//1728 2972//1728 2578//1728
f 2578//1728 2972//1728 2973//1728
f 2578//1729 2973//1729 2348//1729
f 2348//1729 2973//1729 2974//1729
f 2348//1730 2974//1730 2349//1730
f 2349//1730 2974//1730 2975//1730
f 2349//1731 2975//1731 2351//1731
f 2351//1731 2975//1731 2964//1731
f 2130//1720 2976//1720 2132//1720
f 2132//1720 2976//1720 2977//1720
f 2132//1721 2977//1721 2120//1721
f 2120//1721 2977//1721 2978//1721
f 2120//1732 2978//1732 2121//1732
f 2121//1732 2978//1732 2979//1732
f 2121//1733 2979//1733 2180//1733
f 2180//1733 2979//1733 2980//1733
f 2180//1724 2980//1724 2178//1724
f 2178//1724 2980//1724 2981//1724
f 2178//1725 2981//1725 2176//1725
f 2176//1725 2981//1725 2982//1725
f 2176//1726 2982//1726 2543//1726
f 2543//1726 2982//1726 2983//1726
f 2543//1727 2983//1727 2123//1727
f 2123//1727 2983//1727 2984//1727
f 2123//1734 2984//1734 2124//1734
f 2124//1734 2984//1734 2985//1734
f 2124//1735 2985//1735 2128//1735
f 2128//1735 2985//1735 2986//1735
f 2128//1730 2986//1730 2129//1730
f 2129//1730 2986//1730 2987//1730
f 2129//1731 2987//1731 2130//1731
f 2130//1731 2987//1731 2976//1731
f 2270//1652 2988//1652 2272//1652
f 2272//1652 2988//1652 2989//1652
f 2272//1685 2989//1685 2273//1685
f 2273//1685 2989//1685 2990//1685
f 2273//1654 2990//1654 2276//1654
f 2276//1654 2990//1654 2991//1654
f 2276//1655 2991//1655 2277//1655
f 2277//1655 2991//1655 2992//1655
f 2277//1677 2992//1677 2279//1677
f 2279//1677 2992//1677 2993//1677
f 2279//1657 2993//1657 2281//1657
f 2281//1657 2993//1657 2994//1657
f 2281//1658 2994//1658 2283//1658
f 2283//1658 2994//1658 2995//1658
f 2283//1680 2995//1680 2284//1680
f 2284//1680 2995//1680 2996//1680
f 2284//1660 2996//1660 2274//1660
f 2274//1660 2996//1660 2997//1660
f 2274//1661 2997//1661 2275//1661
f 2275//1661 2997//1661 2998//1661
f 2275//1736 2998//1736 2269//1736
f 2269//1736 2998//1736 2999//1736
f 2269//1663 2999//1663 2270//1663
f 2270//1663 2999//1663 2988//1663
f 2261//1652 3000//1652 2262//1652
f 2262//1652 3000//1652 3001//1652
f 2262//1737 3001//1737 2263//1737
f 2263//1737 3001//1737 3002//1737
f 2263//1666 3002//1666 2264//1666
f 2264//1666 3002//1666 3003//1666
f 2264//1667 3003//1667 2265//1667
f 2265//1667 3003//1667 3004//1667
f 2265//1738 3004//1738 2250//1738
f 2250//1738 3004//1738 3005//1738
f 2250//1739 3005//1739 2252//1739
f 2252//1739 3005//1739 3006//1739
f 2252//1740 3006//1740 2254//1740
f 2254//1740 3006//1740 3007//1740
f 2254//1741 3007//1741 2255//1741
f 2255//1741 3007//1741 3008//1741
f 2255//1670 3008//1670 2257//1670
f 2257//1670 3008//1670 3009//1670
f 2257//1671 3009//1671 2258//1671
f 2258//1671 3009//1671 3010//1671
f 2258//1742 3010//1742 2259//1742
f 2259//1742 3010//1742 3011//1742
f 2259//1663 3011//1663 2261//1663
f 2261//1663 3011//1663 3000//1663
f 1912//1652 3012//1652 2611//1652
f 2611//1652 3012//1652 3013//1652
f 2611//1685 3013//1685 2612//1685
f 2612//1685 3013//1685 3014//1685
f 2612//1654 3014//1654 2613//1654
f 2613//1654 3014//1654 3015//1654
f 2613//1655 3015//1655 2614//1655
f 2614//1655 3015//1655 3016//1655
f 2614//1677 3016//1677 2615//1677
f 2615//1677 3016//1677 3017//1677
f 2615//1657 3017//1657 2616//1657
f 2616//1657 3017//1657 3018//1657
f 2616//1658 3018//1658 2617//1658
f 2617//1658 3018//1658 3019//1658
f 2617//1680 3019//1680 2618//1680
f 2618//1680 3019//1680 3020//1680
f 2618//1660 3020//1660 2619//1660
f 2619//1660 3020//1660 3021//1660
f 2619//1661 3021//1661 2620//1661
f 2620//1661 3021//1661 3022//1661
f 2620//1736 3022//1736 1911//1736
f 1911//1736 3022//1736 3023//1736
f 1911//1663 3023//1663 1912//1663
f 1912//1663 3023//1663 3012//1663
f 2164//1743 3024//1743 2165//1743
f 2165//1743 3024//1743 3025//1743
f 2165//1744 3025//1744 2166//1744
f 2166//1744 3025//1744 3026//1744
f 2166//1745 3026//1745 2167//1745
f 2167//1745 3026//1745 3027//1745
f 2167//1746 3027//1746 2169//1746
f 2169//1746 3027//1746 3028//1746
f 2169//1747 3028//1747 2170//1747
f 2170//1747 3028//1747 3029//1747
f 2170//1748 3029//1748 2171//1748
f 2171//1748 3029//1748 3030//1748
f 2171//1749 3030//1749 2172//1749
f 2172//1749 3030//1749 3031//1749
f 2172//1750 3031//1750 2174//1750
f 2174//1750 3031//1750 3032//1750
f 2174//1751 3032//1751 2175//1751
f 2175//1751 3032//1751 3033//1751
f 2175//1752 3033//1752 2162//1752
f 2162//1752 3033//1752 3034//1752
f 2162//1753 3034//1753 2163//1753
f 2163//1753 3034//1753 3035//1753
f 2163//1754 3035//1754 2164//1754
f 2164//1754 3035//1754 3024//1754
f 2204//1699 3036//1699 2205//1699
f 2205//1699 3036//1699 3037//1699
f 2205//1755 3037//1755 2206//1755
f 2206//1755 3037//1755 3038//1755
f 2206//1701 3038//1701 2203//1701
f 2203//1701 3038//1701 3039//1701
f 2203//1702 3039//1702 2207//1702
f 2207//1702 3039//1702 3040//1702
f 2207//1756 3040//1756 2208//1756
f 2208//1756 3040//1756 3041//1756
f 2208//1704 3041//1704 2209//1704
f 2209//1704 3041//1704 3042//1704
f 2209//1718 3042//1718 2210//1718
f 2210//1718 3042//1718 3043//1718
f 2210//1757 3043//1757 2211//1757
f 2211//1757 3043//1757 3044//1757
f 2211//1707 3044//1707 2212//1707
f 2212//1707 3044//1707 3045//1707
f 2212//1708 3045//1708 2213//1708
f 2213//1708 3045//1708 3046//1708
f 2213//1758 3046//1758 2195//1758
f 2195//1758 3046//1758 3047//1758
f 2195//1719 3047//1719 2204//1719
f 2204//1719 3047//1719 3036//1719
f 2149//1759 3048//1759 2150//1759
f 2150//1759 3048//1759 3049//1759
f 2150//1760 3049//1760 2151//1760
f 2151//1760 3049//1760 3050//1760
f 2151//1701 3050//1701 2152//1701
f 2152//1701 3050//1701 3051//1701
f 2152//1702 3051//1702 2153//1702
f 2153//1702 3051//1702 3052//1702
f 2153//1756 3052//1756 2154//1756
f 2154//1756 3052//1756 3053//1756
f 2154//1704 3053//1704 2155//1704
f 2155//1704 3053//1704 3054//1704
f 2155//1761 3054//1761 2159//1761
f 2159//1761 3054//1761 3055//1761
f 2159//1757 3055//1757 2160//1757
f 2160//1757 3055//1757 3056//1757
f 2160//1707 3056//1707 2144//1707
f 2144//1707 3056//1707 3057//1707
f 2144//1708 3057//1708 2145//1708
f 2145//1708 3057//1708 3058//1708
f 2145//1762 3058//1762 2147//1762
f 2147//1762 3058//1762 3059//1762
f 2147//1763 3059//1763 2149//1763
f 2149//1763 3059//1763 3048//1763
f 2567//1699 3060//1699 2569//1699
f 2569//1699 3060//1699 3061//1699
f 2569//1764 3061//1764 2570//1764
f 2570//1764 3061//1764 3062//1764
f 2570//1701 3062//1701 2571//1701
f 2571//1701 3062//1701 3063//1701
f 2571//1702 3063//1702 2572//1702
f 2572//1702 3063//1702 3064//1702
f 2572//1765 3064//1765 2573//1765
f 2573//1765 3064//1765 3065//1765
f 2573//1704 3065//1704 2574//1704
f 2574//1704 3065//1704 3066//1704
f 2574//1705 3066//1705 2575//1705
f 2575//1705 3066//1705 3067//1705
f 2575//1757 3067//1757 2576//1757
f 2576//1757 3067//1757 3068//1757
f 2576//1707 3068//1707 2577//1707
f 2577//1707 3068//1707 3069//1707
f 2577//1708 3069//1708 2565//1708
f 2565//1708 3069//1708 3070//1708
f 2565//1758 3070//1758 2566//1758
f 2566//1758 3070//1758 3071//1758
f 2566//1710 3071//1710 2567//1710
f 2567//1710 3071//1710 3060//1710
f 3072//1766 3073//1766 3074//1766
f 3075//1767 3076//1767 3077//1767
f 3078//1768 3079//1768 3080//1768
f 2158//1769 2550//1769 3081//1769
f 3082//1770 3083//1770 1964//1770
f 1964//1771 3083//1771 1819//1771
f 1964//1772 1819//1772 1962//1772
f 1962//1773 1819//1773 1535//1773
f 1962//1774 1535//1774 2550//1774
f 2550//1775 1535//1775 1542//1775
f 2550//1776 1542//1776 3081//1776
f 2133//1777 2134//1777 3084//1777
f 3085//1778 3086//1778 2138//1778
f 2138//1779 3086//1779 2686//1779
f 2138//1780 2686//1780 2136//1780
f 2136//1781 2686//1781 2688//1781
f 2136//1782 2688//1782 2134//1782
f 2134//1783 2688//1783 2693//1783
f 2134//1784 2693//1784 3084//1784
f 2232//1785 2143//1785 3087//1785
f 3088//1786 3089//1786 2140//1786
f 2140//1787 3089//1787 2675//1787
f 2140//1788 2675//1788 2142//1788
f 2142//1789 2675//1789 2673//1789
f 2142//1790 2673//1790 2143//1790
f 2143//1791 2673//1791 2679//1791
f 2143//1792 2679//1792 3087//1792
f 3087//1793 3072//1793 2232//1793
f 2232//1766 3072//1766 3074//1766
f 2232//1794 3074//1794 2231//1794
f 2231//1794 3074//1794 3090//1794
f 2231//1795 3090//1795 2138//1795
f 2138//1795 3090//1795 3091//1795
f 2138//1796 3091//1796 3085//1796
f 3085//1796 3091//1796 3092//1796
f 3084//1797 3075//1797 2133//1797
f 2133//1767 3075//1767 3077//1767
f 2133//1798 3077//1798 2131//1798
f 2131//1798 3077//1798 3093//1798
f 2131//1799 3093//1799 1964//1799
f 1964//1799 3093//1799 3094//1799
f 1964//1800 3094//1800 3082//1800
f 3082//1800 3094//1800 3095//1800
f 3081//1801 3078//1801 2158//1801
f 2158//1768 3078//1768 3080//1768
f 2158//1802 3080//1802 2157//1802
f 2157//1802 3080//1802 3096//1802
f 2157//1803 3096//1803 2140//1803
f 2140//1803 3096//1803 3097//1803
f 2140//1804 3097//1804 3088//1804
f 3088//1804 3097//1804 3098//1804
f 2883//1474 2882//1474 3099//1474
f 3099//1475 2882//1475 3100//1475
f 3100//1474 2882//1474 2881//1474
f 3100//1474 2881//1474 3101//1474
f 3101//1475 2881//1475 2880//1475
f 3101//1474 2880//1474 3102//1474
f 2890//1474 2889//1474 2727//1474
f 3103//1474 2994//1474 3104//1474
f 3104//1474 2994//1474 2993//1474
f 3104//1474 2993//1474 3105//1474
f 3105//1474 2993//1474 2992//1474
f 2992//1474 2991//1474 3105//1474
f 3105//1474 2991//1474 3106//1474
f 3105//1475 3106//1475 3107//1475
f 2834//1474 2896//1474 2854//1474
f 2854//1474 2896//1474 2895//1474
f 2854//1474 2895//1474 2894//1474
f 2903//1474 2888//1474 2892//1474
f 2892//1474 2888//1474 2887//1474
f 2892//1474 2887//1474 2893//1474
f 2893//1474 2887//1474 2886//1474
f 2893//1474 2886//1474 2894//1474
f 2894//1474 2886//1474 2885//1474
f 2894//1474 2885//1474 2854//1474
f 3103//1474 3108//1474 2994//1474
f 2994//1475 3108//1475 3109//1475
f 2994//1474 3109//1474 2995//1474
f 2995//1474 3109//1474 2772//1474
f 2995//1475 2772//1475 2996//1475
f 2996//1474 2772//1474 2771//1474
f 2996//1474 2771//1474 2997//1474
f 3099//1474 3110//1474 2883//1474
f 2883//1475 3110//1475 3111//1475
f 2883//1474 3111//1474 2884//1474
f 2884//1474 3111//1474 2841//1474
f 2884//1474 2841//1474 2885//1474
f 2885//1474 2841//1474 2855//1474
f 2885//1474 2855//1474 2854//1474
f 2890//1475 2727//1475 2891//1475
f 2891//1474 2727//1474 2726//1474
f 2891//1474 2726//1474 2880//1474
f 2880//1474 2726//1474 3112//1474
f 2880//1475 3112//1475 3102//1475
f 2889//1474 2888//1474 2727//1474
f 2727//1474 2888//1474 2903//1474
f 2727//1474 2903//1474 2769//1474
f 2769//1474 2903//1474 2902//1474
f 2769//1474 2902//1474 2770//1474
f 2899//1474 2771//1474 2900//1474
f 2900//1474 2771//1474 2770//1474
f 2900//1474 2770//1474 2901//1474
f 2901//1475 2770//1475 2902//1475
f 2997//1474 2771//1474 2998//1474
f 2998//1474 2771//1474 2899//1474
f 2998//1474 2899//1474 2999//1474
f 2999//1474 2899//1474 2898//1474
f 2999//1474 2898//1474 2988//1474
f 2988//1474 2898//1474 2897//1474
f 2988//1474 2897//1474 2989//1474
f 2989//1474 2897//1474 2896//1474
f 2989//1474 2896//1474 2990//1474
f 2990//1474 2896//1474 2834//1474
f 2990//1474 2834//1474 2991//1474
f 2991//1474 2834//1474 2833//1474
f 2991//1474 2833//1474 3106//1474
f 3105//1736 3113//1736 3104//1736
f 3104//1736 3113//1736 3114//1736
f 3100//1659 3115//1659 3099//1659
f 3099//1659 3115//1659 3116//1659
f 3117//1474 2958//1474 2779//1474
f 2779//1474 2958//1474 2957//1474
f 2779//1475 2957//1475 2780//1475
f 2780//1474 2957//1474 2956//1474
f 2780//1474 2956//1474 2955//1474
f 2954//1474 3030//1474 3029//1474
f 3026//1474 3042//1474 3041//1474
f 2955//1474 2954//1474 2780//1474
f 2780//1474 2954//1474 3029//1474
f 2780//1474 3029//1474 2821//1474
f 2821//1474 3029//1474 3028//1474
f 2821//1474 3028//1474 3027//1474
f 3118//1474 3036//1474 3119//1474
f 3119//1474 3036//1474 3047//1474
f 3119//1474 3047//1474 3120//1474
f 3043//1474 3074//1474 3044//1474
f 3044//1474 3074//1474 3073//1474
f 2961//1474 3092//1474 2962//1474
f 2962//1475 3092//1475 3091//1475
f 2962//1474 3091//1474 2963//1474
f 3027//1474 3026//1474 2821//1474
f 2821//1474 3026//1474 3041//1474
f 2821//1474 3041//1474 2822//1474
f 2822//1474 3041//1474 3040//1474
f 2822//1474 3040//1474 2823//1474
f 3040//1474 3039//1474 2823//1474
f 2823//1474 3039//1474 3038//1474
f 2823//1474 3038//1474 2824//1474
f 2824//1474 3038//1474 3037//1474
f 2824//1474 3037//1474 3121//1474
f 3121//1474 3037//1474 3036//1474
f 3121//1474 3036//1474 3122//1474
f 3122//1474 3036//1474 3118//1474
f 3047//1474 3046//1474 3120//1474
f 3120//1474 3046//1474 3045//1474
f 3120//1474 3045//1474 3123//1474
f 3123//1474 3045//1474 3044//1474
f 3123//1475 3044//1475 3124//1475
f 3124//1474 3044//1474 3073//1474
f 2954//1474 2953//1474 3030//1474
f 3030//1474 2953//1474 2952//1474
f 3030//1474 2952//1474 3031//1474
f 3031//1474 2952//1474 2963//1474
f 3031//1474 2963//1474 3032//1474
f 3032//1475 2963//1475 3091//1475
f 3032//1474 3091//1474 3033//1474
f 3033//1474 3091//1474 3090//1474
f 3033//1474 3090//1474 3034//1474
f 3034//1474 3090//1474 3074//1474
f 3034//1474 3074//1474 3035//1474
f 3035//1474 3074//1474 3043//1474
f 3035//1474 3043//1474 3024//1474
f 3024//1474 3043//1474 3042//1474
f 3024//1474 3042//1474 3025//1474
f 3025//1474 3042//1474 3026//1474
f 3125//1474 3092//1474 3126//1474
f 3126//1474 3092//1474 2961//1474
f 3126//1474 2961//1474 3127//1474
f 3127//1474 2961//1474 2960//1474
f 3127//1474 2960//1474 3128//1474
f 3128//1474 2960//1474 2959//1474
f 3128//1475 2959//1475 3129//1475
f 3129//1474 2959//1474 2958//1474
f 3129//1474 2958//1474 3130//1474
f 3130//1474 2958//1474 3117//1474
f 3128//1805 3131//1805 3127//1805
f 3127//1805 3131//1805 3132//1805
f 3120//1806 3133//1806 3119//1806
f 3119//1806 3133//1806 3134//1806
f 2863//1474 2862//1474 3135//1474
f 3135//1474 2862//1474 3136//1474
f 3136//1475 2862//1475 2861//1475
f 3136//1474 2861//1474 3137//1474
f 3137//1474 2861//1474 2860//1474
f 3137//1474 2860//1474 3138//1474
f 2851//1474 2850//1474 2923//1474
f 2858//1474 2731//1474 2859//1474
f 2859//1474 2731//1474 2729//1474
f 2859//1474 2729//1474 2860//1474
f 2860//1474 2729//1474 3139//1474
f 2860//1474 3139//1474 3138//1474
f 2734//1474 2731//1474 2919//1474
f 2923//1475 2850//1475 2924//1475
f 2924//1475 2850//1475 2837//1475
f 2924//1474 2837//1474 2925//1474
f 3140//1474 3141//1474 3135//1474
f 3135//1474 3141//1474 2849//1474
f 3135//1474 2849//1474 2921//1474
f 2921//1474 2849//1474 2851//1474
f 2921//1474 2851//1474 2922//1474
f 2922//1474 2851//1474 2923//1474
f 2858//1474 2857//1474 2731//1474
f 2731//1474 2857//1474 2856//1474
f 2731//1474 2856//1474 2919//1474
f 2919//1474 2856//1474 2867//1474
f 2919//1474 2867//1474 2920//1474
f 2920//1474 2867//1474 2866//1474
f 2920//1475 2866//1475 2921//1475
f 2921//1474 2866//1474 2865//1474
f 2921//1474 2865//1474 3135//1474
f 3135//1474 2865//1474 2864//1474
f 3135//1474 2864//1474 2863//1474
f 2876//1474 2875//1474 3142//1474
f 3142//1474 2875//1474 3143//1474
f 3142//1475 3143//1475 3144//1475
f 2871//1474 2927//1474 2872//1474
f 2872//1474 2927//1474 2926//1474
f 2872//1474 2926//1474 2873//1474
f 2873//1474 2926//1474 2925//1474
f 2873//1475 2925//1475 2874//1475
f 2874//1475 2925//1475 2837//1475
f 2874//1474 2837//1474 2875//1474
f 2875//1474 2837//1474 2836//1474
f 2875//1474 2836//1474 3143//1474
f 2871//1474 2870//1474 2927//1474
f 2927//1474 2870//1474 2740//1474
f 2927//1474 2740//1474 2916//1474
f 2916//1474 2740//1474 2737//1474
f 2916//1474 2737//1474 2917//1474
f 2917//1475 2737//1475 2734//1475
f 2917//1474 2734//1474 2918//1474
f 2918//1474 2734//1474 2919//1474
f 2870//1474 2869//1474 2740//1474
f 2740//1474 2869//1474 2868//1474
f 2740//1475 2868//1475 2743//1475
f 2743//1474 2868//1474 2879//1474
f 2743//1474 2879//1474 3145//1474
f 3145//1474 2879//1474 2878//1474
f 3145//1474 2878//1474 3146//1474
f 2876//1474 3142//1474 2877//1474
f 2877//1475 3142//1475 3147//1475
f 2877//1474 3147//1474 2878//1474
f 2878//1474 3147//1474 3148//1474
f 2878//1474 3148//1474 3146//1474
f 3142//1807 3149//1807 3147//1807
f 3147//1807 3149//1807 3150//1807
f 3136//1808 3151//1808 3135//1808
f 3135//1808 3151//1808 3152//1808
f 3153//1474 3014//1474 3154//1474
f 3154//1474 3014//1474 3013//1474
f 3154//1474 3013//1474 3155//1474
f 3155//1474 3013//1474 3012//1474
f 2758//1474 2756//1474 3018//1474
f 3018//1475 2756//1475 2908//1475
f 3018//1474 2908//1474 2907//1474
f 3018//1474 3017//1474 2758//1474
f 2758//1474 3017//1474 3016//1474
f 2758//1475 3016//1475 2761//1475
f 2761//1474 3016//1474 3015//1474
f 2761//1474 3015//1474 3156//1474
f 3156//1474 3015//1474 3014//1474
f 3156//1474 3014//1474 3157//1474
f 3157//1474 3014//1474 3153//1474
f 3021//1474 3020//1474 2906//1474
f 2906//1474 3020//1474 2907//1474
f 2907//1474 3020//1474 3019//1474
f 2907//1474 3019//1474 3018//1474
f 2749//1474 2911//1474 2747//1474
f 2747//1475 2911//1475 2910//1475
f 2747//1474 2910//1474 2756//1474
f 2756//1474 2910//1474 2909//1474
f 2756//1474 2909//1474 2908//1474
f 3006//1474 2749//1474 3007//1474
f 3007//1475 2749//1475 2751//1475
f 3007//1474 2751//1474 3008//1474
f 3008//1474 2751//1474 3158//1474
f 3012//1474 3023//1474 3155//1474
f 3155//1474 3023//1474 3159//1474
f 3155//1474 3159//1474 3160//1474
f 2906//1474 2905//1474 3021//1474
f 3021//1474 2905//1474 2852//1474
f 3021//1474 2852//1474 3022//1474
f 3022//1474 2852//1474 2831//1474
f 3022//1474 2831//1474 3023//1474
f 3023//1475 2831//1475 2830//1475
f 3023//1474 2830//1474 3159//1474
f 2905//1474 2904//1474 2852//1474
f 2852//1474 2904//1474 2915//1474
f 2852//1474 2915//1474 2853//1474
f 3006//1474 3005//1474 2749//1474
f 2749//1474 3005//1474 3004//1474
f 2749//1474 3004//1474 2911//1474
f 2911//1474 3004//1474 3003//1474
f 2911//1474 3003//1474 2912//1474
f 2912//1474 3003//1474 3002//1474
f 2912//1474 3002//1474 2913//1474
f 2913//1475 3002//1475 3001//1475
f 2913//1474 3001//1474 3161//1474
f 3161//1474 3001//1474 3000//1474
f 3162//1475 3163//1475 3161//1475
f 3161//1474 3163//1474 2845//1474
f 3161//1475 2845//1475 2913//1475
f 2913//1474 2845//1474 2853//1474
f 2913//1474 2853//1474 2914//1474
f 2914//1474 2853//1474 2915//1474
f 3000//1474 3011//1474 3161//1474
f 3161//1474 3011//1474 3010//1474
f 3161//1474 3010//1474 3164//1474
f 3164//1474 3010//1474 3009//1474
f 3164//1474 3009//1474 3165//1474
f 3165//1474 3009//1474 3008//1474
f 3165//1474 3008//1474 3166//1474
f 3166//1474 3008//1474 3158//1474
f 3155//1809 3167//1809 3154//1809
f 3154//1809 3167//1809 3168//1809
f 3164//1810 3169//1810 3161//1810
f 3161//1810 3169//1810 3170//1810
f 2940//1474 2951//1474 2979//1474
f 3171//1474 3172//1474 2944//1474
f 2944//1475 3172//1475 3173//1475
f 2944//1474 3173//1474 2945//1474
f 2945//1474 3173//1474 2805//1474
f 2945//1474 2805//1474 2946//1474
f 2946//1474 2805//1474 2807//1474
f 2946//1475 2807//1475 2947//1475
f 2947//1474 2807//1474 2948//1474
f 2948//1475 2807//1475 2815//1475
f 2948//1474 2815//1474 2949//1474
f 3171//1474 2944//1474 3174//1474
f 3174//1474 2944//1474 2943//1474
f 3174//1474 2943//1474 3175//1474
f 3175//1475 2943//1475 2942//1475
f 3175//1475 2942//1475 2941//1475
f 2934//1474 2812//1474 2935//1474
f 2935//1474 2812//1474 2811//1474
f 2979//1474 2951//1474 2980//1474
f 2980//1474 2951//1474 2950//1474
f 2980//1475 2950//1475 2981//1475
f 2981//1474 2950//1474 2949//1474
f 2981//1475 2949//1475 2982//1475
f 2982//1474 2949//1474 2815//1474
f 2982//1474 2815//1474 2983//1474
f 2983//1474 2815//1474 2812//1474
f 2983//1474 2812//1474 2984//1474
f 2984//1474 2812//1474 2934//1474
f 2984//1474 2934//1474 2933//1474
f 2976//1474 2987//1474 2931//1474
f 2931//1474 2987//1474 2932//1474
f 2932//1474 2987//1474 2986//1474
f 2932//1474 2986//1474 2933//1474
f 2933//1474 2986//1474 2985//1474
f 2933//1474 2985//1474 2984//1474
f 2929//1474 3095//1474 2930//1474
f 2930//1474 3095//1474 3094//1474
f 2930//1474 3094//1474 2931//1474
f 2931//1474 3094//1474 3093//1474
f 2931//1474 3093//1474 2976//1474
f 3176//1474 2938//1474 2809//1474
f 2809//1474 2938//1474 2937//1474
f 2809//1474 2937//1474 2811//1474
f 2811//1475 2937//1475 2936//1475
f 2811//1475 2936//1475 2935//1475
f 3177//1475 3178//1475 3076//1475
f 3076//1474 3178//1474 3175//1474
f 3076//1474 3175//1474 3077//1474
f 3179//1474 3095//1474 3180//1474
f 3180//1475 3095//1475 2929//1475
f 3180//1474 2929//1474 3181//1474
f 3181//1474 2929//1474 2928//1474
f 3181//1474 2928//1474 3182//1474
f 3182//1474 2928//1474 2939//1474
f 3182//1474 2939//1474 3183//1474
f 3183//1475 2939//1475 2938//1475
f 3183//1474 2938//1474 3184//1474
f 3184//1475 2938//1475 3176//1475
f 2941//1474 2940//1474 3175//1474
f 3175//1475 2940//1475 2979//1475
f 3175//1474 2979//1474 3077//1474
f 3077//1474 2979//1474 2978//1474
f 3077//1474 2978//1474 3093//1474
f 3093//1475 2978//1475 2977//1475
f 3093//1474 2977//1474 2976//1474
f 3182//1811 3185//1811 3181//1811
f 3181//1811 3185//1811 3186//1811
f 3175//1812 3187//1812 3174//1812
f 3174//1812 3187//1812 3188//1812
f 3097//1475 3054//1475 3098//1475
f 3098//1474 3054//1474 3053//1474
f 2793//1474 2795//1474 3049//1474
f 2967//1474 3054//1474 2968//1474
f 2968//1475 3054//1475 3097//1475
f 2968//1474 3097//1474 2969//1474
f 2969//1474 3097//1474 3096//1474
f 2969//1474 3096//1474 2970//1474
f 2970//1474 3096//1474 3080//1474
f 2970//1474 3080//1474 2971//1474
f 3189//1474 3066//1474 3065//1474
f 3190//1475 3098//1475 3191//1475
f 3191//1474 3098//1474 3053//1474
f 3191//1475 3053//1475 3192//1475
f 3192//1475 3053//1475 3052//1475
f 3192//1474 3052//1474 3193//1474
f 3193//1474 3052//1474 3051//1474
f 3193//1474 3051//1474 3194//1474
f 3194//1474 3051//1474 3050//1474
f 3194//1474 3050//1474 3195//1474
f 3049//1474 2795//1474 3050//1474
f 3050//1474 2795//1474 3196//1474
f 3050//1475 3196//1475 3195//1475
f 2786//1474 3070//1474 2789//1474
f 2789//1474 3070//1474 3069//1474
f 2789//1474 3069//1474 3197//1474
f 3197//1474 3069//1474 3068//1474
f 3197//1475 3068//1475 3198//1475
f 3066//1474 3189//1474 3067//1474
f 3067//1474 3189//1474 3199//1474
f 3067//1474 3199//1474 3068//1474
f 3068//1474 3199//1474 3200//1474
f 3068//1474 3200//1474 3198//1474
f 3201//1474 3189//1474 3202//1474
f 3202//1474 3189//1474 3065//1474
f 3202//1474 3065//1474 3079//1474
f 3079//1474 3065//1474 3064//1474
f 3079//1474 3064//1474 3080//1474
f 3080//1474 3064//1474 3063//1474
f 3080//1474 3063//1474 2971//1474
f 2971//1474 3063//1474 2972//1474
f 2965//1475 3057//1475 2966//1475
f 2966//1475 3057//1475 3056//1475
f 2966//1474 3056//1474 2967//1474
f 2967//1474 3056//1474 3055//1474
f 2967//1474 3055//1474 3054//1474
f 2783//1474 3060//1474 2786//1474
f 2786//1474 3060//1474 3071//1474
f 2786//1475 3071//1475 3070//1475
f 2965//1475 2964//1475 3057//1475
f 3057//1475 2964//1475 2783//1475
f 3057//1474 2783//1474 3058//1474
f 3058//1474 2783//1474 2784//1474
f 3058//1474 2784//1474 3059//1474
f 3059//1475 2784//1475 2793//1475
f 3059//1475 2793//1475 3048//1475
f 3048//1474 2793//1474 3049//1474
f 3063//1474 3062//1474 2972//1474
f 2972//1474 3062//1474 3061//1474
f 2972//1474 3061//1474 2973//1474
f 2973//1474 3061//1474 3060//1474
f 2973//1474 3060//1474 2974//1474
f 2974//1474 3060//1474 2783//1474
f 2974//1474 2783//1474 2975//1474
f 2975//1474 2783//1474 2964//1474
f 3193//1813 3203//1813 3192//1813
f 3192//1813 3203//1813 3204//1813
f 3189//1814 3205//1814 3199//1814
f 3199//1814 3205//1814 3206//1814
f 2429//1815 1928//1815 1723//1815
f 1723//1815 1928//1815 1722//1815
f 1597//1816 1598//1816 2428//1816
f 2428//1816 1598//1816 2427//1816
f 1578//1817 1660//1817 2386//1817
f 2386//1817 1660//1817 2391//1817
f 1668//1818 1730//1818 1925//1818
f 1925//1818 1730//1818 1923//1818
f 2374//1819 1884//1819 2375//1819
f 2375//1819 1884//1819 1883//1819
f 2375//1820 1883//1820 2372//1820
f 2372//1820 1883//1820 1882//1820
f 2372//1821 1882//1821 2370//1821
f 2370//1821 1882//1821 1881//1821
f 2370//1822 1881//1822 2368//1822
f 2368//1822 1881//1822 1880//1822
f 2368//1823 1880//1823 2359//1823
f 2359//1823 1880//1823 1879//1823
f 2359//1824 1879//1824 2360//1824
f 2360//1824 1879//1824 1878//1824
f 2360//1825 1878//1825 2365//1825
f 2365//1825 1878//1825 1877//1825
f 2365//1826 1877//1826 2366//1826
f 2366//1826 1877//1826 1875//1826
f 2366//1827 1875//1827 2362//1827
f 2362//1827 1875//1827 1874//1827
f 2362//1828 1874//1828 2363//1828
f 2363//1828 1874//1828 1873//1828
f 2363//1829 1873//1829 2373//1829
f 2373//1829 1873//1829 1872//1829
f 2373//1830 1872//1830 2374//1830
f 2374//1830 1872//1830 1884//1830
f 1695//1818 1696//1818 2074//1818
f 2074//1818 1696//1818 2073//1818
f 1688//1831 1689//1831 1973//1831
f 1973//1831 1689//1831 2508//1831
f 1763//1832 1764//1832 2507//1832
f 2507//1832 1764//1832 2506//1832
f 1754//1833 1677//1833 2497//1833
f 2497//1833 1677//1833 2498//1833
f 1786//1834 1604//1834 2460//1834
f 2460//1834 1604//1834 2461//1834
f 1627//1832 1626//1832 2451//1832
f 2451//1832 1626//1832 2452//1832
f 2469//1835 2432//1835 1611//1835
f 1611//1835 2432//1835 1612//1835
f 1775//1818 1776//1818 2480//1818
f 2480//1818 1776//1818 2481//1818
f 2382//1836 1742//1836 2393//1836
f 2393//1836 1742//1836 1741//1836
f 2393//1837 1741//1837 2387//1837
f 2387//1837 1741//1837 1740//1837
f 2387//1838 1740//1838 2385//1838
f 2385//1838 1740//1838 1739//1838
f 2385//1839 1739//1839 2383//1839
f 2383//1839 1739//1839 1738//1839
f 2383//1840 1738//1840 2376//1840
f 2376//1840 1738//1840 1737//1840
f 2376//1841 1737//1841 2377//1841
f 2377//1841 1737//1841 1736//1841
f 2377//1842 1736//1842 2380//1842
f 2380//1842 1736//1842 1735//1842
f 2380//1826 1735//1826 2388//1826
f 2388//1826 1735//1826 1734//1826
f 2388//1843 1734//1843 2389//1843
f 2389//1843 1734//1843 1732//1843
f 2389//1844 1732//1844 2390//1844
f 2390//1844 1732//1844 1731//1844
f 2390//1845 1731//1845 2381//1845
f 2381//1845 1731//1845 1743//1845
f 2381//1846 1743//1846 2382//1846
f 2382//1846 1743//1846 1742//1846
f 2462//1847 1523//1847 2463//1847
f 2463//1847 1523//1847 1783//1847
f 2463//1848 1783//1848 2465//1848
f 2465//1848 1783//1848 1782//1848
f 2465//1849 1782//1849 2467//1849
f 2467//1849 1782//1849 1780//1849
f 2467//1850 1780//1850 2468//1850
f 2468//1850 1780//1850 1778//1850
f 2468//1851 1778//1851 2457//1851
f 2457//1851 1778//1851 1777//1851
f 2457//1852 1777//1852 2458//1852
f 2458//1852 1777//1852 1785//1852
f 2471//1853 1768//1853 2472//1853
f 2472//1853 1768//1853 1766//1853
f 2472//1854 1766//1854 2473//1854
f 2473//1854 1766//1854 1765//1854
f 2473//1855 1765//1855 2474//1855
f 2474//1855 1765//1855 1773//1855
f 2474//1856 1773//1856 2476//1856
f 2476//1856 1773//1856 1772//1856
f 2476//1857 1772//1857 2477//1857
f 2477//1857 1772//1857 1771//1857
f 2477//1858 1771//1858 2478//1858
f 2478//1858 1771//1858 1770//1858
f 2441//1859 1618//1859 2435//1859
f 2435//1859 1618//1859 1617//1859
f 2435//1860 1617//1860 2434//1860
f 2434//1860 1617//1860 1616//1860
f 2434//1861 1616//1861 2433//1861
f 2433//1861 1616//1861 1615//1861
f 2433//1862 1615//1862 2436//1862
f 2436//1862 1615//1862 1610//1862
f 2436//1863 1610//1863 2437//1863
f 2437//1863 1610//1863 1609//1863
f 2437//1864 1609//1864 2438//1864
f 2438//1864 1609//1864 1613//1864
f 2443//1865 1605//1865 2445//1865
f 2445//1865 1605//1865 1607//1865
f 2445//1866 1607//1866 2446//1866
f 2446//1866 1607//1866 1608//1866
f 2446//1867 1608//1867 2455//1867
f 2455//1867 1608//1867 1622//1867
f 2455//1868 1622//1868 2449//1868
f 2449//1868 1622//1868 1628//1868
f 2449//1869 1628//1869 2448//1869
f 2448//1869 1628//1869 1630//1869
f 2448//1870 1630//1870 2447//1870
f 2447//1870 1630//1870 1631//1870
f 2501//1853 1675//1853 2052//1853
f 2052//1853 1675//1853 1670//1853
f 2052//1871 1670//1871 2053//1871
f 2053//1871 1670//1871 1669//1871
f 2053//1872 1669//1872 2055//1872
f 2055//1872 1669//1872 1673//1872
f 2055//1873 1673//1873 2068//1873
f 2068//1873 1673//1873 1672//1873
f 2068//1874 1672//1874 2069//1874
f 2069//1874 1672//1874 1680//1874
f 2069//1875 1680//1875 2070//1875
f 2070//1875 1680//1875 1682//1875
f 2488//1876 1760//1876 2489//1876
f 2489//1876 1760//1876 1759//1876
f 2489//1877 1759//1877 2490//1877
f 2490//1877 1759//1877 1758//1877
f 2490//1878 1758//1878 2492//1878
f 2492//1878 1758//1878 1757//1878
f 2492//1879 1757//1879 2493//1879
f 2493//1879 1757//1879 1745//1879
f 2493//1880 1745//1880 2494//1880
f 2494//1880 1745//1880 1744//1880
f 2494//1881 1744//1881 2495//1881
f 2495//1881 1744//1881 1756//1881
f 2482//1882 1678//1882 2483//1882
f 2483//1882 1678//1882 1750//1882
f 2483//1866 1750//1866 2487//1866
f 2487//1866 1750//1866 1749//1866
f 2487//1883 1749//1883 2484//1883
f 2484//1883 1749//1883 1748//1883
f 2484//1884 1748//1884 2485//1884
f 2485//1884 1748//1884 1753//1884
f 2485//1885 1753//1885 2502//1885
f 2502//1885 1753//1885 1752//1885
f 2502//1886 1752//1886 2503//1886
f 2503//1886 1752//1886 1751//1886
f 2065//1887 1692//1887 2066//1887
f 2066//1887 1692//1887 1691//1887
f 2066//1888 1691//1888 2059//1888
f 2059//1888 1691//1888 1690//1888
f 2059//1889 1690//1889 2060//1889
f 2060//1889 1690//1889 1686//1889
f 2060//1890 1686//1890 2064//1890
f 2064//1890 1686//1890 1685//1890
f 2064//1891 1685//1891 2063//1891
f 2063//1891 1685//1891 1684//1891
f 2063//1892 1684//1892 1971//1892
f 1971//1892 1684//1892 1683//1892
f 2397//1893 1728//1893 2398//1893
f 2398//1893 1728//1893 1727//1893
f 2398//1888 1727//1888 2399//1888
f 2399//1888 1727//1888 1726//1888
f 2399//1894 1726//1894 2400//1894
f 2400//1894 1726//1894 1725//1894
f 2400//1895 1725//1895 2395//1895
f 2395//1895 1725//1895 1724//1895
f 2395//1896 1724//1896 2396//1896
f 2396//1896 1724//1896 1719//1896
f 2396//1897 1719//1897 1926//1897
f 1926//1897 1719//1897 1718//1897
f 2394//1898 1661//1898 2402//1898
f 2402//1898 1661//1898 1663//1898
f 2402//1871 1663//1871 2403//1871
f 2403//1871 1663//1871 1664//1871
f 2403//1872 1664//1872 2404//1872
f 2404//1872 1664//1872 1657//1872
f 2404//1899 1657//1899 2405//1899
f 2405//1899 1657//1899 1656//1899
f 2405//1900 1656//1900 2406//1900
f 2406//1900 1656//1900 1665//1900
f 2406//1901 1665//1901 2407//1901
f 2407//1901 1665//1901 1666//1901
f 2419//1902 1595//1902 2420//1902
f 2420//1902 1595//1902 1594//1902
f 2420//1903 1594//1903 2421//1903
f 2421//1903 1594//1903 1593//1903
f 2421//1904 1593//1904 2422//1904
f 2422//1904 1593//1904 1592//1904
f 2422//1905 1592//1905 2415//1905
f 2415//1905 1592//1905 1585//1905
f 2415//1863 1585//1863 2414//1863
f 2414//1863 1585//1863 1584//1863
f 2414//1864 1584//1864 2413//1864
f 2413//1864 1584//1864 1580//1864
f 2409//1906 1583//1906 2410//1906
f 2410//1906 1583//1906 1582//1906
f 2410//1907 1582//1907 2411//1907
f 2411//1907 1582//1907 1591//1907
f 2411//1908 1591//1908 2417//1908
f 2417//1908 1591//1908 1590//1908
f 2417//1909 1590//1909 2418//1909
f 2418//1909 1590//1909 1589//1909
f 2418//1910 1589//1910 2423//1910
f 2423//1910 1589//1910 1587//1910
f 2423//1911 1587//1911 2424//1911
f 2424//1911 1587//1911 1586//1911
f 2100//1912 2102//1912 1790//1912
f 1790//1912 2102//1912 1814//1912
f 2108//1913 2107//1913 1815//1913
f 1815//1914 2107//1914 2105//1914
f 1815//1915 2105//1915 1534//1915
f 2014//1916 1538//1916 2016//1916
f 2016//1917 1538//1917 1534//1917
f 2016//1918 1534//1918 2103//1918
f 2103//1919 1534//1919 2105//1919
f 1812//1920 2008//1920 2007//1920
f 1812//1921 2007//1921 1813//1921
f 1813//1922 2007//1922 2112//1922
f 1813//1923 2112//1923 1520//1923
f 1965//1924 1804//1924 1966//1924
f 1966//1924 1804//1924 1803//1924
f 1966//1925 1803//1925 2109//1925
f 2109//1926 1803//1926 1520//1926
f 2109//1927 1520//1927 2110//1927
f 2110//1928 1520//1928 2112//1928
f 2094//1543 1791//1543 2092//1543
f 2092//1543 1791//1543 1798//1543
f 2092//1543 1798//1543 1800//1543
f 1715//1929 2047//1929 2049//1929
f 1715//1930 2049//1930 1699//1930
f 2025//1931 1707//1931 2027//1931
f 2027//1932 1707//1932 1699//1932
f 2027//1933 1699//1933 2051//1933
f 2051//1934 1699//1934 2049//1934
f 2077//1935 1651//1935 2078//1935
f 2078//1935 1651//1935 1658//1935
f 1698//1936 2057//1936 1674//1936
f 1674//1936 2057//1936 2056//1936
f 1674//1937 2056//1937 1681//1937
f 1681//1938 2056//1938 2067//1938
f 1681//1939 2067//1939 1658//1939
f 1658//1940 2067//1940 2076//1940
f 1658//1941 2076//1941 2078//1941
f 1646//1610 2081//1610 1647//1610
f 1647//1610 2081//1610 2091//1610
f 1647//1610 2091//1610 1642//1610
f 1642//1610 2091//1610 2090//1610
f 1642//1610 2090//1610 1640//1610
f 1640//1610 2090//1610 2088//1610
f 1640//1610 2088//1610 1639//1610
f 1639//1610 2088//1610 2086//1610
f 1835//1942 1974//1942 2031//1942
f 1835//1942 2031//1942 1837//1942
f 1837//1943 2031//1943 2030//1943
f 1837//1943 2030//1943 1839//1943
f 2034//1543 2036//1543 1829//1543
f 1829//1543 2036//1543 1832//1543
f 1704//1944 2042//1944 1705//1944
f 1705//1945 2042//1945 2024//1945
f 1705//1946 2024//1946 2026//1946
f 1922//1947 1601//1947 1920//1947
f 1920//1948 1601//1948 1600//1948
f 1920//1949 1600//1949 2439//1949
f 2439//1950 1600//1950 1629//1950
f 2439//1951 1629//1951 2454//1951
f 1922//1952 2542//1952 1601//1952
f 1601//1953 2542//1953 2519//1953
f 1601//1954 2519//1954 1588//1954
f 1588//1955 2519//1955 2518//1955
f 1588//1956 2518//1956 1573//1956
f 1573//1957 2518//1957 2516//1957
f 1573//1958 2516//1958 1574//1958
f 1567//1544 2522//1544 1527//1544
f 1527//1544 2522//1544 2523//1544
f 1527//1543 2523//1543 1528//1543
f 1528//1543 2523//1543 2524//1543
f 1528//1543 2524//1543 1564//1543
f 1564//1543 2524//1543 2526//1543
f 2529//1959 2531//1959 1636//1959
f 1636//1960 2531//1960 2534//1960
f 1636//1961 2534//1961 1637//1961
f 1637//1962 2534//1962 2536//1962
f 1637//1963 2536//1963 2541//1963
f 2011//1964 2010//1964 1560//1964
f 1560//1964 2010//1964 1558//1964
f 1994//1610 1986//1610 1553//1610
f 1553//1610 1986//1610 1554//1610
f 2000//1965 2015//1965 1537//1965
f 1537//1965 2015//1965 1543//1965
f 2438//1966 1613//1966 1614//1966
f 2438//1966 1614//1966 2431//1966
f 2431//1967 1614//1967 1612//1967
f 2431//1967 1612//1967 2432//1967
f 2452//1968 1626//1968 1625//1968
f 2452//1968 1625//1968 2440//1968
f 2440//1969 1625//1969 1618//1969
f 2440//1969 1618//1969 2441//1969
f 2447//1970 1631//1970 1632//1970
f 2447//1970 1632//1970 2450//1970
f 2450//1971 1632//1971 1627//1971
f 2450//1971 1627//1971 2451//1971
f 2461//1972 1604//1972 1603//1972
f 2461//1972 1603//1972 2442//1972
f 2442//1973 1603//1973 1605//1973
f 2442//1973 1605//1973 2443//1973
f 2458//1974 1785//1974 1784//1974
f 2458//1974 1784//1974 2459//1974
f 2459//1975 1784//1975 1786//1975
f 2459//1975 1786//1975 2460//1975
f 2481//1976 1776//1976 1524//1976
f 2481//1976 1524//1976 2639//1976
f 2639//1977 1524//1977 1523//1977
f 2639//1977 1523//1977 2462//1977
f 2469//1978 1611//1978 1769//1978
f 2469//1978 1769//1978 2470//1978
f 2470//1979 1769//1979 1768//1979
f 2470//1979 1768//1979 2471//1979
f 2478//1980 1770//1980 1774//1980
f 2478//1980 1774//1980 2479//1980
f 2479//1981 1774//1981 1775//1981
f 2479//1981 1775//1981 2480//1981
f 1926//1982 1718//1982 1721//1982
f 1926//1982 1721//1982 1927//1982
f 1927//1983 1721//1983 1722//1983
f 1927//1983 1722//1983 1928//1983
f 1923//1984 1730//1984 1729//1984
f 1923//1984 1729//1984 2401//1984
f 2401//1985 1729//1985 1728//1985
f 2401//1985 1728//1985 2397//1985
f 2391//1986 1660//1986 1659//1986
f 2391//1986 1659//1986 2392//1986
f 2392//1987 1659//1987 1661//1987
f 2392//1987 1661//1987 2394//1987
f 2413//1988 1580//1988 1579//1988
f 2413//1988 1579//1988 2412//1988
f 2412//1989 1579//1989 1578//1989
f 2412//1989 1578//1989 2386//1989
f 2427//1990 1598//1990 1599//1990
f 2427//1990 1599//1990 2426//1990
f 2426//1969 1599//1969 1595//1969
f 2426//1969 1595//1969 2419//1969
f 2424//1991 1586//1991 1596//1991
f 2424//1991 1596//1991 2425//1991
f 2425//1992 1596//1992 1597//1992
f 2425//1992 1597//1992 2428//1992
f 2429//1993 1723//1993 1876//1993
f 2429//1993 1876//1993 2430//1993
f 2430//1994 1876//1994 1583//1994
f 2430//1994 1583//1994 2409//1994
f 2407//1995 1666//1995 1667//1995
f 2407//1995 1667//1995 2408//1995
f 2408//1996 1667//1996 1668//1996
f 2408//1996 1668//1996 1925//1996
f 2498//1997 1677//1997 1676//1997
f 2498//1997 1676//1997 2500//1997
f 2500//1979 1676//1979 1675//1979
f 2500//1979 1675//1979 2501//1979
f 2495//1998 1756//1998 1755//1998
f 2495//1998 1755//1998 2496//1998
f 2496//1999 1755//1999 1754//1999
f 2496//1999 1754//1999 2497//1999
f 2506//1968 1764//1968 1761//1968
f 2506//1968 1761//1968 2505//1968
f 2505//2000 1761//2000 1760//2000
f 2505//2000 1760//2000 2488//2000
f 2503//1970 1751//1970 1762//1970
f 2503//1970 1762//1970 2504//1970
f 2504//1971 1762//1971 1763//1971
f 2504//1971 1763//1971 2507//1971
f 2508//2001 1689//2001 1679//2001
f 2508//2001 1679//2001 2509//2001
f 2509//2002 1679//2002 1678//2002
f 2509//2002 1678//2002 2482//2002
f 1971//2003 1683//2003 1687//2003
f 1971//2003 1687//2003 1972//2003
f 1972//1983 1687//1983 1688//1983
f 1972//1983 1688//1983 1973//1983
f 2073//2004 1696//2004 1693//2004
f 2073//2004 1693//2004 2072//2004
f 2072//2005 1693//2005 1692//2005
f 2072//2005 1692//2005 2065//2005
f 2070//2006 1682//2006 1694//2006
f 2070//2006 1694//2006 2071//2006
f 2071//2007 1694//2007 1695//2007
f 2071//2007 1695//2007 2074//2007
f 1705//2008 2026//2008 1706//2008
f 1706//2008 2026//2008 2028//2008
f 1706//2009 2028//2009 1700//2009
f 1700//2009 2028//2009 2019//2009
f 1700//2010 2019//2010 1702//2010
f 1702//2010 2019//2010 2018//2010
f 1702//2011 2018//2011 1703//2011
f 1703//2011 2018//2011 2021//2011
f 1703//2012 2021//2012 1835//2012
f 1835//2012 2021//2012 1974//2012
f 2042//2013 1704//2013 2041//2013
f 2041//2013 1704//2013 1827//2013
f 2041//2014 1827//2014 2040//2014
f 2040//2014 1827//2014 1826//2014
f 2040//2015 1826//2015 2039//2015
f 2039//2015 1826//2015 1824//2015
f 2039//2016 1824//2016 2037//2016
f 2037//2016 1824//2016 1823//2016
f 2037//2017 1823//2017 2036//2017
f 2036//2017 1823//2017 1832//2017
f 1839//2018 2030//2018 1840//2018
f 1840//2018 2030//2018 2029//2018
f 1840//2019 2029//2019 1842//2019
f 1842//2019 2029//2019 2032//2019
f 1842//2020 2032//2020 1828//2020
f 1828//2020 2032//2020 2033//2020
f 1828//2021 2033//2021 1829//2021
f 1829//2021 2033//2021 2034//2021
f 1713//2022 2046//2022 1715//2022
f 1715//2022 2046//2022 2047//2022
f 1639//2023 2086//2023 1638//2023
f 1638//2023 2086//2023 2085//2023
f 1638//2024 2085//2024 1710//2024
f 1710//2024 2085//2024 2044//2024
f 1710//2025 2044//2025 1711//2025
f 1711//2025 2044//2025 2043//2025
f 1711//2026 2043//2026 1713//2026
f 1713//2026 2043//2026 2046//2026
f 1651//2027 2077//2027 1650//2027
f 1650//2027 2077//2027 1969//2027
f 1650//2028 1969//2028 1648//2028
f 1648//2028 1969//2028 1968//2028
f 1648//2029 1968//2029 1655//2029
f 1655//2029 1968//2029 2079//2029
f 1655//2030 2079//2030 1654//2030
f 1654//2030 2079//2030 2084//2030
f 1654//2031 2084//2031 1652//2031
f 1652//2031 2084//2031 2083//2031
f 1652//2032 2083//2032 1646//2032
f 1646//2032 2083//2032 2081//2032
f 2057//2033 1698//2033 2058//2033
f 2058//2033 1698//2033 1709//2033
f 2058//2034 1709//2034 2023//2034
f 2023//2034 1709//2034 1708//2034
f 2023//2035 1708//2035 2025//2035
f 2025//2035 1708//2035 1707//2035
f 2529//2036 1636//2036 2530//2036
f 2530//2036 1636//2036 1634//2036
f 2530//2037 1634//2037 2528//2037
f 2528//2037 1634//2037 1565//2037
f 2528//2038 1565//2038 2526//2038
f 2526//2038 1565//2038 1564//2038
f 1543//2039 2015//2039 1532//2039
f 1532//2039 2015//2039 2017//2039
f 1532//2040 2017//2040 1533//2040
f 1533//2040 2017//2040 2005//2040
f 1533//2041 2005//2041 1544//2041
f 1544//2041 2005//2041 2004//2041
f 1544//2042 2004//2042 1545//2042
f 1545//2042 2004//2042 2012//2042
f 1545//2043 2012//2043 1560//2043
f 1560//2043 2012//2043 2011//2043
f 1554//2044 1986//2044 1547//2044
f 1547//2044 1986//2044 1984//2044
f 1547//2045 1984//2045 1548//2045
f 1548//2045 1984//2045 1983//2045
f 1548//2046 1983//2046 1550//2046
f 1550//2046 1983//2046 1996//2046
f 1550//2047 1996//2047 1551//2047
f 1551//2047 1996//2047 1998//2047
f 1551//2048 1998//2048 1537//2048
f 1537//2048 1998//2048 2000//2048
f 1558//2049 2010//2049 1556//2049
f 1556//2049 2010//2049 1981//2049
f 1556//2050 1981//2050 1529//2050
f 1529//2050 1981//2050 1980//2050
f 1529//2051 1980//2051 1530//2051
f 1530//2051 1980//2051 1995//2051
f 1530//2052 1995//2052 1553//2052
f 1553//2052 1995//2052 1994//2052
f 1791//2053 2094//2053 1792//2053
f 1792//2053 2094//2053 2096//2053
f 1792//2054 2096//2054 1794//2054
f 1794//2054 2096//2054 2098//2054
f 1794//2055 2098//2055 1795//2055
f 1795//2055 2098//2055 2099//2055
f 1795//2056 2099//2056 1790//2056
f 1790//2056 2099//2056 2100//2056
f 1804//2057 1965//2057 1805//2057
f 1805//2057 1965//2057 2115//2057
f 1805//2058 2115//2058 1806//2058
f 1806//2058 2115//2058 2117//2058
f 1806//2059 2117//2059 1802//2059
f 1802//2059 2117//2059 2119//2059
f 1802//2060 2119//2060 1800//2060
f 1800//2060 2119//2060 2092//2060
f 1538//2061 2014//2061 1808//2061
f 1808//2061 2014//2061 2013//2061
f 1808//2062 2013//2062 1809//2062
f 1809//2062 2013//2062 2003//2062
f 1809//2063 2003//2063 1811//2063
f 1811//2063 2003//2063 2009//2063
f 1811//2064 2009//2064 1812//2064
f 1812//2064 2009//2064 2008//2064
f 1814//2065 2102//2065 1815//2065
f 1815//2065 2102//2065 2108//2065
f 2454//2066 1629//2066 2453//2066
f 2453//2066 1629//2066 1623//2066
f 2453//2067 1623//2067 2537//2067
f 2537//2067 1623//2067 1624//2067
f 2537//2068 1624//2068 2538//2068
f 2538//2068 1624//2068 1621//2068
f 2538//2069 1621//2069 2540//2069
f 2540//2069 1621//2069 1620//2069
f 2540//2070 1620//2070 2541//2070
f 2541//2070 1620//2070 1637//2070
f 2522//2071 1567//2071 2513//2071
f 2513//2071 1567//2071 1569//2071
f 2513//2072 1569//2072 2514//2072
f 2514//2072 1569//2072 1571//2072
f 2514//2073 1571//2073 2510//2073
f 2510//2073 1571//2073 1577//2073
f 2510//2074 1577//2074 2511//2074
f 2511//2074 1577//2074 1576//2074
f 2511//2075 1576//2075 2515//2075
f 2515//2075 1576//2075 1575//2075
f 2515//2076 1575//2076 2516//2076
f 2516//2076 1575//2076 1574//2076
f 1892//2077 2002//2077 1893//2077
f 1893//2077 2002//2077 2001//2077
f 1893//2078 2001//2078 1894//2078
f 1894//2078 2001//2078 1999//2078
f 1894//2079 1999//2079 1895//2079
f 1895//2079 1999//2079 1997//2079
f 1895//2080 1997//2080 1896//2080
f 1896//2080 1997//2080 1985//2080
f 1896//2081 1985//2081 1897//2081
f 1897//2081 1985//2081 1987//2081
f 1897//2082 1987//2082 1898//2082
f 1898//2082 1987//2082 1978//2082
f 1898//2083 1978//2083 1899//2083
f 1899//2083 1978//2083 1977//2083
f 1899//2084 1977//2084 1887//2084
f 1887//2084 1977//2084 1992//2084
f 1887//2085 1992//2085 1888//2085
f 1888//2085 1992//2085 1991//2085
f 1888//2086 1991//2086 1890//2086
f 1890//2086 1991//2086 1989//2086
f 1890//2087 1989//2087 1891//2087
f 1891//2087 1989//2087 1988//2087
f 1891//2088 1988//2088 1892//2088
f 1892//2088 1988//2088 2002//2088
f 1858//2089 2592//2089 1859//2089
f 1859//2089 2592//2089 2588//2089
f 1859//2090 2588//2090 1860//2090
f 1860//2090 2588//2090 2587//2090
f 1860//2091 2587//2091 1861//2091
f 1861//2091 2587//2091 2591//2091
f 1861//2092 2591//2092 1867//2092
f 1867//2092 2591//2092 2590//2092
f 1867//2093 2590//2093 1868//2093
f 1868//2093 2590//2093 2589//2093
f 1868//2094 2589//2094 1869//2094
f 1869//2094 2589//2094 1918//2094
f 1869//2095 1918//2095 1866//2095
f 1866//2095 1918//2095 1917//2095
f 1866//2096 1917//2096 1865//2096
f 1865//2096 1917//2096 2596//2096
f 1865//2097 2596//2097 1862//2097
f 1862//2097 2596//2097 2595//2097
f 1862//2098 2595//2098 1863//2098
f 1863//2098 2595//2098 2594//2098
f 1863//2099 2594//2099 1864//2099
f 1864//2099 2594//2099 2593//2099
f 1864//2100 2593//2100 1858//2100
f 1858//2100 2593//2100 2592//2100
f 3203//2101 3193//2101 3194//2101
f 3203//2102 3194//2102 3207//2102
f 3207//2103 3194//2103 3195//2103
f 3207//2104 3195//2104 3208//2104
f 3208//2105 3195//2105 3196//2105
f 3208//2106 3196//2106 3209//2106
f 3209//2107 3196//2107 2795//2107
f 3209//2108 2795//2108 2796//2108
f 3088//2109 3098//2109 3190//2109
f 3088//2110 3190//2110 3210//2110
f 3210//2111 3190//2111 3191//2111
f 3210//2112 3191//2112 3211//2112
f 3211//2113 3191//2113 3192//2113
f 3211//2114 3192//2114 3204//2114
f 3133//2115 3120//2115 3123//2115
f 3133//2116 3123//2116 3212//2116
f 3212//2117 3123//2117 3124//2117
f 3212//2118 3124//2118 3213//2118
f 3213//2119 3124//2119 3073//2119
f 3213//2120 3073//2120 3072//2120
f 2799//2121 2824//2121 3121//2121
f 2799//2122 3121//2122 3214//2122
f 3214//2123 3121//2123 3122//2123
f 3214//2124 3122//2124 3215//2124
f 3215//2125 3122//2125 3118//2125
f 3215//2126 3118//2126 3216//2126
f 3216//2127 3118//2127 3119//2127
f 3216//2128 3119//2128 3134//2128
f 3085//2129 3092//2129 3125//2129
f 3085//2130 3125//2130 3217//2130
f 3217//2131 3125//2131 3126//2131
f 3217//2132 3126//2132 3218//2132
f 3218//2133 3126//2133 3127//2133
f 3218//2134 3127//2134 3132//2134
f 3131//2135 3128//2135 3129//2135
f 3131//2136 3129//2136 3219//2136
f 3219//2137 3129//2137 3130//2137
f 3219//2138 3130//2138 3220//2138
f 3220//2139 3130//2139 3117//2139
f 3220//2140 3117//2140 3221//2140
f 3221//2141 3117//2141 2779//2141
f 3221//2142 2779//2142 2778//2142
f 3187//2143 3175//2143 3178//2143
f 3187//2144 3178//2144 3222//2144
f 3222//2145 3178//2145 3177//2145
f 3222//2146 3177//2146 3223//2146
f 3223//2147 3177//2147 3076//2147
f 3223//2148 3076//2148 3075//2148
f 2804//2149 2805//2149 3173//2149
f 2804//2150 3173//2150 3224//2150
f 3224//2151 3173//2151 3172//2151
f 3224//2152 3172//2152 3225//2152
f 3225//2153 3172//2153 3171//2153
f 3225//2154 3171//2154 3226//2154
f 3226//2155 3171//2155 3174//2155
f 3226//2156 3174//2156 3188//2156
f 2744//2157 2743//2157 3145//2157
f 2744//2158 3145//2158 3227//2158
f 3227//2159 3145//2159 3146//2159
f 3227//2160 3146//2160 3228//2160
f 3228//2161 3146//2161 3148//2161
f 3228//2162 3148//2162 3229//2162
f 3229//2163 3148//2163 3147//2163
f 3229//2164 3147//2164 3150//2164
f 3149//2165 3142//2165 3144//2165
f 3149//2166 3144//2166 3230//2166
f 3230//2167 3144//2167 3143//2167
f 3230//2168 3143//2168 3231//2168
f 3231//2169 3143//2169 2836//2169
f 3231//2170 2836//2170 2835//2170
f 2790//2171 2789//2171 3197//2171
f 2790//2171 3197//2171 3232//2171
f 3232//2172 3197//2172 3198//2172
f 3232//2172 3198//2172 3233//2172
f 3233//2173 3198//2173 3200//2173
f 3233//2173 3200//2173 3234//2173
f 3234//2174 3200//2174 3199//2174
f 3234//2174 3199//2174 3206//2174
f 3205//2175 3189//2175 3201//2175
f 3205//2176 3201//2176 3235//2176
f 3235//2177 3201//2177 3202//2177
f 3235//2178 3202//2178 3236//2178
f 3236//2179 3202//2179 3079//2179
f 3236//2180 3079//2180 3078//2180
f 3082//2181 3095//2181 3179//2181
f 3082//2182 3179//2182 3237//2182
f 3237//2183 3179//2183 3180//2183
f 3237//2184 3180//2184 3238//2184
f 3238//2185 3180//2185 3181//2185
f 3238//2186 3181//2186 3186//2186
f 3185//2187 3182//2187 3183//2187
f 3185//2187 3183//2187 3239//2187
f 3239//2188 3183//2188 3184//2188
f 3239//2188 3184//2188 3240//2188
f 3240//2189 3184//2189 3176//2189
f 3240//2189 3176//2189 3241//2189
f 3241//2190 3176//2190 2809//2190
f 3241//2190 2809//2190 2808//2190
f 2848//2191 2849//2191 3141//2191
f 2848//2192 3141//2192 3242//2192
f 3242//2193 3141//2193 3140//2193
f 3242//2194 3140//2194 3243//2194
f 3243//2195 3140//2195 3135//2195
f 3243//2196 3135//2196 3152//2196
f 3151//2197 3136//2197 3137//2197
f 3151//2197 3137//2197 3244//2197
f 3244//2198 3137//2198 3138//2198
f 3244//2198 3138//2198 3245//2198
f 3245//2199 3138//2199 3139//2199
f 3245//2199 3139//2199 3246//2199
f 3246//2200 3139//2200 2729//2200
f 3246//2200 2729//2200 2728//2200
f 3167//2201 3155//2201 3160//2201
f 3167//2202 3160//2202 3247//2202
f 3247//2203 3160//2203 3159//2203
f 3247//2204 3159//2204 3248//2204
f 3248//2205 3159//2205 2830//2205
f 3248//2206 2830//2206 2829//2206
f 2844//2207 2845//2207 3163//2207
f 2844//2208 3163//2208 3249//2208
f 3249//2209 3163//2209 3162//2209
f 3249//2210 3162//2210 3250//2210
f 3250//2211 3162//2211 3161//2211
f 3250//2212 3161//2212 3170//2212
f 2762//2213 2761//2213 3156//2213
f 2762//2213 3156//2213 3251//2213
f 3251//2214 3156//2214 3157//2214
f 3251//2214 3157//2214 3252//2214
f 3252//2215 3157//2215 3153//2215
f 3252//2215 3153//2215 3253//2215
f 3253//2216 3153//2216 3154//2216
f 3253//2216 3154//2216 3168//2216
f 3115//2217 3100//2217 3101//2217
f 3115//2218 3101//2218 3254//2218
f 3254//2219 3101//2219 3102//2219
f 3254//2220 3102//2220 3255//2220
f 3255//2221 3102//2221 3112//2221
f 3255//2222 3112//2222 3256//2222
f 3256//2223 3112//2223 2726//2223
f 3256//2224 2726//2224 2725//2224
f 2840//2225 2841//2225 3111//2225
f 2840//2226 3111//2226 3257//2226
f 3257//2227 3111//2227 3110//2227
f 3257//2228 3110//2228 3258//2228
f 3258//2229 3110//2229 3099//2229
f 3258//2230 3099//2230 3116//2230
f 3113//2231 3105//2231 3107//2231
f 3113//2232 3107//2232 3259//2232
f 3259//2233 3107//2233 3106//2233
f 3259//2234 3106//2234 3260//2234
f 3260//2235 3106//2235 2833//2235
f 3260//2236 2833//2236 2832//2236
f 2764//2237 2772//2237 3109//2237
f 2764//2238 3109//2238 3261//2238
f 3261//2239 3109//2239 3108//2239
f 3261//2240 3108//2240 3262//2240
f 3262//2241 3108//2241 3103//2241
f 3262//2242 3103//2242 3263//2242
f 3263//2243 3103//2243 3104//2243
f 3263//2244 3104//2244 3114//2244
f 3169//2245 3164//2245 3165//2245
f 3169//2246 3165//2246 3264//2246
f 3264//2247 3165//2247 3166//2247
f 3264//2248 3166//2248 3265//2248
f 3265//2249 3166//2249 3158//2249
f 3265//2250 3158//2250 3266//2250
f 3266//2251 3158//2251 2751//2251
f 3266//2252 2751//2252 2753//2252
f 3084//2253 3223//2253 3075//2253
f 3084//2254 2693//2254 2694//2254
f 3223//2255 3084//2255 3222//2255
f 3084//2256 2694//2256 3222//2256
f 3222//2257 2694//2257 2695//2257
f 3222//2258 2695//2258 3187//2258
f 2696//2259 3188//2259 2695//2259
f 2695//2260 3188//2260 3187//2260
f 3188//2261 2696//2261 2685//2261
f 2804//2262 3224//2262 2803//2262
f 2803//2263 3224//2263 3225//2263
f 2803//2264 3225//2264 2684//2264
f 2684//2265 3225//2265 2685//2265
f 2685//2266 3225//2266 3226//2266
f 2685//2267 3226//2267 3188//2267
f 2802//2268 2692//2268 2691//2268
f 2778//2269 2801//2269 3221//2269
f 3221//2270 2801//2270 2802//2270
f 3221//2271 2802//2271 3220//2271
f 3220//2272 2802//2272 3219//2272
f 2802//2273 2691//2273 3219//2273
f 3219//2274 2691//2274 2690//2274
f 3219//2275 2690//2275 3131//2275
f 2689//2276 3132//2276 2690//2276
f 2690//2277 3132//2277 3131//2277
f 2687//2278 2686//2278 3086//2278
f 3085//2279 3217//2279 3086//2279
f 3086//2280 3217//2280 3218//2280
f 3086//2281 3218//2281 2687//2281
f 2687//2282 3218//2282 3132//2282
f 2687//2283 3132//2283 2689//2283
f 3087//2284 3213//2284 3072//2284
f 3087//2285 2679//2285 2680//2285
f 3213//2286 3087//2286 3212//2286
f 3087//2287 2680//2287 3212//2287
f 3212//2288 2680//2288 2681//2288
f 3212//2289 2681//2289 3133//2289
f 2682//2290 3134//2290 2681//2290
f 2681//2291 3134//2291 3133//2291
f 2671//2292 2670//2292 2798//2292
f 2799//2293 3214//2293 2800//2293
f 2800//2294 3214//2294 3215//2294
f 2800//2295 3215//2295 2798//2295
f 2798//2296 3215//2296 3216//2296
f 2798//2297 3216//2297 2671//2297
f 2671//2298 3216//2298 3134//2298
f 2671//2299 3134//2299 2682//2299
f 2796//2300 2797//2300 3209//2300
f 3209//2301 2797//2301 3208//2301
f 2797//2302 2678//2302 3208//2302
f 3208//2303 2678//2303 2677//2303
f 3208//2304 2677//2304 3207//2304
f 3207//2305 2677//2305 2676//2305
f 3207//2306 2676//2306 3203//2306
f 2672//2307 3204//2307 2676//2307
f 2676//2308 3204//2308 3203//2308
f 2674//2309 2675//2309 3089//2309
f 3088//2310 3210//2310 3089//2310
f 3089//2311 3210//2311 3211//2311
f 3089//2312 3211//2312 2674//2312
f 2674//2313 3211//2313 3204//2313
f 2674//2314 3204//2314 2672//2314
f 3081//2315 3236//2315 3078//2315
f 3081//2316 1542//2316 1541//2316
f 3236//2317 3081//2317 3235//2317
f 3081//2318 1541//2318 3235//2318
f 3235//2319 1541//2319 1540//2319
f 3235//2320 1540//2320 3205//2320
f 1539//2321 3206//2321 1540//2321
f 1540//2322 3206//2322 3205//2322
f 3206//2323 1539//2323 1546//2323
f 3206//2324 1546//2324 3234//2324
f 3234//2325 1546//2325 1562//2325
f 3234//2326 1562//2326 3233//2326
f 3233//2327 1562//2327 1561//2327
f 3233//2327 1561//2327 3232//2327
f 3232//2328 1561//2328 1559//2328
f 3232//2329 1559//2329 2790//2329
f 2773//2330 2794//2330 2774//2330
f 2774//2331 2794//2331 2792//2331
f 2774//2332 2792//2332 2777//2332
f 1559//2333 1557//2333 2790//2333
f 2790//2334 1557//2334 2788//2334
f 1531//2335 2785//2335 1557//2335
f 1557//2336 2785//2336 2787//2336
f 1557//2337 2787//2337 2788//2337
f 2777//2338 2792//2338 1844//2338
f 1844//2339 2792//2339 2791//2339
f 1844//2340 2791//2340 1552//2340
f 1552//2341 2791//2341 2782//2341
f 1552//2342 2782//2342 1531//2342
f 1531//2343 2782//2343 2781//2343
f 1531//2344 2781//2344 2785//2344
f 1820//2345 1819//2345 3083//2345
f 3082//2346 3237//2346 3083//2346
f 3083//2347 3237//2347 3238//2347
f 3083//2348 3238//2348 1820//2348
f 1820//2349 3238//2349 3186//2349
f 1820//2350 3186//2350 1821//2350
f 3185//2351 1822//2351 3186//2351
f 3186//2352 1822//2352 1821//2352
f 2808//2353 1788//2353 1816//2353
f 2808//2354 1816//2354 3241//2354
f 3241//2355 1816//2355 1817//2355
f 3241//2355 1817//2355 3240//2355
f 3240//2356 1817//2356 1818//2356
f 3240//2357 1818//2357 3239//2357
f 3239//2358 1818//2358 1822//2358
f 3239//2359 1822//2359 3185//2359
f 2818//2360 2806//2360 2826//2360
f 2818//2361 2826//2361 2819//2361
f 2819//2362 2826//2362 2827//2362
f 2819//2363 2827//2363 2820//2363
f 2820//2364 2827//2364 1797//2364
f 2820//2365 1797//2365 2816//2365
f 2816//2366 1797//2366 1796//2366
f 2816//2367 1796//2367 2817//2367
f 2817//2368 1796//2368 1793//2368
f 2817//2369 1793//2369 2813//2369
f 2813//2370 1793//2370 2814//2370
f 2814//2371 1793//2371 1789//2371
f 2814//2372 1789//2372 2810//2372
f 2810//2373 1789//2373 1788//2373
f 2810//2374 1788//2374 2808//2374
f 2838//2375 3231//2375 2835//2375
f 2838//2376 2721//2376 2722//2376
f 3231//2377 2838//2377 3230//2377
f 2838//2378 2722//2378 3230//2378
f 3230//2379 2722//2379 2723//2379
f 3230//2380 2723//2380 3149//2380
f 2724//2381 3150//2381 2723//2381
f 2723//2382 3150//2382 3149//2382
f 3150//2383 2724//2383 2713//2383
f 2744//2384 3227//2384 2768//2384
f 2768//2385 3227//2385 3228//2385
f 2768//2386 3228//2386 2712//2386
f 2712//2387 3228//2387 2713//2387
f 2713//2388 3228//2388 3229//2388
f 2713//2389 3229//2389 3150//2389
f 2767//2390 2720//2390 2719//2390
f 2725//2391 2766//2391 3256//2391
f 3256//2392 2766//2392 2767//2392
f 3256//2393 2767//2393 3255//2393
f 3255//2394 2767//2394 3254//2394
f 2767//2395 2719//2395 3254//2395
f 3254//2396 2719//2396 2718//2396
f 3254//2397 2718//2397 3115//2397
f 2714//2398 3116//2398 2718//2398
f 2718//2399 3116//2399 3115//2399
f 3116//2400 2714//2400 2716//2400
f 2840//2401 3257//2401 2839//2401
f 2839//2402 3257//2402 2717//2402
f 2717//2403 3257//2403 2716//2403
f 2716//2404 3257//2404 3258//2404
f 2716//2405 3258//2405 3116//2405
f 3152//2406 1848//2406 1846//2406
f 2848//2407 3242//2407 2847//2407
f 2847//2408 3242//2408 1845//2408
f 1845//2409 3242//2409 1846//2409
f 1846//2410 3242//2410 3243//2410
f 1846//2406 3243//2406 3152//2406
f 3151//2411 1849//2411 3152//2411
f 3152//2411 1849//2411 1848//2411
f 2728//2412 1714//2412 1716//2412
f 2728//2413 1716//2413 3246//2413
f 3246//2414 1716//2414 1717//2414
f 3246//2415 1717//2415 3245//2415
f 3245//2416 1717//2416 1850//2416
f 3245//2417 1850//2417 3244//2417
f 3244//2418 1850//2418 1849//2418
f 3244//2419 1849//2419 3151//2419
f 2741//2420 2742//2420 2775//2420
f 2741//2421 2775//2421 2739//2421
f 2739//2422 2775//2422 2776//2422
f 2739//2423 2776//2423 2738//2423
f 2738//2424 2776//2424 1910//2424
f 2738//2425 1910//2425 2736//2425
f 2736//2426 1910//2426 1517//2426
f 2736//2427 1517//2427 2735//2427
f 2735//2428 1517//2428 1519//2428
f 2735//2429 1519//2429 2733//2429
f 2733//2430 1519//2430 2732//2430
f 2732//2431 1519//2431 1712//2431
f 2732//2432 1712//2432 2730//2432
f 2730//2433 1712//2433 1714//2433
f 2730//2434 1714//2434 2728//2434
f 2846//2435 3248//2435 2829//2435
f 2846//2436 1855//2436 1854//2436
f 3248//2437 2846//2437 3247//2437
f 2846//2438 1854//2438 3247//2438
f 3247//2439 1854//2439 1853//2439
f 3247//2439 1853//2439 3167//2439
f 1852//2440 3168//2440 1853//2440
f 1853//2441 3168//2441 3167//2441
f 3168//2442 1852//2442 1851//2442
f 3168//2443 1851//2443 3253//2443
f 3253//2444 1851//2444 1833//2444
f 3253//2445 1833//2445 3252//2445
f 3252//2446 1833//2446 1834//2446
f 3252//2447 1834//2447 3251//2447
f 3251//2448 1834//2448 1836//2448
f 3251//2449 1836//2449 2762//2449
f 2752//2450 2750//2450 2825//2450
f 2825//2451 2750//2451 2748//2451
f 2825//2452 2748//2452 2828//2452
f 1836//2453 1838//2453 2762//2453
f 2762//2454 1838//2454 2760//2454
f 1841//2455 2757//2455 1838//2455
f 1838//2456 2757//2456 2759//2456
f 1838//2457 2759//2457 2760//2457
f 2828//2458 2748//2458 1857//2458
f 1857//2459 2748//2459 2746//2459
f 1857//2460 2746//2460 1856//2460
f 1856//2461 2746//2461 2745//2461
f 1856//2462 2745//2462 1841//2462
f 1841//2463 2745//2463 2755//2463
f 1841//2464 2755//2464 2757//2464
f 2753//2465 2754//2465 3266//2465
f 3266//2466 2754//2466 3265//2466
f 2754//2467 2706//2467 3265//2467
f 3265//2468 2706//2468 2705//2468
f 3265//2469 2705//2469 3264//2469
f 3264//2470 2705//2470 2704//2470
f 3264//2471 2704//2471 3169//2471
f 2700//2472 3170//2472 2704//2472
f 2704//2473 3170//2473 3169//2473
f 3170//2474 2700//2474 2702//2474
f 2844//2475 3249//2475 2843//2475
f 2843//2476 3249//2476 2703//2476
f 2703//2477 3249//2477 2702//2477
f 2702//2478 3249//2478 3250//2478
f 2702//2479 3250//2479 3170//2479
f 2842//2480 3260//2480 2832//2480
f 2842//2481 2707//2481 2708//2481
f 3260//2482 2842//2482 3259//2482
f 2842//2483 2708//2483 3259//2483
f 3259//2484 2708//2484 2709//2484
f 3259//2485 2709//2485 3113//2485
f 2710//2486 3114//2486 2709//2486
f 2709//2487 3114//2487 3113//2487
f 2699//2488 2698//2488 2763//2488
f 2764//2489 3261//2489 2765//2489
f 2765//2490 3261//2490 3262//2490
f 2765//2491 3262//2491 2763//2491
f 2763//2492 3262//2492 3263//2492
f 2763//2493 3263//2493 2699//2493
f 2699//2494 3263//2494 3114//2494
f 2699//2495 3114//2495 2710//2495
f 3267//2496 3268//2496 3269//2496
f 3270//2496 3271//2496 3272//2496
f 3273//2496 3274//2496 3275//2496
f 3276//2496 3277//2496 3278//2496
f 3279//2496 3280//2496 3281//2496
f 3282//2496 3283//2496 3284//2496
f 3285//2496 3286//2496 3287//2496
f 3288//2496 3289//2496 3290//2496
f 3291//2496 3292//2496 3293//2496
f 3294//2496 3295//2496 3296//2496
f 3297//2496 3298//2496 3299//2496
f 3299//2496 3298//2496 3300//2496
f 3299//2496 3300//2496 3301//2496
f 3302//2496 3303//2496 3304//2496
f 3304//2496 3305//2496 3306//2496
f 3306//2496 3307//2496 3304//2496
f 3304//2496 3307//2496 3308//2496
f 3304//2496 3308//2496 3302//2496
f 3302//2496 3308//2496 3309//2496
f 3302//2496 3309//2496 3297//2496
f 3297//2496 3309//2496 3310//2496
f 3297//2496 3310//2496 3298//2496
f 3292//2496 3291//2496 3311//2496
f 3291//2496 3312//2496 3311//2496
f 3311//2496 3312//2496 3313//2496
f 3311//2496 3313//2496 3314//2496
f 3314//2496 3313//2496 3315//2496
f 3314//2496 3315//2496 3316//2496
f 3316//2496 3315//2496 3317//2496
f 3316//2496 3317//2496 3305//2496
f 3305//2496 3317//2496 3318//2496
f 3305//2496 3318//2496 3306//2496
f 3319//2496 3320//2496 3321//2496
f 3321//2496 3320//2496 3296//2496
f 3321//2496 3296//2496 3300//2496
f 3300//2496 3296//2496 3295//2496
f 3300//2496 3295//2496 3301//2496
f 3322//2496 3323//2496 3324//2496
f 3324//2496 3323//2496 3325//2496
f 3326//2496 3327//2496 3328//2496
f 3329//2496 3330//2496 3322//2496
f 3322//2496 3330//2496 3331//2496
f 3322//2496 3331//2496 3323//2496
f 3332//2496 3333//2496 3334//2496
f 3332//2496 3335//2496 3336//2496
f 3336//2496 3335//2496 3337//2496
f 3336//2496 3337//2496 3338//2496
f 3338//2496 3337//2496 3339//2496
f 3289//2496 3340//2496 3290//2496
f 3290//2496 3340//2496 3341//2496
f 3290//2496 3341//2496 3342//2496
f 3342//2496 3341//2496 3343//2496
f 3342//2496 3343//2496 3326//2496
f 3326//2496 3343//2496 3344//2496
f 3326//2496 3344//2496 3327//2496
f 3333//2496 3345//2496 3334//2496
f 3334//2496 3345//2496 3346//2496
f 3334//2496 3346//2496 3347//2496
f 3347//2496 3346//2496 3341//2496
f 3347//2496 3341//2496 3348//2496
f 3348//2496 3341//2496 3340//2496
f 3325//2496 3349//2496 3324//2496
f 3324//2496 3349//2496 3339//2496
f 3324//2496 3339//2496 3350//2496
f 3350//2496 3339//2496 3337//2496
f 3288//2496 3351//2496 3352//2496
f 3352//2496 3351//2496 3353//2496
f 3352//2496 3353//2496 3354//2496
f 3354//2496 3353//2496 3355//2496
f 3355//2496 3353//2496 3356//2496
f 3355//2496 3356//2496 3357//2496
f 3357//2496 3356//2496 3358//2496
f 3357//2496 3358//2496 3359//2496
f 3360//2496 3361//2496 3362//2496
f 3362//2496 3361//2496 3363//2496
f 3364//2496 3365//2496 3362//2496
f 3362//2496 3365//2496 3287//2496
f 3362//2496 3287//2496 3360//2496
f 3360//2496 3287//2496 3286//2496
f 3332//2496 3334//2496 3335//2496
f 3335//2496 3334//2496 3366//2496
f 3335//2496 3366//2496 3367//2496
f 3367//2496 3366//2496 3368//2496
f 3367//2496 3368//2496 3287//2496
f 3287//2496 3368//2496 3369//2496
f 3287//2496 3369//2496 3285//2496
f 3370//2496 3371//2496 3372//2496
f 3370//2496 3372//2496 3373//2496
f 3373//2496 3372//2496 3374//2496
f 3373//2496 3374//2496 3375//2496
f 3376//2496 3377//2496 3378//2496
f 3378//2496 3377//2496 3379//2496
f 3379//2496 3380//2496 3378//2496
f 3378//2496 3380//2496 3381//2496
f 3378//2496 3381//2496 3382//2496
f 3294//2496 3296//2496 3383//2496
f 3383//2496 3296//2496 3378//2496
f 3383//2496 3378//2496 3384//2496
f 3384//2496 3378//2496 3382//2496
f 3384//2496 3382//2496 3385//2496
f 3385//2496 3386//2496 3384//2496
f 3384//2496 3386//2496 3387//2496
f 3384//2496 3387//2496 3388//2496
f 3389//2496 3390//2496 3391//2496
f 3391//2496 3390//2496 3272//2496
f 3391//2496 3272//2496 3392//2496
f 3392//2496 3272//2496 3393//2496
f 3388//2496 3394//2496 3384//2496
f 3384//2496 3394//2496 3395//2496
f 3384//2496 3395//2496 3396//2496
f 3390//2496 3397//2496 3272//2496
f 3272//2496 3397//2496 3398//2496
f 3272//2496 3398//2496 3399//2496
f 3399//2496 3398//2496 3400//2496
f 3401//2496 3402//2496 3403//2496
f 3389//2496 3391//2496 3404//2496
f 3404//2496 3391//2496 3384//2496
f 3404//2496 3384//2496 3405//2496
f 3405//2496 3384//2496 3396//2496
f 3405//2496 3396//2496 3406//2496
f 3401//2496 3403//2496 3407//2496
f 3408//2496 3409//2496 3410//2496
f 3410//2496 3409//2496 3411//2496
f 3412//2496 3413//2496 3414//2496
f 3279//2496 3415//2496 3280//2496
f 3280//2496 3415//2496 3416//2496
f 3280//2496 3416//2496 3414//2496
f 3414//2496 3416//2496 3417//2496
f 3414//2496 3417//2496 3412//2496
f 3281//2496 3418//2496 3373//2496
f 3375//2496 3419//2496 3373//2496
f 3373//2496 3419//2496 3420//2496
f 3373//2496 3420//2496 3281//2496
f 3281//2496 3420//2496 3421//2496
f 3281//2496 3421//2496 3279//2496
f 3322//2496 3422//2496 3423//2496
f 3423//2496 3422//2496 3424//2496
f 3423//2496 3424//2496 3425//2496
f 3426//2496 3427//2496 3428//2496
f 3428//2496 3427//2496 3429//2496
f 3428//2496 3429//2496 3278//2496
f 3278//2496 3429//2496 3430//2496
f 3278//2496 3430//2496 3276//2496
f 3319//2496 3431//2496 3320//2496
f 3320//2496 3431//2496 3432//2496
f 3320//2496 3432//2496 3427//2496
f 3427//2496 3432//2496 3293//2496
f 3427//2496 3293//2496 3429//2496
f 3429//2496 3293//2496 3292//2496
f 3429//2496 3292//2496 3430//2496
f 3430//2496 3292//2496 3311//2496
f 3297//2496 3371//2496 3302//2496
f 3302//2496 3371//2496 3370//2496
f 3302//2496 3370//2496 3303//2496
f 3303//2496 3370//2496 3373//2496
f 3303//2496 3373//2496 3433//2496
f 3433//2496 3373//2496 3418//2496
f 3433//2496 3418//2496 3434//2496
f 3434//2496 3435//2496 3436//2496
f 3436//2496 3435//2496 3437//2496
f 3434//2496 3418//2496 3435//2496
f 3435//2496 3418//2496 3281//2496
f 3435//2496 3281//2496 3438//2496
f 3438//2496 3281//2496 3280//2496
f 3438//2496 3280//2496 3439//2496
f 3440//2496 3441//2496 3442//2496
f 3442//2496 3443//2496 3440//2496
f 3440//2496 3443//2496 3444//2496
f 3440//2496 3444//2496 3445//2496
f 3445//2496 3444//2496 3446//2496
f 3445//2496 3446//2496 3447//2496
f 3447//2496 3448//2496 3445//2496
f 3445//2496 3448//2496 3449//2496
f 3445//2496 3449//2496 3450//2496
f 3451//2496 3452//2496 3453//2496
f 3453//2496 3452//2496 3454//2496
f 3453//2496 3454//2496 3455//2496
f 3455//2496 3454//2496 3456//2496
f 3455//2496 3456//2496 3441//2496
f 3441//2496 3456//2496 3457//2496
f 3441//2496 3457//2496 3442//2496
f 3458//2496 3459//2496 3460//2496
f 3460//2496 3459//2496 3461//2496
f 3461//2496 3462//2496 3460//2496
f 3460//2496 3462//2496 3463//2496
f 3460//2496 3463//2496 3450//2496
f 3450//2496 3463//2496 3464//2496
f 3450//2496 3464//2496 3465//2496
f 3466//2496 3445//2496 3467//2496
f 3467//2496 3445//2496 3450//2496
f 3467//2496 3450//2496 3468//2496
f 3468//2496 3450//2496 3469//2496
f 3470//2496 3471//2496 3269//2496
f 3269//2496 3471//2496 3472//2496
f 3269//2496 3472//2496 3473//2496
f 3470//2496 3269//2496 3474//2496
f 3474//2496 3269//2496 3268//2496
f 3474//2496 3268//2496 3475//2496
f 3466//2496 3476//2496 3445//2496
f 3445//2496 3476//2496 3477//2496
f 3445//2496 3477//2496 3478//2496
f 3465//2496 3479//2496 3450//2496
f 3450//2496 3479//2496 3480//2496
f 3450//2496 3480//2496 3481//2496
f 3482//2496 3469//2496 3483//2496
f 3483//2496 3469//2496 3450//2496
f 3483//2496 3450//2496 3484//2496
f 3484//2496 3450//2496 3481//2496
f 3485//2496 3475//2496 3486//2496
f 3486//2496 3475//2496 3268//2496
f 3486//2496 3268//2496 3487//2496
f 3487//2496 3268//2496 3445//2496
f 3487//2496 3445//2496 3488//2496
f 3488//2496 3445//2496 3478//2496
f 3489//2496 3490//2496 3491//2496
f 3492//2496 3493//2496 3272//2496
f 3494//2496 3495//2496 3275//2496
f 3275//2496 3495//2496 3269//2496
f 3275//2496 3269//2496 3273//2496
f 3273//2496 3269//2496 3473//2496
f 3496//2496 3497//2496 3399//2496
f 3399//2496 3497//2496 3498//2496
f 3399//2496 3498//2496 3272//2496
f 3272//2496 3498//2496 3499//2496
f 3272//2496 3499//2496 3270//2496
f 3393//2496 3272//2496 3460//2496
f 3460//2496 3272//2496 3493//2496
f 3460//2496 3493//2496 3500//2496
f 3275//2496 3489//2496 3494//2496
f 3494//2496 3489//2496 3491//2496
f 3494//2496 3491//2496 3501//2496
f 3501//2496 3491//2496 3502//2496
f 3501//2496 3502//2496 3271//2496
f 3271//2496 3502//2496 3503//2496
f 3271//2496 3503//2496 3272//2496
f 3272//2496 3503//2496 3504//2496
f 3272//2496 3504//2496 3492//2496
f 3500//2496 3505//2496 3460//2496
f 3460//2496 3505//2496 3506//2496
f 3460//2496 3506//2496 3458//2496
f 3495//2496 3507//2496 3269//2496
f 3269//2496 3507//2496 3508//2496
f 3269//2496 3508//2496 3399//2496
f 3399//2496 3508//2496 3509//2496
f 3399//2496 3509//2496 3496//2496
f 3440//2496 3510//2496 3511//2496
f 3512//2496 3441//2496 3513//2496
f 3513//2496 3441//2496 3440//2496
f 3513//2496 3440//2496 3514//2496
f 3514//2496 3440//2496 3511//2496
f 3515//2496 3516//2496 3517//2496
f 3517//2496 3516//2496 3518//2496
f 3517//2496 3518//2496 3519//2496
f 3510//2496 3440//2496 3520//2496
f 3520//2496 3440//2496 3517//2496
f 3520//2496 3517//2496 3521//2496
f 3521//2496 3517//2496 3519//2496
f 3521//2496 3519//2496 3522//2496
f 3523//2496 3524//2496 3525//2496
f 3526//2496 3527//2496 3528//2496
f 3528//2496 3527//2496 3529//2496
f 3528//2496 3529//2496 3517//2496
f 3517//2496 3529//2496 3530//2496
f 3517//2496 3530//2496 3515//2496
f 3523//2496 3525//2496 3531//2496
f 3532//2496 3533//2496 3534//2496
f 3534//2496 3533//2496 3535//2496
f 3534//2496 3535//2496 3525//2496
f 3525//2496 3535//2496 3536//2496
f 3525//2496 3536//2496 3531//2496
f 3537//2496 3538//2496 3539//2496
f 3539//2496 3538//2496 3540//2496
f 3541//2496 3542//2496 3543//2496
f 3543//2496 3542//2496 3544//2496
f 3543//2496 3544//2496 3545//2496
f 3546//2496 3547//2496 3548//2496
f 3549//2496 3455//2496 3550//2496
f 3550//2496 3455//2496 3551//2496
f 3552//2496 3553//2496 3554//2496
f 3554//2496 3553//2496 3555//2496
f 3554//2496 3555//2496 3556//2496
f 3556//2496 3557//2496 3554//2496
f 3554//2496 3557//2496 3558//2496
f 3554//2496 3558//2496 3559//2496
f 3551//2496 3455//2496 3560//2496
f 3560//2496 3455//2496 3441//2496
f 3560//2496 3441//2496 3561//2496
f 3561//2496 3441//2496 3512//2496
f 3561//2496 3512//2496 3562//2496
f 3563//2496 3407//2496 3400//2496
f 3400//2496 3407//2496 3403//2496
f 3400//2496 3403//2496 3399//2496
f 3399//2496 3403//2496 3564//2496
f 3399//2496 3564//2496 3565//2496
f 3566//2496 3567//2496 3568//2496
f 3569//2496 3570//2496 3571//2496
f 3572//2496 3573//2496 3569//2496
f 3569//2496 3573//2496 3574//2496
f 3569//2496 3574//2496 3566//2496
f 3566//2496 3574//2496 3575//2496
f 3566//2496 3575//2496 3567//2496
f 3568//2496 3576//2496 3566//2496
f 3566//2496 3576//2496 3577//2496
f 3566//2496 3577//2496 3376//2496
f 3571//2496 3578//2496 3569//2496
f 3569//2496 3578//2496 3579//2496
f 3569//2496 3579//2496 3580//2496
f 3581//2496 3572//2496 3582//2496
f 3582//2496 3572//2496 3569//2496
f 3582//2496 3569//2496 3583//2496
f 3583//2496 3569//2496 3580//2496
f 3584//2496 3585//2496 3269//2496
f 3269//2496 3585//2496 3586//2496
f 3269//2496 3586//2496 3267//2496
f 3587//2496 3588//2496 3589//2496
f 3589//2496 3588//2496 3590//2496
f 3591//2496 3592//2496 3593//2496
f 3593//2496 3592//2496 3594//2496
f 3593//2496 3594//2496 3595//2496
f 3595//2496 3594//2496 3596//2496
f 3595//2496 3596//2496 3597//2496
f 3597//2496 3596//2496 3590//2496
f 3597//2496 3590//2496 3598//2496
f 3598//2496 3590//2496 3588//2496
f 3599//2496 3600//2496 3351//2496
f 3351//2496 3600//2496 3601//2496
f 3601//2496 3602//2496 3351//2496
f 3351//2496 3602//2496 3603//2496
f 3351//2496 3603//2496 3353//2496
f 3353//2496 3603//2496 3604//2496
f 3353//2496 3604//2496 3356//2496
f 3356//2496 3604//2496 3587//2496
f 3356//2496 3587//2496 3358//2496
f 3358//2496 3587//2496 3589//2496
f 3358//2496 3589//2496 3359//2496
f 3359//2496 3589//2496 3362//2496
f 3359//2496 3362//2496 3605//2496
f 3605//2496 3362//2496 3363//2496
f 3351//2496 3606//2496 3599//2496
f 3599//2496 3606//2496 3528//2496
f 3599//2496 3528//2496 3607//2496
f 3607//2496 3528//2496 3517//2496
f 3608//2496 3609//2496 3610//2496
f 3609//2496 3534//2496 3611//2496
f 3611//2496 3534//2496 3612//2496
f 3613//2496 3614//2496 3606//2496
f 3606//2496 3614//2496 3525//2496
f 3606//2496 3525//2496 3528//2496
f 3528//2496 3525//2496 3524//2496
f 3528//2496 3524//2496 3526//2496
f 3614//2496 3615//2496 3525//2496
f 3525//2496 3615//2496 3616//2496
f 3525//2496 3616//2496 3534//2496
f 3534//2496 3616//2496 3617//2496
f 3534//2496 3617//2496 3612//2496
f 3610//2496 3618//2496 3608//2496
f 3608//2496 3618//2496 3619//2496
f 3608//2496 3619//2496 3606//2496
f 3606//2496 3619//2496 3620//2496
f 3606//2496 3620//2496 3613//2496
f 3608//2496 3621//2496 3609//2496
f 3609//2496 3621//2496 3539//2496
f 3609//2496 3539//2496 3534//2496
f 3534//2496 3539//2496 3540//2496
f 3534//2496 3540//2496 3532//2496
f 3288//2496 3290//2496 3351//2496
f 3351//2496 3290//2496 3342//2496
f 3351//2496 3342//2496 3606//2496
f 3606//2496 3342//2496 3326//2496
f 3606//2496 3326//2496 3608//2496
f 3608//2496 3326//2496 3622//2496
f 3608//2496 3622//2496 3621//2496
f 3328//2496 3329//2496 3326//2496
f 3326//2496 3329//2496 3322//2496
f 3326//2496 3322//2496 3622//2496
f 3622//2496 3322//2496 3423//2496
f 3622//2496 3423//2496 3621//2496
f 3621//2496 3423//2496 3623//2496
f 3621//2496 3623//2496 3539//2496
f 3539//2496 3623//2496 3545//2496
f 3539//2496 3545//2496 3537//2496
f 3537//2496 3545//2496 3544//2496
f 3449//2496 3451//2496 3450//2496
f 3450//2496 3451//2496 3453//2496
f 3450//2496 3453//2496 3460//2496
f 3460//2496 3453//2496 3410//2496
f 3460//2496 3410//2496 3393//2496
f 3393//2496 3410//2496 3411//2496
f 3549//2496 3552//2496 3455//2496
f 3455//2496 3552//2496 3554//2496
f 3455//2496 3554//2496 3453//2496
f 3453//2496 3554//2496 3624//2496
f 3453//2496 3624//2496 3410//2496
f 3410//2496 3624//2496 3284//2496
f 3410//2496 3284//2496 3408//2496
f 3408//2496 3284//2496 3283//2496
f 3559//2496 3546//2496 3554//2496
f 3554//2496 3546//2496 3548//2496
f 3554//2496 3548//2496 3624//2496
f 3624//2496 3548//2496 3625//2496
f 3624//2496 3625//2496 3284//2496
f 3284//2496 3625//2496 3413//2496
f 3284//2496 3413//2496 3282//2496
f 3282//2496 3413//2496 3412//2496
f 3591//2496 3626//2496 3592//2496
f 3592//2496 3626//2496 3627//2496
f 3592//2496 3627//2496 3628//2496
f 3628//2496 3627//2496 3629//2496
f 3628//2496 3629//2496 3630//2496
f 3630//2496 3629//2496 3631//2496
f 3630//2496 3631//2496 3426//2496
f 3632//2496 3584//2496 3633//2496
f 3633//2496 3584//2496 3269//2496
f 3633//2496 3269//2496 3569//2496
f 3569//2496 3269//2496 3399//2496
f 3569//2496 3399//2496 3570//2496
f 3570//2496 3399//2496 3565//2496
f 3547//2496 3541//2496 3548//2496
f 3548//2496 3541//2496 3543//2496
f 3548//2496 3543//2496 3625//2496
f 3625//2496 3543//2496 3634//2496
f 3625//2496 3634//2496 3413//2496
f 3413//2496 3634//2496 3635//2496
f 3413//2496 3635//2496 3414//2496
f 3414//2496 3635//2496 3636//2496
f 3414//2496 3636//2496 3280//2496
f 3280//2496 3636//2496 3637//2496
f 3280//2496 3637//2496 3439//2496
f 3626//2496 3632//2496 3627//2496
f 3627//2496 3632//2496 3633//2496
f 3627//2496 3633//2496 3629//2496
f 3629//2496 3633//2496 3569//2496
f 3629//2496 3569//2496 3631//2496
f 3631//2496 3569//2496 3566//2496
f 3638//2496 3639//2496 3378//2496
f 3376//2496 3378//2496 3566//2496
f 3566//2496 3378//2496 3639//2496
f 3566//2496 3639//2496 3640//2496
f 3641//2496 3642//2496 3320//2496
f 3320//2496 3642//2496 3643//2496
f 3320//2496 3643//2496 3296//2496
f 3643//2496 3644//2496 3296//2496
f 3296//2496 3644//2496 3645//2496
f 3296//2496 3645//2496 3378//2496
f 3378//2496 3645//2496 3646//2496
f 3378//2496 3646//2496 3638//2496
f 3640//2496 3647//2496 3566//2496
f 3566//2496 3647//2496 3648//2496
f 3566//2496 3648//2496 3649//2496
f 3426//2496 3631//2496 3427//2496
f 3427//2496 3631//2496 3566//2496
f 3427//2496 3566//2496 3320//2496
f 3320//2496 3566//2496 3649//2496
f 3320//2496 3649//2496 3641//2496
f 3650//2497 3651//2497 3652//2497
f 3653//2497 3654//2497 3655//2497
f 3656//2497 3657//2497 3658//2497
f 3659//2497 3660//2497 3661//2497
f 3662//2497 3663//2497 3664//2497
f 3664//2497 3663//2497 3665//2497
f 3666//2497 3667//2497 3668//2497
f 3669//2497 3670//2497 3671//2497
f 3672//2497 3673//2497 3674//2497
f 3675//2497 3676//2497 3677//2497
f 3678//2497 3679//2497 3680//2497
f 3681//2497 3682//2497 3683//2497
f 3684//2497 3685//2497 3686//2497
f 3687//2497 3688//2497 3689//2497
f 3690//2497 3691//2497 3692//2497
f 3693//2497 3694//2497 3695//2497
f 3696//2497 3697//2497 3698//2497
f 3698//2497 3697//2497 3699//2497
f 3698//2497 3699//2497 3700//2497
f 3698//2497 3701//2497 3696//2497
f 3696//2497 3701//2497 3702//2497
f 3696//2497 3702//2497 3703//2497
f 3704//2497 3705//2497 3706//2497
f 3706//2497 3705//2497 3707//2497
f 3703//2497 3702//2497 3708//2497
f 3708//2497 3702//2497 3709//2497
f 3708//2497 3709//2497 3710//2497
f 3711//2497 3712//2497 3713//2497
f 3713//2497 3712//2497 3708//2497
f 3713//2497 3708//2497 3705//2497
f 3705//2497 3708//2497 3710//2497
f 3705//2497 3710//2497 3707//2497
f 3711//2497 3713//2497 3714//2497
f 3714//2497 3713//2497 3715//2497
f 3714//2497 3715//2497 3716//2497
f 3716//2497 3715//2497 3717//2497
f 3716//2497 3717//2497 3718//2497
f 3719//2497 3720//2497 3721//2497
f 3722//2497 3719//2497 3723//2497
f 3723//2497 3719//2497 3721//2497
f 3723//2497 3721//2497 3724//2497
f 3725//2497 3726//2497 3727//2497
f 3725//2497 3727//2497 3728//2497
f 3729//2497 3730//2497 3731//2497
f 3731//2497 3730//2497 3732//2497
f 3731//2497 3732//2497 3733//2497
f 3733//2497 3732//2497 3734//2497
f 3733//2497 3734//2497 3735//2497
f 3735//2497 3734//2497 3736//2497
f 3735//2497 3736//2497 3737//2497
f 3737//2497 3736//2497 3728//2497
f 3737//2497 3728//2497 3738//2497
f 3738//2497 3728//2497 3727//2497
f 3739//2497 3740//2497 3741//2497
f 3741//2497 3740//2497 3742//2497
f 3741//2497 3742//2497 3690//2497
f 3741//2497 3743//2497 3739//2497
f 3739//2497 3743//2497 3744//2497
f 3739//2497 3744//2497 3745//2497
f 3745//2497 3744//2497 3687//2497
f 3744//2497 3746//2497 3687//2497
f 3687//2497 3746//2497 3747//2497
f 3687//2497 3747//2497 3688//2497
f 3688//2497 3747//2497 3748//2497
f 3688//2497 3748//2497 3749//2497
f 3749//2497 3748//2497 3750//2497
f 3749//2497 3750//2497 3751//2497
f 3752//2497 3753//2497 3754//2497
f 3754//2497 3753//2497 3755//2497
f 3754//2497 3755//2497 3756//2497
f 3757//2497 3758//2497 3759//2497
f 3759//2497 3758//2497 3760//2497
f 3759//2497 3760//2497 3761//2497
f 3762//2497 3763//2497 3764//2497
f 3765//2497 3766//2497 3767//2497
f 3767//2497 3766//2497 3764//2497
f 3767//2497 3764//2497 3768//2497
f 3768//2497 3764//2497 3763//2497
f 3757//2497 3769//2497 3770//2497
f 3770//2497 3769//2497 3771//2497
f 3770//2497 3771//2497 3772//2497
f 3772//2497 3771//2497 3762//2497
f 3772//2497 3762//2497 3773//2497
f 3773//2497 3762//2497 3764//2497
f 3691//2497 3774//2497 3775//2497
f 3775//2497 3774//2497 3776//2497
f 3775//2497 3776//2497 3777//2497
f 3777//2497 3776//2497 3778//2497
f 3777//2497 3778//2497 3779//2497
f 3779//2497 3778//2497 3780//2497
f 3779//2497 3780//2497 3781//2497
f 3781//2497 3780//2497 3782//2497
f 3781//2497 3782//2497 3783//2497
f 3783//2497 3782//2497 3784//2497
f 3783//2497 3784//2497 3785//2497
f 3785//2497 3784//2497 3786//2497
f 3785//2497 3786//2497 3787//2497
f 3787//2497 3786//2497 3788//2497
f 3787//2497 3788//2497 3789//2497
f 3789//2497 3788//2497 3790//2497
f 3789//2497 3790//2497 3791//2497
f 3791//2497 3790//2497 3792//2497
f 3791//2497 3792//2497 3765//2497
f 3765//2497 3792//2497 3793//2497
f 3765//2497 3793//2497 3766//2497
f 3794//2497 3795//2497 3796//2497
f 3796//2497 3795//2497 3797//2497
f 3796//2497 3797//2497 3763//2497
f 3763//2497 3797//2497 3798//2497
f 3763//2497 3798//2497 3768//2497
f 3799//2497 3800//2497 3801//2497
f 3801//2497 3802//2497 3799//2497
f 3799//2497 3802//2497 3803//2497
f 3799//2497 3803//2497 3794//2497
f 3794//2497 3803//2497 3804//2497
f 3794//2497 3804//2497 3795//2497
f 3805//2497 3806//2497 3800//2497
f 3800//2497 3806//2497 3807//2497
f 3800//2497 3807//2497 3801//2497
f 3808//2497 3809//2497 3810//2497
f 3810//2497 3809//2497 3811//2497
f 3812//2497 3813//2497 3814//2497
f 3814//2497 3813//2497 3815//2497
f 3814//2497 3815//2497 3816//2497
f 3816//2497 3815//2497 3817//2497
f 3816//2497 3817//2497 3818//2497
f 3818//2497 3817//2497 3819//2497
f 3818//2497 3819//2497 3820//2497
f 3820//2497 3821//2497 3822//2497
f 3823//2497 3824//2497 3819//2497
f 3819//2497 3824//2497 3825//2497
f 3819//2497 3825//2497 3826//2497
f 3826//2497 3827//2497 3819//2497
f 3819//2497 3827//2497 3828//2497
f 3819//2497 3828//2497 3820//2497
f 3820//2497 3828//2497 3829//2497
f 3820//2497 3829//2497 3821//2497
f 3830//2497 3831//2497 3832//2497
f 3832//2497 3831//2497 3820//2497
f 3832//2497 3820//2497 3833//2497
f 3833//2497 3820//2497 3822//2497
f 3834//2497 3835//2497 3836//2497
f 3691//2497 3775//2497 3692//2497
f 3692//2497 3775//2497 3837//2497
f 3692//2497 3837//2497 3835//2497
f 3835//2497 3837//2497 3838//2497
f 3835//2497 3838//2497 3836//2497
f 3839//2497 3824//2497 3840//2497
f 3840//2497 3824//2497 3823//2497
f 3840//2497 3823//2497 3841//2497
f 3841//2497 3823//2497 3842//2497
f 3841//2497 3842//2497 3843//2497
f 3843//2497 3842//2497 3844//2497
f 3843//2497 3844//2497 3845//2497
f 3846//2497 3847//2497 3848//2497
f 3849//2497 3850//2497 3851//2497
f 3851//2497 3850//2497 3852//2497
f 3847//2497 3853//2497 3848//2497
f 3848//2497 3853//2497 3854//2497
f 3848//2497 3854//2497 3849//2497
f 3852//2497 3855//2497 3851//2497
f 3851//2497 3855//2497 3856//2497
f 3851//2497 3856//2497 3857//2497
f 3858//2497 3846//2497 3859//2497
f 3859//2497 3846//2497 3848//2497
f 3859//2497 3848//2497 3860//2497
f 3860//2497 3848//2497 3861//2497
f 3862//2497 3863//2497 3861//2497
f 3864//2497 3865//2497 3866//2497
f 3866//2497 3865//2497 3867//2497
f 3867//2497 3865//2497 3868//2497
f 3867//2497 3868//2497 3869//2497
f 3870//2497 3871//2497 3872//2497
f 3873//2497 3874//2497 3875//2497
f 3874//2497 3876//2497 3875//2497
f 3875//2497 3876//2497 3877//2497
f 3875//2497 3877//2497 3683//2497
f 3683//2497 3877//2497 3878//2497
f 3683//2497 3878//2497 3681//2497
f 3879//2497 3880//2497 3881//2497
f 3879//2497 3881//2497 3882//2497
f 3880//2497 3879//2497 3883//2497
f 3883//2497 3879//2497 3830//2497
f 3883//2497 3830//2497 3884//2497
f 3884//2497 3830//2497 3832//2497
f 3884//2497 3832//2497 3885//2497
f 3886//2497 3652//2497 3851//2497
f 3886//2497 3851//2497 3887//2497
f 3888//2497 3889//2497 3819//2497
f 3889//2497 3890//2497 3819//2497
f 3819//2497 3890//2497 3891//2497
f 3819//2497 3891//2497 3823//2497
f 3823//2497 3891//2497 3892//2497
f 3823//2497 3892//2497 3842//2497
f 3842//2497 3892//2497 3887//2497
f 3842//2497 3887//2497 3844//2497
f 3844//2497 3887//2497 3851//2497
f 3844//2497 3851//2497 3845//2497
f 3845//2497 3851//2497 3857//2497
f 3893//2497 3894//2497 3895//2497
f 3896//2497 3897//2497 3898//2497
f 3896//2497 3898//2497 3899//2497
f 3899//2497 3898//2497 3900//2497
f 3899//2497 3900//2497 3901//2497
f 3897//2497 3902//2497 3898//2497
f 3898//2497 3902//2497 3903//2497
f 3898//2497 3903//2497 3904//2497
f 3904//2497 3905//2497 3906//2497
f 3906//2497 3905//2497 3907//2497
f 3908//2497 3909//2497 3910//2497
f 3910//2497 3909//2497 3906//2497
f 3910//2497 3906//2497 3911//2497
f 3911//2497 3906//2497 3907//2497
f 3680//2497 3679//2497 3900//2497
f 3900//2497 3679//2497 3912//2497
f 3900//2497 3912//2497 3901//2497
f 3913//2497 3914//2497 3915//2497
f 3915//2497 3914//2497 3916//2497
f 3915//2497 3916//2497 3917//2497
f 3917//2497 3916//2497 3918//2497
f 3917//2497 3918//2497 3680//2497
f 3680//2497 3918//2497 3919//2497
f 3680//2497 3919//2497 3678//2497
f 3913//2497 3915//2497 3920//2497
f 3920//2497 3915//2497 3921//2497
f 3920//2497 3921//2497 3922//2497
f 3923//2497 3924//2497 3665//2497
f 3665//2497 3924//2497 3925//2497
f 3926//2497 3927//2497 3928//2497
f 3928//2497 3927//2497 3929//2497
f 3928//2497 3929//2497 3915//2497
f 3915//2497 3929//2497 3930//2497
f 3915//2497 3930//2497 3921//2497
f 3931//2497 3932//2497 3933//2497
f 3933//2497 3932//2497 3934//2497
f 3933//2497 3934//2497 3665//2497
f 3665//2497 3934//2497 3935//2497
f 3665//2497 3935//2497 3923//2497
f 3936//2497 3937//2497 3938//2497
f 3909//2497 3939//2497 3940//2497
f 3908//2497 3941//2497 3909//2497
f 3909//2497 3941//2497 3942//2497
f 3909//2497 3942//2497 3939//2497
f 3940//2497 3943//2497 3909//2497
f 3909//2497 3943//2497 3944//2497
f 3909//2497 3944//2497 3936//2497
f 3945//2497 3937//2497 3946//2497
f 3946//2497 3937//2497 3936//2497
f 3946//2497 3936//2497 3947//2497
f 3947//2497 3936//2497 3944//2497
f 3948//2497 3949//2497 3950//2497
f 3950//2497 3949//2497 3951//2497
f 3950//2497 3951//2497 3952//2497
f 3953//2497 3954//2497 3951//2497
f 3729//2497 3731//2497 3955//2497
f 3955//2497 3731//2497 3956//2497
f 3955//2497 3956//2497 3957//2497
f 3951//2497 3954//2497 3952//2497
f 3952//2497 3954//2497 3958//2497
f 3952//2497 3958//2497 3959//2497
f 3959//2497 3958//2497 3960//2497
f 3959//2497 3960//2497 3961//2497
f 3962//2497 3963//2497 3964//2497
f 3965//2497 3966//2497 3733//2497
f 3733//2497 3966//2497 3967//2497
f 3733//2497 3967//2497 3731//2497
f 3731//2497 3967//2497 3968//2497
f 3731//2497 3968//2497 3956//2497
f 3960//2497 3963//2497 3961//2497
f 3961//2497 3963//2497 3962//2497
f 3961//2497 3962//2497 3969//2497
f 3969//2497 3962//2497 3970//2497
f 3971//2497 3972//2497 3973//2497
f 3974//2497 3949//2497 3975//2497
f 3975//2497 3949//2497 3948//2497
f 3975//2497 3948//2497 3976//2497
f 3976//2497 3948//2497 3977//2497
f 3976//2497 3977//2497 3978//2497
f 3979//2497 3980//2497 3981//2497
f 3981//2497 3980//2497 3982//2497
f 3981//2497 3982//2497 3983//2497
f 3984//2497 3985//2497 3986//2497
f 3987//2497 3988//2497 3989//2497
f 3989//2497 3988//2497 3990//2497
f 3989//2497 3990//2497 3991//2497
f 3991//2497 3990//2497 3992//2497
f 3991//2497 3992//2497 3993//2497
f 3993//2497 3992//2497 3994//2497
f 3993//2497 3994//2497 3676//2497
f 3676//2497 3994//2497 3995//2497
f 3676//2497 3995//2497 3677//2497
f 3677//2497 3995//2497 3996//2497
f 3677//2497 3996//2497 3997//2497
f 3984//2497 3986//2497 3998//2497
f 3998//2497 3986//2497 3999//2497
f 3998//2497 3999//2497 4000//2497
f 4000//2497 3999//2497 4001//2497
f 4000//2497 4001//2497 3987//2497
f 3987//2497 4001//2497 4002//2497
f 3987//2497 4002//2497 3988//2497
f 3675//2497 3677//2497 4003//2497
f 4003//2497 3677//2497 4004//2497
f 4003//2497 4004//2497 4005//2497
f 4006//2497 4007//2497 3674//2497
f 3674//2497 4007//2497 4008//2497
f 3979//2497 3981//2497 4009//2497
f 4009//2497 3981//2497 4010//2497
f 4009//2497 4010//2497 4011//2497
f 4012//2497 4013//2497 4014//2497
f 4014//2497 4013//2497 4015//2497
f 4016//2497 4017//2497 4018//2497
f 4018//2497 4017//2497 4019//2497
f 4018//2497 4019//2497 4020//2497
f 4013//2497 4021//2497 4015//2497
f 4015//2497 4021//2497 4022//2497
f 4015//2497 4022//2497 4023//2497
f 4023//2497 4022//2497 4024//2497
f 4023//2497 4024//2497 4025//2497
f 4026//2497 4027//2497 4028//2497
f 4028//2497 4027//2497 4029//2497
f 4028//2497 4029//2497 4017//2497
f 4017//2497 4029//2497 4030//2497
f 4017//2497 4030//2497 4019//2497
f 4031//2497 4032//2497 4033//2497
f 4033//2497 4032//2497 4034//2497
f 4006//2497 3674//2497 4035//2497
f 4035//2497 3674//2497 3673//2497
f 4035//2497 3673//2497 4036//2497
f 4032//2497 4037//2497 4034//2497
f 4034//2497 4037//2497 4038//2497
f 4034//2497 4038//2497 4039//2497
f 4039//2497 4038//2497 4040//2497
f 4040//2497 4041//2497 4039//2497
f 4039//2497 4041//2497 4042//2497
f 4039//2497 4042//2497 4043//2497
f 4043//2497 4042//2497 4044//2497
f 4043//2497 4044//2497 4045//2497
f 4005//2497 4004//2497 4008//2497
f 4008//2497 4004//2497 4043//2497
f 4008//2497 4043//2497 3674//2497
f 3674//2497 4043//2497 4045//2497
f 3674//2497 4045//2497 3672//2497
f 4046//2497 4047//2497 4048//2497
f 4048//2497 4047//2497 4049//2497
f 4050//2497 4051//2497 4052//2497
f 4053//2497 4054//2497 4055//2497
f 4055//2497 4054//2497 4050//2497
f 4055//2497 4050//2497 4056//2497
f 4056//2497 4050//2497 4052//2497
f 4057//2497 4058//2497 3975//2497
f 3975//2497 4058//2497 4059//2497
f 3975//2497 4059//2497 3974//2497
f 3974//2497 4059//2497 4060//2497
f 3974//2497 4060//2497 4053//2497
f 4053//2497 4060//2497 4061//2497
f 4053//2497 4061//2497 4054//2497
f 4047//2497 4062//2497 4049//2497
f 4049//2497 4062//2497 4063//2497
f 4049//2497 4063//2497 4064//2497
f 4064//2497 4063//2497 4057//2497
f 4064//2497 4057//2497 4065//2497
f 4065//2497 4057//2497 3975//2497
f 4066//2497 4067//2497 4068//2497
f 4068//2497 4067//2497 4069//2497
f 4068//2497 4069//2497 4070//2497
f 4070//2497 4069//2497 4071//2497
f 4072//2497 4073//2497 3979//2497
f 3979//2497 4073//2497 4074//2497
f 3979//2497 4074//2497 3980//2497
f 3980//2497 4074//2497 4075//2497
f 3980//2497 4075//2497 4066//2497
f 4066//2497 4075//2497 4076//2497
f 4066//2497 4076//2497 4067//2497
f 4077//2497 4078//2497 4079//2497
f 4079//2497 4078//2497 4072//2497
f 4079//2497 4072//2497 4080//2497
f 4080//2497 4072//2497 3979//2497
f 4069//2497 4081//2497 4071//2497
f 4071//2497 4081//2497 4082//2497
f 4071//2497 4082//2497 4083//2497
f 4083//2497 4082//2497 4084//2497
f 4083//2497 4084//2497 4077//2497
f 4077//2497 4084//2497 4085//2497
f 4077//2497 4085//2497 4078//2497
f 4086//2497 4087//2497 4088//2497
f 4089//2497 4090//2497 4087//2497
f 3670//2497 3669//2497 4091//2497
f 4091//2497 3669//2497 4092//2497
f 4091//2497 4092//2497 4093//2497
f 4093//2497 4092//2497 4094//2497
f 4093//2497 4094//2497 4095//2497
f 4095//2497 4094//2497 4096//2497
f 4095//2497 4096//2497 4097//2497
f 4097//2497 4096//2497 4098//2497
f 4098//2497 4096//2497 4099//2497
f 4098//2497 4099//2497 4100//2497
f 4100//2497 4099//2497 4014//2497
f 4100//2497 4014//2497 4101//2497
f 4101//2497 4014//2497 4015//2497
f 4101//2497 4015//2497 4102//2497
f 4102//2497 4015//2497 4103//2497
f 4103//2497 4015//2497 4023//2497
f 4103//2497 4023//2497 4104//2497
f 4104//2497 4023//2497 4105//2497
f 4104//2497 4105//2497 4106//2497
f 4106//2497 4105//2497 4107//2497
f 4106//2497 4107//2497 4108//2497
f 4109//2497 4110//2497 4108//2497
f 4111//2497 4112//2497 4113//2497
f 4113//2497 4114//2497 4111//2497
f 4111//2497 4114//2497 4115//2497
f 4111//2497 4115//2497 4116//2497
f 3726//2497 3724//2497 3727//2497
f 3727//2497 3724//2497 3721//2497
f 3727//2497 3721//2497 4117//2497
f 4117//2497 3721//2497 3720//2497
f 4118//2497 4119//2497 3898//2497
f 3898//2497 4119//2497 3719//2497
f 3898//2497 3719//2497 3717//2497
f 3717//2497 3719//2497 3722//2497
f 3717//2497 3722//2497 3718//2497
f 3904//2497 3906//2497 3898//2497
f 3898//2497 3906//2497 4120//2497
f 3898//2497 4120//2497 4118//2497
f 3757//2497 3759//2497 3769//2497
f 3769//2497 3759//2497 4121//2497
f 3769//2497 4121//2497 4122//2497
f 4122//2497 4121//2497 4123//2497
f 4122//2497 4123//2497 4124//2497
f 4124//2497 4123//2497 4125//2497
f 4124//2497 4125//2497 4126//2497
f 4126//2497 4125//2497 4127//2497
f 4126//2497 4127//2497 4128//2497
f 4129//2497 4130//2497 4127//2497
f 4127//2497 4130//2497 4131//2497
f 4127//2497 4131//2497 4128//2497
f 4129//2497 4132//2497 4133//2497
f 4133//2497 4132//2497 4134//2497
f 4133//2497 4134//2497 4135//2497
f 4136//2497 4137//2497 4135//2497
f 4137//2497 3677//2497 3984//2497
f 3984//2497 3677//2497 3997//2497
f 3984//2497 3997//2497 3985//2497
f 3991//2497 3983//2497 3989//2497
f 3989//2497 3983//2497 3982//2497
f 3989//2497 3982//2497 3987//2497
f 3987//2497 3982//2497 4138//2497
f 4138//2497 3982//2497 4139//2497
f 4139//2497 3982//2497 3980//2497
f 4139//2497 3980//2497 4140//2497
f 4140//2497 3980//2497 4066//2497
f 4140//2497 4066//2497 4141//2497
f 4141//2497 4066//2497 4068//2497
f 4141//2497 4068//2497 4142//2497
f 4142//2497 4068//2497 4070//2497
f 4142//2497 4070//2497 4143//2497
f 3666//2497 3668//2497 4144//2497
f 4144//2497 3668//2497 4145//2497
f 4144//2497 4145//2497 4146//2497
f 4146//2497 4145//2497 4147//2497
f 4146//2497 4147//2497 4148//2497
f 4148//2497 4147//2497 4149//2497
f 4148//2497 4149//2497 4150//2497
f 4150//2497 4149//2497 4151//2497
f 4150//2497 4151//2497 4152//2497
f 4152//2497 4151//2497 4153//2497
f 4152//2497 4153//2497 4154//2497
f 3871//2497 3864//2497 3872//2497
f 3872//2497 3864//2497 3866//2497
f 3872//2497 3866//2497 4153//2497
f 4153//2497 3866//2497 4155//2497
f 4153//2497 4155//2497 4154//2497
f 4156//2497 4157//2497 3663//2497
f 4157//2497 4158//2497 3663//2497
f 3663//2497 4158//2497 4159//2497
f 3663//2497 4159//2497 3665//2497
f 3663//2497 4160//2497 4156//2497
f 4156//2497 4160//2497 4161//2497
f 4156//2497 4161//2497 4162//2497
f 4162//2497 4161//2497 4163//2497
f 4162//2497 4163//2497 4164//2497
f 4165//2497 3936//2497 3931//2497
f 3931//2497 3936//2497 3938//2497
f 3931//2497 3938//2497 3932//2497
f 4159//2497 4166//2497 3665//2497
f 3665//2497 4166//2497 4167//2497
f 3665//2497 4167//2497 3933//2497
f 3933//2497 4167//2497 4168//2497
f 3933//2497 4168//2497 3931//2497
f 3931//2497 4168//2497 4169//2497
f 3931//2497 4169//2497 4165//2497
f 4170//2497 4171//2497 4172//2497
f 4172//2497 4171//2497 4173//2497
f 4172//2497 4173//2497 4174//2497
f 4174//2497 4173//2497 4175//2497
f 4174//2497 4175//2497 4176//2497
f 4177//2497 4178//2497 4179//2497
f 4179//2497 4178//2497 4180//2497
f 4179//2497 4180//2497 4172//2497
f 4172//2497 4180//2497 4181//2497
f 4172//2497 4181//2497 4170//2497
f 4182//2497 4183//2497 4184//2497
f 4184//2497 4183//2497 4177//2497
f 4184//2497 4177//2497 4185//2497
f 4185//2497 4177//2497 4179//2497
f 3686//2497 4186//2497 4182//2497
f 4182//2497 4186//2497 4187//2497
f 4187//2497 4188//2497 4182//2497
f 4182//2497 4188//2497 4189//2497
f 4182//2497 4189//2497 4183//2497
f 4190//2497 4191//2497 3686//2497
f 3686//2497 4191//2497 4192//2497
f 3686//2497 4192//2497 4186//2497
f 4190//2497 3686//2497 4193//2497
f 4193//2497 3686//2497 4194//2497
f 4193//2497 4194//2497 4195//2497
f 4196//2497 4163//2497 4197//2497
f 4197//2497 4163//2497 4198//2497
f 4160//2497 4199//2497 4161//2497
f 4161//2497 4199//2497 4200//2497
f 4161//2497 4200//2497 4163//2497
f 4163//2497 4200//2497 4201//2497
f 4163//2497 4201//2497 4198//2497
f 4202//2497 4164//2497 4203//2497
f 4203//2497 4164//2497 4163//2497
f 4203//2497 4163//2497 3685//2497
f 3685//2497 4163//2497 4196//2497
f 3685//2497 4196//2497 4204//2497
f 4204//2497 4205//2497 3685//2497
f 3685//2497 4205//2497 4206//2497
f 3685//2497 4206//2497 3686//2497
f 3686//2497 4206//2497 4207//2497
f 3686//2497 4207//2497 4194//2497
f 4208//2497 4209//2497 3662//2497
f 3662//2497 4209//2497 4210//2497
f 3662//2497 4210//2497 3663//2497
f 4211//2497 4212//2497 4213//2497
f 4213//2497 4212//2497 4214//2497
f 4213//2497 4214//2497 4215//2497
f 4211//2497 4216//2497 4212//2497
f 4212//2497 4216//2497 4217//2497
f 4212//2497 4217//2497 3662//2497
f 3662//2497 4217//2497 4218//2497
f 3662//2497 4218//2497 4208//2497
f 4219//2497 4220//2497 4214//2497
f 4214//2497 4220//2497 4221//2497
f 4214//2497 4221//2497 4215//2497
f 4222//2497 4223//2497 4224//2497
f 4224//2497 4223//2497 4225//2497
f 4224//2497 4225//2497 4226//2497
f 4226//2497 4225//2497 4227//2497
f 4226//2497 4227//2497 4228//2497
f 4228//2497 4227//2497 4229//2497
f 4228//2497 4229//2497 4230//2497
f 4230//2497 4229//2497 3700//2497
f 4230//2497 3700//2497 3695//2497
f 3695//2497 3700//2497 3699//2497
f 3695//2497 3699//2497 3693//2497
f 4231//2497 4232//2497 4233//2497
f 4233//2497 4232//2497 4234//2497
f 4233//2497 4234//2497 4224//2497
f 4224//2497 4234//2497 4235//2497
f 4224//2497 4235//2497 4222//2497
f 4088//2497 4236//2497 4086//2497
f 4086//2497 4236//2497 4237//2497
f 4086//2497 4237//2497 4238//2497
f 4087//2497 4086//2497 4089//2497
f 4089//2497 4086//2497 4238//2497
f 4089//2497 4238//2497 4233//2497
f 4233//2497 4238//2497 4239//2497
f 4233//2497 4239//2497 4231//2497
f 4240//2497 4241//2497 4236//2497
f 4236//2497 4241//2497 4242//2497
f 4236//2497 4242//2497 4237//2497
f 4088//2497 4243//2497 4236//2497
f 4236//2497 4243//2497 4244//2497
f 4236//2497 4244//2497 4240//2497
f 4240//2497 4244//2497 4245//2497
f 4245//2497 4244//2497 4246//2497
f 4246//2497 4244//2497 4247//2497
f 4246//2497 4247//2497 4248//2497
f 4249//2497 4250//2497 3651//2497
f 4249//2497 3651//2497 4251//2497
f 4251//2497 3651//2497 4252//2497
f 4252//2497 3651//2497 3650//2497
f 4252//2497 3650//2497 4253//2497
f 4254//2497 4212//2497 4255//2497
f 4255//2497 4212//2497 3662//2497
f 4255//2497 3662//2497 4256//2497
f 4256//2497 3662//2497 3664//2497
f 4256//2497 3664//2497 4257//2497
f 4257//2497 3664//2497 3665//2497
f 4257//2497 3665//2497 3928//2497
f 3928//2497 3665//2497 3925//2497
f 3928//2497 3925//2497 3926//2497
f 3917//2497 4258//2497 3915//2497
f 3915//2497 4258//2497 4259//2497
f 3915//2497 4259//2497 3928//2497
f 3928//2497 4259//2497 4260//2497
f 3928//2497 4260//2497 4257//2497
f 4261//2497 4262//2497 4263//2497
f 3690//2497 3692//2497 3741//2497
f 3741//2497 3692//2497 3835//2497
f 3741//2497 3835//2497 4264//2497
f 4264//2497 3835//2497 3834//2497
f 4264//2497 3834//2497 4265//2497
f 4266//2497 3655//2497 4267//2497
f 4267//2497 3655//2497 4268//2497
f 4266//2497 4269//2497 3655//2497
f 3655//2497 4269//2497 4270//2497
f 3655//2497 4270//2497 3658//2497
f 3658//2497 4270//2497 4271//2497
f 3658//2497 4271//2497 3656//2497
f 4272//2497 4273//2497 4274//2497
f 4274//2497 4275//2497 4272//2497
f 4272//2497 4275//2497 4276//2497
f 4272//2497 4276//2497 4268//2497
f 4268//2497 4276//2497 4277//2497
f 4268//2497 4277//2497 4267//2497
f 4263//2497 4278//2497 4261//2497
f 4261//2497 4278//2497 4279//2497
f 4261//2497 4279//2497 4280//2497
f 4280//2497 4279//2497 4281//2497
f 4280//2497 4281//2497 4282//2497
f 4282//2497 4281//2497 4283//2497
f 4282//2497 4283//2497 4273//2497
f 4273//2497 4283//2497 4284//2497
f 4273//2497 4284//2497 4274//2497
f 3683//2497 3654//2497 4285//2497
f 3875//2497 4286//2497 4287//2497
f 3653//2497 3655//2497 4288//2497
f 3881//2497 3873//2497 3882//2497
f 3882//2497 3873//2497 3875//2497
f 3882//2497 3875//2497 3658//2497
f 3658//2497 3875//2497 4287//2497
f 4285//2497 4289//2497 3683//2497
f 3683//2497 4289//2497 4290//2497
f 3683//2497 4290//2497 3875//2497
f 3875//2497 4290//2497 4291//2497
f 3875//2497 4291//2497 4286//2497
f 4287//2497 4292//2497 3658//2497
f 3658//2497 4292//2497 4293//2497
f 3658//2497 4293//2497 3655//2497
f 3655//2497 4293//2497 4294//2497
f 3655//2497 4294//2497 4288//2497
f 4025//2497 4026//2497 4023//2497
f 4023//2497 4026//2497 4028//2497
f 4023//2497 4028//2497 4105//2497
f 4105//2497 4028//2497 4295//2497
f 4105//2497 4295//2497 4107//2497
f 4107//2497 4295//2497 4296//2497
f 4297//2497 4298//2497 3671//2497
f 3671//2497 4298//2497 4299//2497
f 3671//2497 4299//2497 3669//2497
f 3669//2497 4299//2497 4300//2497
f 3669//2497 4300//2497 4092//2497
f 4092//2497 4300//2497 4301//2497
f 4092//2497 4301//2497 4094//2497
f 4094//2497 4301//2497 4302//2497
f 4094//2497 4302//2497 4096//2497
f 4096//2497 4302//2497 4303//2497
f 4096//2497 4303//2497 4099//2497
f 4099//2497 4303//2497 4304//2497
f 4099//2497 4304//2497 4014//2497
f 4014//2497 4304//2497 4018//2497
f 4014//2497 4018//2497 4012//2497
f 4012//2497 4018//2497 4020//2497
f 4110//2497 4109//2497 4113//2497
f 4113//2497 4109//2497 4305//2497
f 4113//2497 4305//2497 4114//2497
f 4114//2497 4305//2497 4306//2497
f 4114//2497 4306//2497 4115//2497
f 4016//2497 4307//2497 4017//2497
f 4017//2497 4307//2497 3972//2497
f 4017//2497 3972//2497 4028//2497
f 4028//2497 3972//2497 3971//2497
f 4028//2497 3971//2497 4295//2497
f 4295//2497 3971//2497 4308//2497
f 4295//2497 4308//2497 4296//2497
f 4296//2497 4308//2497 4309//2497
f 4297//2497 4310//2497 4298//2497
f 4298//2497 4310//2497 4311//2497
f 4298//2497 4311//2497 4299//2497
f 4299//2497 4311//2497 4048//2497
f 4299//2497 4048//2497 4300//2497
f 4300//2497 4048//2497 4049//2497
f 4300//2497 4049//2497 4301//2497
f 4301//2497 4049//2497 4064//2497
f 4301//2497 4064//2497 4302//2497
f 4302//2497 4064//2497 4065//2497
f 4302//2497 4065//2497 4303//2497
f 4303//2497 4065//2497 3975//2497
f 4303//2497 3975//2497 4304//2497
f 4304//2497 3975//2497 3976//2497
f 4304//2497 3976//2497 4018//2497
f 4018//2497 3976//2497 3978//2497
f 4018//2497 3978//2497 4016//2497
f 4016//2497 3978//2497 3977//2497
f 4312//2497 4313//2497 4314//2497
f 4306//2497 4315//2497 4316//2497
f 4317//2497 4116//2497 4318//2497
f 4318//2497 4116//2497 4115//2497
f 4318//2497 4115//2497 4312//2497
f 4312//2497 4115//2497 4306//2497
f 4312//2497 4306//2497 4313//2497
f 4313//2497 4306//2497 4316//2497
f 4314//2497 4319//2497 4312//2497
f 4312//2497 4319//2497 4320//2497
f 4312//2497 4320//2497 4321//2497
f 4321//2497 4320//2497 4322//2497
f 4321//2497 4322//2497 4323//2497
f 4324//2497 4325//2497 4309//2497
f 4309//2497 4325//2497 4326//2497
f 4309//2497 4326//2497 4327//2497
f 4108//2497 4107//2497 4109//2497
f 4109//2497 4107//2497 4296//2497
f 4109//2497 4296//2497 4305//2497
f 4305//2497 4296//2497 4309//2497
f 4305//2497 4309//2497 4306//2497
f 4306//2497 4309//2497 4327//2497
f 4306//2497 4327//2497 4315//2497
f 3973//2497 3970//2497 3971//2497
f 3971//2497 3970//2497 3962//2497
f 3971//2497 3962//2497 4308//2497
f 4308//2497 3962//2497 4328//2497
f 4308//2497 4328//2497 4309//2497
f 4309//2497 4328//2497 4321//2497
f 4309//2497 4321//2497 4324//2497
f 4324//2497 4321//2497 4323//2497
f 4310//2497 4329//2497 4311//2497
f 4311//2497 4329//2497 4330//2497
f 4311//2497 4330//2497 4048//2497
f 4048//2497 4330//2497 4052//2497
f 4048//2497 4052//2497 4046//2497
f 4046//2497 4052//2497 4051//2497
f 3964//2497 3965//2497 3962//2497
f 3962//2497 3965//2497 3733//2497
f 3962//2497 3733//2497 4328//2497
f 4328//2497 3733//2497 3735//2497
f 4328//2497 3735//2497 4321//2497
f 4321//2497 3735//2497 3737//2497
f 4321//2497 3737//2497 4312//2497
f 4312//2497 3737//2497 3738//2497
f 4312//2497 3738//2497 4318//2497
f 4318//2497 3738//2497 3727//2497
f 4318//2497 3727//2497 4317//2497
f 4317//2497 3727//2497 4117//2497
f 4329//2497 4331//2497 4330//2497
f 4330//2497 4331//2497 4332//2497
f 4330//2497 4332//2497 4052//2497
f 4052//2497 4332//2497 4333//2497
f 4052//2497 4333//2497 4056//2497
f 4056//2497 4333//2497 4334//2497
f 4056//2497 4334//2497 4055//2497
f 4055//2497 4334//2497 4335//2497
f 4055//2497 4335//2497 4053//2497
f 4053//2497 4335//2497 4336//2497
f 4053//2497 4336//2497 3974//2497
f 3974//2497 4336//2497 4337//2497
f 3974//2497 4337//2497 3949//2497
f 3949//2497 4337//2497 4338//2497
f 3949//2497 4338//2497 3951//2497
f 3951//2497 4338//2497 3955//2497
f 3951//2497 3955//2497 3953//2497
f 3953//2497 3955//2497 3957//2497
f 4331//2497 4090//2497 4332//2497
f 4332//2497 4090//2497 4089//2497
f 4332//2497 4089//2497 4333//2497
f 4333//2497 4089//2497 4233//2497
f 4333//2497 4233//2497 4334//2497
f 4334//2497 4233//2497 4224//2497
f 4334//2497 4224//2497 4335//2497
f 4335//2497 4224//2497 4226//2497
f 4335//2497 4226//2497 4336//2497
f 4336//2497 4226//2497 4228//2497
f 4336//2497 4228//2497 4337//2497
f 4337//2497 4228//2497 4230//2497
f 4337//2497 4230//2497 4338//2497
f 4338//2497 4230//2497 3695//2497
f 4338//2497 3695//2497 3955//2497
f 3955//2497 3695//2497 3694//2497
f 3955//2497 3694//2497 3729//2497
f 3729//2497 3694//2497 3693//2497
f 4339//2497 4340//2497 3898//2497
f 3898//2497 4340//2497 3900//2497
f 3900//2497 4340//2497 4341//2497
f 3900//2497 4341//2497 4342//2497
f 4343//2497 4344//2497 3715//2497
f 3715//2497 4344//2497 4345//2497
f 3715//2497 4345//2497 3717//2497
f 3717//2497 4345//2497 4346//2497
f 3717//2497 4346//2497 4347//2497
f 4347//2497 4348//2497 3717//2497
f 3717//2497 4348//2497 4349//2497
f 3717//2497 4349//2497 3898//2497
f 3898//2497 4349//2497 4350//2497
f 3898//2497 4350//2497 4339//2497
f 3704//2497 4258//2497 3705//2497
f 3705//2497 4258//2497 3917//2497
f 3705//2497 3917//2497 3713//2497
f 3713//2497 3917//2497 3680//2497
f 3713//2497 3680//2497 3715//2497
f 3715//2497 3680//2497 3900//2497
f 3715//2497 3900//2497 4343//2497
f 4343//2497 3900//2497 4342//2497
f 4165//2497 4202//2497 3936//2497
f 3936//2497 4202//2497 4203//2497
f 3936//2497 4203//2497 3909//2497
f 3909//2497 4203//2497 3805//2497
f 3909//2497 3805//2497 3906//2497
f 3906//2497 3805//2497 3800//2497
f 3906//2497 3800//2497 4120//2497
f 4120//2497 3800//2497 3799//2497
f 4254//2497 4351//2497 4212//2497
f 4212//2497 4351//2497 4174//2497
f 4212//2497 4174//2497 4214//2497
f 4214//2497 4174//2497 4176//2497
f 4214//2497 4176//2497 4219//2497
f 3684//2497 3808//2497 3685//2497
f 3685//2497 3808//2497 3810//2497
f 3685//2497 3810//2497 4203//2497
f 4203//2497 3810//2497 3811//2497
f 4203//2497 3811//2497 3805//2497
f 3805//2497 3811//2497 4352//2497
f 3805//2497 4352//2497 3806//2497
f 4174//2497 3893//2497 4172//2497
f 4172//2497 3893//2497 3895//2497
f 4172//2497 3895//2497 4179//2497
f 4179//2497 3895//2497 4353//2497
f 4179//2497 4353//2497 4185//2497
f 4185//2497 4353//2497 4354//2497
f 4185//2497 4354//2497 4355//2497
f 4254//2497 4356//2497 4351//2497
f 4351//2497 4356//2497 4253//2497
f 4351//2497 4253//2497 4174//2497
f 4174//2497 4253//2497 3650//2497
f 4174//2497 3650//2497 3893//2497
f 3893//2497 3650//2497 3652//2497
f 3893//2497 3652//2497 3894//2497
f 3894//2497 3652//2497 3886//2497
f 4355//2497 3888//2497 4185//2497
f 4185//2497 3888//2497 3819//2497
f 4185//2497 3819//2497 4184//2497
f 4184//2497 3819//2497 3817//2497
f 4184//2497 3817//2497 4182//2497
f 4182//2497 3817//2497 3815//2497
f 4182//2497 3815//2497 3686//2497
f 3686//2497 3815//2497 3813//2497
f 3686//2497 3813//2497 3684//2497
f 3684//2497 3813//2497 3812//2497
f 3849//2497 3851//2497 3848//2497
f 3848//2497 3851//2497 3652//2497
f 3848//2497 3652//2497 4357//2497
f 4357//2497 3652//2497 3651//2497
f 4357//2497 3651//2497 3661//2497
f 3661//2497 3651//2497 4250//2497
f 3661//2497 4250//2497 3659//2497
f 3861//2497 3848//2497 3862//2497
f 3862//2497 3848//2497 4357//2497
f 3862//2497 4357//2497 4358//2497
f 4358//2497 4357//2497 3661//2497
f 4358//2497 3661//2497 4247//2497
f 4247//2497 3661//2497 3660//2497
f 4247//2497 3660//2497 4248//2497
f 4243//2497 4359//2497 4244//2497
f 4244//2497 4359//2497 4360//2497
f 4244//2497 4360//2497 4247//2497
f 4247//2497 4360//2497 4361//2497
f 4247//2497 4361//2497 4358//2497
f 4358//2497 4361//2497 3867//2497
f 4358//2497 3867//2497 3862//2497
f 3862//2497 3867//2497 3869//2497
f 3862//2497 3869//2497 3863//2497
f 3657//2497 4265//2497 3658//2497
f 3658//2497 4265//2497 3834//2497
f 3658//2497 3834//2497 3882//2497
f 3882//2497 3834//2497 3836//2497
f 3882//2497 3836//2497 3879//2497
f 3879//2497 3836//2497 4362//2497
f 3879//2497 4362//2497 3830//2497
f 3830//2497 4362//2497 4363//2497
f 3830//2497 4363//2497 3831//2497
f 3750//2497 4263//2497 3751//2497
f 3751//2497 4263//2497 4262//2497
f 3751//2497 4262//2497 3749//2497
f 3749//2497 4262//2497 4033//2497
f 3749//2497 4033//2497 3688//2497
f 3688//2497 4033//2497 4034//2497
f 3688//2497 4034//2497 3689//2497
f 3689//2497 4034//2497 4039//2497
f 4272//2497 4364//2497 4273//2497
f 4273//2497 4364//2497 4365//2497
f 4273//2497 4365//2497 4282//2497
f 4282//2497 4365//2497 4366//2497
f 4282//2497 4366//2497 4280//2497
f 4280//2497 4366//2497 4367//2497
f 4280//2497 4367//2497 4261//2497
f 4261//2497 4367//2497 4368//2497
f 4261//2497 4368//2497 4262//2497
f 4262//2497 4368//2497 4369//2497
f 4262//2497 4369//2497 4033//2497
f 4033//2497 4369//2497 4035//2497
f 4033//2497 4035//2497 4031//2497
f 4031//2497 4035//2497 4036//2497
f 4364//2497 4083//2497 4365//2497
f 4365//2497 4083//2497 4077//2497
f 4365//2497 4077//2497 4366//2497
f 4366//2497 4077//2497 4079//2497
f 4366//2497 4079//2497 4367//2497
f 4367//2497 4079//2497 4080//2497
f 4367//2497 4080//2497 4368//2497
f 4368//2497 4080//2497 3979//2497
f 4368//2497 3979//2497 4369//2497
f 4369//2497 3979//2497 4009//2497
f 4369//2497 4009//2497 4035//2497
f 4035//2497 4009//2497 4011//2497
f 4035//2497 4011//2497 4006//2497
f 4006//2497 4011//2497 4010//2497
f 4129//2497 4127//2497 4132//2497
f 4132//2497 4127//2497 4125//2497
f 4132//2497 4125//2497 4370//2497
f 4370//2497 4125//2497 4123//2497
f 4370//2497 4123//2497 4371//2497
f 4371//2497 4123//2497 4121//2497
f 4371//2497 4121//2497 4372//2497
f 4372//2497 4121//2497 3759//2497
f 4372//2497 3759//2497 4373//2497
f 4373//2497 3759//2497 3761//2497
f 4373//2497 3761//2497 3752//2497
f 4374//2497 4375//2497 4376//2497
f 4377//2497 4132//2497 4378//2497
f 4378//2497 4132//2497 4370//2497
f 4378//2497 4370//2497 4379//2497
f 4379//2497 4370//2497 4380//2497
f 4377//2497 4381//2497 4132//2497
f 4132//2497 4381//2497 4382//2497
f 4132//2497 4382//2497 4134//2497
f 4134//2497 4382//2497 4383//2497
f 3752//2497 3754//2497 4373//2497
f 4373//2497 3754//2497 4384//2497
f 4373//2497 4384//2497 4372//2497
f 4372//2497 4384//2497 4385//2497
f 4372//2497 4385//2497 4371//2497
f 4371//2497 4385//2497 4376//2497
f 4371//2497 4376//2497 4370//2497
f 4370//2497 4376//2497 4375//2497
f 4370//2497 4375//2497 4380//2497
f 4383//2497 4386//2497 4134//2497
f 4134//2497 4386//2497 4387//2497
f 4134//2497 4387//2497 4376//2497
f 4376//2497 4387//2497 4388//2497
f 4376//2497 4388//2497 4374//2497
f 4135//2497 4134//2497 4136//2497
f 4136//2497 4134//2497 4376//2497
f 4136//2497 4376//2497 4389//2497
f 4389//2497 4376//2497 4385//2497
f 4389//2497 4385//2497 4390//2497
f 4390//2497 4385//2497 4384//2497
f 4390//2497 4384//2497 4391//2497
f 4391//2497 4384//2497 3754//2497
f 4391//2497 3754//2497 4392//2497
f 4392//2497 3754//2497 3756//2497
f 4392//2497 3756//2497 4393//2497
f 4137//2497 4136//2497 3677//2497
f 3677//2497 4136//2497 4389//2497
f 3677//2497 4389//2497 4004//2497
f 4004//2497 4389//2497 4390//2497
f 4004//2497 4390//2497 4043//2497
f 4043//2497 4390//2497 4391//2497
f 4043//2497 4391//2497 4039//2497
f 4039//2497 4391//2497 4392//2497
f 4039//2497 4392//2497 3689//2497
f 3689//2497 4392//2497 4393//2497
f 3689//2497 4393//2497 3687//2497
f 3682//2497 3870//2497 3683//2497
f 3683//2497 3870//2497 3872//2497
f 3683//2497 3872//2497 3654//2497
f 3654//2497 3872//2497 4153//2497
f 3654//2497 4153//2497 3655//2497
f 3655//2497 4153//2497 4151//2497
f 3655//2497 4151//2497 4268//2497
f 4268//2497 4151//2497 4149//2497
f 4268//2497 4149//2497 4272//2497
f 4272//2497 4149//2497 4147//2497
f 4272//2497 4147//2497 4364//2497
f 4364//2497 4147//2497 4145//2497
f 4364//2497 4145//2497 4083//2497
f 4083//2497 4145//2497 3668//2497
f 4083//2497 3668//2497 4071//2497
f 4071//2497 3668//2497 3667//2497
f 4071//2497 3667//2497 4070//2497
f 4070//2497 3667//2497 4394//2497
f 4070//2497 4394//2497 4143//2497
f 4395//2498 4396//2498 4397//2498
f 4397//2499 4396//2499 4398//2499
f 4397//2499 4398//2499 4399//2499
f 4399//2500 4398//2500 4400//2500
f 4399//2500 4400//2500 4401//2500
f 4401//2501 4400//2501 4402//2501
f 4401//2501 4402//2501 4403//2501
f 4403//2502 4402//2502 4404//2502
f 4403//2502 4404//2502 4405//2502
f 4405//2503 4404//2503 4406//2503
f 4405//2503 4406//2503 4407//2503
f 4407//2504 4406//2504 4408//2504
f 4407//2504 4408//2504 4409//2504
f 4409//2505 4408//2505 4410//2505
f 4409//2505 4410//2505 4411//2505
f 4411//2506 4410//2506 4412//2506
f 4411//2506 4412//2506 4413//2506
f 4413//2507 4412//2507 4414//2507
f 4413//2507 4414//2507 4415//2507
f 4415//2508 4414//2508 4416//2508
f 4415//2508 4416//2508 4417//2508
f 4417//2509 4416//2509 4418//2509
f 4417//2509 4418//2509 4395//2509
f 4395//2498 4418//2498 4396//2498
f 4419//2510 4420//2510 4421//2510
f 4421//2511 4420//2511 4422//2511
f 4421//2511 4422//2511 4423//2511
f 4423//2512 4422//2512 4424//2512
f 4423//2512 4424//2512 4425//2512
f 4425//2513 4424//2513 4426//2513
f 4425//2513 4426//2513 4427//2513
f 4427//2514 4426//2514 4428//2514
f 4427//2514 4428//2514 4429//2514
f 4429//2515 4428//2515 4430//2515
f 4429//2515 4430//2515 4431//2515
f 4431//2516 4430//2516 4432//2516
f 4431//2516 4432//2516 4433//2516
f 4433//2517 4432//2517 4434//2517
f 4433//2517 4434//2517 4435//2517
f 4435//2518 4434//2518 4436//2518
f 4435//2518 4436//2518 4437//2518
f 4437//2519 4436//2519 4438//2519
f 4437//2519 4438//2519 4439//2519
f 4439//2520 4438//2520 4440//2520
f 4439//2520 4440//2520 4441//2520
f 4441//2521 4440//2521 4442//2521
f 4441//2521 4442//2521 4419//2521
f 4419//2510 4442//2510 4420//2510
f 4443//2496 4444//2496 4445//2496
f 4445//2496 4444//2496 4446//2496
f 4445//2496 4446//2496 4447//2496
f 4448//2496 4449//2496 4450//2496
f 4451//2496 4452//2496 4453//2496
f 4453//2496 4452//2496 4454//2496
f 4453//2496 4454//2496 4455//2496
f 4455//2496 4454//2496 4456//2496
f 4455//2496 4456//2496 4457//2496
f 4446//2496 4458//2496 4447//2496
f 4447//2496 4458//2496 4459//2496
f 4447//2496 4459//2496 4460//2496
f 4460//2496 4459//2496 4461//2496
f 4460//2496 4461//2496 4462//2496
f 4448//2496 4450//2496 4463//2496
f 4464//2496 4465//2496 4466//2496
f 4466//2496 4465//2496 4467//2496
f 4467//2496 4465//2496 4468//2496
f 4467//2496 4468//2496 4469//2496
f 4469//2496 4468//2496 4470//2496
f 4469//2496 4470//2496 4471//2496
f 4471//2496 4470//2496 4472//2496
f 4471//2496 4472//2496 4451//2496
f 4451//2496 4472//2496 4473//2496
f 4451//2496 4473//2496 4452//2496
f 4456//2496 4474//2496 4457//2496
f 4457//2496 4474//2496 4475//2496
f 4457//2496 4475//2496 4443//2496
f 4443//2496 4475//2496 4476//2496
f 4443//2496 4476//2496 4444//2496
f 4444//2496 4476//2496 4464//2496
f 4444//2496 4464//2496 4477//2496
f 4477//2496 4464//2496 4466//2496
f 4477//2496 4466//2496 4478//2496
f 4478//2496 4466//2496 4479//2496
f 4478//2496 4479//2496 4480//2496
f 4480//2496 4479//2496 4481//2496
f 4480//2496 4481//2496 4449//2496
f 4449//2496 4481//2496 4482//2496
f 4449//2496 4482//2496 4450//2496
f 4483//2496 4484//2496 4460//2496
f 4485//2496 4486//2496 4487//2496
f 4487//2496 4486//2496 4488//2496
f 4489//2496 4490//2496 4491//2496
f 4491//2496 4490//2496 4492//2496
f 4491//2496 4492//2496 4493//2496
f 4493//2496 4492//2496 4494//2496
f 4493//2496 4494//2496 4484//2496
f 4484//2496 4494//2496 4495//2496
f 4484//2496 4495//2496 4460//2496
f 4496//2496 4497//2496 4498//2496
f 4498//2496 4497//2496 4490//2496
f 4498//2496 4490//2496 4499//2496
f 4499//2496 4490//2496 4489//2496
f 4462//2496 4463//2496 4460//2496
f 4460//2496 4463//2496 4450//2496
f 4460//2496 4450//2496 4483//2496
f 4483//2496 4450//2496 4500//2496
f 4483//2496 4500//2496 4501//2496
f 4501//2496 4500//2496 4502//2496
f 4501//2496 4502//2496 4488//2496
f 4488//2496 4502//2496 4503//2496
f 4488//2496 4503//2496 4487//2496
f 4496//2496 4485//2496 4497//2496
f 4497//2496 4485//2496 4487//2496
f 4497//2496 4487//2496 4504//2496
f 4504//2496 4487//2496 4505//2496
f 4504//2496 4505//2496 4506//2496
f 4507//2496 4506//2496 4508//2496
f 4508//2496 4506//2496 4505//2496
f 4508//2496 4505//2496 4509//2496
f 4509//2496 4505//2496 4510//2496
f 4509//2496 4510//2496 4511//2496
f 4511//2496 4510//2496 4512//2496
f 4511//2496 4512//2496 4513//2496
f 4507//2496 4514//2496 4506//2496
f 4506//2496 4514//2496 4515//2496
f 4506//2496 4515//2496 4516//2496
f 4512//2496 4517//2496 4513//2496
f 4513//2496 4517//2496 4471//2496
f 4513//2496 4471//2496 4518//2496
f 4518//2496 4471//2496 4451//2496
f 4518//2496 4451//2496 4519//2496
f 4519//2496 4451//2496 4520//2496
f 4519//2496 4520//2496 4521//2496
f 4521//2496 4520//2496 4522//2496
f 4521//2496 4522//2496 4523//2496
f 4523//2496 4522//2496 4516//2496
f 4523//2496 4516//2496 4524//2496
f 4524//2496 4516//2496 4515//2496
f 4525//2496 4526//2496 4527//2496
f 4528//2496 4529//2496 4530//2496
f 4531//2496 4532//2496 4533//2496
f 4528//2496 4530//2496 4534//2496
f 4533//2496 4535//2496 4531//2496
f 4531//2496 4535//2496 4536//2496
f 4531//2496 4536//2496 4537//2496
f 4537//2496 4536//2496 4538//2496
f 4537//2496 4538//2496 4529//2496
f 4529//2496 4538//2496 4539//2496
f 4529//2496 4539//2496 4530//2496
f 4540//2496 4541//2496 4542//2496
f 4542//2496 4541//2496 4543//2496
f 4542//2496 4543//2496 4544//2496
f 4544//2496 4543//2496 4545//2496
f 4544//2496 4545//2496 4532//2496
f 4532//2496 4545//2496 4546//2496
f 4532//2496 4546//2496 4533//2496
f 4540//2496 4547//2496 4541//2496
f 4541//2496 4547//2496 4548//2496
f 4541//2496 4548//2496 4549//2496
f 4549//2496 4548//2496 4550//2496
f 4550//2496 4534//2496 4549//2496
f 4549//2496 4534//2496 4530//2496
f 4549//2496 4530//2496 4551//2496
f 4551//2496 4530//2496 4552//2496
f 4551//2496 4552//2496 4553//2496
f 4554//2496 4553//2496 4555//2496
f 4555//2496 4553//2496 4552//2496
f 4555//2496 4552//2496 4556//2496
f 4556//2496 4552//2496 4557//2496
f 4556//2496 4557//2496 4558//2496
f 4558//2496 4557//2496 4559//2496
f 4558//2496 4559//2496 4560//2496
f 4554//2496 4561//2496 4553//2496
f 4553//2496 4561//2496 4562//2496
f 4553//2496 4562//2496 4563//2496
f 4559//2496 4564//2496 4560//2496
f 4560//2496 4564//2496 4565//2496
f 4560//2496 4565//2496 4566//2496
f 4566//2496 4565//2496 4567//2496
f 4566//2496 4567//2496 4568//2496
f 4568//2496 4567//2496 4569//2496
f 4568//2496 4569//2496 4570//2496
f 4570//2496 4569//2496 4571//2496
f 4570//2496 4571//2496 4572//2496
f 4572//2496 4571//2496 4563//2496
f 4572//2496 4563//2496 4573//2496
f 4573//2496 4563//2496 4562//2496
f 4574//2496 4575//2496 4576//2496
f 4527//2496 4526//2496 4577//2496
f 4576//2496 4575//2496 4578//2496
f 4578//2496 4575//2496 4579//2496
f 4578//2496 4579//2496 4580//2496
f 4581//2496 4533//2496 4582//2496
f 4582//2496 4533//2496 4580//2496
f 4582//2496 4580//2496 4583//2496
f 4583//2496 4580//2496 4579//2496
f 4584//2496 4585//2496 4586//2496
f 4586//2496 4585//2496 4587//2496
f 4586//2496 4587//2496 4588//2496
f 4588//2496 4587//2496 4574//2496
f 4588//2496 4574//2496 4589//2496
f 4589//2496 4574//2496 4576//2496
f 4589//2496 4576//2496 4590//2496
f 4590//2496 4576//2496 4577//2496
f 4590//2496 4577//2496 4591//2496
f 4591//2496 4577//2496 4526//2496
f 4586//2496 4592//2496 4584//2496
f 4584//2496 4592//2496 4593//2496
f 4584//2496 4593//2496 4594//2496
f 4525//2496 4527//2496 4595//2496
f 4595//2496 4527//2496 4567//2496
f 4595//2496 4567//2496 4596//2496
f 4581//2496 4597//2496 4533//2496
f 4533//2496 4597//2496 4598//2496
f 4533//2496 4598//2496 4535//2496
f 4535//2496 4598//2496 4594//2496
f 4535//2496 4594//2496 4599//2496
f 4599//2496 4594//2496 4593//2496
f 4596//2496 4567//2496 4600//2496
f 4600//2496 4567//2496 4565//2496
f 4600//2496 4565//2496 4601//2496
f 4601//2496 4565//2496 4602//2496
f 4601//2496 4602//2496 4603//2496
f 4603//2496 4602//2496 4604//2496
f 4603//2496 4604//2496 4586//2496
f 4586//2496 4604//2496 4605//2496
f 4586//2496 4605//2496 4592//2496
f 4243//2522 3637//2522 4359//2522
f 4359//2522 3637//2522 3636//2522
f 4359//2522 3636//2522 4360//2522
f 4360//2522 3636//2522 3635//2522
f 4360//2522 3635//2522 4361//2522
f 4361//2522 3635//2522 3634//2522
f 4361//2522 3634//2522 3867//2522
f 3867//2522 3634//2522 3543//2522
f 3867//2522 3543//2522 3866//2522
f 3866//2522 3543//2522 3545//2522
f 3866//2522 3545//2522 4155//2522
f 4155//2522 3545//2522 3623//2522
f 4155//2522 3623//2522 3423//2522
f 3630//2523 4118//2523 3628//2523
f 3628//2523 4118//2523 4120//2523
f 3628//2523 4120//2523 3592//2523
f 3592//2523 4120//2523 3799//2523
f 3592//2523 3799//2523 3594//2523
f 3594//2523 3799//2523 3794//2523
f 3594//2523 3794//2523 3596//2523
f 3596//2523 3794//2523 3796//2523
f 3596//2523 3796//2523 3590//2523
f 3590//2523 3796//2523 3763//2523
f 3590//2523 3763//2523 3589//2523
f 3589//2523 3763//2523 3762//2523
f 3589//2523 3762//2523 3362//2523
f 4606//2496 4607//2496 4608//2496
f 4608//2496 4607//2496 4609//2496
f 4608//2496 4609//2496 4610//2496
f 4610//2496 4609//2496 4611//2496
f 4610//2496 4611//2496 4612//2496
f 4612//2496 4611//2496 4613//2496
f 4612//2496 4613//2496 4614//2496
f 4614//2496 4613//2496 4615//2496
f 4614//2496 4615//2496 4616//2496
f 4616//2496 4615//2496 4617//2496
f 4616//2496 4617//2496 4618//2496
f 4618//2496 4617//2496 4619//2496
f 4618//2496 4619//2496 4620//2496
f 4620//2496 4619//2496 4621//2496
f 4620//2496 4621//2496 4622//2496
f 4622//2496 4621//2496 4623//2496
f 4622//2496 4623//2496 4624//2496
f 4624//2496 4623//2496 4625//2496
f 4624//2496 4625//2496 4626//2496
f 4626//2496 4625//2496 4627//2496
f 4626//2496 4627//2496 4628//2496
f 4628//2496 4627//2496 4629//2496
f 4628//2496 4629//2496 4630//2496
f 4630//2496 4629//2496 4631//2496
f 4630//2496 4631//2496 4632//2496
f 4632//2496 4631//2496 4633//2496
f 4632//2496 4633//2496 4634//2496
f 4634//2496 4633//2496 4635//2496
f 4634//2496 4635//2496 4636//2496
f 4636//2496 4635//2496 4637//2496
f 4636//2496 4637//2496 4638//2496
f 4638//2496 4637//2496 4639//2496
f 4638//2496 4639//2496 4640//2496
f 4640//2496 4639//2496 4641//2496
f 4640//2496 4641//2496 4606//2496
f 4606//2496 4641//2496 4607//2496
f 4609//2524 4642//2524 4611//2524
f 4611//2524 4642//2524 4643//2524
f 4611//2525 4643//2525 4613//2525
f 4613//2525 4643//2525 4644//2525
f 4613//2526 4644//2526 4615//2526
f 4615//2526 4644//2526 4645//2526
f 4615//2527 4645//2527 4617//2527
f 4617//2527 4645//2527 4646//2527
f 4617//2528 4646//2528 4619//2528
f 4619//2528 4646//2528 4647//2528
f 4619//2529 4647//2529 4621//2529
f 4621//2529 4647//2529 4648//2529
f 4621//2530 4648//2530 4623//2530
f 4623//2530 4648//2530 4649//2530
f 4623//2531 4649//2531 4625//2531
f 4625//2531 4649//2531 4650//2531
f 4625//2532 4650//2532 4627//2532
f 4627//2532 4650//2532 4651//2532
f 4627//2533 4651//2533 4629//2533
f 4629//2533 4651//2533 4652//2533
f 4629//2534 4652//2534 4631//2534
f 4631//2534 4652//2534 4653//2534
f 4631//2535 4653//2535 4633//2535
f 4633//2535 4653//2535 4654//2535
f 4633//2536 4654//2536 4635//2536
f 4635//2536 4654//2536 4655//2536
f 4635//2537 4655//2537 4637//2537
f 4637//2537 4655//2537 4656//2537
f 4637//2538 4656//2538 4639//2538
f 4639//2538 4656//2538 4657//2538
f 4639//2539 4657//2539 4641//2539
f 4641//2539 4657//2539 4658//2539
f 4641//2540 4658//2540 4607//2540
f 4607//2540 4658//2540 4659//2540
f 4607//2541 4659//2541 4609//2541
f 4609//2541 4659//2541 4642//2541
f 4660//2496 4661//2496 4662//2496
f 4662//2496 4661//2496 4663//2496
f 4662//2496 4663//2496 4664//2496
f 4664//2496 4663//2496 4665//2496
f 4664//2496 4665//2496 4666//2496
f 4666//2496 4665//2496 4667//2496
f 4666//2496 4667//2496 4668//2496
f 4668//2496 4667//2496 4669//2496
f 4668//2496 4669//2496 4670//2496
f 4670//2496 4669//2496 4671//2496
f 4670//2496 4671//2496 4672//2496
f 4672//2496 4671//2496 4673//2496
f 4672//2496 4673//2496 4674//2496
f 4674//2496 4673//2496 4675//2496
f 4674//2496 4675//2496 4676//2496
f 4676//2496 4675//2496 4677//2496
f 4676//2496 4677//2496 4678//2496
f 4678//2496 4677//2496 4679//2496
f 4678//2496 4679//2496 4680//2496
f 4680//2496 4679//2496 4681//2496
f 4680//2496 4681//2496 4682//2496
f 4682//2496 4681//2496 4683//2496
f 4682//2496 4683//2496 4684//2496
f 4684//2496 4683//2496 4685//2496
f 4684//2496 4685//2496 4686//2496
f 4686//2496 4685//2496 4687//2496
f 4686//2496 4687//2496 4688//2496
f 4688//2496 4687//2496 4689//2496
f 4688//2496 4689//2496 4690//2496
f 4690//2496 4689//2496 4691//2496
f 4690//2496 4691//2496 4692//2496
f 4692//2496 4691//2496 4693//2496
f 4692//2496 4693//2496 4694//2496
f 4694//2496 4693//2496 4695//2496
f 4694//2496 4695//2496 4660//2496
f 4660//2496 4695//2496 4661//2496
f 4695//2542 4696//2542 4661//2542
f 4661//2542 4696//2542 4697//2542
f 4661//2543 4697//2543 4663//2543
f 4663//2543 4697//2543 4698//2543
f 4663//2544 4698//2544 4665//2544
f 4665//2544 4698//2544 4699//2544
f 4665//2545 4699//2545 4667//2545
f 4667//2545 4699//2545 4700//2545
f 4667//2528 4700//2528 4669//2528
f 4669//2528 4700//2528 4701//2528
f 4669//2546 4701//2546 4671//2546
f 4671//2546 4701//2546 4702//2546
f 4671//2547 4702//2547 4673//2547
f 4673//2547 4702//2547 4703//2547
f 4673//2548 4703//2548 4675//2548
f 4675//2548 4703//2548 4704//2548
f 4675//2549 4704//2549 4677//2549
f 4677//2549 4704//2549 4705//2549
f 4677//2550 4705//2550 4679//2550
f 4679//2550 4705//2550 4706//2550
f 4679//2551 4706//2551 4681//2551
f 4681//2551 4706//2551 4707//2551
f 4681//2552 4707//2552 4683//2552
f 4683//2552 4707//2552 4708//2552
f 4683//2553 4708//2553 4685//2553
f 4685//2553 4708//2553 4709//2553
f 4685//2537 4709//2537 4687//2537
f 4687//2537 4709//2537 4710//2537
f 4687//2554 4710//2554 4689//2554
f 4689//2554 4710//2554 4711//2554
f 4689//2555 4711//2555 4691//2555
f 4691//2555 4711//2555 4712//2555
f 4691//2556 4712//2556 4693//2556
f 4693//2556 4712//2556 4713//2556
f 4693//2557 4713//2557 4695//2557
f 4695//2557 4713//2557 4696//2557
f 4714//2558 4694//2558 4715//2558
f 4715//2558 4694//2558 4660//2558
f 4715//2559 4660//2559 4716//2559
f 4716//2559 4660//2559 4662//2559
f 4716//2560 4662//2560 4717//2560
f 4717//2560 4662//2560 4664//2560
f 4717//2561 4664//2561 4718//2561
f 4718//2561 4664//2561 4666//2561
f 4718//2528 4666//2528 4719//2528
f 4719//2528 4666//2528 4668//2528
f 4719//2562 4668//2562 4720//2562
f 4720//2562 4668//2562 4670//2562
f 4720//2563 4670//2563 4721//2563
f 4721//2563 4670//2563 4672//2563
f 4721//2564 4672//2564 4722//2564
f 4722//2564 4672//2564 4674//2564
f 4722//2565 4674//2565 4723//2565
f 4723//2565 4674//2565 4676//2565
f 4723//2566 4676//2566 4724//2566
f 4724//2566 4676//2566 4678//2566
f 4724//2567 4678//2567 4725//2567
f 4725//2567 4678//2567 4680//2567
f 4725//2568 4680//2568 4726//2568
f 4726//2568 4680//2568 4682//2568
f 4726//2569 4682//2569 4727//2569
f 4727//2569 4682//2569 4684//2569
f 4727//2537 4684//2537 4728//2537
f 4728//2537 4684//2537 4686//2537
f 4728//2570 4686//2570 4729//2570
f 4729//2570 4686//2570 4688//2570
f 4729//2571 4688//2571 4730//2571
f 4730//2571 4688//2571 4690//2571
f 4730//2572 4690//2572 4731//2572
f 4731//2572 4690//2572 4692//2572
f 4731//2573 4692//2573 4714//2573
f 4714//2573 4692//2573 4694//2573
f 4732//2496 4724//2496 4733//2496
f 4733//2496 4724//2496 4725//2496
f 4733//2496 4725//2496 4734//2496
f 4734//2496 4725//2496 4726//2496
f 4734//2496 4726//2496 4735//2496
f 4735//2496 4726//2496 4727//2496
f 4735//2496 4727//2496 4736//2496
f 4736//2496 4727//2496 4728//2496
f 4736//2496 4728//2496 4737//2496
f 4738//2496 4718//2496 4739//2496
f 4739//2496 4718//2496 4719//2496
f 4739//2496 4719//2496 4740//2496
f 4740//2496 4719//2496 4720//2496
f 4740//2496 4720//2496 4741//2496
f 4741//2496 4720//2496 4721//2496
f 4741//2496 4721//2496 4742//2496
f 4742//2496 4721//2496 4722//2496
f 4742//2496 4722//2496 4732//2496
f 4732//2496 4722//2496 4723//2496
f 4732//2496 4723//2496 4724//2496
f 4728//2496 4729//2496 4737//2496
f 4737//2496 4729//2496 4730//2496
f 4737//2496 4730//2496 4743//2496
f 4743//2496 4730//2496 4731//2496
f 4743//2496 4731//2496 4744//2496
f 4744//2496 4731//2496 4714//2496
f 4744//2496 4714//2496 4745//2496
f 4745//2496 4714//2496 4715//2496
f 4745//2496 4715//2496 4746//2496
f 4746//2496 4715//2496 4716//2496
f 4746//2496 4716//2496 4738//2496
f 4738//2496 4716//2496 4717//2496
f 4738//2496 4717//2496 4718//2496
f 4569//2574 4567//2574 4732//2574
f 4580//2575 4740//2575 4578//2575
f 4578//2576 4740//2576 4741//2576
f 4578//2576 4741//2576 4576//2576
f 4576//2577 4741//2577 4742//2577
f 4576//2577 4742//2577 4577//2577
f 4577//2522 4742//2522 4732//2522
f 4577//2522 4732//2522 4527//2522
f 4527//2578 4732//2578 4567//2578
f 4533//2579 4738//2579 4580//2579
f 4580//2580 4738//2580 4739//2580
f 4580//2575 4739//2575 4740//2575
f 4732//2581 4733//2581 4569//2581
f 4569//2582 4733//2582 4734//2582
f 4569//2582 4734//2582 4571//2582
f 4571//2583 4734//2583 4735//2583
f 4571//2583 4735//2583 4563//2583
f 4563//2584 4735//2584 4736//2584
f 4563//2584 4736//2584 4553//2584
f 4553//2585 4736//2585 4737//2585
f 4553//2585 4737//2585 4551//2585
f 4551//2586 4737//2586 4743//2586
f 4551//2586 4743//2586 4549//2586
f 4549//2587 4743//2587 4744//2587
f 4549//2587 4744//2587 4541//2587
f 4541//2588 4744//2588 4745//2588
f 4541//2588 4745//2588 4543//2588
f 4543//2589 4745//2589 4746//2589
f 4543//2589 4746//2589 4545//2589
f 4545//2590 4746//2590 4738//2590
f 4545//2590 4738//2590 4546//2590
f 4546//2591 4738//2591 4533//2591
f 4747//2558 4608//2558 4748//2558
f 4748//2558 4608//2558 4610//2558
f 4748//2592 4610//2592 4749//2592
f 4749//2592 4610//2592 4612//2592
f 4749//2593 4612//2593 4750//2593
f 4750//2593 4612//2593 4614//2593
f 4750//2594 4614//2594 4751//2594
f 4751//2594 4614//2594 4616//2594
f 4751//2528 4616//2528 4752//2528
f 4752//2528 4616//2528 4618//2528
f 4752//2595 4618//2595 4753//2595
f 4753//2595 4618//2595 4620//2595
f 4753//2596 4620//2596 4754//2596
f 4754//2596 4620//2596 4622//2596
f 4754//2597 4622//2597 4755//2597
f 4755//2597 4622//2597 4624//2597
f 4755//2565 4624//2565 4756//2565
f 4756//2565 4624//2565 4626//2565
f 4756//2566 4626//2566 4757//2566
f 4757//2566 4626//2566 4628//2566
f 4757//2598 4628//2598 4758//2598
f 4758//2598 4628//2598 4630//2598
f 4758//2599 4630//2599 4759//2599
f 4759//2599 4630//2599 4632//2599
f 4759//2600 4632//2600 4760//2600
f 4760//2600 4632//2600 4634//2600
f 4760//2537 4634//2537 4761//2537
f 4761//2537 4634//2537 4636//2537
f 4761//2601 4636//2601 4762//2601
f 4762//2601 4636//2601 4638//2601
f 4762//2602 4638//2602 4763//2602
f 4763//2602 4638//2602 4640//2602
f 4763//2603 4640//2603 4764//2603
f 4764//2603 4640//2603 4606//2603
f 4764//2573 4606//2573 4747//2573
f 4747//2573 4606//2573 4608//2573
f 4765//2496 4750//2496 4766//2496
f 4766//2496 4750//2496 4751//2496
f 4766//2496 4751//2496 4767//2496
f 4767//2496 4751//2496 4752//2496
f 4767//2496 4752//2496 4768//2496
f 4768//2496 4752//2496 4753//2496
f 4768//2496 4753//2496 4769//2496
f 4769//2496 4753//2496 4754//2496
f 4769//2496 4754//2496 4770//2496
f 4770//2496 4754//2496 4755//2496
f 4770//2496 4755//2496 4771//2496
f 4771//2496 4755//2496 4756//2496
f 4771//2496 4756//2496 4772//2496
f 4772//2496 4756//2496 4757//2496
f 4772//2496 4757//2496 4773//2496
f 4773//2496 4757//2496 4758//2496
f 4773//2496 4758//2496 4774//2496
f 4774//2496 4758//2496 4759//2496
f 4774//2496 4759//2496 4775//2496
f 4775//2496 4759//2496 4760//2496
f 4775//2496 4760//2496 4776//2496
f 4760//2496 4761//2496 4776//2496
f 4776//2496 4761//2496 4762//2496
f 4776//2496 4762//2496 4777//2496
f 4777//2496 4762//2496 4763//2496
f 4777//2496 4763//2496 4778//2496
f 4778//2496 4763//2496 4764//2496
f 4778//2496 4764//2496 4779//2496
f 4779//2496 4764//2496 4747//2496
f 4779//2496 4747//2496 4780//2496
f 4780//2496 4747//2496 4748//2496
f 4780//2496 4748//2496 4765//2496
f 4765//2496 4748//2496 4749//2496
f 4765//2496 4749//2496 4750//2496
f 4520//2604 4451//2604 4772//2604
f 4772//2605 4451//2605 4453//2605
f 4772//2606 4453//2606 4771//2606
f 4771//2606 4453//2606 4455//2606
f 4771//2607 4455//2607 4770//2607
f 4447//2608 4768//2608 4445//2608
f 4445//2609 4768//2609 4769//2609
f 4445//2609 4769//2609 4443//2609
f 4443//2610 4769//2610 4770//2610
f 4443//2610 4770//2610 4457//2610
f 4457//2607 4770//2607 4455//2607
f 4460//2611 4766//2611 4447//2611
f 4447//2612 4766//2612 4767//2612
f 4447//2608 4767//2608 4768//2608
f 4772//2613 4773//2613 4520//2613
f 4520//2614 4773//2614 4774//2614
f 4520//2614 4774//2614 4522//2614
f 4522//2615 4774//2615 4775//2615
f 4522//2615 4775//2615 4516//2615
f 4516//2616 4775//2616 4776//2616
f 4516//2616 4776//2616 4506//2616
f 4506//2617 4776//2617 4777//2617
f 4506//2617 4777//2617 4504//2617
f 4504//2618 4777//2618 4778//2618
f 4504//2618 4778//2618 4497//2618
f 4497//2619 4778//2619 4779//2619
f 4497//2619 4779//2619 4490//2619
f 4490//2620 4779//2620 4780//2620
f 4490//2620 4780//2620 4492//2620
f 4492//2621 4780//2621 4765//2621
f 4492//2621 4765//2621 4494//2621
f 4494//2622 4765//2622 4766//2622
f 4494//2622 4766//2622 4495//2622
f 4495//2623 4766//2623 4460//2623
f 4781//2496 4782//2496 4696//2496
f 4696//2496 4782//2496 4783//2496
f 4696//2496 4783//2496 4697//2496
f 4697//2496 4783//2496 4784//2496
f 4697//2496 4784//2496 4698//2496
f 4698//2496 4784//2496 4785//2496
f 4698//2496 4785//2496 4699//2496
f 4699//2496 4785//2496 4786//2496
f 4699//2496 4786//2496 4700//2496
f 4700//2496 4786//2496 4787//2496
f 4700//2496 4787//2496 4701//2496
f 4701//2496 4787//2496 4788//2496
f 4701//2496 4788//2496 4702//2496
f 4702//2496 4788//2496 4789//2496
f 4702//2496 4789//2496 4703//2496
f 4703//2496 4789//2496 4790//2496
f 4703//2496 4790//2496 4704//2496
f 4704//2496 4790//2496 4791//2496
f 4704//2496 4791//2496 4705//2496
f 4705//2496 4791//2496 4792//2496
f 4705//2496 4792//2496 4706//2496
f 4706//2496 4792//2496 4793//2496
f 4706//2496 4793//2496 4707//2496
f 4707//2496 4793//2496 4794//2496
f 4707//2496 4794//2496 4708//2496
f 4708//2496 4794//2496 4795//2496
f 4708//2496 4795//2496 4709//2496
f 4709//2496 4795//2496 4796//2496
f 4709//2496 4796//2496 4710//2496
f 4710//2496 4796//2496 4797//2496
f 4710//2496 4797//2496 4711//2496
f 4711//2496 4797//2496 4798//2496
f 4711//2496 4798//2496 4712//2496
f 4712//2496 4798//2496 4799//2496
f 4712//2496 4799//2496 4713//2496
f 4713//2496 4799//2496 4800//2496
f 4713//2496 4800//2496 4696//2496
f 4696//2496 4800//2496 4781//2496
f 3437//2624 4310//2624 4297//2624
f 3436//2625 3437//2625 4793//2625
f 4793//2626 4792//2626 3436//2626
f 3436//2627 4792//2627 4791//2627
f 3436//2628 4791//2628 3434//2628
f 3434//2629 4791//2629 4790//2629
f 3434//2629 4790//2629 3433//2629
f 3433//2630 4790//2630 4789//2630
f 3433//2630 4789//2630 3303//2630
f 3303//2631 4789//2631 4788//2631
f 3303//2631 4788//2631 3304//2631
f 3304//2632 4788//2632 4787//2632
f 3304//2632 4787//2632 3305//2632
f 3305//2633 4787//2633 4786//2633
f 3305//2633 4786//2633 3316//2633
f 3316//2634 4786//2634 4785//2634
f 3430//2635 3311//2635 4785//2635
f 4785//2636 3311//2636 3314//2636
f 4785//2634 3314//2634 3316//2634
f 4785//2637 4784//2637 3430//2637
f 3430//2638 4784//2638 4783//2638
f 3430//2638 4783//2638 3276//2638
f 3276//2639 4783//2639 4782//2639
f 3276//2640 4782//2640 3277//2640
f 3277//2641 4782//2641 4781//2641
f 3437//2624 4297//2624 4793//2624
f 4793//2642 4297//2642 3671//2642
f 4793//2642 3671//2642 4794//2642
f 4794//2643 3671//2643 3670//2643
f 4794//2643 3670//2643 4795//2643
f 4795//2644 3670//2644 4091//2644
f 4795//2645 4091//2645 4093//2645
f 4093//2646 4095//2646 4795//2646
f 4795//2647 4095//2647 4097//2647
f 4795//2648 4097//2648 4796//2648
f 4796//2649 4097//2649 4098//2649
f 4796//2650 4098//2650 4100//2650
f 4100//2651 4101//2651 4796//2651
f 4796//2652 4101//2652 4102//2652
f 4796//2653 4102//2653 4797//2653
f 4102//2654 4103//2654 4797//2654
f 4797//2655 4103//2655 4104//2655
f 4797//2656 4104//2656 4798//2656
f 4798//2657 4104//2657 4106//2657
f 4798//2658 4106//2658 4108//2658
f 4108//2659 4110//2659 4798//2659
f 4798//2660 4110//2660 4113//2660
f 4798//2660 4113//2660 4799//2660
f 4799//2661 4113//2661 4112//2661
f 4799//2661 4112//2661 4800//2661
f 4800//2662 4112//2662 4111//2662
f 4800//2662 4111//2662 4781//2662
f 4781//2663 4111//2663 4116//2663
f 4781//2663 4116//2663 3277//2663
f 4801//2496 4802//2496 4642//2496
f 4642//2496 4802//2496 4803//2496
f 4642//2496 4803//2496 4643//2496
f 4643//2496 4803//2496 4804//2496
f 4643//2496 4804//2496 4644//2496
f 4644//2496 4804//2496 4805//2496
f 4644//2496 4805//2496 4645//2496
f 4645//2496 4805//2496 4806//2496
f 4645//2496 4806//2496 4646//2496
f 4646//2496 4806//2496 4807//2496
f 4646//2496 4807//2496 4647//2496
f 4647//2496 4807//2496 4808//2496
f 4647//2496 4808//2496 4648//2496
f 4648//2496 4808//2496 4809//2496
f 4648//2496 4809//2496 4649//2496
f 4649//2496 4809//2496 4810//2496
f 4649//2496 4810//2496 4650//2496
f 4650//2496 4810//2496 4811//2496
f 4650//2496 4811//2496 4651//2496
f 4651//2496 4811//2496 4812//2496
f 4651//2496 4812//2496 4652//2496
f 4652//2496 4812//2496 4813//2496
f 4652//2496 4813//2496 4653//2496
f 4653//2496 4813//2496 4814//2496
f 4653//2496 4814//2496 4654//2496
f 4654//2496 4814//2496 4815//2496
f 4654//2496 4815//2496 4655//2496
f 4655//2496 4815//2496 4816//2496
f 4655//2496 4816//2496 4656//2496
f 4656//2496 4816//2496 4817//2496
f 4656//2496 4817//2496 4657//2496
f 4657//2496 4817//2496 4818//2496
f 4657//2496 4818//2496 4658//2496
f 4658//2496 4818//2496 4819//2496
f 4658//2496 4819//2496 4659//2496
f 4659//2496 4819//2496 4801//2496
f 4659//2496 4801//2496 4642//2496
f 4812//2664 4811//2664 3425//2664
f 3365//2665 3364//2665 4803//2665
f 4803//2523 4802//2523 3365//2523
f 3365//2666 4802//2666 4801//2666
f 3365//2666 4801//2666 3287//2666
f 3287//2667 4801//2667 4819//2667
f 3287//2667 4819//2667 3367//2667
f 3367//2668 4819//2668 4818//2668
f 3367//2668 4818//2668 3335//2668
f 3335//2669 4818//2669 4817//2669
f 3335//2669 4817//2669 3337//2669
f 3337//2670 4817//2670 4816//2670
f 3337//2670 4816//2670 3350//2670
f 3350//2671 4816//2671 4815//2671
f 3350//2671 4815//2671 3324//2671
f 3324//2672 4815//2672 4814//2672
f 3324//2672 4814//2672 3322//2672
f 3322//2673 4814//2673 4813//2673
f 3322//2673 4813//2673 3422//2673
f 3422//2674 4813//2674 4812//2674
f 3422//2674 4812//2674 3424//2674
f 3424//2675 4812//2675 3425//2675
f 4135//2676 4806//2676 4133//2676
f 4133//2677 4806//2677 4805//2677
f 4133//2677 4805//2677 4129//2677
f 4129//2678 4805//2678 4804//2678
f 4129//2678 4804//2678 4130//2678
f 4130//2679 4804//2679 4803//2679
f 4130//2679 4803//2679 4131//2679
f 4131//2680 4803//2680 3364//2680
f 4131//2680 3364//2680 4128//2680
f 4135//2681 4137//2681 4806//2681
f 4806//2682 4137//2682 3984//2682
f 4806//2683 3984//2683 4807//2683
f 3984//2684 3998//2684 4807//2684
f 4807//2685 3998//2685 4000//2685
f 4807//2686 4000//2686 4808//2686
f 4808//2687 4000//2687 3987//2687
f 4808//2688 3987//2688 4138//2688
f 4138//2689 4139//2689 4808//2689
f 4808//2690 4139//2690 4140//2690
f 4808//2691 4140//2691 4809//2691
f 4140//2692 4141//2692 4809//2692
f 4809//2693 4141//2693 4142//2693
f 4809//2694 4142//2694 4143//2694
f 4143//2695 4394//2695 4809//2695
f 4809//2696 4394//2696 3667//2696
f 4809//2696 3667//2696 4810//2696
f 4810//2697 3667//2697 3666//2697
f 4810//2697 3666//2697 4811//2697
f 4811//2698 3666//2698 4144//2698
f 4811//2698 4144//2698 3425//2698
f 4501//2699 4820//2699 4483//2699
f 4483//2699 4820//2699 4821//2699
f 4483//2700 4821//2700 4484//2700
f 4484//2700 4821//2700 4822//2700
f 4484//2701 4822//2701 4493//2701
f 4493//2701 4822//2701 4823//2701
f 4493//2702 4823//2702 4491//2702
f 4491//2702 4823//2702 4824//2702
f 4491//2703 4824//2703 4489//2703
f 4489//2703 4824//2703 4825//2703
f 4489//2704 4825//2704 4499//2704
f 4499//2704 4825//2704 4826//2704
f 4499//2705 4826//2705 4498//2705
f 4498//2705 4826//2705 4827//2705
f 4498//2706 4827//2706 4496//2706
f 4496//2706 4827//2706 4828//2706
f 4496//2707 4828//2707 4485//2707
f 4485//2707 4828//2707 4829//2707
f 4485//2708 4829//2708 4486//2708
f 4486//2708 4829//2708 4830//2708
f 4486//2709 4830//2709 4488//2709
f 4488//2709 4830//2709 4831//2709
f 4488//2710 4831//2710 4501//2710
f 4501//2710 4831//2710 4820//2710
f 4821//2711 4386//2711 4822//2711
f 4822//2712 4386//2712 4383//2712
f 4822//2713 4383//2713 4823//2713
f 4823//2714 4383//2714 4382//2714
f 4823//2715 4382//2715 4824//2715
f 4824//2716 4382//2716 4381//2716
f 4824//2717 4381//2717 4825//2717
f 4825//2718 4381//2718 4377//2718
f 4825//2719 4377//2719 4826//2719
f 4826//2720 4377//2720 4378//2720
f 4826//2721 4378//2721 4827//2721
f 4827//2722 4378//2722 4379//2722
f 4827//2723 4379//2723 4828//2723
f 4828//2724 4379//2724 4380//2724
f 4828//2725 4380//2725 4829//2725
f 4829//2726 4380//2726 4375//2726
f 4829//2727 4375//2727 4830//2727
f 4830//2728 4375//2728 4374//2728
f 4830//2729 4374//2729 4831//2729
f 4831//2730 4374//2730 4388//2730
f 4831//2731 4388//2731 4820//2731
f 4820//2732 4388//2732 4387//2732
f 4820//2733 4387//2733 4821//2733
f 4821//2734 4387//2734 4386//2734
f 4537//2735 4832//2735 4531//2735
f 4531//2735 4832//2735 4833//2735
f 4531//2736 4833//2736 4532//2736
f 4532//2736 4833//2736 4834//2736
f 4532//2737 4834//2737 4544//2737
f 4544//2737 4834//2737 4835//2737
f 4544//2738 4835//2738 4542//2738
f 4542//2738 4835//2738 4836//2738
f 4542//2739 4836//2739 4540//2739
f 4540//2739 4836//2739 4837//2739
f 4540//2740 4837//2740 4547//2740
f 4547//2740 4837//2740 4838//2740
f 4547//2741 4838//2741 4548//2741
f 4548//2741 4838//2741 4839//2741
f 4548//2742 4839//2742 4550//2742
f 4550//2742 4839//2742 4840//2742
f 4550//2743 4840//2743 4534//2743
f 4534//2743 4840//2743 4841//2743
f 4534//2744 4841//2744 4528//2744
f 4528//2744 4841//2744 4842//2744
f 4528//2745 4842//2745 4529//2745
f 4529//2745 4842//2745 4843//2745
f 4529//2746 4843//2746 4537//2746
f 4537//2746 4843//2746 4832//2746
f 4833//2747 4323//2747 4834//2747
f 4834//2748 4323//2748 4322//2748
f 4834//2749 4322//2749 4835//2749
f 4835//2750 4322//2750 4320//2750
f 4835//2751 4320//2751 4836//2751
f 4836//2752 4320//2752 4319//2752
f 4836//2753 4319//2753 4837//2753
f 4837//2754 4319//2754 4314//2754
f 4837//2755 4314//2755 4838//2755
f 4838//2756 4314//2756 4313//2756
f 4838//2757 4313//2757 4839//2757
f 4839//2758 4313//2758 4316//2758
f 4839//2759 4316//2759 4840//2759
f 4840//2760 4316//2760 4315//2760
f 4840//2761 4315//2761 4841//2761
f 4841//2762 4315//2762 4327//2762
f 4841//2763 4327//2763 4842//2763
f 4842//2764 4327//2764 4326//2764
f 4842//2765 4326//2765 4843//2765
f 4843//2766 4326//2766 4325//2766
f 4843//2767 4325//2767 4832//2767
f 4832//2768 4325//2768 4324//2768
f 4832//2769 4324//2769 4833//2769
f 4833//2770 4324//2770 4323//2770
f 4456//2699 4844//2699 4474//2699
f 4474//2699 4844//2699 4845//2699
f 4474//2771 4845//2771 4475//2771
f 4475//2771 4845//2771 4846//2771
f 4475//2772 4846//2772 4476//2772
f 4476//2772 4846//2772 4847//2772
f 4476//2773 4847//2773 4464//2773
f 4464//2773 4847//2773 4848//2773
f 4464//2774 4848//2774 4465//2774
f 4465//2774 4848//2774 4849//2774
f 4465//2704 4849//2704 4468//2704
f 4468//2704 4849//2704 4850//2704
f 4468//2705 4850//2705 4470//2705
f 4470//2705 4850//2705 4851//2705
f 4470//2775 4851//2775 4472//2775
f 4472//2775 4851//2775 4852//2775
f 4472//2776 4852//2776 4473//2776
f 4473//2776 4852//2776 4853//2776
f 4473//2777 4853//2777 4452//2777
f 4452//2777 4853//2777 4854//2777
f 4452//2778 4854//2778 4454//2778
f 4454//2778 4854//2778 4855//2778
f 4454//2710 4855//2710 4456//2710
f 4456//2710 4855//2710 4844//2710
f 4845//2779 4081//2779 4846//2779
f 4846//2780 4081//2780 4069//2780
f 4846//2781 4069//2781 4847//2781
f 4847//2714 4069//2714 4067//2714
f 4847//2782 4067//2782 4848//2782
f 4848//2783 4067//2783 4076//2783
f 4848//2784 4076//2784 4849//2784
f 4849//2718 4076//2718 4075//2718
f 4849//2719 4075//2719 4850//2719
f 4850//2720 4075//2720 4074//2720
f 4850//2721 4074//2721 4851//2721
f 4851//2722 4074//2722 4073//2722
f 4851//2785 4073//2785 4852//2785
f 4852//2786 4073//2786 4072//2786
f 4852//2787 4072//2787 4853//2787
f 4853//2726 4072//2726 4078//2726
f 4853//2788 4078//2788 4854//2788
f 4854//2789 4078//2789 4085//2789
f 4854//2790 4085//2790 4855//2790
f 4855//2730 4085//2730 4084//2730
f 4855//2731 4084//2731 4844//2731
f 4844//2732 4084//2732 4082//2732
f 4844//2733 4082//2733 4845//2733
f 4845//2734 4082//2734 4081//2734
f 4526//2735 4856//2735 4591//2735
f 4591//2735 4856//2735 4857//2735
f 4591//2791 4857//2791 4590//2791
f 4590//2791 4857//2791 4858//2791
f 4590//2792 4858//2792 4589//2792
f 4589//2792 4858//2792 4859//2792
f 4589//2793 4859//2793 4588//2793
f 4588//2793 4859//2793 4860//2793
f 4588//2794 4860//2794 4586//2794
f 4586//2794 4860//2794 4861//2794
f 4586//2740 4861//2740 4603//2740
f 4603//2740 4861//2740 4862//2740
f 4603//2741 4862//2741 4601//2741
f 4601//2741 4862//2741 4863//2741
f 4601//2795 4863//2795 4600//2795
f 4600//2795 4863//2795 4864//2795
f 4600//2796 4864//2796 4596//2796
f 4596//2796 4864//2796 4865//2796
f 4596//2797 4865//2797 4595//2797
f 4595//2797 4865//2797 4866//2797
f 4595//2798 4866//2798 4525//2798
f 4525//2798 4866//2798 4867//2798
f 4525//2746 4867//2746 4526//2746
f 4526//2746 4867//2746 4856//2746
f 4857//2799 4051//2799 4858//2799
f 4858//2800 4051//2800 4050//2800
f 4858//2801 4050//2801 4859//2801
f 4859//2750 4050//2750 4054//2750
f 4859//2802 4054//2802 4860//2802
f 4860//2803 4054//2803 4061//2803
f 4860//2804 4061//2804 4861//2804
f 4861//2754 4061//2754 4060//2754
f 4861//2755 4060//2755 4862//2755
f 4862//2756 4060//2756 4059//2756
f 4862//2757 4059//2757 4863//2757
f 4863//2758 4059//2758 4058//2758
f 4863//2805 4058//2805 4864//2805
f 4864//2806 4058//2806 4057//2806
f 4864//2807 4057//2807 4865//2807
f 4865//2762 4057//2762 4063//2762
f 4865//2808 4063//2808 4866//2808
f 4866//2809 4063//2809 4062//2809
f 4866//2810 4062//2810 4867//2810
f 4867//2766 4062//2766 4047//2766
f 4867//2767 4047//2767 4856//2767
f 4856//2768 4047//2768 4046//2768
f 4856//2769 4046//2769 4857//2769
f 4857//2770 4046//2770 4051//2770
f 4444//2811 4868//2811 4446//2811
f 4446//2811 4868//2811 4869//2811
f 4446//2812 4869//2812 4458//2812
f 4458//2812 4869//2812 4870//2812
f 4458//2813 4870//2813 4459//2813
f 4459//2813 4870//2813 4871//2813
f 4459//2814 4871//2814 4461//2814
f 4461//2814 4871//2814 4872//2814
f 4461//2815 4872//2815 4462//2815
f 4462//2815 4872//2815 4873//2815
f 4462//2816 4873//2816 4463//2816
f 4463//2816 4873//2816 4874//2816
f 4463//2817 4874//2817 4448//2817
f 4448//2817 4874//2817 4875//2817
f 4448//2818 4875//2818 4449//2818
f 4449//2818 4875//2818 4876//2818
f 4449//2819 4876//2819 4480//2819
f 4480//2819 4876//2819 4877//2819
f 4480//2820 4877//2820 4478//2820
f 4478//2820 4877//2820 4878//2820
f 4478//2821 4878//2821 4477//2821
f 4477//2821 4878//2821 4879//2821
f 4477//2822 4879//2822 4444//2822
f 4444//2822 4879//2822 4868//2822
f 4869//2823 4002//2823 4870//2823
f 4870//2824 4002//2824 4001//2824
f 4870//2825 4001//2825 4871//2825
f 4871//2826 4001//2826 3999//2826
f 4871//2827 3999//2827 4872//2827
f 4872//2828 3999//2828 3986//2828
f 4872//2829 3986//2829 4873//2829
f 4873//2830 3986//2830 3985//2830
f 4873//2831 3985//2831 4874//2831
f 4874//2832 3985//2832 3997//2832
f 4874//2833 3997//2833 4875//2833
f 4875//2834 3997//2834 3996//2834
f 4875//2835 3996//2835 4876//2835
f 4876//2836 3996//2836 3995//2836
f 4876//2837 3995//2837 4877//2837
f 4877//2838 3995//2838 3994//2838
f 4877//2839 3994//2839 4878//2839
f 4878//2840 3994//2840 3992//2840
f 4878//2841 3992//2841 4879//2841
f 4879//2842 3992//2842 3990//2842
f 4879//2843 3990//2843 4868//2843
f 4868//2844 3990//2844 3988//2844
f 4868//2845 3988//2845 4869//2845
f 4869//2846 3988//2846 4002//2846
f 4519//2847 4880//2847 4518//2847
f 4518//2847 4880//2847 4881//2847
f 4518//2812 4881//2812 4513//2812
f 4513//2812 4881//2812 4882//2812
f 4513//2848 4882//2848 4511//2848
f 4511//2848 4882//2848 4883//2848
f 4511//2849 4883//2849 4509//2849
f 4509//2849 4883//2849 4884//2849
f 4509//2815 4884//2815 4508//2815
f 4508//2815 4884//2815 4885//2815
f 4508//2850 4885//2850 4507//2850
f 4507//2850 4885//2850 4886//2850
f 4507//2851 4886//2851 4514//2851
f 4514//2851 4886//2851 4887//2851
f 4514//2852 4887//2852 4515//2852
f 4515//2852 4887//2852 4888//2852
f 4515//2819 4888//2819 4524//2819
f 4524//2819 4888//2819 4889//2819
f 4524//2820 4889//2820 4523//2820
f 4523//2820 4889//2820 4890//2820
f 4523//2853 4890//2853 4521//2853
f 4521//2853 4890//2853 4891//2853
f 4521//2854 4891//2854 4519//2854
f 4519//2854 4891//2854 4880//2854
f 4881//2823 4036//2823 4882//2823
f 4882//2855 4036//2855 3673//2855
f 4882//2856 3673//2856 4883//2856
f 4883//2857 3673//2857 3672//2857
f 4883//2858 3672//2858 4884//2858
f 4884//2859 3672//2859 4045//2859
f 4884//2860 4045//2860 4885//2860
f 4885//2861 4045//2861 4044//2861
f 4885//2862 4044//2862 4886//2862
f 4886//2863 4044//2863 4042//2863
f 4886//2864 4042//2864 4887//2864
f 4887//2865 4042//2865 4041//2865
f 4887//2866 4041//2866 4888//2866
f 4888//2867 4041//2867 4040//2867
f 4888//2868 4040//2868 4889//2868
f 4889//2869 4040//2869 4038//2869
f 4889//2870 4038//2870 4890//2870
f 4890//2871 4038//2871 4037//2871
f 4890//2872 4037//2872 4891//2872
f 4891//2873 4037//2873 4032//2873
f 4891//2874 4032//2874 4880//2874
f 4880//2875 4032//2875 4031//2875
f 4880//2876 4031//2876 4881//2876
f 4881//2877 4031//2877 4036//2877
f 4575//2878 4892//2878 4579//2878
f 4579//2878 4892//2878 4893//2878
f 4579//2879 4893//2879 4583//2879
f 4583//2879 4893//2879 4894//2879
f 4583//2880 4894//2880 4582//2880
f 4582//2880 4894//2880 4895//2880
f 4582//2881 4895//2881 4581//2881
f 4581//2881 4895//2881 4896//2881
f 4581//2882 4896//2882 4597//2882
f 4597//2882 4896//2882 4897//2882
f 4597//2883 4897//2883 4598//2883
f 4598//2883 4897//2883 4898//2883
f 4598//2884 4898//2884 4594//2884
f 4594//2884 4898//2884 4899//2884
f 4594//2885 4899//2885 4584//2885
f 4584//2885 4899//2885 4900//2885
f 4584//2886 4900//2886 4585//2886
f 4585//2886 4900//2886 4901//2886
f 4585//2887 4901//2887 4587//2887
f 4587//2887 4901//2887 4902//2887
f 4587//2888 4902//2888 4574//2888
f 4574//2888 4902//2888 4903//2888
f 4574//2889 4903//2889 4575//2889
f 4575//2889 4903//2889 4892//2889
f 4893//2890 3957//2890 4894//2890
f 4894//2891 3957//2891 3956//2891
f 4894//2892 3956//2892 4895//2892
f 4895//2893 3956//2893 3968//2893
f 4895//2894 3968//2894 4896//2894
f 4896//2895 3968//2895 3967//2895
f 4896//2896 3967//2896 4897//2896
f 4897//2897 3967//2897 3966//2897
f 4897//2898 3966//2898 4898//2898
f 4898//2899 3966//2899 3965//2899
f 4898//2900 3965//2900 4899//2900
f 4899//2901 3965//2901 3964//2901
f 4899//2902 3964//2902 4900//2902
f 4900//2903 3964//2903 3963//2903
f 4900//2904 3963//2904 4901//2904
f 4901//2905 3963//2905 3960//2905
f 4901//2906 3960//2906 4902//2906
f 4902//2907 3960//2907 3958//2907
f 4902//2908 3958//2908 4903//2908
f 4903//2909 3958//2909 3954//2909
f 4903//2910 3954//2910 4892//2910
f 4892//2911 3954//2911 3953//2911
f 4892//2912 3953//2912 4893//2912
f 4893//2913 3953//2913 3957//2913
f 4568//2914 4904//2914 4566//2914
f 4566//2914 4904//2914 4905//2914
f 4566//2915 4905//2915 4560//2915
f 4560//2915 4905//2915 4906//2915
f 4560//2880 4906//2880 4558//2880
f 4558//2880 4906//2880 4907//2880
f 4558//2881 4907//2881 4556//2881
f 4556//2881 4907//2881 4908//2881
f 4556//2916 4908//2916 4555//2916
f 4555//2916 4908//2916 4909//2916
f 4555//2917 4909//2917 4554//2917
f 4554//2917 4909//2917 4910//2917
f 4554//2918 4910//2918 4561//2918
f 4561//2918 4910//2918 4911//2918
f 4561//2919 4911//2919 4562//2919
f 4562//2919 4911//2919 4912//2919
f 4562//2886 4912//2886 4573//2886
f 4573//2886 4912//2886 4913//2886
f 4573//2887 4913//2887 4572//2887
f 4572//2887 4913//2887 4914//2887
f 4572//2920 4914//2920 4570//2920
f 4570//2920 4914//2920 4915//2920
f 4570//2921 4915//2921 4568//2921
f 4568//2921 4915//2921 4904//2921
f 4905//2922 4020//2922 4906//2922
f 4906//2891 4020//2891 4019//2891
f 4906//2892 4019//2892 4907//2892
f 4907//2893 4019//2893 4030//2893
f 4907//2894 4030//2894 4908//2894
f 4908//2895 4030//2895 4029//2895
f 4908//2923 4029//2923 4909//2923
f 4909//2924 4029//2924 4027//2924
f 4909//2925 4027//2925 4910//2925
f 4910//2899 4027//2899 4026//2899
f 4910//2926 4026//2926 4911//2926
f 4911//2927 4026//2927 4025//2927
f 4911//2928 4025//2928 4912//2928
f 4912//2903 4025//2903 4024//2903
f 4912//2904 4024//2904 4913//2904
f 4913//2905 4024//2905 4916//2905
f 4913//2906 4916//2906 4914//2906
f 4914//2907 4916//2907 4021//2907
f 4914//2929 4021//2929 4915//2929
f 4915//2930 4021//2930 4013//2930
f 4915//2931 4013//2931 4904//2931
f 4904//2911 4013//2911 4012//2911
f 4904//2932 4012//2932 4905//2932
f 4905//2933 4012//2933 4020//2933
f 4144//2934 4146//2934 3425//2934
f 3425//2935 4146//2935 4148//2935
f 4148//2936 4150//2936 3425//2936
f 3425//2937 4150//2937 4152//2937
f 3425//2938 4152//2938 3423//2938
f 3423//2939 4152//2939 4154//2939
f 3423//2940 4154//2940 4155//2940
f 4122//2941 3364//2941 3769//2941
f 3769//2942 3364//2942 3362//2942
f 3769//2943 3362//2943 3771//2943
f 3771//2944 3362//2944 3762//2944
f 4122//2945 4124//2945 3364//2945
f 3364//2946 4124//2946 4126//2946
f 3364//2947 4126//2947 4128//2947
f 3637//2948 4243//2948 3439//2948
f 3439//2948 4243//2948 4088//2948
f 3439//2949 4088//2949 3438//2949
f 3438//2949 4088//2949 4087//2949
f 3438//2950 4087//2950 3435//2950
f 4087//2950 4090//2950 3435//2950
f 3435//2951 4090//2951 4331//2951
f 3435//2952 4331//2952 3437//2952
f 3437//2953 4331//2953 4329//2953
f 3437//2954 4329//2954 4310//2954
f 3277//2955 4116//2955 4317//2955
f 3277//2956 4317//2956 3278//2956
f 4118//2957 3630//2957 4119//2957
f 4119//2957 3630//2957 3426//2957
f 4119//2958 3426//2958 3719//2958
f 3719//2958 3426//2958 3428//2958
f 3719//2959 3428//2959 3720//2959
f 3720//2959 3428//2959 3278//2959
f 3720//2960 3278//2960 4117//2960
f 4117//2961 3278//2961 4317//2961
f 4917//2496 4918//2496 4919//2496
f 4919//2496 4918//2496 4920//2496
f 4919//2496 4920//2496 4921//2496
f 4921//2496 4920//2496 4922//2496
f 4921//2496 4922//2496 4923//2496
f 4923//2496 4922//2496 4924//2496
f 4923//2496 4924//2496 4925//2496
f 4925//2496 4924//2496 4926//2496
f 4925//2496 4926//2496 4927//2496
f 4927//2496 4926//2496 4928//2496
f 4927//2496 4928//2496 4929//2496
f 4929//2496 4928//2496 4930//2496
f 4929//2496 4930//2496 4931//2496
f 4931//2496 4930//2496 4932//2496
f 4931//2496 4932//2496 4933//2496
f 4933//2496 4932//2496 4934//2496
f 4933//2496 4934//2496 4935//2496
f 4935//2496 4934//2496 4936//2496
f 4935//2496 4936//2496 4937//2496
f 4937//2496 4936//2496 4938//2496
f 4937//2496 4938//2496 4939//2496
f 4939//2496 4938//2496 4940//2496
f 4939//2496 4940//2496 4917//2496
f 4917//2496 4940//2496 4918//2496
f 4941//2496 4942//2496 4943//2496
f 4943//2496 4942//2496 4944//2496
f 4943//2496 4944//2496 4945//2496
f 4945//2496 4944//2496 4946//2496
f 4945//2496 4946//2496 4947//2496
f 4947//2496 4946//2496 4948//2496
f 4947//2496 4948//2496 4949//2496
f 4949//2496 4948//2496 4950//2496
f 4949//2496 4950//2496 4951//2496
f 4951//2496 4950//2496 4952//2496
f 4951//2496 4952//2496 4953//2496
f 4953//2496 4952//2496 4954//2496
f 4953//2496 4954//2496 4955//2496
f 4955//2496 4954//2496 4956//2496
f 4955//2496 4956//2496 4957//2496
f 4957//2496 4956//2496 4958//2496
f 4957//2496 4958//2496 4959//2496
f 4959//2496 4958//2496 4960//2496
f 4959//2496 4960//2496 4961//2496
f 4961//2496 4960//2496 4962//2496
f 4961//2496 4962//2496 4963//2496
f 4963//2496 4962//2496 4964//2496
f 4963//2496 4964//2496 4941//2496
f 4941//2496 4964//2496 4942//2496
f 4953//2962 3981//2962 4951//2962
f 4951//2962 3981//2962 3983//2962
f 4951//2963 3983//2963 4949//2963
f 4949//2963 3983//2963 3991//2963
f 4949//2964 3991//2964 4947//2964
f 4947//2964 3991//2964 3993//2964
f 4947//2965 3993//2965 4945//2965
f 4945//2965 3993//2965 3676//2965
f 4945//2966 3676//2966 4943//2966
f 4943//2966 3676//2966 3675//2966
f 4943//2967 3675//2967 4941//2967
f 4941//2967 3675//2967 4003//2967
f 4941//2968 4003//2968 4963//2968
f 4963//2968 4003//2968 4005//2968
f 4963//2969 4005//2969 4961//2969
f 4961//2969 4005//2969 4008//2969
f 4961//2970 4008//2970 4959//2970
f 4959//2970 4008//2970 4007//2970
f 4959//2971 4007//2971 4957//2971
f 4957//2971 4007//2971 4006//2971
f 4957//2972 4006//2972 4955//2972
f 4955//2972 4006//2972 4010//2972
f 4955//2973 4010//2973 4953//2973
f 4953//2973 4010//2973 3981//2973
f 4931//2974 3948//2974 4929//2974
f 4929//2974 3948//2974 3950//2974
f 4929//2520 3950//2520 4927//2520
f 4927//2520 3950//2520 3952//2520
f 4927//2975 3952//2975 4925//2975
f 4925//2975 3952//2975 3959//2975
f 4925//2976 3959//2976 4923//2976
f 4923//2976 3959//2976 3961//2976
f 4923//2517 3961//2517 4921//2517
f 4921//2517 3961//2517 3969//2517
f 4921//2977 3969//2977 4919//2977
f 4919//2977 3969//2977 3970//2977
f 4919//2978 3970//2978 4917//2978
f 4917//2978 3970//2978 3973//2978
f 4917//2514 3973//2514 4939//2514
f 4939//2514 3973//2514 3972//2514
f 4939//2979 3972//2979 4937//2979
f 4937//2979 3972//2979 4307//2979
f 4937//2980 4307//2980 4935//2980
f 4935//2980 4307//2980 4016//2980
f 4935//2511 4016//2511 4933//2511
f 4933//2511 4016//2511 3977//2511
f 4933//2981 3977//2981 4931//2981
f 4931//2981 3977//2981 3948//2981
f 4487//2982 4416//2982 4505//2982
f 4505//2983 4416//2983 4414//2983
f 4505//2984 4414//2984 4510//2984
f 4510//2985 4414//2985 4965//2985
f 4510//2986 4965//2986 4512//2986
f 4512//2987 4965//2987 4410//2987
f 4500//2988 4418//2988 4502//2988
f 4502//2989 4418//2989 4416//2989
f 4502//2990 4416//2990 4503//2990
f 4503//2991 4416//2991 4487//2991
f 4450//2992 4398//2992 4500//2992
f 4500//2993 4398//2993 4396//2993
f 4500//2994 4396//2994 4418//2994
f 4450//2995 4482//2995 4398//2995
f 4398//2996 4482//2996 4966//2996
f 4398//2997 4966//2997 4967//2997
f 4967//2998 4966//2998 4479//2998
f 4967//2999 4479//2999 4402//2999
f 4402//3000 4479//3000 4466//3000
f 4402//3001 4466//3001 4404//3001
f 4404//3002 4466//3002 4467//3002
f 4404//3003 4467//3003 4406//3003
f 4406//3004 4467//3004 4469//3004
f 4406//3005 4469//3005 4408//3005
f 4408//3006 4469//3006 4471//3006
f 4408//3007 4471//3007 4410//3007
f 4410//3008 4471//3008 4517//3008
f 4410//3009 4517//3009 4512//3009
f 4407//3010 4952//3010 4405//3010
f 4405//3011 4952//3011 4950//3011
f 4405//3012 4950//3012 4403//3012
f 4403//3013 4950//3013 4968//3013
f 4403//3014 4968//3014 4969//3014
f 4969//3015 4968//3015 4946//3015
f 4969//3016 4946//3016 4399//3016
f 4399//3017 4946//3017 4944//3017
f 4399//3018 4944//3018 4397//3018
f 4397//3019 4944//3019 4942//3019
f 4397//3020 4942//3020 4395//3020
f 4395//3021 4942//3021 4964//3021
f 4395//3022 4964//3022 4417//3022
f 4417//3023 4964//3023 4962//3023
f 4417//3024 4962//3024 4415//3024
f 4415//3025 4962//3025 4960//3025
f 4415//3026 4960//3026 4970//3026
f 4970//3027 4960//3027 4958//3027
f 4970//3028 4958//3028 4411//3028
f 4411//3029 4958//3029 4956//3029
f 4411//3030 4956//3030 4409//3030
f 4409//3031 4956//3031 4954//3031
f 4409//3032 4954//3032 4407//3032
f 4407//3033 4954//3033 4952//3033
f 4434//3034 4971//3034 4436//3034
f 4436//3035 4971//3035 4557//3035
f 4436//3036 4557//3036 4438//3036
f 4438//3037 4557//3037 4552//3037
f 4438//3038 4552//3038 4440//3038
f 4440//3038 4552//3038 4530//3038
f 4536//3039 4442//3039 4538//3039
f 4538//3040 4442//3040 4440//3040
f 4538//3041 4440//3041 4539//3041
f 4539//3042 4440//3042 4530//3042
f 4535//3043 4422//3043 4536//3043
f 4536//3044 4422//3044 4420//3044
f 4536//3045 4420//3045 4442//3045
f 4535//3046 4599//3046 4422//3046
f 4422//3047 4599//3047 4593//3047
f 4422//3048 4593//3048 4424//3048
f 4424//3049 4593//3049 4592//3049
f 4424//3050 4592//3050 4426//3050
f 4426//3051 4592//3051 4605//3051
f 4426//3051 4605//3051 4428//3051
f 4428//3052 4605//3052 4604//3052
f 4428//3053 4604//3053 4430//3053
f 4430//3054 4604//3054 4602//3054
f 4430//3055 4602//3055 4432//3055
f 4432//3056 4602//3056 4565//3056
f 4432//3057 4565//3057 4434//3057
f 4434//3058 4565//3058 4564//3058
f 4434//3059 4564//3059 4971//3059
f 4431//3060 4930//3060 4429//3060
f 4429//3061 4930//3061 4928//3061
f 4429//3061 4928//3061 4427//3061
f 4427//3062 4928//3062 4926//3062
f 4427//3063 4926//3063 4425//3063
f 4425//3064 4926//3064 4924//3064
f 4425//3065 4924//3065 4423//3065
f 4423//3066 4924//3066 4922//3066
f 4423//3066 4922//3066 4421//3066
f 4421//3067 4922//3067 4920//3067
f 4421//3068 4920//3068 4419//3068
f 4419//3069 4920//3069 4918//3069
f 4419//3070 4918//3070 4441//3070
f 4441//3071 4918//3071 4940//3071
f 4441//3071 4940//3071 4439//3071
f 4439//3072 4940//3072 4938//3072
f 4439//3073 4938//3073 4437//3073
f 4437//3074 4938//3074 4936//3074
f 4437//3075 4936//3075 4435//3075
f 4435//3076 4936//3076 4934//3076
f 4435//3076 4934//3076 4433//3076
f 4433//3077 4934//3077 4932//3077
f 4433//3078 4932//3078 4431//3078
f 4431//3079 4932//3079 4930//3079
f 3908//3080 3910//3080 3583//3080
f 3583//3080 3910//3080 3582//3080
f 3377//3081 3376//3081 3912//3081
f 3912//3081 3376//3081 3901//3081
f 3921//3082 3930//3082 3395//3082
f 3395//3082 3930//3082 3396//3082
f 3938//3083 3937//3083 3407//3083
f 3407//3083 3937//3083 3401//3083
f 3271//3084 4159//3084 3501//3084
f 3501//3084 4159//3084 4158//3084
f 3501//3085 4158//3085 3494//3085
f 3494//3085 4158//3085 4157//3085
f 3494//3086 4157//3086 3495//3086
f 3495//3086 4157//3086 4156//3086
f 3495//3087 4156//3087 3507//3087
f 3507//3087 4156//3087 4162//3087
f 3507//3088 4162//3088 3508//3088
f 3508//3088 4162//3088 4164//3088
f 3508//3089 4164//3089 3509//3089
f 3509//3089 4164//3089 4202//3089
f 3509//3090 4202//3090 3496//3090
f 3496//3090 4202//3090 4165//3090
f 3496//3091 4165//3091 3497//3091
f 3497//3091 4165//3091 4169//3091
f 3497//3092 4169//3092 3498//3092
f 3498//3092 4169//3092 4168//3092
f 3498//3093 4168//3093 3499//3093
f 3499//3093 4168//3093 4167//3093
f 3499//3094 4167//3094 3270//3094
f 3270//3094 4167//3094 4166//3094
f 3270//3095 4166//3095 3271//3095
f 3271//3095 4166//3095 4159//3095
f 4194//3096 4207//3096 3487//3096
f 3487//3096 4207//3096 3486//3096
f 4160//3097 3663//3097 3275//3097
f 3275//3097 3663//3097 3489//3097
f 4221//3082 4220//3082 3506//3082
f 3506//3082 4220//3082 3458//3082
f 3483//3098 3484//3098 4183//3098
f 4183//3098 3484//3098 4177//3098
f 3454//3099 3886//3099 3456//3099
f 3456//3099 3886//3099 3887//3099
f 3456//3100 3887//3100 3457//3100
f 3457//3100 3887//3100 3892//3100
f 3457//3101 3892//3101 3442//3101
f 3442//3101 3892//3101 3891//3101
f 3442//3102 3891//3102 3443//3102
f 3443//3102 3891//3102 3890//3102
f 3443//3103 3890//3103 3444//3103
f 3444//3103 3890//3103 3889//3103
f 3444//3104 3889//3104 3446//3104
f 3446//3104 3889//3104 3888//3104
f 3446//3105 3888//3105 3447//3105
f 3447//3105 3888//3105 4355//3105
f 3447//3091 4355//3091 3448//3091
f 3448//3091 4355//3091 4354//3091
f 3448//3106 4354//3106 3449//3106
f 3449//3106 4354//3106 4353//3106
f 3449//3107 4353//3107 3451//3107
f 3451//3107 4353//3107 3895//3107
f 3451//3108 3895//3108 3452//3108
f 3452//3108 3895//3108 3894//3108
f 3452//3109 3894//3109 3454//3109
f 3454//3109 3894//3109 3886//3109
f 3832//3080 3833//3080 3518//3080
f 3518//3080 3833//3080 3519//3080
f 3561//3110 3840//3110 3841//3110
f 3841//3111 3843//3111 3561//3111
f 3561//3112 3843//3112 3845//3112
f 3561//3113 3845//3113 3560//3113
f 3560//3114 3845//3114 3857//3114
f 3560//3115 3857//3115 3856//3115
f 3859//3082 3860//3082 3559//3082
f 3559//3082 3860//3082 3546//3082
f 3681//3116 3878//3116 3535//3116
f 3535//3116 3878//3116 3536//3116
f 3541//3117 3863//3117 3542//3117
f 3542//3117 3863//3117 3869//3117
f 3542//3118 3869//3118 3544//3118
f 3544//3118 3869//3118 3868//3118
f 3544//3119 3868//3119 3537//3119
f 3537//3119 3868//3119 3865//3119
f 3537//3120 3865//3120 3538//3120
f 3538//3120 3865//3120 3864//3120
f 3538//3121 3864//3121 3540//3121
f 3540//3121 3864//3121 3871//3121
f 3540//3122 3871//3122 3532//3122
f 3532//3122 3871//3122 3870//3122
f 3523//3123 3876//3123 3524//3123
f 3524//3123 3876//3123 3874//3123
f 3524//3124 3874//3124 3526//3124
f 3526//3124 3874//3124 3873//3124
f 3526//3125 3873//3125 3527//3125
f 3527//3125 3873//3125 3881//3125
f 3527//3126 3881//3126 3529//3126
f 3529//3126 3881//3126 3880//3126
f 3529//3127 3880//3127 3530//3127
f 3530//3127 3880//3127 3883//3127
f 3530//3128 3883//3128 3515//3128
f 3515//3128 3883//3128 3884//3128
f 3550//3129 3852//3129 3549//3129
f 3549//3129 3852//3129 3850//3129
f 3549//3130 3850//3130 3552//3130
f 3552//3130 3850//3130 3849//3130
f 3552//3131 3849//3131 3553//3131
f 3553//3131 3849//3131 3854//3131
f 3553//3132 3854//3132 3555//3132
f 3555//3132 3854//3132 3853//3132
f 3555//3133 3853//3133 3556//3133
f 3556//3133 3853//3133 3847//3133
f 3556//3134 3847//3134 3557//3134
f 3557//3134 3847//3134 3846//3134
f 3521//3135 3821//3135 3520//3135
f 3520//3135 3821//3135 3829//3135
f 3520//3136 3829//3136 3510//3136
f 3510//3136 3829//3136 3828//3136
f 3510//3137 3828//3137 3511//3137
f 3511//3137 3828//3137 3827//3137
f 3511//3138 3827//3138 3514//3138
f 3514//3138 3827//3138 3826//3138
f 3514//3139 3826//3139 3513//3139
f 3513//3139 3826//3139 3825//3139
f 3513//3140 3825//3140 3512//3140
f 3512//3140 3825//3140 3824//3140
f 3461//3141 4176//3141 3462//3141
f 3462//3141 4176//3141 4175//3141
f 3462//3142 4175//3142 3463//3142
f 3463//3142 4175//3142 4173//3142
f 3463//3143 4173//3143 3464//3143
f 3464//3143 4173//3143 4171//3143
f 3464//3144 4171//3144 3465//3144
f 3465//3144 4171//3144 4170//3144
f 3465//3145 4170//3145 3479//3145
f 3479//3145 4170//3145 4181//3145
f 3479//3146 4181//3146 3480//3146
f 3480//3146 4181//3146 4180//3146
f 3469//3147 4188//3147 3468//3147
f 3468//3147 4188//3147 4187//3147
f 3468//3148 4187//3148 3467//3148
f 3467//3148 4187//3148 4186//3148
f 3467//3149 4186//3149 3466//3149
f 3466//3149 4186//3149 4192//3149
f 3466//3150 4192//3150 3476//3150
f 3476//3150 4192//3150 4191//3150
f 3476//3151 4191//3151 3477//3151
f 3477//3151 4191//3151 4190//3151
f 3477//3152 4190//3152 3478//3152
f 3478//3152 4190//3152 4193//3152
f 3491//3153 4209//3153 3502//3153
f 3502//3153 4209//3153 4208//3153
f 3502//3154 4208//3154 3503//3154
f 3503//3154 4208//3154 4218//3154
f 3503//3155 4218//3155 3504//3155
f 3504//3155 4218//3155 4217//3155
f 3504//3156 4217//3156 3492//3156
f 3492//3156 4217//3156 4216//3156
f 3492//3157 4216//3157 3493//3157
f 3493//3157 4216//3157 4211//3157
f 3493//3158 4211//3158 3500//3158
f 3500//3158 4211//3158 4213//3158
f 3475//3159 4205//3159 3474//3159
f 3474//3159 4205//3159 4204//3159
f 3474//3160 4204//3160 3470//3160
f 3470//3160 4204//3160 4196//3160
f 3470//3161 4196//3161 3471//3161
f 3471//3161 4196//3161 4197//3161
f 3471//3162 4197//3162 3472//3162
f 3472//3162 4197//3162 4198//3162
f 3472//3139 4198//3139 3473//3139
f 3473//3139 4198//3139 4201//3139
f 3473//3140 4201//3140 3273//3140
f 3273//3140 4201//3140 4200//3140
f 3403//3163 3946//3163 3564//3163
f 3564//3163 3946//3163 3947//3163
f 3564//3124 3947//3124 3565//3124
f 3565//3124 3947//3124 3944//3124
f 3565//3164 3944//3164 3570//3164
f 3570//3164 3944//3164 3943//3164
f 3570//3165 3943//3165 3571//3165
f 3571//3165 3943//3165 3940//3165
f 3571//3166 3940//3166 3578//3166
f 3578//3166 3940//3166 3939//3166
f 3578//3167 3939//3167 3579//3167
f 3579//3167 3939//3167 3942//3167
f 3405//3168 3927//3168 3404//3168
f 3404//3168 3927//3168 3926//3168
f 3404//3142 3926//3142 3389//3142
f 3389//3142 3926//3142 3925//3142
f 3389//3169 3925//3169 3390//3169
f 3390//3169 3925//3169 3924//3169
f 3390//3170 3924//3170 3397//3170
f 3397//3170 3924//3170 3923//3170
f 3397//3171 3923//3171 3398//3171
f 3398//3171 3923//3171 3935//3171
f 3398//3172 3935//3172 3400//3172
f 3400//3172 3935//3172 3934//3172
f 3380//3129 3678//3129 3381//3129
f 3381//3129 3678//3129 3919//3129
f 3381//3154 3919//3154 3382//3154
f 3382//3154 3919//3154 3918//3154
f 3382//3155 3918//3155 3385//3155
f 3385//3155 3918//3155 3916//3155
f 3385//3173 3916//3173 3386//3173
f 3386//3173 3916//3173 3914//3173
f 3386//3174 3914//3174 3387//3174
f 3387//3174 3914//3174 3913//3174
f 3387//3175 3913//3175 3388//3175
f 3388//3175 3913//3175 3920//3175
f 3572//3176 3907//3176 3573//3176
f 3573//3176 3907//3176 3905//3176
f 3573//3177 3905//3177 3574//3177
f 3574//3177 3905//3177 3904//3177
f 3574//3178 3904//3178 3575//3178
f 3575//3178 3904//3178 3903//3178
f 3575//3179 3903//3179 3567//3179
f 3567//3179 3903//3179 3902//3179
f 3567//3180 3902//3180 3568//3180
f 3568//3180 3902//3180 3897//3180
f 3568//3181 3897//3181 3576//3181
f 3576//3181 3897//3181 3896//3181
f 4253//3182 4356//3182 3392//3182
f 3392//3183 4356//3183 3391//3183
f 4253//3184 3392//3184 4252//3184
f 4252//3185 3392//3185 3393//3185
f 4252//3186 3393//3186 4251//3186
f 4356//3183 4254//3183 3391//3183
f 3391//3187 4254//3187 4255//3187
f 3391//3188 4255//3188 3384//3188
f 4255//3189 4256//3189 3384//3189
f 3384//3190 4256//3190 4257//3190
f 3384//3191 4257//3191 4260//3191
f 3706//3192 3294//3192 3704//3192
f 3704//3192 3294//3192 3383//3192
f 3704//3193 3383//3193 4258//3193
f 4258//3194 3383//3194 3384//3194
f 4258//3195 3384//3195 4259//3195
f 4259//3080 3384//3080 4260//3080
f 3416//2523 4240//2523 3417//2523
f 3417//2523 4240//2523 4245//2523
f 3417//2523 4245//2523 3412//2523
f 3412//2523 4245//2523 4246//2523
f 4241//3196 3415//3196 4242//3196
f 4242//3196 3415//3196 3279//3196
f 4242//3197 3279//3197 4237//3197
f 4237//3197 3279//3197 3421//3197
f 4237//3198 3421//3198 4238//3198
f 4238//3198 3421//3198 3420//3198
f 4238//3199 3420//3199 4239//3199
f 4239//3199 3420//3199 3419//3199
f 3709//3200 3702//3200 3299//3200
f 3299//3201 3702//3201 3701//3201
f 3701//3202 3698//3202 3299//3202
f 3299//3203 3698//3203 3700//3203
f 3299//3204 3700//3204 3297//3204
f 3297//3205 3700//3205 4229//3205
f 3297//3206 4229//3206 4227//3206
f 4227//3207 4225//3207 3297//3207
f 3297//3208 4225//3208 4223//3208
f 3297//3209 4223//3209 4222//3209
f 3267//3082 3811//3082 3268//3082
f 3268//3210 3811//3210 3809//3210
f 3268//3211 3809//3211 3445//3211
f 4362//3212 3607//3212 4363//3212
f 4363//3213 3607//3213 3517//3213
f 3684//3214 3812//3214 3440//3214
f 3440//3215 3812//3215 3814//3215
f 3440//3216 3814//3216 3517//3216
f 3517//3217 3814//3217 3816//3217
f 3517//3218 3816//3218 3818//3218
f 3445//3219 3809//3219 3440//3219
f 3440//3220 3809//3220 3808//3220
f 3440//3221 3808//3221 3684//3221
f 3818//3222 3820//3222 3517//3222
f 3517//3223 3820//3223 3831//3223
f 3517//3082 3831//3082 4363//3082
f 3803//2522 3591//2522 3804//2522
f 3804//2522 3591//2522 3593//2522
f 3804//2522 3593//2522 3795//2522
f 3795//2522 3593//2522 3595//2522
f 3795//2522 3595//2522 3797//2522
f 3797//2522 3595//2522 3597//2522
f 3797//2522 3597//2522 3798//2522
f 3798//2522 3597//2522 3598//2522
f 3781//3224 3603//3224 3779//3224
f 3779//3225 3603//3225 3777//3225
f 3781//3226 3783//3226 3603//3226
f 3603//3227 3783//3227 3785//3227
f 3603//3228 3785//3228 3604//3228
f 3604//3229 3785//3229 3787//3229
f 3787//3230 3789//3230 3604//3230
f 3604//3231 3789//3231 3791//3231
f 3604//3232 3791//3232 3765//3232
f 3354//3233 3792//3233 3790//3233
f 3790//3234 3788//3234 3354//3234
f 3354//3235 3788//3235 3786//3235
f 3354//3236 3786//3236 3352//3236
f 3352//3237 3786//3237 3784//3237
f 3352//3238 3784//3238 3782//3238
f 3782//3239 3780//3239 3352//3239
f 3352//3240 3780//3240 3778//3240
f 3352//3241 3778//3241 3776//3241
f 3772//2522 3773//2522 3363//2522
f 3363//2522 3773//2522 3605//2522
f 3286//3242 3757//3242 3360//3242
f 3360//3243 3757//3243 3770//3243
f 3360//3244 3770//3244 3361//3244
f 3347//3245 3740//3245 3739//3245
f 3739//3246 3745//3246 3347//3246
f 3347//3247 3745//3247 3687//3247
f 3347//3248 3687//3248 3334//3248
f 3334//3249 3687//3249 4393//3249
f 4393//3250 3756//3250 3334//3250
f 3334//3251 3756//3251 3755//3251
f 3334//3252 3755//3252 3753//3252
f 4279//3253 4278//3253 3339//3253
f 3339//3254 4278//3254 4263//3254
f 3339//3254 4263//3254 3338//3254
f 3349//3255 4284//3255 4283//3255
f 3349//3256 4283//3256 3339//3256
f 3339//3257 4283//3257 4281//3257
f 3339//3258 4281//3258 4279//3258
f 3330//3259 3329//3259 4277//3259
f 4277//3259 3329//3259 4267//3259
f 3341//3260 3741//3260 4264//3260
f 3741//3261 3341//3261 3743//3261
f 3743//3262 3341//3262 3346//3262
f 3743//3263 3346//3263 3744//3263
f 4264//3264 4265//3264 3341//3264
f 3341//3265 4265//3265 3657//3265
f 3341//3266 3657//3266 3656//3266
f 3732//3267 3306//3267 3318//3267
f 3732//3267 3318//3267 3734//3267
f 3734//3268 3318//3268 3317//3268
f 3734//3268 3317//3268 3736//3268
f 3723//3269 3724//3269 3293//3269
f 3293//3269 3724//3269 3291//3269
f 3712//3270 3711//3270 3300//3270
f 3697//3271 3696//3271 3298//3271
f 3298//3272 3696//3272 3703//3272
f 3298//3273 3703//3273 3300//3273
f 3300//3274 3703//3274 3708//3274
f 3300//3275 3708//3275 3712//3275
f 3736//3276 3317//3276 3728//3276
f 3728//3276 3317//3276 3315//3276
f 3728//3277 3315//3277 3725//3277
f 3725//3277 3315//3277 3313//3277
f 3725//3278 3313//3278 3726//3278
f 3726//3278 3313//3278 3312//3278
f 3726//3279 3312//3279 3724//3279
f 3724//3279 3312//3279 3291//3279
f 3723//3280 3293//3280 3722//3280
f 3722//3280 3293//3280 3432//3280
f 3722//3281 3432//3281 3718//3281
f 3718//3281 3432//3281 3431//3281
f 3718//3282 3431//3282 3716//3282
f 3716//3282 3431//3282 3319//3282
f 3716//3283 3319//3283 3714//3283
f 3714//3283 3319//3283 3321//3283
f 3714//3284 3321//3284 3711//3284
f 3711//3284 3321//3284 3300//3284
f 3697//3285 3298//3285 3699//3285
f 3699//3285 3298//3285 3310//3285
f 3699//3286 3310//3286 3693//3286
f 3693//3286 3310//3286 3309//3286
f 3693//3287 3309//3287 3729//3287
f 3729//3287 3309//3287 3308//3287
f 3729//3288 3308//3288 3730//3288
f 3730//3288 3308//3288 3307//3288
f 3730//3289 3307//3289 3732//3289
f 3732//3289 3307//3289 3306//3289
f 3792//3290 3354//3290 3793//3290
f 3793//3290 3354//3290 3355//3290
f 3793//3291 3355//3291 3766//3291
f 3766//3291 3355//3291 3357//3291
f 3766//3292 3357//3292 3764//3292
f 3764//3292 3357//3292 3359//3292
f 3764//3293 3359//3293 3773//3293
f 3773//3293 3359//3293 3605//3293
f 3361//3294 3770//3294 3363//3294
f 3363//3294 3770//3294 3772//3294
f 3334//3295 3753//3295 3366//3295
f 3366//3295 3753//3295 3752//3295
f 3366//3296 3752//3296 3368//3296
f 3368//3296 3752//3296 3761//3296
f 3368//3297 3761//3297 3369//3297
f 3369//3297 3761//3297 3760//3297
f 3369//3298 3760//3298 3285//3298
f 3285//3298 3760//3298 3758//3298
f 3285//3299 3758//3299 3286//3299
f 3286//3299 3758//3299 3757//3299
f 3740//3300 3347//3300 3742//3300
f 3742//3300 3347//3300 3348//3300
f 3742//3301 3348//3301 3690//3301
f 3690//3301 3348//3301 3340//3301
f 3690//3302 3340//3302 3691//3302
f 3691//3302 3340//3302 3289//3302
f 3691//3303 3289//3303 3774//3303
f 3774//3303 3289//3303 3288//3303
f 3774//3304 3288//3304 3776//3304
f 3776//3304 3288//3304 3352//3304
f 3604//3305 3765//3305 3587//3305
f 3587//3305 3765//3305 3767//3305
f 3587//3306 3767//3306 3588//3306
f 3588//3306 3767//3306 3768//3306
f 3588//3307 3768//3307 3598//3307
f 3598//3307 3768//3307 3798//3307
f 3607//3308 4362//3308 3599//3308
f 3599//3308 4362//3308 3836//3308
f 3599//3309 3836//3309 3600//3309
f 3600//3309 3836//3309 3838//3309
f 3600//3310 3838//3310 3601//3310
f 3601//3310 3838//3310 3837//3310
f 3601//3311 3837//3311 3602//3311
f 3602//3311 3837//3311 3775//3311
f 3602//3312 3775//3312 3603//3312
f 3603//3312 3775//3312 3777//3312
f 3591//3313 3803//3313 3626//3313
f 3626//3313 3803//3313 3802//3313
f 3626//3314 3802//3314 3632//3314
f 3632//3314 3802//3314 3801//3314
f 3632//3315 3801//3315 3584//3315
f 3584//3315 3801//3315 3807//3315
f 3584//3316 3807//3316 3585//3316
f 3585//3316 3807//3316 3806//3316
f 3585//3317 3806//3317 3586//3317
f 3586//3317 3806//3317 4352//3317
f 3586//3318 4352//3318 3267//3318
f 3267//3318 4352//3318 3811//3318
f 3512//3319 3824//3319 3839//3319
f 3512//3319 3839//3319 3562//3319
f 3562//3320 3839//3320 3840//3320
f 3562//3320 3840//3320 3561//3320
f 3519//3321 3833//3321 3822//3321
f 3519//3321 3822//3321 3522//3321
f 3522//3322 3822//3322 3821//3322
f 3522//3322 3821//3322 3521//3322
f 3515//3323 3884//3323 3885//3323
f 3515//3323 3885//3323 3516//3323
f 3516//3324 3885//3324 3832//3324
f 3516//3324 3832//3324 3518//3324
f 3536//3325 3878//3325 3877//3325
f 3536//3325 3877//3325 3531//3325
f 3531//3326 3877//3326 3876//3326
f 3531//3326 3876//3326 3523//3326
f 3532//3327 3870//3327 3682//3327
f 3532//3327 3682//3327 3533//3327
f 3533//3328 3682//3328 3681//3328
f 3533//3328 3681//3328 3535//3328
f 3546//3329 3860//3329 3861//3329
f 3546//3329 3861//3329 3547//3329
f 3547//3330 3861//3330 3863//3330
f 3547//3330 3863//3330 3541//3330
f 3557//3331 3846//3331 3858//3331
f 3557//3331 3858//3331 3558//3331
f 3558//3332 3858//3332 3859//3332
f 3558//3332 3859//3332 3559//3332
f 3560//3333 3856//3333 3855//3333
f 3560//3333 3855//3333 3551//3333
f 3551//3334 3855//3334 3852//3334
f 3551//3334 3852//3334 3550//3334
f 3576//3335 3896//3335 3899//3335
f 3576//3335 3899//3335 3577//3335
f 3577//3336 3899//3336 3901//3336
f 3577//3336 3901//3336 3376//3336
f 3582//3321 3910//3321 3911//3321
f 3582//3321 3911//3321 3581//3321
f 3581//3337 3911//3337 3907//3337
f 3581//3337 3907//3337 3572//3337
f 3579//3323 3942//3323 3941//3323
f 3579//3323 3941//3323 3580//3323
f 3580//3324 3941//3324 3908//3324
f 3580//3324 3908//3324 3583//3324
f 3401//3338 3937//3338 3945//3338
f 3401//3338 3945//3338 3402//3338
f 3402//3339 3945//3339 3946//3339
f 3402//3339 3946//3339 3403//3339
f 3400//3340 3934//3340 3932//3340
f 3400//3340 3932//3340 3563//3340
f 3563//3341 3932//3341 3938//3341
f 3563//3341 3938//3341 3407//3341
f 3396//3342 3930//3342 3929//3342
f 3396//3342 3929//3342 3406//3342
f 3406//3343 3929//3343 3927//3343
f 3406//3343 3927//3343 3405//3343
f 3388//3344 3920//3344 3922//3344
f 3388//3344 3922//3344 3394//3344
f 3394//3345 3922//3345 3921//3345
f 3394//3345 3921//3345 3395//3345
f 3377//3346 3912//3346 3679//3346
f 3377//3346 3679//3346 3379//3346
f 3379//3334 3679//3334 3678//3334
f 3379//3334 3678//3334 3380//3334
f 3480//3347 4180//3347 4178//3347
f 3480//3347 4178//3347 3481//3347
f 3481//3341 4178//3341 4177//3341
f 3481//3341 4177//3341 3484//3341
f 3458//3348 4220//3348 4219//3348
f 3458//3348 4219//3348 3459//3348
f 3459//3349 4219//3349 4176//3349
f 3459//3349 4176//3349 3461//3349
f 3500//3350 4213//3350 4215//3350
f 3500//3350 4215//3350 3505//3350
f 3505//3351 4215//3351 4221//3351
f 3505//3351 4221//3351 3506//3351
f 3489//3352 3663//3352 4210//3352
f 3489//3352 4210//3352 3490//3352
f 3490//3353 4210//3353 4209//3353
f 3490//3353 4209//3353 3491//3353
f 3273//3354 4200//3354 4199//3354
f 3273//3354 4199//3354 3274//3354
f 3274//3355 4199//3355 4160//3355
f 3274//3355 4160//3355 3275//3355
f 3486//3356 4207//3356 4206//3356
f 3486//3356 4206//3356 3485//3356
f 3485//3322 4206//3322 4205//3322
f 3485//3322 4205//3322 3475//3322
f 3478//3357 4193//3357 4195//3357
f 3478//3357 4195//3357 3488//3357
f 3488//3358 4195//3358 4194//3358
f 3488//3358 4194//3358 3487//3358
f 3483//3359 4183//3359 4189//3359
f 3483//3359 4189//3359 3482//3359
f 3482//3360 4189//3360 4188//3360
f 3482//3360 4188//3360 3469//3360
f 4251//3361 3393//3361 4249//3361
f 4249//3361 3393//3361 3411//3361
f 4249//3362 3411//3362 4250//3362
f 4250//3362 3411//3362 3409//3362
f 4250//3363 3409//3363 3659//3363
f 3659//3363 3409//3363 3408//3363
f 3659//3364 3408//3364 3660//3364
f 3660//3364 3408//3364 3283//3364
f 3660//3365 3283//3365 4248//3365
f 4248//3365 3283//3365 3282//3365
f 4248//3366 3282//3366 4246//3366
f 4246//3366 3282//3366 3412//3366
f 3415//3367 4241//3367 3416//3367
f 3416//3367 4241//3367 4240//3367
f 4239//3368 3419//3368 4231//3368
f 4231//3368 3419//3368 3375//3368
f 4231//3369 3375//3369 4232//3369
f 4232//3369 3375//3369 3374//3369
f 4232//3370 3374//3370 4234//3370
f 4234//3370 3374//3370 3372//3370
f 4234//3371 3372//3371 4235//3371
f 4235//3371 3372//3371 3371//3371
f 4235//3372 3371//3372 4222//3372
f 4222//3372 3371//3372 3297//3372
f 3294//3373 3706//3373 3295//3373
f 3295//3373 3706//3373 3707//3373
f 3295//3374 3707//3374 3301//3374
f 3301//3374 3707//3374 3710//3374
f 3301//3375 3710//3375 3299//3375
f 3299//3375 3710//3375 3709//3375
f 4267//3376 3329//3376 4266//3376
f 4266//3376 3329//3376 3328//3376
f 4266//3377 3328//3377 4269//3377
f 4269//3377 3328//3377 3327//3377
f 4269//3378 3327//3378 4270//3378
f 4270//3378 3327//3378 3344//3378
f 4270//3379 3344//3379 4271//3379
f 4271//3379 3344//3379 3343//3379
f 4271//3380 3343//3380 3656//3380
f 3656//3380 3343//3380 3341//3380
f 3744//3381 3346//3381 3746//3381
f 3746//3381 3346//3381 3345//3381
f 3746//3382 3345//3382 3747//3382
f 3747//3382 3345//3382 3333//3382
f 3747//3383 3333//3383 3748//3383
f 3748//3383 3333//3383 3332//3383
f 3748//3384 3332//3384 3750//3384
f 3750//3384 3332//3384 3336//3384
f 3750//3385 3336//3385 4263//3385
f 4263//3385 3336//3385 3338//3385
f 4284//3386 3349//3386 4274//3386
f 4274//3386 3349//3386 3325//3386
f 4274//3387 3325//3387 4275//3387
f 4275//3387 3325//3387 3323//3387
f 4275//3388 3323//3388 4276//3388
f 4276//3388 3323//3388 3331//3388
f 4276//3389 3331//3389 4277//3389
f 4277//3389 3331//3389 3330//3389
f 3609//3390 3654//3390 3610//3390
f 3610//3390 3654//3390 3653//3390
f 3610//2700 3653//2700 3618//2700
f 3618//2700 3653//2700 4288//2700
f 3618//3391 4288//3391 3619//3391
f 3619//3391 4288//3391 4294//3391
f 3619//3392 4294//3392 3620//3392
f 3620//3392 4294//3392 4293//3392
f 3620//3393 4293//3393 3613//3393
f 3613//3393 4293//3393 4292//3393
f 3613//3394 4292//3394 3614//3394
f 3614//3394 4292//3394 4287//3394
f 3614//3395 4287//3395 3615//3395
f 3615//3395 4287//3395 4286//3395
f 3615//3396 4286//3396 3616//3396
f 3616//3396 4286//3396 4291//3396
f 3616//3397 4291//3397 3617//3397
f 3617//3397 4291//3397 4290//3397
f 3617//3398 4290//3398 3612//3398
f 3612//3398 4290//3398 4289//3398
f 3612//2709 4289//2709 3611//2709
f 3611//2709 4289//2709 4285//2709
f 3611//3399 4285//3399 3609//3399
f 3609//3399 4285//3399 3654//3399
f 3646//3400 4343//3400 3638//3400
f 3638//3400 4343//3400 4342//3400
f 3638//3401 4342//3401 3639//3401
f 3639//3401 4342//3401 4341//3401
f 3639//3402 4341//3402 3640//3402
f 3640//3402 4341//3402 4340//3402
f 3640//3403 4340//3403 3647//3403
f 3647//3403 4340//3403 4339//3403
f 3647//3404 4339//3404 3648//3404
f 3648//3404 4339//3404 4350//3404
f 3648//3405 4350//3405 3649//3405
f 3649//3405 4350//3405 4349//3405
f 3649//3406 4349//3406 3641//3406
f 3641//3406 4349//3406 4348//3406
f 3641//3407 4348//3407 3642//3407
f 3642//3407 4348//3407 4347//3407
f 3642//3408 4347//3408 3643//3408
f 3643//3408 4347//3408 4346//3408
f 3643//3409 4346//3409 3644//3409
f 3644//3409 4346//3409 4345//3409
f 3644//3410 4345//3410 3645//3410
f 3645//3410 4345//3410 4344//3410
f 3645//3411 4344//3411 3646//3411
f 3646//3411 4344//3411 4343//3411
# Vertices: 4971, normals: 3411, texture coordinates: 0, faces: 10182

