<?xml version="1.0" encoding="UTF-8"?>
<COLLADA xmlns="http://www.collada.org/2005/11/COLLADASchema" version="1.4.1">
<!--
# File generated by ImageToStl.com - Free Image and 3D model conversion tools
-->
  <asset>
    <contributor>
      <author>ImageToStl.com</author>
      <authoring_tool>ImageToStl.com</authoring_tool>
    </contributor>
    <created>2025-04-02T02:18:20</created>
    <modified>2025-04-02T02:18:20</modified>
    <up_axis>Z_UP</up_axis>
  </asset>
  <library_effects>
    <effect id="effect_0">
        <profile_COMMON>
          <technique sid="common">
            <phong>
              <diffuse>
                <color>0.85 0.85 0.85 1</color>
              </diffuse>
              <specular>
                <color>0.05 0.05 0.05 1</color>
              </specular>
              <shininess>
                <float>64</float>
              </shininess>
            </phong>
          </technique>
        </profile_COMMON>
    </effect>
  </library_effects>
  <library_materials>
    <material id="mat_0">
      <instance_effect url="#effect_0"/>
    </material>
  </library_materials>
  <library_geometries>
    <geometry id="geometry_80632df7_8e38_48af_bfcd_53d9747a5cec">
      <mesh>
        <source id="pos_0">
          <float_array id="pos_0-array" count="14886">0.121 -0.002 0.038125 0.121 -0.002 0.040125 0.1285 -0.002 0.038125 0.125 -0.002 0.040125 0.125 -0.002 0.042125 0.12507612 -0.002 0.04174232 0.1252929 -0.002 0.04141789 0.1285 -0.002 0.041125 0.126 -0.002 0.041125 0.12561731 -0.002 0.04120112 0.139 0.002 0.038125 0.139 0.002 0.040125 0.13150001 0.002 0.038125 0.13500001 0.002 0.040125 0.13500001 0.002 0.042125 0.13492388 0.002 0.04174232 0.13470711 0.002 0.04141789 0.13150001 0.002 0.041125 0.134 0.002 0.041125 0.13438268 0.002 0.04120112 0.12803039 -0.0063473 0.041125 0.12577938 -0.00557981 0.041125 0.12551515 -0.00597216 0.041125 0.12516616 -0.00629149 0.041125 0.12495375 -0.00642461 0.041125 0.12826794 -0.007 0.041125 0.12594406 -0.00513638 0.041125 0.12803039 -0.0056527 0.041125 0.126 -0.00466667 0.041125 0.12826794 -0.005 0.041125 0.12871443 -0.00446791 0.041125 0.12931596 -0.00412061 0.041125 0.12905855 -0.00231596 0.041125 0.13068403 -0.00412061 0.041125 0.13128558 -0.00446791 0.041125 0.134 -0.002 0.041125 0.134 -0.00466667 0.041125 0.13173205 -0.005 0.041125 0.13405594 -0.00513638 0.041125 0.13196962 -0.0056527 0.041125 0.13422063 -0.00557981 0.041125 0.13196962 -0.0063473 0.041125 0.13448486 -0.00597216 0.041125 0.12871443 -0.00753209 0.041125 0.12843168 -0.00855742 0.041125 0.12931596 -0.00787938 0.041125 0.12918521 -0.00888724 0.041125 0.13 -0.008 0.041125 0.13 -0.009 0.041125 0.13068403 -0.00787938 0.041125 0.13081479 -0.00888724 0.041125 0.13128558 -0.00753209 0.041125 0.13156831 -0.00855742 0.041125 0.13173205 -0.007 0.041125 0.13504624 -0.00642461 0.041125 0.13483383 -0.00629149 0.041125 0.13150001 -0.002 0.041125 0.13094145 -0.00231596 0.041125 0.13 -0.004 0.041125 0.13032086 -0.00247932 0.041125 0.12967914 -0.00247932 0.041125 0.1285 0.002 0.041125 0.12931596 0.00412061 0.041125 0.126 0.002 0.041125 0.12871443 0.00446791 0.041125 0.126 0.00466667 0.041125 0.12826794 0.005 0.041125 0.12594406 0.00513638 0.041125 0.12803039 0.0056527 0.041125 0.12577938 0.00557981 0.041125 0.12803039 0.0063473 0.041125 0.12551515 0.00597216 0.041125 0.13504624 0.00642461 0.041125 0.13156831 0.00855742 0.041125 0.13128558 0.00753209 0.041125 0.13068403 0.00787938 0.041125 0.13081479 0.00888724 0.041125 0.13 0.008 0.041125 0.13 0.009 0.041125 0.12931596 0.00787938 0.041125 0.12918521 0.00888724 0.041125 0.12871443 0.00753209 0.041125 0.12843168 0.00855742 0.041125 0.12826794 0.007 0.041125 0.12495375 0.00642461 0.041125 0.12516616 0.00629149 0.041125 0.13173205 0.007 0.041125 0.13196962 0.0063473 0.041125 0.13483383 0.00629149 0.041125 0.13448486 0.00597216 0.041125 0.12905855 0.00231596 0.041125 0.12967914 0.00247932 0.041125 0.13 0.004 0.041125 0.13032086 0.00247932 0.041125 0.13068403 0.00412061 0.041125 0.13094145 0.00231596 0.041125 0.13128558 0.00446791 0.041125 0.13173205 0.005 0.041125 0.134 0.00466667 0.041125 0.13196962 0.0056527 0.041125 0.13405594 0.00513638 0.041125 0.13422063 0.00557981 0.041125 0.121 -0.003 0.037125 0.12922063 -0.00502271 0.037125 0.1288738 -0.00545765 0.037125 0.139 -0.004 0.037125 0.13124999 -0.006 0.037125 0.139 -0.003 0.037125 0.13112621 -0.00545765 0.037125 0.121 -0.004 0.037125 0.13077936 -0.00502271 0.037125 0.13027816 -0.00478134 0.037125 0.12972185 -0.00478134 0.037125 0.12875 -0.006 0.037125 0.1288738 -0.00654235 0.037125 0.12843168 -0.00855742 0.037125 0.12922063 -0.00697729 0.037125 0.12918521 -0.00888724 0.037125 0.12972185 -0.00721866 0.037125 0.13 -0.009 0.037125 0.13027816 -0.00721866 0.037125 0.13081479 -0.00888724 0.037125 0.13156831 -0.00855742 0.037125 0.13077936 -0.00697729 0.037125 0.13112621 -0.00654235 0.037125 0.125 0.00466667 0.042125 0.125 0.00466667 0.045125 0.125 0.002 0.042125 0.125 -0.00466667 0.045125 0.125 -0.00466667 0.042125 0.125 -0.00170711 0.04083211 0.125 -0.00192388 0.04050768 0.125 0.00138268 0.04104888 0.125 0.00170711 0.04083211 0.125 0.00192388 0.04050768 0.125 0.002 0.040125 0.125 -0.00138268 0.04104888 0.125 -0.001 0.041125 0.125 0.001 0.041125 0.121 0.004 0.045125 0.121 -0.004 0.045125 0.12347723 0.00551914 0.045125 0.12347723 -0.00551914 0.045125 0.12429386 0.00562252 0.045125 0.12387441 0.00565875 0.045125 0.12466121 0.00541686 0.045125 0.12491138 0.00507824 0.045125 0.12429386 -0.00562252 0.045125 0.12466121 -0.00541686 0.045125 0.12387441 -0.00565875 0.045125 0.12491138 -0.00507824 0.045125 0.121 -0.00138268 0.04104888 0.121 -0.00170711 0.04083211 0.121 -0.00192388 0.04050768 0.121 0.003 0.037125 0.121 0.00261732 0.03720112 0.121 0.00229289 0.03741789 0.121 0.00207612 0.03774232 0.121 0.002 0.038125 0.121 0.004 0.037125 0.121 0.002 0.040125 0.121 0.00192388 0.04050768 0.121 0.00170711 0.04083211 0.121 0.00138268 0.04104888 0.121 0.001 0.041125 0.121 -0.001 0.041125 0.121 -0.00229289 0.03741789 0.121 -0.00261732 0.03720112 0.121 -0.00207612 0.03774232 0.12972185 0.00721866 0.037125 0.12922063 0.00697729 0.037125 0.12843168 0.00855742 0.037125 0.13077936 0.00502271 0.037125 0.13112621 0.00545765 0.037125 0.139 0.003 0.037125 0.1288738 0.00545765 0.037125 0.12875 0.006 0.037125 0.139 0.004 0.037125 0.1288738 0.00654235 0.037125 0.13124999 0.006 0.037125 0.13112621 0.00654235 0.037125 0.13156831 0.00855742 0.037125 0.13077936 0.00697729 0.037125 0.13081479 0.00888724 0.037125 0.13027816 0.00721866 0.037125 0.13 0.009 0.037125 0.12918521 0.00888724 0.037125 0.12922063 0.00502271 0.037125 0.12972185 0.00478134 0.037125 0.13027816 0.00478134 0.037125 0.139 -0.00192388 0.04050768 0.139 -0.00170711 0.04083211 0.139 -0.004 0.045125 0.139 -0.002 0.040125 0.139 0.00138268 0.04104888 0.139 0.00170711 0.04083211 0.139 0.004 0.045125 0.139 0.00192388 0.04050768 0.139 -0.00229289 0.03741789 0.139 -0.00207612 0.03774232 0.139 -0.00261732 0.03720112 0.139 -0.002 0.038125 0.139 -0.00138268 0.04104888 0.139 -0.001 0.041125 0.139 0.001 0.041125 0.139 0.00229289 0.03741789 0.139 0.00261732 0.03720112 0.139 0.00207612 0.03774232 0.13612559 -0.00565875 0.045125 0.13652277 -0.00551914 0.045125 0.13500001 -0.00466667 0.045125 0.13652277 0.00551914 0.045125 0.13500001 0.00466667 0.045125 0.13533878 0.00541686 0.045125 0.13508862 0.00507824 0.045125 0.13570614 0.00562252 0.045125 0.13612559 0.00565875 0.045125 0.13508862 -0.00507824 0.045125 0.13533878 -0.00541686 0.045125 0.13570614 -0.00562252 0.045125 0.13500001 0.00466667 0.042125 0.13500001 -0.002 0.042125 0.13500001 -0.00466667 0.042125 0.13500001 0.00170711 0.04083211 0.13500001 0.00192388 0.04050768 0.13500001 -0.00138268 0.04104888 0.13500001 -0.00170711 0.04083211 0.13500001 -0.00192388 0.04050768 0.13500001 -0.002 0.040125 0.13500001 0.00138268 0.04104888 0.13500001 0.001 0.041125 0.13500001 -0.001 0.041125 0.13150001 -0.002 0.038125 0.13438268 -0.002 0.04120112 0.13470711 -0.002 0.04141789 0.13492388 -0.002 0.04174232 0.1285 0.002 0.038125 0.12561731 0.002 0.04120112 0.1252929 0.002 0.04141789 0.12507612 0.002 0.04174232 0.13652277 -0.00551914 0.042125 0.13621764 -0.00570626 0.04177801 0.13598964 -0.00584608 0.0415534 0.13575953 -0.00598719 0.04137177 0.13552085 -0.00613356 0.04123544 0.13524699 -0.0063015 0.04114522 0.13651896 -0.00552148 0.04212053 0.13625368 -0.00568416 0.04181693 0.13547248 -0.00616322 0.04121436 0.13536263 -0.00623059 0.04117465 0.12472183 -0.00628238 0.0411519 0.12452752 -0.00616322 0.04121436 0.12427492 -0.00600832 0.04134879 0.12401037 -0.00584608 0.0415534 0.12369323 -0.0056516 0.0418756 0.12347723 -0.00551914 0.042125 0.12348104 -0.00552148 0.04212053 0.13077936 -0.00502271 0.039125 0.13027816 -0.00478134 0.039125 0.13 -0.00475 0.039125 0.12972185 -0.00478134 0.039125 0.12922063 -0.00502271 0.039125 0.1288738 -0.00545765 0.039125 0.12875 -0.006 0.039125 0.1288738 -0.00654235 0.039125 0.12922063 -0.00697729 0.039125 0.12972185 -0.00721866 0.039125 0.13027816 -0.00721866 0.039125 0.13077936 -0.00697729 0.039125 0.13112621 -0.00654235 0.039125 0.13124999 -0.006 0.039125 0.13112621 -0.00545765 0.039125 0.12347723 0.00551914 0.042125 0.12378237 0.00570626 0.04177801 0.12401037 0.00584608 0.0415534 0.12424047 0.00598719 0.04137177 0.12447916 0.00613356 0.04123544 0.12475301 0.0063015 0.04114522 0.12348104 0.00552148 0.04212053 0.12374632 0.00568416 0.04181693 0.12452752 0.00616322 0.04121436 0.12463738 0.00623059 0.04117465 0.13527818 0.00628238 0.0411519 0.13547248 0.00616322 0.04121436 0.13572508 0.00600832 0.04134879 0.13598964 0.00584608 0.0415534 0.13630678 0.0056516 0.0418756 0.13652277 0.00551914 0.042125 0.13651896 0.00552148 0.04212053 0.13077936 0.00697729 0.039125 0.13027816 0.00721866 0.039125 0.13 0.00725 0.039125 0.12972185 0.00721866 0.039125 0.12922063 0.00697729 0.039125 0.1288738 0.00654235 0.039125 0.12875 0.006 0.039125 0.1288738 0.00545765 0.039125 0.12922063 0.00502271 0.039125 0.12972185 0.00478134 0.039125 0.13027816 0.00478134 0.039125 0.13077936 0.00502271 0.039125 0.13112621 0.00545765 0.039125 0.13124999 0.006 0.039125 0.13112621 0.00654235 0.039125 0.12803039 -0.0056527 0.039125 0.12803039 -0.0063473 0.039125 0.12826794 -0.007 0.039125 0.12871443 -0.00753209 0.039125 0.12931596 -0.00787938 0.039125 0.13 -0.008 0.039125 0.13068403 -0.00787938 0.039125 0.13128558 -0.00753209 0.039125 0.13173205 -0.007 0.039125 0.13196962 -0.0063473 0.039125 0.13196962 -0.0056527 0.039125 0.13173205 -0.005 0.039125 0.13128558 -0.00446791 0.039125 0.13068403 -0.00412061 0.039125 0.13 -0.004 0.039125 0.12931596 -0.00412061 0.039125 0.12871443 -0.00446791 0.039125 0.12826794 -0.005 0.039125 0.12803039 0.0063473 0.039125 0.12803039 0.0056527 0.039125 0.12826794 0.005 0.039125 0.12871443 0.00446791 0.039125 0.12931596 0.00412061 0.039125 0.13 0.004 0.039125 0.13068403 0.00412061 0.039125 0.13128558 0.00446791 0.039125 0.13173205 0.005 0.039125 0.13196962 0.0056527 0.039125 0.13196962 0.0063473 0.039125 0.13173205 0.007 0.039125 0.13128558 0.00753209 0.039125 0.13068403 0.00787938 0.039125 0.13 0.008 0.039125 0.12931596 0.00787938 0.039125 0.12871443 0.00753209 0.039125 0.12826794 0.007 0.039125 0.13632002 -0.00561408 0.042125 0.13562402 -0.0055933 0.042125 0.13570614 -0.00562252 0.042125 0.13585216 -0.00565568 0.042125 0.13608856 -0.00566274 0.042125 0.13541691 -0.00547908 0.042125 0.13533878 -0.00541686 0.042125 0.13524243 -0.00531942 0.042125 0.13511032 -0.00512324 0.042125 0.13502797 -0.00490152 0.042125 0.13502797 0.00490152 0.042125 0.13524243 0.00531942 0.042125 0.13511032 0.00512324 0.042125 0.13570614 0.00562252 0.042125 0.13562402 0.0055933 0.042125 0.13541691 0.00547908 0.042125 0.13533878 0.00541686 0.042125 0.13585216 0.00565568 0.042125 0.13608856 0.00566274 0.042125 0.13632002 0.00561408 0.042125 0.12367997 0.00561408 0.042125 0.12414784 0.00565568 0.042125 0.12391143 0.00566274 0.042125 0.12466121 0.00541686 0.042125 0.12458309 0.00547908 0.042125 0.12437598 0.0055933 0.042125 0.12429386 0.00562252 0.042125 0.12475757 0.00531942 0.042125 0.12488969 0.00512324 0.042125 0.12497203 0.00490152 0.042125 0.12497203 -0.00490152 0.042125 0.12458309 -0.00547908 0.042125 0.12466121 -0.00541686 0.042125 0.12475757 -0.00531942 0.042125 0.12488969 -0.00512324 0.042125 0.12437598 -0.0055933 0.042125 0.12429386 -0.00562252 0.042125 0.12414784 -0.00565568 0.042125 0.12391143 -0.00566274 0.042125 0.12367997 -0.00561408 0.042125 0.12852781 0.00202056 0.03792328 0.12878092 0.00218262 0.0375489 0.12860726 0.00207612 0.03774232 0.13099632 0.00229289 0.03741789 0.13064061 0.00241653 0.03731287 0.13032086 0.00247932 0.03727125 0.13000073 0.0025 0.03725898 0.12967914 0.00247932 0.03727125 0.1293606 0.00241685 0.03731263 0.12905855 0.00231596 0.03739556 0.13147204 0.00202067 0.03792275 0.13139273 0.00207612 0.03774232 0.131219 0.00218266 0.03754884 0.13147219 -0.00202056 0.03792328 0.13121909 -0.00218262 0.0375489 0.13139273 -0.00207612 0.03774232 0.12900369 -0.00229289 0.03741789 0.12935939 -0.00241653 0.03731287 0.12967914 -0.00247932 0.03727125 0.12999928 -0.0025 0.03725898 0.13032086 -0.00247932 0.03727125 0.13063939 -0.00241685 0.03731263 0.13094145 -0.00231596 0.03739556 0.12852795 -0.00202067 0.03792275 0.12860726 -0.00207612 0.03774232 0.12878099 -0.00218266 0.03754884 0.13430902 0.00466667 0.04117394 0.13458778 0.00466667 0.04131598 0.13470711 0.00466667 0.04141789 0.13480902 0.00466667 0.04153721 0.13495106 0.00466667 0.04181598 0.13484232 0.00494637 0.04153721 0.13582392 0.00584456 0.04153721 0.13546903 0.00597527 0.04131598 0.13584493 0.00570408 0.04181598 0.1360929 0.00571149 0.04181598 0.13435632 0.0050638 0.04117394 0.13449556 0.00543872 0.04117394 0.13471895 0.00577045 0.04117394 0.13501401 0.00604044 0.04117394 0.13462728 0.00499833 0.04131598 0.13474357 0.00531144 0.04131598 0.13493015 0.00558849 0.04131598 0.13517655 0.00581397 0.04131598 0.1349404 0.00521044 0.04153721 0.13509774 0.00544408 0.04153721 0.13530555 0.00563423 0.04153721 0.13555221 0.00577027 0.04153721 0.13560562 0.00563865 0.04181598 0.1349804 0.00491302 0.04181598 0.13506676 0.00514558 0.04181598 0.13520534 0.00535136 0.04181598 0.13538837 0.00551884 0.04181598 0.13430902 -0.00466667 0.04117394 0.13458778 -0.00466667 0.04131598 0.13470711 -0.00466667 0.04141789 0.13480902 -0.00466667 0.04153721 0.13495106 -0.00466667 0.04181598 0.13555221 -0.00577027 0.04153721 0.13582392 -0.00584456 0.04153721 0.13584493 -0.00570408 0.04181598 0.13501401 -0.00604044 0.04117394 0.1360929 -0.00571149 0.04181598 0.13546903 -0.00597527 0.04131598 0.13435632 -0.0050638 0.04117394 0.13449556 -0.00543872 0.04117394 0.13462728 -0.00499833 0.04131598 0.13474357 -0.00531144 0.04131598 0.13493015 -0.00558849 0.04131598 0.13471895 -0.00577045 0.04117394 0.13517655 -0.00581397 0.04131598 0.13484232 -0.00494637 0.04153721 0.1349404 -0.00521044 0.04153721 0.13509774 -0.00544408 0.04153721 0.13530555 -0.00563423 0.04153721 0.1349804 -0.00491302 0.04181598 0.13506676 -0.00514558 0.04181598 0.13520534 -0.00535136 0.04181598 0.13538837 -0.00551884 0.04181598 0.13560562 -0.00563865 0.04181598 0.12504895 0.00466667 0.04181598 0.12519099 0.00466667 0.04153721 0.1252929 0.00466667 0.04141789 0.12541221 0.00466667 0.04131598 0.12569098 0.00466667 0.04117394 0.12444779 0.00577027 0.04153721 0.12417607 0.00584456 0.04153721 0.12415507 0.00570408 0.04181598 0.12498599 0.00604044 0.04117394 0.1239071 0.00571149 0.04181598 0.12453096 0.00597527 0.04131598 0.12564369 0.0050638 0.04117394 0.12550445 0.00543872 0.04117394 0.12537272 0.00499833 0.04131598 0.12525643 0.00531144 0.04131598 0.12506986 0.00558849 0.04131598 0.12528105 0.00577045 0.04117394 0.12482344 0.00581397 0.04131598 0.12515767 0.00494637 0.04153721 0.1250596 0.00521044 0.04153721 0.12490226 0.00544408 0.04153721 0.12469444 0.00563423 0.04153721 0.12501961 0.00491302 0.04181598 0.12493323 0.00514558 0.04181598 0.12479465 0.00535136 0.04181598 0.12461162 0.00551884 0.04181598 0.12439438 0.00563865 0.04181598 0.12504895 -0.00466667 0.04181598 0.12519099 -0.00466667 0.04153721 0.1252929 -0.00466667 0.04141789 0.12541221 -0.00466667 0.04131598 0.12569098 -0.00466667 0.04117394 0.12515767 -0.00494637 0.04153721 0.12417607 -0.00584456 0.04153721 0.12453096 -0.00597527 0.04131598 0.12415507 -0.00570408 0.04181598 0.1239071 -0.00571149 0.04181598 0.12564369 -0.0050638 0.04117394 0.12550445 -0.00543872 0.04117394 0.12528105 -0.00577045 0.04117394 0.12498599 -0.00604044 0.04117394 0.12537272 -0.00499833 0.04131598 0.12525643 -0.00531144 0.04131598 0.12506986 -0.00558849 0.04131598 0.12482344 -0.00581397 0.04131598 0.1250596 -0.00521044 0.04153721 0.12490226 -0.00544408 0.04153721 0.12469444 -0.00563423 0.04153721 0.12444779 -0.00577027 0.04153721 0.12439438 -0.00563865 0.04181598 0.12501961 -0.00491302 0.04181598 0.12493323 -0.00514558 0.04181598 0.12479465 -0.00535136 0.04181598 0.12461162 -0.00551884 0.04181598 0.12874328 -0.00216117 0.03777144 0.13123091 -0.00217598 0.03776028 0.13125671 0.00216117 0.03777144 0.1287691 0.00217598 0.03776028 0.04695014 -0.00177511 0.005 0.04695014 -0.00177511 0.025125 0.04948585 -0.00721296 0.005 0.04948585 -0.00721296 0.025125 0.05854893 -0.00298678 0.005 0.05854893 -0.00298678 0.025125 0.05601322 0.00245107 0.005 0.05601322 0.00245107 0.025125 0.07051415 0.00921296 -0.005 0.07051415 0.00921296 -0.025125 0.07304986 0.00377511 -0.005 0.07304986 0.00377511 -0.025125 0.06398678 -0.00045107 -0.005 0.06398678 -0.00045107 -0.025125 0.06145107 0.00498678 -0.005 0.06145107 0.00498678 -0.025125 0.06881461 0.00399315 0.033125 0.0716904 0.00314119 0.033125 0.06863258 0.00502544 0.033125 0.06915469 0.00857903 0.033125 0.0679588 0.00582842 0.033125 0.0669738 0.00618693 0.033125 0.06594151 0.00600491 0.033125 0.06190422 0.00519809 0.033125 0.06513853 0.00533113 0.033125 0.06662082 0.00215234 0.033125 0.06443993 -0.00023976 0.033125 0.06765311 0.00233436 0.033125 0.06845609 0.00300814 0.033125 0.06563582 0.00251085 0.033125 0.06496204 0.00331384 0.033125 0.06478001 0.00434613 0.033125 0.05337918 -0.00015234 0.033125 0.05436419 -0.00051085 0.033125 0.05556007 0.00223976 0.033125 0.05809578 -0.00319809 0.033125 0.05503796 -0.00131384 0.033125 0.05521999 -0.00234613 0.033125 0.05234689 -0.00033436 0.033125 0.04830961 -0.00114119 0.033125 0.05154391 -0.00100814 0.033125 0.05486147 -0.00333113 0.033125 0.05405849 -0.00400491 0.033125 0.05084531 -0.00657903 0.033125 0.0530262 -0.00418693 0.033125 0.0520412 -0.00382842 0.033125 0.05136742 -0.00302544 0.033125 0.0511854 -0.00199315 0.033125 0.06563582 0.00251085 -0.033125 0.06662082 0.00215234 -0.033125 0.06443993 -0.00023976 -0.033125 0.06765311 0.00233436 -0.033125 0.0716904 0.00314119 -0.033125 0.06845609 0.00300814 -0.033125 0.06881461 0.00399315 -0.033125 0.06915469 0.00857903 -0.033125 0.06863258 0.00502544 -0.033125 0.0679588 0.00582842 -0.033125 0.06496204 0.00331384 -0.033125 0.06190422 0.00519809 -0.033125 0.06478001 0.00434613 -0.033125 0.0669738 0.00618693 -0.033125 0.06594151 0.00600491 -0.033125 0.06513853 0.00533113 -0.033125 0.05486147 -0.00333113 -0.033125 0.05521999 -0.00234613 -0.033125 0.05809578 -0.00319809 -0.033125 0.05556007 0.00223976 -0.033125 0.05503796 -0.00131384 -0.033125 0.05436419 -0.00051085 -0.033125 0.05405849 -0.00400491 -0.033125 0.05084531 -0.00657903 -0.033125 0.0530262 -0.00418693 -0.033125 0.05337918 -0.00015234 -0.033125 0.05234689 -0.00033436 -0.033125 0.04830961 -0.00114119 -0.033125 0.05154391 -0.00100814 -0.033125 0.0511854 -0.00199315 -0.033125 0.05136742 -0.00302544 -0.033125 0.0520412 -0.00382842 -0.033125 0.05039216 -0.00679034 -0.037125 0.05039216 -0.00679034 -0.033625 0.04495431 -0.00932605 -0.037125 0.05016559 -0.006896 -0.03355801 0.05039216 -0.00679034 0.033625 0.05039216 -0.00679034 0.037125 0.05016559 -0.006896 0.03355801 0.04495431 -0.00932605 0.037125 0.04999972 -0.00697334 0.033375 0.04999972 -0.00697334 -0.033375 0.04993901 -0.00700165 -0.033125 0.04999972 -0.00697334 -0.032875 0.04993901 -0.00700165 0.033125 0.04999972 -0.00697334 0.032875 0.05877551 -0.00288112 -0.03355801 0.05854893 -0.00298678 -0.033625 0.05854893 -0.00298678 -0.037125 0.05039216 -0.00679034 0.032625 0.05016559 -0.006896 0.03269199 0.05039216 -0.00679034 0.02685705 0.05764262 -0.0034094 -0.02685705 0.05673632 -0.00383201 -0.027125 0.05061874 -0.00668469 -0.03269199 0.05129847 -0.00636772 -0.027125 0.05039216 -0.00679034 -0.032625 0.05039216 -0.00679034 -0.02685705 0.05016559 -0.006896 -0.03269199 0.0497287 -0.00709972 -0.026125 0.04948585 -0.00721296 -0.025125 0.07214355 0.0033525 0.037125 0.07214355 0.0033525 0.033625 0.07758139 0.00588821 0.037125 0.07237013 0.00345815 0.03355801 0.07214355 0.0033525 -0.033625 0.07214355 0.0033525 -0.037125 0.07237013 0.00345815 -0.03355801 0.07758139 0.00588821 -0.037125 0.07253599 0.00353549 -0.033375 0.05830609 -0.00310002 -0.026125 0.06422962 -0.00033783 -0.026125 0.05894138 -0.00280378 -0.033375 0.06489309 -2.845E-05 -0.02685705 0.06579939 0.00039417 -0.027125 0.07123724 0.00292988 -0.027125 0.05854893 -0.00298678 -0.032625 0.05877551 -0.00288112 -0.03269199 0.05764262 -0.0034094 -0.00326795 0.05673632 -0.00383201 -0.003 0.06422962 -0.00033783 -0.004 0.0507846 -0.00660734 -0.032875 0.05815649 -0.00316978 -0.032875 0.05832236 -0.00309243 -0.03269199 0.06437922 -0.00026807 -0.032875 0.0717511 0.0031695 -0.032875 0.07214355 0.0033525 -0.02685705 0.07191697 0.00324684 -0.03269199 0.07280701 0.00366187 -0.026125 0.0637602 -0.00055672 0.03355801 0.06398678 -0.00045107 0.033625 0.06398678 -0.00045107 0.037125 0.05830609 -0.00310002 -0.004 0.05854893 -0.00298678 -0.005 0.05854893 -0.00298678 -0.025125 0.07214355 0.0033525 -0.032625 0.07237013 0.00345815 -0.03269199 0.07253599 0.00353549 -0.032875 0.06398678 -0.00045107 -0.037125 0.06398678 -0.00045107 -0.033625 0.0637602 -0.00055672 -0.03355801 0.06359433 -0.00063407 -0.033375 0.05900209 -0.00277547 -0.033125 0.06353363 -0.00066238 -0.033125 0.05894138 -0.00280378 -0.032875 0.06359433 -0.00063407 -0.032875 0.0637602 -0.00055672 -0.03269199 0.06398678 -0.00045107 -0.032625 0.06421336 -0.00034541 -0.03269199 0.06489309 -2.845E-05 -0.00326795 0.06398678 -0.00045107 0.005 0.05129847 -0.00636772 -0.003 0.05039216 -0.00679034 -0.00326795 0.07253599 0.00353549 0.032875 0.07237013 0.00345815 0.03269199 0.07304986 0.00377511 0.025125 0.07280701 0.00366187 -0.004 0.06489309 -2.845E-05 0.02685705 0.06579939 0.00039417 0.027125 0.07191697 0.00324684 0.03269199 0.07123724 0.00292988 0.027125 0.07214355 0.0033525 0.032625 0.07214355 0.0033525 0.02685705 0.07280701 0.00366187 0.026125 0.06359433 -0.00063407 0.033375 0.05061874 -0.00668469 0.03269199 0.05673632 -0.00383201 0.027125 0.0507846 -0.00660734 0.032875 0.05764262 -0.0034094 0.02685705 0.0497287 -0.00709972 0.026125 0.0725967 0.00356381 -0.033125 0.0497287 -0.00709972 -0.004 0.04948585 -0.00721296 -0.005 0.05894138 -0.00280378 0.032875 0.05877551 -0.00288112 0.03269199 0.07253599 0.00353549 0.033375 0.0725967 0.00356381 0.033125 0.0717511 0.0031695 0.032875 0.06437922 -0.00026807 0.032875 0.06398678 -0.00045107 0.025125 0.06422962 -0.00033783 0.026125 0.0637602 -0.00055672 0.03269199 0.06421336 -0.00034541 0.03269199 0.06398678 -0.00045107 0.032625 0.05129847 -0.00636772 0.027125 0.07304986 0.00377511 0.005 0.05815649 -0.00316978 0.032875 0.05832236 -0.00309243 0.03269199 0.05854893 -0.00298678 0.032625 0.05830609 -0.00310002 0.026125 0.07123724 0.00292988 0.003 0.06579939 0.00039417 0.003 0.06579939 0.00039417 -0.003 0.06489309 -2.845E-05 0.00326795 0.06422962 -0.00033783 0.004 0.07280701 0.00366187 0.004 0.07214355 0.0033525 0.00326795 0.07214355 0.0033525 -0.00326795 0.07123724 0.00292988 -0.003 0.05854893 -0.00298678 0.037125 0.05854893 -0.00298678 0.033625 0.05877551 -0.00288112 0.03355801 0.05894138 -0.00280378 0.033375 0.06353363 -0.00066238 0.033125 0.05900209 -0.00277547 0.033125 0.06359433 -0.00063407 0.032875 0.05673632 -0.00383201 0.003 0.05764262 -0.0034094 0.00326795 0.05830609 -0.00310002 0.004 0.05129847 -0.00636772 0.003 0.05039216 -0.00679034 0.00326795 0.0497287 -0.00709972 0.004 0.06960784 0.00879034 0.032625 0.06983442 0.008896 0.03269199 0.06960784 0.00879034 0.02685705 0.07000028 0.00897334 0.032875 0.07006099 0.00900165 0.033125 0.07504568 0.01132605 0.037125 0.06960784 0.00879034 0.033625 0.06960784 0.00879034 0.037125 0.06983442 0.008896 0.03355801 0.07000028 0.00897334 0.033375 0.07504568 0.01132605 -0.037125 0.07051415 0.00921296 0.005 0.07051415 0.00921296 0.025125 0.06960784 0.00879034 -0.037125 0.06960784 0.00879034 -0.033625 0.06983442 0.008896 -0.03355801 0.07000028 0.00897334 -0.033375 0.06960784 0.00879034 -0.02685705 0.0702713 0.00909972 -0.026125 0.06938126 0.00868469 0.03269199 0.06870153 0.00836772 0.027125 0.06326368 0.00583201 0.027125 0.0702713 0.00909972 0.026125 0.0542006 0.00160583 -0.027125 0.05510692 0.00202845 -0.02685705 0.06235738 0.0054094 -0.02685705 0.05577038 0.00233783 -0.026125 0.06169391 0.00510002 -0.026125 0.05601322 0.00245107 -0.025125 0.06145107 0.00498678 -0.033625 0.06145107 0.00498678 -0.037125 0.06122449 0.00488112 -0.03355801 0.05601322 0.00245107 -0.037125 0.06921539 0.00860734 -0.032875 0.06184351 0.00516978 -0.032875 0.06938126 0.00868469 -0.03269199 0.06167765 0.00509243 -0.03269199 0.04785645 -0.0013525 0.037125 0.04785645 -0.0013525 0.033625 0.04241861 -0.0038882 0.037125 0.04762987 -0.00145815 0.03355801 0.04785645 -0.0013525 -0.033625 0.04785645 -0.0013525 -0.037125 0.04762987 -0.00145815 -0.03355801 0.04241861 -0.0038882 -0.037125 0.04746401 -0.00153549 -0.033375 0.05601322 0.00245107 -0.033625 0.0562398 0.00255672 -0.03355801 0.05601322 0.00245107 -0.005 0.06169391 0.00510002 -0.004 0.07006099 0.00900165 -0.033125 0.07000028 0.00897334 -0.032875 0.06983442 0.008896 -0.03269199 0.06870153 0.00836772 -0.027125 0.06326368 0.00583201 -0.027125 0.04785645 -0.0013525 -0.02685705 0.05578664 0.00234541 -0.03269199 0.05562078 0.00226807 -0.032875 0.05577038 0.00233783 -0.004 0.06326368 0.00583201 -0.003 0.06235738 0.0054094 -0.00326795 0.0562398 0.00255672 -0.03269199 0.06122449 0.00488112 -0.03269199 0.06105863 0.00480378 -0.032875 0.05601322 0.00245107 -0.032625 0.04876276 -0.00092988 -0.027125 0.06145107 0.00498678 -0.032625 0.0702713 0.00909972 -0.004 0.05601322 0.00245107 0.033625 0.05601322 0.00245107 0.037125 0.0562398 0.00255672 0.03355801 0.06145107 0.00498678 0.037125 0.06960784 0.00879034 -0.032625 0.05640566 0.00263407 -0.033375 0.06105863 0.00480378 -0.033375 0.06099791 0.00477547 -0.033125 0.05646637 0.00266238 -0.033125 0.05640566 0.00263407 -0.032875 0.04824889 -0.0011695 -0.032875 0.04808303 -0.00124684 -0.03269199 0.04719299 -0.00166187 -0.026125 0.04695014 -0.00177511 -0.025125 0.06145107 0.00498678 0.033625 0.06122449 0.00488112 0.03355801 0.05510692 0.00202845 -0.00326795 0.06145107 0.00498678 0.005 0.06169391 0.00510002 0.004 0.04746401 -0.00153549 0.032875 0.04762987 -0.00145815 0.03269199 0.04785645 -0.0013525 -0.032625 0.04762987 -0.00145815 -0.03269199 0.04746401 -0.00153549 -0.032875 0.0562398 0.00255672 0.03269199 0.05577038 0.00233783 0.026125 0.05510692 0.00202845 0.02685705 0.06184351 0.00516978 0.032875 0.04719299 -0.00166187 -0.004 0.04695014 -0.00177511 -0.005 0.04824889 -0.0011695 0.032875 0.0542006 0.00160583 0.027125 0.04808303 -0.00124684 0.03269199 0.04876276 -0.00092988 0.027125 0.04785645 -0.0013525 0.032625 0.04785645 -0.0013525 0.02685705 0.04719299 -0.00166187 0.026125 0.06235738 0.0054094 0.02685705 0.06145107 0.00498678 0.032625 0.06167765 0.00509243 0.03269199 0.06921539 0.00860734 0.032875 0.05562078 0.00226807 0.032875 0.05578664 0.00234541 0.03269199 0.05601322 0.00245107 0.032625 0.06105863 0.00480378 0.033375 0.05640566 0.00263407 0.033375 0.05640566 0.00263407 0.032875 0.06122449 0.00488112 0.03269199 0.04746401 -0.00153549 0.033375 0.0474033 -0.0015638 0.033125 0.0474033 -0.0015638 -0.033125 0.05646637 0.00266238 0.033125 0.06099791 0.00477547 0.033125 0.06105863 0.00480378 0.032875 0.06235738 0.0054094 0.00326795 0.06326368 0.00583201 0.003 0.06870153 0.00836772 -0.003 0.06870153 0.00836772 0.003 0.06960784 0.00879034 -0.00326795 0.06960784 0.00879034 0.00326795 0.0702713 0.00909972 0.004 0.04719299 -0.00166187 0.004 0.04785645 -0.0013525 -0.00326795 0.04785645 -0.0013525 0.00326795 0.04876276 -0.00092988 -0.003 0.04876276 -0.00092988 0.003 0.0542006 0.00160583 -0.003 0.0542006 0.00160583 0.003 0.05510692 0.00202845 0.00326795 0.05577038 0.00233783 0.004 0.06145107 0.00498678 0.025125 0.06169391 0.00510002 0.026125 0.05952002 0.00133608 -0.037125 0.05975237 0.00153105 -0.037125 0.06005107 0.00158371 -0.037125 0.06033608 0.00147998 -0.037125 0.06024763 0.00046895 -0.037125 0.05994893 0.00041629 -0.037125 0.06047998 0.00066392 -0.037125 0.06058371 0.00094893 -0.037125 0.06053105 0.00124763 -0.037125 0.05941629 0.00105107 -0.037125 0.05946895 0.00075237 -0.037125 0.05966392 0.00052002 -0.037125 0.06005107 0.00158371 0.037125 0.05975237 0.00153105 0.037125 0.05952002 0.00133608 0.037125 0.05994893 0.00041629 0.037125 0.06024763 0.00046895 0.037125 0.06047998 0.00066392 0.037125 0.06033608 0.00147998 0.037125 0.06053105 0.00124763 0.037125 0.06058371 0.00094893 0.037125 0.05966392 0.00052002 0.037125 0.05946895 0.00075237 0.037125 0.05941629 0.00105107 0.037125 0.06774371 0.00552124 0.027125 0.06829271 0.00486696 0.027125 0.06844103 0.00402583 0.027125 0.06814891 0.00322324 0.027125 0.06749463 0.00267423 0.027125 0.0666535 0.00252592 0.027125 0.06694111 0.00581336 0.027125 0.06609999 0.00566504 0.027125 0.06544571 0.00511604 0.027125 0.06515358 0.00431344 0.027125 0.0653019 0.00347232 0.027125 0.06585091 0.00281804 0.027125 0.06694111 0.00581336 -0.027125 0.06609999 0.00566504 -0.027125 0.06544571 0.00511604 -0.027125 0.06515358 0.00431344 -0.027125 0.06844103 0.00402583 -0.027125 0.06829271 0.00486696 -0.027125 0.06774371 0.00552124 -0.027125 0.0653019 0.00347232 -0.027125 0.06585091 0.00281804 -0.027125 0.06814891 0.00322324 -0.027125 0.06749463 0.00267423 -0.027125 0.0666535 0.00252592 -0.027125 0.05484641 -0.00231344 -0.027125 0.0546981 -0.00147232 -0.027125 0.05414909 -0.00081804 -0.027125 0.0533465 -0.00052592 -0.027125 0.05305889 -0.00381336 -0.027125 0.05390001 -0.00366504 -0.027125 0.05455429 -0.00311604 -0.027125 0.05250537 -0.00067423 -0.027125 0.05185109 -0.00122324 -0.027125 0.05225629 -0.00352124 -0.027125 0.05170728 -0.00286696 -0.027125 0.05155897 -0.00202583 -0.027125 0.05414909 -0.00081804 0.027125 0.0546981 -0.00147232 0.027125 0.05484641 -0.00231344 0.027125 0.05185109 -0.00122324 0.027125 0.05250537 -0.00067423 0.027125 0.0533465 -0.00052592 0.027125 0.05225629 -0.00352124 0.027125 0.05170728 -0.00286696 0.027125 0.05155897 -0.00202583 0.027125 0.05305889 -0.00381336 0.027125 0.05390001 -0.00366504 0.027125 0.05455429 -0.00311604 0.027125 0.05390001 -0.00366504 -0.03275 0.05305889 -0.00381336 -0.03275 0.05225629 -0.00352124 -0.03275 0.05170728 -0.00286696 -0.03275 0.05155897 -0.00202583 -0.03275 0.05185109 -0.00122324 -0.03275 0.05250537 -0.00067423 -0.03275 0.0533465 -0.00052592 -0.03275 0.05414909 -0.00081804 -0.03275 0.0546981 -0.00147232 -0.03275 0.05484641 -0.00231344 -0.03275 0.05455429 -0.00311604 -0.03275 0.06749463 0.00267423 -0.03275 0.0666535 0.00252592 -0.03275 0.06585091 0.00281804 -0.03275 0.0653019 0.00347232 -0.03275 0.06515358 0.00431344 -0.03275 0.06544571 0.00511604 -0.03275 0.06609999 0.00566504 -0.03275 0.06694111 0.00581336 -0.03275 0.06774371 0.00552124 -0.03275 0.06829271 0.00486696 -0.03275 0.06844103 0.00402583 -0.03275 0.06814891 0.00322324 -0.03275 0.05250537 -0.00067423 0.03275 0.05185109 -0.00122324 0.03275 0.05155897 -0.00202583 0.03275 0.05170728 -0.00286696 0.03275 0.05225629 -0.00352124 0.03275 0.05305889 -0.00381336 0.03275 0.05390001 -0.00366504 0.03275 0.05455429 -0.00311604 0.03275 0.05484641 -0.00231344 0.03275 0.0546981 -0.00147232 0.03275 0.05414909 -0.00081804 0.03275 0.0533465 -0.00052592 0.03275 0.06609999 0.00566504 0.03275 0.06544571 0.00511604 0.03275 0.06515358 0.00431344 0.03275 0.0653019 0.00347232 0.03275 0.06585091 0.00281804 0.03275 0.0666535 0.00252592 0.03275 0.06749463 0.00267423 0.03275 0.06814891 0.00322324 0.03275 0.06844103 0.00402583 0.03275 0.06829271 0.00486696 0.03275 0.06774371 0.00552124 0.03275 0.06694111 0.00581336 0.03275 0.002 -0.009 0.038125 0.002 -0.009 0.040125 0.002 -0.0015 0.038125 0.002 -0.005 0.040125 0.002 -0.005 0.042125 0.002 -0.00492388 0.04174232 0.002 -0.00470711 0.04141789 0.002 -0.0015 0.041125 0.002 -0.004 0.041125 0.002 -0.00438268 0.04120112 -0.002 0.009 0.038125 -0.002 0.009 0.040125 -0.002 0.0015 0.038125 -0.002 0.005 0.040125 -0.002 0.005 0.042125 -0.002 0.00492388 0.04174232 -0.002 0.00470711 0.04141789 -0.002 0.0015 0.041125 -0.002 0.004 0.041125 -0.002 0.00438268 0.04120112 0.0063473 -0.00196962 0.041125 0.00557981 -0.00422063 0.041125 0.00597216 -0.00448485 0.041125 0.00629149 -0.00483383 0.041125 0.00642461 -0.00504625 0.041125 0.007 -0.00173205 0.041125 0.00513638 -0.00405594 0.041125 0.0056527 -0.00196962 0.041125 0.00466667 -0.004 0.041125 0.005 -0.00173205 0.041125 0.00446791 -0.00128558 0.041125 0.00412061 -0.00068404 0.041125 0.00231596 -0.00094145 0.041125 0.00412061 0.00068404 0.041125 0.00446791 0.00128558 0.041125 0.002 0.004 0.041125 0.00466667 0.004 0.041125 0.005 0.00173205 0.041125 0.00513638 0.00405594 0.041125 0.0056527 0.00196962 0.041125 0.00557981 0.00422063 0.041125 0.0063473 0.00196962 0.041125 0.00597216 0.00448485 0.041125 0.00753209 -0.00128558 0.041125 0.00855742 -0.00156832 0.041125 0.00787938 -0.00068404 0.041125 0.00888724 -0.00081478 0.041125 0.008 -0 0.041125 0.009 -0 0.041125 0.00787938 0.00068404 0.041125 0.00888724 0.00081478 0.041125 0.00753209 0.00128558 0.041125 0.00855742 0.00156832 0.041125 0.007 0.00173205 0.041125 0.00642461 0.00504625 0.041125 0.00629149 0.00483383 0.041125 0.002 0.0015 0.041125 0.00231596 0.00094145 0.041125 0.004 -0 0.041125 0.00247932 0.00032086 0.041125 0.00247932 -0.00032086 0.041125 -0.002 -0.0015 0.041125 -0.00412061 -0.00068404 0.041125 -0.002 -0.004 0.041125 -0.00446791 -0.00128558 0.041125 -0.00466667 -0.004 0.041125 -0.005 -0.00173205 0.041125 -0.00513638 -0.00405594 0.041125 -0.0056527 -0.00196962 0.041125 -0.00557981 -0.00422063 0.041125 -0.0063473 -0.00196962 0.041125 -0.00597216 -0.00448485 0.041125 -0.00642461 0.00504625 0.041125 -0.00855742 0.00156832 0.041125 -0.00753209 0.00128558 0.041125 -0.00787938 0.00068404 0.041125 -0.00888724 0.00081478 0.041125 -0.008 -0 0.041125 -0.009 -0 0.041125 -0.00787938 -0.00068404 0.041125 -0.00888724 -0.00081478 0.041125 -0.00753209 -0.00128558 0.041125 -0.00855742 -0.00156832 0.041125 -0.007 -0.00173205 0.041125 -0.00642461 -0.00504625 0.041125 -0.00629149 -0.00483383 0.041125 -0.007 0.00173205 0.041125 -0.0063473 0.00196962 0.041125 -0.00629149 0.00483383 0.041125 -0.00597216 0.00448485 0.041125 -0.00231596 -0.00094145 0.041125 -0.00247932 -0.00032086 0.041125 -0.004 -0 0.041125 -0.00247932 0.00032086 0.041125 -0.00412061 0.00068404 0.041125 -0.00231596 0.00094145 0.041125 -0.00446791 0.00128558 0.041125 -0.005 0.00173205 0.041125 -0.00466667 0.004 0.041125 -0.0056527 0.00196962 0.041125 -0.00513638 0.00405594 0.041125 -0.00557981 0.00422063 0.041125 0.003 -0.009 0.037125 0.00502271 -0.00077936 0.037125 0.00545765 -0.00112621 0.037125 0.004 0.009 0.037125 0.006 0.00125 0.037125 0.003 0.009 0.037125 0.00545765 0.00112621 0.037125 0.004 -0.009 0.037125 0.00502271 0.00077936 0.037125 0.00478134 0.00027815 0.037125 0.00478134 -0.00027815 0.037125 0.006 -0.00125 0.037125 0.00654235 -0.00112621 0.037125 0.00855742 -0.00156832 0.037125 0.00697729 -0.00077936 0.037125 0.00888724 -0.00081478 0.037125 0.00721866 -0.00027815 0.037125 0.009 -0 0.037125 0.00721866 0.00027815 0.037125 0.00888724 0.00081478 0.037125 0.00855742 0.00156832 0.037125 0.00697729 0.00077936 0.037125 0.00654235 0.00112621 0.037125 -0.00466667 -0.005 0.042125 -0.00466667 -0.005 0.045125 -0.002 -0.005 0.042125 0.00466667 -0.005 0.045125 0.00466667 -0.005 0.042125 0.00170711 -0.005 0.04083211 0.00192388 -0.005 0.04050768 -0.00138268 -0.005 0.04104888 -0.00170711 -0.005 0.04083211 -0.00192388 -0.005 0.04050768 -0.002 -0.005 0.040125 0.00138268 -0.005 0.04104888 0.001 -0.005 0.041125 -0.001 -0.005 0.041125 -0.004 -0.009 0.045125 0.004 -0.009 0.045125 -0.00551914 -0.00652277 0.045125 0.00551914 -0.00652277 0.045125 -0.00562252 -0.00570614 0.045125 -0.00565875 -0.00612559 0.045125 -0.00541686 -0.00533878 0.045125 -0.00507824 -0.00508862 0.045125 0.00562252 -0.00570614 0.045125 0.00541686 -0.00533878 0.045125 0.00565875 -0.00612559 0.045125 0.00507824 -0.00508862 0.045125 0.00138268 -0.009 0.04104888 0.00170711 -0.009 0.04083211 0.00192388 -0.009 0.04050768 -0.003 -0.009 0.037125 -0.00261732 -0.009 0.03720112 -0.00229289 -0.009 0.03741789 -0.00207612 -0.009 0.03774232 -0.002 -0.009 0.038125 -0.004 -0.009 0.037125 -0.002 -0.009 0.040125 -0.00192388 -0.009 0.04050768 -0.00170711 -0.009 0.04083211 -0.00138268 -0.009 0.04104888 -0.001 -0.009 0.041125 0.001 -0.009 0.041125 0.00229289 -0.009 0.03741789 0.00261732 -0.009 0.03720112 0.00207612 -0.009 0.03774232 -0.00721866 -0.00027815 0.037125 -0.00697729 -0.00077936 0.037125 -0.00855742 -0.00156832 0.037125 -0.00502271 0.00077936 0.037125 -0.00545765 0.00112621 0.037125 -0.003 0.009 0.037125 -0.00545765 -0.00112621 0.037125 -0.006 -0.00125 0.037125 -0.004 0.009 0.037125 -0.00654235 -0.00112621 0.037125 -0.006 0.00125 0.037125 -0.00654235 0.00112621 0.037125 -0.00855742 0.00156832 0.037125 -0.00697729 0.00077936 0.037125 -0.00888724 0.00081478 0.037125 -0.00721866 0.00027815 0.037125 -0.009 -0 0.037125 -0.00888724 -0.00081478 0.037125 -0.00502271 -0.00077936 0.037125 -0.00478134 -0.00027815 0.037125 -0.00478134 0.00027815 0.037125 0.00192388 0.009 0.04050768 0.00170711 0.009 0.04083211 0.004 0.009 0.045125 0.002 0.009 0.040125 -0.00138268 0.009 0.04104888 -0.00170711 0.009 0.04083211 -0.004 0.009 0.045125 -0.00192388 0.009 0.04050768 0.00229289 0.009 0.03741789 0.00207612 0.009 0.03774232 0.00261732 0.009 0.03720112 0.002 0.009 0.038125 0.00138268 0.009 0.04104888 0.001 0.009 0.041125 -0.001 0.009 0.041125 -0.00229289 0.009 0.03741789 -0.00261732 0.009 0.03720112 -0.00207612 0.009 0.03774232 0.00565875 0.00612559 0.045125 0.00551914 0.00652277 0.045125 0.00466667 0.005 0.045125 -0.00551914 0.00652277 0.045125 -0.00466667 0.005 0.045125 -0.00541686 0.00533878 0.045125 -0.00507824 0.00508862 0.045125 -0.00562252 0.00570614 0.045125 -0.00565875 0.00612559 0.045125 0.00507824 0.00508862 0.045125 0.00541686 0.00533878 0.045125 0.00562252 0.00570614 0.045125 -0.00466667 0.005 0.042125 0.002 0.005 0.042125 0.00466667 0.005 0.042125 -0.00170711 0.005 0.04083211 -0.00192388 0.005 0.04050768 0.00138268 0.005 0.04104888 0.00170711 0.005 0.04083211 0.00192388 0.005 0.04050768 0.002 0.005 0.040125 -0.00138268 0.005 0.04104888 -0.001 0.005 0.041125 0.001 0.005 0.041125 0.002 0.0015 0.038125 0.002 0.00438268 0.04120112 0.002 0.00470711 0.04141789 0.002 0.00492388 0.04174232 -0.002 -0.0015 0.038125 -0.002 -0.00438268 0.04120112 -0.002 -0.00470711 0.04141789 -0.002 -0.00492388 0.04174232 0.009 -0 0.037125 0.00551914 0.00652277 0.042125 0.00570626 0.00621764 0.04177801 0.00584608 0.00598963 0.0415534 0.00598719 0.00575953 0.04137177 0.00613356 0.00552084 0.04123544 0.0063015 0.00524699 0.04114522 0.00552148 0.00651896 0.04212053 0.00568416 0.00625368 0.04181693 0.00616322 0.00547248 0.04121436 0.00623059 0.00536262 0.04117465 0.00628238 -0.00527817 0.0411519 0.00616322 -0.00547248 0.04121436 0.00600832 -0.00572508 0.04134879 0.00584608 -0.00598963 0.0415534 0.0056516 -0.00630678 0.0418756 0.00551914 -0.00652277 0.042125 0.00552148 -0.00651896 0.04212053 0.00502271 0.00077936 0.039125 0.00478134 0.00027815 0.039125 0.00475 -0 0.039125 0.00478134 -0.00027815 0.039125 0.00502271 -0.00077936 0.039125 0.00545765 -0.00112621 0.039125 0.006 -0.00125 0.039125 0.00654235 -0.00112621 0.039125 0.00697729 -0.00077936 0.039125 0.00721866 -0.00027815 0.039125 0.00721866 0.00027815 0.039125 0.00697729 0.00077936 0.039125 0.00654235 0.00112621 0.039125 0.006 0.00125 0.039125 0.00545765 0.00112621 0.039125 -0.009 -0 0.037125 -0.00551914 -0.00652277 0.042125 -0.00570626 -0.00621764 0.04177801 -0.00584608 -0.00598963 0.0415534 -0.00598719 -0.00575953 0.04137177 -0.00613356 -0.00552084 0.04123544 -0.0063015 -0.00524699 0.04114522 -0.00552148 -0.00651896 0.04212053 -0.00568416 -0.00625368 0.04181693 -0.00616322 -0.00547248 0.04121436 -0.00623059 -0.00536262 0.04117465 -0.00628238 0.00527817 0.0411519 -0.00616322 0.00547248 0.04121436 -0.00600832 0.00572508 0.04134879 -0.00584608 0.00598963 0.0415534 -0.0056516 0.00630678 0.0418756 -0.00551914 0.00652277 0.042125 -0.00552148 0.00651896 0.04212053 -0.00697729 0.00077936 0.039125 -0.00721866 0.00027815 0.039125 -0.00725 -0 0.039125 -0.00721866 -0.00027815 0.039125 -0.00697729 -0.00077936 0.039125 -0.00654235 -0.00112621 0.039125 -0.006 -0.00125 0.039125 -0.00545765 -0.00112621 0.039125 -0.00502271 -0.00077936 0.039125 -0.00478134 -0.00027815 0.039125 -0.00478134 0.00027815 0.039125 -0.00502271 0.00077936 0.039125 -0.00545765 0.00112621 0.039125 -0.006 0.00125 0.039125 -0.00654235 0.00112621 0.039125 0.0056527 -0.00196962 0.039125 0.0063473 -0.00196962 0.039125 0.007 -0.00173205 0.039125 0.00753209 -0.00128558 0.039125 0.00787938 -0.00068404 0.039125 0.008 -0 0.039125 0.00787938 0.00068404 0.039125 0.00753209 0.00128558 0.039125 0.007 0.00173205 0.039125 0.0063473 0.00196962 0.039125 0.0056527 0.00196962 0.039125 0.005 0.00173205 0.039125 0.00446791 0.00128558 0.039125 0.00412061 0.00068404 0.039125 0.004 -0 0.039125 0.00412061 -0.00068404 0.039125 0.00446791 -0.00128558 0.039125 0.005 -0.00173205 0.039125 -0.0063473 -0.00196962 0.039125 -0.0056527 -0.00196962 0.039125 -0.005 -0.00173205 0.039125 -0.00446791 -0.00128558 0.039125 -0.00412061 -0.00068404 0.039125 -0.004 -0 0.039125 -0.00412061 0.00068404 0.039125 -0.00446791 0.00128558 0.039125 -0.005 0.00173205 0.039125 -0.0056527 0.00196962 0.039125 -0.0063473 0.00196962 0.039125 -0.007 0.00173205 0.039125 -0.00753209 0.00128558 0.039125 -0.00787938 0.00068404 0.039125 -0.008 -0 0.039125 -0.00787938 -0.00068404 0.039125 -0.00753209 -0.00128558 0.039125 -0.007 -0.00173205 0.039125 0.00561408 0.00632002 0.042125 0.0055933 0.00562402 0.042125 0.00562252 0.00570614 0.042125 0.00565568 0.00585216 0.042125 0.00566274 0.00608857 0.042125 0.00547908 0.00541692 0.042125 0.00541686 0.00533878 0.042125 0.00531942 0.00524243 0.042125 0.00512324 0.00511031 0.042125 0.00490152 0.00502797 0.042125 -0.00490152 0.00502797 0.042125 -0.00531942 0.00524243 0.042125 -0.00512324 0.00511031 0.042125 -0.00562252 0.00570614 0.042125 -0.0055933 0.00562402 0.042125 -0.00547908 0.00541692 0.042125 -0.00541686 0.00533878 0.042125 -0.00565568 0.00585216 0.042125 -0.00566274 0.00608857 0.042125 -0.00561408 0.00632002 0.042125 -0.00561408 -0.00632002 0.042125 -0.00565568 -0.00585216 0.042125 -0.00566274 -0.00608857 0.042125 -0.00541686 -0.00533878 0.042125 -0.00547908 -0.00541692 0.042125 -0.0055933 -0.00562402 0.042125 -0.00562252 -0.00570614 0.042125 -0.00531942 -0.00524243 0.042125 -0.00512324 -0.00511031 0.042125 -0.00490152 -0.00502797 0.042125 0.00490152 -0.00502797 0.042125 0.00547908 -0.00541692 0.042125 0.00541686 -0.00533878 0.042125 0.00531942 -0.00524243 0.042125 0.00512324 -0.00511031 0.042125 0.0055933 -0.00562402 0.042125 0.00562252 -0.00570614 0.042125 0.00565568 -0.00585216 0.042125 0.00566274 -0.00608857 0.042125 0.00561408 -0.00632002 0.042125 -0.00202056 -0.00147219 0.03792328 -0.00218262 -0.00121909 0.0375489 -0.00207612 -0.00139274 0.03774232 -0.00229289 0.00099631 0.03741789 -0.00241653 0.0006406 0.03731287 -0.00247932 0.00032086 0.03727125 -0.0025 7.2E-07 0.03725898 -0.00247932 -0.00032086 0.03727125 -0.00241685 -0.00063939 0.03731263 -0.00231596 -0.00094145 0.03739556 -0.00202067 0.00147204 0.03792275 -0.00207612 0.00139274 0.03774232 -0.00218266 0.00121901 0.03754884 0.00202056 0.00147219 0.03792328 0.00218262 0.00121909 0.0375489 0.00207612 0.00139274 0.03774232 0.00229289 -0.00099631 0.03741789 0.00241653 -0.0006406 0.03731287 0.00247932 -0.00032086 0.03727125 0.0025 -7.2E-07 0.03725898 0.00247932 0.00032086 0.03727125 0.00241685 0.00063939 0.03731263 0.00231596 0.00094145 0.03739556 0.00202067 -0.00147204 0.03792275 0.00207612 -0.00139274 0.03774232 0.00218266 -0.00121901 0.03754884 -0.00466667 0.00430902 0.04117394 -0.00466667 0.00458779 0.04131598 -0.00466667 0.00470711 0.04141789 -0.00466667 0.00480902 0.04153721 -0.00466667 0.00495106 0.04181598 -0.00494637 0.00484233 0.04153721 -0.00584456 0.00582393 0.04153721 -0.00597527 0.00546904 0.04131598 -0.00570408 0.00584493 0.04181598 -0.00571149 0.00609291 0.04181598 -0.0050638 0.00435631 0.04117394 -0.00543872 0.00449556 0.04117394 -0.00577045 0.00471895 0.04117394 -0.00604044 0.00501401 0.04117394 -0.00499833 0.00462728 0.04131598 -0.00531144 0.00474357 0.04131598 -0.00558849 0.00493014 0.04131598 -0.00581397 0.00517656 0.04131598 -0.00521044 0.0049404 0.04153721 -0.00544408 0.00509774 0.04153721 -0.00563423 0.00530556 0.04153721 -0.00577027 0.00555222 0.04153721 -0.00563865 0.00560562 0.04181598 -0.00491302 0.0049804 0.04181598 -0.00514558 0.00506677 0.04181598 -0.00535136 0.00520535 0.04181598 -0.00551884 0.00538838 0.04181598 0.00466667 0.00430902 0.04117394 0.00466667 0.00458779 0.04131598 0.00466667 0.00470711 0.04141789 0.00466667 0.00480902 0.04153721 0.00466667 0.00495106 0.04181598 0.00577027 0.00555222 0.04153721 0.00584456 0.00582393 0.04153721 0.00570408 0.00584493 0.04181598 0.00604044 0.00501401 0.04117394 0.00571149 0.00609291 0.04181598 0.00597527 0.00546904 0.04131598 0.0050638 0.00435631 0.04117394 0.00543872 0.00449556 0.04117394 0.00499833 0.00462728 0.04131598 0.00531144 0.00474357 0.04131598 0.00558849 0.00493014 0.04131598 0.00577045 0.00471895 0.04117394 0.00581397 0.00517656 0.04131598 0.00494637 0.00484233 0.04153721 0.00521044 0.0049404 0.04153721 0.00544408 0.00509774 0.04153721 0.00563423 0.00530556 0.04153721 0.00491302 0.0049804 0.04181598 0.00514558 0.00506677 0.04181598 0.00535136 0.00520535 0.04181598 0.00551884 0.00538838 0.04181598 0.00563865 0.00560562 0.04181598 -0.00466667 -0.00495106 0.04181598 -0.00466667 -0.00480902 0.04153721 -0.00466667 -0.00470711 0.04141789 -0.00466667 -0.00458779 0.04131598 -0.00466667 -0.00430902 0.04117394 -0.00577027 -0.00555222 0.04153721 -0.00584456 -0.00582393 0.04153721 -0.00570408 -0.00584493 0.04181598 -0.00604044 -0.00501401 0.04117394 -0.00571149 -0.00609291 0.04181598 -0.00597527 -0.00546904 0.04131598 -0.0050638 -0.00435631 0.04117394 -0.00543872 -0.00449556 0.04117394 -0.00499833 -0.00462728 0.04131598 -0.00531144 -0.00474357 0.04131598 -0.00558849 -0.00493014 0.04131598 -0.00577045 -0.00471895 0.04117394 -0.00581397 -0.00517656 0.04131598 -0.00494637 -0.00484233 0.04153721 -0.00521044 -0.0049404 0.04153721 -0.00544408 -0.00509774 0.04153721 -0.00563423 -0.00530556 0.04153721 -0.00491302 -0.0049804 0.04181598 -0.00514558 -0.00506677 0.04181598 -0.00535136 -0.00520535 0.04181598 -0.00551884 -0.00538838 0.04181598 -0.00563865 -0.00560562 0.04181598 0.00466667 -0.00495106 0.04181598 0.00466667 -0.00480902 0.04153721 0.00466667 -0.00470711 0.04141789 0.00466667 -0.00458779 0.04131598 0.00466667 -0.00430902 0.04117394 0.00494637 -0.00484233 0.04153721 0.00584456 -0.00582393 0.04153721 0.00597527 -0.00546904 0.04131598 0.00570408 -0.00584493 0.04181598 0.00571149 -0.00609291 0.04181598 0.0050638 -0.00435631 0.04117394 0.00543872 -0.00449556 0.04117394 0.00577045 -0.00471895 0.04117394 0.00604044 -0.00501401 0.04117394 0.00499833 -0.00462728 0.04131598 0.00531144 -0.00474357 0.04131598 0.00558849 -0.00493014 0.04131598 0.00581397 -0.00517656 0.04131598 0.00521044 -0.0049404 0.04153721 0.00544408 -0.00509774 0.04153721 0.00563423 -0.00530556 0.04153721 0.00577027 -0.00555222 0.04153721 0.00563865 -0.00560562 0.04181598 0.00491302 -0.0049804 0.04181598 0.00514558 -0.00506677 0.04181598 0.00535136 -0.00520535 0.04181598 0.00551884 -0.00538838 0.04181598 0.00216117 -0.00125672 0.03777144 0.00217598 0.0012309 0.03776028 -0.00216117 0.00125672 0.03777144 -0.00217598 -0.0012309 0.03776028 0.05931041 -0.00993288 0.033125 0.05969417 -0.01074047 0.033125 0.05785549 -0.01043007 0.033125 0.09126659 0.0029549 0.033125 0.09008841 -0.00648482 0.033125 0.08672417 -0.01015479 0.033125 0.08853159 0.00542231 0.033125 0.08267392 0.00269083 0.033125 0.08267392 0.00558146 0.033125 0.07148544 0.00464551 0.033125 0.07165971 0.00402894 0.033125 0.06889731 0.00416964 0.033125 0.095 0.0165 0.033125 0.11237551 0.01169625 0.033125 0.09186809 0.01169625 0.033125 0.12769568 -0.01380906 0.033125 0.13098368 -0.0139654 0.033125 0.11237551 -0.01527611 0.033125 -0 0.014 0.033125 -0.00077001 0.01397881 0.033125 0.045 0.0165 0.033125 0.04032608 0.01169625 0.033125 0.04508265 0.01149697 0.033125 0.02201294 0.0102262 0.033125 0.04211642 -0.00430496 0.033125 0.04262578 -0.00469366 0.033125 0.04298609 -0.00522348 0.033125 0.03869282 -0.0091 0.033125 0.04032608 -0.00648482 0.033125 0.0388 -0.0095 0.033125 0.04032608 -0.01043007 0.033125 0.03869282 -0.0099 0.033125 0.02941579 -0.00702805 0.033125 0.02876839 -0.00648482 0.033125 0.03730718 -0.0091 0.033125 0.03730718 -0.0099 0.033125 0.02802021 -0.01055711 0.033125 0.02899053 -0.01036564 0.033125 0.0372 -0.0095 0.033125 0.0376 -0.01019282 0.033125 0.038 -0.0103 0.033125 0.0384 -0.01019282 0.033125 0.0384 -0.00880718 0.033125 0.038 -0.0087 0.033125 0.0376 -0.00880718 0.033125 0.02975046 -0.00973265 0.033125 0.03011417 -0.00881292 0.033125 0.02999271 -0.00783137 0.033125 0.00918656 -0.01056443 0.033125 0.01660362 -0.00992824 0.033125 0.01567723 -0.00964179 0.033125 0.02083736 0.00669714 0.033125 0.01898771 0.00146376 0.033125 0.01809818 0.00148613 0.033125 0.01728699 0.00112045 0.033125 0.0135716 0.0034368 0.033125 0.01671469 0.00043911 0.033125 0.01395218 -0.00115611 0.033125 0.03141081 -0.00217503 0.033125 0.01977949 0.00105776 0.033125 0.03206729 -0.00254142 0.033125 0.03281267 -0.00263956 0.033125 0.03354162 -0.00245555 0.033125 0.04032608 0.00070809 0.033125 0.01649458 -0.00042305 0.033125 0.01604895 -0.00383159 0.033125 0.01282083 -0.00562374 0.033125 0.01490674 -0.00707383 0.033125 0.01030013 -0.00948194 0.033125 0.01471579 -0.00802451 0.033125 0.01499446 -0.00895326 0.033125 0.11406066 0.00927515 0.033125 0.11339012 0.00996151 0.033125 0.12140102 0.01104797 0.033125 0.11237551 0.01077692 0.033125 0.11433434 0.00835548 0.033125 0.11827967 0.00765727 0.033125 0.11414818 0.00741418 0.033125 0.1164284 0.0034368 0.033125 0.1132091 0.0049311 0.033125 0.11265641 0.00233454 0.033125 0.11604781 -0.00115611 0.033125 0.11233324 0.00148425 0.033125 0.11237551 -0.00648482 0.033125 0.1116669 0.00086505 0.033125 0.10992644 -0.00722858 0.033125 0.10989855 0.00075791 0.033125 0.11079524 0.000605 0.033125 0.1001263 0.00408935 0.033125 0.10383491 0.00744465 0.033125 0.10916234 0.00129215 0.033125 0.09783645 0.00462267 0.033125 0.09186809 0.00558146 0.033125 0.09865312 0.00477978 0.033125 0.09946309 0.00459113 0.033125 0.10339874 0.00920641 0.033125 0.10340548 0.00827321 0.033125 0.09186809 0.00773482 0.033125 0.11247708 0.01025657 0.033125 0.10548739 0.01074891 0.033125 0.09186809 0.01077692 0.033125 0.10456686 0.01059548 0.033125 0.10381617 0.01004108 0.033125 0.10939632 -0.01028018 0.033125 0.11004823 -0.00969141 0.033125 0.11237551 -0.01043007 0.033125 0.11038497 -0.00888008 0.033125 0.11034158 -0.00800272 0.033125 0.10855501 -0.01053283 0.033125 0.11237551 -0.01103007 0.033125 0.0948943 -0.01149506 0.033125 0.09435935 -0.0115 0.033125 0.095 -0.0165 0.033125 0.09344275 -0.01127759 0.033125 0.09186809 -0.0165 0.033125 0.09186809 -0.01103007 0.033125 0.09186809 -0.01043007 0.033125 0.09272999 -0.01065983 0.033125 0.09715428 0.00414698 0.033125 0.09672457 0.00343495 0.033125 0.09186809 -0.00648482 0.033125 0.09246957 -0.00884521 0.033125 0.09237963 -0.00978411 0.033125 0.04519265 0.0115 0.033125 0.05103065 0.01169625 0.033125 0.05103065 0.0115 0.033125 0.05444798 0.0115 0.033125 0.05537473 0.01169625 0.033125 0.05531949 0.01130013 0.033125 0.05601681 0.01074047 0.033125 0.05785549 0.01169625 0.033125 0.05785549 0.01077692 0.033125 0.05599861 0.00823684 0.033125 0.05639407 0.00903877 0.033125 0.05785549 0.00773482 0.033125 0.05640057 0.00993288 0.033125 0.04805165 -0.0008162 0.033125 0.04781719 -0.00079009 0.033125 0.05077704 0.00558146 0.033125 0.042455 -0.00337471 0.033125 0.04221921 -0.00338202 0.033125 0.05537473 0.00773482 0.033125 0.05529322 0.00768738 0.033125 0.05537473 0.00558146 0.033125 0.05103065 0.00569972 0.033125 0.05103065 0.00558146 0.033125 0.04824803 -0.00094691 0.033125 0.04201302 -0.00349662 0.033125 0.04188231 -0.00369301 0.033125 0.0418562 -0.00392747 0.033125 0.04194049 -0.0041478 0.033125 0.04851456 -0.00264551 0.033125 0.04834029 -0.00202894 0.033125 0.04836994 -0.00138889 0.033125 0.04759686 -0.00087438 0.033125 0.0474397 -0.00105031 0.033125 0.047051 -0.00155967 0.033125 0.05103065 -0.00648482 0.033125 0.04836264 -0.0011531 0.033125 0.04309504 -0.00340436 0.033125 0.04371162 -0.00323009 0.033125 0.04652118 -0.00191998 0.033125 0.04982468 -0.00545507 0.033125 0.01172033 0.00765727 0.033125 0.02027693 0.00745965 0.033125 0.02012978 0.00839446 0.033125 0.00859898 0.01104797 0.033125 0.02042885 0.00929227 0.033125 0.00454579 0.01324144 0.033125 -0.00077001 -0.01397881 0.033125 0.00230432 -0.01380906 0.033125 0.045 -0.0165 0.033125 0.00666326 -0.01231263 0.033125 0.04032608 -0.01103007 0.033125 0.05103065 -0.01103007 0.033125 0.05103065 -0.0165 0.033125 0.12333674 -0.01231263 0.033125 0.11717917 -0.00562374 0.033125 0.11969987 -0.00948194 0.033125 0.09475377 -0.0115 0.033125 0.13098368 0.0139654 0.033125 0.13 0.014 0.033125 0.1254542 0.01324144 0.033125 0.06469731 0.00416964 0.033125 0.06497865 0.00311964 0.033125 0.06462526 -0.00572539 0.033125 0.06574731 0.00235098 0.033125 0.06679731 0.00206964 0.033125 0.06784731 0.00235098 0.033125 0.06861596 0.00311964 0.033125 0.07163005 0.00338889 0.033125 0.07163736 0.0031531 0.033125 0.07175197 0.00294691 0.033125 0.07194836 0.0028162 0.033125 0.07218281 0.00279009 0.033125 0.07240314 0.00287438 0.033125 0.0725603 0.00305031 0.033125 0.072949 0.00355967 0.033125 0.07347883 0.00391998 0.033125 0.07628838 0.00523009 0.033125 0.07798699 0.00549662 0.033125 0.07778079 0.00538202 0.033125 0.07754499 0.00537471 0.033125 0.07690495 0.00540436 0.033125 0.06497865 0.00521964 0.033125 0.06462526 0.00558146 0.033125 0.06574731 0.00598829 0.033125 0.06462526 0.00773482 0.033125 0.06679731 0.00626964 0.033125 0.06784731 0.00598829 0.033125 0.07017532 0.00745507 0.033125 0.06861596 0.00521964 0.033125 0.06981502 0.00798489 0.033125 0.06454919 -0.00041181 0.033125 0.05803544 -0.00295038 0.033125 0.05804275 -0.00318617 0.033125 0.05785549 -0.00648482 0.033125 0.06196456 0.00495038 0.033125 0.06195726 0.00518617 0.033125 0.05815735 -0.00339237 0.033125 0.05835374 -0.00352307 0.033125 0.05858819 -0.00354918 0.033125 0.06395038 -0.00096456 0.033125 0.06418617 -0.00095725 0.033125 0.06184265 0.00539237 0.033125 0.06164626 0.00552307 0.033125 0.06141181 0.00554918 0.033125 0.06119148 0.00546489 0.033125 0.05785549 0.00558146 0.033125 0.06103431 0.00528896 0.033125 0.06064562 0.0047796 0.033125 0.06439237 -0.00084265 0.033125 0.06452307 -0.00064626 0.033125 0.05880852 -0.00346489 0.033125 0.06299668 -0.00648482 0.033125 0.05896569 -0.00328896 0.033125 0.06446489 -0.00019148 0.033125 0.06428896 -3.431E-05 0.033125 0.0637796 0.00035438 0.033125 0.06193491 0.00431034 0.033125 0.06210918 0.00369376 0.033125 0.0634193 0.00088421 0.033125 0.06331034 -0.00093491 0.033125 0.06269376 -0.00110918 0.033125 0.05988421 -0.0024193 0.033125 0.05935438 -0.0027796 0.033125 0.05545082 0.00241181 0.033125 0.05553511 0.00219148 0.033125 0.05537473 -0.00648482 0.033125 0.05571104 0.00203431 0.033125 0.06011579 0.0044193 0.033125 0.05730624 0.00310918 0.033125 0.05668966 0.00293491 0.033125 0.05604962 0.00296456 0.033125 0.05581383 0.00295725 0.033125 0.05560763 0.00284265 0.033125 0.05547693 0.00264626 0.033125 0.05806509 -0.00231034 0.033125 0.05789082 -0.00169376 0.033125 0.0565807 0.00111579 0.033125 0.0562204 0.00164562 0.033125 0.06964424 0.00930384 0.033125 0.06940845 0.00929653 0.033125 0.06462526 0.01077692 0.033125 0.06930566 0.00837359 0.033125 0.06912973 0.00853075 0.033125 0.06920225 0.00918193 0.033125 0.06907155 0.00898554 0.033125 0.06904543 0.00875108 0.033125 0.07478609 0.01180417 0.033125 0.07462893 0.01162824 0.033125 0.06462526 0.01169625 0.033125 0.07424023 0.01111888 0.033125 0.07371041 0.01075857 0.033125 0.07090086 0.00944845 0.033125 0.07028428 0.00927418 0.033125 0.07543727 0.01173164 0.033125 0.07524088 0.01186235 0.033125 0.08267392 0.0165 0.033125 0.07500643 0.01188846 0.033125 0.06462526 0.0165 0.033125 0.07555918 0.01128965 0.033125 0.07555187 0.01152545 0.033125 0.08267392 0.01169625 0.033125 0.07811769 0.00569301 0.033125 0.0781438 0.00592747 0.033125 0.08267392 0.00773482 0.033125 0.07805951 0.0061478 0.033125 0.07788358 0.00630496 0.033125 0.07552953 0.01064961 0.033125 0.08267392 0.01077692 0.033125 0.0757038 0.01003304 0.033125 0.07701392 0.00722348 0.033125 0.07737422 0.00669366 0.033125 0.04444813 -0.00952545 0.033125 0.04456273 -0.00973164 0.033125 0.05018498 -0.00598489 0.033125 0.05069435 -0.00637359 0.033125 0.05087028 -0.00653075 0.033125 0.05095457 -0.00675108 0.033125 0.05092845 -0.00698554 0.033125 0.04444082 -0.00928965 0.033125 0.04447047 -0.00864961 0.033125 0.0442962 -0.00803304 0.033125 0.04475912 -0.00986234 0.033125 0.04499358 -0.00988846 0.033125 0.05103065 -0.01043007 0.033125 0.05035576 -0.00730384 0.033125 0.05059155 -0.00729653 0.033125 0.05079775 -0.00718192 0.033125 0.04521391 -0.00980417 0.033125 0.04537107 -0.00962824 0.033125 0.04575977 -0.00911888 0.033125 0.04971572 -0.00727418 0.033125 0.04909915 -0.00744845 0.033125 0.04628959 -0.00875857 0.033125 0.09135874 0.00387805 0.033125 0.09102441 0.00474347 0.033125 0.09033557 0.00536491 0.033125 0.09008841 0.00558146 0.033125 0.09008841 -0.01043007 0.033125 0.09008841 -0.01103007 0.033125 0.08630326 -0.01085736 0.033125 0.08563605 -0.01133231 0.033125 0.09008841 -0.0165 0.033125 0.0848344 -0.0115 0.033125 0.08267392 -0.0165 0.033125 0.08267392 -0.0115 0.033125 0.06462526 -0.0115 0.033125 0.06462526 -0.0165 0.033125 0.061263 -0.0115 0.033125 0.05785549 -0.0165 0.033125 0.06039149 -0.01130013 0.033125 0.06041777 -0.00768738 0.033125 0.05971238 -0.00823684 0.033125 0.05931691 -0.00903877 0.033125 0.088 0.0092 0.033125 0.0884 0.00930718 0.033125 0.09008841 0.00773482 0.033125 0.088 0.0108 0.033125 0.0876 0.01069282 0.033125 0.08869282 0.0096 0.033125 0.0888 0.01 0.033125 0.09008841 0.01077692 0.033125 0.08869282 0.0104 0.033125 0.0884 0.01069282 0.033125 0.08944042 0.00560868 0.033125 0.0876 0.00930718 0.033125 0.08730718 0.0104 0.033125 0.0872 0.01 0.033125 0.08730718 0.0096 0.033125 0.09008841 0.01169625 0.033125 0.05215269 -0.00035098 0.033125 0.05138404 -0.00111964 0.033125 0.05110269 -0.00216964 0.033125 0.05138404 -0.00321964 0.033125 0.05502135 -0.00321964 0.033125 0.05530269 -0.00216964 0.033125 0.05502135 -0.00111964 0.033125 0.05425269 -0.00035098 0.033125 0.05320269 -6.964E-05 0.033125 0.05215269 -0.00398829 0.033125 0.05320269 -0.00426964 0.033125 0.05425269 -0.00398829 0.033125 0.05537473 -0.0165 0.033125 0.05537473 -0.01103007 0.033125 0.05785549 -0.01103007 0.033125 0.05537473 -0.01043007 0.033125 0.05785549 0.0165 0.033125 0.05537473 0.0165 0.033125 0.05103065 0.0165 0.033125 0.02110719 0.00995209 0.033125 0.09008841 0.0165 0.033125 0.09186809 0.0165 0.033125 0.09186809 0.00558146 0.037125 0.09186809 0.00593966 0.037125 0.09008841 0.00593966 0.037125 0.05668966 0.00293491 0.037125 0.05730624 0.00310918 0.037125 0.05785549 0.00487758 0.037125 -0.00454579 0.01324144 0.037125 -0.00859898 0.01104797 0.037125 -0.0013375 0.01169625 0.037125 -0.01394034 0.00129105 0.037125 -0.0013375 0.00127534 0.037125 -0.0013375 0.00158784 0.037125 -0.00230432 -0.01380906 0.037125 -0.00077001 -0.01397881 0.037125 -0.0013375 -0.01043007 0.037125 0.1405125 0.00664732 0.037125 0.14172032 0.00765727 0.037125 0.13859898 0.01104797 0.037125 0.004975 -0 0.037125 0.00511232 0.0005125 0.037125 0.0033125 0.00026585 0.037125 -0.000825 -0.00142894 0.037125 -0.00142894 -0.000825 0.037125 -0.0013375 -0.00214647 0.037125 0.0376 -0.00880718 0.037125 0.038 -0.0087 0.037125 0.04298609 -0.00522348 0.037125 0.07424023 0.01111888 0.037125 0.07462893 0.01162824 0.037125 0.06462526 0.01169625 0.037125 0.08267392 -0.0165 0.037125 0.08267392 -0.0115 0.037125 0.06462526 -0.0115 0.037125 0.05971238 -0.00823684 0.037125 0.06041777 -0.00768738 0.037125 0.05785549 -0.0078625 0.037125 0.08736341 0.00487758 0.037125 0.08267392 0.00487758 0.037125 0.08267392 0.00269083 0.037125 0.09033557 0.00536491 0.037125 0.09008841 0.00558146 0.037125 0.08944042 0.00560868 0.037125 0.01660362 -0.00992824 0.037125 0.01741828 -0.01043007 0.037125 0.02802021 -0.01055711 0.037125 0.01499446 -0.00895326 0.037125 0.01471579 -0.00802451 0.037125 0.01086931 -0.0078625 0.037125 0.01490674 -0.00707383 0.037125 0.01086931 -0.01043007 0.037125 0.01567723 -0.00964179 0.037125 0.02899053 -0.01036564 0.037125 0.03366511 -0.01587563 0.037125 0.01741828 -0.01498069 0.037125 0.03281267 -0.00263956 0.037125 0.02570155 -0.00391143 0.037125 0.03366511 -0.00391143 0.037125 0.02654875 -0.00462232 0.037125 0.03366511 -0.00462232 0.037125 0.02941579 -0.00702805 0.037125 0.03366511 -0.0078625 0.037125 0.02999271 -0.00783137 0.037125 0.03366511 -0.01043007 0.037125 0.03011417 -0.00881292 0.037125 0.02975046 -0.00973265 0.037125 0.03206729 -0.00254142 0.037125 0.03141081 -0.00217503 0.037125 0.02359815 -0.00214647 0.037125 0.03137677 -0.00214647 0.037125 0.02850188 0.00026585 0.037125 0.02072326 0.00026585 0.037125 0.01898771 0.00146376 0.037125 0.01741828 0.00158784 0.037125 0.01809818 0.00148613 0.037125 0.01741828 0.00127534 0.037125 0.01728699 0.00112045 0.037125 0.01086931 -0.00462232 0.037125 0.01604895 -0.00383159 0.037125 0.09186809 -0.01043007 0.037125 0.09237963 -0.00978411 0.037125 0.09186809 -0.0078625 0.037125 0.09246957 -0.00884521 0.037125 0.095 -0.0165 0.037125 0.09435935 -0.0115 0.037125 0.09186809 -0.0165 0.037125 0.09344275 -0.01127759 0.037125 0.09272999 -0.01065983 0.037125 0.10855501 -0.01053283 0.037125 0.0948943 -0.01149506 0.037125 0.09475377 -0.0115 0.037125 0.11038497 -0.00888008 0.037125 0.11004823 -0.00969141 0.037125 0.11237551 -0.01043007 0.037125 0.11237551 -0.01527611 0.037125 0.10939632 -0.01028018 0.037125 0.10256294 0.00127534 0.037125 0.10343704 0.00026585 0.037125 0.10989855 0.00075791 0.037125 0.11079524 0.000605 0.037125 0.11237551 0.00026585 0.037125 0.1116669 0.00086505 0.037125 0.11237551 0.00127534 0.037125 0.11233324 0.00148425 0.037125 0.11237551 0.00158784 0.037125 0.11265641 0.00233454 0.037125 0.11034158 -0.00800272 0.037125 0.11237551 -0.0078625 0.037125 0.10992644 -0.00722858 0.037125 0.11237551 -0.00462232 0.037125 0.10766969 -0.00462232 0.037125 0.11237551 -0.00391143 0.037125 0.10705414 -0.00391143 0.037125 0.11237551 -0.00214647 0.037125 0.10552587 -0.00214647 0.037125 0.10916234 0.00129215 0.037125 0.1089063 0.00158784 0.037125 0.10229234 0.00158784 0.037125 0.09186809 0.00487758 0.037125 0.09783645 0.00462267 0.037125 0.09865312 0.00477978 0.037125 0.09608456 0.00158784 0.037125 0.09672457 0.00343495 0.037125 0.09715428 0.00414698 0.037125 0.1001263 0.00408935 0.037125 0.10605773 0.00487758 0.037125 0.09946309 0.00459113 0.037125 0.09281008 -0.0078625 0.037125 0.09393278 -0.00462232 0.037125 0.09186809 -0.00462232 0.037125 0.0941791 -0.00391143 0.037125 0.09186809 -0.00391143 0.037125 0.09479064 -0.00214647 0.037125 0.09186809 -0.00214647 0.037125 0.0956265 0.00026585 0.037125 0.09186809 0.00026585 0.037125 0.09597628 0.00127534 0.037125 0.09186809 0.00127534 0.037125 0.09186809 0.00158784 0.037125 0.09135874 0.00387805 0.037125 0.09126659 0.0029549 0.037125 0.08267392 0.00558146 0.037125 0.06679731 0.00206964 0.037125 0.06574731 0.00235098 0.037125 0.06462526 0.00158784 0.037125 0.07137723 0.00487758 0.037125 0.06861596 0.00521964 0.037125 0.07148544 0.00464551 0.037125 0.06889731 0.00416964 0.037125 0.07165971 0.00402894 0.037125 0.06497865 0.00311964 0.037125 0.06469731 0.00416964 0.037125 0.06462526 0.00487758 0.037125 0.06861596 0.00311964 0.037125 0.06784731 0.00235098 0.037125 0.08030854 0.00158784 0.037125 0.0725603 0.00305031 0.037125 0.07240314 0.00287438 0.037125 0.07163005 0.00338889 0.037125 0.07163736 0.0031531 0.037125 0.072949 0.00355967 0.037125 0.07347883 0.00391998 0.037125 0.07628838 0.00523009 0.037125 0.07218281 0.00279009 0.037125 0.07194836 0.0028162 0.037125 0.07175197 0.00294691 0.037125 0.06462526 0.00127534 0.037125 0.07963838 0.00127534 0.037125 0.06462526 0.00026585 0.037125 0.07747354 0.00026585 0.037125 0.06462526 -0.00214647 0.037125 0.0723003 -0.00214647 0.037125 0.06462526 -0.00391143 0.037125 0.06851532 -0.00391143 0.037125 0.06462526 -0.00462232 0.037125 0.06699082 -0.00462232 0.037125 0.05931691 -0.00903877 0.037125 0.05785549 -0.01043007 0.037125 0.05969417 -0.01074047 0.037125 0.05931041 -0.00993288 0.037125 0.061263 -0.0115 0.037125 0.06039149 -0.01130013 0.037125 0.05785549 -0.0165 0.037125 0.06462526 -0.0165 0.037125 0.08672417 -0.01015479 0.037125 0.08630326 -0.01085736 0.037125 0.09008841 -0.0165 0.037125 0.08563605 -0.01133231 0.037125 0.0848344 -0.0115 0.037125 0.09008841 -0.00044541 0.037125 0.089499 -0.00214647 0.037125 0.09008841 -0.00214647 0.037125 0.08888746 -0.00391143 0.037125 0.09008841 -0.00391143 0.037125 0.08864114 -0.00462232 0.037125 0.09008841 -0.00462232 0.037125 0.08751844 -0.0078625 0.037125 0.09008841 -0.0078625 0.037125 0.09008841 -0.01043007 0.037125 0.07754499 0.00537471 0.037125 0.07690495 0.00540436 0.037125 0.07805951 0.0061478 0.037125 0.0781438 0.00592747 0.037125 0.08267392 0.00593966 0.037125 0.07811769 0.00569301 0.037125 0.07798699 0.00549662 0.037125 0.07778079 0.00538202 0.037125 0.08267392 0.00664732 0.037125 0.07788358 0.00630496 0.037125 0.07737422 0.00669366 0.037125 0.07701392 0.00722348 0.037125 0.08267392 0.01077692 0.037125 0.0757038 0.01003304 0.037125 0.07555187 0.01152545 0.037125 0.07555918 0.01128965 0.037125 0.07552953 0.01064961 0.037125 0.07524088 0.01186235 0.037125 0.08267392 0.0165 0.037125 0.07500643 0.01188846 0.037125 0.06462526 0.0165 0.037125 0.07478609 0.01180417 0.037125 0.06912973 0.00853075 0.037125 0.06904543 0.00875108 0.037125 0.06462526 0.00664732 0.037125 0.07055198 0.00664732 0.037125 0.07017532 0.00745507 0.037125 0.06930566 0.00837359 0.037125 0.06981502 0.00798489 0.037125 0.06907155 0.00898554 0.037125 0.06920225 0.00918193 0.037125 0.06462526 0.01077692 0.037125 0.06940845 0.00929653 0.037125 0.06964424 0.00930384 0.037125 0.07028428 0.00927418 0.037125 0.07090086 0.00944845 0.037125 0.07371041 0.01075857 0.037125 0.06462526 0.00558146 0.037125 0.06497865 0.00521964 0.037125 0.06574731 0.00598829 0.037125 0.03730718 -0.0099 0.037125 0.0372 -0.0095 0.037125 0.03869282 -0.0091 0.037125 0.04444082 -0.00928965 0.037125 0.04447047 -0.00864961 0.037125 0.0384 -0.00880718 0.037125 0.0442962 -0.00803304 0.037125 0.03730718 -0.0091 0.037125 0.04444813 -0.00952545 0.037125 0.0388 -0.0095 0.037125 0.04456273 -0.00973164 0.037125 0.03869282 -0.0099 0.037125 0.04475912 -0.00986234 0.037125 0.04499358 -0.00988846 0.037125 0.05103065 -0.01043007 0.037125 0.04521391 -0.00980417 0.037125 0.0384 -0.01019282 0.037125 0.038 -0.0103 0.037125 0.0376 -0.01019282 0.037125 0.04909915 -0.00744845 0.037125 0.04628959 -0.00875857 0.037125 0.04537107 -0.00962824 0.037125 0.04575977 -0.00911888 0.037125 0.05095457 -0.00675108 0.037125 0.05092845 -0.00698554 0.037125 0.05103065 -0.0078625 0.037125 0.05079775 -0.00718192 0.037125 0.05018498 -0.00598489 0.037125 0.05069435 -0.00637359 0.037125 0.05103065 -0.00462232 0.037125 0.05087028 -0.00653075 0.037125 0.04971572 -0.00727418 0.037125 0.05035576 -0.00730384 0.037125 0.05059155 -0.00729653 0.037125 0.04982468 -0.00545507 0.037125 0.05103065 -0.00391143 0.037125 0.04851456 -0.00264551 0.037125 0.05103065 -0.00214647 0.037125 0.04834029 -0.00202894 0.037125 0.0474397 -0.00105031 0.037125 0.04759686 -0.00087438 0.037125 0.03937769 0.00026585 0.037125 0.04781719 -0.00079009 0.037125 0.03420445 -0.00214647 0.037125 0.04652118 -0.00191998 0.037125 0.047051 -0.00155967 0.037125 0.04805165 -0.0008162 0.037125 0.04824803 -0.00094691 0.037125 0.05103065 0.00026585 0.037125 0.04836264 -0.0011531 0.037125 0.04836994 -0.00138889 0.037125 0.03366511 -0.00239797 0.037125 0.03354162 -0.00245555 0.037125 0.04309504 -0.00340436 0.037125 0.04371162 -0.00323009 0.037125 0.042455 -0.00337471 0.037125 0.04221921 -0.00338202 0.037125 0.04201302 -0.00349662 0.037125 0.04194049 -0.0041478 0.037125 0.0418562 -0.00392747 0.037125 0.04188231 -0.00369301 0.037125 0.04262578 -0.00469366 0.037125 0.04211642 -0.00430496 0.037125 -0 0.00165 0.037125 -0.000825 0.00142894 0.037125 -0.00142894 0.000825 0.037125 -0.0065125 -0.00088768 0.037125 -0.00688768 -0.0005125 0.037125 -0.01382941 -0.00217889 0.037125 -0.006 0.001025 0.037125 -0.0054875 0.00088768 0.037125 -0.00511232 0.0005125 0.037125 -0.00165 -0 0.037125 -0.004975 -0 0.037125 -0.00511232 -0.0005125 0.037125 -0.0054875 -0.00088768 0.037125 -0.006 -0.001025 0.037125 -0.01395218 -0.00115611 0.037125 -0.007025 -0 0.037125 -0.01399721 0.00027935 0.037125 -0.00688768 0.0005125 0.037125 -0.0065125 0.00088768 0.037125 -0 -0.00165 0.037125 0.0013375 -0.00214647 0.037125 0.000825 -0.00142894 0.037125 0.00142894 0.000825 0.037125 0.00165 -0 0.037125 0.00142894 -0.000825 0.037125 -0.0013375 0.00487758 0.037125 0.0013375 0.00487758 0.037125 0.0013375 0.00158784 0.037125 0.000825 0.00142894 0.037125 0.0013375 0.00127534 0.037125 0.124 0.001025 0.037125 0.1245125 0.00088768 0.037125 0.1286625 0.00127534 0.037125 0.11865578 0.00026585 0.037125 0.12311232 0.0005125 0.037125 0.11865578 0.00127534 0.037125 0.1234875 0.00088768 0.037125 0.12488768 -0.0005125 0.037125 0.1245125 -0.00088768 0.037125 0.1286625 -0.00214647 0.037125 0.12857106 0.000825 0.037125 0.12488768 0.0005125 0.037125 0.12835 -0 0.037125 0.125025 -0 0.037125 0.12857106 -0.000825 0.037125 0.124 -0.001025 0.037125 0.1234875 -0.00088768 0.037125 0.11865578 -0.00214647 0.037125 0.12311232 -0.0005125 0.037125 0.122975 -0 0.037125 0.12917501 -0.00142894 0.037125 0.13 -0.00165 0.037125 0.13133749 -0.00214647 0.037125 0.13142894 -0.000825 0.037125 0.130825 -0.00142894 0.037125 0.13133749 0.00487758 0.037125 0.13 0.00165 0.037125 0.13133749 0.00158784 0.037125 0.130825 0.00142894 0.037125 0.13133749 0.00127534 0.037125 0.006 0.001025 0.037125 0.0065125 0.00088768 0.037125 0.01086931 0.00127534 0.037125 0.01086931 0.00026585 0.037125 0.01671469 0.00043911 0.037125 0.0033125 0.00127534 0.037125 0.0054875 0.00088768 0.037125 0.00688768 -0.0005125 0.037125 0.01086931 -0.00214647 0.037125 0.007025 -0 0.037125 0.00688768 0.0005125 0.037125 0.0033125 -0.00214647 0.037125 0.00511232 -0.0005125 0.037125 0.0065125 -0.00088768 0.037125 0.006 -0.001025 0.037125 0.0054875 -0.00088768 0.037125 0.13600001 0.001025 0.037125 0.1365125 0.00088768 0.037125 0.1405125 0.00127534 0.037125 0.1405125 0.00026585 0.037125 0.13142894 0.000825 0.037125 0.13331249 0.00026585 0.037125 0.13331249 0.00127534 0.037125 0.13511233 0.0005125 0.037125 0.1354875 0.00088768 0.037125 0.13688767 0.0005125 0.037125 0.137025 -0 0.037125 0.1405125 -0.00214647 0.037125 0.13688767 -0.0005125 0.037125 0.1365125 -0.00088768 0.037125 0.13600001 -0.001025 0.037125 0.1354875 -0.00088768 0.037125 0.13331249 -0.00214647 0.037125 0.13511233 -0.0005125 0.037125 0.134975 -0 0.037125 -0.0013375 0.00558146 0.037125 -0.001025 0.006 0.037125 -0.0013375 0.00593966 0.037125 -0.00088768 0.0065125 0.037125 -0.0013375 0.00664732 0.037125 -0.0013375 0.01077692 0.037125 0.00088768 0.0054875 0.037125 0.0005125 0.00511232 0.037125 -0 0.004975 0.037125 -0.0005125 0.00511232 0.037125 -0.00088768 0.0054875 0.037125 0.0013375 0.00664732 0.037125 0.001025 0.006 0.037125 0.0013375 0.00593966 0.037125 0.0013375 0.00558146 0.037125 -0.0005125 0.00688768 0.037125 -0 0.007025 0.037125 0.0013375 0.01077692 0.037125 0.0005125 0.00688768 0.037125 0.00088768 0.0065125 0.037125 0.1286625 0.01077692 0.037125 0.1286625 0.00664732 0.037125 0.12911232 0.0065125 0.037125 0.1286625 0.00593966 0.037125 0.128975 0.006 0.037125 0.1286625 0.00558146 0.037125 0.12911232 0.0054875 0.037125 0.1294875 0.00511232 0.037125 0.1286625 0.00487758 0.037125 0.13 0.004975 0.037125 0.13088767 0.0054875 0.037125 0.13051251 0.00511232 0.037125 0.1286625 0.00158784 0.037125 0.12917501 0.00142894 0.037125 0.13133749 0.00664732 0.037125 0.131025 0.006 0.037125 0.13133749 0.00593966 0.037125 0.13133749 0.00558146 0.037125 0.1294875 0.00688768 0.037125 0.13 0.007025 0.037125 0.13133749 0.01077692 0.037125 0.13051251 0.00688768 0.037125 0.13088767 0.0065125 0.037125 0.095 0.0165 0.037125 0.09186809 0.01169625 0.037125 0.11237551 0.01169625 0.037125 0.11237551 0.01527611 0.037125 0.11865578 0.01169625 0.037125 0.11865578 0.01483375 0.037125 0.1286625 0.01169625 0.037125 0.1286625 0.0141289 0.037125 0.13133749 0.01169625 0.037125 0.13098368 0.0139654 0.037125 0.13331249 0.01169625 0.037125 0.13454579 0.01324144 0.037125 0.14229089 0.00670327 0.037125 0.1405125 0.00593966 0.037125 0.14264259 0.00601373 0.037125 0.1405125 0.00558146 0.037125 0.14280568 0.00565814 0.037125 0.1405125 0.00487758 0.037125 0.14309698 0.00494661 0.037125 0.1435716 0.0034368 0.037125 0.1405125 0.00158784 0.037125 0.14390792 0.00160301 0.037125 0.14394034 0.00129105 0.037125 0.14399721 0.00027935 0.037125 0.14395218 -0.00115611 0.037125 0.14382941 -0.00217889 0.037125 0.1405125 -0.00391143 0.037125 0.14342952 -0.00395577 0.037125 0.1405125 -0.00462232 0.037125 0.14320345 -0.00465499 0.037125 0.13133749 -0.0078625 0.037125 0.13331249 -0.01043007 0.037125 0.13331249 -0.0078625 0.037125 0.14030014 -0.00948194 0.037125 0.1405125 -0.0078625 0.037125 0.14282082 -0.00562374 0.037125 0.13133749 -0.01043007 0.037125 0.13098368 -0.0139654 0.037125 0.13230433 -0.01380906 0.037125 0.045 -0.0165 0.037125 0.01086931 -0.01461995 0.037125 0.0033125 -0.01043007 0.037125 0.0033125 -0.01420369 0.037125 0.0013375 -0.01043007 0.037125 0.0013375 -0.0140949 0.037125 -0.0013375 -0.00462232 0.037125 -0.01282083 -0.00562374 0.037125 -0.0013375 -0.0078625 0.037125 -0.01030013 -0.00948194 0.037125 -0.00666326 -0.01231263 0.037125 -0.0013375 -0.00391143 0.037125 -0.01342952 -0.00395577 0.037125 -0.01320345 -0.00465499 0.037125 -0.01172033 0.00765727 0.037125 -0.0122909 0.00670327 0.037125 -0.01264259 0.00601373 0.037125 -0.01280568 0.00565814 0.037125 -0.01309699 0.00494661 0.037125 -0.0135716 0.0034368 0.037125 -0.01390792 0.00160301 0.037125 -0.00077001 0.01397881 0.037125 0.0013375 0.01169625 0.037125 0.0013375 0.0140949 0.037125 0.0033125 0.01169625 0.037125 0.0033125 0.01420369 0.037125 0.01086931 0.01169625 0.037125 0.01086931 0.01461995 0.037125 0.01741828 0.01169625 0.037125 0.01741828 0.01498069 0.037125 0.03366511 0.01169625 0.037125 0.03366511 0.01587563 0.037125 0.05320269 -6.964E-05 0.037125 0.05425269 -0.00035098 0.037125 0.05537473 0.00026585 0.037125 0.05502135 -0.00111964 0.037125 0.05537473 -0.00214647 0.037125 0.05530269 -0.00216964 0.037125 0.05537473 -0.00391143 0.037125 0.05502135 -0.00321964 0.037125 0.05425269 -0.00398829 0.037125 0.05537473 -0.00462232 0.037125 0.05320269 -0.00426964 0.037125 0.05215269 -0.00398829 0.037125 0.05138404 -0.00321964 0.037125 0.05110269 -0.00216964 0.037125 0.05138404 -0.00111964 0.037125 0.05215269 -0.00035098 0.037125 0.06119148 0.00546489 0.037125 0.06141181 0.00554918 0.037125 0.05785549 0.00558146 0.037125 0.06164626 0.00552307 0.037125 0.06184265 0.00539237 0.037125 0.06195726 0.00518617 0.037125 0.06011579 0.0044193 0.037125 0.06064562 0.0047796 0.037125 0.06103431 0.00528896 0.037125 0.05547693 0.00264626 0.037125 0.05560763 0.00284265 0.037125 0.05537473 0.00487758 0.037125 0.05581383 0.00295725 0.037125 0.05604962 0.00296456 0.037125 0.05545082 0.00241181 0.037125 0.05537473 0.00158784 0.037125 0.05553511 0.00219148 0.037125 0.05789082 -0.00169376 0.037125 0.0565807 0.00111579 0.037125 0.05537473 0.00127534 0.037125 0.0562204 0.00164562 0.037125 0.05571104 0.00203431 0.037125 0.05896569 -0.00328896 0.037125 0.05880852 -0.00346489 0.037125 0.05815735 -0.00339237 0.037125 0.05785549 -0.00391143 0.037125 0.05835374 -0.00352307 0.037125 0.05858819 -0.00354918 0.037125 0.05804275 -0.00318617 0.037125 0.05803544 -0.00295038 0.037125 0.05785549 -0.00214647 0.037125 0.05806509 -0.00231034 0.037125 0.06446489 -0.00019148 0.037125 0.06454919 -0.00041181 0.037125 0.06452307 -0.00064626 0.037125 0.06439237 -0.00084265 0.037125 0.06418617 -0.00095725 0.037125 0.06395038 -0.00096456 0.037125 0.06331034 -0.00093491 0.037125 0.06269376 -0.00110918 0.037125 0.05988421 -0.0024193 0.037125 0.05935438 -0.0027796 0.037125 0.0634193 0.00088421 0.037125 0.0637796 0.00035438 0.037125 0.06428896 -3.431E-05 0.037125 0.06196456 0.00495038 0.037125 0.06193491 0.00431034 0.037125 0.06210918 0.00369376 0.037125 0.05785549 0.01077692 0.037125 0.05601681 0.01074047 0.037125 0.05640057 0.00993288 0.037125 0.05639407 0.00903877 0.037125 0.05785549 0.00664732 0.037125 0.05599861 0.00823684 0.037125 0.05537473 0.00664732 0.037125 0.05785549 0.01169625 0.037125 0.05531949 0.01130013 0.037125 0.05537473 0.01169625 0.037125 0.05444798 0.0115 0.037125 0.05103065 0.01169625 0.037125 0.04519265 0.0115 0.037125 0.05103065 0.0115 0.037125 0.02012978 0.00839446 0.037125 0.01741828 0.01077692 0.037125 0.02027693 0.00745965 0.037125 0.01741828 0.00664732 0.037125 0.02042885 0.00929227 0.037125 0.02110719 0.00995209 0.037125 0.02201294 0.0102262 0.037125 0.01977949 0.00105776 0.037125 0.02729882 0.00127534 0.037125 0.0269264 0.00158784 0.037125 0.02300584 0.00487758 0.037125 0.01741828 0.00487758 0.037125 0.02216698 0.00558146 0.037125 0.01741828 0.00558146 0.037125 0.02174009 0.00593966 0.037125 0.01741828 0.00593966 0.037125 0.02089674 0.00664732 0.037125 0.02083736 0.00669714 0.037125 0.05103065 0.00569972 0.037125 0.05077704 0.00558146 0.037125 0.05103065 0.00558146 0.037125 0.04926757 0.00487758 0.037125 0.05103065 0.00487758 0.037125 0.0422127 0.00158784 0.037125 0.05103065 0.00158784 0.037125 0.04154254 0.00127534 0.037125 0.05103065 0.00127534 0.037125 0.05529322 0.00768738 0.037125 0.05306279 0.00664732 0.037125 0.05154522 0.00593966 0.037125 0.11865578 0.01077692 0.037125 0.11406066 0.00927515 0.037125 0.11865578 0.00664732 0.037125 0.11433434 0.00835548 0.037125 0.11414818 0.00741418 0.037125 0.10383491 0.00744465 0.037125 0.10340548 0.00827321 0.037125 0.09186809 0.00664732 0.037125 0.09186809 0.01077692 0.037125 0.10339874 0.00920641 0.037125 0.10381617 0.01004108 0.037125 0.10456686 0.01059548 0.037125 0.10548739 0.01074891 0.037125 0.11237551 0.01077692 0.037125 0.11247708 0.01025657 0.037125 0.11339012 0.00996151 0.037125 0.10452532 0.00664732 0.037125 0.10513807 0.00593966 0.037125 0.10544825 0.00558146 0.037125 0.1138179 0.00666255 0.037125 0.11354504 0.00595687 0.037125 0.11865578 0.00593966 0.037125 0.11341859 0.00559525 0.037125 0.11865578 0.00558146 0.037125 0.1132091 0.0049311 0.037125 0.11865578 0.00487758 0.037125 0.11865578 0.00158784 0.037125 0.07543727 0.01173164 0.037125 0.08267392 0.01169625 0.037125 0.09008841 0.01169625 0.037125 0.088 0.0108 0.037125 0.0884 0.01069282 0.037125 0.09008841 0.01077692 0.037125 0.08869282 0.0104 0.037125 0.0888 0.01 0.037125 0.08730718 0.0104 0.037125 0.0876 0.01069282 0.037125 0.09008841 0.00664732 0.037125 0.088 0.0092 0.037125 0.08869282 0.0096 0.037125 0.0884 0.00930718 0.037125 0.0876 0.00930718 0.037125 0.08730718 0.0096 0.037125 0.0872 0.01 0.037125 0.13331249 -0.00391143 0.037125 0.13331249 -0.00462232 0.037125 0.13331249 0.01077692 0.037125 0.13331249 0.00664732 0.037125 0.13331249 0.00593966 0.037125 0.13331249 0.00558146 0.037125 0.13331249 0.00487758 0.037125 0.13331249 0.00158784 0.037125 0.13165 -0 0.037125 0.13133749 -0.00391143 0.037125 0.13133749 -0.00462232 0.037125 0.1286625 -0.0141289 0.037125 0.1286625 -0.01043007 0.037125 0.1286625 -0.0078625 0.037125 0.13 -0.004975 0.037125 0.13051251 -0.00511232 0.037125 0.13088767 -0.0054875 0.037125 0.131025 -0.006 0.037125 0.13088767 -0.0065125 0.037125 0.13051251 -0.00688768 0.037125 0.13 -0.007025 0.037125 0.1294875 -0.00688768 0.037125 0.12911232 -0.0065125 0.037125 0.128975 -0.006 0.037125 0.1286625 -0.00462232 0.037125 0.12911232 -0.0054875 0.037125 0.1294875 -0.00511232 0.037125 0.13666326 -0.01231263 0.037125 0.1286625 -0.00391143 0.037125 0.11865578 -0.00391143 0.037125 0.11865578 -0.00462232 0.037125 0.11865578 -0.0078625 0.037125 0.11865578 -0.01043007 0.037125 0.11865578 -0.01483375 0.037125 0.09079292 0.00158784 0.037125 0.09068464 0.00127534 0.037125 0.09033486 0.00026585 0.037125 0.08853159 0.00542231 0.037125 0.09102441 0.00474347 0.037125 0.09186809 0.0165 0.037125 0.09008841 0.0165 0.037125 0.05785549 -0.00462232 0.037125 0.05537473 0.00558146 0.037125 0.05537473 0.00593966 0.037125 0.05785549 0.00593966 0.037125 0.06462526 0.00593966 0.037125 0.05103065 -0.0165 0.037125 0.05537473 -0.0165 0.037125 0.05537473 -0.01043007 0.037125 0.05537473 -0.0078625 0.037125 0.06462526 -0.00572539 0.037125 0.071049 0.00558146 0.037125 0.07088196 0.00593966 0.037125 0.06784731 0.00598829 0.037125 0.06679731 0.00626964 0.037125 0.045 0.0165 0.037125 0.05103065 0.0165 0.037125 0.05537473 0.0165 0.037125 0.05785549 0.0165 0.037125 0.01086931 0.01077692 0.037125 0.01086931 0.00664732 0.037125 0.01086931 0.00593966 0.037125 0.01086931 0.00558146 0.037125 0.01086931 0.00487758 0.037125 0.01086931 0.00158784 0.037125 0.0033125 0.01077692 0.037125 0.0033125 0.00664732 0.037125 0.0033125 0.00593966 0.037125 0.0033125 0.00558146 0.037125 0.0033125 0.00487758 0.037125 0.0033125 0.00158784 0.037125 0.0033125 -0.0078625 0.037125 0.0013375 -0.0078625 0.037125 -0 -0.007025 0.037125 -0.0005125 -0.00688768 0.037125 0.0005125 -0.00511232 0.037125 0.00088768 -0.0054875 0.037125 0.0013375 -0.00462232 0.037125 0.001025 -0.006 0.037125 0.00088768 -0.0065125 0.037125 0.0005125 -0.00688768 0.037125 -0 -0.004975 0.037125 -0.0005125 -0.00511232 0.037125 0.0033125 -0.00462232 0.037125 -0.00088768 -0.0065125 0.037125 -0.001025 -0.006 0.037125 -0.00088768 -0.0054875 0.037125 0.01086931 -0.00391143 0.037125 0.0033125 -0.00391143 0.037125 0.0013375 -0.00391143 0.037125 0.01649458 -0.00042305 0.037125 0.04508265 0.01149697 0.037125 0.13 -0.003 0.032325 0.1285 -0.00259808 0.034925 0.1285 -0.00259808 0.032325 0.12740192 -0.0015 0.034925 0.12740192 -0.0015 0.032325 0.127 -0 0.034925 0.127 -0 0.032325 0.12740192 0.0015 0.034925 0.12740192 0.0015 0.032325 0.1285 0.00259808 0.034925 0.1285 0.00259808 0.032325 0.13 0.003 0.034925 0.13 0.003 0.032325 0.13150001 0.00259808 0.034925 0.13150001 0.00259808 0.032325 0.13259807 0.0015 0.034925 0.13259807 0.0015 0.032325 0.133 -0 0.034925 0.133 -0 0.032325 0.13259807 -0.0015 0.034925 0.13259807 -0.0015 0.032325 0.13150001 -0.00259808 0.034925 0.13150001 -0.00259808 0.032325 0.13 -0.003 0.034925 -0 -0.003 0.032325 -0.0015 -0.00259808 0.034925 -0.0015 -0.00259808 0.032325 -0.00259808 -0.0015 0.034925 -0.00259808 -0.0015 0.032325 -0.003 -0 0.034925 -0.003 -0 0.032325 -0.00259808 0.0015 0.034925 -0.00259808 0.0015 0.032325 -0.0015 0.00259808 0.034925 -0.0015 0.00259808 0.032325 -0 0.003 0.034925 -0 0.003 0.032325 0.0015 0.00259808 0.034925 0.0015 0.00259808 0.032325 0.00259808 0.0015 0.034925 0.00259808 0.0015 0.032325 0.003 -0 0.034925 0.003 -0 0.032325 0.00259808 -0.0015 0.034925 0.00259808 -0.0015 0.032325 0.0015 -0.00259808 0.034925 0.0015 -0.00259808 0.032325 -0 -0.003 0.034925 0.12833671 0.00782518 0.035125 0.13 0.008 0.035125 0.13 0.0068 0.035125 0.1304 0.00669282 0.035125 0.13166329 0.00782518 0.035125 0.13069282 0.0064 0.035125 0.13202821 0.00773863 0.035125 0.13079999 0.006 0.035125 0.12930718 0.0056 0.035125 0.1296 0.00530718 0.035125 0.12722872 0.0016 0.035125 0.13069282 0.0056 0.035125 0.13206947 0.00244075 0.035125 0.1304 0.00530718 0.035125 0.13160001 0.00277128 0.035125 0.13 0.0052 0.035125 0.13 0.0032 0.035125 0.1284 0.00277128 0.035125 0.12469282 0.0004 0.035125 0.1244 0.00069282 0.035125 0.124 0.0008 0.035125 0.1236 0.00069282 0.035125 0.12204383 0.00083623 0.035125 0.124 -0.0008 0.035125 0.1244 -0.00069282 0.035125 0.12755924 -0.00206947 0.035125 0.12469282 -0.0004 0.035125 0.1230718 0.004 0.035125 0.1292 0.006 0.035125 0.12529773 0.00647214 0.035125 0.12930718 0.0064 0.035125 0.1296 0.00669282 0.035125 0.1248 -0 0.035125 0.1268 -0 0.035125 0.12722872 -0.0016 0.035125 0.12330718 0.0004 0.035125 0.1232 -0 0.035125 0.12225636 -0.00200899 0.035125 0.12330718 -0.0004 0.035125 0.1236 -0.00069282 0.035125 0.1296 -0.00530718 0.035125 0.12930718 -0.0056 0.035125 0.13069282 -0.0064 0.035125 0.13325389 -0.00730836 0.035125 0.1304 -0.00669282 0.035125 0.13 -0.008 0.035125 0.13 -0.0068 0.035125 0.1296 -0.00669282 0.035125 0.13079999 -0.006 0.035125 0.13069282 -0.0056 0.035125 0.13206947 -0.00244075 0.035125 0.1304 -0.00530718 0.035125 0.1284 -0.00277128 0.035125 0.13 -0.0052 0.035125 0.13 -0.0032 0.035125 0.13160001 -0.00277128 0.035125 0.12930718 -0.0064 0.035125 0.1267461 -0.00730836 0.035125 0.1292 -0.006 0.035125 0.12405484 -0.00535304 0.035125 0.12239154 -0.00247214 0.035125 0.13594516 -0.00535304 0.035125 0.13244076 -0.00206947 0.035125 0.13760845 -0.00247214 0.035125 0.1364 -0.00069282 0.035125 0.13669282 -0.0004 0.035125 0.13795617 0.00083623 0.035125 0.13530718 0.0004 0.035125 0.13519999 -0 0.035125 0.1332 -0 0.035125 0.13277128 -0.0016 0.035125 0.13530718 -0.0004 0.035125 0.1356 -0.00069282 0.035125 0.13600001 -0.0008 0.035125 0.13277128 0.0016 0.035125 0.1356 0.00069282 0.035125 0.13600001 0.0008 0.035125 0.13470228 0.00647214 0.035125 0.1364 0.00069282 0.035125 0.1369282 0.004 0.035125 0.13669282 0.0004 0.035125 0.13680001 -0 0.035125 0.0008 -0.006 0.035125 0.00069282 -0.0056 0.035125 0.00206947 -0.00244075 0.035125 0.0004 -0.00530718 0.035125 -0.0004 -0.00530718 0.035125 -0.00069282 -0.0056 0.035125 -0.00774364 -0.00200899 0.035125 -0.0004 -0.00669282 0.035125 -0 -0.008 0.035125 -0.00069282 -0.0064 0.035125 -0.00325389 -0.00730836 0.035125 -0.0008 -0.006 0.035125 -0.00594516 -0.00535304 0.035125 -0.00760845 -0.00247214 0.035125 -0 -0.0068 0.035125 0.0004 -0.00669282 0.035125 0.00325389 -0.00730836 0.035125 0.00069282 -0.0064 0.035125 -0.00244075 -0.00206947 0.035125 -0.0016 -0.00277128 0.035125 -0 -0.0052 0.035125 -0 -0.0032 0.035125 0.0016 -0.00277128 0.035125 0.00594516 -0.00535304 0.035125 0.00244075 -0.00206947 0.035125 0.00760845 -0.00247214 0.035125 0.0064 -0.00069282 0.035125 0.00669282 -0.0004 0.035125 0.00530718 0.0004 0.035125 0.0052 -0 0.035125 0.0032 -0 0.035125 0.00795618 0.00083623 0.035125 0.00277128 -0.0016 0.035125 0.00530718 -0.0004 0.035125 0.0056 -0.00069282 0.035125 0.006 -0.0008 0.035125 0.00277128 0.0016 0.035125 0.00206947 0.00244075 0.035125 0.0056 0.00069282 0.035125 0.00202821 0.00773863 0.035125 0.006 0.0008 0.035125 0.00470228 0.00647214 0.035125 0.0064 0.00069282 0.035125 0.0069282 0.004 0.035125 0.00669282 0.0004 0.035125 0.0068 -0 0.035125 0.0008 0.006 0.035125 0.00069282 0.0064 0.035125 0.00166329 0.00782518 0.035125 -0.00669282 -0.0004 0.035125 -0.0068 -0 0.035125 -0.00795618 0.00083623 0.035125 -0.00669282 0.0004 0.035125 -0.0004 0.00530718 0.035125 -0.00277128 0.0016 0.035125 -0.00530718 -0.0004 0.035125 -0.0032 -0 0.035125 -0.0056 -0.00069282 0.035125 -0.0064 -0.00069282 0.035125 -0.006 -0.0008 0.035125 -0.00277128 -0.0016 0.035125 0.0004 0.00669282 0.035125 -0 0.0068 0.035125 -0.00166329 0.00782518 0.035125 -0.0064 0.00069282 0.035125 -0.0069282 0.004 0.035125 -0.006 0.0008 0.035125 -0.00470228 0.00647214 0.035125 -0.0056 0.00069282 0.035125 0.00069282 0.0056 0.035125 0.0004 0.00530718 0.035125 0.0016 0.00277128 0.035125 -0 0.0052 0.035125 -0 0.0032 0.035125 -0.0016 0.00277128 0.035125 -0.0052 -0 0.035125 -0.00530718 0.0004 0.035125 -0.00069282 0.0056 0.035125 -0.0008 0.006 0.035125 -0.00069282 0.0064 0.035125 -0.0004 0.00669282 0.035125 0.12228655 0.00919253 0.035125 0.12196516 0.00957556 0.035125 0.12589575 0.01127631 0.035125 0.12572475 0.01174616 0.035125 0.13 0.012 0.035125 0.13 0.0125 0.035125 0.13410424 0.01127631 0.035125 0.13427526 0.01174616 0.035125 0.13771345 0.00919253 0.035125 0.13803485 0.00957556 0.035125 0.1403923 0.006 0.035125 0.14082532 0.00625 0.035125 0.14181769 0.00208378 0.035125 0.1423101 0.0021706 0.035125 0.14181769 -0.00208378 0.035125 0.1423101 -0.0021706 0.035125 0.1403923 -0.006 0.035125 0.14082532 -0.00625 0.035125 0.13771345 -0.00919253 0.035125 0.13803485 -0.00957556 0.035125 0.13410424 -0.01127631 0.035125 0.13427526 -0.01174616 0.035125 0.13 -0.012 0.035125 0.13 -0.0125 0.035125 0.12589575 -0.01127631 0.035125 0.12572475 -0.01174616 0.035125 0.12228655 -0.00919253 0.035125 0.12196516 -0.00957556 0.035125 0.11960769 -0.006 0.035125 0.11917468 -0.00625 0.035125 0.11818231 -0.00208378 0.035125 0.1176899 -0.0021706 0.035125 0.11818231 0.00208378 0.035125 0.1176899 0.0021706 0.035125 0.11960769 0.006 0.035125 0.11917468 0.00625 0.035125 0.13 -0.0125 0.031125 0.12572475 -0.01174616 0.031125 0.12196516 -0.00957556 0.031125 0.11917468 -0.00625 0.031125 0.1176899 -0.0021706 0.031125 0.1176899 0.0021706 0.031125 0.11917468 0.00625 0.031125 0.12196516 0.00957556 0.031125 0.12572475 0.01174616 0.031125 0.13 0.0125 0.031125 0.13427526 0.01174616 0.031125 0.13803485 0.00957556 0.031125 0.14082532 0.00625 0.031125 0.1423101 0.0021706 0.031125 0.1423101 -0.0021706 0.031125 0.14082532 -0.00625 0.031125 0.13803485 -0.00957556 0.031125 0.13427526 -0.01174616 0.031125 -0.01181769 -0.00208378 0.035125 -0.0123101 -0.0021706 0.035125 -0.01181769 0.00208378 0.035125 -0.0123101 0.0021706 0.035125 -0.0103923 0.006 0.035125 -0.01082532 0.00625 0.035125 -0.00771345 0.00919253 0.035125 -0.00803484 0.00957556 0.035125 -0.00410424 0.01127631 0.035125 -0.00427525 0.01174616 0.035125 -0 0.012 0.035125 -0 0.0125 0.035125 0.00410424 0.01127631 0.035125 0.00427525 0.01174616 0.035125 0.00771345 0.00919253 0.035125 0.00803484 0.00957556 0.035125 0.0103923 0.006 0.035125 0.01082532 0.00625 0.035125 0.01181769 0.00208378 0.035125 0.0123101 0.0021706 0.035125 0.01181769 -0.00208378 0.035125 0.0123101 -0.0021706 0.035125 0.0103923 -0.006 0.035125 0.01082532 -0.00625 0.035125 0.00771345 -0.00919253 0.035125 0.00803484 -0.00957556 0.035125 0.00410424 -0.01127631 0.035125 0.00427525 -0.01174616 0.035125 -0 -0.012 0.035125 -0 -0.0125 0.035125 -0.00410424 -0.01127631 0.035125 -0.00427525 -0.01174616 0.035125 -0.00771345 -0.00919253 0.035125 -0.00803484 -0.00957556 0.035125 -0.0103923 -0.006 0.035125 -0.01082532 -0.00625 0.035125 -0 -0.0125 0.031125 -0.00427525 -0.01174616 0.031125 -0.00803484 -0.00957556 0.031125 -0.01082532 -0.00625 0.031125 -0.0123101 -0.0021706 0.031125 -0.0123101 0.0021706 0.031125 -0.01082532 0.00625 0.031125 -0.00803484 0.00957556 0.031125 -0.00427525 0.01174616 0.031125 -0 0.0125 0.035125 -0 0.0125 0.031125 0.00427525 0.01174616 0.031125 0.00803484 0.00957556 0.031125 0.01082532 0.00625 0.031125 0.0123101 0.0021706 0.031125 0.0123101 -0.0021706 0.031125 0.01082532 -0.00625 0.031125 0.00803484 -0.00957556 0.031125 0.00427525 -0.01174616 0.031125 -0 -0.012 0.035625 -0.00410424 -0.01127631 0.035625 -0.00771345 -0.00919253 0.035625 -0.0103923 -0.006 0.035625 -0.01181769 -0.00208378 0.035625 -0.01181769 0.00208378 0.035625 -0.0103923 0.006 0.035625 -0.00771345 0.00919253 0.035625 -0.00410424 0.01127631 0.035625 -0 0.012 0.035625 0.00410424 0.01127631 0.035625 0.00771345 0.00919253 0.035625 0.0103923 0.006 0.035625 0.01181769 0.00208378 0.035625 0.01181769 -0.00208378 0.035625 0.0103923 -0.006 0.035625 0.00771345 -0.00919253 0.035625 0.00410424 -0.01127631 0.035625 -0.00166329 0.00782518 0.035625 0.00166329 0.00782518 0.035625 0.00470228 0.00647214 0.035625 0.0069282 0.004 0.035625 0.00795618 0.00083623 0.035625 0.00760845 -0.00247214 0.035625 0.00594516 -0.00535304 0.035625 -0.00594516 -0.00535304 0.035625 -0.00760845 -0.00247214 0.035625 -0.00795618 0.00083623 0.035625 -0.0069282 0.004 0.035625 -0.00470228 0.00647214 0.035625 0.00325389 -0.00730836 0.035625 -0 -0.008 0.035625 -0.00325389 -0.00730836 0.035625 0.13 -0.012 0.035625 0.12589575 -0.01127631 0.035625 0.12228655 -0.00919253 0.035625 0.11960769 -0.006 0.035625 0.11818231 -0.00208378 0.035625 0.11818231 0.00208378 0.035625 0.11960769 0.006 0.035625 0.12228655 0.00919253 0.035625 0.12589575 0.01127631 0.035625 0.13 0.012 0.035625 0.13410424 0.01127631 0.035625 0.13771345 0.00919253 0.035625 0.1403923 0.006 0.035625 0.14181769 0.00208378 0.035625 0.14181769 -0.00208378 0.035625 0.1403923 -0.006 0.035625 0.13771345 -0.00919253 0.035625 0.13410424 -0.01127631 0.035625 0.13760845 -0.00247214 0.035625 0.13594516 -0.00535304 0.035625 0.13325389 -0.00730836 0.035625 0.13 -0.008 0.035625 0.1267461 -0.00730836 0.035625 0.12405484 -0.00535304 0.035625 0.12239154 -0.00247214 0.035625 0.12204383 0.00083623 0.035625 0.1230718 0.004 0.035625 0.12529773 0.00647214 0.035625 0.12833671 0.00782518 0.035625 0.13 0.008 0.035625 0.13166329 0.00782518 0.035625 0.13470228 0.00647214 0.035625 0.1369282 0.004 0.035625 0.13795617 0.00083623 0.035625 0.00230432 -0.01380906 0.031125 -0 -0.014 0.031125 -0.00230432 -0.01380906 0.031125 -0.00666326 -0.01231263 0.031125 -0.01030013 -0.00948194 0.031125 -0.01282083 -0.00562374 0.031125 -0.01395218 -0.00115611 0.031125 -0.0135716 0.0034368 0.031125 -0.01172033 0.00765727 0.031125 -0.00859898 0.01104797 0.031125 -0.00454579 0.01324144 0.031125 -0 0.014 0.031125 0.00454579 0.01324144 0.031125 0.00859898 0.01104797 0.031125 0.01172033 0.00765727 0.031125 0.0135716 0.0034368 0.031125 0.01395218 -0.00115611 0.031125 0.01282083 -0.00562374 0.031125 0.01030013 -0.00948194 0.031125 0.00666326 -0.01231263 0.031125 0.13666326 -0.01231263 0.031125 0.13230433 -0.01380906 0.031125 0.12769568 -0.01380906 0.031125 0.12333674 -0.01231263 0.031125 0.11969987 -0.00948194 0.031125 0.11717917 -0.00562374 0.031125 0.11604781 -0.00115611 0.031125 0.1164284 0.0034368 0.031125 0.11827967 0.00765727 0.031125 0.12140102 0.01104797 0.031125 0.1254542 0.01324144 0.031125 0.13 0.014 0.031125 0.13454579 0.01324144 0.031125 0.13859898 0.01104797 0.031125 0.14172032 0.00765727 0.031125 0.1435716 0.0034368 0.031125 0.14395218 -0.00115611 0.031125 0.14282082 -0.00562374 0.031125 0.14030014 -0.00948194 0.031125 0.13 -0.0052 0.0369 0.1296 -0.00530718 0.0369 0.12930718 -0.0056 0.0369 0.1292 -0.006 0.0369 0.12930718 -0.0064 0.0369 0.1296 -0.00669282 0.0369 0.13 -0.0068 0.0369 0.1304 -0.00669282 0.0369 0.13069282 -0.0064 0.0369 0.13079999 -0.006 0.0369 0.13069282 -0.0056 0.0369 0.1304 -0.00530718 0.0369 -0 -0.0052 0.0369 -0.0004 -0.00530718 0.0369 -0.00069282 -0.0056 0.0369 -0.0008 -0.006 0.0369 -0.00069282 -0.0064 0.0369 -0.0004 -0.00669282 0.0369 -0 -0.0068 0.0369 0.0004 -0.00669282 0.0369 0.00069282 -0.0064 0.0369 0.0008 -0.006 0.0369 0.00069282 -0.0056 0.0369 0.0004 -0.00530718 0.0369 0.13 0.0068 0.0369 0.1296 0.00669282 0.0369 0.12930718 0.0064 0.0369 0.1292 0.006 0.0369 0.12930718 0.0056 0.0369 0.1296 0.00530718 0.0369 0.13 0.0052 0.0369 0.1304 0.00530718 0.0369 0.13069282 0.0056 0.0369 0.13079999 0.006 0.0369 0.13069282 0.0064 0.0369 0.1304 0.00669282 0.0369 -0 0.0068 0.0369 -0.0004 0.00669282 0.0369 -0.00069282 0.0064 0.0369 -0.0008 0.006 0.0369 -0.00069282 0.0056 0.0369 -0.0004 0.00530718 0.0369 -0 0.0052 0.0369 0.0004 0.00530718 0.0369 0.00069282 0.0056 0.0369 0.0008 0.006 0.0369 0.00069282 0.0064 0.0369 0.0004 0.00669282 0.0369 0.13600001 0.0008 0.0369 0.1356 0.00069282 0.0369 0.13530718 0.0004 0.0369 0.13519999 -0 0.0369 0.13530718 -0.0004 0.0369 0.1356 -0.00069282 0.0369 0.13600001 -0.0008 0.0369 0.1364 -0.00069282 0.0369 0.13669282 -0.0004 0.0369 0.13680001 -0 0.0369 0.13669282 0.0004 0.0369 0.1364 0.00069282 0.0369 0.124 0.0008 0.0369 0.1236 0.00069282 0.0369 0.12330718 0.0004 0.0369 0.1232 -0 0.0369 0.12330718 -0.0004 0.0369 0.1236 -0.00069282 0.0369 0.124 -0.0008 0.0369 0.1244 -0.00069282 0.0369 0.12469282 -0.0004 0.0369 0.1248 -0 0.0369 0.12469282 0.0004 0.0369 0.1244 0.00069282 0.0369 0.006 0.0008 0.0369 0.0056 0.00069282 0.0369 0.00530718 0.0004 0.0369 0.0052 -0 0.0369 0.00530718 -0.0004 0.0369 0.0056 -0.00069282 0.0369 0.006 -0.0008 0.0369 0.0064 -0.00069282 0.0369 0.00669282 -0.0004 0.0369 0.0068 -0 0.0369 0.00669282 0.0004 0.0369 0.0064 0.00069282 0.0369 -0.006 0.0008 0.0369 -0.0064 0.00069282 0.0369 -0.00669282 0.0004 0.0369 -0.0068 -0 0.0369 -0.00669282 -0.0004 0.0369 -0.0064 -0.00069282 0.0369 -0.006 -0.0008 0.0369 -0.0056 -0.00069282 0.0369 -0.00530718 -0.0004 0.0369 -0.0052 -0 0.0369 -0.00530718 0.0004 0.0369 -0.0056 0.00069282 0.0369 -0.000825 -0.00142894 0.032125 -0.0014 -0.00242487 0.032125 -0.00142894 -0.000825 0.032125 -0.00242487 -0.0014 0.032125 -0.00165 -0 0.032125 -0.0028 -0 0.032125 -0.00142894 0.000825 0.032125 -0.00242487 0.0014 0.032125 -0.000825 0.00142894 0.032125 -0.0014 0.00242487 0.032125 -0 0.00165 0.032125 -0 0.0028 0.032125 0.000825 0.00142894 0.032125 0.0014 0.00242487 0.032125 0.00142894 0.000825 0.032125 0.00242487 0.0014 0.032125 0.00165 -0 0.032125 0.0028 -0 0.032125 0.00142894 -0.000825 0.032125 0.00242487 -0.0014 0.032125 0.000825 -0.00142894 0.032125 0.0014 -0.00242487 0.032125 -0 -0.00165 0.032125 -0 -0.0028 0.032125 0.13 0.00165 0.032125 0.13 0.0028 0.032125 0.130825 0.00142894 0.032125 0.1314 0.00242487 0.032125 0.13142894 0.000825 0.032125 0.13242488 0.0014 0.032125 0.13165 -0 0.032125 0.1328 -0 0.032125 0.13142894 -0.000825 0.032125 0.13242488 -0.0014 0.032125 0.130825 -0.00142894 0.032125 0.1314 -0.00242487 0.032125 0.13 -0.00165 0.032125 0.13 -0.0028 0.032125 0.12917501 -0.00142894 0.032125 0.1286 -0.00242487 0.032125 0.12857106 -0.000825 0.032125 0.12757513 -0.0014 0.032125 0.12835 -0 0.032125 0.12720001 -0 0.032125 0.12857106 0.000825 0.032125 0.12757513 0.0014 0.032125 0.12917501 0.00142894 0.032125 0.1286 0.00242487 0.032125 0.133 -0 0.034925 0.12720001 -0 0.032125 0.127 -0 0.032325 0.1328 -0 0.032125 0.133 -0 0.032325 0.003 -0 0.034925 -0.003 -0 0.034925 0.003 -0 0.032325 0.05215269 -0.00035098 -0.033125 0.05320269 -6.964E-05 -0.033125 0.05103065 0.001 -0.033125 0.12171322 0.01541361 -0.033125 0.11816296 0.01419625 -0.033125 0.11815255 0.01287975 -0.033125 0.09859144 0.00576843 -0.033125 0.09962405 0.00569422 -0.033125 0.09937131 0.00773482 -0.033125 0.00841136 0.00146352 -0.033125 0.00837134 0.00147331 -0.033125 0.00845344 -0.00088849 -0.033125 0.08476233 -0.0165 -0.033125 0.08476233 -0.0115 -0.033125 0.06462526 -0.0115 -0.033125 0.05803544 -0.00295038 -0.033125 0.05806509 -0.00231034 -0.033125 0.05789082 -0.00169376 -0.033125 0.06574731 0.00598829 -0.033125 0.06679731 0.00626964 -0.033125 0.06462526 0.00773482 -0.033125 0.09937131 0.01419625 -0.033125 0.10594261 0.0115 -0.033125 0.11015686 0.0115 -0.033125 0.10400818 0.0089921 -0.033125 0.10398253 0.00989759 -0.033125 0.09937131 0.01115 -0.033125 0.10435898 0.01072152 -0.033125 0.1050603 0.01129486 -0.033125 0.11816296 0.001 -0.033125 0.11038385 0.00481544 -0.033125 0.10970318 0.00430328 -0.033125 0.11355474 0.00402569 -0.033125 0.11332496 0.00480449 -0.033125 0.10443066 0.00819081 -0.033125 0.10048121 0.00511364 -0.033125 0.10735666 0.00481164 -0.033125 0.10404319 0.001 -0.033125 0.10803861 0.0043012 -0.033125 0.10887112 0.00412084 -0.033125 0.1111233 0.011251 -0.033125 0.11184909 0.010566 -0.033125 0.11533073 0.00954266 -0.033125 0.11215352 0.00961557 -0.033125 0.11342373 0.00561046 -0.033125 0.11196078 0.00863636 -0.033125 0.11078965 0.0055644 -0.033125 0.08476233 0.00773482 -0.033125 0.08476233 0.00366467 -0.033125 0.08853159 0.00542231 -0.033125 0.09186809 0.00773482 -0.033125 0.08944042 0.00560868 -0.033125 0.09033557 0.00536491 -0.033125 0.09102441 0.00474347 -0.033125 0.06784731 0.00598829 -0.033125 0.06981502 0.00798489 -0.033125 0.06861596 0.00521964 -0.033125 0.07163736 0.0031531 -0.033125 0.07163005 0.00338889 -0.033125 0.07175197 0.00294691 -0.033125 0.06889731 0.00416964 -0.033125 0.07194836 0.0028162 -0.033125 0.07904793 0.001 -0.033125 0.06861596 0.00311964 -0.033125 0.06784731 0.00235098 -0.033125 0.06462526 0.001 -0.033125 0.06679731 0.00206964 -0.033125 0.06574731 0.00235098 -0.033125 0.06497865 0.00311964 -0.033125 0.06469731 0.00416964 -0.033125 0.06497865 0.00521964 -0.033125 0.07165971 0.00402894 -0.033125 0.07148544 0.00464551 -0.033125 0.07017532 0.00745507 -0.033125 0.07798699 0.00549662 -0.033125 0.07811769 0.00569301 -0.033125 0.0781438 0.00592747 -0.033125 0.07805951 0.0061478 -0.033125 0.07788358 0.00630496 -0.033125 0.07737422 0.00669366 -0.033125 0.07701392 0.00722348 -0.033125 0.0757038 0.01003304 -0.033125 0.07552953 0.01064961 -0.033125 0.0725603 0.00305031 -0.033125 0.07240314 0.00287438 -0.033125 0.07218281 0.00279009 -0.033125 0.07778079 0.00538202 -0.033125 0.07754499 0.00537471 -0.033125 0.07690495 0.00540436 -0.033125 0.072949 0.00355967 -0.033125 0.07347883 0.00391998 -0.033125 0.07628838 0.00523009 -0.033125 0.0637796 0.00035438 -0.033125 0.06428896 -3.431E-05 -0.033125 0.06446489 -0.00019148 -0.033125 0.06454919 -0.00041181 -0.033125 0.06462526 -0.00572539 -0.033125 0.06452307 -0.00064626 -0.033125 0.05880852 -0.00346489 -0.033125 0.05858819 -0.00354918 -0.033125 0.05785549 -0.00673482 -0.033125 0.06439237 -0.00084265 -0.033125 0.06418617 -0.00095725 -0.033125 0.06395038 -0.00096456 -0.033125 0.05835374 -0.00352307 -0.033125 0.05815735 -0.00339237 -0.033125 0.05804275 -0.00318617 -0.033125 0.05935438 -0.0027796 -0.033125 0.05896569 -0.00328896 -0.033125 0.05988421 -0.0024193 -0.033125 0.06246055 -0.00673482 -0.033125 0.06269376 -0.00110918 -0.033125 0.06331034 -0.00093491 -0.033125 0.05931691 -0.00903877 -0.033125 0.05971238 -0.00823684 -0.033125 0.05785549 -0.01115 -0.033125 0.05969417 -0.01074047 -0.033125 0.05931041 -0.00993288 -0.033125 0.06041777 -0.00768738 -0.033125 0.05785549 -0.0165 -0.033125 0.061263 -0.0115 -0.033125 0.06039149 -0.01130013 -0.033125 0.06462526 -0.0165 -0.033125 0.09186809 -0.0165 -0.033125 0.08563605 -0.01133231 -0.033125 0.0848344 -0.0115 -0.033125 0.08672417 -0.01015479 -0.033125 0.08630326 -0.01085736 -0.033125 0.09186809 -0.01115 -0.033125 0.03354162 -0.00245555 -0.033125 0.03281267 -0.00263956 -0.033125 0.02906633 -0.00673482 -0.033125 0.02008092 -0.00213644 -0.033125 0.02067549 -0.00153954 -0.033125 0.0214631 -0.00124043 -0.033125 0.02762695 0.001 -0.033125 0.03932608 -0.00673482 -0.033125 0.03932608 0.00024178 -0.033125 0.01519948 -0.00303741 -0.033125 0.00938413 -0.0014792 -0.033125 0.00841136 -0.00146352 -0.033125 0.00837134 -0.00147331 -0.033125 0.02230401 -0.0012922 -0.033125 0.02304899 -0.00168567 -0.033125 0.03141081 -0.00217503 -0.033125 0.03206729 -0.00254142 -0.033125 0.04262578 -0.00469366 -0.033125 0.04211642 -0.00430496 -0.033125 0.04298609 -0.00522348 -0.033125 0.04194049 -0.0041478 -0.033125 0.0418562 -0.00392747 -0.033125 0.04824803 -0.00094691 -0.033125 0.04836264 -0.0011531 -0.033125 0.04836994 -0.00138889 -0.033125 0.04982468 -0.00545507 -0.033125 0.05018498 -0.00598489 -0.033125 0.05069435 -0.00637359 -0.033125 0.0474397 -0.00105031 -0.033125 0.04759686 -0.00087438 -0.033125 0.04095208 0.001 -0.033125 0.04781719 -0.00079009 -0.033125 0.04805165 -0.0008162 -0.033125 0.04188231 -0.00369301 -0.033125 0.04201302 -0.00349662 -0.033125 0.04834029 -0.00202894 -0.033125 0.04851456 -0.00264551 -0.033125 0.04221921 -0.00338202 -0.033125 0.042455 -0.00337471 -0.033125 0.04309504 -0.00340436 -0.033125 0.047051 -0.00155967 -0.033125 0.04652118 -0.00191998 -0.033125 0.04371162 -0.00323009 -0.033125 0.05785549 0.01115 -0.033125 0.05531949 0.01130013 -0.033125 0.05601681 0.01074047 -0.033125 0.05640057 0.00993288 -0.033125 0.05639407 0.00903877 -0.033125 0.05785549 0.00773482 -0.033125 0.05599861 0.00823684 -0.033125 0.05537473 0.00773482 -0.033125 0.05529322 0.00768738 -0.033125 0.01984314 0.0115 -0.033125 0.03932608 0.0115 -0.033125 0.03932608 0.01419625 -0.033125 0.05103065 0.0115 -0.033125 0.05103065 0.01419625 -0.033125 0.05537473 0.01419625 -0.033125 0.01792035 0.01005036 -0.033125 0.01832569 0.01080283 -0.033125 0.01184745 0.01287975 -0.033125 0.01900817 0.01131737 -0.033125 0.00828678 0.01541361 -0.033125 0.01786616 0.00919737 -0.033125 0.01466927 0.00954266 -0.033125 0.01797554 0.00909849 -0.033125 0.01657627 0.00561046 -0.033125 0.01667504 0.00480449 -0.033125 0.01644526 0.00402569 -0.033125 0.01592481 0.00340241 -0.033125 0.01519948 0.00303741 -0.033125 0.00938413 0.0014792 -0.033125 0.06119148 0.00546489 -0.033125 0.06141181 0.00554918 -0.033125 0.06164626 0.00552307 -0.033125 0.06184265 0.00539237 -0.033125 0.06195726 0.00518617 -0.033125 0.06196456 0.00495038 -0.033125 0.06193491 0.00431034 -0.033125 0.06210918 0.00369376 -0.033125 0.0634193 0.00088421 -0.033125 0.06103431 0.00528896 -0.033125 0.06011579 0.0044193 -0.033125 0.06064562 0.0047796 -0.033125 0.0565807 0.00111579 -0.033125 0.05537473 0.001 -0.033125 0.0562204 0.00164562 -0.033125 0.05571104 0.00203431 -0.033125 0.05553511 0.00219148 -0.033125 0.05545082 0.00241181 -0.033125 0.05103065 0.00569972 -0.033125 0.05547693 0.00264626 -0.033125 0.05560763 0.00284265 -0.033125 0.05581383 0.00295725 -0.033125 0.05604962 0.00296456 -0.033125 0.05668966 0.00293491 -0.033125 0.05730624 0.00310918 -0.033125 0.05092845 -0.00698554 -0.033125 0.05079775 -0.00718192 -0.033125 0.05103065 -0.01115 -0.033125 0.05087028 -0.00653075 -0.033125 0.05103065 -0.00673482 -0.033125 0.05095457 -0.00675108 -0.033125 0.03932608 -0.01115 -0.033125 0.04456273 -0.00973164 -0.033125 0.04444813 -0.00952545 -0.033125 0.04537107 -0.00962824 -0.033125 0.04521391 -0.00980417 -0.033125 0.04499358 -0.00988846 -0.033125 0.04475912 -0.00986234 -0.033125 0.04444082 -0.00928965 -0.033125 0.04447047 -0.00864961 -0.033125 0.0442962 -0.00803304 -0.033125 0.05059155 -0.00729653 -0.033125 0.05035576 -0.00730384 -0.033125 0.04971572 -0.00727418 -0.033125 0.04575977 -0.00911888 -0.033125 0.04628959 -0.00875857 -0.033125 0.04909915 -0.00744845 -0.033125 0.07555187 0.01152545 -0.033125 0.07555918 0.01128965 -0.033125 0.08476233 0.01115 -0.033125 0.07543727 0.01173164 -0.033125 0.08476233 0.01419625 -0.033125 0.05785549 0.01419625 -0.033125 0.06462526 0.01115 -0.033125 0.06462526 0.01419625 -0.033125 0.07424023 0.01111888 -0.033125 0.07462893 0.01162824 -0.033125 0.07478609 0.01180417 -0.033125 0.07500643 0.01188846 -0.033125 0.07524088 0.01186235 -0.033125 0.06930566 0.00837359 -0.033125 0.06912973 0.00853075 -0.033125 0.06904543 0.00875108 -0.033125 0.06907155 0.00898554 -0.033125 0.06964424 0.00930384 -0.033125 0.07028428 0.00927418 -0.033125 0.07090086 0.00944845 -0.033125 0.06920225 0.00918193 -0.033125 0.06940845 0.00929653 -0.033125 0.07371041 0.01075857 -0.033125 0.11184909 -0.010566 -0.033125 0.11811414 -0.01284431 -0.033125 0.11215352 -0.00961557 -0.033125 0.11531649 -0.00952074 -0.033125 0.11196078 -0.00863636 -0.033125 0.11162717 -0.00790184 -0.033125 0.11342373 -0.00561046 -0.033125 0.11130185 -0.00738283 -0.033125 0.11332496 -0.00480449 -0.033125 0.11355474 -0.00402569 -0.033125 0.09766006 0.0053164 -0.033125 0.09707949 0.00445924 -0.033125 0.09135874 0.00387805 -0.033125 0.09186809 0.001 -0.033125 0.09186809 -0.00673482 -0.033125 0.09246957 -0.00884521 -0.033125 0.09237963 -0.00978411 -0.033125 0.09344275 -0.01127759 -0.033125 0.09272999 -0.01065983 -0.033125 0.09126659 0.0029549 -0.033125 0.09435935 -0.0115 -0.033125 0.09937131 -0.0115 -0.033125 0.09937131 -0.0165 -0.033125 0.11015686 -0.0115 -0.033125 0.11816296 -0.0165 -0.033125 0.1111233 -0.011251 -0.033125 0.01592481 -0.00340241 -0.033125 0.01644526 -0.00402569 -0.033125 0.01978492 -0.00292523 -0.033125 0.01667504 -0.00480449 -0.033125 0.01912643 -0.00584632 -0.033125 0.01657627 -0.00561046 -0.033125 0.01803921 -0.00863636 -0.033125 0.01466927 -0.00954266 -0.033125 0.01984314 -0.0115 -0.033125 0.0188767 -0.011251 -0.033125 0.01184745 -0.01287975 -0.033125 0.01815091 -0.010566 -0.033125 0.01784648 -0.00961557 -0.033125 0.00828678 -0.01541361 -0.033125 0.00583095 -0.0165 -0.033125 0.0292503 -0.0115 -0.033125 0.03932608 -0.0165 -0.033125 0.03018924 -0.0112659 -0.033125 0.03530718 -0.0096 -0.033125 0.0356 -0.00930718 -0.033125 0.036 -0.0092 -0.033125 0.0364 -0.00930718 -0.033125 0.03669282 -0.0096 -0.033125 0.0368 -0.01 -0.033125 0.03669282 -0.0104 -0.033125 0.0364 -0.01069282 -0.033125 0.036 -0.0108 -0.033125 0.0356 -0.01069282 -0.033125 0.03530718 -0.0104 -0.033125 0.03053587 -0.00796791 -0.033125 0.03110467 -0.00875079 -0.033125 0.0352 -0.01 -0.033125 0.03123934 -0.00970906 -0.033125 0.03090837 -0.01061839 -0.033125 0.12162866 0.00147331 -0.033125 0.12158863 0.00146352 -0.033125 0.12154657 -0.00088849 -0.033125 0.12061586 0.0014792 -0.033125 0.11480052 0.00303741 -0.033125 0.11407518 0.00340241 -0.033125 0.11407518 -0.00340241 -0.033125 0.11480052 -0.00303741 -0.033125 0.12061586 -0.0014792 -0.033125 0.12158863 -0.00146352 -0.033125 0.12162866 -0.00147331 -0.033125 0.12164425 -0.01537633 -0.033125 0.12416905 -0.0165 -0.033125 0.03932608 0.0165 -0.033125 0.00583095 0.0165 -0.033125 0.09186809 0.01115 -0.033125 0.0932 0.01 -0.033125 0.09330718 0.0104 -0.033125 0.09469282 0.0104 -0.033125 0.0948 0.01 -0.033125 0.0936 0.01069282 -0.033125 0.094 0.0108 -0.033125 0.0944 0.01069282 -0.033125 0.0936 0.00930718 -0.033125 0.09330718 0.0096 -0.033125 0.09469282 0.0096 -0.033125 0.0944 0.00930718 -0.033125 0.094 0.0092 -0.033125 0.09186809 0.01419625 -0.033125 0.05444798 0.0115 -0.033125 0.05537473 -0.01115 -0.033125 0.05537473 -0.00673482 -0.033125 0.05425269 -0.00035098 -0.033125 0.05502135 -0.00111964 -0.033125 0.05530269 -0.00216964 -0.033125 0.05215269 -0.00398829 -0.033125 0.05138404 -0.00321964 -0.033125 0.05110269 -0.00216964 -0.033125 0.05138404 -0.00111964 -0.033125 0.05502135 -0.00321964 -0.033125 0.05425269 -0.00398829 -0.033125 0.05320269 -0.00426964 -0.033125 0.05103065 -0.0165 -0.033125 0.05537473 -0.0165 -0.033125 0.05103065 0.0165 -0.033125 0.05537473 0.0165 -0.033125 0.05785549 0.0165 -0.033125 0.06462526 0.0165 -0.033125 0.08476233 0.0165 -0.033125 0.09186809 0.0165 -0.033125 0.09937131 0.0165 -0.033125 0.11816296 0.0165 -0.033125 0.12416905 0.0165 -0.033125 0.14086634 0.00532106 -0.037125 0.14169134 0.0051 -0.037125 0.13999566 0.00345344 -0.037125 0.12072933 -0.011675 -0.037125 0.11440776 -0.011675 -0.037125 0.11440776 -0.01115 -0.037125 0.06462526 -0.00572539 -0.037125 0.06462526 -0.00468482 -0.037125 0.06685679 -0.00468482 -0.037125 0.07478609 0.01180417 -0.037125 0.07462893 0.01162824 -0.037125 0.06462526 0.011675 -0.037125 0.06428896 -3.431E-05 -0.037125 0.0637796 0.00035438 -0.037125 0.0634193 0.00088421 -0.037125 0.06469731 0.00416964 -0.037125 0.06497865 0.00311964 -0.037125 0.06462526 0.00345344 -0.037125 0.122975 0.01216766 -0.037125 0.12222465 0.01141731 -0.037125 0.12072933 0.011675 -0.037125 0.00736122 -0.00425 -0.037125 0.008275 -0.00391143 -0.037125 0.008275 -0.00468482 -0.037125 0.00845344 -0.00088849 -0.037125 0.00808398 0.00262664 -0.037125 0.008275 0.00205982 -0.037125 -0 0.0085 -0.037125 0.0028 0.00845 -0.037125 0.00345726 0.00776514 -0.037125 -0 -0.0085 -0.037125 0.00176725 -0.00831425 -0.037125 0.0028 -0.01115 -0.037125 -0.01022465 -0.001025 -0.037125 -0.00995 0 -0.037125 -0.00999567 -0.00391143 -0.037125 -0.00839257 0.01420615 -0.037125 -0.00387825 0.01603774 -0.037125 -0.005075 0.01379615 -0.037125 0.13895063 0.01386132 -0.037125 0.14010698 0.01304221 -0.037125 0.13999566 0.011675 -0.037125 0.14384358 -0.00897806 -0.037125 0.14369567 -0.00468482 -0.037125 0.14489655 -0.00709526 -0.037125 0.007025 -0.01216766 -0.037125 0.00777535 -0.01141731 -0.037125 0.008275 -0.011675 -0.037125 0.143025 -0.00177535 -0.037125 0.14377536 -0.001025 -0.037125 0.14369567 -0.00391143 -0.037125 0.12857106 0.014325 -0.037125 0.12835 0.0135 -0.037125 0.12720001 0.01379615 -0.037125 0.12368327 0.00568761 -0.037125 0.12191602 0.00262664 -0.037125 0.12072933 0.00345344 -0.037125 0.13345726 0.00776514 -0.037125 0.13 0.0085 -0.037125 0.135075 0.00845 -0.037125 0.01086634 0.00532106 -0.037125 0.01169134 0.0051 -0.037125 0.00927067 0.00345344 -0.037125 0.05599861 0.00823684 -0.037125 0.05785549 0.00845 -0.037125 0.05785549 0.00345344 -0.037125 0.11184909 0.010566 -0.037125 0.1111233 0.011251 -0.037125 0.11440776 0.011675 -0.037125 0.11215352 0.00961557 -0.037125 0.11015686 0.0115 -0.037125 0.10594261 0.0115 -0.037125 0.09937131 0.011675 -0.037125 0.1050603 0.01129486 -0.037125 0.10435898 0.01072152 -0.037125 0.10887112 0.00412084 -0.037125 0.10970318 0.00430328 -0.037125 0.11440776 0.00345344 -0.037125 0.10191876 0.00345344 -0.037125 0.10803861 0.0043012 -0.037125 0.11196078 0.00863636 -0.037125 0.11440776 0.00845 -0.037125 0.11078965 0.0055644 -0.037125 0.11038385 0.00481544 -0.037125 0.10398253 0.00989759 -0.037125 0.10400818 0.0089921 -0.037125 0.09937131 0.00845 -0.037125 0.10443066 0.00819081 -0.037125 0.10048121 0.00511364 -0.037125 0.10735666 0.00481164 -0.037125 0.03110467 -0.00875079 -0.037125 0.03322515 -0.00468482 -0.037125 0.03123934 -0.00970906 -0.037125 0.03322515 -0.01115 -0.037125 0.03090837 -0.01061839 -0.037125 0.03018924 -0.0112659 -0.037125 0.0292503 -0.0115 -0.037125 0.03322515 -0.011675 -0.037125 0.01984314 -0.0115 -0.037125 0.00927067 -0.011675 -0.037125 0.0188767 -0.011251 -0.037125 0.00927067 -0.01115 -0.037125 0.0102624 -0.007575 -0.037125 0.01004134 -0.00675 -0.037125 0.00927067 -0.00468482 -0.037125 0.0102624 -0.005925 -0.037125 0.01086634 -0.00532106 -0.037125 0.01086634 -0.00817894 -0.037125 0.01169134 -0.0084 -0.037125 0.01251634 -0.00817894 -0.037125 0.01815091 -0.010566 -0.037125 0.01312029 -0.007575 -0.037125 0.01784648 -0.00961557 -0.037125 0.01312029 -0.005925 -0.037125 0.01251634 -0.00532106 -0.037125 0.01944072 -0.00469664 -0.037125 0.01169134 -0.0051 -0.037125 0.01334134 -0.00675 -0.037125 0.01912643 -0.00584632 -0.037125 0.01803921 -0.00863636 -0.037125 0.02008092 -0.00213644 -0.037125 0.01978492 -0.00292523 -0.037125 0.00927067 -0.00391143 -0.037125 0.02636391 0.00205982 -0.037125 0.02230401 -0.0012922 -0.037125 0.0214631 -0.00124043 -0.037125 0.02067549 -0.00153954 -0.037125 0.00927067 0.00205982 -0.037125 0.03141081 -0.00217503 -0.037125 0.02570155 -0.00391143 -0.037125 0.02304899 -0.00168567 -0.037125 0.03053587 -0.00796791 -0.037125 0.03322515 -0.00391143 -0.037125 0.03206729 -0.00254142 -0.037125 0.01900817 0.01131737 -0.037125 0.00927067 0.011675 -0.037125 0.01984314 0.0115 -0.037125 0.03322515 0.011675 -0.037125 0.01786616 0.00919737 -0.037125 0.00927067 0.00845 -0.037125 0.01792035 0.01005036 -0.037125 0.01832569 0.01080283 -0.037125 0.05537473 0.011675 -0.037125 0.05444798 0.0115 -0.037125 0.05103065 0.011675 -0.037125 0.05103065 0.0115 -0.037125 0.03932608 0.011675 -0.037125 0.03932608 0.0115 -0.037125 0.03322515 0.0115 -0.037125 0.05639407 0.00903877 -0.037125 0.05640057 0.00993288 -0.037125 0.05785549 0.011675 -0.037125 0.05601681 0.01074047 -0.037125 0.05531949 0.01130013 -0.037125 0.05103065 0.00345344 -0.037125 0.05103065 0.00569972 -0.037125 0.05529322 0.00768738 -0.037125 0.04824803 -0.00094691 -0.037125 0.04805165 -0.0008162 -0.037125 0.05103065 0.00205982 -0.037125 0.04834029 -0.00202894 -0.037125 0.04836994 -0.00138889 -0.037125 0.05103065 -0.00391143 -0.037125 0.04836264 -0.0011531 -0.037125 0.0462135 0.00345344 -0.037125 0.04322486 0.00205982 -0.037125 0.04781719 -0.00079009 -0.037125 0.04221921 -0.00338202 -0.037125 0.03932608 0.00024178 -0.037125 0.042455 -0.00337471 -0.037125 0.04759686 -0.00087438 -0.037125 0.0474397 -0.00105031 -0.037125 0.047051 -0.00155967 -0.037125 0.04309504 -0.00340436 -0.037125 0.04371162 -0.00323009 -0.037125 0.04652118 -0.00191998 -0.037125 0.03281267 -0.00263956 -0.037125 0.03354162 -0.00245555 -0.037125 0.01169134 0.0084 -0.037125 0.01086634 0.00817894 -0.037125 0.02470305 0.00345344 -0.037125 0.01251634 0.00532106 -0.037125 0.01312029 0.005925 -0.037125 0.01334134 0.00675 -0.037125 0.01874839 0.00845 -0.037125 0.01312029 0.007575 -0.037125 0.01251634 0.00817894 -0.037125 0.01797554 0.00909849 -0.037125 0.0102624 0.007575 -0.037125 0.01004134 0.00675 -0.037125 0.0102624 0.005925 -0.037125 0.09344275 -0.01127759 -0.037125 0.09435935 -0.0115 -0.037125 0.09277967 -0.011675 -0.037125 0.09937131 -0.011675 -0.037125 0.09277967 -0.01115 -0.037125 0.09186809 -0.01115 -0.037125 0.09272999 -0.01065983 -0.037125 0.09237963 -0.00978411 -0.037125 0.09246957 -0.00884521 -0.037125 0.09186809 -0.00468482 -0.037125 0.09277967 -0.00795024 -0.037125 0.09277967 0.00345344 -0.037125 0.0962481 0.00205982 -0.037125 0.09277967 0.00205982 -0.037125 0.0941791 -0.00391143 -0.037125 0.09277967 -0.00391143 -0.037125 0.09391113 -0.00468482 -0.037125 0.09277967 -0.00468482 -0.037125 0.09962405 0.00569422 -0.037125 0.09859144 0.00576843 -0.037125 0.09277967 0.00845 -0.037125 0.09766006 0.0053164 -0.037125 0.09707949 0.00445924 -0.037125 0.09673098 0.00345344 -0.037125 0.11440776 0.00205982 -0.037125 0.1031255 0.00205982 -0.037125 0.11440776 -0.00391143 -0.037125 0.10829597 -0.00391143 -0.037125 0.11440776 -0.00468482 -0.037125 0.10896564 -0.00468482 -0.037125 0.11215352 -0.00961557 -0.037125 0.11196078 -0.00863636 -0.037125 0.11162717 -0.00790184 -0.037125 0.11130185 -0.00738283 -0.037125 0.09937131 -0.0115 -0.037125 0.11015686 -0.0115 -0.037125 0.1111233 -0.011251 -0.037125 0.11184909 -0.010566 -0.037125 0.13808398 0.00262664 -0.037125 0.13631673 0.00568761 -0.037125 0.13999566 0.00845 -0.037125 0.13995001 0 -0.037125 0.13999566 -0.00391143 -0.037125 0.13736121 -0.00425 -0.037125 0.135075 -0.01115 -0.037125 0.12720001 -0.01115 -0.037125 0.12823275 -0.00831425 -0.037125 0.122975 -0.00861695 -0.037125 0.12222465 -0.0093673 -0.037125 0.12072933 -0.00468482 -0.037125 0.12072933 -0.01115 -0.037125 0.12195 -0.0103923 -0.037125 0.12222465 -0.01141731 -0.037125 0.124 -0.00834231 -0.037125 0.12263878 -0.00425 -0.037125 0.125025 -0.00861695 -0.037125 0.12500383 -0.00687664 -0.037125 0.12577535 -0.0093673 -0.037125 0.12605 -0.0103923 -0.037125 0.12577535 -0.01141731 -0.037125 0.12072933 0.00205982 -0.037125 0.12154657 -0.00088849 -0.037125 0.12072933 -0.00391143 -0.037125 0.12917501 0.01492894 -0.037125 0.12720001 0.0165 -0.037125 0.13 0.01515 -0.037125 0.13 0.0165 -0.037125 0.130825 0.01492894 -0.037125 0.13387825 0.01603774 -0.037125 0.12857106 0.012675 -0.037125 0.12917501 0.01207106 -0.037125 0.12720001 0.011675 -0.037125 0.13 0.01185 -0.037125 0.135075 0.011675 -0.037125 0.130825 0.01207106 -0.037125 0.13142894 0.012675 -0.037125 0.135075 0.01379615 -0.037125 0.13165 0.0135 -0.037125 0.13142894 0.014325 -0.037125 0.13845344 -0.00088849 -0.037125 0.13999566 0.00205982 -0.037125 0.14022465 0.001025 -0.037125 0.140975 0.00177535 -0.037125 0.142 0.00205 -0.037125 0.14369567 0.00205982 -0.037125 0.143025 0.00177535 -0.037125 0.14377536 0.001025 -0.037125 0.14631921 0.00243587 -0.037125 0.14405 0 -0.037125 0.14631921 -0.00243587 -0.037125 0.14022465 -0.001025 -0.037125 0.140975 -0.00177535 -0.037125 0.142 -0.00205 -0.037125 0.124 -0.0124423 -0.037125 0.125025 -0.01216766 -0.037125 0.12720001 -0.0165 -0.037125 0.12720001 -0.011675 -0.037125 0.0028 -0.011675 -0.037125 0.00422465 -0.01141731 -0.037125 0.0028 -0.0165 -0.037125 0.004975 -0.01216766 -0.037125 0.008275 -0.0165 -0.037125 0.006 -0.0124423 -0.037125 0.008275 -0.01115 -0.037125 0.00805 -0.0103923 -0.037125 0.00395 -0.0103923 -0.037125 0.00422465 -0.0093673 -0.037125 0.004975 -0.00861695 -0.037125 0.00499617 -0.00687664 -0.037125 0.006 -0.00834231 -0.037125 0.007025 -0.00861695 -0.037125 0.00777535 -0.0093673 -0.037125 0.13387825 -0.01603774 -0.037125 0.13 -0.0165 -0.037125 0.13 -0.01515 -0.037125 0.12917501 -0.01492894 -0.037125 0.12857106 -0.014325 -0.037125 0.12835 -0.0135 -0.037125 0.12857106 -0.012675 -0.037125 0.13165 -0.0135 -0.037125 0.13839257 -0.01420615 -0.037125 0.13142894 -0.014325 -0.037125 0.130825 -0.01492894 -0.037125 0.13142894 -0.012675 -0.037125 0.130825 -0.01207106 -0.037125 0.135075 -0.011675 -0.037125 0.13 -0.01185 -0.037125 0.12917501 -0.01207106 -0.037125 0.14157739 -0.01175645 -0.037125 0.14010698 -0.01304221 -0.037125 0.13999566 -0.011675 -0.037125 0.14169134 -0.0084 -0.037125 0.14251634 -0.00817894 -0.037125 0.1402624 -0.005925 -0.037125 0.14004134 -0.00675 -0.037125 0.13999566 -0.00468482 -0.037125 0.13999566 -0.01115 -0.037125 0.13499618 -0.00687664 -0.037125 0.13176724 -0.00831425 -0.037125 0.1402624 -0.007575 -0.037125 0.14086634 -0.00817894 -0.037125 0.14216021 -0.01115254 -0.037125 0.14217526 -0.01113611 -0.037125 0.14312029 -0.005925 -0.037125 0.14334135 -0.00675 -0.037125 0.14312029 -0.007575 -0.037125 0.14251634 -0.00532106 -0.037125 0.14169134 -0.0051 -0.037125 0.14086634 -0.00532106 -0.037125 0.14489655 0.00709526 -0.037125 0.14369567 0.00845 -0.037125 0.14217526 0.01113611 -0.037125 0.14157739 0.01175645 -0.037125 0.13839257 0.01420615 -0.037125 0.00165 0.0135 -0.037125 0.00142894 0.014325 -0.037125 0.0028 0.0165 -0.037125 0.000825 0.01492894 -0.037125 -0 0.0165 -0.037125 -0 0.01515 -0.037125 -0.00999567 0.011675 -0.037125 -0.01010697 0.01304221 -0.037125 -0.00895063 0.01386132 -0.037125 -0.00999567 0.00345344 -0.037125 -0.01169134 0.0051 -0.037125 -0.01086634 0.00532106 -0.037125 -0.01217526 0.01113611 -0.037125 -0.01169134 0.0084 -0.037125 -0.01251634 0.00817894 -0.037125 -0.01489655 0.00709526 -0.037125 -0.0102624 0.005925 -0.037125 -0.01004134 0.00675 -0.037125 -0.00999567 0.00845 -0.037125 -0.0102624 0.007575 -0.037125 -0.01086634 0.00817894 -0.037125 -0.01157739 0.01175645 -0.037125 -0.01312029 0.007575 -0.037125 -0.01334134 0.00675 -0.037125 -0.01631921 0.00243587 -0.037125 -0.01312029 0.005925 -0.037125 -0.01251634 0.00532106 -0.037125 -0.00999567 0.00205982 -0.037125 -0.01022465 0.001025 -0.037125 -0.010975 0.00177535 -0.037125 -0.012 0.00205 -0.037125 -0.013025 -0.00177535 -0.037125 -0.01601845 -0.00395716 -0.037125 -0.01377535 -0.001025 -0.037125 -0.01631921 -0.00243587 -0.037125 -0.013025 0.00177535 -0.037125 -0.01377535 0.001025 -0.037125 -0.01405 0 -0.037125 -0.012 -0.00205 -0.037125 -0.010975 -0.00177535 -0.037125 -0.01004134 -0.00675 -0.037125 -0.0102624 -0.005925 -0.037125 -0.00999567 -0.00468482 -0.037125 -0.01086634 -0.00532106 -0.037125 -0.01169134 -0.0051 -0.037125 -0.01251634 -0.00532106 -0.037125 -0.01312029 -0.005925 -0.037125 -0.01580524 -0.00473755 -0.037125 -0.01489655 -0.00709526 -0.037125 -0.01334134 -0.00675 -0.037125 -0.01312029 -0.007575 -0.037125 -0.01217526 -0.01113611 -0.037125 -0.01251634 -0.00817894 -0.037125 -0.01216021 -0.01115254 -0.037125 -0.01169134 -0.0084 -0.037125 -0.00999567 -0.01115 -0.037125 -0.01086634 -0.00817894 -0.037125 -0.0102624 -0.007575 -0.037125 -0.01157739 -0.01175645 -0.037125 -0.00999567 -0.011675 -0.037125 -0.01010697 -0.01304221 -0.037125 -0.005075 -0.011675 -0.037125 -0.00839257 -0.01420615 -0.037125 -0.00387825 -0.01603774 -0.037125 -0.000825 -0.01492894 -0.037125 -0 -0.0165 -0.037125 -0 -0.01515 -0.037125 0.000825 -0.01492894 -0.037125 0.00142894 -0.014325 -0.037125 0.00165 -0.0135 -0.037125 0.00142894 -0.012675 -0.037125 0.000825 -0.01207106 -0.037125 -0 -0.01185 -0.037125 -0.000825 -0.01207106 -0.037125 -0.00142894 -0.012675 -0.037125 -0.00165 -0.0135 -0.037125 -0.00142894 -0.014325 -0.037125 -0.00176725 -0.00831425 -0.037125 -0.005075 -0.01115 -0.037125 -0.00499617 -0.00687664 -0.037125 -0.00736122 -0.00425 -0.037125 -0.00845344 -0.00088849 -0.037125 -0.00808398 0.00262664 -0.037125 -0.00631673 0.00568761 -0.037125 -0.005075 0.00845 -0.037125 -0.00345726 0.00776514 -0.037125 -0.000825 0.01492894 -0.037125 -0.00142894 0.014325 -0.037125 -0.00165 0.0135 -0.037125 -0.005075 0.011675 -0.037125 -0.00142894 0.012675 -0.037125 0.0028 0.01379615 -0.037125 0.0028 0.011675 -0.037125 0.00142894 0.012675 -0.037125 -0.000825 0.01207106 -0.037125 -0 0.01185 -0.037125 0.000825 0.01207106 -0.037125 0.00631673 0.00568761 -0.037125 0.006 0.00834231 -0.037125 0.004975 0.00861695 -0.037125 0.00422465 0.0093673 -0.037125 0.00395 0.0103923 -0.037125 0.00777535 0.01141731 -0.037125 0.007025 0.01216766 -0.037125 0.008275 0.01379615 -0.037125 0.006 0.0124423 -0.037125 0.004975 0.01216766 -0.037125 0.00422465 0.01141731 -0.037125 0.008275 0.00345344 -0.037125 0.008275 0.00845 -0.037125 0.007025 0.00861695 -0.037125 0.00777535 0.0093673 -0.037125 0.00805 0.0103923 -0.037125 0.008275 0.011675 -0.037125 0.12577535 0.01141731 -0.037125 0.125025 0.01216766 -0.037125 0.124 0.0124423 -0.037125 0.12072933 0.01379615 -0.037125 0.124 0.00834231 -0.037125 0.125025 0.00861695 -0.037125 0.12720001 0.00845 -0.037125 0.12577535 0.0093673 -0.037125 0.12605 0.0103923 -0.037125 0.12195 0.0103923 -0.037125 0.12222465 0.0093673 -0.037125 0.12072933 0.00845 -0.037125 0.122975 0.00861695 -0.037125 0.06462526 0.00205982 -0.037125 0.07175197 0.00294691 -0.037125 0.07194836 0.0028162 -0.037125 0.06784731 0.00235098 -0.037125 0.06574731 0.00235098 -0.037125 0.06679731 0.00206964 -0.037125 0.08132071 0.00205982 -0.037125 0.07218281 0.00279009 -0.037125 0.06784731 0.00598829 -0.037125 0.06679731 0.00626964 -0.037125 0.06462526 0.00845 -0.037125 0.06889731 0.00416964 -0.037125 0.07165971 0.00402894 -0.037125 0.06861596 0.00311964 -0.037125 0.07163005 0.00338889 -0.037125 0.07163736 0.0031531 -0.037125 0.06574731 0.00598829 -0.037125 0.06497865 0.00521964 -0.037125 0.06930566 0.00837359 -0.037125 0.06981502 0.00798489 -0.037125 0.06861596 0.00521964 -0.037125 0.07017532 0.00745507 -0.037125 0.07148544 0.00464551 -0.037125 0.05215269 -0.00398829 -0.037125 0.05103065 -0.00468482 -0.037125 0.05320269 -0.00426964 -0.037125 0.05537473 -0.00468482 -0.037125 0.05530269 -0.00216964 -0.037125 0.05537473 -0.00391143 -0.037125 0.05502135 -0.00321964 -0.037125 0.05425269 -0.00398829 -0.037125 0.05502135 -0.00111964 -0.037125 0.05425269 -0.00035098 -0.037125 0.05537473 0.00205982 -0.037125 0.05320269 -6.964E-05 -0.037125 0.05215269 -0.00035098 -0.037125 0.05138404 -0.00111964 -0.037125 0.05110269 -0.00216964 -0.037125 0.05138404 -0.00321964 -0.037125 0.06454919 -0.00041181 -0.037125 0.06446489 -0.00019148 -0.037125 0.05803544 -0.00295038 -0.037125 0.05804275 -0.00318617 -0.037125 0.05785549 -0.00391143 -0.037125 0.05815735 -0.00339237 -0.037125 0.06395038 -0.00096456 -0.037125 0.06418617 -0.00095725 -0.037125 0.06462526 -0.00391143 -0.037125 0.06439237 -0.00084265 -0.037125 0.06452307 -0.00064626 -0.037125 0.05835374 -0.00352307 -0.037125 0.05858819 -0.00354918 -0.037125 0.05880852 -0.00346489 -0.037125 0.05896569 -0.00328896 -0.037125 0.05935438 -0.0027796 -0.037125 0.06331034 -0.00093491 -0.037125 0.06269376 -0.00110918 -0.037125 0.05988421 -0.0024193 -0.037125 0.05571104 0.00203431 -0.037125 0.05806509 -0.00231034 -0.037125 0.05789082 -0.00169376 -0.037125 0.0565807 0.00111579 -0.037125 0.0562204 0.00164562 -0.037125 0.05581383 0.00295725 -0.037125 0.05560763 0.00284265 -0.037125 0.05537473 0.00345344 -0.037125 0.05547693 0.00264626 -0.037125 0.05545082 0.00241181 -0.037125 0.05553511 0.00219148 -0.037125 0.05730624 0.00310918 -0.037125 0.05668966 0.00293491 -0.037125 0.05604962 0.00296456 -0.037125 0.06119148 0.00546489 -0.037125 0.06103431 0.00528896 -0.037125 0.06195726 0.00518617 -0.037125 0.06184265 0.00539237 -0.037125 0.06164626 0.00552307 -0.037125 0.06141181 0.00554918 -0.037125 0.06196456 0.00495038 -0.037125 0.06064562 0.0047796 -0.037125 0.06011579 0.0044193 -0.037125 0.06210918 0.00369376 -0.037125 0.06193491 0.00431034 -0.037125 0.07090086 0.00944845 -0.037125 0.07028428 0.00927418 -0.037125 0.06964424 0.00930384 -0.037125 0.07371041 0.01075857 -0.037125 0.06907155 0.00898554 -0.037125 0.06904543 0.00875108 -0.037125 0.06912973 0.00853075 -0.037125 0.07424023 0.01111888 -0.037125 0.06940845 0.00929653 -0.037125 0.06920225 0.00918193 -0.037125 0.07543727 0.01173164 -0.037125 0.07524088 0.01186235 -0.037125 0.09186809 0.01379615 -0.037125 0.07500643 0.01188846 -0.037125 0.06462526 0.01379615 -0.037125 0.07555918 0.01128965 -0.037125 0.07555187 0.01152545 -0.037125 0.09186809 0.011675 -0.037125 0.07552953 0.01064961 -0.037125 0.0757038 0.01003304 -0.037125 0.07701392 0.00722348 -0.037125 0.07754499 0.00537471 -0.037125 0.07778079 0.00538202 -0.037125 0.08430935 0.00345344 -0.037125 0.07628838 0.00523009 -0.037125 0.07690495 0.00540436 -0.037125 0.07240314 0.00287438 -0.037125 0.0725603 0.00305031 -0.037125 0.072949 0.00355967 -0.037125 0.07347883 0.00391998 -0.037125 0.09033557 0.00536491 -0.037125 0.08944042 0.00560868 -0.037125 0.09186809 0.00845 -0.037125 0.08853159 0.00542231 -0.037125 0.07798699 0.00549662 -0.037125 0.07811769 0.00569301 -0.037125 0.0781438 0.00592747 -0.037125 0.07805951 0.0061478 -0.037125 0.07788358 0.00630496 -0.037125 0.05095457 -0.00675108 -0.037125 0.05087028 -0.00653075 -0.037125 0.05069435 -0.00637359 -0.037125 0.04851456 -0.00264551 -0.037125 0.04982468 -0.00545507 -0.037125 0.05018498 -0.00598489 -0.037125 0.04444813 -0.00952545 -0.037125 0.04456273 -0.00973164 -0.037125 0.03932608 -0.01115 -0.037125 0.05035576 -0.00730384 -0.037125 0.05059155 -0.00729653 -0.037125 0.05103065 -0.01115 -0.037125 0.05079775 -0.00718192 -0.037125 0.05092845 -0.00698554 -0.037125 0.04475912 -0.00986234 -0.037125 0.04499358 -0.00988846 -0.037125 0.04444082 -0.00928965 -0.037125 0.0442962 -0.00803304 -0.037125 0.04447047 -0.00864961 -0.037125 0.04521391 -0.00980417 -0.037125 0.04537107 -0.00962824 -0.037125 0.04575977 -0.00911888 -0.037125 0.04971572 -0.00727418 -0.037125 0.04909915 -0.00744845 -0.037125 0.04628959 -0.00875857 -0.037125 0.04201302 -0.00349662 -0.037125 0.04188231 -0.00369301 -0.037125 0.03932608 -0.00391143 -0.037125 0.0418562 -0.00392747 -0.037125 0.03932608 -0.00468482 -0.037125 0.04194049 -0.0041478 -0.037125 0.04211642 -0.00430496 -0.037125 0.04262578 -0.00469366 -0.037125 0.04298609 -0.00522348 -0.037125 0.08888746 -0.00391143 -0.037125 0.09186809 -0.00391143 -0.037125 0.09095646 0.00205982 -0.037125 0.09186809 0.00205982 -0.037125 0.09126659 0.0029549 -0.037125 0.09186809 0.00345344 -0.037125 0.09135874 0.00387805 -0.037125 0.09102441 0.00474347 -0.037125 0.08563605 -0.01133231 -0.037125 0.08630326 -0.01085736 -0.037125 0.08672417 -0.01015479 -0.037125 0.08861949 -0.00468482 -0.037125 0.09186809 -0.011675 -0.037125 0.06462526 -0.011675 -0.037125 0.0848344 -0.0115 -0.037125 0.06462526 -0.0115 -0.037125 0.061263 -0.0115 -0.037125 0.05785549 -0.011675 -0.037125 0.06039149 -0.01130013 -0.037125 0.05931041 -0.00993288 -0.037125 0.05969417 -0.01074047 -0.037125 0.05785549 -0.01115 -0.037125 0.05785549 -0.00468482 -0.037125 0.06041777 -0.00768738 -0.037125 0.05971238 -0.00823684 -0.037125 0.05931691 -0.00903877 -0.037125 0.06851532 -0.00391143 -0.037125 0.0364 -0.01069282 -0.037125 0.036 -0.0108 -0.037125 0.0356 -0.01069282 -0.037125 0.03530718 -0.0104 -0.037125 0.03669282 -0.0104 -0.037125 0.0368 -0.01 -0.037125 0.03669282 -0.0096 -0.037125 0.0364 -0.00930718 -0.037125 0.036 -0.0092 -0.037125 0.0356 -0.00930718 -0.037125 0.03530718 -0.0096 -0.037125 0.0352 -0.01 -0.037125 0.03932608 -0.011675 -0.037125 0.05103065 -0.011675 -0.037125 0.05537473 -0.011675 -0.037125 0.05537473 -0.01115 -0.037125 0.00927067 0.01379615 -0.037125 0.03322515 0.01379615 -0.037125 0.03932608 0.01379615 -0.037125 0.05103065 0.01379615 -0.037125 0.05537473 0.01379615 -0.037125 0.05785549 0.01379615 -0.037125 0.0932 0.01 -0.037125 0.09330718 0.0096 -0.037125 0.0936 0.00930718 -0.037125 0.094 0.0092 -0.037125 0.0944 0.00930718 -0.037125 0.09469282 0.0096 -0.037125 0.0948 0.01 -0.037125 0.09277967 0.011675 -0.037125 0.0936 0.01069282 -0.037125 0.09330718 0.0104 -0.037125 0.07737422 0.00669366 -0.037125 0.09469282 0.0104 -0.037125 0.0944 0.01069282 -0.037125 0.094 0.0108 -0.037125 0.00927067 -0.0165 -0.037125 0.03322515 -0.0165 -0.037125 0.03932608 -0.0165 -0.037125 0.05103065 -0.0165 -0.037125 0.05537473 -0.0165 -0.037125 0.05785549 -0.0165 -0.037125 0.06462526 -0.0165 -0.037125 0.09186809 -0.0165 -0.037125 0.09277967 -0.0165 -0.037125 0.09937131 -0.0165 -0.037125 0.11440776 -0.0165 -0.037125 0.12072933 -0.0165 -0.037125 0.11748366 -0.00817894 -0.037125 0.11830866 -0.0084 -0.037125 0.11913366 -0.00817894 -0.037125 0.11913366 -0.00532106 -0.037125 0.11830866 -0.0051 -0.037125 0.122975 -0.01216766 -0.037125 0.11748366 -0.00532106 -0.037125 0.1197376 -0.007575 -0.037125 0.11995865 -0.00675 -0.037125 0.1197376 -0.005925 -0.037125 0.11687972 -0.005925 -0.037125 0.11665866 -0.00675 -0.037125 0.11687972 -0.007575 -0.037125 0.11830866 0.0051 -0.037125 0.11913366 0.00532106 -0.037125 0.1197376 0.005925 -0.037125 0.11995865 0.00675 -0.037125 0.1197376 0.007575 -0.037125 0.11748366 0.00532106 -0.037125 0.11748366 0.00817894 -0.037125 0.11830866 0.0084 -0.037125 0.11913366 0.00817894 -0.037125 0.11687972 0.007575 -0.037125 0.11665866 0.00675 -0.037125 0.11687972 0.005925 -0.037125 0.09277967 0.01379615 -0.037125 0.09937131 0.01379615 -0.037125 0.11440776 0.01379615 -0.037125 0.008275 0.0165 -0.037125 0.00927067 0.0165 -0.037125 0.03322515 0.0165 -0.037125 0.03932608 0.0165 -0.037125 0.05103065 0.0165 -0.037125 0.05537473 0.0165 -0.037125 0.05785549 0.0165 -0.037125 0.06462526 0.0165 -0.037125 0.09186809 0.0165 -0.037125 0.09277967 0.0165 -0.037125 0.09937131 0.0165 -0.037125 0.11440776 0.0165 -0.037125 0.12072933 0.0165 -0.037125 0.12654273 0.00776514 -0.037125 0.14369567 0.00345344 -0.037125 0.14251634 0.00532106 -0.037125 0.14312029 0.005925 -0.037125 0.14334135 0.00675 -0.037125 0.14312029 0.007575 -0.037125 0.14251634 0.00817894 -0.037125 0.14169134 0.0084 -0.037125 0.14086634 0.00817894 -0.037125 0.1402624 0.007575 -0.037125 0.14004134 0.00675 -0.037125 0.1402624 0.005925 -0.037125 0.13839257 0.01420615 -0.033125 0.13496424 0.01573551 -0.033125 0.1350151 0.01549735 -0.033125 0.13597308 0.0073873 -0.033125 0.13345726 0.00776514 -0.033125 0.13547313 0.00655269 -0.033125 0.1354616 0.00651314 -0.033125 0.14023021 0.01164443 -0.033125 0.14091355 0.01209188 -0.033125 0.14114523 0.01216691 -0.033125 0.13290974 0.00798645 -0.033125 0.13293824 0.00801622 -0.033125 0.13341105 0.0088665 -0.033125 0.13496926 0.01468184 -0.033125 0.13839257 -0.01420615 -0.033125 0.14114523 -0.01216691 -0.033125 0.14091355 -0.01209188 -0.033125 0.13341105 -0.0088665 -0.033125 0.13499618 -0.00687664 -0.033125 0.13293824 -0.00801622 -0.033125 0.13290974 -0.00798645 -0.033125 0.13496926 -0.01468184 -0.033125 0.1350151 -0.01549735 -0.033125 0.13496424 -0.01573551 -0.033125 0.1354616 -0.00651314 -0.033125 0.13547313 -0.00655269 -0.033125 0.13597308 -0.0073873 -0.033125 0.14023021 -0.01164443 -0.033125 -0.00839257 -0.01420615 -0.033125 -0.00496424 -0.01573551 -0.033125 -0.00501511 -0.01549735 -0.033125 -0.0054616 -0.00651314 -0.033125 -0.00547313 -0.00655269 -0.033125 -0.00499617 -0.00687664 -0.033125 -0.00597309 -0.0073873 -0.033125 -0.00290975 -0.00798645 -0.033125 -0.01023021 -0.01164443 -0.033125 -0.01091355 -0.01209188 -0.033125 -0.01114523 -0.01216691 -0.033125 -0.00496926 -0.01468184 -0.033125 -0.00341105 -0.0088665 -0.033125 -0.00293824 -0.00801622 -0.033125 -0.00839257 0.01420615 -0.033125 -0.01114523 0.01216691 -0.033125 -0.01091355 0.01209188 -0.033125 -0.00290975 0.00798645 -0.033125 -0.00293824 0.00801622 -0.033125 -0.00345726 0.00776514 -0.033125 -0.00341105 0.0088665 -0.033125 -0.0054616 0.00651314 -0.033125 -0.00496926 0.01468184 -0.033125 -0.00501511 0.01549735 -0.033125 -0.00496424 0.01573551 -0.033125 -0.01023021 0.01164443 -0.033125 -0.00597309 0.0073873 -0.033125 -0.00547313 0.00655269 -0.033125 -0.01239568 -0.01089023 -0.032125 -0.01239568 -0.01089023 -0.028125 -0.01489655 -0.00709526 -0.028125 -0.01211293 0.01120387 -0.03220551 -0.01169679 0.01163766 -0.03253342 -0.01239568 0.01089023 -0.032125 -0.01239568 0.01089023 -0.028125 -0.01217526 -0.01113611 -0.03217497 -0.01169679 -0.01163766 -0.03253342 -0.00387825 -0.01603774 -0.0323123 -0.00323337 -0.01618009 -0.032125 -0.00323337 -0.01618009 -0.028125 -0 -0.0165 -0.032125 0.00097417 -0.01647122 -0.028125 0.01562905 -0.00528986 -0.032125 0.01562905 -0.00528986 -0.028125 0.01383103 -0.00899737 -0.032125 0.01340305 -0.00962331 -0.028125 0.01000862 -0.01311783 -0.028125 0.01117045 -0.01214376 -0.032125 0.01340305 -0.00962331 -0.032125 0.00574166 -0.01546878 -0.028125 0.00781325 -0.01453283 -0.032125 0.01000862 -0.01311783 -0.032125 0.00097417 -0.01647122 -0.032125 0.00396878 -0.01601558 -0.032125 0.00574166 -0.01546878 -0.032125 -0.00387825 0.01603774 -0.0323123 -0.00323337 0.01618009 -0.032125 -0 0.0165 -0.032125 -0.00323337 0.01618009 -0.028125 0.00097417 0.01647122 -0.032125 0.00097417 0.01647122 -0.028125 0.00396878 0.01601558 -0.032125 0.00574166 0.01546878 -0.028125 0.00574166 0.01546878 -0.032125 0.00781325 0.01453283 -0.032125 0.01000862 0.01311783 -0.028125 0.01000862 0.01311783 -0.032125 0.01117045 0.01214376 -0.032125 0.01340305 0.00962331 -0.028125 0.01340305 0.00962331 -0.032125 0.01383103 0.00899737 -0.032125 0.01562905 0.00528986 -0.028125 0.01562905 0.00528986 -0.032125 -0.01631921 -0.00243587 -0.028125 -0.01489655 0.00709526 -0.028125 -0.01631921 0.00243587 -0.028125 0.00408882 0.0165 -0.03262407 0.00206513 0.0165 -0.03225373 0.13 0.0165 -0.032125 0.12793487 0.0165 -0.03225373 0.12591118 0.0165 -0.03262407 0.13387825 -0.01603774 -0.0323123 0.13323337 -0.01618009 -0.032125 0.13 -0.0165 -0.032125 0.13323337 -0.01618009 -0.028125 0.12902583 -0.01647122 -0.032125 0.12902583 -0.01647122 -0.028125 0.12593563 -0.01599159 -0.032125 0.12425833 -0.01546878 -0.028125 0.12425833 -0.01546878 -0.032125 0.12212173 -0.01449768 -0.032125 0.11999138 -0.01311783 -0.032125 0.11999138 -0.01311783 -0.028125 0.11879332 -0.01211035 -0.032125 0.11659694 -0.00962331 -0.028125 0.11659694 -0.00962331 -0.032125 0.11615555 -0.0089767 -0.032125 0.11437094 -0.00528986 -0.028125 0.11437094 -0.00528986 -0.032125 0.1416968 -0.01163766 -0.03253342 0.14211294 -0.01120387 -0.03220551 0.14239568 -0.01089023 -0.032125 0.14239568 -0.01089023 -0.028125 0.14239568 0.01089023 -0.032125 0.14217526 0.01113611 -0.03217497 0.1416968 0.01163766 -0.03253342 0.13387825 0.01603774 -0.0323123 0.13323337 0.01618009 -0.032125 0.13323337 0.01618009 -0.028125 0.12902583 0.01647122 -0.028125 0.11437094 0.00528986 -0.032125 0.11437094 0.00528986 -0.028125 0.11616897 0.00899737 -0.032125 0.11659694 0.00962331 -0.028125 0.11999138 0.01311783 -0.028125 0.11882955 0.01214376 -0.032125 0.11659694 0.00962331 -0.032125 0.12425833 0.01546878 -0.028125 0.12218675 0.01453283 -0.032125 0.11999138 0.01311783 -0.032125 0.12902583 0.01647122 -0.032125 0.12603122 0.01601558 -0.032125 0.12425833 0.01546878 -0.032125 0.14489655 -0.00709526 -0.028125 0.14631921 -0.00243587 -0.028125 0.14631921 0.00243587 -0.028125 0.14489655 0.00709526 -0.028125 0.14239568 0.01089023 -0.028125 0.12788145 -0.0165 -0.03226045 0.00206513 -0.0165 -0.03225373 0.00408882 -0.0165 -0.03262407 0.1257588 -0.0165 -0.03266137 -0.00660969 0.00534434 -0.032125 -0.00660969 0.00534434 -0.028125 -0.00808398 0.00262664 -0.028125 -0.00132349 -0.00839633 -0.032125 -0.00132349 -0.00839633 -0.028125 0.00176725 -0.00831425 -0.028125 0.00793318 0.00305199 -0.032125 0.00793318 0.00305199 -0.028125 0.00631673 0.00568761 -0.028125 0.00808398 0.00262664 -0.03223298 0.00793318 -0.00305199 -0.032125 0.00810884 -0.00254886 -0.03227279 -0.00660969 -0.00534434 -0.032125 -0.0062618 -0.00574803 -0.03227279 -0.00631673 0.00568761 -0.03223298 -0.00132349 0.00839633 -0.032125 -0.00184705 0.00829689 -0.03227279 -0.00845344 -0.00088849 -0.028125 -0.00736122 -0.00425 -0.028125 -0.00660969 -0.00534434 -0.028125 -0.00176725 -0.00831425 -0.03223298 0.00499617 -0.00687664 -0.028125 0.00736122 -0.00425 -0.028125 0.00793318 -0.00305199 -0.028125 0.00345726 0.00776514 -0.028125 -0 0.0085 -0.028125 -0.00132349 0.00839633 -0.028125 0.01169134 0.0084 -0.028125 0.01086634 0.00817894 -0.028125 0.0102624 0.007575 -0.028125 0.01004134 0.00675 -0.028125 0.0102624 0.005925 -0.028125 0.01086634 0.00532106 -0.028125 0.01169134 0.0051 -0.028125 0.01251634 0.00532106 -0.028125 0.01312029 0.005925 -0.028125 0.01334134 0.00675 -0.028125 0.01312029 0.007575 -0.028125 0.01251634 0.00817894 -0.028125 -0 0.01515 -0.028125 -0.000825 0.01492894 -0.028125 -0.00142894 0.014325 -0.028125 -0.00165 0.0135 -0.028125 -0.00142894 0.012675 -0.028125 -0.000825 0.01207106 -0.028125 -0 0.01185 -0.028125 0.000825 0.01207106 -0.028125 0.00142894 0.012675 -0.028125 0.00165 0.0135 -0.028125 0.00142894 0.014325 -0.028125 0.000825 0.01492894 -0.028125 -0.01169134 0.0084 -0.028125 -0.01251634 0.00817894 -0.028125 -0.01312029 0.007575 -0.028125 -0.01334134 0.00675 -0.028125 -0.01312029 0.005925 -0.028125 -0.01251634 0.00532106 -0.028125 -0.01169134 0.0051 -0.028125 -0.01086634 0.00532106 -0.028125 -0.0102624 0.005925 -0.028125 -0.01004134 0.00675 -0.028125 -0.0102624 0.007575 -0.028125 -0.01086634 0.00817894 -0.028125 -0.012 0.00205 -0.028125 -0.013025 0.00177535 -0.028125 -0.01377535 0.001025 -0.028125 -0.01405 0 -0.028125 -0.01377535 -0.001025 -0.028125 -0.013025 -0.00177535 -0.028125 -0.012 -0.00205 -0.028125 -0.010975 -0.00177535 -0.028125 -0.01022465 -0.001025 -0.028125 -0.00995 0 -0.028125 -0.01022465 0.001025 -0.028125 -0.010975 0.00177535 -0.028125 0.006 -0.00834231 -0.028125 0.004975 -0.00861695 -0.028125 0.00422465 -0.0093673 -0.028125 0.00395 -0.0103923 -0.028125 0.00422465 -0.01141731 -0.028125 0.004975 -0.01216766 -0.028125 0.006 -0.0124423 -0.028125 0.007025 -0.01216766 -0.028125 0.00777535 -0.01141731 -0.028125 0.00805 -0.0103923 -0.028125 0.00777535 -0.0093673 -0.028125 0.007025 -0.00861695 -0.028125 0.006 0.0124423 -0.028125 0.004975 0.01216766 -0.028125 0.00422465 0.01141731 -0.028125 0.00395 0.0103923 -0.028125 0.00422465 0.0093673 -0.028125 0.004975 0.00861695 -0.028125 0.006 0.00834231 -0.028125 0.007025 0.00861695 -0.028125 0.00777535 0.0093673 -0.028125 0.00805 0.0103923 -0.028125 0.00777535 0.01141731 -0.028125 0.007025 0.01216766 -0.028125 0.11830866 -0.0051 -0.028125 0.11748366 -0.00532106 -0.028125 0.11687972 -0.005925 -0.028125 0.11665866 -0.00675 -0.028125 0.11687972 -0.007575 -0.028125 0.11748366 -0.00817894 -0.028125 0.11830866 -0.0084 -0.028125 0.11913366 -0.00817894 -0.028125 0.1197376 -0.007575 -0.028125 0.11995865 -0.00675 -0.028125 0.1197376 -0.005925 -0.028125 0.11913366 -0.00532106 -0.028125 0.13 -0.01185 -0.028125 0.12917501 -0.01207106 -0.028125 0.12857106 -0.012675 -0.028125 0.12835 -0.0135 -0.028125 0.12857106 -0.014325 -0.028125 0.12917501 -0.01492894 -0.028125 0.13 -0.01515 -0.028125 0.130825 -0.01492894 -0.028125 0.13142894 -0.014325 -0.028125 0.13165 -0.0135 -0.028125 0.13142894 -0.012675 -0.028125 0.130825 -0.01207106 -0.028125 0.14169134 -0.0051 -0.028125 0.14086634 -0.00532106 -0.028125 0.1402624 -0.005925 -0.028125 0.14004134 -0.00675 -0.028125 0.1402624 -0.007575 -0.028125 0.14086634 -0.00817894 -0.028125 0.14169134 -0.0084 -0.028125 0.14251634 -0.00817894 -0.028125 0.14312029 -0.007575 -0.028125 0.14334135 -0.00675 -0.028125 0.14312029 -0.005925 -0.028125 0.14251634 -0.00532106 -0.028125 0.124 0.0124423 -0.028125 0.122975 0.01216766 -0.028125 0.12222465 0.01141731 -0.028125 0.12195 0.0103923 -0.028125 0.12222465 0.0093673 -0.028125 0.122975 0.00861695 -0.028125 0.124 0.00834231 -0.028125 0.125025 0.00861695 -0.028125 0.12577535 0.0093673 -0.028125 0.12605 0.0103923 -0.028125 0.12577535 0.01141731 -0.028125 0.125025 0.01216766 -0.028125 0.124 -0.00834231 -0.028125 0.122975 -0.00861695 -0.028125 0.12222465 -0.0093673 -0.028125 0.12195 -0.0103923 -0.028125 0.12222465 -0.01141731 -0.028125 0.122975 -0.01216766 -0.028125 0.124 -0.0124423 -0.028125 0.125025 -0.01216766 -0.028125 0.12577535 -0.01141731 -0.028125 0.12605 -0.0103923 -0.028125 0.12577535 -0.0093673 -0.028125 0.125025 -0.00861695 -0.028125 -0.01169134 -0.0051 -0.028125 -0.01251634 -0.00532106 -0.028125 -0.01312029 -0.005925 -0.028125 -0.01334134 -0.00675 -0.028125 -0.01312029 -0.007575 -0.028125 -0.01251634 -0.00817894 -0.028125 -0.01169134 -0.0084 -0.028125 -0.01086634 -0.00817894 -0.028125 -0.0102624 -0.007575 -0.028125 -0.01004134 -0.00675 -0.028125 -0.0102624 -0.005925 -0.028125 -0.01086634 -0.00532106 -0.028125 -0 -0.01185 -0.028125 -0.000825 -0.01207106 -0.028125 -0.00142894 -0.012675 -0.028125 -0.00165 -0.0135 -0.028125 -0.00142894 -0.014325 -0.028125 -0.000825 -0.01492894 -0.028125 -0 -0.01515 -0.028125 0.000825 -0.01492894 -0.028125 0.00142894 -0.014325 -0.028125 0.00165 -0.0135 -0.028125 0.00142894 -0.012675 -0.028125 0.000825 -0.01207106 -0.028125 0.01169134 -0.0051 -0.028125 0.01086634 -0.00532106 -0.028125 0.0102624 -0.005925 -0.028125 0.01004134 -0.00675 -0.028125 0.0102624 -0.007575 -0.028125 0.01086634 -0.00817894 -0.028125 0.01169134 -0.0084 -0.028125 0.01251634 -0.00817894 -0.028125 0.01312029 -0.007575 -0.028125 0.01334134 -0.00675 -0.028125 0.01312029 -0.005925 -0.028125 0.01251634 -0.00532106 -0.028125 0.142 0.00205 -0.028125 0.140975 0.00177535 -0.028125 0.14022465 0.001025 -0.028125 0.13995001 0 -0.028125 0.14022465 -0.001025 -0.028125 0.140975 -0.00177535 -0.028125 0.142 -0.00205 -0.028125 0.143025 -0.00177535 -0.028125 0.14377536 -0.001025 -0.028125 0.14405 0 -0.028125 0.14377536 0.001025 -0.028125 0.143025 0.00177535 -0.028125 0.14169134 0.0084 -0.028125 0.14086634 0.00817894 -0.028125 0.1402624 0.007575 -0.028125 0.14004134 0.00675 -0.028125 0.1402624 0.005925 -0.028125 0.14086634 0.00532106 -0.028125 0.14169134 0.0051 -0.028125 0.14251634 0.00532106 -0.028125 0.14312029 0.005925 -0.028125 0.14334135 0.00675 -0.028125 0.14312029 0.007575 -0.028125 0.14251634 0.00817894 -0.028125 0.13 0.01515 -0.028125 0.12917501 0.01492894 -0.028125 0.12857106 0.014325 -0.028125 0.12835 0.0135 -0.028125 0.12857106 0.012675 -0.028125 0.12917501 0.01207106 -0.028125 0.13 0.01185 -0.028125 0.130825 0.01207106 -0.028125 0.13142894 0.012675 -0.028125 0.13165 0.0135 -0.028125 0.13142894 0.014325 -0.028125 0.130825 0.01492894 -0.028125 0.11830866 0.0084 -0.028125 0.11748366 0.00817894 -0.028125 0.11687972 0.007575 -0.028125 0.11665866 0.00675 -0.028125 0.11687972 0.005925 -0.028125 0.11748366 0.00532106 -0.028125 0.11830866 0.0051 -0.028125 0.11913366 0.00532106 -0.028125 0.1197376 0.005925 -0.028125 0.11995865 0.00675 -0.028125 0.1197376 0.007575 -0.028125 0.11913366 0.00817894 -0.028125 0.13132349 0.00839633 -0.032125 0.13132349 0.00839633 -0.028125 0.13 0.0085 -0.028125 0.12206682 -0.00305199 -0.032125 0.12206682 -0.00305199 -0.028125 0.12263878 -0.00425 -0.028125 0.13660969 -0.00534434 -0.032125 0.13660969 -0.00534434 -0.028125 0.13736121 -0.00425 -0.028125 0.13660969 0.00534434 -0.028125 0.13660969 0.00534434 -0.032125 0.13626179 -0.00574803 -0.03227279 0.13184704 -0.00829689 -0.03227279 0.13132349 -0.00839633 -0.032125 0.13132349 -0.00839633 -0.028125 0.12189116 -0.00254886 -0.03227279 0.12189116 0.00254886 -0.03227279 0.12206682 0.00305199 -0.032125 0.12206682 0.00305199 -0.028125 0.13184704 0.00829689 -0.03227279 0.13626179 0.00574803 -0.03227279 0.12654273 0.00776514 -0.028125 0.12368327 0.00568761 -0.028125 0.12500383 -0.00687664 -0.028125 0.12823275 -0.00831425 -0.028125 0.13845344 -0.00088849 -0.028125 0.13808398 0.00262664 -0.028125 -0.01127671 0.01116015 -0.028125 -0.01093732 0.01093732 -0.028125 -0.00668019 0.00668019 -0.028125 -0.00643107 0.0062657 -0.028125 -0.00640558 0.00578276 -0.028125 -0.00640558 -0.00578276 -0.028125 -0.01207138 -0.01113449 -0.028125 -0.0116767 -0.01122969 -0.028125 -0.01127671 -0.01116015 -0.028125 -0.01093732 -0.01093732 -0.028125 -0.00668019 -0.00668019 -0.028125 -0.00643107 -0.0062657 -0.028125 -0.0116767 0.01122969 -0.028125 -0.01207138 0.01113449 -0.028125 -0.00668019 -0.00668019 -0.032125 -0.01093732 -0.01093732 -0.032125 -0.01093732 0.01093732 -0.032125 -0.00668019 0.00668019 -0.032125 0.1366802 0.00668019 -0.028125 0.14093733 0.01093732 -0.028125 0.1412767 0.01116015 -0.028125 0.14167671 0.01122969 -0.028125 0.14207138 0.01113449 -0.028125 0.1366802 -0.00668019 -0.028125 0.14093733 -0.01093732 -0.028125 0.14207138 -0.01113449 -0.028125 0.14167671 -0.01122969 -0.028125 0.1412767 -0.01116015 -0.028125 0.13640559 0.00578276 -0.028125 0.13643107 0.0062657 -0.028125 0.13640559 -0.00578276 -0.028125 0.13643107 -0.0062657 -0.028125 0.14093733 -0.01093732 -0.032125 0.1366802 -0.00668019 -0.032125 0.1366802 0.00668019 -0.032125 0.14093733 0.01093732 -0.032125 -0.00360706 0.01602137 -0.028125 -0.00388685 0.01572717 -0.028125 -0.00402662 0.01534599 -0.028125 -0.00400334 0.01494066 -0.028125 -0.00244512 0.00912532 -0.028125 -0.00221072 0.00870232 -0.028125 -0.00180523 0.00843878 -0.028125 0.01567844 0.00488688 -0.028125 0.01556355 0.00449747 -0.028125 0.01530333 0.00418584 -0.028125 0.01494066 0.00400334 -0.028125 0.00912532 0.00244512 -0.028125 0.00821081 0.00265601 -0.028125 0.00864179 0.00243662 -0.028125 -0.00244512 0.00912532 -0.032125 -0.00400334 0.01494066 -0.032125 0.01494066 0.00400334 -0.032125 0.00912532 0.00244512 -0.032125 -0.00244512 -0.00912532 -0.028125 -0.00221072 -0.00870232 -0.028125 -0.00402662 -0.01534599 -0.028125 -0.00400334 -0.01494066 -0.028125 0.01567844 -0.00488688 -0.028125 -0.00180523 -0.00843878 -0.028125 0.00821081 -0.00265601 -0.028125 0.00864179 -0.00243662 -0.028125 0.00912532 -0.00244512 -0.028125 0.01494066 -0.00400334 -0.028125 0.01530333 -0.00418584 -0.028125 0.01556355 -0.00449747 -0.028125 -0.00388685 -0.01572717 -0.028125 -0.00360706 -0.01602137 -0.028125 0.00912532 -0.00244512 -0.032125 0.01494066 -0.00400334 -0.032125 -0.00400334 -0.01494066 -0.032125 -0.00244512 -0.00912532 -0.032125 0.13244513 -0.00912532 -0.028125 0.13221072 -0.00870232 -0.028125 0.13180523 -0.00843878 -0.028125 0.13400334 -0.01494066 -0.028125 0.13402662 -0.01534599 -0.028125 0.13388684 -0.01572717 -0.028125 0.13360706 -0.01602137 -0.028125 0.12087469 -0.00244512 -0.028125 0.12178919 -0.00265601 -0.028125 0.12135822 -0.00243662 -0.028125 0.11432156 -0.00488688 -0.028125 0.11443645 -0.00449747 -0.028125 0.11505934 -0.00400334 -0.028125 0.11469667 -0.00418584 -0.028125 0.11505934 -0.00400334 -0.032125 0.12087469 -0.00244512 -0.032125 0.13244513 -0.00912532 -0.032125 0.13400334 -0.01494066 -0.032125 0.13360706 0.01602137 -0.028125 0.13388684 0.01572717 -0.028125 0.13402662 0.01534599 -0.028125 0.13244513 0.00912532 -0.028125 0.12135822 0.00243662 -0.028125 0.12178919 0.00265601 -0.028125 0.13400334 0.01494066 -0.028125 0.12087469 0.00244512 -0.028125 0.11505934 0.00400334 -0.028125 0.11469667 0.00418584 -0.028125 0.11443645 0.00449747 -0.028125 0.11432156 0.00488688 -0.028125 0.13180523 0.00843878 -0.028125 0.13221072 0.00870232 -0.028125 0.13400334 0.01494066 -0.032125 0.13244513 0.00912532 -0.032125 0.12087469 0.00244512 -0.032125 0.11505934 0.00400334 -0.032125 0.13360099 0.01602554 -0.032125 0.13388425 0.01573133 -0.032125 0.13402626 0.01534841 -0.032125 0.13220872 0.00870018 -0.032125 0.13179968 0.00843688 -0.032125 0.13640672 0.00577701 -0.032125 0.13643022 0.00626289 -0.032125 0.14127898 0.01116105 -0.032125 0.14168161 0.01122952 -0.032125 0.14207803 0.01113132 -0.032125 0.13643022 -0.00626289 -0.032125 0.13640672 -0.00577701 -0.032125 0.14207803 -0.01113132 -0.032125 0.14168161 -0.01122952 -0.032125 0.14127898 -0.01116105 -0.032125 0.13179968 -0.00843688 -0.032125 0.13220872 -0.00870018 -0.032125 0.13402626 -0.01534841 -0.032125 0.13388425 -0.01573133 -0.032125 0.13360099 -0.01602554 -0.032125 -0.00402626 0.01534841 -0.032125 -0.00388425 0.01573133 -0.032125 -0.003601 0.01602554 -0.032125 -0.00179968 0.00843688 -0.032125 -0.00220872 0.00870018 -0.032125 0.11469667 0.00418584 -0.032125 0.11443645 0.00449747 -0.032125 0.11432156 0.00488688 -0.032125 0.12179361 0.00265987 -0.032125 0.12136107 0.00243728 -0.032125 0.12136107 -0.00243728 -0.032125 0.12179361 -0.00265987 -0.032125 0.11432156 -0.00488688 -0.032125 0.11443645 -0.00449747 -0.032125 0.11469667 -0.00418584 -0.032125 0.00863893 0.00243728 -0.032125 0.0082064 0.00265987 -0.032125 0.01567844 0.00488688 -0.032125 0.01556355 0.00449747 -0.032125 0.01530333 0.00418584 -0.032125 0.0082064 -0.00265987 -0.032125 0.00863893 -0.00243728 -0.032125 -0.00220872 -0.00870018 -0.032125 -0.00179968 -0.00843688 -0.032125 0.01530333 -0.00418584 -0.032125 0.01556355 -0.00449747 -0.032125 0.01567844 -0.00488688 -0.032125 -0.01207802 0.01113132 -0.032125 -0.01168161 0.01122952 -0.032125 -0.01127899 0.01116105 -0.032125 -0.00643022 0.00626289 -0.032125 -0.00640671 0.00577701 -0.032125 -0.00640671 -0.00577701 -0.032125 -0.00643022 -0.00626289 -0.032125 -0.01127899 -0.01116105 -0.032125 -0.01168161 -0.01122952 -0.032125 -0.01207802 -0.01113132 -0.032125 -0.003601 -0.01602554 -0.032125 -0.00388425 -0.01573133 -0.032125 -0.00402626 -0.01534841 -0.032125</float_array>
          <technique_common>
            <accessor source="#pos_0-array" count="14886" stride="3">
              <param name="X" type="float"/>
              <param name="Y" type="float"/>
              <param name="Z" type="float"/>
            </accessor>
          </technique_common>
        </source>
        <source id="norm_0">
          <float_array id="norm_0-array" count="10074">0 1 0 -0 -1 -0 0 -0 1 -0 0 -1 -0 0 -1 -0 0 -1 -0 0 -1 -0 0 -1 -0 0 -1 -0 0 -1 -0 0 -1 -0 0 -1 -0 0 -1 -0 0 -1 1 -0 -0 -1 0 0 -0 0 -1 -0 0 -1 -0 0 -1 -0 0 -1 -0.40097 -0.91609 0 -0.13709 -0.99056 -0 -0.13709 -0.99056 -0 0.13709 -0.99056 -0 0.13709 -0.99056 -0 0.40097 -0.91609 -0 0.52277 -0.85247 -0 0.52277 -0.85247 -0 0.52277 -0.85247 -0 0.52277 -0.85247 0 0.52277 -0.85247 -0 0.52277 -0.85247 -0 0.52277 -0.85247 0 0.52274 -0.85249 -2E-05 0.52277 -0.85247 -0 0.52277 -0.85247 0 0.52277 -0.85247 0 0.52277 -0.85247 -0 0.52277 -0.85247 0 -0.52277 -0.85247 -0 -0.52277 -0.85247 0 -0.52277 -0.85247 -0 -0.52277 -0.85247 0 -0.52277 -0.85247 0 -0.52277 -0.85247 0 -0.52277 -0.85247 -0 -0.52277 -0.85247 0 -0.52274 -0.85249 -2E-05 -0.52277 -0.85247 -0 -0.43388 -0.90097 0 -0.11197 -0.99371 -0 -0 -0.99988 0.01567 0.11197 -0.99371 -0 0.43388 -0.90097 -0 0.78183 -0.62349 -0 0.97493 -0.22252 -0 0.97493 0.22252 -0 0.78183 0.62349 -0 0.43388 0.90097 -0 -0.43388 0.90097 0 -0.78183 0.62349 0 -0.97493 0.22252 0 -0.97493 -0.22252 0 -0.78183 -0.62349 0 0.40097 0.91609 -0 0.13709 0.99056 0 0.13709 0.99056 0 -0.13709 0.99056 0 -0.13709 0.99056 0 -0.40097 0.91609 0 -0.52277 0.85247 0 -0.52277 0.85247 -0 -0.52277 0.85247 -0 -0.52277 0.85247 0 -0.52277 0.85247 0 -0.52277 0.85247 -0 -0.52277 0.85247 0 -0.52274 0.85249 -2E-05 -0.52277 0.85247 -0 -0.52277 0.85247 0 -0.52277 0.85247 0 -0.52277 0.85247 -0 -0.52277 0.85247 0 0.52277 0.85247 -0 0.52277 0.85247 -0 0.52277 0.85247 -0 0.52277 0.85247 0 0.52277 0.85247 0 0.52277 0.85247 0 0.52277 0.85247 -0 0.52277 0.85247 -0 0.52274 0.85249 -2E-05 0.52277 0.85247 -0 -0.11196 -0.99371 -0 -0 -0.99988 0.01567 0.11196 -0.99371 -0 -0.17365 0.98481 0 -0.5 0.86603 0 -0.76604 0.64279 0 -0.93969 0.34202 0 -0.93969 -0.34202 0 -0.76604 -0.64279 0 -0.5 -0.86603 0 -0.17365 -0.98481 -0 0.17365 -0.98481 -0 0.5 -0.86603 -0 0.76604 -0.64279 -0 0.93969 -0.34202 -0 0.93969 0.34202 -0 0.76604 0.64279 -0 0.5 0.86603 -0 0.17365 0.98481 0 -0.17365 0.98481 0 -0.5 0.86603 0 -0.5 -0.86603 0 -0.17365 -0.98481 -0 0.17365 -0.98481 -0 0.5 -0.86603 -0 0.5 0.86603 -0 0.17365 0.98481 0 0.42406 -0.90563 -0 0.3316 -0.94339 0.00744 -0.33523 -0.94213 -0 -0.22147 -0.97517 -0 -0.08606 -0.99627 0.00682 -0.02984 -0.99955 0.0017 0.20574 -0.97861 -0.00124 -0.48291 -0.87565 0.00469 -0.48847 -0.87256 0.00537 -0.62293 -0.78228 0 -0.71107 -0.70312 0 -0.8043 -0.59419 0.00653 -0.82945 -0.55858 0.00238 -0.93744 -0.34816 -0.00156 -0.97757 -0.2105 0.00736 -0.99298 -0.11826 0 -0.99298 0.11826 0 -0.97757 0.2105 0.00736 -0.8043 0.59419 0.00653 -0.82945 0.55858 0.00238 -0.93744 0.34816 -0.00156 -0.33523 0.94213 0 -0.48291 0.87565 0.00469 -0.48847 0.87256 0.00537 -0.62293 0.78228 0 -0.71107 0.70312 0 -0.22147 0.97517 0 -0.08606 0.99627 0.00682 -0.02984 0.99955 0.0017 0.20574 0.97861 -0.00124 0.3316 0.94339 0.00744 0.42406 0.90563 -0 -0.42406 0.90563 0 -0.3316 0.94339 0.00744 0.08606 0.99627 0.00682 0.02984 0.99955 0.0017 -0.20574 0.97861 -0.00124 0.62293 0.78228 -0 0.48291 0.87565 0.00558 0.48848 0.87256 0.00487 0.33523 0.94213 0 0.22147 0.97517 0 0.71107 0.70312 -0 0.8043 0.59419 0.00653 0.82945 0.55858 0.00238 0.93744 0.34816 -0.00156 0.97757 0.2105 0.00736 0.99298 0.11826 -0 0.99298 -0.11826 -0 0.97757 -0.2105 0.00736 0.62293 -0.78228 -0 0.71107 -0.70312 -0 0.8043 -0.59419 0.00653 0.82945 -0.55858 0.00238 0.93744 -0.34816 -0.00156 0.48291 -0.87565 0.00558 0.48848 -0.87256 0.00487 0.33523 -0.94213 -0 0.22147 -0.97517 -0 0.08606 -0.99627 0.00682 0.02984 -0.99955 0.0017 -0.20574 -0.97861 -0.00124 -0.3316 -0.94339 0.00744 -0.42406 -0.90563 0 -0 -0.99485 -0.10138 -0.00255 -0.98078 -0.19509 -0.00243 -0.83147 -0.55557 -0 -0.87598 -0.48234 -0 -0.95595 -0.29352 -0 -0.55557 -0.83147 0.00506 -0.63891 -0.76926 0.00191 -0.5457 -0.83798 0.00094 -0.49954 -0.86629 -0.00094 -0.4995 -0.86631 -0.0019 -0.54554 -0.83808 -0.00223 -0.55557 -0.83147 -0.00033 -0.63436 -0.77303 0.00034 -0.75492 -0.65581 -0 -0.98079 -0.19509 0.00488 -0.99474 -0.10232 -0 -0.95587 -0.29378 -0 -0.83147 -0.55557 0.00422 -0.87435 -0.48527 -0 -0.76503 -0.644 -0 -0.44229 -0.89687 -0 -0.19509 -0.98079 -0 -0.19509 -0.98079 0 0.99485 -0.10138 0.00255 0.98078 -0.19509 0.00243 0.83147 -0.55557 0 0.87598 -0.48234 0 0.95595 -0.29352 -0 0.55557 -0.83147 -0.00506 0.63891 -0.76926 -0.00191 0.5457 -0.83798 -0.00094 0.49954 -0.86629 0.00094 0.4995 -0.86631 0.0019 0.54554 -0.83808 0.00223 0.55557 -0.83147 0.00033 0.63436 -0.77303 -0.00034 0.75492 -0.65581 0 0.98079 -0.19509 -0.00488 0.99474 -0.10232 0 0.95587 -0.29378 0 0.83147 -0.55557 -0.00422 0.87435 -0.48527 0 0.76503 -0.644 -0 0.44229 -0.89687 -0 0.19509 -0.98079 -0 0.19509 -0.98079 -0 -0.19509 -0.98079 -0 -0.55557 -0.83147 -0 -0.83147 -0.55557 -0 -0.98079 -0.19509 0 0.98079 -0.19509 0 0.83147 -0.55557 -0 0.55557 -0.83147 -0 0.19509 -0.98079 -0.15643 0.00574 0.98767 -0.19509 -0 0.98079 -0.45399 -0.00346 0.891 -0.55556 0.00692 0.83145 -0.64945 0 0.76041 -0.76041 0 0.64945 -0.83145 0.00692 0.55556 -0.891 -0.00346 0.45399 -0.98077 0.00461 0.19509 -0.98769 0 0.15643 -0.75731 0.09019 0.6468 -0.07276 0.73358 0.6757 0.00881 0.47547 0.87969 -0.05239 0.8902 0.45254 -0.02643 0.88533 0.46422 0.139 0.90239 0.40789 -0.15641 0.01863 0.98752 -0.15641 0.01863 0.98752 -0.14766 0.05484 0.98752 -0.14766 0.05484 0.98752 -0.13065 0.08798 0.98752 -0.10633 0.11621 0.98752 -0.10633 0.11621 0.98752 -0.08323 0.13281 0.98764 -0.45333 0.05399 0.88971 -0.45333 0.05399 0.88971 -0.42797 0.15894 0.88971 -0.42797 0.15894 0.88971 -0.37867 0.25501 0.88971 -0.37867 0.25501 0.88971 -0.30819 0.33681 0.88971 -0.30819 0.33681 0.88971 -0.64752 0.07711 0.75814 -0.71112 0.04445 0.70167 -0.6652 0.24705 0.70461 -0.6652 0.24705 0.70461 -0.58857 0.39636 0.70461 -0.58857 0.39636 0.70461 -0.47902 0.52351 0.70461 -0.47902 0.52351 0.70461 -0.17166 0.47099 0.86528 -0.17892 0.68722 0.70407 -0.1887 0.69007 0.69871 -0.23535 0.8607 0.45146 -0.23535 0.8607 0.45146 -0.88603 0.10552 0.45146 -0.88603 0.10552 0.45146 -0.83647 0.31066 0.45146 -0.83647 0.31066 0.45146 -0.74011 0.49842 0.45146 -0.74011 0.49842 0.45146 -0.60236 0.6583 0.45146 -0.60236 0.6583 0.45146 0.42143 0.90002 0.11118 0.42138 0.89982 0.11299 0.20386 0.96964 0.13505 0.22613 0.9617 0.15489 -0.02948 0.98742 0.15536 -0.02948 0.98742 0.15536 -0.21876 0.96323 0.15601 -0.26135 0.95577 0.13491 -0.33111 0.93056 0.15629 -0.03567 0.12924 0.99097 -0.26395 0.36938 0.89101 -0.19978 0.36226 0.91042 -0.34268 0.62136 0.70461 -0.34268 0.62136 0.70461 -0.43091 0.78135 0.45146 -0.43091 0.78135 0.45146 -0.47706 0.86503 0.15536 -0.47706 0.86503 0.15536 -0.98093 0.11682 0.15536 -0.98093 0.11682 0.15536 -0.92605 0.34393 0.15536 -0.92605 0.34393 0.15536 -0.81938 0.5518 0.15536 -0.81938 0.5518 0.15536 -0.66687 0.7288 0.15536 -0.70618 0.69829 0.11711 -0.61528 0.77267 0.15624 -0.98079 0 0.19509 -0.15643 -0 0.98769 -0.19509 -0.00461 0.98077 -0.45399 0.00346 0.891 -0.55556 -0.00692 0.83145 -0.83145 -0.00692 0.55556 -0.891 0.00346 0.45399 -0.98767 -0.00574 0.15643 -0.23535 -0.8607 0.45146 -0.10633 -0.11621 0.98752 0.15956 -0.90256 0.3999 0.15307 -0.91345 0.37707 0.16363 -0.96898 0.18519 0.42135 -0.89971 0.11393 0.42143 -0.90002 0.11118 -0.18358 -0.49281 0.85055 -0.09044 -0.47495 0.87535 -0.02597 -0.47583 0.87916 -0.22027 -0.40053 0.88942 -0.11729 -0.21143 0.97033 -0.05204 -0.15498 0.98655 -0.05068 -0.08086 0.99544 -0.15641 -0.01863 0.98752 -0.15641 -0.01863 0.98752 -0.14766 -0.05484 0.98752 -0.45333 -0.05399 0.88971 -0.45333 -0.05399 0.88971 -0.42797 -0.15894 0.88971 -0.42797 -0.15894 0.88971 -0.37867 -0.25501 0.88971 -0.13065 -0.08798 0.98752 -0.10633 -0.11621 0.98752 -0.30819 -0.33681 0.88971 -0.22047 -0.39977 0.88971 -0.34268 -0.62136 0.70461 -0.16341 -0.69226 0.70291 -0.19274 -0.70485 0.68267 -0.072 -0.7414 0.66719 -0.05239 -0.8902 0.45254 -0.02643 -0.88533 0.46422 -0.02948 -0.98742 0.15536 0.20324 -0.96672 0.15536 -0.70461 -0.08392 0.70461 -0.7603 -0.01654 0.64936 -0.64752 -0.07711 0.75814 -0.6652 -0.24705 0.70461 -0.6652 -0.24705 0.70461 -0.58857 -0.39636 0.70461 -0.58857 -0.39636 0.70461 -0.47902 -0.52351 0.70461 -0.88603 -0.10552 0.45146 -0.88603 -0.10552 0.45146 -0.83647 -0.31066 0.45146 -0.83647 -0.31066 0.45146 -0.74011 -0.49842 0.45146 -0.74011 -0.49842 0.45146 -0.60236 -0.6583 0.45146 -0.60236 -0.6583 0.45146 -0.43091 -0.78135 0.45146 -0.98093 -0.11682 0.15536 -0.98093 -0.11682 0.15536 -0.92605 -0.34393 0.15536 -0.92605 -0.34393 0.15536 -0.81938 -0.5518 0.15536 -0.81938 -0.5518 0.15536 -0.70235 -0.69451 0.15608 -0.66899 -0.73111 0.13391 -0.21981 -0.96788 0.12203 -0.33111 -0.93056 0.15629 -0.47706 -0.86503 0.15536 -0.47706 -0.86503 0.15536 -0.61528 -0.77267 0.15624 -0.14766 -0.05484 0.98752 -0.13065 -0.08798 0.98752 -0.37867 -0.25501 0.88971 -0.30819 -0.33681 0.88971 -0.47902 -0.52351 0.70461 -0.34268 -0.62136 0.70461 -0.43091 -0.78135 0.45146 -0.23535 -0.8607 0.45146 -0.26056 -0.95288 0.15536 -0.02948 -0.98742 0.15536 0.98767 0.00574 0.15643 0.98079 -0 0.19509 0.891 -0.00346 0.45399 0.83145 0.00692 0.55556 0.76041 -0 0.64945 0.64945 -0 0.76041 0.55556 0.00692 0.83145 0.45399 -0.00346 0.891 0.19509 0.00461 0.98077 0.15643 -0 0.98769 0.23535 0.8607 0.45146 0.10633 0.11621 0.98752 -0.15956 0.90256 0.3999 -0.15307 0.91345 0.37707 -0.16363 0.96898 0.18519 -0.42135 0.89971 0.11393 -0.42143 0.90002 0.11118 0.18358 0.49281 0.85055 0.09044 0.47495 0.87535 0.02597 0.47583 0.87916 0.22027 0.40053 0.88942 0.11729 0.21143 0.97033 0.05204 0.15498 0.98655 0.05068 0.08086 0.99544 0.15641 0.01863 0.98752 0.15641 0.01863 0.98752 0.14766 0.05484 0.98752 0.45333 0.05399 0.88971 0.45333 0.05399 0.88971 0.42797 0.15894 0.88971 0.42797 0.15894 0.88971 0.37867 0.25501 0.88971 0.13065 0.08798 0.98752 0.10633 0.11621 0.98752 0.30819 0.33681 0.88971 0.22047 0.39977 0.88971 0.34268 0.62136 0.70461 0.16341 0.69226 0.70291 0.19274 0.70485 0.68267 0.072 0.7414 0.66719 0.05239 0.8902 0.45254 0.02643 0.88533 0.46422 0.02948 0.98742 0.15536 -0.20324 0.96672 0.15536 0.70461 0.08392 0.70461 0.7603 0.01654 0.64936 0.64752 0.07711 0.75814 0.6652 0.24705 0.70461 0.6652 0.24705 0.70461 0.58857 0.39636 0.70461 0.58857 0.39636 0.70461 0.47902 0.52351 0.70461 0.88603 0.10552 0.45146 0.88603 0.10552 0.45146 0.83647 0.31066 0.45146 0.83647 0.31066 0.45146 0.74011 0.49842 0.45146 0.74011 0.49842 0.45146 0.60236 0.6583 0.45146 0.60236 0.6583 0.45146 0.43091 0.78135 0.45146 0.98093 0.11682 0.15536 0.98093 0.11682 0.15536 0.92605 0.34393 0.15536 0.92605 0.34393 0.15536 0.81938 0.5518 0.15536 0.81938 0.5518 0.15536 0.70235 0.69451 0.15608 0.66899 0.73111 0.13391 0.21981 0.96788 0.12203 0.33111 0.93056 0.15629 0.47706 0.86503 0.15536 0.47706 0.86503 0.15536 0.61528 0.77267 0.15624 0.14766 0.05484 0.98752 0.13065 0.08798 0.98752 0.37867 0.25501 0.88971 0.30819 0.33681 0.88971 0.47902 0.52351 0.70461 0.34268 0.62136 0.70461 0.43091 0.78135 0.45146 0.23535 0.8607 0.45146 0.26056 0.95288 0.15536 0.02948 0.98742 0.15536 0.19509 -0 0.98079 0.98769 -0 0.15643 0.98077 -0.00461 0.19509 0.891 0.00346 0.45399 0.83145 -0.00692 0.55556 0.55556 -0.00692 0.83145 0.45399 0.00346 0.891 0.15643 -0.00574 0.98767 0.75731 -0.09019 0.6468 0.07276 -0.73358 0.6757 -0.00881 -0.47547 0.87969 0.05239 -0.8902 0.45254 0.02643 -0.88533 0.46422 -0.139 -0.90239 0.40789 0.15641 -0.01863 0.98752 0.15641 -0.01863 0.98752 0.14766 -0.05484 0.98752 0.14766 -0.05484 0.98752 0.13065 -0.08798 0.98752 0.10633 -0.11621 0.98752 0.10633 -0.11621 0.98752 0.08323 -0.13281 0.98764 0.45333 -0.05399 0.88971 0.45333 -0.05399 0.88971 0.42797 -0.15894 0.88971 0.42797 -0.15894 0.88971 0.37867 -0.25501 0.88971 0.37867 -0.25501 0.88971 0.30819 -0.33681 0.88971 0.30819 -0.33681 0.88971 0.64752 -0.07711 0.75814 0.71112 -0.04445 0.70167 0.6652 -0.24705 0.70461 0.6652 -0.24705 0.70461 0.58857 -0.39636 0.70461 0.58857 -0.39636 0.70461 0.47902 -0.52351 0.70461 0.47902 -0.52351 0.70461 0.17166 -0.47099 0.86528 0.17892 -0.68722 0.70407 0.1887 -0.69007 0.69871 0.23535 -0.8607 0.45146 0.23535 -0.8607 0.45146 0.88603 -0.10552 0.45146 0.88603 -0.10552 0.45146 0.83647 -0.31066 0.45146 0.83647 -0.31066 0.45146 0.74011 -0.49842 0.45146 0.74011 -0.49842 0.45146 0.60236 -0.6583 0.45146 0.60236 -0.6583 0.45146 -0.42143 -0.90002 0.11118 -0.42138 -0.89982 0.11299 -0.20386 -0.96964 0.13505 -0.22613 -0.9617 0.15489 0.02948 -0.98742 0.15536 0.02948 -0.98742 0.15536 0.21876 -0.96323 0.15601 0.26135 -0.95577 0.13491 0.33111 -0.93056 0.15629 0.03567 -0.12924 0.99097 0.26395 -0.36938 0.89101 0.19978 -0.36226 0.91042 0.34268 -0.62136 0.70461 0.34268 -0.62136 0.70461 0.43091 -0.78135 0.45146 0.43091 -0.78135 0.45146 0.47706 -0.86503 0.15536 0.47706 -0.86503 0.15536 0.98093 -0.11682 0.15536 0.98093 -0.11682 0.15536 0.92605 -0.34393 0.15536 0.92605 -0.34393 0.15536 0.81938 -0.5518 0.15536 0.81938 -0.5518 0.15536 0.66687 -0.7288 0.15536 0.70618 -0.69829 0.11711 0.61528 -0.77267 0.15624 0.56284 0.82654 -0.00665 0.53297 0.84592 -0.01888 0.55229 0.83366 -0 0.49235 0.87037 -0.00611 0.25456 0.96704 -0.00542 0.32858 0.94447 0.00101 0.45018 0.89294 -0.00111 0.43758 0.89909 -0.01268 0.52897 0.84861 0.00768 0 0.99999 -0.00535 0.06445 0.99792 0 0.1927 0.98126 0 -0.49236 0.87039 0 -0.5249 0.85116 0.0026 -0.43101 0.90234 -0.00426 -0.43537 0.90025 0 -0.31681 0.94849 0 -0.25456 0.96704 -0.00542 -0.19246 0.98131 0 -0.06416 0.99794 0 -0.53672 0.84368 -0.01107 -0.53563 0.84436 -0.01221 -0.52723 0.84922 -0.02926 -0.56284 -0.82654 -0.00665 -0.53297 -0.84592 -0.01888 -0.55229 -0.83366 0 -0.49235 -0.87037 -0.00611 -0.25456 -0.96704 -0.00542 -0.32858 -0.94447 0.00101 -0.45018 -0.89294 -0.00111 -0.43758 -0.89909 -0.01268 -0.52897 -0.84861 0.00768 -0 -0.99999 -0.00535 -0.06445 -0.99792 -0 -0.1927 -0.98126 -0 0.49236 -0.87039 -0 0.5249 -0.85116 0.0026 0.43101 -0.90234 -0.00426 0.43537 -0.90025 -0 0.31681 -0.94849 -0 0.25456 -0.96704 -0.00542 0.19246 -0.98131 -0 0.06416 -0.99794 -0 0.53672 -0.84368 -0.01107 0.53563 -0.84436 -0.01221 0.52723 -0.84922 -0.02926 0.90631 0.42262 -0 -0.90631 -0.42262 0 0 0 1 -0 -0 -1 0.42262 -0.90631 0 -0.42262 0.90631 -0 -0.17365 0.98481 -0 0.34202 0.93969 -0 0.76604 0.64279 -0 0.98481 0.17365 -0 0.93969 -0.34202 -0 0.64279 -0.76604 -0 0.17365 -0.98481 0 -0.34202 -0.93969 0 -0.76604 -0.64279 0 -0.98481 -0.17365 0 -0.93969 0.34202 0 -0.64279 0.76604 0 0.246 0.67588 -0.69475 0.246 0.67588 -0.69475 0.55098 0.46233 -0.69475 0.55098 0.46233 -0.69475 0.70833 0.1249 -0.69475 0.70833 0.1249 -0.69475 0.67588 -0.246 -0.69475 0.67588 -0.246 -0.69475 0.46233 -0.55098 -0.69475 0.46233 -0.55098 -0.69475 0.1249 -0.70833 -0.69475 0.1249 -0.70833 -0.69475 -0.246 -0.67588 -0.69475 -0.246 -0.67588 -0.69475 -0.55098 -0.46233 -0.69475 -0.55098 -0.46233 -0.69475 -0.70833 -0.1249 -0.69475 -0.70833 -0.1249 -0.69475 -0.67588 0.246 -0.69475 -0.67588 0.246 -0.69475 -0.46233 0.55098 -0.69475 -0.46233 0.55098 -0.69475 -0.1249 0.70833 -0.69475 -0.1249 0.70833 -0.69475 -0.17365 0.98481 -0 0.34202 0.93969 -0 0.76604 0.64279 -0 0.98481 0.17365 -0 0.93969 -0.34202 -0 0.64279 -0.76604 -0 0.17365 -0.98481 0 -0.34202 -0.93969 0 -0.76604 -0.64279 0 -0.98481 -0.17365 0 -0.93969 0.34202 0 -0.64279 0.76604 0 0.246 0.67588 -0.69475 0.55098 0.46233 -0.69475 0.55098 0.46233 -0.69475 0.70833 0.1249 -0.69475 0.70833 0.1249 -0.69475 0.67588 -0.246 -0.69475 0.67588 -0.246 -0.69475 0.46233 -0.55098 -0.69475 0.1249 -0.70833 -0.69475 0.1249 -0.70833 -0.69475 -0.246 -0.67588 -0.69475 -0.55098 -0.46233 -0.69475 -0.55098 -0.46233 -0.69475 -0.70833 -0.1249 -0.69475 -0.70833 -0.1249 -0.69475 -0.67588 0.246 -0.69475 -0.67588 0.246 -0.69475 -0.46233 0.55098 -0.69475 -0.1249 0.70833 -0.69475 -0.1249 0.70833 -0.69475 0.67588 -0.246 0.69475 0.67588 -0.246 0.69475 0.70833 0.1249 0.69475 0.70833 0.1249 0.69475 0.55098 0.46233 0.69475 0.55098 0.46233 0.69475 0.246 0.67588 0.69475 0.246 0.67588 0.69475 -0.1249 0.70833 0.69475 -0.1249 0.70833 0.69475 -0.46233 0.55098 0.69475 -0.46233 0.55098 0.69475 -0.67588 0.246 0.69475 -0.67588 0.246 0.69475 -0.70833 -0.1249 0.69475 -0.70833 -0.1249 0.69475 -0.55098 -0.46233 0.69475 -0.55098 -0.46233 0.69475 -0.246 -0.67588 0.69475 -0.246 -0.67588 0.69475 0.1249 -0.70833 0.69475 0.1249 -0.70833 0.69475 0.46233 -0.55098 0.69475 0.46233 -0.55098 0.69475 0.67588 -0.246 0.69475 0.70833 0.1249 0.69475 0.70833 0.1249 0.69475 0.55098 0.46233 0.69475 0.55098 0.46233 0.69475 0.246 0.67588 0.69475 0.246 0.67588 0.69475 -0.1249 0.70833 0.69475 -0.46233 0.55098 0.69475 -0.46233 0.55098 0.69475 -0.67588 0.246 0.69475 -0.70833 -0.1249 0.69475 -0.70833 -0.1249 0.69475 -0.55098 -0.46233 0.69475 -0.55098 -0.46233 0.69475 -0.246 -0.67588 0.69475 -0.246 -0.67588 0.69475 0.1249 -0.70833 0.69475 0.46233 -0.55098 0.69475 0.46233 -0.55098 0.69475 -0.87543 -0.40822 -0.25882 -0.64086 -0.29884 -0.70711 -0.23457 -0.10938 -0.96593 0.23457 0.10938 -0.96592 0.64085 0.29884 -0.70711 0.87543 0.40822 -0.25882 0.87543 0.40822 0.25882 0.64085 0.29884 0.70711 0.23457 0.10938 0.96592 0.87543 0.40822 -0.25882 0.87543 0.40822 0.25882 -0.23457 -0.10938 0.96593 -0.64086 -0.29884 0.70711 -0.87543 -0.40822 0.25882 0.87543 0.40822 0.25882 0.64086 0.29884 0.70711 0.23457 0.10938 0.96592 -0.23457 -0.10938 0.96592 -0.64086 -0.29884 0.70711 -0.87543 -0.40822 -0.25882 -0.64086 -0.29884 -0.70711 -0.23457 -0.10938 -0.96592 0.23457 0.10938 -0.96592 0.64086 0.29884 -0.70711 0.64086 0.29884 0.70711 -0.64086 -0.29884 0.70711 -0.87543 -0.40822 0.25882 0.64086 0.29884 0.70711 0.23457 0.10938 0.96593 -0.23457 -0.10938 0.96592 -0.64085 -0.29884 0.70711 -0.64085 -0.29884 -0.70711 -0.23457 -0.10938 -0.96592 -0.87543 -0.40822 0.25882 0.23457 0.10938 -0.96593 0.64086 0.29884 -0.70711 -0.87543 -0.40822 -0.25882 -0.64086 -0.29884 -0.70711 0.64086 0.29884 -0.70711 0.87543 0.40822 -0.25882 -0.23457 -0.10938 -0.96593 -0.87543 -0.40822 -0.25882 0.23457 0.10938 0.96593 0.87543 0.40822 0.25882 -0.87543 -0.40822 0.25882 -0.64086 -0.29884 0.70711 -0.23457 -0.10938 0.96593 0.87543 0.40822 -0.25882 0.23457 0.10938 -0.96593 -0.23457 -0.10938 -0.96593 -0.64086 -0.29884 -0.70711 -0.87543 -0.40822 -0.25882 -0.87543 -0.40822 0.25882 -0.23457 -0.10938 0.96593 0.23457 0.10938 0.96593 0.64086 0.29884 0.70711 0.87543 0.40822 0.25882 0.87543 0.40822 -0.25882 0.64086 0.29884 -0.70711 0.23457 0.10938 -0.96593 -0.87543 -0.40822 -0.25882 -0.64086 -0.29884 -0.70711 -0.23457 -0.10938 -0.96593 0.23457 0.10938 -0.96593 0.87543 0.40822 -0.25882 0.87543 0.40822 0.25882 0.23457 0.10938 0.96593 -0.23457 -0.10938 0.96593 -0.64086 -0.29884 0.70711 -0.87543 -0.40822 0.25882 0.87543 0.40822 0.25882 0.64086 0.29884 0.70711 0.23457 0.10938 0.96593 -0.23457 -0.10938 0.96593 -0.87543 -0.40822 0.25882 0.23457 0.10938 -0.96593 0.64086 0.29884 -0.70711 0.87543 0.40822 -0.25882 -0.87543 -0.40822 -0.25882 -0.23457 -0.10938 -0.96593 -0.17365 0.98481 -0 0.34202 0.93969 -0 0.76604 0.64279 -0 0.98481 0.17365 -0 0.93969 -0.34202 -0 0.64279 -0.76604 -0 0.17365 -0.98481 0 -0.34202 -0.93969 0 -0.76604 -0.64279 0 -0.98481 -0.17365 0 -0.93969 0.34202 0 -0.64279 0.76604 0 -1 0 0 1 -0 -0 0 0 1 -0 0 -1 -0 0 -1 -0 0 -1 -0 0 -1 -0 0 -1 -0 0 -1 -0 0 -1 -0 0 -1 -0 0 -1 -0 0 -1 -0 0 -1 -0 0 -1 -0 0 -1 -0 0 -1 -0 0 -1 0 1 -0 -0 -1 0 -0 0 -1 -0 0 -1 -0 0 -1 -0 0 -1 -0 0 -1 -0 0 -1 -0 -0 -1 0.91609 -0.40097 -0 0.99056 -0.13709 -0 0.99056 -0.13709 -0 0.99056 0.13709 -0 0.99056 0.13709 -0 0.91609 0.40097 -0 0.85247 0.52277 -0 0.85247 0.52277 -0 0.85247 0.52277 -0 0.85247 0.52277 0 0.85247 0.52277 -0 0.85247 0.52277 -0 0.85247 0.52277 0 0.85249 0.52274 -2E-05 0.85247 0.52277 -0 0.85247 0.52277 0 0.85247 0.52277 0 0.85247 0.52277 -0 0.85247 0.52277 0 0.85247 -0.52277 -0 0.85247 -0.52277 -0 0.85247 -0.52277 -0 0.85247 -0.52277 0 0.85247 -0.52277 0 0.85247 -0.52277 0 0.85247 -0.52277 -0 0.85247 -0.52277 -0 0.85249 -0.52274 -2E-05 0.85247 -0.52277 -0 0.90097 -0.43388 -0 0.99371 -0.11197 -0 0.99988 -0 0.01567 0.99371 0.11197 -0 0.90097 0.43388 -0 0.62349 0.78183 -0 0.22252 0.97493 -0 -0.22252 0.97493 0 -0.62349 0.78183 0 -0.90097 0.43388 0 -0.90097 -0.43388 0 -0.62349 -0.78183 0 -0.22252 -0.97493 0 0.22252 -0.97493 -0 0.62349 -0.78183 -0 -0.91609 0.40097 0 -0.99056 0.13709 0 -0.99056 0.13709 0 -0.99056 -0.13709 0 -0.99056 -0.13709 0 -0.91609 -0.40097 0 -0.85247 -0.52277 0 -0.85247 -0.52277 -0 -0.85247 -0.52277 -0 -0.85247 -0.52277 0 -0.85247 -0.52277 0 -0.85247 -0.52277 -0 -0.85247 -0.52277 0 -0.85249 -0.52274 -2E-05 -0.85247 -0.52277 -0 -0.85247 -0.52277 0 -0.85247 -0.52277 0 -0.85247 -0.52277 -0 -0.85247 -0.52277 0 -0.85247 0.52277 -0 -0.85247 0.52277 0 -0.85247 0.52277 -0 -0.85247 0.52277 0 -0.85247 0.52277 0 -0.85247 0.52277 0 -0.85247 0.52277 -0 -0.85247 0.52277 0 -0.85249 0.52274 -2E-05 -0.85247 0.52277 -0 0.99371 -0.11196 -0 0.99988 -0 0.01567 0.99371 0.11196 -0 -0.98481 -0.17365 0 -0.86603 -0.5 0 -0.64279 -0.76604 0 -0.34202 -0.93969 0 0.34202 -0.93969 -0 0.64279 -0.76604 -0 0.86603 -0.5 -0 0.98481 -0.17365 -0 0.98481 0.17365 -0 0.86603 0.5 -0 0.64279 0.76604 -0 0.34202 0.93969 -0 -0.34202 0.93969 0 -0.64279 0.76604 0 -0.86603 0.5 0 -0.98481 0.17365 0 -0.98481 -0.17365 0 -0.86603 -0.5 0 0.86603 -0.5 -0 0.98481 -0.17365 -0 0.98481 0.17365 -0 0.86603 0.5 -0 -0.86603 0.5 0 -0.98481 0.17365 0 0.90563 0.42406 -0 0.94339 0.3316 0.00744 0.94213 -0.33523 -0 0.97517 -0.22147 -0 0.99627 -0.08606 0.00682 0.99955 -0.02984 0.0017 0.97861 0.20574 -0.00124 0.87565 -0.48291 0.00469 0.87256 -0.48847 0.00537 0.78228 -0.62293 -0 0.70312 -0.71107 -0 0.59419 -0.8043 0.00653 0.55858 -0.82945 0.00238 0.34816 -0.93744 -0.00156 0.2105 -0.97757 0.00736 0.11826 -0.99298 -0 -0.11826 -0.99298 0 -0.2105 -0.97757 0.00736 -0.59419 -0.8043 0.00653 -0.55858 -0.82945 0.00238 -0.34816 -0.93744 -0.00156 -0.94213 -0.33523 0 -0.87565 -0.48291 0.00469 -0.87256 -0.48847 0.00537 -0.78228 -0.62293 0 -0.70312 -0.71107 0 -0.97517 -0.22147 0 -0.99627 -0.08606 0.00682 -0.99955 -0.02984 0.0017 -0.97861 0.20574 -0.00124 -0.94339 0.3316 0.00744 -0.90563 0.42406 0 -0.90563 -0.42406 0 -0.94339 -0.3316 0.00744 -0.99627 0.08606 0.00682 -0.99955 0.02984 0.0017 -0.97861 -0.20574 -0.00124 -0.78228 0.62293 0 -0.87565 0.48291 0.00558 -0.87256 0.48848 0.00487 -0.94213 0.33523 0 -0.97517 0.22147 0 -0.70312 0.71107 0 -0.59419 0.8043 0.00653 -0.55858 0.82945 0.00238 -0.34816 0.93744 -0.00156 -0.2105 0.97757 0.00736 -0.11826 0.99298 0 0.11826 0.99298 -0 0.2105 0.97757 0.00736 0.78228 0.62293 -0 0.70312 0.71107 -0 0.59419 0.8043 0.00653 0.55858 0.82945 0.00238 0.34816 0.93744 -0.00156 0.87565 0.48291 0.00558 0.87256 0.48848 0.00487 0.94213 0.33523 -0 0.97517 0.22147 -0 0.99627 0.08606 0.00682 0.99955 0.02984 0.0017 0.97861 -0.20574 -0.00124 0.94339 -0.3316 0.00744 0.90563 -0.42406 -0 0.99485 -0 -0.10138 0.98078 -0.00255 -0.19509 0.83147 -0.00243 -0.55557 0.87598 -0 -0.48234 0.95595 -0 -0.29352 0.55557 -0 -0.83147 0.63891 0.00506 -0.76926 0.5457 0.00191 -0.83798 0.49954 0.00094 -0.86629 0.4995 -0.00094 -0.86631 0.54554 -0.0019 -0.83808 0.55557 -0.00223 -0.83147 0.63436 -0.00033 -0.77303 0.75492 0.00034 -0.65581 0.98079 -0 -0.19509 0.99474 0.00488 -0.10232 0.95587 -0 -0.29378 0.83147 -0 -0.55557 0.87435 0.00422 -0.48527 0.76503 -0 -0.644 0.44229 -0 -0.89687 0.19509 -0 -0.98079 0.19509 0 -0.98079 -0.99485 0 -0.10138 -0.98078 0.00255 -0.19509 -0.83147 0.00243 -0.55557 -0.87598 0 -0.48234 -0.95595 0 -0.29352 -0.55557 0 -0.83147 -0.63891 -0.00506 -0.76926 -0.5457 -0.00191 -0.83798 -0.49954 -0.00094 -0.86629 -0.4995 0.00094 -0.86631 -0.54554 0.0019 -0.83808 -0.55557 0.00223 -0.83147 -0.63436 0.00033 -0.77303 -0.75492 -0.00034 -0.65581 -0.98079 0 -0.19509 -0.99474 -0.00488 -0.10232 -0.95587 0 -0.29378 -0.83147 0 -0.55557 -0.87435 -0.00422 -0.48527 -0.76503 0 -0.644 -0.44229 0 -0.89687 -0.19509 0 -0.98079 -0.19509 0 -0.98079 0.19509 -0 -0.98079 0.55557 -0 -0.83147 0.83147 -0 -0.55557 0.98079 -0 -0.19509 -0.98079 0 -0.19509 -0.83147 0 -0.55557 -0.55557 0 -0.83147 -0.19509 0 -0.98079 -0.00574 -0.15643 0.98767 0 -0.19509 0.98079 0.00346 -0.45399 0.891 -0.00692 -0.55556 0.83145 0 -0.64945 0.76041 0 -0.76041 0.64945 -0.00692 -0.83145 0.55556 0.00346 -0.891 0.45399 -0.00461 -0.98077 0.19509 -0 -0.98769 0.15643 -0.09019 -0.75731 0.6468 -0.73358 -0.07276 0.6757 -0.47547 0.00881 0.87969 -0.8902 -0.05239 0.45254 -0.88533 -0.02643 0.46422 -0.90239 0.139 0.40789 -0.01863 -0.15641 0.98752 -0.01863 -0.15641 0.98752 -0.05484 -0.14766 0.98752 -0.05484 -0.14766 0.98752 -0.08798 -0.13065 0.98752 -0.11621 -0.10633 0.98752 -0.11621 -0.10633 0.98752 -0.13281 -0.08323 0.98764 -0.05399 -0.45333 0.88971 -0.05399 -0.45333 0.88971 -0.15894 -0.42797 0.88971 -0.15894 -0.42797 0.88971 -0.25501 -0.37867 0.88971 -0.25501 -0.37867 0.88971 -0.33681 -0.30819 0.88971 -0.33681 -0.30819 0.88971 -0.07711 -0.64752 0.75814 -0.04445 -0.71112 0.70167 -0.24705 -0.6652 0.70461 -0.24705 -0.6652 0.70461 -0.39636 -0.58857 0.70461 -0.39636 -0.58857 0.70461 -0.52351 -0.47902 0.70461 -0.52351 -0.47902 0.70461 -0.47099 -0.17166 0.86528 -0.68722 -0.17892 0.70407 -0.69007 -0.1887 0.69871 -0.8607 -0.23535 0.45146 -0.8607 -0.23535 0.45146 -0.10552 -0.88603 0.45146 -0.10552 -0.88603 0.45146 -0.31066 -0.83647 0.45146 -0.31066 -0.83647 0.45146 -0.49842 -0.74011 0.45146 -0.49842 -0.74011 0.45146 -0.6583 -0.60236 0.45146 -0.6583 -0.60236 0.45146 -0.90002 0.42143 0.11118 -0.89982 0.42138 0.11299 -0.96964 0.20386 0.13505 -0.9617 0.22613 0.15489 -0.98742 -0.02948 0.15536 -0.98742 -0.02948 0.15536 -0.96323 -0.21876 0.15601 -0.95577 -0.26135 0.13491 -0.93056 -0.33111 0.15629 -0.12924 -0.03567 0.99097 -0.36938 -0.26395 0.89101 -0.36226 -0.19978 0.91042 -0.62136 -0.34268 0.70461 -0.62136 -0.34268 0.70461 -0.78135 -0.43091 0.45146 -0.78135 -0.43091 0.45146 -0.86503 -0.47706 0.15536 -0.86503 -0.47706 0.15536 -0.11682 -0.98093 0.15536 -0.11682 -0.98093 0.15536 -0.34393 -0.92605 0.15536 -0.34393 -0.92605 0.15536 -0.5518 -0.81938 0.15536 -0.5518 -0.81938 0.15536 -0.7288 -0.66687 0.15536 -0.69829 -0.70618 0.11711 -0.77267 -0.61528 0.15624 0 -0.98079 0.19509 0 -0.15643 0.98769 0.00461 -0.19509 0.98077 -0.00346 -0.45399 0.891 0.00692 -0.55556 0.83145 0.00692 -0.83145 0.55556 -0.00346 -0.891 0.45399 0.00574 -0.98767 0.15643 0.8607 -0.23535 0.45146 0.11621 -0.10633 0.98752 0.90256 0.15956 0.3999 0.91345 0.15307 0.37707 0.96898 0.16363 0.18519 0.89971 0.42135 0.11393 0.90002 0.42143 0.11118 0.49281 -0.18358 0.85055 0.47495 -0.09044 0.87535 0.47583 -0.02597 0.87916 0.40053 -0.22027 0.88942 0.21143 -0.11729 0.97033 0.15498 -0.05204 0.98655 0.08086 -0.05068 0.99544 0.01863 -0.15641 0.98752 0.01863 -0.15641 0.98752 0.05484 -0.14766 0.98752 0.05399 -0.45333 0.88971 0.05399 -0.45333 0.88971 0.15894 -0.42797 0.88971 0.15894 -0.42797 0.88971 0.25501 -0.37867 0.88971 0.08798 -0.13065 0.98752 0.11621 -0.10633 0.98752 0.33681 -0.30819 0.88971 0.39977 -0.22047 0.88971 0.62136 -0.34268 0.70461 0.69226 -0.16341 0.70291 0.70485 -0.19274 0.68267 0.7414 -0.072 0.66719 0.8902 -0.05239 0.45254 0.88533 -0.02643 0.46422 0.98742 -0.02948 0.15536 0.96672 0.20324 0.15536 0.08392 -0.70461 0.70461 0.01654 -0.7603 0.64936 0.07711 -0.64752 0.75814 0.24705 -0.6652 0.70461 0.24705 -0.6652 0.70461 0.39636 -0.58857 0.70461 0.39636 -0.58857 0.70461 0.52351 -0.47902 0.70461 0.10552 -0.88603 0.45146 0.10552 -0.88603 0.45146 0.31066 -0.83647 0.45146 0.31066 -0.83647 0.45146 0.49842 -0.74011 0.45146 0.49842 -0.74011 0.45146 0.6583 -0.60236 0.45146 0.6583 -0.60236 0.45146 0.78135 -0.43091 0.45146 0.11682 -0.98093 0.15536 0.11682 -0.98093 0.15536 0.34393 -0.92605 0.15536 0.34393 -0.92605 0.15536 0.5518 -0.81938 0.15536 0.5518 -0.81938 0.15536 0.69451 -0.70235 0.15608 0.73111 -0.66899 0.13391 0.96788 -0.21981 0.12203 0.93056 -0.33111 0.15629 0.86503 -0.47706 0.15536 0.86503 -0.47706 0.15536 0.77267 -0.61528 0.15624 0.05484 -0.14766 0.98752 0.08798 -0.13065 0.98752 0.25501 -0.37867 0.88971 0.33681 -0.30819 0.88971 0.52351 -0.47902 0.70461 0.62136 -0.34268 0.70461 0.78135 -0.43091 0.45146 0.8607 -0.23535 0.45146 0.95288 -0.26056 0.15536 0.98742 -0.02948 0.15536 -0.00574 0.98767 0.15643 0 0.98079 0.19509 0.00346 0.891 0.45399 -0.00692 0.83145 0.55556 0 0.76041 0.64945 0 0.64945 0.76041 -0.00692 0.55556 0.83145 0.00346 0.45399 0.891 -0.00461 0.19509 0.98077 0 0.15643 0.98769 -0.8607 0.23535 0.45146 -0.11621 0.10633 0.98752 -0.90256 -0.15956 0.3999 -0.91345 -0.15307 0.37707 -0.96898 -0.16363 0.18519 -0.89971 -0.42135 0.11393 -0.90002 -0.42143 0.11118 -0.49281 0.18358 0.85055 -0.47495 0.09044 0.87535 -0.47583 0.02597 0.87916 -0.40053 0.22027 0.88942 -0.21143 0.11729 0.97033 -0.15498 0.05204 0.98655 -0.08086 0.05068 0.99544 -0.01863 0.15641 0.98752 -0.01863 0.15641 0.98752 -0.05484 0.14766 0.98752 -0.05399 0.45333 0.88971 -0.05399 0.45333 0.88971 -0.15894 0.42797 0.88971 -0.15894 0.42797 0.88971 -0.25501 0.37867 0.88971 -0.08798 0.13065 0.98752 -0.11621 0.10633 0.98752 -0.33681 0.30819 0.88971 -0.39977 0.22047 0.88971 -0.62136 0.34268 0.70461 -0.69226 0.16341 0.70291 -0.70485 0.19274 0.68267 -0.7414 0.072 0.66719 -0.8902 0.05239 0.45254 -0.88533 0.02643 0.46422 -0.98742 0.02948 0.15536 -0.96672 -0.20324 0.15536 -0.08392 0.70461 0.70461 -0.01654 0.7603 0.64936 -0.07711 0.64752 0.75814 -0.24705 0.6652 0.70461 -0.24705 0.6652 0.70461 -0.39636 0.58857 0.70461 -0.39636 0.58857 0.70461 -0.52351 0.47902 0.70461 -0.10552 0.88603 0.45146 -0.10552 0.88603 0.45146 -0.31066 0.83647 0.45146 -0.31066 0.83647 0.45146 -0.49842 0.74011 0.45146 -0.49842 0.74011 0.45146 -0.6583 0.60236 0.45146 -0.6583 0.60236 0.45146 -0.78135 0.43091 0.45146 -0.11682 0.98093 0.15536 -0.11682 0.98093 0.15536 -0.34393 0.92605 0.15536 -0.34393 0.92605 0.15536 -0.5518 0.81938 0.15536 -0.5518 0.81938 0.15536 -0.69451 0.70235 0.15608 -0.73111 0.66899 0.13391 -0.96788 0.21981 0.12203 -0.93056 0.33111 0.15629 -0.86503 0.47706 0.15536 -0.86503 0.47706 0.15536 -0.77267 0.61528 0.15624 -0.05484 0.14766 0.98752 -0.08798 0.13065 0.98752 -0.25501 0.37867 0.88971 -0.33681 0.30819 0.88971 -0.52351 0.47902 0.70461 -0.62136 0.34268 0.70461 -0.78135 0.43091 0.45146 -0.8607 0.23535 0.45146 -0.95288 0.26056 0.15536 -0.98742 0.02948 0.15536 0 0.19509 0.98079 0 0.98769 0.15643 0.00461 0.98077 0.19509 -0.00346 0.891 0.45399 0.00692 0.83145 0.55556 0.00692 0.55556 0.83145 -0.00346 0.45399 0.891 0.00574 0.15643 0.98767 0.09019 0.75731 0.6468 0.73358 0.07276 0.6757 0.47547 -0.00881 0.87969 0.8902 0.05239 0.45254 0.88533 0.02643 0.46422 0.90239 -0.139 0.40789 0.01863 0.15641 0.98752 0.01863 0.15641 0.98752 0.05484 0.14766 0.98752 0.05484 0.14766 0.98752 0.08798 0.13065 0.98752 0.11621 0.10633 0.98752 0.11621 0.10633 0.98752 0.13281 0.08323 0.98764 0.05399 0.45333 0.88971 0.05399 0.45333 0.88971 0.15894 0.42797 0.88971 0.15894 0.42797 0.88971 0.25501 0.37867 0.88971 0.25501 0.37867 0.88971 0.33681 0.30819 0.88971 0.33681 0.30819 0.88971 0.07711 0.64752 0.75814 0.04445 0.71112 0.70167 0.24705 0.6652 0.70461 0.24705 0.6652 0.70461 0.39636 0.58857 0.70461 0.39636 0.58857 0.70461 0.52351 0.47902 0.70461 0.52351 0.47902 0.70461 0.47099 0.17166 0.86528 0.68722 0.17892 0.70407 0.69007 0.1887 0.69871 0.8607 0.23535 0.45146 0.8607 0.23535 0.45146 0.10552 0.88603 0.45146 0.10552 0.88603 0.45146 0.31066 0.83647 0.45146 0.31066 0.83647 0.45146 0.49842 0.74011 0.45146 0.49842 0.74011 0.45146 0.6583 0.60236 0.45146 0.6583 0.60236 0.45146 0.90002 -0.42143 0.11118 0.89982 -0.42138 0.11299 0.96964 -0.20386 0.13505 0.9617 -0.22613 0.15489 0.98742 0.02948 0.15536 0.98742 0.02948 0.15536 0.96323 0.21876 0.15601 0.95577 0.26135 0.13491 0.93056 0.33111 0.15629 0.12924 0.03567 0.99097 0.36938 0.26395 0.89101 0.36226 0.19978 0.91042 0.62136 0.34268 0.70461 0.62136 0.34268 0.70461 0.78135 0.43091 0.45146 0.78135 0.43091 0.45146 0.86503 0.47706 0.15536 0.86503 0.47706 0.15536 0.11682 0.98093 0.15536 0.11682 0.98093 0.15536 0.34393 0.92605 0.15536 0.34393 0.92605 0.15536 0.5518 0.81938 0.15536 0.5518 0.81938 0.15536 0.7288 0.66687 0.15536 0.69829 0.70618 0.11711 0.77267 0.61528 0.15624 -0.82654 0.56284 -0.00665 -0.84592 0.53297 -0.01888 -0.83366 0.55229 0 -0.87037 0.49235 -0.00611 -0.96704 0.25456 -0.00542 -0.94447 0.32858 0.00101 -0.89294 0.45018 -0.00111 -0.89909 0.43758 -0.01268 -0.84861 0.52897 0.00768 -0.99999 0 -0.00535 -0.99792 0.06445 0 -0.98126 0.1927 0 -0.87039 -0.49236 0 -0.85116 -0.5249 0.0026 -0.90234 -0.43101 -0.00426 -0.90025 -0.43537 0 -0.94849 -0.31681 0 -0.96704 -0.25456 -0.00542 -0.98131 -0.19246 0 -0.99794 -0.06416 0 -0.84368 -0.53672 -0.01107 -0.84436 -0.53563 -0.01221 -0.84922 -0.52723 -0.02926 0.82654 -0.56284 -0.00665 0.84592 -0.53297 -0.01888 0.83366 -0.55229 -0 0.87037 -0.49235 -0.00611 0.96704 -0.25456 -0.00542 0.94447 -0.32858 0.00101 0.89294 -0.45018 -0.00111 0.89909 -0.43758 -0.01268 0.84861 -0.52897 0.00768 0.99999 -0 -0.00535 0.99792 -0.06445 -0 0.98126 -0.1927 -0 0.87039 0.49236 -0 0.85116 0.5249 0.0026 0.90234 0.43101 -0.00426 0.90025 0.43537 -0 0.94849 0.31681 -0 0.96704 0.25456 -0.00542 0.98131 0.19246 -0 0.99794 0.06416 -0 0.84368 0.53672 -0.01107 0.84436 0.53563 -0.01221 0.84922 0.52723 -0.02926 -0 -0 -1 0 0 1 -0.25882 -0.96593 0 -0.70711 -0.70711 0 -0.96593 -0.25881 0 -0.96593 0.25881 0 -0.70711 0.70711 0 -0.25882 0.96593 -0 0.25882 0.96593 -0 0.70711 0.7071 -0 0.96592 0.25882 -0 0.96592 -0.25882 -0 0.70711 -0.7071 -0 0.25882 -0.96593 0 -0.25882 -0.96593 0 -0.70711 -0.70711 0 -0.96593 -0.25882 0 -0.96593 0.25882 0 -0.70711 0.70711 0 -0.25882 0.96593 -0 0.25882 0.96593 -0 0.70711 0.70711 -0 0.96593 0.25882 -0 0.96593 -0.25882 -0 0.70711 -0.70711 -0 0.25882 -0.96593 0 -0 1 -0 0 -1 0 0.17365 0.98481 -0 0.5 0.86603 -0 0.76604 0.64279 -0 0.93969 0.34202 -0 1 0 -0 0.93969 -0.34202 -0 0.76604 -0.64279 -0 0.5 -0.86603 0 0.17365 -0.98481 0 -0.17365 -0.98481 0 -0.5 -0.86603 0 -0.76605 -0.64279 0 -0.93969 -0.34202 0 -1 -0 0 -0.93969 0.34202 0 -0.76605 0.64279 0 -0.5 0.86603 -0 -0.17365 0.98481 -0 0.17365 0.98481 -0 0.5 0.86603 -0 0.76604 0.64279 -0 0.93969 0.34202 -0 0.93969 -0.34202 -0 0.76604 -0.64279 -0 0.5 -0.86603 0 0.17365 -0.98481 0 -0.17365 -0.98481 0 -0.5 -0.86603 0 -0.76604 -0.64279 0 -0.93969 -0.34202 0 -0.93969 0.34202 0 -0.76604 0.64279 0 -0.5 0.86603 -0 -0.17365 0.98481 -0 0.17365 0.98481 -0 0.5 0.86603 -0 0.76604 0.64279 -0 0.93969 0.34202 -0 0.93969 -0.34202 -0 0.76604 -0.64279 -0 0.5 -0.86603 0 0.17365 -0.98481 0 -0.17365 -0.98481 0 -0.5 -0.86603 0 -0.76604 -0.64279 0 -0.93969 -0.34202 0 -0.93969 0.34202 0 -0.76604 0.64279 0 -0.5 0.86603 -0 -0.17365 0.98481 -0 0.42293 0.89297 0.15409 -0.95106 0.30902 0 -0.74314 0.66913 0 -0.40674 0.91355 -0 0.23078 0.97301 -0 -0.97774 -0.07304 0.1967 -0.99452 -0.10453 0 0.40674 0.91355 -0 0.74314 0.66913 -0 0.95106 0.30902 -0 0.99452 -0.10453 -0 0.86603 -0.5 -0 0.58779 -0.80902 0 0.20791 -0.97815 0 -0.20791 -0.97815 0 -0.58779 -0.80902 0 -0.86603 -0.5 0 -0.95994 -0.2802 0 0.5 0.86602 -0 0.76604 0.64279 -0 0.93969 0.34202 -0 0.93969 -0.34202 -0 0.76604 -0.64279 -0 0.5 -0.86602 0 -0.5 -0.86603 0 -0.76604 -0.64279 0 -0.93969 -0.34202 0 -0.93969 0.34202 0 -0.76604 0.64279 0 -0.5 0.86603 -0 0.42293 0.89297 0.15409 0.23078 0.97301 -0 0.10453 0.99452 -0 -0.10453 0.99452 -0 -0.95106 0.30902 0 -0.74314 0.66913 0 -0.40674 0.91355 -0 -0.97774 -0.07304 0.1967 -0.99452 -0.10453 0 0.40674 0.91355 -0 0.74314 0.66913 -0 0.95106 0.30902 -0 0.99452 -0.10453 -0 0.86602 -0.5 -0 0.58778 -0.80902 0 0.20791 -0.97815 0 -0.20791 -0.97815 0 -0.58779 -0.80902 0 -0.86602 -0.5 0 -0.95994 -0.28019 0 -0.16436 0.98498 -0.05284 -0.08256 -0.99636 -0.02123 0.0551 -0.99797 0.03179 0.08258 -0.99658 0 0.3247 -0.94582 0 -0.02751 0.99962 -0 0.16459 0.98636 -0 0.47595 0.87947 -0 0.73572 0.67728 -0 0.91577 0.4017 -0 0.99658 0.08258 -0 0.9694 -0.24549 -0 0.83717 -0.54695 -0 0.69703 -0.71705 -0 0.612 -0.7863 -0.08482 0.5695 -0.82199 0 -0.93008 -0.36735 0 -0.83717 -0.54695 0 -0.61421 -0.78914 0 -0.3247 -0.94582 0 -0.10996 -0.99394 0 -0.95145 -0.30762 -0.01101 -0.9749 -0.2194 -0.03791 -0.96917 -0.24543 -0.022 -0.99287 -0.11919 0 -0.99951 -0.03135 0 -0.99622 0.08255 -0.02723 -0.99757 0.05608 -0.04125 -0.99435 0.10333 -0.02415 -0.98359 0.18039 0 -0.95397 0.29989 0 -0.9154 0.40153 -0.02863 -0.92466 0.37856 -0.04113 -0.90866 0.41676 -0.02551 -0.89075 0.45432 -0.01247 -0.85822 0.51328 0 -0.73572 0.67728 0 -0.47595 0.87947 -0 -0.19167 0.98146 -0 0.19917 0.97997 -0 0 -0.99696 -0.07793 0.03368 0.95746 -0.2866 0.16459 0.98636 -0 -0.16459 0.98636 -0 -0.47595 0.87947 -0 -0.73572 0.67728 0 -0.91577 0.40169 0 -0.99658 0.08258 0 -0.9694 -0.24549 0 -0.83717 -0.54695 0 -0.61421 -0.78914 0 -0.3247 -0.94582 0 -0.0475 -0.99887 0 0.47595 0.87947 -0 0.73572 0.67728 -0 0.85822 0.51328 -0 0.89075 0.45432 -0.01247 0.90866 0.41676 -0.02551 0.92466 0.37856 -0.04113 0.9154 0.40153 -0.02863 0.95397 0.29989 -0 0.98359 0.18039 -0 0.99435 0.10335 -0.02415 0.99757 0.05607 -0.04126 0.99622 0.08255 -0.02723 0.99951 -0.03136 -0 0.99287 -0.11918 -0 0.96917 -0.24543 -0.02201 0.9749 -0.2194 -0.03791 0.95145 -0.30761 -0.01101 0.93008 -0.36736 -0 0.83717 -0.54695 -0 0.61421 -0.78914 0 0.3247 -0.94582 0 0.11756 -0.99307 0 0.25882 -0.96592 0 0.7071 -0.70711 -0 0.96592 -0.25883 -0 0.96592 0.25883 -0 0.7071 0.70711 -0 0.25882 0.96592 -0 -0.25882 0.96593 -0 -0.7071 0.70711 0 -0.96593 0.2588 0 -0.96593 -0.2588 0 -0.7071 -0.70711 0 -0.25882 -0.96593 0 0.50858 -0.50859 0.69475 0.50858 -0.50859 0.69475 0.69473 -0.18616 0.69476 0.69476 -0.18615 0.69474 0.69476 0.18617 0.69473 0.69474 0.18614 0.69476 0.50858 0.50859 0.69475 0.50858 0.50859 0.69475 0.18616 0.69474 0.69475 0.18616 0.69475 0.69475 -0.18615 0.69475 0.69475 -0.18615 0.69475 0.69475 -0.50858 0.50859 0.69475 -0.5086 0.50859 0.69474 -0.69477 0.18614 0.69473 -0.69473 0.18616 0.69476 -0.69474 -0.18614 0.69476 -0.69476 -0.18617 0.69473 -0.50859 -0.5086 0.69474 -0.50859 -0.50858 0.69475 -0.18615 -0.69475 0.69475 -0.18615 -0.69475 0.69475 0.18616 -0.69475 0.69475 0.18616 -0.69474 0.69475 0.25882 -0.96593 0 0.70711 -0.70711 -0 0.96593 -0.25882 -0 0.96593 0.25882 -0 0.70711 0.70711 -0 0.25882 0.96593 -0 -0.25882 0.96593 -0 -0.70711 0.70711 0 -0.96593 0.25882 0 -0.96593 -0.25882 0 -0.70711 -0.70711 0 -0.25882 -0.96593 0 0.50859 -0.50859 0.69475 0.50859 -0.50859 0.69475 0.69475 -0.18616 0.69475 0.69475 -0.18616 0.69475 0.69475 0.18616 0.69475 0.69475 0.18616 0.69475 0.50859 0.50859 0.69475 0.50859 0.50859 0.69475 0.18616 0.69475 0.69475 0.18616 0.69475 0.69475 -0.18616 0.69475 0.69475 -0.18616 0.69475 0.69475 -0.50859 0.50859 0.69475 -0.50859 0.50859 0.69475 -0.69475 0.18616 0.69475 -0.69475 0.18616 0.69475 -0.69475 -0.18616 0.69475 -0.69475 -0.18616 0.69475 -0.50859 -0.50859 0.69475 -0.50859 -0.50859 0.69475 -0.18616 -0.69475 0.69475 -0.18616 -0.69475 0.69475 0.18616 -0.69475 0.69475 0.18616 -0.69475 0.69475 0.7071 -0.70711 -0 0.96592 -0.25883 -0 0.96592 0.25883 -0 0.7071 0.70711 -0 -0.7071 0.70711 0 -0.96593 0.2588 0 -0.96593 -0.2588 0 -0.7071 -0.70711 0 0.50858 -0.50859 0.69475 0.50858 -0.50859 0.69475 0.69473 -0.18616 0.69476 0.69476 0.18617 0.69473 0.69474 0.18614 0.69476 0.50858 0.50859 0.69475 -0.50858 0.50859 0.69475 -0.5086 0.50859 0.69474 -0.69477 0.18614 0.69473 -0.69474 -0.18614 0.69476 -0.69476 -0.18617 0.69473 -0.50859 -0.5086 0.69474 0.70711 -0.70711 -0 0.96593 -0.25882 -0 0.96593 0.25882 -0 0.70711 0.70711 -0 -0.70711 0.70711 0 -0.96593 0.25882 0 -0.96593 -0.25882 0 -0.70711 -0.70711 0 0.50859 -0.50859 0.69475 0.50859 -0.50859 0.69475 0.69475 -0.18616 0.69475 0.69475 0.18616 0.69475 0.69475 0.18616 0.69475 0.50859 0.50859 0.69475 -0.50859 0.50859 0.69475 -0.50859 0.50859 0.69475 -0.69475 0.18616 0.69475 -0.69475 -0.18616 0.69475 -0.69475 -0.18616 0.69475 -0.50859 -0.50859 0.69475 0.25881 -0.96593 0 0.7071 -0.70711 -0 0.96592 -0.25883 -0 0.96592 0.25883 -0 0.7071 0.70711 -0 0.25881 0.96593 -0 -0.25882 0.96592 -0 -0.7071 0.70711 0 -0.96592 0.25883 0 -0.96592 -0.25883 0 -0.7071 -0.70711 0 -0.25882 -0.96592 0 0.50858 -0.50859 0.69475 0.5086 -0.50859 0.69474 0.69476 -0.18617 0.69473 0.69476 -0.18617 0.69473 0.69476 0.18617 0.69473 0.69476 0.18617 0.69473 0.50859 0.5086 0.69474 0.50859 0.50858 0.69475 0.18615 0.69475 0.69475 0.18615 0.69475 0.69475 -0.18616 0.69475 0.69475 -0.18616 0.69474 0.69475 -0.50858 0.50859 0.69475 -0.5086 0.50859 0.69474 -0.69476 0.18617 0.69473 -0.69476 0.18617 0.69473 -0.69476 -0.18617 0.69473 -0.69476 -0.18617 0.69473 -0.50859 -0.5086 0.69474 -0.50859 -0.50858 0.69475 -0.18616 -0.69474 0.69475 -0.18616 -0.69475 0.69475 0.18615 -0.69475 0.69475 0.18615 -0.69475 0.69475 0.25882 -0.96593 0 0.70711 -0.7071 -0 0.70711 0.7071 -0 0.25882 0.96593 -0 -0.25882 0.96593 -0 -0.96593 0.25881 0 -0.96593 -0.25881 0 -0.25882 -0.96593 0 0.5086 -0.50859 0.69474 0.50858 -0.50859 0.69475 0.69473 -0.18616 0.69476 0.69475 -0.18615 0.69475 0.69475 0.18616 0.69475 0.69474 0.18615 0.69476 0.50859 0.50858 0.69476 0.50859 0.5086 0.69474 0.18616 0.69475 0.69475 0.18616 0.69475 0.69475 -0.18616 0.69475 0.69475 -0.18616 0.69475 0.69475 -0.50859 0.50859 0.69475 -0.69475 0.18615 0.69474 -0.69473 0.18616 0.69476 -0.69474 -0.18615 0.69476 -0.69475 -0.18616 0.69475 -0.50859 -0.50859 0.69475 -0.50859 -0.50859 0.69475 -0.18616 -0.69475 0.69475 -0.18616 -0.69475 0.69475 0.18616 -0.69475 0.69475 0.18616 -0.69475 0.69475 0.25882 -0.96593 0 0.70711 -0.70711 -0 0.96593 -0.25882 -0 0.96593 0.25882 -0 0.70711 0.70711 -0 0.25882 0.96593 -0 -0.25882 0.96593 -0 -0.70711 0.70711 0 -0.96593 0.25882 0 -0.96593 -0.25882 0 -0.70711 -0.70711 0 -0.25882 -0.96593 0 0.50859 -0.50859 0.69475 0.50859 -0.50859 0.69475 0.69475 -0.18616 0.69475 0.69475 -0.18616 0.69475 0.69475 0.18616 0.69475 0.69475 0.18616 0.69475 0.50859 0.50859 0.69475 0.50859 0.50859 0.69475 0.18616 0.69475 0.69475 0.18616 0.69475 0.69475 -0.18616 0.69475 0.69475 -0.18616 0.69475 0.69475 -0.50859 0.50859 0.69475 -0.50859 0.50859 0.69475 -0.69475 0.18616 0.69475 -0.69475 0.18616 0.69475 -0.69475 -0.18616 0.69475 -0.69475 -0.18616 0.69475 -0.50859 -0.50859 0.69475 -0.50859 -0.50859 0.69475 -0.18616 -0.69475 0.69475 -0.18616 -0.69475 0.69475 0.18616 -0.69475 0.69475 0.18616 -0.69475 0.69475 0.25882 -0.96593 0 0.70711 -0.70711 -0 0.70711 0.70711 -0 0.25882 0.96593 -0 -0.25882 0.96593 -0 -0.70711 0.70711 0 -0.70711 -0.70711 0 -0.25882 -0.96593 0 0.50859 -0.50859 0.69475 0.50859 0.50859 0.69475 0.50859 0.50859 0.69475 0.18616 0.69475 0.69475 -0.18616 0.69475 0.69475 -0.18616 0.69475 0.69475 -0.50859 0.50859 0.69475 -0.50859 -0.50859 0.69475 -0.50859 -0.50859 0.69475 -0.18616 -0.69475 0.69475 0.18616 -0.69475 0.69475 0.18616 -0.69475 0.69475 0.07026 0.99753 -0 0.07026 0.99753 0 0.07026 0.99753 -0 0.07026 0.99753 0 0.07026 0.99753 -0 0.07026 -0.99753 0 0.07026 -0.99753 0 0.07026 -0.99753 0 0.07026 -0.99753 0 0.07026 -0.99753 -0 -0.055 0.99849 -0 -0.055 0.99849 -0 -0.055 0.99849 -0 -0.055 0.99849 0 -0.055 0.99849 -0 -0.055 0.99849 -0 -0.055 0.99849 -0 -0.055 -0.99849 0 -0.055 -0.99849 -0 -0.055 -0.99849 -0 -0.055 -0.99849 0 -0.055 -0.99849 -0 -0.055 -0.99849 -0 -0.055 -0.99849 0 0.25882 -0.96592 0 0.70711 -0.70711 -0 0.96593 -0.25882 -0 0.96593 0.25882 -0 0.70711 0.70711 -0 0.25882 0.96592 -0 -0.25882 0.96593 -0 -0.70711 0.70711 0 -0.96593 0.25882 0 -0.96593 -0.25882 0 -0.70711 -0.70711 0 -0.25882 -0.96593 0 0.25882 -0.96593 0 0.96593 -0.25882 -0 0.96593 0.25882 -0 0.25882 0.96593 -0 -0.25882 0.96593 -0 -0.96593 0.25882 0 -0.96593 -0.25882 0 -0.25882 -0.96593 0 0.40011 -0.40012 -0.82451 0.4001 -0.4001 -0.82452 0.57935 -0.40788 -0.70569 0.69474 -0.18616 -0.69476 0.69474 -0.18616 -0.69475 0.69474 0.18616 -0.69475 -0.18616 -0.69475 -0.69475 0.18616 -0.69475 -0.69475 0.18616 -0.69475 -0.69475 0.40789 -0.57935 -0.70568 -0.32751 -0.39235 -0.85953 -0.50859 -0.50859 -0.69475 -0.18616 -0.69475 -0.69475 -0.57937 -0.40789 -0.70566 -0.69476 -0.18616 -0.69473 -0.69474 -0.18615 -0.69475 -0.69474 0.18616 -0.69475 -0.69476 0.18616 -0.69473 -0.5086 0.5086 -0.69474 -0.50859 0.50859 -0.69475 -0.18616 0.69475 -0.69475 -0.18616 0.69475 -0.69475 0.18616 0.69475 -0.69475 0.18616 0.69475 -0.69475 0.40789 0.57935 -0.70568 0.40011 0.40011 -0.82451 0.54685 0.45648 -0.70184 0.69474 0.18616 -0.69476 -0.18616 0.69475 -0.69475 -0.50859 0.50859 -0.69475 -0.50858 0.50859 -0.69475 -0.69474 0.18615 -0.69476 -0.69474 0.18615 -0.69475 -0.69474 -0.18615 -0.69475 -0.69474 -0.18615 -0.69476 -0.50858 -0.50858 -0.69476 -0.50859 -0.50859 -0.69475 -0.18616 -0.69475 -0.69475 -0.18616 -0.69475 -0.69475 0.18616 -0.69475 -0.69475 0.18616 -0.69475 -0.69475 0.50859 -0.50859 -0.69475 0.5086 -0.50859 -0.69474 0.69476 -0.18616 -0.69473 0.69474 -0.18616 -0.69475 0.69474 0.18615 -0.69475 0.69476 0.18616 -0.69473 0.5086 0.5086 -0.69474 0.50859 0.50859 -0.69475 0.18616 0.69475 -0.69475 0.18616 0.69475 -0.69475 -0.18616 0.69475 -0.69475 0.69475 0.18616 -0.69475 0.69475 -0.18616 -0.69475 0.69475 -0.18616 -0.69475 0.57935 -0.40789 -0.70568 0.4001 -0.4001 -0.82452 -0.18616 -0.69475 -0.69475 0.18616 -0.69475 -0.69475 0.18616 -0.69475 -0.69475 0.40789 -0.57935 -0.70568 -0.32751 -0.39235 -0.85954 -0.50859 -0.50859 -0.69475 -0.18616 -0.69475 -0.69475 -0.57935 -0.40789 -0.70568 -0.69475 -0.18616 -0.69475 -0.69475 -0.18616 -0.69475 -0.69475 0.18616 -0.69475 -0.69475 0.18616 -0.69475 -0.50859 0.50859 -0.69475 -0.18616 0.69475 -0.69475 -0.18616 0.69475 -0.69475 0.18616 0.69475 -0.69475 0.18616 0.69475 -0.69475 0.40789 0.57935 -0.70568 0.4001 0.4001 -0.82452 0.54686 0.45648 -0.70183 0.69475 0.18616 -0.69475 -0.18616 0.69475 -0.69475 -0.50859 0.50859 -0.69475 -0.69475 0.18616 -0.69475 -0.69475 0.18616 -0.69475 -0.69475 -0.18616 -0.69475 -0.69475 -0.18616 -0.69475 -0.50859 -0.50859 -0.69475 -0.18616 -0.69475 -0.69475 -0.18616 -0.69475 -0.69475 0.18616 -0.69475 -0.69475 0.18616 -0.69475 -0.69475 0.50859 -0.50859 -0.69475 0.69475 -0.18616 -0.69475 0.69475 -0.18616 -0.69475 0.69475 0.18616 -0.69475 0.69475 0.18616 -0.69475 0.50859 0.50859 -0.69475 0.18616 0.69475 -0.69475 0.18616 0.69475 -0.69475 -0.18616 0.69475 -0.69475 -0.42262 0.90631 -0 0.90631 0.42262 -0 0.42262 -0.90631 0 -0.90631 -0.42262 0 0.25882 -0.96593 0 0.70711 -0.70711 -0 0.96593 -0.25882 -0 0.96593 0.25882 -0 0.70711 0.70711 -0 0.25882 0.96593 -0 -0.25882 0.96593 -0 -0.70711 0.70711 0 -0.96593 0.25882 0 -0.96593 -0.25882 0 -0.70711 -0.70711 0 -0.25882 -0.96593 0 -0.42262 0.90631 -0 0.90631 0.42262 -0 -0.90631 -0.42262 0 0.25882 -0.96593 0 0.70711 -0.70711 -0 0.96593 -0.25881 -0 0.96593 0.25881 -0 0.25882 0.96593 -0 -0.25882 0.96593 -0 -0.70711 0.7071 0 -0.96593 0.25882 0 -0.96593 -0.25882 0 -0.70711 -0.7071 0 -0.25882 -0.96593 0 0.90631 0.42261 -0 0.90631 0.42262 -0 0.90631 0.42262 -0 0.90631 0.42262 0 0.90631 0.42262 -0 0.90631 0.42262 0 -0.90631 -0.42262 0 -0.99952 -0.03098 0 -0.87408 -0.48578 0 -0.55404 -0.83249 0 -0.11069 -0.99386 0 0.3573 -0.93399 0 0.74577 -0.66621 -0 -0.03097 0.99952 -0 -0.48581 0.87407 -0 -0.83248 0.55406 0 -0.99386 0.11067 0 -0.93399 -0.3573 0 -0.66621 -0.74577 0 0.03098 -0.99952 0 0.48581 -0.87407 0 0.83248 -0.55406 -0 0.99385 -0.1107 -0 0.93398 0.35733 -0 0.66621 0.74577 -0 0.99952 0.03098 -0 0.87407 0.48581 -0 0.55404 0.83249 -0 0.11069 0.99385 -0 -0.35731 0.93398 -0 -0.74576 0.66621 0 -0.99952 -0.03097 0 -0.87407 -0.48581 0 -0.55405 -0.83248 0 -0.11069 -0.99386 0 0.35731 -0.93399 0 0.74576 -0.66621 -0 -0.03098 0.99952 -0 -0.48581 0.87407 -0 -0.83248 0.55406 0 -0.99385 0.1107 0 -0.93398 -0.35733 0 -0.66621 -0.74577 0 0.03098 -0.99952 0 0.4858 -0.87407 0 0.83249 -0.55404 -0 0.99385 -0.1107 -0 0.93398 0.35731 -0 0.66621 0.74577 -0 0.55405 0.83248 -0 0.11069 0.99386 -0 -0.35731 0.93399 -0 -0.74576 0.66621 0 -0.03097 0.99952 -0 -0.4858 0.87407 -0 -0.83249 0.55404 0 -0.99386 0.11068 0 -0.66621 -0.74577 0 -0.99952 -0.03097 0 -0.87407 -0.48581 0 -0.55405 -0.83248 0 -0.11069 -0.99386 0 0.74577 -0.6662 -0 0.03098 -0.99952 0 0.48581 -0.87407 0 0.83249 -0.55404 -0 0.99952 0.03098 -0 0.87407 0.48579 -0 0.55404 0.83249 -0 0.11069 0.99385 -0 -0.35731 0.93399 -0 -0.74576 0.66621 0 -0.42262 0.90631 -0 -0.42262 0.90631 -0 -0.42262 0.90631 0 -0.42262 0.90631 -0 -0.42262 0.90631 0 -0.42262 0.90631 -0 -0.42262 0.90631 -0 -0.42262 0.90631 -0 -0.42262 0.90631 0 -0.42262 0.90631 -0 -0.42262 0.90631 0 -0.42262 0.90631 -0 -0.42262 0.90631 -0 -0.42262 0.90631 -0 0.055 -0.99849 0 0.64279 0.76604 -0 0.64279 0.76604 0 0.64279 0.76604 -0 0.64279 0.76604 0 0.64279 0.76604 -0 0.64279 0.76604 0 0.64279 0.76604 0 0.64279 0.76604 0 0.64279 0.76604 0 0.64275 0.76607 -0 0.42262 -0.90631 0 0.42262 -0.90631 0 0.42262 -0.90631 0 0.42262 -0.90631 0 0.42262 -0.90631 0 0.42262 -0.90631 0 0.42262 -0.90631 -0 0.42262 -0.90631 0 0.42262 -0.90631 0 0.42262 -0.90631 0 0.42262 -0.90631 -0 0.42262 -0.90631 -0 0.42262 -0.90631 0 -0.94489 0.3274 0 -0.94489 0.3274 0 -0.94489 0.32739 1E-05 -0.94489 0.3274 0 -0.94489 0.3274 -0 -0.94489 0.3274 0 -0.94489 0.3274 0 -0.94489 0.3274 0 -0.94489 0.3274 0 -0.94489 0.32739 0 0.94489 -0.3274 -0 0.94489 -0.3274 0 0.94489 -0.32739 0 0.94489 -0.3274 -0 0.94489 -0.3274 -0 0.94489 -0.3274 -0 0.94488 -0.3274 1E-05 0.94489 -0.3274 -0 0.94489 -0.3274 -0 -0.07026 0.99753 -0 -0.75598 -0.6546 0 -0.75598 -0.6546 -0 -0.75598 -0.6546 -0 -0.75598 -0.6546 -0 -0.75598 -0.6546 -0 -0.75598 -0.65459 0 -0.75597 -0.6546 -1E-05 -0.75598 -0.6546 0 -0.91551 0.4023 0 -0.93529 0.35372 -0.01076 -0.93261 0.36061 -0.01415 -0.94394 0.33008 -0.00537 -0.95368 0.30081 0 -0.97809 0.20819 0 -0.07026 -0.99753 0 0.75598 0.65459 -0 0.75598 0.6546 -0 0.75597 0.6546 1E-05 0.75598 0.65459 -0 0.75598 0.6546 0 0.75598 0.6546 0 0.75598 0.6546 -0 0.94318 -0.33227 -0 0.99156 -0.12963 -0 0.055 0.99849 -0 -0.64279 -0.76604 0 -0.64279 -0.76604 0 -0.64279 -0.76604 -0 -0.64279 -0.76604 0 -0.64279 -0.76604 -0 -0.64279 -0.76604 0 -0.64279 -0.76604 -0 0.29541 0.95537 -0 0.71007 0.70413 -0 0.95782 0.28738 -0 0.98042 -0.19692 -0 -0.81224 -0.58332 0 -0.99243 -0.12281 0 -0.92993 0.36774 0 -0.64002 0.76836 -0 -0.19359 0.98108 -0 0.96892 -0.24738 -0 0.76573 -0.64317 -0 0.41096 -0.91165 0 -0.02514 -0.99968 0 -0.45627 -0.88984 0 0.2358 0.9718 -0 0.65496 0.75567 -0 0.92845 0.37146 -0 0.99544 -0.09536 -0 -0.03516 0.99938 -0 -0.28761 0.95775 -0 -0.67026 0.74212 -0 -0.9236 0.38335 0 -0.99878 -0.0494 0 -0.88128 -0.47259 0 0.85617 -0.5167 -0 0.57199 -0.82026 0 0.18891 -0.98199 0 -0.22684 -0.97393 0 -0.60336 -0.79747 0 -0.20475 0.97881 -0 -0.57992 0.81468 -0 -0.85783 0.51393 0 -0.99506 0.09932 0 -0.93281 -0.36036 0 -0.66985 -0.74249 0 -0.26275 -0.96486 0 0.20089 -0.97961 0 0.61451 -0.78891 0 0.89687 -0.44229 -0 0.99997 -0.00727 -0 0.90321 0.4292 -0 0.62592 0.77988 -0 0.22353 0.9747 -0 0.9623 0.27199 -0 0.99893 -0.04628 -0 -0.79497 0.60665 0 -0.56233 0.82691 -0 -0.27199 0.9623 -0 0.04628 0.99893 -0 -0.60665 -0.79497 0 -0.82691 -0.56233 0 -0.9623 -0.27199 0 -0.99893 0.04627 0 0.79497 -0.60665 -0 0.56234 -0.82691 0 0.27198 -0.9623 0 -0.04628 -0.99893 0 0.60665 0.79497 -0 0.82691 0.56233 -0 0.9623 0.27199 -0 0.99893 -0.04628 -0 -0.79497 0.60665 0 -0.60665 -0.79497 0 -0.82691 -0.56233 0 -0.9623 -0.27199 0 -0.99893 0.04627 0 0.79497 -0.60665 -0 0.56234 -0.82691 0 0.27199 -0.9623 0 -0.04628 -0.99893 0 0.82691 0.56234 -0 -0.99893 0.04627 0 0.79497 -0.60665 -0 0.56234 -0.82691 0 0.27199 -0.9623 0 -0.04628 -0.99893 0 0.60665 0.79497 -0 0.82691 0.56234 -0 0.9623 0.27199 -0 0.99893 -0.04628 -0 -0.56233 0.82691 -0 -0.27198 0.9623 -0 0.04628 0.99893 -0 -0.60665 -0.79497 0 -0.82691 -0.56233 0 -0.22353 -0.9747 0 -0.62592 -0.77988 0 -0.90321 -0.4292 0 -0.99997 0.00727 0 -0.89687 0.44229 0 -0.61451 0.78891 -0 0.02751 -0.99962 0 0.80577 0.59223 -0 0.98784 0.1555 -0 0.94875 -0.31604 -0 0.69725 -0.71683 -0 0.28966 -0.95713 0 0.48735 0.87321 -0 0.13053 0.99144 -0 -0.24474 0.96959 -0 0.88783 0.46016 -0 0.99997 0.00722 -0 0.89439 -0.44729 -0 0.59407 -0.80441 0 0.16441 -0.98639 0 -0.93476 0.35528 0 -0.68073 0.73254 -0 -0.28588 0.95827 -0 0.1681 0.98577 -0 0.58731 0.80936 -0 -0.3075 -0.95155 0 -0.7153 -0.69882 0 -0.95846 -0.28523 0 -0.981 0.19401 0 0.25882 -0.96593 0 0.96593 -0.25881 -0 0.96593 0.25881 -0 0.7071 0.70711 -0 0.25882 0.96593 -0 -0.25882 0.96593 -0 -0.7071 0.70711 0 -0.96593 0.25881 0 -0.96593 -0.25881 0 -0.25882 -0.96593 0 0.25882 -0.96593 0 0.70711 -0.7071 -0 0.96593 -0.25882 -0 0.96593 0.25882 -0 0.70711 0.70711 -0 0.25882 0.96593 -0 -0.25882 0.96593 -0 -0.70711 0.70711 0 -0.96593 0.25882 0 -0.96593 -0.25882 0 -0.70711 -0.7071 0 -0.25882 -0.96593 0 0 0 1 -0 -0 -1 -0.83499 -0.55026 0 -0.72177 0.69213 -0.00039 -0.69568 0.71833 -0.00597 -0.72001 0.69394 0.00658 -0.37596 0.92663 -0 -0.52565 0.8507 -0 -0.59521 0.80345 0.01378 -0.5778 0.81568 0.02851 -0.65824 0.75278 -0.00613 -0.74272 0.6696 0.00019 -0.82941 0.55856 -0.0091 -0.83499 0.55026 -0 -0.82945 -0.55859 0 -0.72356 -0.69027 0 -0.73744 -0.67541 0.00307 -0.69554 -0.71847 -0.00571 -0.71954 -0.69442 0.00648 -0.65824 -0.75278 -0.00613 -0.59514 -0.80334 0.02131 -0.5617 -0.82734 0 -0.4074 -0.91325 0 -0.37577 -0.92616 -0.03204 -0.26811 -0.96339 0 -0.21554 -0.97649 0 -0.11834 -0.99289 -0.013 -0.09846 -0.99514 0 -0.06901 -0.99733 0.02398 0.89977 -0.43636 0 0.88926 -0.45679 0.02366 0.71677 -0.69624 0.03864 0.74856 -0.66307 0 0.82549 -0.56441 0 0.48208 -0.87497 0.04493 0.54176 -0.84054 0 0.64247 -0.76631 0 0.02953 -0.99956 0 0.15042 -0.98862 0 0.20558 -0.97772 0.04254 0.29472 -0.95558 0 0.41173 -0.9113 0 -0.40704 0.91246 -0.04157 -0.26811 0.96339 -0 -0.11835 0.99297 -0 -0.19709 0.97824 -0.06486 -0.09846 0.99514 -0 0.02938 0.99422 0.10326 -0.06903 0.99761 -0 0.15042 0.98862 -0 0.20558 0.97772 0.04254 0.29472 0.95558 -0 0.41173 0.9113 -0 0.48208 0.87497 0.04493 0.54176 0.84054 -0 0.64247 0.76631 -0 0.71677 0.69624 0.03864 0.74856 0.66307 -0 0.82549 0.56441 -0 0.88926 0.45679 0.02366 0.89977 0.43636 -0 -0.7512 -0.64957 -0.11729 -0.9331 -0.35963 0 -0.95622 -0.29196 0.02006 -0.95641 0.29202 -0 -1 0 0 -0.98101 -0.19394 0 -0.96457 -0.26353 0.01231 0 1 -0 0.11835 -0.99297 0 0.19709 -0.97824 -0.06486 0.09846 -0.99514 0 -0.02938 -0.99422 0.10326 0.06903 -0.99761 0 -0.15337 -0.98817 0 -0.20559 -0.97776 0.04159 -0.29757 -0.9547 0 -0.41377 -0.91038 0 -0.54161 -0.83619 0.08629 -0.48257 -0.87586 0 -0.64361 -0.76535 0 -0.71675 -0.69622 0.03932 -0.74955 -0.66195 0 -0.82592 -0.56379 0 -0.88924 -0.45679 0.02429 -0.9001 -0.43569 0 0.56135 -0.82683 0.03522 0.59527 -0.80353 0 0.37596 -0.92663 0 0.40705 -0.91246 -0.04157 0.26811 -0.96339 0 0.65824 -0.75278 -0.00613 0.71955 -0.69441 0.00648 0.69553 -0.71847 -0.00571 0.73742 -0.67543 0.00306 0.72177 -0.69213 -0.00039 0.79115 -0.61161 0.0016 0.74701 -0.66375 -0.03752 0.87088 -0.48705 0.06592 0.83499 -0.55026 0 0.72001 0.69393 0.00658 0.7512 0.64957 -0.11729 0.82945 0.55859 -0 0.72356 0.69026 -0 0.69568 0.71833 -0.00597 0.65824 0.75278 -0.00613 0.5778 0.81568 0.02851 0.59521 0.80345 0.01378 0.52565 0.8507 -0 0.4074 0.91325 -0 0.37577 0.92616 -0.03204 0.26811 0.96339 -0 0.21554 0.97649 -0 0.11834 0.99289 -0.013 0.09846 0.99514 -0 0.06901 0.99733 0.02398 -0.89977 0.43636 -0 -0.88926 0.45679 0.02366 -0.71677 0.69624 0.03864 -0.74856 0.66307 -0 -0.82549 0.56441 -0 -0.48208 0.87497 0.04493 -0.54176 0.84054 -0 -0.64247 0.76631 -0 -0.02953 0.99956 -0 -0.15042 0.98862 -0 -0.20558 0.97772 0.04254 -0.29472 0.95558 -0 -0.41173 0.9113 -0 0.95641 -0.29202 0 1 -0 -0 0.95641 0.29202 -0 0.83499 0.55026 -0 -0 -1 0 0.87899 -0.47683 0 -0.02655 0.99965 -0 -0.85245 -0.52281 0 -0.86603 -0.5 0 -0.94127 0.33657 0.02703 -0.96004 0.2751 0.05148 -0.95074 0.30892 0.02565 -0.99029 0.13901 -0 -0.99452 -0.10453 0 -0.99749 -0.03467 0.06166 -0.97033 -0.24177 0 0.76211 0.64688 0.02703 0.71826 0.69387 0.05148 0.7429 0.66891 0.02565 0.61553 0.78811 -0 0.40674 0.91355 -0 0.86603 -0.5 0 0.17916 -0.98345 0.02703 0.24178 -0.96896 0.05148 0.20784 -0.97783 0.02565 0.37476 -0.92712 0 0.58779 -0.80902 0 0.52877 -0.84652 0.06166 0.69454 -0.71945 0 0.77295 -0.62458 0.11157 0.99452 -0.10453 0 0.95106 0.30902 -0 0.82434 0.5661 -0 0.46872 0.88119 0.06166 0.27579 0.96122 -0 0.10453 0.99452 -0 0.17567 0.9841 0.02609 -0.10441 0.99336 -0.04823 -0.40674 0.91355 -0 -0.74314 0.66913 -0 -0.90243 0.43084 -0 -0.92737 -0.35711 0.11157 -0.58779 -0.80902 0 -0.20791 -0.97815 0 0.07809 -0.99695 0 0.25882 -0.96593 0 0.70711 -0.70711 0 0.96593 -0.25882 0 0.96593 0.25882 -0 0.70711 0.70711 -0 0.25882 0.96593 -0 -0.25882 0.96593 -0 -0.70711 0.70711 -0 -0.96593 0.25882 -0 -0.96593 -0.25882 0 -0.70711 -0.70711 0 -0.25882 -0.96593 0 0.25882 -0.96593 0 0.70711 -0.70711 0 0.96593 -0.25882 0 0.96593 0.25882 -0 0.70711 0.70711 -0 -0.70711 0.70711 -0 -0.96593 0.25882 -0 -0.96593 -0.25882 0 -0.70711 -0.70711 0 -0.25882 -0.96593 0 0.25882 -0.96593 0 0.96593 -0.25882 0 0.96593 0.25882 -0 0.70711 0.70711 -0 0.25882 0.96593 -0 -0.25882 0.96593 -0 -0.70711 0.70711 -0 -0.96593 0.25882 -0 -0.96593 -0.25882 0 -0.25882 -0.96593 0 0.25882 -0.96593 0 0.70711 -0.70711 0 0.96593 -0.25882 0 0.96593 0.25882 -0 0.70711 0.70711 -0 0.25882 0.96593 -0 -0.25882 0.96593 -0 -0.96593 0.25882 -0 -0.96593 -0.25882 0 -0.70711 -0.70711 0 -0.25882 -0.96593 0 0.96593 -0.25882 0 0.96593 0.25882 -0 -0.96593 0.25882 -0 -0.96593 -0.25882 0 0.25882 -0.96593 0 0.70711 -0.70711 0 0.96593 -0.25882 0 0.96593 0.25882 -0 0.70711 0.70711 -0 0.25882 0.96593 -0 -0.25882 0.96593 -0 -0.70711 0.7071 -0 -0.96593 0.25882 -0 -0.96593 -0.25882 0 -0.70711 -0.7071 0 -0.25882 -0.96593 0 0.25882 -0.96592 0 0.70711 0.70711 -0 0.25882 0.96592 -0 -0.25882 0.96593 -0 -0.70711 0.70711 -0 -0.70711 -0.70711 0 0.25882 -0.96593 0 0.25882 0.96593 -0 -0.70711 0.70711 -0 0.25882 -0.96593 0 0.70711 -0.70711 0 0.96593 -0.25882 0 0.96593 0.25882 -0 0.70711 0.70711 -0 0.25882 0.96593 -0 -0.25882 0.96593 -0 -0.70711 0.70711 -0 -0.96593 0.25882 -0 -0.96593 -0.25881 0 -0.70711 -0.70711 0 -0.25882 -0.96593 0 0.96593 -0.25882 0 0.96593 0.25882 -0 -0.96593 0.25881 -0 -0.96593 -0.25882 0 0.70711 -0.70711 0 0.70711 -0.70711 0 0.70711 0.70711 -0 0.25882 0.96593 -0 -0.25882 0.96593 -0 -0.70711 0.70711 -0 -0.70711 -0.70711 0 0.25882 -0.96593 0 0.70711 -0.7071 0 0.96593 -0.25881 0 0.96593 0.25881 -0 0.70711 0.7071 -0 0.25882 0.96593 -0 -0.25882 0.96593 -0 -0.7071 0.70711 -0 -0.96593 0.25881 -0 -0.96593 -0.25881 0 -0.7071 -0.70711 0 -0.25882 -0.96593 0 0.70711 -0.70711 0 0.70711 0.70711 -0 -0.70711 0.70711 -0 -0.70711 -0.70711 0 0.25882 -0.96592 0 0.70711 -0.70711 0 0.25882 0.96592 -0 -0.70711 -0.70711 0 -0.25882 -0.96593 0 -0.70711 0.7071 -0 -0.70711 -0.7071 0 -0.07809 -0.99695 0 0.90243 0.43085 -0 -0.82434 0.5661 -0 -0.87899 -0.47683 0 -0.86591 -0.49993 0.01641 -0.77707 0.59964 0.19128 -0.6084 0.77898 0.1518 -0.74315 0.66913 -0 -0.46961 0.88287 -0 -0.40639 0.91277 0.04127 -0.27955 0.96013 0.00116 -0.18672 0.98241 -0.00044 0 0.99987 0.01641 0.02655 0.99965 -0 0.90783 0.37315 0.19131 0.97881 0.1374 0.15181 0.95106 0.30902 -0 0.9994 -0.03474 -0 0.99367 -0.10444 0.04127 0.97127 -0.23797 0.00116 0.94415 -0.32951 -0.00044 0.86591 -0.49993 0.01641 0.85245 -0.52281 0 -0.13076 -0.97278 0.1913 -0.75743 -0.65291 -0.00045 -0.69173 -0.72216 0.00116 -0.58728 -0.80833 0.04127 -0.52978 -0.84813 0 -0.20791 -0.97815 0 -0.37041 -0.91638 0.1518 -0.22641 -0.97322 0.03975 0.20791 -0.97815 0 0.58779 -0.80902 0 0.95604 0.29053 0.03975 0.74314 0.66913 -0 0.40674 0.91355 -0 -0.72963 0.68269 0.03975 -0.95106 0.30902 -0 -0.99452 -0.10453 0 -0.70711 -0.70711 0 -0.70711 0.70711 -0 -0.96593 -0.25882 0 0.25882 -0.96593 0 0.25882 0.96593 -0 -0.96593 0.25882 -0 -0.25882 0.96593 -0 0.96593 0.25882 -0 0.96593 -0.25882 0 -0.25882 -0.96593 0 -0.90631 -0.42262 0 -0.42262 0.90631 -0 0.90631 0.42262 -0 0.42262 -0.90631 0 0.25882 -0.96593 0 0.96593 -0.25881 0 0.96593 0.25881 -0 0.70711 0.70711 -0 0.25882 0.96593 -0 -0.25882 0.96593 -0 -0.70711 0.7071 -0 -0.96593 0.25882 -0 -0.96593 -0.25882 0 -0.70711 -0.7071 0 -0.25882 -0.96593 0 -0.90631 -0.42262 0 -0.42262 0.90631 -0 0.90631 0.42262 -0 -0.90631 -0.42262 0 0.90631 0.42262 -0 0.25882 -0.96593 0 0.70711 -0.70711 0 0.96593 -0.25882 0 0.96593 0.25882 -0 0.25882 0.96593 -0 -0.25882 0.96593 -0 -0.70711 0.70711 -0 -0.96593 0.25882 -0 -0.96593 -0.25882 0 -0.70711 -0.70711 0 -0.25882 -0.96593 0 -0.99952 -0.03098 0 -0.87408 -0.48578 0 -0.55404 -0.83249 0 -0.11069 -0.99386 0 0.3573 -0.93399 0 0.74577 -0.66621 0 0.03098 -0.99952 0 0.48581 -0.87407 0 0.83248 -0.55406 0 0.99385 -0.1107 0 0.93398 0.35733 -0 0.66621 0.74577 -0 0.99952 0.03098 -0 0.87407 0.48581 -0 0.55404 0.83249 -0 0.11069 0.99385 -0 -0.35731 0.93398 -0 -0.74576 0.66621 -0 -0.03097 0.99952 -0 -0.48581 0.87407 -0 -0.83248 0.55406 -0 -0.99386 0.11067 -0 -0.93399 -0.3573 0 -0.66621 -0.74577 0 0.03098 -0.99952 0 0.48581 -0.87407 0 0.83249 -0.55404 0 0.99385 -0.1107 0 0.93398 0.35731 -0 0.99952 0.03098 -0 0.87407 0.48579 -0 0.55404 0.83249 -0 0.11069 0.99385 -0 -0.35731 0.93399 -0 -0.74576 0.66621 -0 -0.03097 0.99952 -0 -0.4858 0.87407 -0 -0.83249 0.55404 -0 -0.99386 0.11068 -0 -0.66621 -0.74577 0 -0.99952 -0.03097 0 -0.87407 -0.48581 0 -0.55405 -0.83248 0 -0.11069 -0.99386 0 0.35731 -0.93399 0 0.74577 -0.6662 0 -0.99952 -0.03097 0 -0.87407 -0.48581 0 -0.55405 -0.83248 0 -0.11069 -0.99386 0 0.74576 -0.66621 0 0.03098 -0.99952 0 0.4858 -0.87407 0 0.83249 -0.55404 0 0.66621 0.74577 -0 0.55405 0.83248 -0 0.11069 0.99386 -0 -0.35731 0.93399 -0 -0.74576 0.66621 -0 -0.03098 0.99952 -0 -0.48581 0.87407 -0 -0.83248 0.55406 -0 -0.99385 0.1107 -0 -0.93398 -0.35733 0 -0.66621 -0.74577 0 -0.91049 -0.41354 0 -0.75598 -0.6546 0 -0.75598 -0.6546 0 -0.75598 -0.6546 0 -0.75598 -0.6546 0 -0.75598 -0.6546 0 -0.75598 -0.6546 0 -0.75598 -0.6546 0 0.94488 -0.3274 0 0.94489 -0.3274 0 0.94489 -0.3274 0 0.94489 -0.3274 0 0.94489 -0.3274 0 0.94489 -0.3274 -0 0.94489 -0.3274 -0 0.64279 0.76604 -0 0.64279 0.76604 -0 0.64279 0.76604 0 0.64279 0.76604 -0 0.64279 0.76604 -0 0.64279 0.76604 -0 -0.42262 0.90631 -0 -0.42262 0.90631 -0 -0.42262 0.90631 -0 -0.42262 0.90631 -0 -0.42262 0.90631 0 -0.42262 0.90631 0 -0.42262 0.90631 0 0.98164 -0.19074 0 0.97543 -0.21989 0.01344 0.96461 -0.26369 0 0.93176 -0.36309 0 -0.64279 -0.76604 0 -0.64279 -0.76604 -0 -0.64279 -0.76604 -0 -0.64279 -0.76604 0 0.42262 -0.90631 0 0.42262 -0.90631 -0 0.42262 -0.90631 0 0.42262 -0.90631 -0 0.42262 -0.90631 -0 0.42262 -0.90631 -0 0.42262 -0.90631 -0 0.42262 -0.90631 -0 0.42262 -0.90631 -0 0.42262 -0.90631 0 -0.94489 0.3274 -0 -0.94489 0.3274 -0 -0.94489 0.3274 -0 -0.94489 0.3274 -0 -0.94489 0.3274 0 -0.9344 0.35622 -0 0.75598 0.6546 -0 0.9623 0.27199 -0 0.99893 -0.04628 0 -0.79497 0.60665 -0 -0.56233 0.82691 -0 -0.27199 0.9623 -0 0.04628 0.99893 -0 -0.60665 -0.79497 0 -0.82691 -0.56233 0 -0.9623 -0.27199 0 -0.99893 0.04627 -0 0.79497 -0.60665 0 0.56234 -0.82691 0 0.60665 0.79497 -0 0.82691 0.56233 -0 0.27198 -0.9623 0 -0.04628 -0.99893 0 -0.9623 -0.27199 0 -0.99893 0.04627 -0 0.79497 -0.60665 0 0.56234 -0.82691 0 0.60665 0.79497 -0 0.82691 0.56234 -0 0.9623 0.27199 -0 0.99893 -0.04628 0 -0.56233 0.82691 -0 -0.27198 0.9623 -0 0.04628 0.99893 -0 -0.60665 -0.79497 0 -0.82691 -0.56233 0 0.27199 -0.9623 0 -0.04628 -0.99893 0 0.82691 0.56234 -0 0.9623 0.27199 -0 0.99893 -0.04628 0 -0.79497 0.60665 -0 -0.60665 -0.79497 0 -0.82691 -0.56233 0 -0.99893 0.04627 -0 0.79497 -0.60665 0 0.56234 -0.82691 0 0.27199 -0.9623 0 -0.04628 -0.99893 0 0.93625 -0.35134 0 0.7085 -0.70571 0 0.35502 -0.93486 0 -0.06145 -0.99811 0 -0.46702 -0.88425 0 -0.24192 0.9703 -0 -0.66913 0.74314 -0 -0.93969 0.34202 -0 -0.99027 -0.13917 0 -0.80902 -0.58778 0 0.2495 0.96838 -0 0.68637 0.72725 -0 0.95234 0.30504 -0 0.98117 -0.19312 0 0.67059 0.74183 -0 0.99799 -0.0634 0 0.88039 -0.47425 0 0.60201 -0.79849 0 0.21368 -0.9769 0 -0.22353 -0.9747 0 -0.62592 -0.77988 0 -0.90321 -0.4292 0 -0.99997 0.00727 0 -0.89687 0.44229 -0 -0.61451 0.78891 -0 0.48735 0.87321 -0 0.13053 0.99144 -0 -0.24474 0.96959 -0 -0.20475 0.97881 -0 -0.57992 0.81468 -0 -0.85783 0.51393 -0 -0.87924 0.47638 -0 -0.60124 0.79907 -0 -0.21418 0.97679 -0 0.21173 0.97733 -0 0.59923 0.80057 -0 0.88458 0.46639 -0 0.9996 0.02832 -0 0.90956 -0.41557 0 0.63293 -0.77421 0 0.22646 -0.97402 0 -0.2495 -0.96838 0 -0.68637 -0.72725 0 -0.95234 -0.30504 0 -0.98117 0.19313 -0 -0.98117 -0.19313 0 -0.95234 0.30504 -0 -0.68637 0.72725 -0 -0.2495 0.96838 -0 0.2358 0.9718 -0 0.65496 0.75567 -0 0.92845 0.37146 -0 0.99544 -0.09536 0 0.82795 -0.5608 0 0.43663 -0.89964 0 -0.07169 -0.99743 0 -0.5608 -0.82795 0 -0.84731 -0.5311 0 -0.99506 0.09932 -0 -0.93281 -0.36036 0 -0.66985 -0.74249 0 -0.26275 -0.96486 0 0.20089 -0.97961 0 0.61451 -0.78891 0 0.89687 -0.44229 0 0.99997 -0.00727 -0 0.90321 0.4292 -0 0.62592 0.77988 -0 0.22353 0.9747 -0 0.25882 0.96593 -0 0.70711 0.7071 -0 0.96592 0.25883 -0 0.96592 -0.25883 0 0.70711 -0.7071 0 0.25882 -0.96593 0 -0.25882 -0.96593 0 -0.70711 -0.7071 0 -0.96592 -0.25883 0 -0.96592 0.25883 -0 -0.70711 0.7071 -0 -0.25881 0.96593 -0 0.25882 0.96593 -0 0.70711 0.70711 -0 0.96593 0.25882 -0 0.96593 -0.25882 0 0.70711 -0.7071 0 0.25882 -0.96593 0 -0.25882 -0.96593 0 -0.70711 -0.7071 0 -0.96593 -0.25882 0 -0.96593 0.25882 -0 -0.70711 0.70711 -0 -0.25882 0.96593 -0 0.39094 0.92042 -0 0.38755 0.92185 0.00037 0.72464 0.68913 -0.00038 0.72039 0.69357 0.00025 0.93887 0.34427 -0.00025 0.9376 0.34772 0.00013 0.99836 -0.05733 -0.00012 0.99842 -0.05612 0 0.87467 -0.48471 0 0.87397 -0.48599 -0.00018 0.54495 -0.83847 0.00018 0.54125 -0.84086 -0.00035 0.08777 -0.99614 0.00035 0.08485 -0.99639 0 -0.90658 -0.42204 0 -0.90533 -0.4247 0.00035 -0.99861 0.05269 -0.00036 -0.99883 0.04831 0.00018 -0.8571 0.51515 -0.00018 -0.85786 0.51389 -0 -0.54885 0.83592 -0 -0.54783 0.83659 -0.00012 -0.17129 0.98522 0.00012 -0.16766 0.98585 -0.00025 0.2345 0.97212 0.00025 0.24046 0.97066 -0.00037 0.60164 0.79877 0.00037 0.60458 0.79655 -0 -0.8571 -0.51515 0 -0.85786 -0.51389 -0.00018 -0.99861 -0.05269 0.00018 -0.99883 -0.04831 -0.00035 -0.90658 0.42204 0.00035 -0.90533 0.4247 -0 0.60164 -0.79877 0 0.60458 -0.79655 0.00037 0.2345 -0.97212 -0.00038 0.24046 -0.97066 0.00025 -0.17129 -0.98522 -0.00025 -0.16766 -0.98585 0.00013 -0.54885 -0.83592 -0.00012 -0.54783 -0.83659 0 0.08777 0.99614 -0 0.08485 0.99639 0.00035 0.54495 0.83847 -0.00036 0.54125 0.84086 0.00018 0.87467 0.48471 -0.00018 0.87397 0.48599 -0 0.99836 0.05733 -0 0.99842 0.05612 -0.00012 0.93887 -0.34427 0.00012 0.9376 -0.34772 -0.00025 0.72464 -0.68913 0.00025 0.72039 -0.69357 -0.00037 0.39094 -0.92042 0.00037 0.38755 -0.92185 0 -0.99835 -0.05735 0 -0.99842 -0.05612 -0.00012 -0.93887 0.34427 0.00012 -0.9376 0.34772 -0.00025 -0.72463 0.68914 0.00025 -0.72039 0.69357 -0.00037 -0.39094 0.92042 0.00037 -0.38756 0.92185 -0 -0.08777 -0.99614 0 -0.08485 -0.99639 0.00035 -0.54495 -0.83847 -0.00036 -0.54126 -0.84086 0.00018 -0.87468 -0.4847 -0.00018 -0.87397 -0.48598 0 -0.44952 -0.89327 0 -0.76758 -0.64095 0 -0.95913 -0.28298 0 -0.99258 0.12163 -0 0.8188 -0.57408 0 0.82048 -0.57168 0.00036 0.45367 -0.89117 -0.00036 0.45757 -0.88917 0.00018 -0.01758 -0.99985 -0.00018 -0.01611 -0.99987 0 -0.01758 0.99985 -0 -0.01611 0.99987 -0.00018 0.45367 0.89117 0.00018 0.45757 0.88917 -0.00035 0.8188 0.57408 0.00035 0.82048 0.57168 -0 -0.99258 -0.12163 0 -0.95913 0.28298 -0 -0.76758 0.64095 -0 -0.44952 0.89327 -0 0.01758 -0.99985 0 0.01611 -0.99987 -0.00018 -0.45366 -0.89117 0.00018 -0.45758 -0.88917 -0.00035 -0.8188 -0.57408 0.00035 -0.82048 -0.57168 0 0.99257 0.12164 -0 0.95913 -0.28298 0 0.76758 -0.64095 0 0.44951 -0.89327 0 -0.8188 0.57408 -0 -0.82048 0.57168 0.00035 -0.45366 0.89117 -0.00036 -0.45758 0.88917 0.00018 0.01758 0.99985 -0.00018 0.01611 0.99987 -0 -0.87468 0.4847 -0 -0.87397 0.48598 -0.00018 -0.54495 0.83847 0.00018 -0.54126 0.84086 -0.00035 -0.08777 0.99614 0.00035 -0.08485 0.99639 -0 0.44951 0.89327 -0 0.76758 0.64095 -0 0.95913 0.28298 -0 0.99257 -0.12164 0 -0.60163 0.79878 -0 -0.60456 0.79656 0.00037 -0.2345 0.97212 -0.00038 -0.24045 0.97066 0.00025 0.17129 0.98522 -0.00025 0.16766 0.98584 0.00013 0.54884 0.83593 -0.00013 0.54782 0.8366 -0 0.8571 0.51514 -0 0.85786 0.51389 -0.00018 0.99861 0.05271 0.00018 0.99883 0.04831 -0.00035 0.90657 -0.42206 0.00035 0.90533 -0.42472 0 0.90657 0.42206 -0 0.90533 0.42472 0.00035 0.99861 -0.05271 -0.00036 0.99883 -0.04831 0.00018 0.8571 -0.51514 -0.00018 0.85786 -0.51389 0 0.54884 -0.83593 0 0.54782 -0.8366 -0.00012 0.17129 -0.98522 0.00012 0.16766 -0.98584 -0.00025 -0.2345 -0.97212 0.00025 -0.24045 -0.97066 -0.00037 -0.60163 -0.79878 0.00037 -0.60456 -0.79656 0 -0.39094 -0.92042 0 -0.38756 -0.92185 0.00037 -0.72463 -0.68914 -0.00038 -0.72039 -0.69357 0.00025 -0.93887 -0.34427 -0.00025 -0.9376 -0.34772 0.00013 -0.99835 0.05735 -0.00013 -0.99842 0.05612 -0 0.4734 0.4531 0.75538 0.06087 0.71484 0.69664 0.38852 0.60358 0.69624 0.38851 0.60357 0.69625 0.62734 0.34884 0.69625 0.62734 0.34884 0.69625 0.68301 0.18301 0.70711 0.68301 0.18301 0.70711 0.32735 -0.77865 0.5353 0.48181 -0.46388 0.74342 0.61581 -0.41968 0.66682 0.67208 -0.14352 0.72644 0.67001 -0.24848 0.69954 0.71347 0.0401 0.69954 0.71347 0.0401 0.69954 -0.20333 -0.62787 0.75129 0.43181 -0.56892 0.6999 0.17183 -0.69363 0.69954 0.17183 -0.69363 0.69954 -0.11981 -0.70448 0.69954 -0.11981 -0.70448 0.69954 -0.39148 -0.59782 0.69954 -0.39146 -0.59783 0.69954 -0.5 -0.5 0.70711 -0.5 -0.5 0.70711 -0.64948 0.30468 0.69667 -0.6291 -0.18343 0.75537 -0.71693 -0.03467 0.69628 -0.71696 -0.03469 0.69625 -0.61577 -0.36886 0.69625 -0.61577 -0.36887 0.69625 -0.6291 0.18343 0.75537 -0.64948 -0.30468 0.69667 -0.71693 0.03467 0.69628 -0.71696 0.03469 0.69625 -0.61577 0.36887 0.69625 -0.61577 0.36886 0.69625 -0.5 0.5 0.70711 -0.5 0.5 0.70711 -0.20333 0.62787 0.75129 0.37717 0.49694 0.78154 0.28726 0.72304 0.62825 0.17183 0.69363 0.69954 -0.11981 0.70448 0.69954 -0.11981 0.70448 0.69954 -0.39147 0.59783 0.69954 -0.39148 0.59782 0.69954 0.71347 -0.0401 0.69954 0.32735 0.77865 0.5353 0.48181 0.46388 0.74342 0.61581 0.41968 0.66682 0.67208 0.14352 0.72644 0.67001 0.24848 0.69954 0.71347 -0.0401 0.69954 0.68301 -0.18301 0.70711 0.68301 -0.18301 0.70711 0.06087 -0.71484 0.69664 0.4734 -0.4531 0.75538 0.38852 -0.60358 0.69624 0.38851 -0.60357 0.69625 0.62734 -0.34884 0.69625 0.62734 -0.34884 0.69625 0.15568 -0.63653 0.75538 0.58863 -0.41014 0.69663 0.32845 -0.63825 0.69624 0.32845 -0.63825 0.69625 -0.01156 -0.71771 0.69625 -0.01156 -0.71771 0.69625 -0.18301 -0.68301 0.70711 -0.18301 -0.68301 0.70711 -0.7092 0.08691 0.69963 -0.7092 0.08691 0.69963 -0.6853 -0.20219 0.69963 -0.54844 -0.45796 0.69963 -0.54844 -0.45796 0.69963 -0.32118 -0.63825 0.69963 -0.32118 -0.63825 0.69963 -0.02669 0.90331 0.42816 -0.0836 0.54945 0.83133 -0.12929 0.69582 0.70649 -0.20856 0.67623 0.70655 -0.20458 0.67225 0.7115 -0.29458 0.652 0.69865 -0.28649 0.64761 0.70606 -0.38368 0.59528 0.70599 -0.43696 0.61403 0.6573 -0.45454 0.54215 0.70673 -0.53069 0.47009 0.70525 -0.56341 0.47642 0.67498 -0.58379 0.39915 0.70701 -0.63873 0.30976 0.70432 -0.63873 0.30976 0.70432 0.58863 0.41014 0.69663 0.15568 0.63653 0.75538 0.32845 0.63825 0.69624 0.32845 0.63825 0.69625 -0.01156 0.71771 0.69625 -0.01156 0.71771 0.69625 -0.18301 0.68301 0.70711 -0.18301 0.68301 0.70711 -0.32118 0.63825 0.69963 -0.32118 0.63825 0.69963 -0.54844 0.45796 0.69963 -0.54844 0.45797 0.69963 -0.6853 0.20219 0.69963 -0.7092 -0.08691 0.69963 -0.7092 -0.08691 0.69963 -0.02681 -0.90743 0.41935 -0.08485 -0.54668 0.83303 -0.13308 -0.69704 0.70458 -0.63893 -0.30927 0.70436 -0.63893 -0.30927 0.70436 -0.54306 -0.45713 0.70436 -0.55939 -0.49402 0.66561 -0.58409 -0.39872 0.70701 -0.20651 -0.67522 0.70811 -0.20926 -0.67135 0.71099 -0.29063 -0.65302 0.69935 -0.29295 -0.64455 0.70621 -0.41373 -0.57681 0.70436 -0.42638 -0.65829 0.62036 -0.45536 -0.54149 0.70671 -0.47341 -0.45309 0.75538 -0.06087 -0.71483 0.69664 -0.38852 -0.60357 0.69625 -0.38852 -0.60357 0.69625 -0.62734 -0.34884 0.69625 -0.62734 -0.34884 0.69625 -0.68301 -0.18301 0.70711 -0.68301 -0.18301 0.70711 -0.32735 0.77865 0.5353 -0.48181 0.46388 0.74342 -0.61581 0.41968 0.66682 -0.67208 0.14354 0.72644 -0.67 0.24848 0.69954 -0.71347 -0.04011 0.69954 -0.71347 -0.04011 0.69954 0.20333 0.62787 0.75129 -0.4318 0.56893 0.6999 -0.17183 0.69363 0.69954 -0.17183 0.69363 0.69954 0.11981 0.70448 0.69954 0.11981 0.70448 0.69954 0.39147 0.59783 0.69954 0.39147 0.59783 0.69954 0.5 0.5 0.70711 0.5 0.5 0.70711 0.60715 -0.28483 0.74178 0.74501 -0.05325 0.66492 0.64149 0.18705 0.74398 0.71696 0.03468 0.69625 0.61577 0.36887 0.69625 0.61577 0.36887 0.69625 -0.55025 -0.38339 0.74178 -0.41862 -0.61857 0.66492 -0.15875 -0.64907 0.74398 -0.32845 -0.63825 0.69625 0.01156 -0.71771 0.69625 0.18301 -0.68301 0.70711 0.18301 -0.68301 0.70711 0.32118 -0.63825 0.69963 0.32118 -0.63825 0.69963 0.54844 -0.45796 0.69963 0.54844 -0.45796 0.69963 0.6853 -0.20219 0.69963 0.6853 -0.20219 0.69963 0.7092 0.08691 0.69963 0.7092 0.08691 0.69963 0.02669 0.90331 0.42816 0.0836 0.54945 0.83133 0.12929 0.69582 0.70649 0.63873 0.30976 0.70432 0.63873 0.30976 0.70432 0.54206 0.45836 0.70432 0.55796 0.49424 0.66664 0.58379 0.39915 0.70701 0.2032 0.67771 0.70669 0.20718 0.67175 0.71122 0.28906 0.65342 0.69963 0.29149 0.64516 0.70627 0.41159 0.57838 0.70432 0.42385 0.6576 0.62282 0.45453 0.54215 0.70673 -0.15569 0.63653 0.75538 -0.58863 0.41014 0.69664 -0.32845 0.63825 0.69625 -0.32845 0.63825 0.69625 0.01156 0.71771 0.69625 0.18301 0.68301 0.70711 0.18301 0.68301 0.70711 0.7092 -0.08691 0.69963 0.7092 -0.08691 0.69963 0.6853 0.20219 0.69963 0.6853 0.20219 0.69963 0.54844 0.45796 0.69963 0.54844 0.45796 0.69963 0.32118 0.63825 0.69963 0.32118 0.63825 0.69963 0.02669 -0.90331 0.42816 0.0836 -0.54945 0.83133 0.12929 -0.69582 0.70649 0.20856 -0.67623 0.70655 0.20458 -0.67225 0.7115 0.29458 -0.652 0.69866 0.28649 -0.64761 0.70606 0.38368 -0.59528 0.706 0.43696 -0.61403 0.6573 0.45453 -0.54215 0.70673 0.53069 -0.47009 0.70525 0.56341 -0.47642 0.67498 0.58379 -0.39915 0.70701 0.63873 -0.30976 0.70432 0.63873 -0.30976 0.70432 -0.71347 0.04011 0.69954 -0.32735 -0.77865 0.5353 -0.48181 -0.46388 0.74342 -0.61581 -0.41968 0.66682 -0.67208 -0.14354 0.72644 -0.67 -0.24848 0.69954 -0.71347 0.04011 0.69954 -0.68301 0.18301 0.70711 -0.68301 0.18301 0.70711 -0.0569 0.66822 0.74178 -0.32639 0.67182 0.66492 -0.48274 0.46202 0.74398 -0.38852 0.60357 0.69625 -0.62734 0.34884 0.69625 -0.62734 0.34884 0.69625 0.62909 -0.18343 0.75538 0.6495 0.3047 0.69664 0.71696 -0.03468 0.69625 0.71696 -0.03468 0.69625 0.61577 -0.36887 0.69625 0.61577 -0.36887 0.69625 0.5 -0.5 0.70711 0.5 -0.5 0.70711 0.20333 -0.62787 0.75129 -0.37715 -0.49692 0.78156 -0.28724 -0.72303 0.62826 -0.17183 -0.69363 0.69954 0.11981 -0.70448 0.69954 0.11981 -0.70448 0.69954 0.39147 -0.59783 0.69954 0.39147 -0.59783 0.69954</float_array>
          <technique_common>
            <accessor source="#norm_0-array" count="10074" stride="3">
              <param name="X" type="float"/>
              <param name="Y" type="float"/>
              <param name="Z" type="float"/>
            </accessor>
          </technique_common>
        </source>
        <source id="uvs_0">
          <float_array id="uvs_0-array" count="0"></float_array>
          <technique_common>
            <accessor source="#uvs_0-array" count="0" stride="2">
              <param name="S" type="float"/>
              <param name="T" type="float"/>
            </accessor>
          </technique_common>
        </source>
        <vertices id="vert_0">
          <input semantic="POSITION" source="#pos_0"/>
        </vertices>
        <triangles count="10158" material="mat_0">
          <input semantic="VERTEX" source="#vert_0" offset="0"/>
          <input semantic="NORMAL" source="#norm_0" offset="1"/>
          <p>0 0 1 0 2 0 2 0 1 0 3 0 4 0 5 0 3 0 3 0 5 0 6 0 7 0 2 0 8 0 8 0 2 0 3 0 8 0 3 0 9 0 9 0 3 0 6 0 10 1 11 1 12 1 12 1 11 1 13 1 14 1 15 1 13 1 13 1 15 1 16 1 17 1 12 1 18 1 18 1 12 1 13 1 18 1 13 1 19 1 19 1 13 1 16 1 20 2 21 2 22 2 22 2 23 2 20 2 20 2 23 2 24 2 20 2 24 2 25 2 21 2 20 2 26 2 26 2 20 2 27 2 26 2 27 2 28 2 28 2 27 2 29 2 28 2 29 2 8 2 8 2 29 2 30 2 8 2 30 2 7 2 7 2 30 2 31 2 7 2 31 2 32 2 33 2 34 2 35 2 35 2 34 2 36 2 36 2 34 2 37 2 36 2 37 2 38 2 38 2 37 2 39 2 38 2 39 2 40 2 40 2 39 2 41 2 40 2 41 2 42 2 25 2 24 2 43 2 43 2 24 2 44 2 43 2 44 2 45 2 45 2 44 2 46 2 45 2 46 2 47 2 47 2 46 2 48 2 47 2 48 2 49 2 49 2 48 2 50 2 49 2 50 2 51 2 51 2 50 2 52 2 51 2 52 2 53 2 53 2 52 2 54 2 53 2 54 2 41 2 41 2 54 2 55 2 41 2 55 2 42 2 35 2 56 2 33 2 33 2 56 2 57 2 33 2 57 2 58 2 58 2 57 2 59 2 58 2 59 2 31 2 31 2 59 2 60 2 31 2 60 2 32 2 61 2 62 2 63 2 63 2 62 2 64 2 63 2 64 2 65 2 65 2 64 2 66 2 65 2 66 2 67 2 67 2 66 2 68 2 67 2 68 2 69 2 69 2 68 2 70 2 69 2 70 2 71 2 72 2 73 2 74 2 74 2 73 2 75 2 75 2 73 2 76 2 75 2 76 2 77 2 77 2 76 2 78 2 77 2 78 2 79 2 79 2 78 2 80 2 79 2 80 2 81 2 81 2 80 2 82 2 81 2 82 2 83 2 83 2 82 2 84 2 83 2 84 2 70 2 70 2 84 2 85 2 70 2 85 2 71 2 74 2 86 2 72 2 72 2 86 2 87 2 72 2 87 2 88 2 88 2 87 2 89 2 61 2 90 2 62 2 62 2 90 2 91 2 62 2 91 2 92 2 92 2 91 2 93 2 92 2 93 2 94 2 93 2 95 2 94 2 94 2 95 2 17 2 94 2 17 2 96 2 96 2 17 2 18 2 96 2 18 2 97 2 97 2 18 2 98 2 97 2 98 2 99 2 99 2 98 2 100 2 99 2 100 2 87 2 87 2 100 2 101 2 87 2 101 2 89 2 102 3 103 3 104 3 105 4 106 4 107 4 107 5 106 5 108 5 102 6 104 6 109 6 108 7 110 7 107 7 107 8 110 8 111 8 107 6 111 6 102 6 102 9 111 9 112 9 102 10 112 10 103 10 104 11 113 11 109 11 109 3 113 3 114 3 109 6 114 6 115 6 115 4 114 4 116 4 115 4 116 4 117 4 117 6 116 6 118 6 117 6 118 6 119 6 119 4 118 4 120 4 119 4 120 4 121 4 121 12 120 12 122 12 122 6 120 6 123 6 122 13 123 13 105 13 105 5 123 5 124 5 105 7 124 7 106 7 125 14 126 14 127 14 127 14 126 14 128 14 127 14 128 14 4 14 4 14 128 14 129 14 130 14 4 14 131 14 131 14 4 14 3 14 132 14 133 14 127 14 127 14 133 14 134 14 127 14 134 14 135 14 130 14 136 14 4 14 4 14 136 14 137 14 4 14 137 14 127 14 127 14 137 14 138 14 127 14 138 14 132 14 139 2 140 2 141 2 141 2 140 2 142 2 143 2 144 2 145 2 145 2 144 2 141 2 145 2 141 2 146 2 147 2 148 2 149 2 149 2 148 2 150 2 149 2 150 2 142 2 142 2 150 2 128 2 142 2 128 2 141 2 141 2 128 2 126 2 141 2 126 2 146 2 151 15 152 15 140 15 140 15 152 15 153 15 140 15 153 15 109 15 154 15 155 15 156 15 156 15 157 15 154 15 154 15 157 15 158 15 154 15 158 15 159 15 159 15 158 15 160 15 159 15 160 15 139 15 139 15 160 15 161 15 139 15 161 15 162 15 162 15 163 15 139 15 139 15 163 15 164 15 139 15 164 15 140 15 140 15 164 15 165 15 140 15 165 15 151 15 166 15 167 15 168 15 168 15 167 15 102 15 168 15 102 15 0 15 0 15 102 15 109 15 0 15 109 15 1 15 1 15 109 15 153 15 169 11 170 11 171 11 172 3 173 3 174 3 175 5 154 5 176 5 176 6 154 6 159 6 174 6 173 6 177 6 171 6 170 6 159 6 159 16 170 16 178 16 159 7 178 7 176 7 173 11 179 11 177 11 177 3 179 3 180 3 177 11 180 11 181 11 181 7 180 7 182 7 181 17 182 17 183 17 183 13 182 13 184 13 183 4 184 4 185 4 185 4 184 4 169 4 185 13 169 13 186 13 186 13 169 13 171 13 175 7 187 7 154 7 154 8 187 8 188 8 154 11 188 11 174 11 174 18 188 18 189 18 174 10 189 10 172 10 190 14 191 14 192 14 190 14 192 14 193 14 194 14 195 14 196 14 196 14 195 14 197 14 196 14 197 14 177 14 177 14 197 14 11 14 177 14 11 14 174 14 198 14 199 14 200 14 200 14 199 14 201 14 200 14 201 14 107 14 107 14 201 14 193 14 107 14 193 14 105 14 105 14 193 14 192 14 191 14 202 14 192 14 192 14 202 14 203 14 192 14 203 14 196 14 196 14 203 14 204 14 196 14 204 14 194 14 205 14 206 14 207 14 207 14 206 14 174 14 207 14 174 14 10 14 10 14 174 14 11 14 208 2 209 2 210 2 192 2 196 2 209 2 209 2 196 2 211 2 209 2 211 2 210 2 210 2 211 2 212 2 213 2 214 2 215 2 215 2 214 2 212 2 215 2 212 2 216 2 216 2 212 2 211 2 217 2 218 2 210 2 210 2 218 2 219 2 210 2 219 2 208 2 210 15 212 15 220 15 220 15 14 15 210 15 210 15 14 15 221 15 210 15 221 15 222 15 223 15 14 15 224 15 224 15 14 15 13 15 225 15 226 15 221 15 221 15 226 15 227 15 221 15 227 15 228 15 223 15 229 15 14 15 14 15 229 15 230 15 14 15 230 15 221 15 221 15 230 15 231 15 221 15 231 15 225 15 138 19 137 19 164 19 164 19 137 19 165 19 204 19 203 19 230 19 230 19 203 19 231 19 193 0 201 0 228 0 228 0 201 0 232 0 233 0 234 0 228 0 228 0 234 0 235 0 228 0 235 0 221 0 232 0 56 0 228 0 228 0 56 0 35 0 228 0 35 0 233 0 160 1 158 1 135 1 135 1 158 1 236 1 237 1 238 1 135 1 135 1 238 1 239 1 135 1 239 1 127 1 236 1 61 1 135 1 135 1 61 1 63 1 135 1 63 1 237 1 44 20 115 20 117 20 44 20 117 20 46 20 46 21 117 21 119 21 46 22 119 22 48 22 48 23 119 23 121 23 48 24 121 24 50 24 50 25 121 25 122 25 50 25 122 25 52 25 192 26 209 26 105 26 105 26 209 26 240 26 241 27 242 27 105 27 105 28 242 28 243 28 105 29 243 29 244 29 52 30 122 30 54 30 54 31 122 31 105 31 54 32 105 32 245 32 240 33 246 33 105 33 105 34 246 34 247 34 105 35 247 35 241 35 244 36 248 36 105 36 105 37 248 37 249 37 105 38 249 38 245 38 109 39 250 39 251 39 115 40 44 40 109 40 109 41 44 41 24 41 109 42 24 42 250 42 251 43 252 43 109 43 109 44 252 44 253 44 109 45 253 45 254 45 142 46 140 46 255 46 255 46 140 46 109 46 255 47 109 47 256 47 256 48 109 48 254 48 257 49 258 49 111 49 111 50 258 50 259 50 111 51 259 51 112 51 112 52 259 52 260 52 112 53 260 53 103 53 103 53 260 53 261 53 103 54 261 54 104 54 104 54 261 54 262 54 104 55 262 55 113 55 113 55 262 55 263 55 113 56 263 56 114 56 114 56 263 56 264 56 114 57 264 57 116 57 116 57 264 57 265 57 116 58 265 58 118 58 118 58 265 58 266 58 118 0 266 0 120 0 120 0 266 0 267 0 120 59 267 59 123 59 123 59 267 59 268 59 123 60 268 60 124 60 124 60 268 60 269 60 124 61 269 61 106 61 106 61 269 61 270 61 106 62 270 62 108 62 108 62 270 62 271 62 108 63 271 63 110 63 110 63 271 63 257 63 110 49 257 49 111 49 73 64 181 64 183 64 73 64 183 64 76 64 76 65 183 65 185 65 76 66 185 66 78 66 78 67 185 67 186 67 78 68 186 68 80 68 80 69 186 69 171 69 80 69 171 69 82 69 139 70 141 70 159 70 159 70 141 70 272 70 273 71 274 71 159 71 159 72 274 72 275 72 159 73 275 73 276 73 82 74 171 74 84 74 84 75 171 75 159 75 84 76 159 76 277 76 272 77 278 77 159 77 159 78 278 78 279 78 159 79 279 79 273 79 276 80 280 80 159 80 159 81 280 81 281 81 159 82 281 82 277 82 177 83 282 83 283 83 181 84 73 84 177 84 177 85 73 85 72 85 177 86 72 86 282 86 283 87 284 87 177 87 177 88 284 88 285 88 177 89 285 89 286 89 211 90 196 90 287 90 287 90 196 90 177 90 287 91 177 91 288 91 288 92 177 92 286 92 289 49 290 49 184 49 184 93 290 93 291 93 184 94 291 94 169 94 169 95 291 95 292 95 169 53 292 53 170 53 170 53 292 53 293 53 170 54 293 54 178 54 178 54 293 54 294 54 178 55 294 55 176 55 176 55 294 55 295 55 176 56 295 56 175 56 175 56 295 56 296 56 175 57 296 57 187 57 187 57 296 57 297 57 187 58 297 58 188 58 188 58 297 58 298 58 188 0 298 0 189 0 189 0 298 0 299 0 189 59 299 59 172 59 172 59 299 59 300 59 172 60 300 60 173 60 173 60 300 60 301 60 173 61 301 61 179 61 179 61 301 61 302 61 179 62 302 62 180 62 180 62 302 62 303 62 180 63 303 63 182 63 182 63 303 63 289 63 182 49 289 49 184 49 262 2 304 2 263 2 263 2 304 2 305 2 263 2 305 2 264 2 264 2 305 2 306 2 264 2 306 2 265 2 265 2 306 2 307 2 265 2 307 2 266 2 266 2 307 2 308 2 266 2 308 2 267 2 308 2 309 2 267 2 267 2 309 2 310 2 267 2 310 2 268 2 268 2 310 2 311 2 268 2 311 2 269 2 311 2 312 2 269 2 269 2 312 2 313 2 269 2 313 2 270 2 270 2 313 2 314 2 270 2 314 2 271 2 271 2 314 2 315 2 271 2 315 2 257 2 257 2 315 2 316 2 257 2 316 2 258 2 258 2 316 2 317 2 258 2 317 2 259 2 259 2 317 2 318 2 259 2 318 2 260 2 260 2 318 2 319 2 260 2 319 2 261 2 261 2 319 2 320 2 261 2 320 2 262 2 262 2 320 2 321 2 262 2 321 2 304 2 309 96 47 96 310 96 310 96 47 96 49 96 310 97 49 97 311 97 311 97 49 97 51 97 311 98 51 98 312 98 312 98 51 98 53 98 312 99 53 99 313 99 313 99 53 99 41 99 313 15 41 15 314 15 314 15 41 15 39 15 314 100 39 100 315 100 315 100 39 100 37 100 315 101 37 101 316 101 316 101 37 101 34 101 316 102 34 102 317 102 317 102 34 102 33 102 317 103 33 103 318 103 318 103 33 103 58 103 318 104 58 104 319 104 319 104 58 104 31 104 319 105 31 105 320 105 320 105 31 105 30 105 320 106 30 106 321 106 321 106 30 106 29 106 321 107 29 107 304 107 304 107 29 107 27 107 304 14 27 14 305 14 305 14 27 14 20 14 305 108 20 108 306 108 306 108 20 108 25 108 306 109 25 109 307 109 307 109 25 109 43 109 307 110 43 110 308 110 308 110 43 110 45 110 308 111 45 111 309 111 309 111 45 111 47 111 294 2 322 2 295 2 295 2 322 2 323 2 295 2 323 2 296 2 296 2 323 2 324 2 296 2 324 2 297 2 297 2 324 2 325 2 297 2 325 2 298 2 298 2 325 2 326 2 298 2 326 2 299 2 326 2 327 2 299 2 299 2 327 2 328 2 299 2 328 2 300 2 300 2 328 2 329 2 300 2 329 2 301 2 329 2 330 2 301 2 301 2 330 2 331 2 301 2 331 2 302 2 302 2 331 2 332 2 302 2 332 2 303 2 303 2 332 2 333 2 303 2 333 2 289 2 289 2 333 2 334 2 289 2 334 2 290 2 290 2 334 2 335 2 290 2 335 2 291 2 291 2 335 2 336 2 291 2 336 2 292 2 292 2 336 2 337 2 292 2 337 2 293 2 293 2 337 2 338 2 293 2 338 2 294 2 294 2 338 2 339 2 294 2 339 2 322 2 327 112 92 112 328 112 328 112 92 112 94 112 328 113 94 113 329 113 329 113 94 113 96 113 329 98 96 98 330 98 330 98 96 98 97 98 330 99 97 99 331 99 331 99 97 99 99 99 331 15 99 15 332 15 332 15 99 15 87 15 332 100 87 100 333 100 333 100 87 100 86 100 333 101 86 101 334 101 334 101 86 101 74 101 334 114 74 114 335 114 335 114 74 114 75 114 335 115 75 115 336 115 336 115 75 115 77 115 336 116 77 116 337 116 337 116 77 116 79 116 337 117 79 117 338 117 338 117 79 117 81 117 338 106 81 106 339 106 339 106 81 106 83 106 339 107 83 107 322 107 322 107 83 107 70 107 322 14 70 14 323 14 323 14 70 14 68 14 323 108 68 108 324 108 324 108 68 108 66 108 324 109 66 109 325 109 325 109 66 109 64 109 325 118 64 118 326 118 326 118 64 118 62 118 326 119 62 119 327 119 327 119 62 119 92 119 240 120 209 120 340 120 340 121 209 121 208 121 341 122 342 122 219 122 219 123 342 123 343 123 219 124 343 124 208 124 208 125 343 125 344 125 208 126 344 126 340 126 341 127 219 127 345 127 345 128 219 128 218 128 345 129 218 129 346 129 346 130 218 130 347 130 347 131 218 131 217 131 347 132 217 132 348 132 348 133 217 133 349 133 349 134 217 134 210 134 349 135 210 135 222 135 220 136 212 136 350 136 350 137 212 137 214 137 213 138 351 138 214 138 214 139 351 139 352 139 214 140 352 140 350 140 353 141 354 141 215 141 215 142 354 142 355 142 215 143 355 143 213 143 213 144 355 144 356 144 213 145 356 145 351 145 353 146 215 146 357 146 357 147 215 147 216 147 357 148 216 148 358 148 358 149 216 149 359 149 359 150 216 150 211 150 359 151 211 151 287 151 272 152 141 152 360 152 360 153 141 153 144 153 143 154 361 154 144 154 144 155 361 155 362 155 144 156 362 156 360 156 363 157 364 157 145 157 145 158 364 158 365 158 145 159 365 159 143 159 143 160 365 160 366 160 143 161 366 161 361 161 363 162 145 162 367 162 367 163 145 163 146 163 367 164 146 164 368 164 368 165 146 165 369 165 369 166 146 166 126 166 369 167 126 167 125 167 129 168 128 168 370 168 370 169 128 169 150 169 371 170 372 170 148 170 148 171 372 171 373 171 148 172 373 172 150 172 150 173 373 173 374 173 150 174 374 174 370 174 371 175 148 175 375 175 375 176 148 176 147 176 375 177 147 177 376 177 376 178 147 178 377 178 377 179 147 179 149 179 377 180 149 180 378 180 378 181 149 181 379 181 379 182 149 182 142 182 379 183 142 183 255 183 236 184 158 184 380 184 380 185 158 185 157 185 156 186 381 186 157 186 157 187 381 187 382 187 157 188 382 188 380 188 206 189 205 189 383 189 383 190 384 190 206 190 206 191 384 191 385 191 206 192 385 192 386 192 386 193 387 193 155 193 155 194 387 194 388 194 155 195 388 195 156 195 156 196 388 196 389 196 156 197 389 197 381 197 207 198 10 198 12 198 12 199 390 199 207 199 207 200 390 200 391 200 207 201 391 201 205 201 205 202 391 202 392 202 205 203 392 203 383 203 386 204 155 204 206 204 206 205 155 205 154 205 206 206 154 206 174 206 232 207 201 207 393 207 393 208 201 208 199 208 198 209 394 209 199 209 199 210 394 210 395 210 199 211 395 211 393 211 167 212 166 212 396 212 396 213 397 213 167 213 167 214 397 214 398 214 167 215 398 215 399 215 399 216 400 216 200 216 200 217 400 217 401 217 200 218 401 218 198 218 198 219 401 219 402 219 198 220 402 220 394 220 168 221 0 221 2 221 2 222 403 222 168 222 168 223 403 223 404 223 168 224 404 224 166 224 166 225 404 225 405 225 166 226 405 226 396 226 399 227 200 227 167 227 167 228 200 228 107 228 167 229 107 229 102 229 204 230 230 230 194 230 194 230 230 230 229 230 194 231 229 231 195 231 195 231 229 231 223 231 195 232 223 232 197 232 197 232 223 232 224 232 197 233 224 233 11 233 11 233 224 233 13 233 193 234 228 234 190 234 190 234 228 234 227 234 190 235 227 235 191 235 191 235 227 235 226 235 191 236 226 236 202 236 202 236 226 236 225 236 202 237 225 237 203 237 203 237 225 237 231 237 138 230 164 230 132 230 132 230 164 230 163 230 132 231 163 231 133 231 133 231 163 231 162 231 133 232 162 232 134 232 134 232 162 232 161 232 134 233 161 233 135 233 135 233 161 233 160 233 3 234 1 234 131 234 131 234 1 234 153 234 131 235 153 235 130 235 130 235 153 235 152 235 130 236 152 236 136 236 136 236 152 236 151 236 136 237 151 237 137 237 137 237 151 237 165 237 406 238 98 238 19 238 19 239 98 239 18 239 406 240 19 240 407 240 407 241 19 241 16 241 407 242 16 242 408 242 408 243 16 243 409 243 409 244 16 244 15 244 409 245 15 245 410 245 410 246 15 246 14 246 410 247 14 247 220 247 408 248 409 248 411 248 284 249 412 249 285 249 283 250 282 250 413 250 412 251 414 251 285 251 285 252 414 252 415 252 285 253 415 253 286 253 98 254 406 254 100 254 100 255 406 255 416 255 100 256 416 256 101 256 101 257 416 257 417 257 101 258 417 258 89 258 89 258 417 258 418 258 89 259 418 259 88 259 88 260 418 260 419 260 88 261 419 261 72 261 406 262 407 262 416 262 416 263 407 263 420 263 416 264 420 264 417 264 417 265 420 265 421 265 417 266 421 266 418 266 418 267 421 267 422 267 418 268 422 268 419 268 419 269 422 269 423 269 407 270 408 270 420 270 420 271 408 271 411 271 420 272 411 272 421 272 421 273 411 273 424 273 421 274 424 274 422 274 422 275 424 275 425 275 422 276 425 276 423 276 423 277 425 277 426 277 283 278 413 278 284 278 284 279 413 279 427 279 284 280 427 280 412 280 412 281 427 281 428 281 412 282 428 282 414 282 409 283 410 283 411 283 411 284 410 284 429 284 411 285 429 285 424 285 424 286 429 286 430 286 424 287 430 287 425 287 425 288 430 288 431 288 425 289 431 289 426 289 426 290 431 290 432 290 287 291 288 291 359 291 359 292 288 292 286 292 359 293 286 293 358 293 358 294 286 294 415 294 358 295 415 295 357 295 357 296 415 296 414 296 357 297 414 297 353 297 353 298 414 298 428 298 353 299 428 299 354 299 72 300 419 300 282 300 282 301 419 301 423 301 282 302 423 302 413 302 413 303 423 303 426 303 413 304 426 304 427 304 427 305 426 305 432 305 427 306 432 306 428 306 428 307 432 307 355 307 428 308 355 308 354 308 410 309 220 309 429 309 429 310 220 310 350 310 429 311 350 311 430 311 430 312 350 312 352 312 430 313 352 313 431 313 431 314 352 314 351 314 431 315 351 315 432 315 432 316 351 316 356 316 432 317 356 317 355 317 222 318 221 318 235 318 35 319 36 319 433 319 35 320 433 320 233 320 233 321 433 321 434 321 233 322 434 322 234 322 434 242 435 242 234 242 234 243 435 243 436 243 234 323 436 323 235 323 235 324 436 324 437 324 235 325 437 325 222 325 438 326 439 326 440 326 42 327 55 327 441 327 242 328 241 328 442 328 442 329 241 329 247 329 442 330 247 330 340 330 340 331 247 331 246 331 340 332 246 332 240 332 243 333 443 333 244 333 244 334 443 334 248 334 248 335 443 335 249 335 249 336 443 336 441 336 249 337 441 337 245 337 245 338 441 338 55 338 245 339 55 339 54 339 433 340 36 340 444 340 444 341 36 341 38 341 444 342 38 342 445 342 434 343 433 343 446 343 446 344 433 344 444 344 446 345 444 345 447 345 447 346 444 346 445 346 447 347 445 347 448 347 40 348 42 348 449 348 449 349 42 349 441 349 449 350 441 350 450 350 450 351 441 351 443 351 450 352 443 352 438 352 438 353 443 353 243 353 438 354 243 354 439 354 439 355 243 355 242 355 439 356 242 356 440 356 440 357 242 357 442 357 440 358 442 358 344 358 344 359 442 359 340 359 451 360 436 360 446 360 446 361 436 361 435 361 446 362 435 362 434 362 451 363 446 363 452 363 452 364 446 364 447 364 452 365 447 365 453 365 453 366 447 366 448 366 453 367 448 367 454 367 437 368 436 368 455 368 455 369 436 369 451 369 455 370 451 370 456 370 456 371 451 371 452 371 456 372 452 372 457 372 457 373 452 373 453 373 457 374 453 374 458 374 458 375 453 375 454 375 458 376 454 376 459 376 222 377 437 377 349 377 349 378 437 378 455 378 349 379 455 379 348 379 348 380 455 380 456 380 348 381 456 381 347 381 347 382 456 382 457 382 347 383 457 383 346 383 346 384 457 384 458 384 343 385 342 385 459 385 459 386 342 386 341 386 459 387 341 387 458 387 458 388 341 388 345 388 458 389 345 389 346 389 38 390 40 390 445 390 445 391 40 391 449 391 445 392 449 392 448 392 448 393 449 393 450 393 448 394 450 394 454 394 454 395 450 395 438 395 454 396 438 396 459 396 459 397 438 397 440 397 459 398 440 398 343 398 343 399 440 399 344 399 460 400 125 400 239 400 239 401 125 401 127 401 460 402 239 402 461 402 461 403 239 403 238 403 461 404 238 404 462 404 462 405 238 405 463 405 463 406 238 406 237 406 463 407 237 407 464 407 464 408 237 408 63 408 464 409 63 409 65 409 465 410 466 410 467 410 71 411 85 411 468 411 274 412 273 412 469 412 469 413 273 413 279 413 469 414 279 414 360 414 360 415 279 415 278 415 360 416 278 416 272 416 275 417 470 417 276 417 276 418 470 418 280 418 280 419 470 419 281 419 281 420 470 420 468 420 281 421 468 421 277 421 277 422 468 422 85 422 277 423 85 423 84 423 464 424 65 424 471 424 471 425 65 425 67 425 471 426 67 426 472 426 463 427 464 427 473 427 473 428 464 428 471 428 473 429 471 429 474 429 474 430 471 430 472 430 474 431 472 431 475 431 69 432 71 432 476 432 476 433 71 433 468 433 476 434 468 434 477 434 477 435 468 435 470 435 477 436 470 436 465 436 465 437 470 437 275 437 465 438 275 438 466 438 466 439 275 439 274 439 466 440 274 440 467 440 467 441 274 441 469 441 467 442 469 442 362 442 362 443 469 443 360 443 478 444 461 444 473 444 473 445 461 445 462 445 473 446 462 446 463 446 478 447 473 447 479 447 479 448 473 448 474 448 479 449 474 449 480 449 480 450 474 450 475 450 480 451 475 451 481 451 460 452 461 452 482 452 482 453 461 453 478 453 482 454 478 454 483 454 483 455 478 455 479 455 483 456 479 456 484 456 484 457 479 457 480 457 484 458 480 458 485 458 485 459 480 459 481 459 485 460 481 460 486 460 125 461 460 461 369 461 369 462 460 462 482 462 369 463 482 463 368 463 368 464 482 464 483 464 368 465 483 465 367 465 367 466 483 466 484 466 367 467 484 467 363 467 363 468 484 468 485 468 361 469 366 469 486 469 486 470 366 470 365 470 486 471 365 471 485 471 485 472 365 472 364 472 485 473 364 473 363 473 67 474 69 474 472 474 472 475 69 475 476 475 472 476 476 476 475 476 475 477 476 477 477 477 475 478 477 478 481 478 481 479 477 479 465 479 481 480 465 480 486 480 486 481 465 481 467 481 486 482 467 482 361 482 361 483 467 483 362 483 28 484 8 484 9 484 4 485 129 485 487 485 4 486 487 486 5 486 5 487 487 487 488 487 5 488 488 488 6 488 488 404 489 404 6 404 6 405 489 405 490 405 6 489 490 489 9 489 9 490 490 490 491 490 9 491 491 491 28 491 489 492 488 492 492 492 252 493 493 493 253 493 251 494 250 494 494 494 493 495 495 495 253 495 253 496 495 496 496 496 253 497 496 497 254 497 28 498 491 498 26 498 26 499 491 499 497 499 26 500 497 500 21 500 21 501 497 501 498 501 21 502 498 502 22 502 22 502 498 502 499 502 22 503 499 503 23 503 23 504 499 504 500 504 23 505 500 505 24 505 491 506 490 506 497 506 497 507 490 507 501 507 497 508 501 508 498 508 498 509 501 509 502 509 498 510 502 510 499 510 499 511 502 511 503 511 499 512 503 512 500 512 500 513 503 513 504 513 490 514 489 514 501 514 501 515 489 515 492 515 501 516 492 516 502 516 502 517 492 517 505 517 502 518 505 518 503 518 503 519 505 519 506 519 503 520 506 520 504 520 504 521 506 521 507 521 251 522 494 522 252 522 252 523 494 523 508 523 252 524 508 524 493 524 493 525 508 525 509 525 493 526 509 526 495 526 488 527 487 527 492 527 492 528 487 528 510 528 492 529 510 529 505 529 505 530 510 530 511 530 505 531 511 531 506 531 506 532 511 532 512 532 506 533 512 533 507 533 507 534 512 534 513 534 255 535 256 535 379 535 379 536 256 536 254 536 379 537 254 537 378 537 378 538 254 538 496 538 378 539 496 539 377 539 377 540 496 540 495 540 377 541 495 541 376 541 376 542 495 542 509 542 376 543 509 543 375 543 24 544 500 544 250 544 250 545 500 545 504 545 250 546 504 546 494 546 494 547 504 547 507 547 494 548 507 548 508 548 508 549 507 549 513 549 508 550 513 550 509 550 509 551 513 551 371 551 509 552 371 552 375 552 487 553 129 553 510 553 510 554 129 554 370 554 510 555 370 555 511 555 511 556 370 556 374 556 511 557 374 557 512 557 512 558 374 558 373 558 512 559 373 559 513 559 513 560 373 560 372 560 513 561 372 561 371 561 404 562 403 562 2 562 404 563 2 563 514 563 514 564 2 564 7 564 514 565 7 565 32 565 60 566 397 566 32 566 32 567 397 567 396 567 32 568 396 568 514 568 514 569 396 569 405 569 514 570 405 570 404 570 59 571 399 571 60 571 60 572 399 572 398 572 60 573 398 573 397 573 57 574 56 574 232 574 395 575 394 575 515 575 515 576 394 576 402 576 515 577 402 577 57 577 57 578 402 578 401 578 57 579 401 579 59 579 59 580 401 580 400 580 59 581 400 581 399 581 57 582 232 582 515 582 515 583 232 583 393 583 515 584 393 584 395 584 391 585 390 585 12 585 391 586 12 586 516 586 516 587 12 587 17 587 516 588 17 588 95 588 93 589 384 589 95 589 95 590 384 590 383 590 95 591 383 591 516 591 516 592 383 592 392 592 516 593 392 593 391 593 91 594 386 594 93 594 93 595 386 595 385 595 93 596 385 596 384 596 90 597 61 597 236 597 382 598 381 598 517 598 517 599 381 599 389 599 517 600 389 600 90 600 90 601 389 601 388 601 90 602 388 602 91 602 91 603 388 603 387 603 91 604 387 604 386 604 90 605 236 605 517 605 517 606 236 606 380 606 517 607 380 607 382 607 518 608 519 608 520 608 520 608 519 608 521 608 522 609 523 609 524 609 524 609 523 609 525 609 526 609 527 609 528 609 528 609 527 609 529 609 530 608 531 608 532 608 532 608 531 608 533 608 534 610 535 610 536 610 536 610 535 610 537 610 536 610 537 610 538 610 538 610 537 610 539 610 539 610 537 610 540 610 540 610 537 610 541 610 540 610 541 610 542 610 543 610 544 610 545 610 545 610 544 610 535 610 545 610 535 610 546 610 546 610 535 610 534 610 543 610 547 610 544 610 544 610 547 610 548 610 544 610 548 610 541 610 541 610 548 610 549 610 541 610 549 610 542 610 550 610 551 610 552 610 552 610 551 610 553 610 553 610 551 610 554 610 553 610 554 610 555 610 550 610 552 610 556 610 556 610 552 610 557 610 556 610 557 610 558 610 555 610 559 610 553 610 553 610 559 610 560 610 553 610 560 610 561 610 561 610 560 610 562 610 562 610 563 610 561 610 561 610 563 610 564 610 561 610 564 610 557 610 557 610 564 610 565 610 557 610 565 610 558 610 566 611 567 611 568 611 568 611 567 611 569 611 568 611 569 611 570 611 569 611 571 611 570 611 570 611 571 611 572 611 570 611 572 611 573 611 573 611 572 611 574 611 573 611 574 611 575 611 566 611 568 611 576 611 576 611 568 611 577 611 576 611 577 611 578 611 575 611 579 611 573 611 573 611 579 611 580 611 573 611 580 611 577 611 577 611 580 611 581 611 577 611 581 611 578 611 582 611 583 611 584 611 584 611 583 611 585 611 585 611 583 611 586 611 585 611 586 611 587 611 582 611 584 611 588 611 588 611 584 611 589 611 588 611 589 611 590 611 587 611 591 611 585 611 585 611 591 611 592 611 585 611 592 611 593 611 593 611 592 611 594 611 594 611 595 611 593 611 593 611 595 611 596 611 593 611 596 611 589 611 589 611 596 611 597 611 589 611 597 611 590 611 598 612 599 612 600 612 600 612 599 612 601 612 602 612 603 612 604 612 604 612 603 612 605 612 604 612 605 612 606 612 520 612 521 612 605 612 601 612 607 612 600 612 600 612 607 612 608 612 600 612 608 612 605 612 605 612 608 612 609 612 606 612 605 612 610 612 610 612 605 612 521 612 610 612 521 612 611 612 612 612 613 612 614 612 615 612 616 612 617 612 618 612 619 612 620 612 620 612 619 612 621 612 620 612 621 612 622 612 622 612 621 612 623 612 622 612 623 612 624 612 624 612 623 612 625 612 624 612 625 612 626 612 627 612 628 612 629 612 629 612 628 612 630 612 631 612 632 612 633 612 633 612 632 612 634 612 633 612 634 612 635 612 636 612 637 612 531 612 612 612 614 612 638 612 637 612 636 612 639 612 639 612 636 612 618 612 639 612 618 612 640 612 640 612 618 612 620 612 640 612 620 612 641 612 641 612 620 612 642 612 641 612 642 612 643 612 644 612 530 612 645 612 645 612 530 612 646 612 589 612 584 612 647 612 647 612 584 612 648 612 647 612 648 612 620 612 620 612 648 612 649 612 620 612 649 612 642 612 568 612 570 612 650 612 650 612 570 612 651 612 650 612 651 612 652 612 652 612 651 612 653 612 652 612 653 612 654 612 654 612 653 612 529 612 655 612 656 612 657 612 644 612 658 612 530 612 530 612 658 612 659 612 530 612 659 612 531 612 531 612 659 612 660 612 531 612 660 612 636 612 653 612 661 612 529 612 529 612 661 612 662 612 529 612 662 612 663 612 664 612 665 612 614 612 614 612 665 612 666 612 614 612 666 612 638 612 638 612 666 612 667 612 638 612 667 612 668 612 668 612 667 612 669 612 668 612 669 612 670 612 670 612 669 612 671 612 670 612 671 612 643 612 643 612 671 612 672 612 643 612 672 612 641 612 641 612 672 612 673 612 641 612 673 612 652 612 652 612 673 612 674 612 652 612 674 612 650 612 646 612 675 612 645 612 645 612 675 612 676 612 645 612 676 612 677 612 677 612 676 612 678 612 679 612 680 612 681 612 629 612 682 612 528 612 683 612 684 612 685 612 685 612 684 612 686 612 685 612 686 612 687 612 687 612 686 612 688 612 687 612 688 612 680 612 680 612 688 612 689 612 680 612 689 612 681 612 655 612 657 612 690 612 691 612 692 612 693 612 693 612 692 612 694 612 611 612 521 612 616 612 616 612 521 612 695 612 616 612 695 612 617 612 528 612 529 612 629 612 629 612 529 612 663 612 629 612 663 612 634 612 634 612 663 612 696 612 634 612 696 612 635 612 697 612 520 612 698 612 698 612 520 612 605 612 698 612 605 612 626 612 626 612 605 612 609 612 626 612 609 612 624 612 699 612 700 612 522 612 630 612 701 612 629 612 629 612 701 612 702 612 629 612 702 612 679 612 535 612 544 612 703 612 703 612 544 612 704 612 703 612 704 612 685 612 705 612 706 612 707 612 685 612 704 612 683 612 683 612 704 612 708 612 683 612 708 612 706 612 706 612 708 612 709 612 706 612 709 612 707 612 615 612 617 612 691 612 691 612 617 612 710 612 691 612 710 612 692 612 679 612 681 612 629 612 629 612 681 612 711 612 629 612 711 612 682 612 553 612 561 612 712 612 712 612 561 612 693 612 712 612 693 612 713 612 713 612 693 612 694 612 713 612 694 612 714 612 714 612 694 612 715 612 714 612 715 612 700 612 700 612 715 612 523 612 700 612 523 612 522 612 716 612 717 612 718 612 718 612 717 612 719 612 718 612 719 612 675 612 675 612 719 612 720 612 675 612 720 612 676 612 711 612 721 612 682 612 682 612 721 612 722 612 682 612 722 612 723 612 723 612 722 612 716 612 723 612 716 612 724 612 724 612 716 612 718 612 725 612 726 612 657 612 657 612 726 612 727 612 657 612 727 612 690 612 690 612 727 612 728 612 690 612 728 612 729 612 729 612 728 612 730 612 729 612 730 612 731 612 731 612 730 612 699 612 731 612 699 612 707 612 707 612 699 612 522 612 707 612 522 612 705 612 705 612 522 612 676 612 732 612 678 612 733 612 733 612 678 612 676 612 733 612 676 612 734 612 734 612 676 612 522 612 732 612 735 612 678 612 678 612 735 612 736 612 678 612 736 612 697 612 697 612 736 612 737 612 697 612 737 612 520 612 738 613 739 613 740 613 741 613 742 613 743 613 744 613 745 613 746 613 746 613 745 613 743 613 746 613 743 613 747 613 747 613 743 613 742 613 748 613 749 613 750 613 751 613 752 613 748 613 748 613 752 613 753 613 748 613 753 613 754 613 755 613 756 613 748 613 738 613 740 613 757 613 757 613 740 613 758 613 757 613 758 613 759 613 743 613 748 613 741 613 741 613 748 613 750 613 741 613 750 613 739 613 739 613 750 613 760 613 739 613 760 613 740 613 761 613 762 613 763 613 763 613 762 613 764 613 763 613 764 613 765 613 765 613 764 613 766 613 765 613 766 613 533 613 767 613 768 613 769 613 769 613 768 613 770 613 573 613 577 613 771 613 771 613 577 613 772 613 771 613 772 613 773 613 773 613 772 613 774 613 775 613 776 613 777 613 777 613 776 613 778 613 779 613 780 613 781 613 781 613 780 613 782 613 781 613 782 613 783 613 770 613 784 613 785 613 533 613 766 613 532 613 532 613 766 613 786 613 532 613 786 613 787 613 754 613 788 613 748 613 748 613 788 613 789 613 748 613 789 613 755 613 755 613 789 613 790 613 755 613 790 613 791 613 791 613 790 613 792 613 793 613 794 613 795 613 796 613 797 613 786 613 786 613 797 613 798 613 786 613 798 613 787 613 799 613 800 613 801 613 794 613 793 613 802 613 802 613 793 613 803 613 802 613 803 613 799 613 799 613 803 613 804 613 799 613 804 613 800 613 756 613 527 613 748 613 748 613 527 613 526 613 748 613 526 613 749 613 749 613 526 613 805 613 806 613 807 613 808 613 808 613 807 613 809 613 774 613 804 613 773 613 773 613 804 613 803 613 773 613 803 613 810 613 810 613 803 613 761 613 810 613 761 613 790 613 790 613 761 613 763 613 790 613 763 613 792 613 770 613 785 613 769 613 769 613 785 613 811 613 769 613 811 613 812 613 812 613 811 613 813 613 813 613 811 613 814 613 813 613 814 613 801 613 801 613 814 613 815 613 801 613 815 613 799 613 585 613 593 613 795 613 795 613 593 613 816 613 795 613 816 613 793 613 793 613 816 613 817 613 793 613 817 613 818 613 818 613 817 613 819 613 809 613 820 613 821 613 822 613 823 613 824 613 825 613 826 613 519 613 817 613 827 613 819 613 819 613 827 613 828 613 819 613 828 613 829 613 830 613 831 613 832 613 833 613 541 613 537 613 777 613 834 613 835 613 836 613 837 613 838 613 838 613 837 613 839 613 838 613 839 613 840 613 840 613 839 613 841 613 840 613 841 613 826 613 826 613 841 613 842 613 826 613 842 613 519 613 843 613 844 613 759 613 759 613 844 613 845 613 759 613 845 613 757 613 757 613 845 613 833 613 757 613 833 613 846 613 846 613 833 613 537 613 557 613 552 613 836 613 836 613 552 613 847 613 836 613 847 613 837 613 837 613 847 613 848 613 837 613 848 613 832 613 832 613 848 613 849 613 832 613 849 613 830 613 809 613 821 613 808 613 808 613 821 613 850 613 808 613 850 613 851 613 852 613 853 613 830 613 830 613 853 613 525 613 830 613 525 613 831 613 778 613 854 613 777 613 777 613 854 613 855 613 777 613 855 613 825 613 835 613 819 613 777 613 777 613 819 613 829 613 777 613 829 613 782 613 782 613 829 613 856 613 782 613 856 613 783 613 851 613 850 613 857 613 857 613 850 613 858 613 857 613 858 613 852 613 852 613 858 613 859 613 852 613 859 613 853 613 822 613 824 613 796 613 796 613 824 613 860 613 796 613 860 613 797 613 797 613 860 613 861 613 797 613 861 613 862 613 862 613 861 613 863 613 862 613 863 613 864 613 864 613 863 613 865 613 864 613 865 613 805 613 805 613 865 613 866 613 805 613 866 613 749 613 825 613 519 613 777 613 777 613 519 613 518 613 777 613 518 613 834 613 834 613 518 613 867 613 834 613 867 613 868 613 868 613 867 613 869 613 868 613 869 613 870 613 870 613 869 613 871 613 870 613 871 613 872 613 872 613 871 613 873 613 872 613 873 613 822 613 822 613 873 613 874 613 822 613 874 613 823 613 823 613 874 613 875 613 823 613 875 613 876 613 876 613 875 613 524 613 876 613 524 613 877 613 877 613 524 613 525 613 877 613 525 613 843 613 843 613 525 613 853 613 843 613 853 613 844 613 784 609 770 609 613 609 613 609 770 609 614 609 878 611 770 611 879 611 879 611 770 611 768 611 879 611 768 611 880 611 880 611 768 611 881 611 882 611 664 611 883 611 883 611 664 611 614 611 882 611 884 611 664 611 664 611 884 611 885 611 664 611 885 611 768 611 768 611 885 611 886 611 768 611 886 611 881 611 878 611 887 611 770 611 770 611 887 611 888 611 770 611 888 611 614 611 614 611 888 611 889 611 614 611 889 611 883 611 665 608 664 608 767 608 767 608 664 608 768 608 752 609 751 609 631 609 631 609 751 609 632 609 634 611 632 611 748 611 748 611 632 611 751 611 629 608 634 608 743 608 743 608 634 608 748 608 627 610 629 610 745 610 745 610 629 610 743 610 628 609 627 609 744 609 744 609 627 609 745 609 820 608 809 608 656 608 656 608 809 608 657 608 890 610 809 610 891 610 891 610 809 610 807 610 891 610 807 610 892 610 893 610 725 610 894 610 894 610 725 610 657 610 894 610 657 610 895 610 890 610 896 610 809 610 809 610 896 610 897 610 809 610 897 610 657 610 657 610 897 610 898 610 657 610 898 610 895 610 893 610 899 610 725 610 725 610 899 610 900 610 725 610 900 610 807 610 807 610 900 610 901 610 807 610 901 610 892 610 726 609 725 609 806 609 806 609 725 609 807 609 776 608 775 608 602 608 602 608 775 608 603 608 605 610 603 610 777 610 777 610 603 610 775 610 600 609 605 609 782 609 782 609 605 609 777 609 598 611 600 611 780 611 780 611 600 611 782 611 599 608 598 608 779 608 779 608 598 608 780 608 711 609 681 609 749 609 749 609 681 609 750 609 902 611 758 611 903 611 903 611 758 611 686 611 903 611 686 611 904 611 904 611 686 611 905 611 905 611 686 611 906 611 906 611 686 611 684 611 906 611 684 611 907 611 902 611 908 611 758 611 758 611 908 611 909 611 758 611 909 611 759 611 759 611 909 611 910 611 910 611 911 611 759 611 759 611 911 611 912 611 759 611 912 611 684 611 684 611 912 611 913 611 684 611 913 611 907 611 823 608 876 608 676 608 676 608 876 608 705 608 914 610 791 610 915 610 915 610 791 610 792 610 915 610 792 610 916 610 916 610 792 610 917 610 918 610 641 610 919 610 919 610 641 610 791 610 919 610 791 610 920 610 920 610 791 610 914 610 917 610 792 610 921 610 921 610 792 610 640 610 921 610 640 610 922 610 918 610 923 610 641 610 641 610 923 610 924 610 641 610 924 610 640 610 640 610 924 610 925 610 640 610 925 610 922 610 698 608 626 608 835 608 835 608 626 608 819 608 926 610 619 610 927 610 927 610 619 610 761 610 927 610 761 610 928 610 928 610 761 610 929 610 930 610 621 610 931 610 931 610 621 610 619 610 931 610 619 610 932 610 932 610 619 610 926 610 929 610 761 610 933 610 933 610 761 610 803 610 933 610 803 610 934 610 930 610 935 610 621 610 621 610 935 610 936 610 621 610 936 610 803 610 803 610 936 610 937 610 803 610 937 610 934 610 786 609 766 609 659 609 659 609 766 609 660 609 938 611 837 611 939 611 939 611 837 611 692 611 939 611 692 611 940 611 941 611 839 611 942 611 942 611 839 611 837 611 942 611 837 611 943 611 943 611 837 611 938 611 944 611 710 611 945 611 945 611 710 611 839 611 945 611 839 611 946 611 946 611 839 611 941 611 944 611 947 611 710 611 710 611 947 611 948 611 710 611 948 611 692 611 692 611 948 611 949 611 692 611 949 611 940 611 931 614 950 614 930 614 930 614 950 614 951 614 930 615 951 615 935 615 935 615 951 615 952 615 935 616 952 616 936 616 936 616 952 616 953 616 936 617 953 617 937 617 937 617 953 617 954 617 937 618 954 618 934 618 934 618 954 618 955 618 934 619 955 619 933 619 933 619 955 619 956 619 933 620 956 620 929 620 929 620 956 620 957 620 929 621 957 621 928 621 928 621 957 621 958 621 928 622 958 622 927 622 927 622 958 622 959 622 927 623 959 623 926 623 926 623 959 623 960 623 926 624 960 624 932 624 932 624 960 624 961 624 932 625 961 625 931 625 931 625 961 625 950 625 951 626 590 626 952 626 952 627 590 627 597 627 952 628 597 628 953 628 953 629 597 629 596 629 953 630 596 630 954 630 954 631 596 631 595 631 954 632 595 632 955 632 955 633 595 633 594 633 955 634 594 634 956 634 956 635 594 635 592 635 956 636 592 636 957 636 957 637 592 637 591 637 957 638 591 638 958 638 958 639 591 639 587 639 958 640 587 640 959 640 959 641 587 641 586 641 959 642 586 642 960 642 960 643 586 643 583 643 960 644 583 644 961 644 961 645 583 645 582 645 961 646 582 646 950 646 950 647 582 647 588 647 950 648 588 648 951 648 951 649 588 649 590 649 924 650 962 650 925 650 925 650 962 650 963 650 925 651 963 651 922 651 922 651 963 651 964 651 922 652 964 652 921 652 921 652 964 652 965 652 921 653 965 653 917 653 917 653 965 653 966 653 917 654 966 654 916 654 916 654 966 654 967 654 916 655 967 655 915 655 915 655 967 655 968 655 915 656 968 656 914 656 914 656 968 656 969 656 914 657 969 657 920 657 920 657 969 657 970 657 920 658 970 658 919 658 919 658 970 658 971 658 919 659 971 659 918 659 918 659 971 659 972 659 918 660 972 660 923 660 923 660 972 660 973 660 923 661 973 661 924 661 924 661 973 661 962 661 963 662 567 662 964 662 964 627 567 627 566 627 964 663 566 663 965 663 965 664 566 664 576 664 965 665 576 665 966 665 966 666 576 666 578 666 966 667 578 667 967 667 967 668 578 668 581 668 967 669 581 669 968 669 968 635 581 635 580 635 968 670 580 670 969 670 969 671 580 671 579 671 969 672 579 672 970 672 970 639 579 639 575 639 970 673 575 673 971 673 971 674 575 674 574 674 971 675 574 675 972 675 972 676 574 676 572 676 972 677 572 677 973 677 973 678 572 678 571 678 973 679 571 679 962 679 962 647 571 647 569 647 962 680 569 680 963 680 963 681 569 681 567 681 942 619 974 619 941 619 941 619 974 619 975 619 941 618 975 618 946 618 946 618 975 618 976 618 946 617 976 617 945 617 945 617 976 617 977 617 945 616 977 616 944 616 944 616 977 616 978 616 944 615 978 615 947 615 947 615 978 615 979 615 947 614 979 614 948 614 948 614 979 614 980 614 948 625 980 625 949 625 949 625 980 625 981 625 949 624 981 624 940 624 940 624 981 624 982 624 940 623 982 623 939 623 939 623 982 623 983 623 939 622 983 622 938 622 938 622 983 622 984 622 938 621 984 621 943 621 943 621 984 621 985 621 943 620 985 620 942 620 942 620 985 620 974 620 975 682 558 682 976 682 976 683 558 683 565 683 976 684 565 684 977 684 977 685 565 685 564 685 977 686 564 686 978 686 978 687 564 687 563 687 978 688 563 688 979 688 979 689 563 689 562 689 979 690 562 690 980 690 980 691 562 691 560 691 980 692 560 692 981 692 981 693 560 693 559 693 981 694 559 694 982 694 982 695 559 695 555 695 982 696 555 696 983 696 983 697 555 697 554 697 983 698 554 698 984 698 984 699 554 699 551 699 984 700 551 700 985 700 985 701 551 701 550 701 985 702 550 702 974 702 974 703 550 703 556 703 974 704 556 704 975 704 975 705 556 705 558 705 909 655 986 655 910 655 910 655 986 655 987 655 910 654 987 654 911 654 911 654 987 654 988 654 911 653 988 653 912 653 912 653 988 653 989 653 912 652 989 652 913 652 913 652 989 652 990 652 913 651 990 651 907 651 907 651 990 651 991 651 907 650 991 650 906 650 906 650 991 650 992 650 906 661 992 661 905 661 905 661 992 661 993 661 905 660 993 660 904 660 904 660 993 660 994 660 904 659 994 659 903 659 903 659 994 659 995 659 903 658 995 658 902 658 902 658 995 658 996 658 902 657 996 657 908 657 908 657 996 657 997 657 908 656 997 656 909 656 909 656 997 656 986 656 987 706 542 706 988 706 988 683 542 683 549 683 988 707 549 707 989 707 989 708 549 708 548 708 989 709 548 709 990 709 990 710 548 710 547 710 990 711 547 711 991 711 991 712 547 712 543 712 991 713 543 713 992 713 992 691 543 691 545 691 992 714 545 714 993 714 993 715 545 715 546 715 993 716 546 716 994 716 994 695 546 695 534 695 994 717 534 717 995 717 995 718 534 718 536 718 995 719 536 719 996 719 996 720 536 720 538 720 996 721 538 721 997 721 997 722 538 722 539 722 997 723 539 723 986 723 986 703 539 703 540 703 986 724 540 724 987 724 987 725 540 725 542 725 593 726 589 726 816 726 816 726 589 726 647 726 816 727 647 727 817 727 817 727 647 727 620 727 817 728 620 728 827 728 827 728 620 728 622 728 827 729 622 729 828 729 828 729 622 729 624 729 828 730 624 730 829 730 829 730 624 730 609 730 829 731 609 731 856 731 856 731 609 731 608 731 856 732 608 732 783 732 783 732 608 732 607 732 783 733 607 733 781 733 781 733 607 733 601 733 781 734 601 734 779 734 779 734 601 734 599 734 776 729 602 729 778 729 778 729 602 729 604 729 778 730 604 730 854 730 854 730 604 730 606 730 854 735 606 735 855 735 855 735 606 735 610 735 855 736 610 736 825 736 825 736 610 736 611 736 825 733 611 733 826 733 826 733 611 733 616 733 826 734 616 734 840 734 840 734 616 734 615 734 840 737 615 737 838 737 838 737 615 737 691 737 838 738 691 738 836 738 836 738 691 738 693 738 836 739 693 739 557 739 557 739 693 739 561 739 552 740 553 740 847 740 847 740 553 740 712 740 847 741 712 741 848 741 848 741 712 741 713 741 848 742 713 742 849 742 849 742 713 742 714 742 849 743 714 743 830 743 830 743 714 743 700 743 830 744 700 744 852 744 852 744 700 744 699 744 852 739 699 739 857 739 857 739 699 739 730 739 857 745 730 745 851 745 851 745 730 745 728 745 851 746 728 746 808 746 808 746 728 746 727 746 808 747 727 747 806 747 806 747 727 747 726 747 820 748 656 748 821 748 821 748 656 748 655 748 821 749 655 749 850 749 850 749 655 749 690 749 850 735 690 735 858 735 858 735 690 735 729 735 858 736 729 736 859 736 859 736 729 736 731 736 859 750 731 750 853 750 853 750 731 750 707 750 853 742 707 742 844 742 844 742 707 742 709 742 844 743 709 743 845 743 845 743 709 743 708 743 845 751 708 751 833 751 833 751 708 751 704 751 833 752 704 752 541 752 541 752 704 752 544 752 537 736 535 736 846 736 846 736 535 736 703 736 846 753 703 753 757 753 757 753 703 753 685 753 757 754 685 754 738 754 738 754 685 754 687 754 738 755 687 755 739 755 739 755 687 755 680 755 739 756 680 756 741 756 741 756 680 756 679 756 741 739 679 739 742 739 742 739 679 739 702 739 742 745 702 745 747 745 747 745 702 745 701 745 747 757 701 757 746 757 746 757 701 757 630 757 746 758 630 758 744 758 744 758 630 758 628 758 752 755 631 755 753 755 753 755 631 755 633 755 753 756 633 756 754 756 754 756 633 756 635 756 754 759 635 759 788 759 788 759 635 759 696 759 788 726 696 726 789 726 789 726 696 726 663 726 789 757 663 757 790 757 790 757 663 757 662 757 790 758 662 758 810 758 810 758 662 758 661 758 810 760 661 760 773 760 773 760 661 760 653 760 773 761 653 761 771 761 771 761 653 761 651 761 771 731 651 731 573 731 573 731 651 731 570 731 577 762 568 762 772 762 772 762 568 762 650 762 772 763 650 763 774 763 774 763 650 763 674 763 774 747 674 747 804 747 804 747 674 747 673 747 804 748 673 748 800 748 800 748 673 748 672 748 800 749 672 749 801 749 801 749 672 749 671 749 801 731 671 731 813 731 813 731 671 731 669 731 813 732 669 732 812 732 812 732 669 732 667 732 812 750 667 750 769 750 769 750 667 750 666 750 769 742 666 742 767 742 767 742 666 742 665 742 784 743 613 743 785 743 785 743 613 743 612 743 785 744 612 744 811 744 811 744 612 744 638 744 811 759 638 759 814 759 814 759 638 759 668 759 814 726 668 726 815 726 815 726 668 726 670 726 815 746 670 746 799 746 799 746 670 746 643 746 799 747 643 747 802 747 802 747 643 747 642 747 802 748 642 748 794 748 794 748 642 748 649 748 794 764 649 764 795 764 795 764 649 764 648 764 795 765 648 765 585 765 585 765 648 765 584 765 797 611 862 611 718 611 718 611 862 611 724 611 717 610 716 610 861 610 861 610 716 610 863 610 873 610 871 610 732 610 732 610 871 610 735 610 645 611 677 611 872 611 872 611 677 611 870 611 645 766 872 766 644 766 644 766 872 766 822 766 644 727 822 727 658 727 658 727 822 727 796 727 658 767 796 767 659 767 659 767 796 767 786 767 717 768 861 768 719 768 719 768 861 768 860 768 719 753 860 753 720 753 720 753 860 753 824 753 720 769 824 769 676 769 676 769 824 769 823 769 711 770 749 770 721 770 721 770 749 770 866 770 721 771 866 771 722 771 722 771 866 771 865 771 722 772 865 772 716 772 716 772 865 772 863 772 530 773 532 773 646 773 646 773 532 773 787 773 646 761 787 761 675 761 675 761 787 761 798 761 675 774 798 774 718 774 718 774 798 774 797 774 724 775 862 775 723 775 723 775 862 775 864 775 723 776 864 776 682 776 682 776 864 776 805 776 682 777 805 777 528 777 528 777 805 777 526 777 522 778 524 778 734 778 734 778 524 778 875 778 734 738 875 738 733 738 733 738 875 738 874 738 733 779 874 779 732 779 732 779 874 779 873 779 735 780 871 780 736 780 736 780 871 780 869 780 736 781 869 781 737 781 737 781 869 781 867 781 737 782 867 782 520 782 520 782 867 782 518 782 698 783 835 783 697 783 697 783 835 783 834 783 697 784 834 784 678 784 678 784 834 784 868 784 678 785 868 785 677 785 677 785 868 785 870 785 525 786 523 786 831 786 831 786 523 786 715 786 831 787 715 787 832 787 832 787 715 787 694 787 832 788 694 788 837 788 837 788 694 788 692 788 839 789 710 789 841 789 841 789 710 789 617 789 841 764 617 764 842 764 842 764 617 764 695 764 842 790 695 790 519 790 519 790 695 790 521 790 819 791 626 791 818 791 818 791 626 791 625 791 818 741 625 741 793 741 793 741 625 741 623 741 793 792 623 792 803 792 803 792 623 792 621 792 761 793 619 793 762 793 762 793 619 793 618 793 762 794 618 794 764 794 764 794 618 794 636 794 764 795 636 795 766 795 766 795 636 795 660 795 533 796 531 796 765 796 765 796 531 796 637 796 765 797 637 797 763 797 763 797 637 797 639 797 763 798 639 798 792 798 792 798 639 798 640 798 791 799 641 799 755 799 755 799 641 799 652 799 755 751 652 751 756 751 756 751 652 751 654 751 756 800 654 800 527 800 527 800 654 800 529 800 759 801 684 801 843 801 843 801 684 801 683 801 843 802 683 802 877 802 877 802 683 802 706 802 877 803 706 803 876 803 876 803 706 803 705 803 750 804 681 804 760 804 760 804 681 804 689 804 760 763 689 763 740 763 740 763 689 763 688 763 740 805 688 805 758 805 758 805 688 805 686 805 894 806 882 806 893 806 893 806 882 806 883 806 893 807 883 807 899 807 899 807 883 807 889 807 899 808 889 808 900 808 900 808 889 808 888 808 900 809 888 809 901 809 901 809 888 809 887 809 901 810 887 810 892 810 892 810 887 810 878 810 892 811 878 811 891 811 891 811 878 811 879 811 891 812 879 812 890 812 890 812 879 812 880 812 890 813 880 813 896 813 896 813 880 813 881 813 896 814 881 814 897 814 897 814 881 814 886 814 897 815 886 815 898 815 898 815 886 815 885 815 898 816 885 816 895 816 895 816 885 816 884 816 895 817 884 817 894 817 894 817 884 817 882 817 998 818 999 818 1000 818 1000 818 999 818 1001 818 1002 818 1003 818 1001 818 1001 818 1003 818 1004 818 1005 818 1000 818 1006 818 1006 818 1000 818 1001 818 1006 818 1001 818 1007 818 1007 818 1001 818 1004 818 1008 819 1009 819 1010 819 1010 819 1009 819 1011 819 1012 819 1013 819 1011 819 1011 819 1013 819 1014 819 1015 819 1010 819 1016 819 1016 819 1010 819 1011 819 1016 819 1011 819 1017 819 1017 819 1011 819 1014 819 1018 820 1019 820 1020 820 1020 820 1021 820 1018 820 1018 820 1021 820 1022 820 1018 820 1022 820 1023 820 1019 820 1018 820 1024 820 1024 820 1018 820 1025 820 1024 820 1025 820 1026 820 1026 820 1025 820 1027 820 1026 820 1027 820 1006 820 1006 820 1027 820 1028 820 1006 820 1028 820 1005 820 1005 820 1028 820 1029 820 1005 820 1029 820 1030 820 1031 820 1032 820 1033 820 1033 820 1032 820 1034 820 1034 820 1032 820 1035 820 1034 820 1035 820 1036 820 1036 820 1035 820 1037 820 1036 820 1037 820 1038 820 1038 820 1037 820 1039 820 1038 820 1039 820 1040 820 1023 820 1022 820 1041 820 1041 820 1022 820 1042 820 1041 820 1042 820 1043 820 1043 820 1042 820 1044 820 1043 820 1044 820 1045 820 1045 820 1044 820 1046 820 1045 820 1046 820 1047 820 1047 820 1046 820 1048 820 1047 820 1048 820 1049 820 1049 820 1048 820 1050 820 1049 820 1050 820 1051 820 1051 820 1050 820 1052 820 1051 820 1052 820 1039 820 1039 820 1052 820 1053 820 1039 820 1053 820 1040 820 1033 820 1054 820 1031 820 1031 820 1054 820 1055 820 1031 820 1055 820 1056 820 1056 820 1055 820 1057 820 1056 820 1057 820 1029 820 1029 820 1057 820 1058 820 1029 820 1058 820 1030 820 1059 820 1060 820 1061 820 1061 820 1060 820 1062 820 1061 820 1062 820 1063 820 1063 820 1062 820 1064 820 1063 820 1064 820 1065 820 1065 820 1064 820 1066 820 1065 820 1066 820 1067 820 1067 820 1066 820 1068 820 1067 820 1068 820 1069 820 1070 820 1071 820 1072 820 1072 820 1071 820 1073 820 1073 820 1071 820 1074 820 1073 820 1074 820 1075 820 1075 820 1074 820 1076 820 1075 820 1076 820 1077 820 1077 820 1076 820 1078 820 1077 820 1078 820 1079 820 1079 820 1078 820 1080 820 1079 820 1080 820 1081 820 1081 820 1080 820 1082 820 1081 820 1082 820 1068 820 1068 820 1082 820 1083 820 1068 820 1083 820 1069 820 1072 820 1084 820 1070 820 1070 820 1084 820 1085 820 1070 820 1085 820 1086 820 1086 820 1085 820 1087 820 1059 820 1088 820 1060 820 1060 820 1088 820 1089 820 1060 820 1089 820 1090 820 1090 820 1089 820 1091 820 1090 820 1091 820 1092 820 1091 820 1093 820 1092 820 1092 820 1093 820 1015 820 1092 820 1015 820 1094 820 1094 820 1015 820 1016 820 1094 820 1016 820 1095 820 1095 820 1016 820 1096 820 1095 820 1096 820 1097 820 1097 820 1096 820 1098 820 1097 820 1098 820 1085 820 1085 820 1098 820 1099 820 1085 820 1099 820 1087 820 1100 821 1101 821 1102 821 1103 821 1104 821 1105 821 1105 822 1104 822 1106 822 1100 822 1102 822 1107 822 1106 823 1108 823 1105 823 1105 824 1108 824 1109 824 1105 825 1109 825 1100 825 1100 826 1109 826 1110 826 1100 827 1110 827 1101 827 1102 828 1111 828 1107 828 1107 821 1111 821 1112 821 1107 822 1112 822 1113 822 1113 829 1112 829 1114 829 1113 823 1114 823 1115 823 1115 830 1114 830 1116 830 1115 831 1116 831 1117 831 1117 832 1116 832 1118 832 1117 833 1118 833 1119 833 1119 834 1118 834 1120 834 1120 830 1118 830 1121 830 1120 822 1121 822 1103 822 1103 824 1121 824 1122 824 1103 835 1122 835 1104 835 1123 836 1124 836 1125 836 1125 836 1124 836 1126 836 1125 836 1126 836 1002 836 1002 836 1126 836 1127 836 1128 836 1002 836 1129 836 1129 836 1002 836 1001 836 1130 836 1131 836 1125 836 1125 836 1131 836 1132 836 1125 836 1132 836 1133 836 1128 836 1134 836 1002 836 1002 836 1134 836 1135 836 1002 836 1135 836 1125 836 1125 836 1135 836 1136 836 1125 836 1136 836 1130 836 1137 820 1138 820 1139 820 1139 820 1138 820 1140 820 1141 820 1142 820 1143 820 1143 820 1142 820 1139 820 1143 820 1139 820 1144 820 1145 820 1146 820 1147 820 1147 820 1146 820 1148 820 1147 820 1148 820 1140 820 1140 820 1148 820 1126 820 1140 820 1126 820 1139 820 1139 820 1126 820 1124 820 1139 820 1124 820 1144 820 1149 837 1150 837 1138 837 1138 837 1150 837 1151 837 1138 837 1151 837 1107 837 1152 837 1153 837 1154 837 1154 837 1155 837 1152 837 1152 837 1155 837 1156 837 1152 837 1156 837 1157 837 1157 837 1156 837 1158 837 1157 837 1158 837 1137 837 1137 837 1158 837 1159 837 1137 837 1159 837 1160 837 1160 837 1161 837 1137 837 1137 837 1161 837 1162 837 1137 837 1162 837 1138 837 1138 837 1162 837 1163 837 1138 837 1163 837 1149 837 1164 837 1165 837 1166 837 1166 837 1165 837 1100 837 1166 837 1100 837 998 837 998 837 1100 837 1107 837 998 837 1107 837 999 837 999 837 1107 837 1151 837 1167 838 1168 838 1169 838 1170 823 1171 823 1172 823 1173 828 1152 828 1174 828 1174 825 1152 825 1157 825 1172 825 1171 825 1175 825 1169 825 1168 825 1157 825 1157 839 1168 839 1176 839 1157 840 1176 840 1174 840 1171 822 1177 822 1175 822 1175 841 1177 841 1178 841 1175 822 1178 822 1179 822 1179 823 1178 823 1180 823 1179 842 1180 842 1181 842 1181 838 1180 838 1182 838 1181 833 1182 833 1183 833 1183 832 1182 832 1167 832 1183 831 1167 831 1184 831 1184 825 1167 825 1169 825 1173 821 1185 821 1152 821 1152 839 1185 839 1186 839 1152 825 1186 825 1172 825 1172 826 1186 826 1187 826 1172 843 1187 843 1170 843 1188 836 1189 836 1190 836 1188 836 1190 836 1191 836 1192 836 1193 836 1194 836 1194 836 1193 836 1195 836 1194 836 1195 836 1175 836 1175 836 1195 836 1009 836 1175 836 1009 836 1172 836 1196 836 1197 836 1198 836 1198 836 1197 836 1199 836 1198 836 1199 836 1105 836 1105 836 1199 836 1191 836 1105 836 1191 836 1103 836 1103 836 1191 836 1190 836 1189 836 1200 836 1190 836 1190 836 1200 836 1201 836 1190 836 1201 836 1194 836 1194 836 1201 836 1202 836 1194 836 1202 836 1192 836 1203 836 1204 836 1205 836 1205 836 1204 836 1172 836 1205 836 1172 836 1008 836 1008 836 1172 836 1009 836 1206 820 1207 820 1208 820 1190 820 1194 820 1207 820 1207 820 1194 820 1209 820 1207 820 1209 820 1208 820 1208 820 1209 820 1210 820 1211 820 1212 820 1213 820 1213 820 1212 820 1210 820 1213 820 1210 820 1214 820 1214 820 1210 820 1209 820 1215 820 1216 820 1208 820 1208 820 1216 820 1217 820 1208 820 1217 820 1206 820 1208 837 1210 837 1218 837 1218 837 1012 837 1208 837 1208 837 1012 837 1219 837 1208 837 1219 837 1220 837 1221 837 1012 837 1222 837 1222 837 1012 837 1011 837 1223 837 1224 837 1219 837 1219 837 1224 837 1225 837 1219 837 1225 837 1226 837 1221 837 1227 837 1012 837 1012 837 1227 837 1228 837 1012 837 1228 837 1219 837 1219 837 1228 837 1229 837 1219 837 1229 837 1223 837 1136 844 1135 844 1162 844 1162 844 1135 844 1163 844 1202 844 1201 844 1228 844 1228 844 1201 844 1229 844 1191 818 1199 818 1226 818 1226 818 1199 818 1230 818 1231 818 1232 818 1226 818 1226 818 1232 818 1233 818 1226 818 1233 818 1219 818 1230 818 1054 818 1226 818 1226 818 1054 818 1033 818 1226 818 1033 818 1231 818 1158 819 1156 819 1133 819 1133 819 1156 819 1234 819 1235 819 1236 819 1133 819 1133 819 1236 819 1237 819 1133 819 1237 819 1125 819 1234 819 1059 819 1133 819 1133 819 1059 819 1061 819 1133 819 1061 819 1235 819 1042 845 1113 845 1115 845 1042 845 1115 845 1044 845 1044 846 1115 846 1238 846 1044 847 1238 847 1046 847 1046 848 1238 848 1119 848 1046 849 1119 849 1048 849 1048 850 1119 850 1120 850 1048 850 1120 850 1050 850 1190 851 1207 851 1103 851 1103 851 1207 851 1239 851 1240 852 1241 852 1103 852 1103 853 1241 853 1242 853 1103 854 1242 854 1243 854 1050 855 1120 855 1052 855 1052 856 1120 856 1103 856 1052 857 1103 857 1244 857 1239 858 1245 858 1103 858 1103 859 1245 859 1246 859 1103 860 1246 860 1240 860 1243 861 1247 861 1103 861 1103 862 1247 862 1248 862 1103 863 1248 863 1244 863 1107 864 1249 864 1250 864 1113 865 1042 865 1107 865 1107 866 1042 866 1022 866 1107 867 1022 867 1249 867 1250 868 1251 868 1107 868 1107 869 1251 869 1252 869 1107 870 1252 870 1253 870 1140 871 1138 871 1254 871 1254 871 1138 871 1107 871 1254 872 1107 872 1255 872 1255 873 1107 873 1253 873 1256 874 1257 874 1109 874 1109 875 1257 875 1258 875 1109 876 1258 876 1110 876 1110 877 1258 877 1259 877 1110 878 1259 878 1101 878 1101 878 1259 878 1260 878 1101 879 1260 879 1102 879 1102 879 1260 879 1261 879 1102 880 1261 880 1111 880 1111 880 1261 880 1262 880 1111 881 1262 881 1112 881 1112 881 1262 881 1263 881 1112 882 1263 882 1114 882 1114 882 1263 882 1264 882 1114 883 1264 883 1116 883 1116 883 1264 883 1265 883 1116 818 1265 818 1118 818 1118 818 1265 818 1266 818 1118 884 1266 884 1121 884 1121 884 1266 884 1267 884 1121 885 1267 885 1122 885 1122 885 1267 885 1268 885 1122 886 1268 886 1104 886 1104 886 1268 886 1269 886 1104 887 1269 887 1106 887 1106 887 1269 887 1270 887 1106 888 1270 888 1108 888 1108 888 1270 888 1256 888 1108 874 1256 874 1109 874 1071 889 1179 889 1181 889 1071 889 1181 889 1074 889 1074 890 1181 890 1271 890 1074 891 1271 891 1076 891 1076 892 1271 892 1184 892 1076 893 1184 893 1078 893 1078 894 1184 894 1169 894 1078 894 1169 894 1080 894 1137 895 1139 895 1157 895 1157 895 1139 895 1272 895 1273 896 1274 896 1157 896 1157 897 1274 897 1275 897 1157 898 1275 898 1276 898 1080 899 1169 899 1082 899 1082 900 1169 900 1157 900 1082 901 1157 901 1277 901 1272 902 1278 902 1157 902 1157 903 1278 903 1279 903 1157 904 1279 904 1273 904 1276 905 1280 905 1157 905 1157 906 1280 906 1281 906 1157 907 1281 907 1277 907 1175 908 1282 908 1283 908 1179 909 1071 909 1175 909 1175 910 1071 910 1070 910 1175 911 1070 911 1282 911 1283 912 1284 912 1175 912 1175 913 1284 913 1285 913 1175 914 1285 914 1286 914 1209 915 1194 915 1287 915 1287 915 1194 915 1175 915 1287 916 1175 916 1288 916 1288 917 1175 917 1286 917 1289 874 1290 874 1182 874 1182 918 1290 918 1291 918 1182 919 1291 919 1167 919 1167 920 1291 920 1292 920 1167 878 1292 878 1168 878 1168 878 1292 878 1293 878 1168 879 1293 879 1176 879 1176 879 1293 879 1294 879 1176 880 1294 880 1174 880 1174 880 1294 880 1295 880 1174 881 1295 881 1173 881 1173 881 1295 881 1296 881 1173 882 1296 882 1185 882 1185 882 1296 882 1297 882 1185 883 1297 883 1186 883 1186 883 1297 883 1298 883 1186 818 1298 818 1187 818 1187 818 1298 818 1299 818 1187 884 1299 884 1170 884 1170 884 1299 884 1300 884 1170 885 1300 885 1171 885 1171 885 1300 885 1301 885 1171 886 1301 886 1177 886 1177 886 1301 886 1302 886 1177 887 1302 887 1178 887 1178 887 1302 887 1303 887 1178 888 1303 888 1180 888 1180 888 1303 888 1289 888 1180 874 1289 874 1182 874 1261 820 1304 820 1262 820 1262 820 1304 820 1305 820 1262 820 1305 820 1263 820 1263 820 1305 820 1306 820 1263 820 1306 820 1264 820 1264 820 1306 820 1307 820 1264 820 1307 820 1265 820 1265 820 1307 820 1308 820 1265 820 1308 820 1266 820 1308 820 1309 820 1266 820 1266 820 1309 820 1310 820 1266 820 1310 820 1267 820 1267 820 1310 820 1311 820 1267 820 1311 820 1268 820 1311 820 1312 820 1268 820 1268 820 1312 820 1313 820 1268 820 1313 820 1269 820 1269 820 1313 820 1314 820 1269 820 1314 820 1270 820 1270 820 1314 820 1315 820 1270 820 1315 820 1256 820 1256 820 1315 820 1316 820 1256 820 1316 820 1257 820 1257 820 1316 820 1317 820 1257 820 1317 820 1258 820 1258 820 1317 820 1318 820 1258 820 1318 820 1259 820 1259 820 1318 820 1319 820 1259 820 1319 820 1260 820 1260 820 1319 820 1320 820 1260 820 1320 820 1261 820 1261 820 1320 820 1321 820 1261 820 1321 820 1304 820 1309 921 1045 921 1310 921 1310 921 1045 921 1047 921 1310 922 1047 922 1311 922 1311 922 1047 922 1049 922 1311 923 1049 923 1312 923 1312 923 1049 923 1051 923 1312 924 1051 924 1313 924 1313 924 1051 924 1039 924 1313 837 1039 837 1314 837 1314 837 1039 837 1037 837 1314 925 1037 925 1315 925 1315 925 1037 925 1035 925 1315 926 1035 926 1316 926 1316 926 1035 926 1032 926 1316 927 1032 927 1317 927 1317 927 1032 927 1031 927 1317 928 1031 928 1318 928 1318 928 1031 928 1056 928 1318 929 1056 929 1319 929 1319 929 1056 929 1029 929 1319 930 1029 930 1320 930 1320 930 1029 930 1028 930 1320 931 1028 931 1321 931 1321 931 1028 931 1027 931 1321 932 1027 932 1304 932 1304 932 1027 932 1025 932 1304 836 1025 836 1305 836 1305 836 1025 836 1018 836 1305 933 1018 933 1306 933 1306 933 1018 933 1023 933 1306 934 1023 934 1307 934 1307 934 1023 934 1041 934 1307 935 1041 935 1308 935 1308 935 1041 935 1043 935 1308 936 1043 936 1309 936 1309 936 1043 936 1045 936 1294 820 1322 820 1295 820 1295 820 1322 820 1323 820 1295 820 1323 820 1296 820 1296 820 1323 820 1324 820 1296 820 1324 820 1297 820 1297 820 1324 820 1325 820 1297 820 1325 820 1298 820 1298 820 1325 820 1326 820 1298 820 1326 820 1299 820 1326 820 1327 820 1299 820 1299 820 1327 820 1328 820 1299 820 1328 820 1300 820 1300 820 1328 820 1329 820 1300 820 1329 820 1301 820 1329 820 1330 820 1301 820 1301 820 1330 820 1331 820 1301 820 1331 820 1302 820 1302 820 1331 820 1332 820 1302 820 1332 820 1303 820 1303 820 1332 820 1333 820 1303 820 1333 820 1289 820 1289 820 1333 820 1334 820 1289 820 1334 820 1290 820 1290 820 1334 820 1335 820 1290 820 1335 820 1291 820 1291 820 1335 820 1336 820 1291 820 1336 820 1292 820 1292 820 1336 820 1337 820 1292 820 1337 820 1293 820 1293 820 1337 820 1338 820 1293 820 1338 820 1294 820 1294 820 1338 820 1339 820 1294 820 1339 820 1322 820 1327 937 1090 937 1328 937 1328 937 1090 937 1092 937 1328 938 1092 938 1329 938 1329 938 1092 938 1094 938 1329 923 1094 923 1330 923 1330 923 1094 923 1095 923 1330 924 1095 924 1331 924 1331 924 1095 924 1097 924 1331 837 1097 837 1332 837 1332 837 1097 837 1085 837 1332 925 1085 925 1333 925 1333 925 1085 925 1084 925 1333 926 1084 926 1334 926 1334 926 1084 926 1072 926 1334 939 1072 939 1335 939 1335 939 1072 939 1073 939 1335 940 1073 940 1336 940 1336 940 1073 940 1075 940 1336 941 1075 941 1337 941 1337 941 1075 941 1077 941 1337 942 1077 942 1338 942 1338 942 1077 942 1079 942 1338 931 1079 931 1339 931 1339 931 1079 931 1081 931 1339 932 1081 932 1322 932 1322 932 1081 932 1068 932 1322 836 1068 836 1323 836 1323 836 1068 836 1066 836 1323 933 1066 933 1324 933 1324 933 1066 933 1064 933 1324 934 1064 934 1325 934 1325 934 1064 934 1062 934 1325 943 1062 943 1326 943 1326 943 1062 943 1060 943 1326 944 1060 944 1327 944 1327 944 1060 944 1090 944 1239 945 1207 945 1340 945 1340 946 1207 946 1206 946 1341 947 1342 947 1217 947 1217 948 1342 948 1343 948 1217 949 1343 949 1206 949 1206 950 1343 950 1344 950 1206 951 1344 951 1340 951 1341 952 1217 952 1345 952 1345 953 1217 953 1216 953 1345 954 1216 954 1346 954 1346 955 1216 955 1347 955 1347 956 1216 956 1215 956 1347 957 1215 957 1348 957 1348 958 1215 958 1349 958 1349 959 1215 959 1208 959 1349 960 1208 960 1220 960 1218 961 1210 961 1350 961 1350 962 1210 962 1212 962 1211 963 1351 963 1212 963 1212 964 1351 964 1352 964 1212 965 1352 965 1350 965 1353 966 1354 966 1213 966 1213 967 1354 967 1355 967 1213 968 1355 968 1211 968 1211 969 1355 969 1356 969 1211 970 1356 970 1351 970 1353 971 1213 971 1357 971 1357 972 1213 972 1214 972 1357 973 1214 973 1358 973 1358 974 1214 974 1359 974 1359 975 1214 975 1209 975 1359 976 1209 976 1287 976 1272 977 1139 977 1360 977 1360 978 1139 978 1142 978 1141 979 1361 979 1142 979 1142 980 1361 980 1362 980 1142 981 1362 981 1360 981 1363 982 1364 982 1143 982 1143 983 1364 983 1365 983 1143 984 1365 984 1141 984 1141 985 1365 985 1366 985 1141 986 1366 986 1361 986 1363 987 1143 987 1367 987 1367 988 1143 988 1144 988 1367 989 1144 989 1368 989 1368 990 1144 990 1369 990 1369 991 1144 991 1124 991 1369 992 1124 992 1123 992 1127 993 1126 993 1370 993 1370 994 1126 994 1148 994 1371 995 1372 995 1146 995 1146 996 1372 996 1373 996 1146 997 1373 997 1148 997 1148 998 1373 998 1374 998 1148 999 1374 999 1370 999 1371 1000 1146 1000 1375 1000 1375 1001 1146 1001 1145 1001 1375 1002 1145 1002 1376 1002 1376 1003 1145 1003 1377 1003 1377 1004 1145 1004 1147 1004 1377 1005 1147 1005 1378 1005 1378 1006 1147 1006 1379 1006 1379 1007 1147 1007 1140 1007 1379 1008 1140 1008 1254 1008 1234 1009 1156 1009 1380 1009 1380 1010 1156 1010 1155 1010 1154 1011 1381 1011 1155 1011 1155 1012 1381 1012 1382 1012 1155 1013 1382 1013 1380 1013 1204 1014 1203 1014 1383 1014 1383 1015 1384 1015 1204 1015 1204 1016 1384 1016 1385 1016 1204 1017 1385 1017 1386 1017 1386 1018 1387 1018 1153 1018 1153 1019 1387 1019 1388 1019 1153 1020 1388 1020 1154 1020 1154 1021 1388 1021 1389 1021 1154 1022 1389 1022 1381 1022 1205 1023 1008 1023 1010 1023 1010 1024 1390 1024 1205 1024 1205 1025 1390 1025 1391 1025 1205 1026 1391 1026 1203 1026 1203 1027 1391 1027 1392 1027 1203 1028 1392 1028 1383 1028 1386 1029 1153 1029 1204 1029 1204 1030 1153 1030 1152 1030 1204 1031 1152 1031 1172 1031 1230 1032 1199 1032 1393 1032 1393 1033 1199 1033 1197 1033 1196 1034 1394 1034 1197 1034 1197 1035 1394 1035 1395 1035 1197 1036 1395 1036 1393 1036 1165 1037 1164 1037 1396 1037 1396 1038 1397 1038 1165 1038 1165 1039 1397 1039 1398 1039 1165 1040 1398 1040 1399 1040 1399 1041 1400 1041 1198 1041 1198 1042 1400 1042 1401 1042 1198 1043 1401 1043 1196 1043 1196 1044 1401 1044 1402 1044 1196 1045 1402 1045 1394 1045 1166 1046 998 1046 1000 1046 1000 1047 1403 1047 1166 1047 1166 1048 1403 1048 1404 1048 1166 1049 1404 1049 1164 1049 1164 1050 1404 1050 1405 1050 1164 1051 1405 1051 1396 1051 1399 1052 1198 1052 1165 1052 1165 1053 1198 1053 1105 1053 1165 1054 1105 1054 1100 1054 1202 1055 1228 1055 1192 1055 1192 1055 1228 1055 1227 1055 1192 1056 1227 1056 1193 1056 1193 1056 1227 1056 1221 1056 1193 1057 1221 1057 1195 1057 1195 1057 1221 1057 1222 1057 1195 1058 1222 1058 1009 1058 1009 1058 1222 1058 1011 1058 1191 1059 1226 1059 1188 1059 1188 1059 1226 1059 1225 1059 1188 1060 1225 1060 1189 1060 1189 1060 1225 1060 1224 1060 1189 1061 1224 1061 1200 1061 1200 1061 1224 1061 1223 1061 1200 1062 1223 1062 1201 1062 1201 1062 1223 1062 1229 1062 1136 1055 1162 1055 1130 1055 1130 1055 1162 1055 1161 1055 1130 1056 1161 1056 1131 1056 1131 1056 1161 1056 1160 1056 1131 1057 1160 1057 1132 1057 1132 1057 1160 1057 1159 1057 1132 1058 1159 1058 1133 1058 1133 1058 1159 1058 1158 1058 1001 1059 999 1059 1129 1059 1129 1059 999 1059 1151 1059 1129 1060 1151 1060 1128 1060 1128 1060 1151 1060 1150 1060 1128 1061 1150 1061 1134 1061 1134 1061 1150 1061 1149 1061 1134 1062 1149 1062 1135 1062 1135 1062 1149 1062 1163 1062 1406 1063 1096 1063 1017 1063 1017 1064 1096 1064 1016 1064 1406 1065 1017 1065 1407 1065 1407 1066 1017 1066 1014 1066 1407 1067 1014 1067 1408 1067 1408 1068 1014 1068 1409 1068 1409 1069 1014 1069 1013 1069 1409 1070 1013 1070 1410 1070 1410 1071 1013 1071 1012 1071 1410 1072 1012 1072 1218 1072 1408 1073 1409 1073 1411 1073 1284 1074 1412 1074 1285 1074 1283 1075 1282 1075 1413 1075 1412 1076 1414 1076 1285 1076 1285 1077 1414 1077 1415 1077 1285 1078 1415 1078 1286 1078 1096 1079 1406 1079 1098 1079 1098 1080 1406 1080 1416 1080 1098 1081 1416 1081 1099 1081 1099 1082 1416 1082 1417 1082 1099 1083 1417 1083 1087 1083 1087 1083 1417 1083 1418 1083 1087 1084 1418 1084 1086 1084 1086 1085 1418 1085 1419 1085 1086 1086 1419 1086 1070 1086 1406 1087 1407 1087 1416 1087 1416 1088 1407 1088 1420 1088 1416 1089 1420 1089 1417 1089 1417 1090 1420 1090 1421 1090 1417 1091 1421 1091 1418 1091 1418 1092 1421 1092 1422 1092 1418 1093 1422 1093 1419 1093 1419 1094 1422 1094 1423 1094 1407 1095 1408 1095 1420 1095 1420 1096 1408 1096 1411 1096 1420 1097 1411 1097 1421 1097 1421 1098 1411 1098 1424 1098 1421 1099 1424 1099 1422 1099 1422 1100 1424 1100 1425 1100 1422 1101 1425 1101 1423 1101 1423 1102 1425 1102 1426 1102 1283 1103 1413 1103 1284 1103 1284 1104 1413 1104 1427 1104 1284 1105 1427 1105 1412 1105 1412 1106 1427 1106 1428 1106 1412 1107 1428 1107 1414 1107 1409 1108 1410 1108 1411 1108 1411 1109 1410 1109 1429 1109 1411 1110 1429 1110 1424 1110 1424 1111 1429 1111 1430 1111 1424 1112 1430 1112 1425 1112 1425 1113 1430 1113 1431 1113 1425 1114 1431 1114 1426 1114 1426 1115 1431 1115 1432 1115 1287 1116 1288 1116 1359 1116 1359 1117 1288 1117 1286 1117 1359 1118 1286 1118 1358 1118 1358 1119 1286 1119 1415 1119 1358 1120 1415 1120 1357 1120 1357 1121 1415 1121 1414 1121 1357 1122 1414 1122 1353 1122 1353 1123 1414 1123 1428 1123 1353 1124 1428 1124 1354 1124 1070 1125 1419 1125 1282 1125 1282 1126 1419 1126 1423 1126 1282 1127 1423 1127 1413 1127 1413 1128 1423 1128 1426 1128 1413 1129 1426 1129 1427 1129 1427 1130 1426 1130 1432 1130 1427 1131 1432 1131 1428 1131 1428 1132 1432 1132 1355 1132 1428 1133 1355 1133 1354 1133 1410 1134 1218 1134 1429 1134 1429 1135 1218 1135 1350 1135 1429 1136 1350 1136 1430 1136 1430 1137 1350 1137 1352 1137 1430 1138 1352 1138 1431 1138 1431 1139 1352 1139 1351 1139 1431 1140 1351 1140 1432 1140 1432 1141 1351 1141 1356 1141 1432 1142 1356 1142 1355 1142 1220 1143 1219 1143 1233 1143 1033 1144 1034 1144 1433 1144 1033 1145 1433 1145 1231 1145 1231 1146 1433 1146 1434 1146 1231 1147 1434 1147 1232 1147 1434 1067 1435 1067 1232 1067 1232 1068 1435 1068 1436 1068 1232 1148 1436 1148 1233 1148 1233 1149 1436 1149 1437 1149 1233 1150 1437 1150 1220 1150 1438 1151 1439 1151 1440 1151 1040 1152 1053 1152 1441 1152 1241 1153 1240 1153 1442 1153 1442 1154 1240 1154 1246 1154 1442 1155 1246 1155 1340 1155 1340 1156 1246 1156 1245 1156 1340 1157 1245 1157 1239 1157 1242 1158 1443 1158 1243 1158 1243 1159 1443 1159 1247 1159 1247 1160 1443 1160 1248 1160 1248 1161 1443 1161 1441 1161 1248 1162 1441 1162 1244 1162 1244 1163 1441 1163 1053 1163 1244 1164 1053 1164 1052 1164 1433 1165 1034 1165 1444 1165 1444 1166 1034 1166 1036 1166 1444 1167 1036 1167 1445 1167 1434 1168 1433 1168 1446 1168 1446 1169 1433 1169 1444 1169 1446 1170 1444 1170 1447 1170 1447 1171 1444 1171 1445 1171 1447 1172 1445 1172 1448 1172 1038 1173 1040 1173 1449 1173 1449 1174 1040 1174 1441 1174 1449 1175 1441 1175 1450 1175 1450 1176 1441 1176 1443 1176 1450 1177 1443 1177 1438 1177 1438 1178 1443 1178 1242 1178 1438 1179 1242 1179 1439 1179 1439 1180 1242 1180 1241 1180 1439 1181 1241 1181 1440 1181 1440 1182 1241 1182 1442 1182 1440 1183 1442 1183 1344 1183 1344 1184 1442 1184 1340 1184 1451 1185 1436 1185 1446 1185 1446 1186 1436 1186 1435 1186 1446 1187 1435 1187 1434 1187 1451 1188 1446 1188 1452 1188 1452 1189 1446 1189 1447 1189 1452 1190 1447 1190 1453 1190 1453 1191 1447 1191 1448 1191 1453 1192 1448 1192 1454 1192 1437 1193 1436 1193 1455 1193 1455 1194 1436 1194 1451 1194 1455 1195 1451 1195 1456 1195 1456 1196 1451 1196 1452 1196 1456 1197 1452 1197 1457 1197 1457 1198 1452 1198 1453 1198 1457 1199 1453 1199 1458 1199 1458 1200 1453 1200 1454 1200 1458 1201 1454 1201 1459 1201 1220 1202 1437 1202 1349 1202 1349 1203 1437 1203 1455 1203 1349 1204 1455 1204 1348 1204 1348 1205 1455 1205 1456 1205 1348 1206 1456 1206 1347 1206 1347 1207 1456 1207 1457 1207 1347 1208 1457 1208 1346 1208 1346 1209 1457 1209 1458 1209 1343 1210 1342 1210 1459 1210 1459 1211 1342 1211 1341 1211 1459 1212 1341 1212 1458 1212 1458 1213 1341 1213 1345 1213 1458 1214 1345 1214 1346 1214 1036 1215 1038 1215 1445 1215 1445 1216 1038 1216 1449 1216 1445 1217 1449 1217 1448 1217 1448 1218 1449 1218 1450 1218 1448 1219 1450 1219 1454 1219 1454 1220 1450 1220 1438 1220 1454 1221 1438 1221 1459 1221 1459 1222 1438 1222 1440 1222 1459 1223 1440 1223 1343 1223 1343 1224 1440 1224 1344 1224 1460 1225 1123 1225 1237 1225 1237 1226 1123 1226 1125 1226 1460 1227 1237 1227 1461 1227 1461 1228 1237 1228 1236 1228 1461 1229 1236 1229 1462 1229 1462 1230 1236 1230 1463 1230 1463 1231 1236 1231 1235 1231 1463 1232 1235 1232 1464 1232 1464 1233 1235 1233 1061 1233 1464 1234 1061 1234 1063 1234 1465 1235 1466 1235 1467 1235 1069 1236 1083 1236 1468 1236 1274 1237 1273 1237 1469 1237 1469 1238 1273 1238 1279 1238 1469 1239 1279 1239 1360 1239 1360 1240 1279 1240 1278 1240 1360 1241 1278 1241 1272 1241 1275 1242 1470 1242 1276 1242 1276 1243 1470 1243 1280 1243 1280 1244 1470 1244 1281 1244 1281 1245 1470 1245 1468 1245 1281 1246 1468 1246 1277 1246 1277 1247 1468 1247 1083 1247 1277 1248 1083 1248 1082 1248 1464 1249 1063 1249 1471 1249 1471 1250 1063 1250 1065 1250 1471 1251 1065 1251 1472 1251 1463 1252 1464 1252 1473 1252 1473 1253 1464 1253 1471 1253 1473 1254 1471 1254 1474 1254 1474 1255 1471 1255 1472 1255 1474 1256 1472 1256 1475 1256 1067 1257 1069 1257 1476 1257 1476 1258 1069 1258 1468 1258 1476 1259 1468 1259 1477 1259 1477 1260 1468 1260 1470 1260 1477 1261 1470 1261 1465 1261 1465 1262 1470 1262 1275 1262 1465 1263 1275 1263 1466 1263 1466 1264 1275 1264 1274 1264 1466 1265 1274 1265 1467 1265 1467 1266 1274 1266 1469 1266 1467 1267 1469 1267 1362 1267 1362 1268 1469 1268 1360 1268 1478 1269 1461 1269 1473 1269 1473 1270 1461 1270 1462 1270 1473 1271 1462 1271 1463 1271 1478 1272 1473 1272 1479 1272 1479 1273 1473 1273 1474 1273 1479 1274 1474 1274 1480 1274 1480 1275 1474 1275 1475 1275 1480 1276 1475 1276 1481 1276 1460 1277 1461 1277 1482 1277 1482 1278 1461 1278 1478 1278 1482 1279 1478 1279 1483 1279 1483 1280 1478 1280 1479 1280 1483 1281 1479 1281 1484 1281 1484 1282 1479 1282 1480 1282 1484 1283 1480 1283 1485 1283 1485 1284 1480 1284 1481 1284 1485 1285 1481 1285 1486 1285 1123 1286 1460 1286 1369 1286 1369 1287 1460 1287 1482 1287 1369 1288 1482 1288 1368 1288 1368 1289 1482 1289 1483 1289 1368 1290 1483 1290 1367 1290 1367 1291 1483 1291 1484 1291 1367 1292 1484 1292 1363 1292 1363 1293 1484 1293 1485 1293 1361 1294 1366 1294 1486 1294 1486 1295 1366 1295 1365 1295 1486 1296 1365 1296 1485 1296 1485 1297 1365 1297 1364 1297 1485 1298 1364 1298 1363 1298 1065 1299 1067 1299 1472 1299 1472 1300 1067 1300 1476 1300 1472 1301 1476 1301 1475 1301 1475 1302 1476 1302 1477 1302 1475 1303 1477 1303 1481 1303 1481 1304 1477 1304 1465 1304 1481 1305 1465 1305 1486 1305 1486 1306 1465 1306 1467 1306 1486 1307 1467 1307 1361 1307 1361 1308 1467 1308 1362 1308 1026 1309 1006 1309 1007 1309 1002 1310 1127 1310 1487 1310 1002 1311 1487 1311 1003 1311 1003 1312 1487 1312 1488 1312 1003 1313 1488 1313 1004 1313 1488 1229 1489 1229 1004 1229 1004 1230 1489 1230 1490 1230 1004 1314 1490 1314 1007 1314 1007 1315 1490 1315 1491 1315 1007 1316 1491 1316 1026 1316 1489 1317 1488 1317 1492 1317 1251 1318 1493 1318 1252 1318 1250 1319 1249 1319 1494 1319 1493 1320 1495 1320 1252 1320 1252 1321 1495 1321 1496 1321 1252 1322 1496 1322 1253 1322 1026 1323 1491 1323 1024 1323 1024 1324 1491 1324 1497 1324 1024 1325 1497 1325 1019 1325 1019 1326 1497 1326 1498 1326 1019 1327 1498 1327 1020 1327 1020 1327 1498 1327 1499 1327 1020 1328 1499 1328 1021 1328 1021 1329 1499 1329 1500 1329 1021 1330 1500 1330 1022 1330 1491 1331 1490 1331 1497 1331 1497 1332 1490 1332 1501 1332 1497 1333 1501 1333 1498 1333 1498 1334 1501 1334 1502 1334 1498 1335 1502 1335 1499 1335 1499 1336 1502 1336 1503 1336 1499 1337 1503 1337 1500 1337 1500 1338 1503 1338 1504 1338 1490 1339 1489 1339 1501 1339 1501 1340 1489 1340 1492 1340 1501 1341 1492 1341 1502 1341 1502 1342 1492 1342 1505 1342 1502 1343 1505 1343 1503 1343 1503 1344 1505 1344 1506 1344 1503 1345 1506 1345 1504 1345 1504 1346 1506 1346 1507 1346 1250 1347 1494 1347 1251 1347 1251 1348 1494 1348 1508 1348 1251 1349 1508 1349 1493 1349 1493 1350 1508 1350 1509 1350 1493 1351 1509 1351 1495 1351 1488 1352 1487 1352 1492 1352 1492 1353 1487 1353 1510 1353 1492 1354 1510 1354 1505 1354 1505 1355 1510 1355 1511 1355 1505 1356 1511 1356 1506 1356 1506 1357 1511 1357 1512 1357 1506 1358 1512 1358 1507 1358 1507 1359 1512 1359 1513 1359 1254 1360 1255 1360 1379 1360 1379 1361 1255 1361 1253 1361 1379 1362 1253 1362 1378 1362 1378 1363 1253 1363 1496 1363 1378 1364 1496 1364 1377 1364 1377 1365 1496 1365 1495 1365 1377 1366 1495 1366 1376 1366 1376 1367 1495 1367 1509 1367 1376 1368 1509 1368 1375 1368 1022 1369 1500 1369 1249 1369 1249 1370 1500 1370 1504 1370 1249 1371 1504 1371 1494 1371 1494 1372 1504 1372 1507 1372 1494 1373 1507 1373 1508 1373 1508 1374 1507 1374 1513 1374 1508 1375 1513 1375 1509 1375 1509 1376 1513 1376 1371 1376 1509 1377 1371 1377 1375 1377 1487 1378 1127 1378 1510 1378 1510 1379 1127 1379 1370 1379 1510 1380 1370 1380 1511 1380 1511 1381 1370 1381 1374 1381 1511 1382 1374 1382 1512 1382 1512 1383 1374 1383 1373 1383 1512 1384 1373 1384 1513 1384 1513 1385 1373 1385 1372 1385 1513 1386 1372 1386 1371 1386 1404 1387 1403 1387 1000 1387 1404 1388 1000 1388 1514 1388 1514 1389 1000 1389 1005 1389 1514 1390 1005 1390 1030 1390 1058 1391 1397 1391 1030 1391 1030 1392 1397 1392 1396 1392 1030 1393 1396 1393 1514 1393 1514 1394 1396 1394 1405 1394 1514 1395 1405 1395 1404 1395 1057 1396 1399 1396 1058 1396 1058 1397 1399 1397 1398 1397 1058 1398 1398 1398 1397 1398 1055 1399 1054 1399 1230 1399 1395 1400 1394 1400 1515 1400 1515 1401 1394 1401 1402 1401 1515 1402 1402 1402 1055 1402 1055 1403 1402 1403 1401 1403 1055 1404 1401 1404 1057 1404 1057 1405 1401 1405 1400 1405 1057 1406 1400 1406 1399 1406 1055 1407 1230 1407 1515 1407 1515 1408 1230 1408 1393 1408 1515 1409 1393 1409 1395 1409 1391 1410 1390 1410 1010 1410 1391 1411 1010 1411 1516 1411 1516 1412 1010 1412 1015 1412 1516 1413 1015 1413 1093 1413 1091 1414 1384 1414 1093 1414 1093 1415 1384 1415 1383 1415 1093 1416 1383 1416 1516 1416 1516 1417 1383 1417 1392 1417 1516 1418 1392 1418 1391 1418 1089 1419 1386 1419 1091 1419 1091 1420 1386 1420 1385 1420 1091 1421 1385 1421 1384 1421 1088 1422 1059 1422 1234 1422 1382 1423 1381 1423 1517 1423 1517 1424 1381 1424 1389 1424 1517 1425 1389 1425 1088 1425 1088 1426 1389 1426 1388 1426 1088 1427 1388 1427 1089 1427 1089 1428 1388 1428 1387 1428 1089 1429 1387 1429 1386 1429 1088 1430 1234 1430 1517 1430 1517 1431 1234 1431 1380 1431 1517 1432 1380 1432 1382 1432 1518 1433 1519 1433 1520 1433 1521 1433 1522 1433 1523 1433 1524 1433 1525 1433 1526 1433 1527 1433 1528 1433 1529 1433 1530 1433 1531 1433 1532 1433 1533 1433 1534 1433 1535 1433 1536 1433 1537 1433 1538 1433 1539 1433 1540 1433 1541 1433 1542 1433 1543 1433 1544 1433 1545 1433 1546 1433 1547 1433 1547 1433 1546 1433 1548 1433 1547 1433 1548 1433 1549 1433 1550 1433 1551 1433 1552 1433 1553 1433 1554 1433 1555 1433 1553 1433 1555 1433 1556 1433 1553 1433 1557 1433 1554 1433 1554 1433 1557 1433 1558 1433 1554 1433 1558 1433 1548 1433 1548 1433 1558 1433 1559 1433 1548 1433 1559 1433 1549 1433 1545 1433 1560 1433 1546 1433 1546 1433 1560 1433 1561 1433 1546 1433 1561 1433 1551 1433 1551 1433 1561 1433 1562 1433 1551 1433 1562 1433 1552 1433 1555 1433 1563 1433 1556 1433 1556 1433 1563 1433 1564 1433 1556 1433 1564 1433 1552 1433 1552 1433 1564 1433 1565 1433 1552 1433 1565 1433 1550 1433 1554 1433 1566 1433 1567 1433 1567 1433 1566 1433 1568 1433 1569 1433 1570 1433 1571 1433 1571 1433 1572 1433 1573 1433 1573 1433 1572 1433 1574 1433 1573 1433 1574 1433 1575 1433 1576 1433 1551 1433 1569 1433 1569 1433 1551 1433 1577 1433 1569 1433 1577 1433 1570 1433 1576 1433 1578 1433 1551 1433 1551 1433 1578 1433 1579 1433 1551 1433 1579 1433 1546 1433 1546 1433 1579 1433 1580 1433 1546 1433 1580 1433 1581 1433 1574 1433 1582 1433 1575 1433 1575 1433 1582 1433 1583 1433 1575 1433 1583 1433 1584 1433 1584 1433 1583 1433 1585 1433 1584 1433 1585 1433 1586 1433 1586 1433 1585 1433 1587 1433 1586 1433 1587 1433 1566 1433 1566 1433 1587 1433 1588 1433 1566 1433 1588 1433 1568 1433 1589 1433 1590 1433 1591 1433 1591 1433 1590 1433 1592 1433 1589 1433 1591 1433 1593 1433 1593 1433 1591 1433 1594 1433 1593 1433 1594 1433 1595 1433 1595 1433 1594 1433 1596 1433 1595 1433 1596 1433 1597 1433 1597 1433 1596 1433 1598 1433 1598 1433 1596 1433 1599 1433 1598 1433 1599 1433 1600 1433 1600 1433 1599 1433 1601 1433 1600 1433 1601 1433 1602 1433 1603 1433 1604 1433 1601 1433 1601 1433 1604 1433 1605 1433 1601 1433 1605 1433 1602 1433 1606 1433 1607 1433 1603 1433 1603 1433 1607 1433 1608 1433 1603 1433 1608 1433 1604 1433 1609 1433 1610 1433 1611 1433 1611 1433 1610 1433 1607 1433 1611 1433 1607 1433 1612 1433 1612 1433 1607 1433 1606 1433 1613 1433 1614 1433 1615 1433 1590 1433 1616 1433 1592 1433 1592 1433 1616 1433 1617 1433 1592 1433 1617 1433 1618 1433 1618 1433 1617 1433 1619 1433 1618 1433 1619 1433 1620 1433 1621 1433 1622 1433 1623 1433 1623 1433 1622 1433 1624 1433 1623 1433 1624 1433 1601 1433 1601 1433 1624 1433 1625 1433 1601 1433 1625 1433 1603 1433 1621 1433 1623 1433 1626 1433 1626 1433 1623 1433 1627 1433 1626 1433 1627 1433 1628 1433 1629 1433 1630 1433 1631 1433 1631 1433 1630 1433 1632 1433 1632 1433 1633 1433 1631 1433 1631 1433 1633 1433 1634 1433 1631 1433 1634 1433 1635 1433 1609 1433 1636 1433 1610 1433 1610 1433 1636 1433 1637 1433 1610 1433 1637 1433 1638 1433 1638 1433 1637 1433 1639 1433 1638 1433 1639 1433 1634 1433 1634 1433 1639 1433 1640 1433 1634 1433 1640 1433 1635 1433 1540 1433 1539 1433 1641 1433 1641 1433 1539 1433 1642 1433 1641 1433 1642 1433 1643 1433 1643 1433 1642 1433 1644 1433 1644 1433 1642 1433 1645 1433 1644 1433 1645 1433 1646 1433 1646 1433 1645 1433 1647 1433 1647 1433 1645 1433 1648 1433 1647 1433 1648 1433 1649 1433 1650 1433 1651 1433 1652 1433 1652 1433 1651 1433 1649 1433 1649 1433 1651 1433 1653 1433 1649 1433 1653 1433 1647 1433 1654 1433 1655 1433 1656 1433 1657 1433 1658 1433 1581 1433 1656 1433 1655 1433 1581 1433 1650 1433 1659 1433 1660 1433 1660 1433 1659 1433 1661 1433 1660 1433 1661 1433 1662 1433 1662 1433 1661 1433 1663 1433 1662 1433 1663 1433 1656 1433 1656 1433 1663 1433 1664 1433 1656 1433 1664 1433 1654 1433 1658 1433 1665 1433 1581 1433 1581 1433 1665 1433 1666 1433 1581 1433 1666 1433 1546 1433 1546 1433 1666 1433 1667 1433 1546 1433 1667 1433 1668 1433 1669 1433 1670 1433 1671 1433 1655 1433 1672 1433 1581 1433 1581 1433 1672 1433 1673 1433 1581 1433 1673 1433 1674 1433 1675 1433 1671 1433 1663 1433 1663 1433 1671 1433 1676 1433 1663 1433 1676 1433 1664 1433 1677 1433 1657 1433 1678 1433 1678 1433 1657 1433 1581 1433 1678 1433 1581 1433 1679 1433 1679 1433 1581 1433 1674 1433 1669 1433 1671 1433 1680 1433 1571 1433 1573 1433 1569 1433 1569 1433 1573 1433 1681 1433 1569 1433 1681 1433 1682 1433 1682 1433 1681 1433 1683 1433 1683 1433 1681 1433 1684 1433 1683 1433 1684 1433 1685 1433 1536 1433 1538 1433 1686 1433 1687 1433 1688 1433 1689 1433 1689 1433 1688 1433 1690 1433 1690 1433 1691 1433 1689 1433 1689 1433 1691 1433 1692 1433 1689 1433 1692 1433 1693 1433 1533 1433 1535 1433 1694 1433 1599 1433 1695 1433 1601 1433 1601 1433 1695 1433 1696 1433 1601 1433 1696 1433 1623 1433 1623 1433 1696 1433 1694 1433 1623 1433 1694 1433 1627 1433 1627 1433 1694 1433 1535 1433 1627 1433 1535 1433 1628 1433 1628 1433 1535 1433 1630 1433 1628 1433 1630 1433 1697 1433 1697 1433 1630 1433 1629 1433 1698 1433 1699 1433 1530 1433 1530 1433 1699 1433 1700 1433 1530 1433 1700 1433 1531 1433 1701 1433 1702 1433 1703 1433 1702 1433 1704 1433 1703 1433 1703 1433 1704 1433 1705 1433 1703 1433 1705 1433 1706 1433 1529 1433 1528 1433 1707 1433 1707 1433 1528 1433 1708 1433 1707 1433 1708 1433 1709 1433 1709 1433 1710 1433 1707 1433 1707 1433 1710 1433 1711 1433 1707 1433 1711 1433 1712 1433 1706 1433 1707 1433 1703 1433 1703 1433 1707 1433 1712 1433 1703 1433 1712 1433 1525 1433 1525 1433 1712 1433 1713 1433 1525 1433 1713 1433 1714 1433 1714 1433 1715 1433 1525 1433 1525 1433 1715 1433 1716 1433 1525 1433 1716 1433 1717 1433 1718 1433 1526 1433 1719 1433 1719 1433 1526 1433 1525 1433 1719 1433 1525 1433 1720 1433 1720 1433 1525 1433 1717 1433 1720 1433 1717 1433 1721 1433 1722 1433 1723 1433 1724 1433 1724 1433 1723 1433 1725 1433 1724 1433 1725 1433 1726 1433 1726 1433 1725 1433 1727 1433 1527 1433 1529 1433 1728 1433 1728 1433 1529 1433 1729 1433 1728 1433 1729 1433 1730 1433 1722 1433 1701 1433 1723 1433 1723 1433 1701 1433 1703 1433 1723 1433 1703 1433 1731 1433 1732 1433 1733 1433 1734 1433 1735 1433 1736 1433 1723 1433 1733 1433 1737 1433 1734 1433 1734 1433 1737 1433 1738 1433 1734 1433 1738 1433 1739 1433 1740 1433 1741 1433 1703 1433 1736 1433 1742 1433 1723 1433 1723 1433 1742 1433 1743 1433 1723 1433 1743 1433 1744 1433 1744 1433 1745 1433 1746 1433 1746 1433 1745 1433 1747 1433 1746 1433 1747 1433 1748 1433 1741 1433 1749 1433 1703 1433 1703 1433 1749 1433 1750 1433 1703 1433 1750 1433 1731 1433 1739 1433 1751 1433 1752 1433 1752 1433 1751 1433 1753 1433 1731 1433 1754 1433 1723 1433 1723 1433 1754 1433 1755 1433 1723 1433 1755 1433 1756 1433 1757 1433 1735 1433 1758 1433 1758 1433 1735 1433 1723 1433 1758 1433 1723 1433 1759 1433 1759 1433 1723 1433 1756 1433 1760 1433 1740 1433 1761 1433 1761 1433 1740 1433 1703 1433 1761 1433 1703 1433 1762 1433 1762 1433 1703 1433 1752 1433 1762 1433 1752 1433 1763 1433 1763 1433 1752 1433 1753 1433 1764 1433 1765 1433 1766 1433 1766 1433 1765 1433 1767 1433 1748 1433 1768 1433 1746 1433 1746 1433 1768 1433 1769 1433 1746 1433 1769 1433 1770 1433 1771 1433 1772 1433 1661 1433 1661 1433 1772 1433 1773 1433 1661 1433 1773 1433 1774 1433 1775 1433 1732 1433 1776 1433 1776 1433 1732 1433 1734 1433 1776 1433 1734 1433 1777 1433 1777 1433 1734 1433 1766 1433 1777 1433 1766 1433 1778 1433 1778 1433 1766 1433 1767 1433 1779 1433 1780 1433 1781 1433 1729 1433 1727 1433 1730 1433 1730 1433 1727 1433 1725 1433 1730 1433 1725 1433 1782 1433 1782 1433 1725 1433 1783 1433 1780 1433 1784 1433 1781 1433 1781 1433 1784 1433 1785 1433 1781 1433 1785 1433 1725 1433 1725 1433 1785 1433 1786 1433 1725 1433 1786 1433 1783 1433 1787 1433 1788 1433 1789 1433 1789 1433 1788 1433 1790 1433 1789 1433 1790 1433 1781 1433 1781 1433 1790 1433 1791 1433 1781 1433 1791 1433 1779 1433 1779 1433 1791 1433 1792 1433 1779 1433 1792 1433 1793 1433 1794 1433 1795 1433 1796 1433 1796 1433 1795 1433 1797 1433 1796 1433 1797 1433 1798 1433 1799 1433 1800 1433 1801 1433 1718 1433 1802 1433 1526 1433 1526 1433 1802 1433 1803 1433 1526 1433 1803 1433 1804 1433 1804 1433 1803 1433 1805 1433 1804 1433 1805 1433 1806 1433 1807 1433 1808 1433 1809 1433 1809 1433 1808 1433 1804 1433 1809 1433 1804 1433 1810 1433 1810 1433 1804 1433 1806 1433 1810 1433 1806 1433 1811 1433 1812 1433 1813 1433 1548 1433 1814 1433 1680 1433 1815 1433 1815 1433 1680 1433 1671 1433 1815 1433 1671 1433 1816 1433 1816 1433 1671 1433 1675 1433 1816 1433 1675 1433 1817 1433 1817 1433 1675 1433 1818 1433 1812 1433 1548 1433 1819 1433 1820 1433 1819 1433 1821 1433 1821 1433 1819 1433 1548 1433 1821 1433 1548 1433 1544 1433 1544 1433 1548 1433 1546 1433 1544 1433 1546 1433 1542 1433 1542 1433 1546 1433 1668 1433 1813 1433 1822 1433 1548 1433 1548 1433 1822 1433 1823 1433 1548 1433 1823 1433 1824 1433 1825 1433 1826 1433 1824 1433 1824 1433 1826 1433 1827 1433 1823 1433 1828 1433 1824 1433 1824 1433 1828 1433 1829 1433 1824 1433 1829 1433 1830 1433 1831 1433 1825 1433 1832 1433 1832 1433 1825 1433 1824 1433 1832 1433 1824 1433 1833 1433 1833 1433 1824 1433 1830 1433 1834 1433 1835 1433 1610 1433 1610 1433 1835 1433 1836 1433 1610 1433 1836 1433 1837 1433 1522 1433 1838 1433 1523 1433 1523 1433 1838 1433 1839 1433 1523 1433 1839 1433 1840 1433 1840 1433 1839 1433 1841 1433 1841 1433 1839 1433 1842 1433 1841 1433 1842 1433 1843 1433 1843 1433 1842 1433 1844 1433 1843 1433 1844 1433 1845 1433 1845 1433 1844 1433 1846 1433 1846 1433 1844 1433 1847 1433 1846 1433 1847 1433 1848 1433 1848 1433 1847 1433 1849 1433 1848 1433 1849 1433 1850 1433 1739 1433 1752 1433 1734 1433 1734 1433 1752 1433 1851 1433 1734 1433 1851 1433 1852 1433 1518 1433 1520 1433 1853 1433 1854 1433 1855 1433 1856 1433 1808 1433 1857 1433 1858 1433 1859 1433 1860 1433 1861 1433 1861 1433 1860 1433 1862 1433 1861 1433 1862 1433 1863 1433 1524 1433 1526 1433 1864 1433 1864 1433 1526 1433 1804 1433 1864 1433 1804 1433 1856 1433 1856 1433 1804 1433 1865 1433 1856 1433 1865 1433 1854 1433 1858 1433 1866 1433 1808 1433 1808 1433 1866 1433 1867 1433 1808 1433 1867 1433 1804 1433 1804 1433 1867 1433 1868 1433 1804 1433 1868 1433 1865 1433 1807 1433 1799 1433 1808 1433 1808 1433 1799 1433 1801 1433 1808 1433 1801 1433 1857 1433 1857 1433 1801 1433 1869 1433 1870 1433 1871 1433 1663 1433 1663 1433 1871 1433 1872 1433 1663 1433 1872 1433 1675 1433 1675 1433 1872 1433 1873 1433 1874 1433 1875 1433 1766 1433 1766 1433 1875 1433 1661 1433 1766 1433 1661 1433 1764 1433 1764 1433 1661 1433 1774 1433 1875 1433 1876 1433 1661 1433 1661 1433 1876 1433 1877 1433 1661 1433 1877 1433 1663 1433 1663 1433 1877 1433 1878 1433 1663 1433 1878 1433 1870 1433 1873 1433 1879 1433 1675 1433 1675 1433 1879 1433 1880 1433 1675 1433 1880 1433 1766 1433 1766 1433 1880 1433 1881 1433 1766 1433 1881 1433 1874 1433 1693 1433 1692 1433 1882 1433 1882 1433 1692 1433 1883 1433 1882 1433 1883 1433 1849 1433 1849 1433 1883 1433 1884 1433 1849 1433 1884 1433 1850 1433 1519 1433 1850 1433 1520 1433 1520 1433 1850 1433 1884 1433 1520 1433 1884 1433 1885 1433 1885 1433 1884 1433 1883 1433 1885 1433 1883 1433 1824 1433 1824 1433 1883 1433 1692 1433 1824 1433 1692 1433 1548 1433 1548 1433 1692 1433 1691 1433 1548 1433 1691 1433 1554 1433 1554 1433 1691 1433 1690 1433 1554 1433 1690 1433 1566 1433 1827 1433 1818 1433 1824 1433 1824 1433 1818 1433 1675 1433 1824 1433 1675 1433 1885 1433 1885 1433 1675 1433 1766 1433 1885 1433 1766 1433 1520 1433 1520 1433 1766 1433 1734 1433 1520 1433 1734 1433 1853 1433 1853 1433 1734 1433 1852 1433 1650 1433 1652 1433 1659 1433 1659 1433 1652 1433 1746 1433 1659 1433 1746 1433 1661 1433 1661 1433 1746 1433 1770 1433 1661 1433 1770 1433 1771 1433 1744 1433 1746 1433 1723 1433 1723 1433 1746 1433 1652 1433 1723 1433 1652 1433 1725 1433 1725 1433 1652 1433 1649 1433 1725 1433 1649 1433 1781 1433 1781 1433 1649 1433 1648 1433 1781 1433 1648 1433 1789 1433 1797 1433 1787 1433 1798 1433 1798 1433 1787 1433 1789 1433 1798 1433 1789 1433 1886 1433 1886 1433 1789 1433 1648 1433 1886 1433 1648 1433 1887 1433 1887 1433 1648 1433 1645 1433 1887 1433 1645 1433 1888 1433 1888 1433 1645 1433 1642 1433 1888 1433 1642 1433 1538 1433 1538 1433 1642 1433 1539 1433 1538 1433 1539 1433 1686 1433 1686 1433 1539 1433 1541 1433 1686 1433 1541 1433 1684 1433 1684 1433 1541 1433 1889 1433 1684 1433 1889 1433 1685 1433 1834 1433 1610 1433 1521 1433 1521 1433 1610 1433 1638 1433 1521 1433 1638 1433 1522 1433 1522 1433 1638 1433 1634 1433 1522 1433 1634 1433 1838 1433 1838 1433 1634 1433 1633 1433 1838 1433 1633 1433 1839 1433 1839 1433 1633 1433 1632 1433 1839 1433 1632 1433 1842 1433 1836 1433 1864 1433 1837 1433 1837 1433 1864 1433 1856 1433 1837 1433 1856 1433 1610 1433 1610 1433 1856 1433 1615 1433 1610 1433 1615 1433 1607 1433 1607 1433 1615 1433 1614 1433 1855 1433 1859 1433 1856 1433 1856 1433 1859 1433 1861 1433 1856 1433 1861 1433 1615 1433 1615 1433 1861 1433 1618 1433 1615 1433 1618 1433 1613 1433 1613 1433 1618 1433 1620 1433 1800 1433 1794 1433 1801 1433 1801 1433 1794 1433 1796 1433 1801 1433 1796 1433 1869 1433 1869 1433 1796 1433 1890 1433 1869 1433 1890 1433 1532 1433 1532 1433 1890 1433 1891 1433 1532 1433 1891 1433 1530 1433 1863 1433 1857 1433 1861 1433 1861 1433 1857 1433 1869 1433 1861 1433 1869 1433 1618 1433 1618 1433 1869 1433 1532 1433 1618 1433 1532 1433 1592 1433 1592 1433 1532 1433 1531 1433 1592 1433 1531 1433 1591 1433 1591 1433 1531 1433 1700 1433 1892 1434 1893 1434 1894 1434 1895 1434 1896 1434 1897 1434 1898 1434 1899 1434 1900 1434 1901 1434 1902 1434 1903 1434 1904 1434 1905 1434 1906 1434 1907 1434 1908 1434 1909 1434 1910 1434 1911 1434 1912 1434 1913 1434 1914 1434 1915 1434 1916 1434 1917 1434 1918 1434 1919 1434 1920 1434 1921 1434 1922 1434 1923 1434 1924 1434 1925 1434 1926 1434 1927 1434 1928 1434 1929 1434 1930 1434 1931 1434 1932 1434 1933 1434 1934 1434 1935 1434 1936 1434 1937 1434 1938 1434 1939 1434 1939 1434 1938 1434 1940 1434 1935 1434 1934 1434 1941 1434 1941 1434 1934 1434 1942 1434 1941 1434 1942 1434 1937 1434 1943 1434 1936 1434 1944 1434 1944 1434 1936 1434 1945 1434 1946 1434 1947 1434 1948 1434 1948 1434 1947 1434 1949 1434 1948 1434 1949 1434 1950 1434 1950 1434 1949 1434 1951 1434 1950 1434 1951 1434 1952 1434 1952 1434 1951 1434 1953 1434 1952 1434 1953 1434 1954 1434 1954 1434 1953 1434 1955 1434 1954 1434 1955 1434 1956 1434 1946 1434 1957 1434 1947 1434 1947 1434 1957 1434 1958 1434 1947 1434 1958 1434 1959 1434 1958 1434 1960 1434 1959 1434 1959 1434 1960 1434 1961 1434 1959 1434 1961 1434 1962 1434 1963 1434 1964 1434 1965 1434 1965 1434 1964 1434 1966 1434 1965 1434 1966 1434 1967 1434 1968 1434 1940 1434 1969 1434 1970 1434 1971 1434 1972 1434 1972 1434 1971 1434 1973 1434 1974 1434 1975 1434 1976 1434 1976 1434 1975 1434 1977 1434 1976 1434 1977 1434 1970 1434 1970 1434 1977 1434 1978 1434 1970 1434 1978 1434 1971 1434 1979 1434 1980 1434 1974 1434 1974 1434 1980 1434 1981 1434 1974 1434 1981 1434 1975 1434 1982 1434 1983 1434 1984 1434 1974 1434 1985 1434 1979 1434 1979 1434 1985 1434 1984 1434 1979 1434 1984 1434 1986 1434 1986 1434 1984 1434 1983 1434 1987 1434 1988 1434 1989 1434 1990 1434 1991 1434 1992 1434 1992 1434 1991 1434 1993 1434 1992 1434 1993 1434 1994 1434 1994 1434 1993 1434 1995 1434 1994 1434 1995 1434 1996 1434 1982 1434 1984 1434 1997 1434 1997 1434 1984 1434 1998 1434 1997 1434 1998 1434 1999 1434 1999 1434 1998 1434 2000 1434 1999 1434 2000 1434 2001 1434 2001 1434 2000 1434 2002 1434 2001 1434 2002 1434 2003 1434 2003 1434 2002 1434 2004 1434 2003 1434 2004 1434 2005 1434 2005 1434 2004 1434 1991 1434 2005 1434 1991 1434 1988 1434 1988 1434 1991 1434 1990 1434 1988 1434 1990 1434 1989 1434 1989 1434 2006 1434 1987 1434 1987 1434 2006 1434 2007 1434 1987 1434 2007 1434 2008 1434 2009 1434 2010 1434 2011 1434 2012 1434 2013 1434 2009 1434 2009 1434 2013 1434 2014 1434 2009 1434 2014 1434 2010 1434 2008 1434 2007 1434 2015 1434 2015 1434 2007 1434 2016 1434 2015 1434 2016 1434 2017 1434 1973 1434 2018 1434 1972 1434 1972 1434 2018 1434 2019 1434 1972 1434 2019 1434 2020 1434 2020 1434 2019 1434 2021 1434 2020 1434 2021 1434 2022 1434 2022 1434 2021 1434 2023 1434 2022 1434 2023 1434 2024 1434 2024 1434 2023 1434 2025 1434 2024 1434 2025 1434 2026 1434 2026 1434 2025 1434 2027 1434 2026 1434 2027 1434 2028 1434 2028 1434 2027 1434 2012 1434 2028 1434 2012 1434 2029 1434 2012 1434 2009 1434 2029 1434 2029 1434 2009 1434 2030 1434 2029 1434 2030 1434 2031 1434 1929 1434 1928 1434 2032 1434 2033 1434 2034 1434 2035 1434 2036 1434 2037 1434 2038 1434 2038 1434 2037 1434 2039 1434 2038 1434 2039 1434 2040 1434 2034 1434 2041 1434 2035 1434 2035 1434 2041 1434 2042 1434 2035 1434 2042 1434 2043 1434 2044 1434 2045 1434 2046 1434 2046 1434 2045 1434 2033 1434 2047 1434 2048 1434 2046 1434 2040 1434 2039 1434 2049 1434 2049 1434 2039 1434 2044 1434 2049 1434 2044 1434 2050 1434 2051 1434 2047 1434 2052 1434 2052 1434 2047 1434 2046 1434 2052 1434 2046 1434 2053 1434 2053 1434 2046 1434 1930 1434 2048 1434 2054 1434 2046 1434 2046 1434 2054 1434 2055 1434 2046 1434 2055 1434 2044 1434 2044 1434 2055 1434 2056 1434 2044 1434 2056 1434 2050 1434 2033 1434 2035 1434 2046 1434 2046 1434 2035 1434 2057 1434 2046 1434 2057 1434 2058 1434 2058 1434 2057 1434 2059 1434 2058 1434 2059 1434 2060 1434 2060 1434 2059 1434 2061 1434 2060 1434 2061 1434 2062 1434 2062 1434 2061 1434 2063 1434 2062 1434 2063 1434 2064 1434 2064 1434 2063 1434 2065 1434 2064 1434 2065 1434 2066 1434 1925 1434 1927 1434 2067 1434 2068 1434 2069 1434 2070 1434 2071 1434 2072 1434 2073 1434 2071 1434 2073 1434 1924 1434 1924 1434 2073 1434 2074 1434 1924 1434 2074 1434 1922 1434 2075 1434 2076 1434 2077 1434 2077 1434 2076 1434 2078 1434 2077 1434 2078 1434 1922 1434 1922 1434 2078 1434 2079 1434 1922 1434 2079 1434 1923 1434 2080 1434 2081 1434 2082 1434 2082 1434 2081 1434 2083 1434 2082 1434 2083 1434 2084 1434 2084 1434 2083 1434 2085 1434 2084 1434 2085 1434 2086 1434 2086 1434 2085 1434 2087 1434 2086 1434 2087 1434 2088 1434 2088 1434 2087 1434 2075 1434 2088 1434 2075 1434 2089 1434 2089 1434 2075 1434 2077 1434 1930 1434 1929 1434 2053 1434 2053 1434 1929 1434 2090 1434 2053 1434 2090 1434 2091 1434 2092 1434 2093 1434 2094 1434 2094 1434 2093 1434 2032 1434 2094 1434 2032 1434 1894 1434 2093 1434 2095 1434 2032 1434 2032 1434 2095 1434 2096 1434 2032 1434 2096 1434 1929 1434 1929 1434 2096 1434 2097 1434 1929 1434 2097 1434 2090 1434 2092 1434 2098 1434 2099 1434 2099 1434 2098 1434 2100 1434 2100 1434 2098 1434 2101 1434 2101 1434 2098 1434 2102 1434 2101 1434 2102 1434 2103 1434 2104 1434 2105 1434 2102 1434 2102 1434 2105 1434 2106 1434 2102 1434 2106 1434 2103 1434 2107 1434 2108 1434 2109 1434 2109 1434 2108 1434 2110 1434 2109 1434 2110 1434 2111 1434 2112 1434 2113 1434 2114 1434 2114 1434 2115 1434 2116 1434 2112 1434 2114 1434 2117 1434 2117 1434 2114 1434 2116 1434 2117 1434 2116 1434 2118 1434 2119 1434 2120 1434 2121 1434 2121 1434 2120 1434 2122 1434 2121 1434 2122 1434 2123 1434 2124 1434 2125 1434 2123 1434 2123 1434 2125 1434 2126 1434 2123 1434 2126 1434 2121 1434 2127 1434 2128 1434 2129 1434 2130 1434 2131 1434 1954 1434 2132 1434 2133 1434 2134 1434 1917 1434 2135 1434 1918 1434 1918 1434 2135 1434 2132 1434 1918 1434 2132 1434 2136 1434 2136 1434 2132 1434 2134 1434 1954 1434 2131 1434 1952 1434 1952 1434 2131 1434 2137 1434 1952 1434 2137 1434 1916 1434 2133 1434 2132 1434 2138 1434 2138 1434 2132 1434 2139 1434 2138 1434 2139 1434 2140 1434 2140 1434 2139 1434 2141 1434 2140 1434 2141 1434 2142 1434 2142 1434 2141 1434 2143 1434 2143 1434 2141 1434 2144 1434 2143 1434 2144 1434 2145 1434 2141 1434 2146 1434 2144 1434 2144 1434 2146 1434 2147 1434 2144 1434 2147 1434 1954 1434 1954 1434 2147 1434 2148 1434 1954 1434 2148 1434 2130 1434 2149 1434 2150 1434 2144 1434 2145 1434 2144 1434 2151 1434 2151 1434 2144 1434 2150 1434 2151 1434 2150 1434 2152 1434 2153 1434 2154 1434 2155 1434 2155 1434 2154 1434 2156 1434 2157 1434 2158 1434 2159 1434 2159 1434 2158 1434 2160 1434 2159 1434 2160 1434 2153 1434 2161 1434 2149 1434 2162 1434 2162 1434 2149 1434 2155 1434 2162 1434 2155 1434 2163 1434 2163 1434 2155 1434 2156 1434 2157 1434 2159 1434 2164 1434 2164 1434 2159 1434 2165 1434 2164 1434 2165 1434 2166 1434 2166 1434 2165 1434 2167 1434 2166 1434 2167 1434 2168 1434 2169 1434 2170 1434 2171 1434 2171 1434 2170 1434 2172 1434 2173 1434 2174 1434 2171 1434 2171 1434 2174 1434 2175 1434 2171 1434 2175 1434 2169 1434 2176 1434 2177 1434 2178 1434 2178 1434 2177 1434 2179 1434 2178 1434 2179 1434 2167 1434 2167 1434 2179 1434 2180 1434 2167 1434 2180 1434 2168 1434 2173 1434 2181 1434 1948 1434 1948 1434 2181 1434 2182 1434 1948 1434 2182 1434 1946 1434 2183 1434 2184 1434 2185 1434 2185 1434 2184 1434 2174 1434 2185 1434 2174 1434 2186 1434 2186 1434 2174 1434 2173 1434 2186 1434 2173 1434 2187 1434 1950 1434 2188 1434 1948 1434 1948 1434 2188 1434 2189 1434 1948 1434 2189 1434 2173 1434 2173 1434 2189 1434 2190 1434 2173 1434 2190 1434 2187 1434 1916 1434 1918 1434 1952 1434 1952 1434 1918 1434 2191 1434 1952 1434 2191 1434 1950 1434 1950 1434 2191 1434 2192 1434 1950 1434 2192 1434 2188 1434 2193 1434 1903 1434 2194 1434 2194 1434 1903 1434 1902 1434 2194 1434 1902 1434 2195 1434 2196 1434 2197 1434 2198 1434 1901 1434 2199 1434 1902 1434 1902 1434 2199 1434 2200 1434 1902 1434 2200 1434 2195 1434 2195 1434 2200 1434 2201 1434 2195 1434 2201 1434 2202 1434 2202 1434 2201 1434 2203 1434 2202 1434 2203 1434 1914 1434 1914 1434 2203 1434 2204 1434 1914 1434 2204 1434 1915 1434 1915 1434 2204 1434 2205 1434 1915 1434 2205 1434 2206 1434 2198 1434 2197 1434 2207 1434 2207 1434 2197 1434 2208 1434 2207 1434 2208 1434 2209 1434 2209 1434 2208 1434 2210 1434 2209 1434 2210 1434 1901 1434 1901 1434 2210 1434 2211 1434 1901 1434 2211 1434 2199 1434 1913 1434 1915 1434 2212 1434 2212 1434 1915 1434 2213 1434 2212 1434 2213 1434 2214 1434 2215 1434 2216 1434 1912 1434 1912 1434 2216 1434 2217 1434 2218 1434 1903 1434 2219 1434 2219 1434 1903 1434 2193 1434 2219 1434 2193 1434 2220 1434 2220 1434 2193 1434 2221 1434 2220 1434 2221 1434 2222 1434 2223 1434 2224 1434 2225 1434 2226 1434 2227 1434 2228 1434 2228 1434 2227 1434 2229 1434 2230 1434 2231 1434 2232 1434 2233 1434 2234 1434 2235 1434 2235 1434 2234 1434 2236 1434 2235 1434 2236 1434 2237 1434 2238 1434 2239 1434 2240 1434 2240 1434 2239 1434 2241 1434 2240 1434 2241 1434 2226 1434 2226 1434 2241 1434 2242 1434 2226 1434 2242 1434 2227 1434 2236 1434 2230 1434 2237 1434 2237 1434 2230 1434 2232 1434 2237 1434 2232 1434 2243 1434 2243 1434 2232 1434 2244 1434 2245 1434 2246 1434 2247 1434 2248 1434 2249 1434 2250 1434 2250 1434 2249 1434 2251 1434 2250 1434 2251 1434 2252 1434 2253 1434 2254 1434 2255 1434 2255 1434 2254 1434 2256 1434 2255 1434 2256 1434 2257 1434 2215 1434 1912 1434 2258 1434 2258 1434 1912 1434 1911 1434 2258 1434 1911 1434 2259 1434 2260 1434 2261 1434 2262 1434 2262 1434 2261 1434 2256 1434 2262 1434 2256 1434 2263 1434 2263 1434 2256 1434 2254 1434 2214 1434 2213 1434 2217 1434 2217 1434 2213 1434 2264 1434 2217 1434 2264 1434 1912 1434 1912 1434 2264 1434 2265 1434 1912 1434 2265 1434 1910 1434 2260 1434 2266 1434 2261 1434 2261 1434 2266 1434 2267 1434 2261 1434 2267 1434 2264 1434 2264 1434 2267 1434 2268 1434 2264 1434 2268 1434 2265 1434 2269 1434 2270 1434 2271 1434 2271 1434 2270 1434 2272 1434 2273 1434 2274 1434 2275 1434 2275 1434 2274 1434 2276 1434 2275 1434 2276 1434 2277 1434 2270 1434 2278 1434 2272 1434 2272 1434 2278 1434 2279 1434 2272 1434 2279 1434 2280 1434 2280 1434 2279 1434 2281 1434 2280 1434 2281 1434 2282 1434 2283 1434 2284 1434 2285 1434 2285 1434 2284 1434 2286 1434 2285 1434 2286 1434 2274 1434 2274 1434 2286 1434 2287 1434 2274 1434 2287 1434 2276 1434 2288 1434 2289 1434 2290 1434 2290 1434 2289 1434 2291 1434 2290 1434 2291 1434 2292 1434 2292 1434 2291 1434 2293 1434 2294 1434 2295 1434 2219 1434 2219 1434 2295 1434 2296 1434 2219 1434 2296 1434 2218 1434 2218 1434 2296 1434 2297 1434 2218 1434 2297 1434 2288 1434 2288 1434 2297 1434 2298 1434 2288 1434 2298 1434 2289 1434 2299 1434 2300 1434 2301 1434 2301 1434 2300 1434 2294 1434 2301 1434 2294 1434 2302 1434 2302 1434 2294 1434 2219 1434 2291 1434 2303 1434 2293 1434 2293 1434 2303 1434 2304 1434 2293 1434 2304 1434 2305 1434 2305 1434 2304 1434 2306 1434 2305 1434 2306 1434 2299 1434 2299 1434 2306 1434 2307 1434 2299 1434 2307 1434 2300 1434 2308 1434 2309 1434 2310 1434 2310 1434 2309 1434 2311 1434 2310 1434 2311 1434 2312 1434 2312 1434 2311 1434 2313 1434 2312 1434 2313 1434 2314 1434 2314 1434 2313 1434 2315 1434 2315 1434 2313 1434 2316 1434 2315 1434 2316 1434 2317 1434 2318 1434 2319 1434 2248 1434 2319 1434 2317 1434 2248 1434 2248 1434 2317 1434 2316 1434 2248 1434 2316 1434 2249 1434 2249 1434 2316 1434 2320 1434 2249 1434 2320 1434 2321 1434 2321 1434 2320 1434 2225 1434 2321 1434 2225 1434 2233 1434 2233 1434 2225 1434 2224 1434 2233 1434 2224 1434 2234 1434 2322 1434 2323 1434 2324 1434 2324 1434 2323 1434 2318 1434 2324 1434 2318 1434 2325 1434 2325 1434 2318 1434 2248 1434 2310 1434 2326 1434 2308 1434 2308 1434 2326 1434 2327 1434 2308 1434 2327 1434 2328 1434 2328 1434 2327 1434 2329 1434 2328 1434 2329 1434 2322 1434 2322 1434 2329 1434 2330 1434 2322 1434 2330 1434 2323 1434 2331 1434 2332 1434 2333 1434 2331 1434 2333 1434 2334 1434 2334 1434 2333 1434 2335 1434 2334 1434 2335 1434 2336 1434 2336 1434 2335 1434 2337 1434 2336 1434 2337 1434 2338 1434 2338 1434 2337 1434 2339 1434 2338 1434 2339 1434 2340 1434 2340 1434 2339 1434 2341 1434 2340 1434 2341 1434 2342 1434 1908 1434 1907 1434 2343 1434 2343 1434 1907 1434 2344 1434 2343 1434 2344 1434 2345 1434 2345 1434 2344 1434 2346 1434 2345 1434 2346 1434 2347 1434 2347 1434 2346 1434 2348 1434 2347 1434 2348 1434 2349 1434 2349 1434 2348 1434 2350 1434 2350 1434 2348 1434 2351 1434 2350 1434 2351 1434 2352 1434 2352 1434 2351 1434 2271 1434 2352 1434 2271 1434 2353 1434 2353 1434 2271 1434 2272 1434 2353 1434 2272 1434 2354 1434 2354 1434 2272 1434 2355 1434 2355 1434 2272 1434 2280 1434 2355 1434 2280 1434 2356 1434 2356 1434 2280 1434 2357 1434 2356 1434 2357 1434 2358 1434 2358 1434 2357 1434 2359 1434 2358 1434 2359 1434 2360 1434 2361 1434 2362 1434 2363 1434 2363 1434 2362 1434 2364 1434 2363 1434 2364 1434 2365 1434 2365 1434 2364 1434 2366 1434 2365 1434 2366 1434 2360 1434 2367 1434 2368 1434 2369 1434 1956 1434 1943 1434 1954 1434 1954 1434 1943 1434 1944 1434 1954 1434 1944 1434 2144 1434 2144 1434 1944 1434 2370 1434 1936 1434 1935 1434 1945 1434 1945 1434 1935 1434 1941 1434 1945 1434 1941 1434 2371 1434 2371 1434 1941 1434 2372 1434 2371 1434 2372 1434 2373 1434 2373 1434 2372 1434 2374 1434 2373 1434 2374 1434 2375 1434 2376 1434 2377 1434 2378 1434 2378 1434 2377 1434 2379 1434 2378 1434 2379 1434 1906 1434 1906 1434 2379 1434 2380 1434 1906 1434 2380 1434 1904 1434 2381 1434 2382 1434 2383 1434 2382 1434 1915 1434 2198 1434 2198 1434 1915 1434 2206 1434 2198 1434 2206 1434 2196 1434 2384 1434 2385 1434 2292 1434 2292 1434 2385 1434 2386 1434 2292 1434 2386 1434 2290 1434 2290 1434 2386 1434 2387 1434 2290 1434 2387 1434 2288 1434 2288 1434 2387 1434 2388 1434 2288 1434 2388 1434 2218 1434 2218 1434 2388 1434 2389 1434 2218 1434 2389 1434 1903 1434 1903 1434 2389 1434 2390 1434 1903 1434 2390 1434 1901 1434 1898 1434 1900 1434 2391 1434 2391 1434 1900 1434 2392 1434 2391 1434 2392 1434 2393 1434 2393 1434 2392 1434 2394 1434 2393 1434 2394 1434 2395 1434 2395 1434 2394 1434 2396 1434 2395 1434 2396 1434 2397 1434 2397 1434 2396 1434 2398 1434 2397 1434 2398 1434 2399 1434 2399 1434 2398 1434 2400 1434 2399 1434 2400 1434 2401 1434 2402 1434 2403 1434 2404 1434 2404 1434 2403 1434 2405 1434 2404 1434 2405 1434 2406 1434 2406 1434 2405 1434 2407 1434 2406 1434 2407 1434 2408 1434 2407 1434 2409 1434 2408 1434 2408 1434 2409 1434 2410 1434 2408 1434 2410 1434 2411 1434 2411 1434 2410 1434 2412 1434 2411 1434 2412 1434 2159 1434 2159 1434 2412 1434 2413 1434 2159 1434 2413 1434 2165 1434 2165 1434 2413 1434 2414 1434 2165 1434 2414 1434 2167 1434 2167 1434 2414 1434 2415 1434 2167 1434 2415 1434 2178 1434 2178 1434 2415 1434 2416 1434 2178 1434 2416 1434 2417 1434 2418 1434 2419 1434 2420 1434 2420 1434 2419 1434 2127 1434 2127 1434 2419 1434 2421 1434 2127 1434 2421 1434 2422 1434 2422 1434 2423 1434 2127 1434 2127 1434 2423 1434 2043 1434 2127 1434 2043 1434 2128 1434 2128 1434 2043 1434 2042 1434 1896 1434 2424 1434 1897 1434 1897 1434 2424 1434 2425 1434 1897 1434 2425 1434 2420 1434 2420 1434 2425 1434 2426 1434 2420 1434 2426 1434 2418 1434 2427 1434 2428 1434 2429 1434 2429 1434 2428 1434 2430 1434 2429 1434 2430 1434 2431 1434 2427 1434 2429 1434 2432 1434 2432 1434 2429 1434 2433 1434 2432 1434 2433 1434 2434 1434 2406 1434 2435 1434 2404 1434 2404 1434 2435 1434 2436 1434 2404 1434 2436 1434 2437 1434 2437 1434 2436 1434 2438 1434 2437 1434 2438 1434 2433 1434 2433 1434 2438 1434 2439 1434 2433 1434 2439 1434 2434 1434 2440 1434 2441 1434 2063 1434 2442 1434 2443 1434 2444 1434 2444 1434 2443 1434 2445 1434 2442 1434 2446 1434 2443 1434 2443 1434 2446 1434 2447 1434 2443 1434 2447 1434 2448 1434 2448 1434 2447 1434 2449 1434 2450 1434 2451 1434 2059 1434 2059 1434 2451 1434 2061 1434 2061 1434 2451 1434 2452 1434 2061 1434 2452 1434 2453 1434 2453 1434 2454 1434 2061 1434 2061 1434 2454 1434 2455 1434 2061 1434 2455 1434 2456 1434 2456 1434 2457 1434 2061 1434 2061 1434 2457 1434 2458 1434 2061 1434 2458 1434 2063 1434 2063 1434 2458 1434 2459 1434 2063 1434 2459 1434 2440 1434 2035 1434 2460 1434 2057 1434 2057 1434 2460 1434 2461 1434 2057 1434 2461 1434 2059 1434 2059 1434 2461 1434 2462 1434 2059 1434 2462 1434 2450 1434 2423 1434 2463 1434 2043 1434 2043 1434 2463 1434 2464 1434 2043 1434 2464 1434 2035 1434 2035 1434 2464 1434 2465 1434 2035 1434 2465 1434 2460 1434 2466 1434 2467 1434 2468 1434 2468 1434 2469 1434 2470 1434 2470 1434 2469 1434 2471 1434 2470 1434 2471 1434 2472 1434 2467 1434 2473 1434 2474 1434 2474 1434 2473 1434 2475 1434 2474 1434 2475 1434 2476 1434 2476 1434 2475 1434 2477 1434 2400 1434 2478 1434 2477 1434 2477 1434 2478 1434 2479 1434 2477 1434 2479 1434 2476 1434 2480 1434 2481 1434 2482 1434 2482 1434 2481 1434 2483 1434 2480 1434 2484 1434 2481 1434 2481 1434 2484 1434 2485 1434 2481 1434 2485 1434 2486 1434 1962 1434 1961 1434 2487 1434 2487 1434 1961 1434 2488 1434 2487 1434 2488 1434 1963 1434 1963 1434 2488 1434 2489 1434 1963 1434 2489 1434 1964 1434 1964 1434 2489 1434 2490 1434 1964 1434 2490 1434 2491 1434 2491 1434 2490 1434 2492 1434 2491 1434 2492 1434 2493 1434 2493 1434 2492 1434 2494 1434 2493 1434 2494 1434 2495 1434 2495 1434 2494 1434 2496 1434 2495 1434 2496 1434 2483 1434 2483 1434 2496 1434 2497 1434 2483 1434 2497 1434 2482 1434 2498 1434 2499 1434 2500 1434 2500 1434 2499 1434 2501 1434 2500 1434 2501 1434 2502 1434 2502 1434 2501 1434 2503 1434 2502 1434 2503 1434 2504 1434 2504 1434 2503 1434 2505 1434 2504 1434 2505 1434 2506 1434 2506 1434 2505 1434 2171 1434 2506 1434 2171 1434 2178 1434 2178 1434 2171 1434 2172 1434 2178 1434 2172 1434 2176 1434 2471 1434 2507 1434 2472 1434 2472 1434 2507 1434 2508 1434 2472 1434 2508 1434 2509 1434 2510 1434 2511 1434 2512 1434 2512 1434 2511 1434 2513 1434 2512 1434 2513 1434 2514 1434 2515 1434 2516 1434 2517 1434 2518 1434 2519 1434 2520 1434 2520 1434 2521 1434 2518 1434 2518 1434 2521 1434 2522 1434 2518 1434 2522 1434 2523 1434 2523 1434 2522 1434 2524 1434 2523 1434 2524 1434 2510 1434 2510 1434 2524 1434 2525 1434 2510 1434 2525 1434 2511 1434 2526 1434 1893 1434 2527 1434 2527 1434 1893 1434 1892 1434 2527 1434 1892 1434 2528 1434 2528 1434 1892 1434 2009 1434 2528 1434 2009 1434 2016 1434 2016 1434 2009 1434 2011 1434 2016 1434 2011 1434 2017 1434 2514 1434 2529 1434 2512 1434 2512 1434 2529 1434 2530 1434 2512 1434 2530 1434 2531 1434 2531 1434 2530 1434 2532 1434 2531 1434 2532 1434 2533 1434 2533 1434 2532 1434 2534 1434 2533 1434 2534 1434 2535 1434 2535 1434 2534 1434 2536 1434 2537 1434 2104 1434 2538 1434 2538 1434 2104 1434 2102 1434 2538 1434 2102 1434 2539 1434 2540 1434 2541 1434 2542 1434 2542 1434 2541 1434 2543 1434 2542 1434 2543 1434 2544 1434 2545 1434 2546 1434 2102 1434 2102 1434 2546 1434 2540 1434 2102 1434 2540 1434 2539 1434 2098 1434 2547 1434 2548 1434 2544 1434 2549 1434 2547 1434 2547 1434 2549 1434 2550 1434 2547 1434 2550 1434 2548 1434 2548 1434 2551 1434 2098 1434 2098 1434 2551 1434 2552 1434 2098 1434 2552 1434 2102 1434 2102 1434 2552 1434 2553 1434 2102 1434 2553 1434 2545 1434 2282 1434 2283 1434 2280 1434 2280 1434 2283 1434 2285 1434 2280 1434 2285 1434 2357 1434 2357 1434 2285 1434 2554 1434 2357 1434 2554 1434 2359 1434 2359 1434 2554 1434 2555 1434 1909 1434 2556 1434 1907 1434 1907 1434 2556 1434 2557 1434 1907 1434 2557 1434 2344 1434 2344 1434 2557 1434 2558 1434 2344 1434 2558 1434 2346 1434 2346 1434 2558 1434 2559 1434 2346 1434 2559 1434 2348 1434 2348 1434 2559 1434 2560 1434 2348 1434 2560 1434 2351 1434 2351 1434 2560 1434 2561 1434 2351 1434 2561 1434 2271 1434 2271 1434 2561 1434 2275 1434 2271 1434 2275 1434 2269 1434 2269 1434 2275 1434 2277 1434 2273 1434 2562 1434 2274 1434 2274 1434 2562 1434 2246 1434 2274 1434 2246 1434 2285 1434 2285 1434 2246 1434 2245 1434 2285 1434 2245 1434 2554 1434 2554 1434 2245 1434 2563 1434 2554 1434 2563 1434 2555 1434 2555 1434 2563 1434 2564 1434 2556 1434 2328 1434 2557 1434 2557 1434 2328 1434 2322 1434 2557 1434 2322 1434 2558 1434 2558 1434 2322 1434 2324 1434 2558 1434 2324 1434 2559 1434 2559 1434 2324 1434 2325 1434 2559 1434 2325 1434 2560 1434 2560 1434 2325 1434 2248 1434 2560 1434 2248 1434 2561 1434 2561 1434 2248 1434 2250 1434 2561 1434 2250 1434 2275 1434 2275 1434 2250 1434 2252 1434 2275 1434 2252 1434 2273 1434 2273 1434 2252 1434 2251 1434 2565 1434 2368 1434 2566 1434 2566 1434 2368 1434 2367 1434 2566 1434 2367 1434 2567 1434 2568 1434 2569 1434 2564 1434 2564 1434 2569 1434 2570 1434 2564 1434 2570 1434 2571 1434 2572 1434 2573 1434 2361 1434 2361 1434 2573 1434 2574 1434 2575 1434 2576 1434 2567 1434 2567 1434 2576 1434 2577 1434 2567 1434 2577 1434 2578 1434 2578 1434 2577 1434 2579 1434 2578 1434 2579 1434 2580 1434 2360 1434 2359 1434 2365 1434 2365 1434 2359 1434 2555 1434 2365 1434 2555 1434 2363 1434 2363 1434 2555 1434 2564 1434 2363 1434 2564 1434 2361 1434 2361 1434 2564 1434 2571 1434 2361 1434 2571 1434 2572 1434 2581 1434 2364 1434 2369 1434 2369 1434 2364 1434 2362 1434 2369 1434 2362 1434 2367 1434 2367 1434 2362 1434 2361 1434 2367 1434 2361 1434 2567 1434 2567 1434 2361 1434 2574 1434 2567 1434 2574 1434 2575 1434 2247 1434 2244 1434 2245 1434 2245 1434 2244 1434 2232 1434 2245 1434 2232 1434 2563 1434 2563 1434 2232 1434 2582 1434 2563 1434 2582 1434 2564 1434 2564 1434 2582 1434 2578 1434 2564 1434 2578 1434 2568 1434 2568 1434 2578 1434 2580 1434 2231 1434 2238 1434 2232 1434 2232 1434 2238 1434 2240 1434 2232 1434 2240 1434 2582 1434 2582 1434 2240 1434 2583 1434 2582 1434 2583 1434 2578 1434 2578 1434 2583 1434 2584 1434 2578 1434 2584 1434 2567 1434 2567 1434 2584 1434 2585 1434 2567 1434 2585 1434 2566 1434 2566 1434 2585 1434 2586 1434 2566 1434 2586 1434 2565 1434 2565 1434 2586 1434 2587 1434 2308 1434 2510 1434 2309 1434 2309 1434 2510 1434 2512 1434 2309 1434 2512 1434 2311 1434 2311 1434 2512 1434 2531 1434 2311 1434 2531 1434 2313 1434 2313 1434 2531 1434 2533 1434 2313 1434 2533 1434 2316 1434 2316 1434 2533 1434 2535 1434 2316 1434 2535 1434 2320 1434 2320 1434 2535 1434 2536 1434 2320 1434 2536 1434 2225 1434 2225 1434 2536 1434 2228 1434 2225 1434 2228 1434 2223 1434 2223 1434 2228 1434 2229 1434 2534 1434 1996 1434 2536 1434 2536 1434 1996 1434 1995 1434 2536 1434 1995 1434 2228 1434 2228 1434 1995 1434 1993 1434 2228 1434 1993 1434 2226 1434 2226 1434 1993 1434 1991 1434 2226 1434 1991 1434 2240 1434 2240 1434 1991 1434 2004 1434 2240 1434 2004 1434 2583 1434 2583 1434 2004 1434 2002 1434 2583 1434 2002 1434 2584 1434 2584 1434 2002 1434 2000 1434 2584 1434 2000 1434 2585 1434 2585 1434 2000 1434 1998 1434 2585 1434 1998 1434 2586 1434 2586 1434 1998 1434 1984 1434 2586 1434 1984 1434 2587 1434 2587 1434 1984 1434 1985 1434 2031 1434 2588 1434 2029 1434 2029 1434 2588 1434 2589 1434 2029 1434 2589 1434 2028 1434 2028 1434 2589 1434 2590 1434 2028 1434 2590 1434 2026 1434 2026 1434 2590 1434 2080 1434 2026 1434 2080 1434 2024 1434 2024 1434 2080 1434 2082 1434 2024 1434 2082 1434 2022 1434 2022 1434 2082 1434 2084 1434 2022 1434 2084 1434 2020 1434 2020 1434 2084 1434 2086 1434 2020 1434 2086 1434 1972 1434 1972 1434 2086 1434 2088 1434 1972 1434 2088 1434 1970 1434 1970 1434 2088 1434 2089 1434 1970 1434 2089 1434 1976 1434 1976 1434 2089 1434 2077 1434 1928 1434 2591 1434 2032 1434 2032 1434 2591 1434 1933 1434 2032 1434 1933 1434 1894 1434 1894 1434 1933 1434 1932 1434 1894 1434 1932 1434 1892 1434 1892 1434 1932 1434 1931 1434 1892 1434 1931 1434 2009 1434 2009 1434 1931 1434 2592 1434 2009 1434 2592 1434 2030 1434 2544 1434 2547 1434 2542 1434 2542 1434 2547 1434 2517 1434 2542 1434 2517 1434 2518 1434 2518 1434 2517 1434 2516 1434 2518 1434 2516 1434 2519 1434 2540 1434 2542 1434 2539 1434 2539 1434 2542 1434 2518 1434 2539 1434 2518 1434 2332 1434 2332 1434 2518 1434 2523 1434 2332 1434 2523 1434 2333 1434 2333 1434 2523 1434 2510 1434 2333 1434 2510 1434 2335 1434 2335 1434 2510 1434 2308 1434 2335 1434 2308 1434 2337 1434 2337 1434 2308 1434 2328 1434 2337 1434 2328 1434 2339 1434 2339 1434 2328 1434 2556 1434 2339 1434 2556 1434 2341 1434 2341 1434 2556 1434 1909 1434 2341 1434 1909 1434 2342 1434 2092 1434 2094 1434 2098 1434 2098 1434 2094 1434 1894 1434 2098 1434 1894 1434 2547 1434 2547 1434 1894 1434 1893 1434 2547 1434 1893 1434 2517 1434 2517 1434 1893 1434 2526 1434 2517 1434 2526 1434 2515 1434 2331 1434 2593 1434 2332 1434 2332 1434 2593 1434 2594 1434 2332 1434 2594 1434 2539 1434 2539 1434 2594 1434 2108 1434 2539 1434 2108 1434 2538 1434 2538 1434 2108 1434 2107 1434 2538 1434 2107 1434 2537 1434 2441 1434 2445 1434 2063 1434 2063 1434 2445 1434 2443 1434 2063 1434 2443 1434 2065 1434 2065 1434 2443 1434 2595 1434 2468 1434 2470 1434 2466 1434 2466 1434 2470 1434 2114 1434 2466 1434 2114 1434 2121 1434 2121 1434 2114 1434 2113 1434 2121 1434 2113 1434 2119 1434 2467 1434 2466 1434 2473 1434 2473 1434 2466 1434 2121 1434 2473 1434 2121 1434 1921 1434 1921 1434 2121 1434 2126 1434 1921 1434 2126 1434 1919 1434 2449 1434 2435 1434 2448 1434 2448 1434 2435 1434 2406 1434 2448 1434 2406 1434 2443 1434 2443 1434 2406 1434 2408 1434 2443 1434 2408 1434 2595 1434 2595 1434 2408 1434 2411 1434 2420 1434 2596 1434 1897 1434 1897 1434 2596 1434 2429 1434 1897 1434 2429 1434 1895 1434 1895 1434 2429 1434 2431 1434 2498 1434 2500 1434 2509 1434 2509 1434 2500 1434 2597 1434 2509 1434 2597 1434 2472 1434 2472 1434 2597 1434 2598 1434 2472 1434 2598 1434 2470 1434 2470 1434 2598 1434 2599 1434 2470 1434 2599 1434 2114 1434 2370 1434 2600 1434 2144 1434 2144 1434 2600 1434 2601 1434 2144 1434 2601 1434 2602 1434 2602 1434 2601 1434 2073 1434 2602 1434 2073 1434 2068 1434 2068 1434 2073 1434 2072 1434 2068 1434 2072 1434 2069 1434 2149 1434 2144 1434 2155 1434 2155 1434 2144 1434 2602 1434 2155 1434 2602 1434 2603 1434 2603 1434 2602 1434 2068 1434 2603 1434 2068 1434 1927 1434 1927 1434 2068 1434 2070 1434 1927 1434 2070 1434 2067 1434 2153 1434 2155 1434 2159 1434 2159 1434 2155 1434 2603 1434 2159 1434 2603 1434 2411 1434 2411 1434 2603 1434 1927 1434 2411 1434 1927 1434 2595 1434 2595 1434 1927 1434 1926 1434 2595 1434 1926 1434 2065 1434 2065 1434 1926 1434 2604 1434 2065 1434 2604 1434 2066 1434 2036 1434 2605 1434 2037 1434 2037 1434 2605 1434 2606 1434 2037 1434 2606 1434 2607 1434 2607 1434 2606 1434 2115 1434 2607 1434 2115 1434 2608 1434 2608 1434 2115 1434 2114 1434 2608 1434 2114 1434 2129 1434 2129 1434 2114 1434 2599 1434 2129 1434 2599 1434 2127 1434 2127 1434 2599 1434 2598 1434 2127 1434 2598 1434 2420 1434 2420 1434 2598 1434 2597 1434 2420 1434 2597 1434 2596 1434 2596 1434 2597 1434 2500 1434 2596 1434 2500 1434 2429 1434 2429 1434 2500 1434 2502 1434 2429 1434 2502 1434 2433 1434 2433 1434 2502 1434 2504 1434 2433 1434 2504 1434 2437 1434 2437 1434 2504 1434 2506 1434 2437 1434 2506 1434 2404 1434 2404 1434 2506 1434 2178 1434 2404 1434 2178 1434 2402 1434 2402 1434 2178 1434 2417 1434 2401 1434 2400 1434 2609 1434 2609 1434 2400 1434 2477 1434 2609 1434 2477 1434 2610 1434 2610 1434 2477 1434 2475 1434 2610 1434 2475 1434 2611 1434 2611 1434 2475 1434 2473 1434 2611 1434 2473 1434 2612 1434 2612 1434 2473 1434 1921 1434 2612 1434 1921 1434 2110 1434 2110 1434 1921 1434 1920 1434 2110 1434 1920 1434 2111 1434 2481 1434 2613 1434 2483 1434 2483 1434 2613 1434 2614 1434 2483 1434 2614 1434 2495 1434 2495 1434 2614 1434 2615 1434 2495 1434 2615 1434 2493 1434 2493 1434 2615 1434 2616 1434 2493 1434 2616 1434 2491 1434 2491 1434 2616 1434 2617 1434 2491 1434 2617 1434 1964 1434 1964 1434 2617 1434 2618 1434 1964 1434 2618 1434 1966 1434 1966 1434 2618 1434 2255 1434 1966 1434 2255 1434 1967 1434 1967 1434 2255 1434 2257 1434 2613 1434 2619 1434 2614 1434 2614 1434 2619 1434 2620 1434 2614 1434 2620 1434 2615 1434 2615 1434 2620 1434 2621 1434 2615 1434 2621 1434 2616 1434 2616 1434 2621 1434 2622 1434 2616 1434 2622 1434 2617 1434 2617 1434 2622 1434 2623 1434 2617 1434 2623 1434 2618 1434 2618 1434 2623 1434 2624 1434 2618 1434 2624 1434 2255 1434 2255 1434 2624 1434 2258 1434 2255 1434 2258 1434 2253 1434 2253 1434 2258 1434 2259 1434 1937 1434 1939 1434 1941 1434 1941 1434 1939 1434 2625 1434 1941 1434 2625 1434 2372 1434 2372 1434 2625 1434 2626 1434 2372 1434 2626 1434 2374 1434 2619 1434 2305 1434 2620 1434 2620 1434 2305 1434 2299 1434 2620 1434 2299 1434 2621 1434 2621 1434 2299 1434 2301 1434 2621 1434 2301 1434 2622 1434 2622 1434 2301 1434 2302 1434 2622 1434 2302 1434 2623 1434 2623 1434 2302 1434 2219 1434 2623 1434 2219 1434 2624 1434 2624 1434 2219 1434 2220 1434 2624 1434 2220 1434 2258 1434 2258 1434 2220 1434 2222 1434 2258 1434 2222 1434 2215 1434 2215 1434 2222 1434 2221 1434 2627 1434 2628 1434 2378 1434 2629 1434 2630 1434 2631 1434 2631 1434 2630 1434 2632 1434 2626 1434 2633 1434 2634 1434 2629 1434 2631 1434 2635 1434 2635 1434 2631 1434 2376 1434 2635 1434 2376 1434 2636 1434 1940 1434 1968 1434 1939 1434 1939 1434 1968 1434 2637 1434 1939 1434 2637 1434 2625 1434 2625 1434 2637 1434 2631 1434 2625 1434 2631 1434 2626 1434 2626 1434 2631 1434 2632 1434 2626 1434 2632 1434 2633 1434 1905 1434 2375 1434 1906 1434 1906 1434 2375 1434 2374 1434 1906 1434 2374 1434 2378 1434 2378 1434 2374 1434 2626 1434 2378 1434 2626 1434 2627 1434 2627 1434 2626 1434 2634 1434 2628 1434 2638 1434 2378 1434 2378 1434 2638 1434 2639 1434 2378 1434 2639 1434 2376 1434 2376 1434 2639 1434 2640 1434 2376 1434 2640 1434 2636 1434 1969 1434 2641 1434 1968 1434 1968 1434 2641 1434 2642 1434 1968 1434 2642 1434 2637 1434 2637 1434 2642 1434 2643 1434 2637 1434 2643 1434 2631 1434 2631 1434 2643 1434 2381 1434 2631 1434 2381 1434 2376 1434 2376 1434 2381 1434 2383 1434 2376 1434 2383 1434 2377 1434 2382 1434 2381 1434 1915 1434 1915 1434 2381 1434 2643 1434 1915 1434 2643 1434 2213 1434 2213 1434 2643 1434 2642 1434 2213 1434 2642 1434 2264 1434 2264 1434 2642 1434 2641 1434 2264 1434 2641 1434 2261 1434 2261 1434 2641 1434 1969 1434 2261 1434 1969 1434 2256 1434 2256 1434 1969 1434 2644 1434 2256 1434 2644 1434 2257 1434 2384 1434 2292 1434 1899 1434 1899 1434 2292 1434 2293 1434 1899 1434 2293 1434 1900 1434 1900 1434 2293 1434 2305 1434 1900 1434 2305 1434 2392 1434 2392 1434 2305 1434 2619 1434 2392 1434 2619 1434 2394 1434 2394 1434 2619 1434 2613 1434 2394 1434 2613 1434 2396 1434 2396 1434 2613 1434 2481 1434 2396 1434 2481 1434 2398 1434 2398 1434 2481 1434 2486 1434 2398 1434 2486 1434 2400 1434 2400 1434 2486 1434 2645 1434 2400 1434 2645 1434 2478 1434 2646 1435 2647 1435 2648 1435 2648 1436 2647 1436 2649 1436 2648 1436 2649 1436 2650 1436 2650 1437 2649 1437 2651 1437 2650 1437 2651 1437 2652 1437 2652 1438 2651 1438 2653 1438 2652 1438 2653 1438 2654 1438 2654 1439 2653 1439 2655 1439 2654 1439 2655 1439 2656 1439 2656 1440 2655 1440 2657 1440 2656 1440 2657 1440 2658 1440 2658 1441 2657 1441 2659 1441 2658 1441 2659 1441 2660 1441 2660 1442 2659 1442 2661 1442 2660 1442 2661 1442 2662 1442 2662 1443 2661 1443 2663 1443 2662 1443 2663 1443 2664 1443 2664 1444 2663 1444 2665 1444 2664 1444 2665 1444 2666 1444 2666 1445 2665 1445 2667 1445 2666 1445 2667 1445 2668 1445 2668 1446 2667 1446 2669 1446 2668 1446 2669 1446 2646 1446 2646 1435 2669 1435 2647 1435 2670 1447 2671 1447 2672 1447 2672 1448 2671 1448 2673 1448 2672 1448 2673 1448 2674 1448 2674 1449 2673 1449 2675 1449 2674 1449 2675 1449 2676 1449 2676 1450 2675 1450 2677 1450 2676 1450 2677 1450 2678 1450 2678 1451 2677 1451 2679 1451 2678 1451 2679 1451 2680 1451 2680 1452 2679 1452 2681 1452 2680 1452 2681 1452 2682 1452 2682 1453 2681 1453 2683 1453 2682 1453 2683 1453 2684 1453 2684 1454 2683 1454 2685 1454 2684 1454 2685 1454 2686 1454 2686 1455 2685 1455 2687 1455 2686 1455 2687 1455 2688 1455 2688 1456 2687 1456 2689 1456 2688 1456 2689 1456 2690 1456 2690 1457 2689 1457 2691 1457 2690 1457 2691 1457 2692 1457 2692 1458 2691 1458 2693 1458 2692 1458 2693 1458 2670 1458 2670 1447 2693 1447 2671 1447 2694 1433 2695 1433 2696 1433 2696 1433 2695 1433 2697 1433 2697 1433 2695 1433 2698 1433 2697 1433 2698 1433 2699 1433 2699 1433 2698 1433 2700 1433 2699 1433 2700 1433 2701 1433 2702 1433 2703 1433 2704 1433 2701 1433 2700 1433 2705 1433 2705 1433 2700 1433 2706 1433 2705 1433 2706 1433 2707 1433 2707 1433 2706 1433 2708 1433 2707 1433 2708 1433 2709 1433 2709 1433 2708 1433 2710 1433 2709 1433 2710 1433 2703 1433 2703 1433 2710 1433 2711 1433 2703 1433 2711 1433 2704 1433 2712 1433 2713 1433 2704 1433 2714 1433 2715 1433 2716 1433 2717 1433 2718 1433 2719 1433 2719 1433 2718 1433 2720 1433 2713 1433 2714 1433 2704 1433 2704 1433 2714 1433 2716 1433 2704 1433 2716 1433 2702 1433 2702 1433 2716 1433 2721 1433 2702 1433 2721 1433 2722 1433 2722 1433 2721 1433 2723 1433 2722 1433 2723 1433 2724 1433 2724 1433 2723 1433 2694 1433 2724 1433 2694 1433 2725 1433 2725 1433 2694 1433 2696 1433 2712 1433 2704 1433 2726 1433 2726 1433 2704 1433 2727 1433 2726 1433 2727 1433 2720 1433 2720 1433 2727 1433 2728 1433 2720 1433 2728 1433 2719 1433 2715 1433 2729 1433 2716 1433 2716 1433 2729 1433 2730 1433 2716 1433 2730 1433 2731 1433 2731 1433 2730 1433 2732 1433 2731 1433 2732 1433 2733 1433 2734 1433 2735 1433 2731 1433 2736 1433 2737 1433 2738 1433 2738 1433 2737 1433 2739 1433 2738 1433 2739 1433 2740 1433 2740 1433 2739 1433 2741 1433 2742 1433 2743 1433 2744 1433 2744 1433 2743 1433 2745 1433 2733 1433 2717 1433 2731 1433 2731 1433 2717 1433 2719 1433 2731 1433 2719 1433 2734 1433 2734 1433 2719 1433 2746 1433 2734 1433 2746 1433 2747 1433 2747 1433 2746 1433 2748 1433 2747 1433 2748 1433 2745 1433 2745 1433 2748 1433 2749 1433 2745 1433 2749 1433 2744 1433 2741 1433 2739 1433 2750 1433 2750 1433 2739 1433 2751 1433 2750 1433 2751 1433 2752 1433 2752 1433 2751 1433 2753 1433 2752 1433 2753 1433 2735 1433 2735 1433 2753 1433 2754 1433 2735 1433 2754 1433 2731 1433 2736 1433 2742 1433 2737 1433 2737 1433 2742 1433 2744 1433 2737 1433 2744 1433 2755 1433 2755 1433 2744 1433 2756 1433 2755 1433 2756 1433 2757 1433 2758 1433 2759 1433 2757 1433 2757 1433 2759 1433 2760 1433 2761 1433 2762 1433 2763 1433 2763 1433 2762 1433 2764 1433 2764 1433 2762 1433 2765 1433 2764 1433 2765 1433 2756 1433 2756 1433 2765 1433 2766 1433 2756 1433 2766 1433 2757 1433 2757 1433 2766 1433 2767 1433 2757 1433 2767 1433 2758 1433 2763 1433 2768 1433 2761 1433 2761 1433 2768 1433 2706 1433 2761 1433 2706 1433 2769 1433 2769 1433 2706 1433 2700 1433 2769 1433 2700 1433 2770 1433 2770 1433 2700 1433 2771 1433 2770 1433 2771 1433 2772 1433 2772 1433 2771 1433 2773 1433 2772 1433 2773 1433 2774 1433 2774 1433 2773 1433 2760 1433 2774 1433 2760 1433 2775 1433 2775 1433 2760 1433 2759 1433 2776 1433 2777 1433 2778 1433 2778 1433 2777 1433 2779 1433 2780 1433 2781 1433 2782 1433 2783 1433 2784 1433 2785 1433 2785 1433 2784 1433 2786 1433 2785 1433 2786 1433 2787 1433 2787 1433 2786 1433 2788 1433 2787 1433 2788 1433 2781 1433 2781 1433 2788 1433 2789 1433 2781 1433 2789 1433 2782 1433 2783 1433 2790 1433 2784 1433 2784 1433 2790 1433 2791 1433 2784 1433 2791 1433 2792 1433 2792 1433 2791 1433 2793 1433 2782 1433 2794 1433 2780 1433 2780 1433 2794 1433 2795 1433 2780 1433 2795 1433 2796 1433 2796 1433 2795 1433 2797 1433 2796 1433 2797 1433 2779 1433 2779 1433 2797 1433 2798 1433 2779 1433 2798 1433 2778 1433 2793 1433 2776 1433 2792 1433 2792 1433 2776 1433 2778 1433 2792 1433 2778 1433 2799 1433 2799 1433 2778 1433 2800 1433 2799 1433 2800 1433 2801 1433 2801 1433 2802 1433 2803 1433 2804 1433 2805 1433 2806 1433 2801 1433 2803 1433 2807 1433 2806 1433 2805 1433 2808 1433 2808 1433 2805 1433 2809 1433 2808 1433 2809 1433 2800 1433 2800 1433 2809 1433 2810 1433 2800 1433 2810 1433 2801 1433 2801 1433 2810 1433 2811 1433 2801 1433 2811 1433 2802 1433 2806 1433 2812 1433 2804 1433 2804 1433 2812 1433 2813 1433 2804 1433 2813 1433 2814 1433 2814 1433 2813 1433 2815 1433 2814 1433 2815 1433 2816 1433 2816 1433 2815 1433 2817 1433 2816 1433 2817 1433 2818 1433 2818 1433 2817 1433 2819 1433 2818 1433 2819 1433 2820 1433 2820 1433 2819 1433 2807 1433 2820 1433 2807 1433 2821 1433 2821 1433 2807 1433 2803 1433 2822 1433 2823 1433 2815 1433 2815 1433 2823 1433 2824 1433 2825 1433 2782 1433 2826 1433 2826 1433 2782 1433 2827 1433 2826 1433 2827 1433 2828 1433 2829 1433 2830 1433 2831 1433 2831 1433 2830 1433 2832 1433 2831 1433 2832 1433 2833 1433 2825 1433 2834 1433 2782 1433 2782 1433 2834 1433 2835 1433 2782 1433 2835 1433 2794 1433 2794 1433 2835 1433 2833 1433 2794 1433 2833 1433 2836 1433 2836 1433 2833 1433 2832 1433 2823 1433 2837 1433 2824 1433 2824 1433 2837 1433 2838 1433 2824 1433 2838 1433 2839 1433 2828 1433 2827 1433 2840 1433 2840 1433 2827 1433 2841 1433 2840 1433 2841 1433 2842 1433 2842 1433 2841 1433 2843 1433 2842 1433 2843 1433 2844 1433 2822 1433 2815 1433 2845 1433 2845 1433 2815 1433 2813 1433 2845 1433 2813 1433 2846 1433 2846 1433 2813 1433 2847 1433 2846 1433 2847 1433 2848 1433 2848 1433 2847 1433 2849 1433 2848 1433 2849 1433 2829 1433 2829 1433 2849 1433 2850 1433 2829 1433 2850 1433 2830 1433 2831 1433 2851 1433 2829 1433 2829 1433 2851 1433 2852 1433 2829 1433 2852 1433 2853 1433 2853 1433 2852 1433 2844 1433 2853 1433 2844 1433 2854 1433 2854 1433 2844 1433 2843 1433 2854 1433 2843 1433 2855 1433 2855 1433 2843 1433 2839 1433 2855 1433 2839 1433 2856 1433 2856 1433 2839 1433 2838 1433 1538 1459 2609 1459 1888 1459 1888 1459 2609 1459 2610 1459 1888 1459 2610 1459 1887 1459 1887 1459 2610 1459 2611 1459 1887 1459 2611 1459 1886 1459 1886 1459 2611 1459 2612 1459 1886 1459 2612 1459 1798 1459 1798 1459 2612 1459 2110 1459 1798 1459 2110 1459 1796 1459 1796 1459 2110 1459 2108 1459 1796 1459 2108 1459 1890 1459 1890 1459 2108 1459 2594 1459 1890 1459 2594 1459 1891 1459 1891 1459 2594 1459 2593 1459 1891 1459 2593 1459 1530 1459 1530 1459 2593 1459 2331 1459 2370 1460 1689 1460 2600 1460 2600 1460 1689 1460 1693 1460 2600 1460 1693 1460 2601 1460 2601 1460 1693 1460 1882 1460 2601 1460 1882 1460 2073 1460 2073 1460 1882 1460 1849 1460 2073 1460 1849 1460 2074 1460 2074 1460 1849 1460 1847 1460 2074 1460 1847 1460 1922 1460 1922 1460 1847 1460 1844 1460 1922 1460 1844 1460 2077 1460 2077 1460 1844 1460 1842 1460 2077 1460 1842 1460 1976 1460 1976 1460 1842 1460 1632 1460 1976 1460 1632 1460 1974 1460 1974 1460 1632 1460 1630 1460 2857 1433 2858 1433 2859 1433 2859 1433 2858 1433 2860 1433 2859 1433 2860 1433 2861 1433 2861 1433 2860 1433 2862 1433 2861 1433 2862 1433 2863 1433 2863 1433 2862 1433 2864 1433 2863 1433 2864 1433 2865 1433 2865 1433 2864 1433 2866 1433 2865 1433 2866 1433 2867 1433 2867 1433 2866 1433 2868 1433 2867 1433 2868 1433 2869 1433 2869 1433 2868 1433 2870 1433 2869 1433 2870 1433 2871 1433 2871 1433 2870 1433 2872 1433 2871 1433 2872 1433 2873 1433 2873 1433 2872 1433 2874 1433 2873 1433 2874 1433 2875 1433 2875 1433 2874 1433 2876 1433 2875 1433 2876 1433 2877 1433 2877 1433 2876 1433 2878 1433 2877 1433 2878 1433 2879 1433 2879 1433 2878 1433 2880 1433 2879 1433 2880 1433 2881 1433 2881 1433 2880 1433 2882 1433 2881 1433 2882 1433 2883 1433 2883 1433 2882 1433 2884 1433 2883 1433 2884 1433 2885 1433 2885 1433 2884 1433 2886 1433 2885 1433 2886 1433 2887 1433 2887 1433 2886 1433 2888 1433 2887 1433 2888 1433 2889 1433 2889 1433 2888 1433 2890 1433 2889 1433 2890 1433 2891 1433 2891 1433 2890 1433 2892 1433 2891 1433 2892 1433 2857 1433 2857 1433 2892 1433 2858 1433 2880 1461 2893 1461 2882 1461 2882 1461 2893 1461 2894 1461 2882 1462 2894 1462 2884 1462 2884 1462 2894 1462 2895 1462 2884 1463 2895 1463 2886 1463 2886 1463 2895 1463 2896 1463 2886 1464 2896 1464 2888 1464 2888 1464 2896 1464 2897 1464 2888 1465 2897 1465 2890 1465 2890 1465 2897 1465 2898 1465 2890 1466 2898 1466 2892 1466 2892 1466 2898 1466 2899 1466 2892 1467 2899 1467 2858 1467 2858 1467 2899 1467 2900 1467 2858 1468 2900 1468 2860 1468 2860 1468 2900 1468 2901 1468 2860 1469 2901 1469 2862 1469 2862 1469 2901 1469 2902 1469 2862 1470 2902 1470 2864 1470 2864 1470 2902 1470 2903 1470 2864 1471 2903 1471 2866 1471 2866 1471 2903 1471 2904 1471 2866 1472 2904 1472 2868 1472 2868 1472 2904 1472 2905 1472 2868 1473 2905 1473 2870 1473 2870 1473 2905 1473 2906 1473 2870 1474 2906 1474 2872 1474 2872 1474 2906 1474 2907 1474 2872 1475 2907 1475 2874 1475 2874 1475 2907 1475 2908 1475 2874 1476 2908 1476 2876 1476 2876 1476 2908 1476 2909 1476 2876 1477 2909 1477 2878 1477 2878 1477 2909 1477 2910 1477 2878 1478 2910 1478 2880 1478 2880 1478 2910 1478 2893 1478 2911 1433 2912 1433 2913 1433 2913 1433 2912 1433 2914 1433 2913 1433 2914 1433 2915 1433 2915 1433 2914 1433 2916 1433 2915 1433 2916 1433 2917 1433 2917 1433 2916 1433 2918 1433 2917 1433 2918 1433 2919 1433 2919 1433 2918 1433 2920 1433 2919 1433 2920 1433 2921 1433 2921 1433 2920 1433 2922 1433 2921 1433 2922 1433 2923 1433 2923 1433 2922 1433 2924 1433 2923 1433 2924 1433 2925 1433 2925 1433 2924 1433 2926 1433 2925 1433 2926 1433 2927 1433 2927 1433 2926 1433 2928 1433 2927 1433 2928 1433 2929 1433 2929 1433 2928 1433 2930 1433 2929 1433 2930 1433 2931 1433 2931 1433 2930 1433 2932 1433 2931 1433 2932 1433 2933 1433 2933 1433 2932 1433 2934 1433 2933 1433 2934 1433 2935 1433 2935 1433 2934 1433 2936 1433 2935 1433 2936 1433 2937 1433 2937 1433 2936 1433 2938 1433 2937 1433 2938 1433 2939 1433 2939 1433 2938 1433 2940 1433 2939 1433 2940 1433 2941 1433 2941 1433 2940 1433 2942 1433 2941 1433 2942 1433 2943 1433 2943 1433 2942 1433 2944 1433 2943 1433 2944 1433 2945 1433 2945 1433 2944 1433 2946 1433 2945 1433 2946 1433 2911 1433 2911 1433 2946 1433 2912 1433 2940 1479 2947 1479 2942 1479 2942 1479 2947 1479 2948 1479 2942 1480 2948 1480 2944 1480 2944 1480 2948 1480 2949 1480 2944 1481 2949 1481 2946 1481 2946 1481 2949 1481 2950 1481 2946 1482 2950 1482 2912 1482 2912 1482 2950 1482 2951 1482 2912 1465 2951 1465 2914 1465 2914 1465 2951 1465 2952 1465 2914 1483 2952 1483 2916 1483 2916 1483 2952 1483 2953 1483 2916 1484 2953 1484 2918 1484 2918 1484 2953 1484 2954 1484 2918 1485 2954 1485 2920 1485 2920 1485 2954 1485 2955 1485 2920 1486 2955 1486 2956 1486 2956 1486 2955 1486 2957 1486 2956 1487 2957 1487 2924 1487 2924 1487 2957 1487 2958 1487 2924 1488 2958 1488 2926 1488 2926 1488 2958 1488 2959 1488 2926 1489 2959 1489 2928 1489 2928 1489 2959 1489 2960 1489 2928 1490 2960 1490 2930 1490 2930 1490 2960 1490 2961 1490 2930 1474 2961 1474 2932 1474 2932 1474 2961 1474 2962 1474 2932 1491 2962 1491 2934 1491 2934 1491 2962 1491 2963 1491 2934 1492 2963 1492 2936 1492 2936 1492 2963 1492 2964 1492 2936 1493 2964 1493 2938 1493 2938 1493 2964 1493 2965 1493 2938 1494 2965 1494 2940 1494 2940 1494 2965 1494 2947 1494 2966 1495 2939 1495 2967 1495 2967 1495 2939 1495 2941 1495 2967 1496 2941 1496 2968 1496 2968 1496 2941 1496 2943 1496 2968 1497 2943 1497 2969 1497 2969 1497 2943 1497 2945 1497 2969 1498 2945 1498 2970 1498 2970 1498 2945 1498 2911 1498 2970 1465 2911 1465 2971 1465 2971 1465 2911 1465 2913 1465 2971 1499 2913 1499 2972 1499 2972 1499 2913 1499 2915 1499 2972 1500 2915 1500 2973 1500 2973 1500 2915 1500 2917 1500 2973 1501 2917 1501 2974 1501 2974 1501 2917 1501 2919 1501 2974 1502 2919 1502 2975 1502 2975 1502 2919 1502 2921 1502 2975 1503 2921 1503 2976 1503 2976 1503 2921 1503 2923 1503 2976 1504 2923 1504 2977 1504 2977 1504 2923 1504 2925 1504 2977 1505 2925 1505 2978 1505 2978 1505 2925 1505 2927 1505 2978 1506 2927 1506 2979 1506 2979 1506 2927 1506 2929 1506 2979 1474 2929 1474 2980 1474 2980 1474 2929 1474 2931 1474 2980 1507 2931 1507 2981 1507 2981 1507 2931 1507 2933 1507 2981 1508 2933 1508 2982 1508 2982 1508 2933 1508 2935 1508 2982 1509 2935 1509 2983 1509 2983 1509 2935 1509 2937 1509 2983 1510 2937 1510 2966 1510 2966 1510 2937 1510 2939 1510 2984 1433 2975 1433 2985 1433 2985 1433 2975 1433 2976 1433 2985 1433 2976 1433 2986 1433 2986 1433 2976 1433 2977 1433 2986 1433 2977 1433 2987 1433 2987 1433 2977 1433 2978 1433 2987 1433 2978 1433 2988 1433 2988 1433 2978 1433 2979 1433 2988 1433 2979 1433 2989 1433 2989 1433 2979 1433 2980 1433 2989 1433 2980 1433 2990 1433 2991 1433 2969 1433 2992 1433 2992 1433 2969 1433 2970 1433 2992 1433 2970 1433 2993 1433 2993 1433 2970 1433 2971 1433 2993 1433 2971 1433 2994 1433 2994 1433 2971 1433 2972 1433 2994 1433 2972 1433 2995 1433 2995 1433 2972 1433 2973 1433 2995 1433 2973 1433 2984 1433 2984 1433 2973 1433 2974 1433 2984 1433 2974 1433 2975 1433 2980 1433 2981 1433 2990 1433 2990 1433 2981 1433 2982 1433 2990 1433 2982 1433 2996 1433 2996 1433 2982 1433 2983 1433 2996 1433 2983 1433 2997 1433 2997 1433 2983 1433 2966 1433 2997 1433 2966 1433 2998 1433 2998 1433 2966 1433 2967 1433 2998 1433 2967 1433 2991 1433 2991 1433 2967 1433 2968 1433 2991 1433 2968 1433 2969 1433 2817 1511 2815 1511 2985 1511 2827 1512 2994 1512 2841 1512 2841 1513 2994 1513 2995 1513 2841 1513 2995 1513 2843 1513 2843 1514 2995 1514 2984 1514 2843 1514 2984 1514 2839 1514 2839 1459 2984 1459 2985 1459 2839 1459 2985 1459 2824 1459 2824 1515 2985 1515 2815 1515 2782 1516 2992 1516 2827 1516 2827 1517 2992 1517 2993 1517 2827 1512 2993 1512 2994 1512 2985 1518 2986 1518 2817 1518 2817 1519 2986 1519 2987 1519 2817 1519 2987 1519 2819 1519 2819 1520 2987 1520 2988 1520 2819 1520 2988 1520 2807 1520 2807 1521 2988 1521 2989 1521 2807 1521 2989 1521 2801 1521 2801 1522 2989 1522 2990 1522 2801 1522 2990 1522 2799 1522 2799 1523 2990 1523 2996 1523 2799 1523 2996 1523 2792 1523 2792 1524 2996 1524 2997 1524 2792 1524 2997 1524 2784 1524 2784 1525 2997 1525 2998 1525 2784 1525 2998 1525 2786 1525 2786 1526 2998 1526 2991 1526 2786 1526 2991 1526 2788 1526 2788 1527 2991 1527 2992 1527 2788 1527 2992 1527 2789 1527 2789 1528 2992 1528 2782 1528 2999 1495 2879 1495 3000 1495 3000 1495 2879 1495 2881 1495 3000 1529 2881 1529 3001 1529 3001 1529 2881 1529 2883 1529 3001 1530 2883 1530 3002 1530 3002 1530 2883 1530 2885 1530 3002 1531 2885 1531 3003 1531 3003 1531 2885 1531 2887 1531 3003 1465 2887 1465 3004 1465 3004 1465 2887 1465 2889 1465 3004 1532 2889 1532 3005 1532 3005 1532 2889 1532 2891 1532 3005 1533 2891 1533 3006 1533 3006 1533 2891 1533 2857 1533 3006 1534 2857 1534 3007 1534 3007 1534 2857 1534 2859 1534 3007 1502 2859 1502 3008 1502 3008 1502 2859 1502 2861 1502 3008 1503 2861 1503 3009 1503 3009 1503 2861 1503 2863 1503 3009 1535 2863 1535 3010 1535 3010 1535 2863 1535 2865 1535 3010 1536 2865 1536 3011 1536 3011 1536 2865 1536 2867 1536 3011 1537 2867 1537 3012 1537 3012 1537 2867 1537 2869 1537 3012 1474 2869 1474 3013 1474 3013 1474 2869 1474 2871 1474 3013 1538 2871 1538 3014 1538 3014 1538 2871 1538 2873 1538 3014 1539 2873 1539 3015 1539 3015 1539 2873 1539 2875 1539 3015 1540 2875 1540 3016 1540 3016 1540 2875 1540 2877 1540 3016 1510 2877 1510 2999 1510 2999 1510 2877 1510 2879 1510 3017 1433 3014 1433 3018 1433 3018 1433 3014 1433 3015 1433 3018 1433 3015 1433 3019 1433 3019 1433 3015 1433 3016 1433 3019 1433 3016 1433 3020 1433 3020 1433 3016 1433 2999 1433 3020 1433 2999 1433 3021 1433 3021 1433 2999 1433 3000 1433 3021 1433 3000 1433 3022 1433 3000 1433 3001 1433 3022 1433 3022 1433 3001 1433 3002 1433 3022 1433 3002 1433 3023 1433 3023 1433 3002 1433 3003 1433 3023 1433 3003 1433 3024 1433 3024 1433 3003 1433 3004 1433 3024 1433 3004 1433 3025 1433 3025 1433 3004 1433 3005 1433 3025 1433 3005 1433 3026 1433 3026 1433 3005 1433 3006 1433 3026 1433 3006 1433 3027 1433 3027 1433 3006 1433 3007 1433 3027 1433 3007 1433 3028 1433 3028 1433 3007 1433 3008 1433 3028 1433 3008 1433 3029 1433 3029 1433 3008 1433 3009 1433 3029 1433 3009 1433 3030 1433 3030 1433 3009 1433 3010 1433 3030 1433 3010 1433 3031 1433 3031 1433 3010 1433 3011 1433 3031 1433 3011 1433 3032 1433 3032 1433 3011 1433 3012 1433 3032 1433 3012 1433 3017 1433 3017 1433 3012 1433 3013 1433 3017 1433 3013 1433 3014 1433 2771 1541 2700 1541 3029 1541 3029 1542 2700 1542 2698 1542 3029 1543 2698 1543 3028 1543 3028 1543 2698 1543 2695 1543 3028 1544 2695 1544 3027 1544 2716 1545 3025 1545 2721 1545 2721 1546 3025 1546 3026 1546 2721 1546 3026 1546 2723 1546 2723 1547 3026 1547 3027 1547 2723 1547 3027 1547 2694 1547 2694 1544 3027 1544 2695 1544 2731 1548 3023 1548 2716 1548 2716 1549 3023 1549 3024 1549 2716 1545 3024 1545 3025 1545 3029 1550 3030 1550 2771 1550 2771 1551 3030 1551 3031 1551 2771 1551 3031 1551 2773 1551 2773 1552 3031 1552 3032 1552 2773 1552 3032 1552 2760 1552 2760 1553 3032 1553 3017 1553 2760 1553 3017 1553 2757 1553 2757 1554 3017 1554 3018 1554 2757 1554 3018 1554 2755 1554 2755 1555 3018 1555 3019 1555 2755 1555 3019 1555 2737 1555 2737 1556 3019 1556 3020 1556 2737 1556 3020 1556 2739 1556 2739 1557 3020 1557 3021 1557 2739 1557 3021 1557 2751 1557 2751 1558 3021 1558 3022 1558 2751 1558 3022 1558 2753 1558 2753 1559 3022 1559 3023 1559 2753 1559 3023 1559 2754 1559 2754 1560 3023 1560 2731 1560 3033 1433 3034 1433 2947 1433 2947 1433 3034 1433 3035 1433 2947 1433 3035 1433 2948 1433 2948 1433 3035 1433 3036 1433 2948 1433 3036 1433 2949 1433 2949 1433 3036 1433 3037 1433 2949 1433 3037 1433 2950 1433 2950 1433 3037 1433 3038 1433 2950 1433 3038 1433 2951 1433 2951 1433 3038 1433 3039 1433 2951 1433 3039 1433 2952 1433 2952 1433 3039 1433 3040 1433 2952 1433 3040 1433 2953 1433 2953 1433 3040 1433 3041 1433 2953 1433 3041 1433 2954 1433 2954 1433 3041 1433 3042 1433 2954 1433 3042 1433 2955 1433 2955 1433 3042 1433 3043 1433 2955 1433 3043 1433 2957 1433 2957 1433 3043 1433 3044 1433 2957 1433 3044 1433 2958 1433 2958 1433 3044 1433 3045 1433 2958 1433 3045 1433 2959 1433 2959 1433 3045 1433 3046 1433 2959 1433 3046 1433 2960 1433 2960 1433 3046 1433 3047 1433 2960 1433 3047 1433 2961 1433 2961 1433 3047 1433 3048 1433 2961 1433 3048 1433 2962 1433 2962 1433 3048 1433 3049 1433 2962 1433 3049 1433 2963 1433 2963 1433 3049 1433 3050 1433 2963 1433 3050 1433 2964 1433 2964 1433 3050 1433 3051 1433 2964 1433 3051 1433 2965 1433 2965 1433 3051 1433 3052 1433 2965 1433 3052 1433 2947 1433 2947 1433 3052 1433 3033 1433 3044 1561 3043 1561 1537 1561 1687 1562 3035 1562 3034 1562 1687 1563 3034 1563 1688 1563 1688 1564 3034 1564 3033 1564 1688 1565 3033 1565 3052 1565 1537 1566 1536 1566 3044 1566 3044 1567 1536 1567 1686 1567 3044 1567 1686 1567 3045 1567 3045 1568 1686 1568 1684 1568 3045 1568 1684 1568 3046 1568 3046 1569 1684 1569 1681 1569 3046 1569 1681 1569 3047 1569 3047 1570 1681 1570 1573 1570 3047 1570 1573 1570 3048 1570 3048 1571 1573 1571 1575 1571 3048 1571 1575 1571 3049 1571 3049 1572 1575 1572 1584 1572 3049 1572 1584 1572 3050 1572 3050 1573 1584 1573 1586 1573 3050 1573 1586 1573 3051 1573 3051 1574 1586 1574 1566 1574 3051 1575 1566 1575 3052 1575 3052 1576 1566 1576 1690 1576 3052 1565 1690 1565 1688 1565 2383 1577 3038 1577 2377 1577 2377 1578 3038 1578 3037 1578 2377 1578 3037 1578 2379 1578 2379 1579 3037 1579 3036 1579 2379 1579 3036 1579 2380 1579 2380 1580 3036 1580 3035 1580 2380 1580 3035 1580 1904 1580 1904 1581 3035 1581 1687 1581 1904 1581 1687 1581 1905 1581 2383 1582 2382 1582 3038 1582 3038 1583 2382 1583 2198 1583 3038 1584 2198 1584 3039 1584 2198 1585 2207 1585 3039 1585 3039 1586 2207 1586 2209 1586 3039 1587 2209 1587 3040 1587 3040 1588 2209 1588 1901 1588 3040 1589 1901 1589 2390 1589 2390 1590 2389 1590 3040 1590 3040 1591 2389 1591 2388 1591 3040 1592 2388 1592 3041 1592 2388 1593 2387 1593 3041 1593 3041 1594 2387 1594 2386 1594 3041 1595 2386 1595 2385 1595 2385 1596 2384 1596 3041 1596 3041 1597 2384 1597 1899 1597 3041 1597 1899 1597 3042 1597 3042 1598 1899 1598 1898 1598 3042 1598 1898 1598 3043 1598 3043 1599 1898 1599 2391 1599 3043 1599 2391 1599 1537 1599 3053 1433 3054 1433 2893 1433 2893 1433 3054 1433 3055 1433 2893 1433 3055 1433 2894 1433 2894 1433 3055 1433 3056 1433 2894 1433 3056 1433 2895 1433 2895 1433 3056 1433 3057 1433 2895 1433 3057 1433 2896 1433 2896 1433 3057 1433 3058 1433 2896 1433 3058 1433 2897 1433 2897 1433 3058 1433 3059 1433 2897 1433 3059 1433 2898 1433 2898 1433 3059 1433 3060 1433 2898 1433 3060 1433 2899 1433 2899 1433 3060 1433 3061 1433 2899 1433 3061 1433 2900 1433 2900 1433 3061 1433 3062 1433 2900 1433 3062 1433 2901 1433 2901 1433 3062 1433 3063 1433 2901 1433 3063 1433 2902 1433 2902 1433 3063 1433 3064 1433 2902 1433 3064 1433 2903 1433 2903 1433 3064 1433 3065 1433 2903 1433 3065 1433 2904 1433 2904 1433 3065 1433 3066 1433 2904 1433 3066 1433 2905 1433 2905 1433 3066 1433 3067 1433 2905 1433 3067 1433 2906 1433 2906 1433 3067 1433 3068 1433 2906 1433 3068 1433 2907 1433 2907 1433 3068 1433 3069 1433 2907 1433 3069 1433 2908 1433 2908 1433 3069 1433 3070 1433 2908 1433 3070 1433 2909 1433 2909 1433 3070 1433 3071 1433 2909 1433 3071 1433 2910 1433 2910 1433 3071 1433 3053 1433 2910 1433 3053 1433 2893 1433 1698 1600 2340 1600 2342 1600 3055 1601 3054 1601 1534 1601 1699 1602 1698 1602 3065 1602 3065 1603 3064 1603 1699 1603 1699 1604 3064 1604 3063 1604 1699 1604 3063 1604 1700 1604 1700 1605 3063 1605 3062 1605 1700 1605 3062 1605 1591 1605 1591 1606 3062 1606 3061 1606 1591 1606 3061 1606 1594 1606 1594 1607 3061 1607 3060 1607 1594 1607 3060 1607 1596 1607 1596 1608 3060 1608 3059 1608 1596 1608 3059 1608 1599 1608 1599 1609 3059 1609 3058 1609 1599 1609 3058 1609 1695 1609 1695 1610 3058 1610 3057 1610 1695 1610 3057 1610 1696 1610 1696 1611 3057 1611 3056 1611 1696 1611 3056 1611 1694 1611 1694 1612 3056 1612 3055 1612 1694 1612 3055 1612 1533 1612 1533 1613 3055 1613 1534 1613 1698 1600 2342 1600 3065 1600 3065 1614 2342 1614 1909 1614 3065 1614 1909 1614 3066 1614 3066 1615 1909 1615 1908 1615 3066 1615 1908 1615 3067 1615 3067 1616 1908 1616 2343 1616 3067 1617 2343 1617 2345 1617 2345 1618 2347 1618 3067 1618 3067 1619 2347 1619 2349 1619 3067 1620 2349 1620 3068 1620 3068 1621 2349 1621 2350 1621 3068 1622 2350 1622 2352 1622 2352 1623 2353 1623 3068 1623 3068 1624 2353 1624 2354 1624 3068 1625 2354 1625 3069 1625 2354 1626 2355 1626 3069 1626 3069 1627 2355 1627 2356 1627 3069 1628 2356 1628 3070 1628 3070 1629 2356 1629 2358 1629 3070 1630 2358 1630 2360 1630 2360 1631 2366 1631 3070 1631 3070 1632 2366 1632 2364 1632 3070 1632 2364 1632 3071 1632 3071 1633 2364 1633 2581 1633 3071 1633 2581 1633 3053 1633 3053 1634 2581 1634 2369 1634 3053 1634 2369 1634 3054 1634 3054 1635 2369 1635 2368 1635 3054 1635 2368 1635 1534 1635 2747 1636 3072 1636 2734 1636 2734 1636 3072 1636 3073 1636 2734 1637 3073 1637 2735 1637 2735 1637 3073 1637 3074 1637 2735 1638 3074 1638 2752 1638 2752 1638 3074 1638 3075 1638 2752 1639 3075 1639 2750 1639 2750 1639 3075 1639 3076 1639 2750 1640 3076 1640 2741 1640 2741 1640 3076 1640 3077 1640 2741 1641 3077 1641 2740 1641 2740 1641 3077 1641 3078 1641 2740 1642 3078 1642 2738 1642 2738 1642 3078 1642 3079 1642 2738 1643 3079 1643 2736 1643 2736 1643 3079 1643 3080 1643 2736 1644 3080 1644 2742 1644 2742 1644 3080 1644 3081 1644 2742 1645 3081 1645 2743 1645 2743 1645 3081 1645 3082 1645 2743 1646 3082 1646 2745 1646 2745 1646 3082 1646 3083 1646 2745 1647 3083 1647 2747 1647 2747 1647 3083 1647 3072 1647 3073 1648 2580 1648 3074 1648 3074 1649 2580 1649 2579 1649 3074 1650 2579 1650 3075 1650 3075 1651 2579 1651 2577 1651 3075 1652 2577 1652 3076 1652 3076 1653 2577 1653 2576 1653 3076 1654 2576 1654 3077 1654 3077 1655 2576 1655 2575 1655 3077 1656 2575 1656 3078 1656 3078 1657 2575 1657 2574 1657 3078 1658 2574 1658 3079 1658 3079 1659 2574 1659 2573 1659 3079 1660 2573 1660 3080 1660 3080 1661 2573 1661 2572 1661 3080 1662 2572 1662 3081 1662 3081 1663 2572 1663 2571 1663 3081 1664 2571 1664 3082 1664 3082 1665 2571 1665 2570 1665 3082 1666 2570 1666 3083 1666 3083 1667 2570 1667 2569 1667 3083 1668 2569 1668 3072 1668 3072 1669 2569 1669 2568 1669 3072 1670 2568 1670 3073 1670 3073 1671 2568 1671 2580 1671 2796 1672 3084 1672 2780 1672 2780 1672 3084 1672 3085 1672 2780 1673 3085 1673 2781 1673 2781 1673 3085 1673 3086 1673 2781 1674 3086 1674 2787 1674 2787 1674 3086 1674 3087 1674 2787 1675 3087 1675 2785 1675 2785 1675 3087 1675 3088 1675 2785 1676 3088 1676 2783 1676 2783 1676 3088 1676 3089 1676 2783 1677 3089 1677 2790 1677 2790 1677 3089 1677 3090 1677 2790 1678 3090 1678 2791 1678 2791 1678 3090 1678 3091 1678 2791 1679 3091 1679 2793 1679 2793 1679 3091 1679 3092 1679 2793 1680 3092 1680 2776 1680 2776 1680 3092 1680 3093 1680 2776 1681 3093 1681 2777 1681 2777 1681 3093 1681 3094 1681 2777 1682 3094 1682 2779 1682 2779 1682 3094 1682 3095 1682 2779 1683 3095 1683 2796 1683 2796 1683 3095 1683 3084 1683 3085 1684 2636 1684 3086 1684 3086 1685 2636 1685 2640 1685 3086 1686 2640 1686 3087 1686 3087 1687 2640 1687 2639 1687 3087 1688 2639 1688 3088 1688 3088 1689 2639 1689 2638 1689 3088 1690 2638 1690 3089 1690 3089 1691 2638 1691 2628 1691 3089 1692 2628 1692 3090 1692 3090 1693 2628 1693 2627 1693 3090 1694 2627 1694 3091 1694 3091 1695 2627 1695 2634 1695 3091 1696 2634 1696 3092 1696 3092 1697 2634 1697 2633 1697 3092 1698 2633 1698 3093 1698 3093 1699 2633 1699 2632 1699 3093 1700 2632 1700 3094 1700 3094 1701 2632 1701 2630 1701 3094 1702 2630 1702 3095 1702 3095 1703 2630 1703 2629 1703 3095 1704 2629 1704 3084 1704 3084 1705 2629 1705 2635 1705 3084 1706 2635 1706 3085 1706 3085 1707 2635 1707 2636 1707 2696 1636 3096 1636 2725 1636 2725 1636 3096 1636 3097 1636 2725 1708 3097 1708 2724 1708 2724 1708 3097 1708 3098 1708 2724 1709 3098 1709 2722 1709 2722 1709 3098 1709 3099 1709 2722 1710 3099 1710 2702 1710 2702 1710 3099 1710 3100 1710 2702 1711 3100 1711 2703 1711 2703 1711 3100 1711 3101 1711 2703 1641 3101 1641 2709 1641 2709 1641 3101 1641 3102 1641 2709 1642 3102 1642 2707 1642 2707 1642 3102 1642 3103 1642 2707 1712 3103 1712 2705 1712 2705 1712 3103 1712 3104 1712 2705 1713 3104 1713 2701 1713 2701 1713 3104 1713 3105 1713 2701 1714 3105 1714 2699 1714 2699 1714 3105 1714 3106 1714 2699 1715 3106 1715 2697 1715 2697 1715 3106 1715 3107 1715 2697 1647 3107 1647 2696 1647 2696 1647 3107 1647 3096 1647 3097 1716 2326 1716 3098 1716 3098 1717 2326 1717 2310 1717 3098 1718 2310 1718 3099 1718 3099 1651 2310 1651 2312 1651 3099 1719 2312 1719 3100 1719 3100 1720 2312 1720 2314 1720 3100 1721 2314 1721 3101 1721 3101 1655 2314 1655 2315 1655 3101 1656 2315 1656 3102 1656 3102 1657 2315 1657 2317 1657 3102 1658 2317 1658 3103 1658 3103 1659 2317 1659 2319 1659 3103 1722 2319 1722 3104 1722 3104 1723 2319 1723 2318 1723 3104 1724 2318 1724 3105 1724 3105 1663 2318 1663 2323 1663 3105 1725 2323 1725 3106 1725 3106 1726 2323 1726 2330 1726 3106 1727 2330 1727 3107 1727 3107 1667 2330 1667 2329 1667 3107 1668 2329 1668 3096 1668 3096 1669 2329 1669 2327 1669 3096 1670 2327 1670 3097 1670 3097 1671 2327 1671 2326 1671 2838 1672 3108 1672 2856 1672 2856 1672 3108 1672 3109 1672 2856 1728 3109 1728 2855 1728 2855 1728 3109 1728 3110 1728 2855 1729 3110 1729 2854 1729 2854 1729 3110 1729 3111 1729 2854 1730 3111 1730 2853 1730 2853 1730 3111 1730 3112 1730 2853 1731 3112 1731 2829 1731 2829 1731 3112 1731 3113 1731 2829 1677 3113 1677 2848 1677 2848 1677 3113 1677 3114 1677 2848 1678 3114 1678 2846 1678 2846 1678 3114 1678 3115 1678 2846 1732 3115 1732 2845 1732 2845 1732 3115 1732 3116 1732 2845 1733 3116 1733 2822 1733 2822 1733 3116 1733 3117 1733 2822 1734 3117 1734 2823 1734 2823 1734 3117 1734 3118 1734 2823 1735 3118 1735 2837 1735 2837 1735 3118 1735 3119 1735 2837 1683 3119 1683 2838 1683 2838 1683 3119 1683 3108 1683 3109 1736 2303 1736 3110 1736 3110 1737 2303 1737 2291 1737 3110 1738 2291 1738 3111 1738 3111 1687 2291 1687 2289 1687 3111 1739 2289 1739 3112 1739 3112 1740 2289 1740 2298 1740 3112 1741 2298 1741 3113 1741 3113 1691 2298 1691 2297 1691 3113 1692 2297 1692 3114 1692 3114 1693 2297 1693 2296 1693 3114 1694 2296 1694 3115 1694 3115 1695 2296 1695 2295 1695 3115 1742 2295 1742 3116 1742 3116 1743 2295 1743 2294 1743 3116 1744 2294 1744 3117 1744 3117 1699 2294 1699 2300 1699 3117 1745 2300 1745 3118 1745 3118 1746 2300 1746 2307 1746 3118 1747 2307 1747 3119 1747 3119 1703 2307 1703 2306 1703 3119 1704 2306 1704 3108 1704 3108 1705 2306 1705 2304 1705 3108 1706 2304 1706 3109 1706 3109 1707 2304 1707 2303 1707 2770 1748 3120 1748 2769 1748 2769 1748 3120 1748 3121 1748 2769 1749 3121 1749 2761 1749 2761 1749 3121 1749 3122 1749 2761 1750 3122 1750 2762 1750 2762 1750 3122 1750 3123 1750 2762 1751 3123 1751 2765 1751 2765 1751 3123 1751 3124 1751 2765 1752 3124 1752 2766 1752 2766 1752 3124 1752 3125 1752 2766 1753 3125 1753 2767 1753 2767 1753 3125 1753 3126 1753 2767 1754 3126 1754 2758 1754 2758 1754 3126 1754 3127 1754 2758 1755 3127 1755 2759 1755 2759 1755 3127 1755 3128 1755 2759 1756 3128 1756 2775 1756 2775 1756 3128 1756 3129 1756 2775 1757 3129 1757 2774 1757 2774 1757 3129 1757 3130 1757 2774 1758 3130 1758 2772 1758 2772 1758 3130 1758 3131 1758 2772 1759 3131 1759 2770 1759 2770 1759 3131 1759 3120 1759 3121 1760 2277 1760 3122 1760 3122 1761 2277 1761 2276 1761 3122 1762 2276 1762 3123 1762 3123 1763 2276 1763 2287 1763 3123 1764 2287 1764 3124 1764 3124 1765 2287 1765 2286 1765 3124 1766 2286 1766 3125 1766 3125 1767 2286 1767 2284 1767 3125 1768 2284 1768 3126 1768 3126 1769 2284 1769 2283 1769 3126 1770 2283 1770 3127 1770 3127 1771 2283 1771 2282 1771 3127 1772 2282 1772 3128 1772 3128 1773 2282 1773 2281 1773 3128 1774 2281 1774 3129 1774 3129 1775 2281 1775 2279 1775 3129 1776 2279 1776 3130 1776 3130 1777 2279 1777 2278 1777 3130 1778 2278 1778 3131 1778 3131 1779 2278 1779 2270 1779 3131 1780 2270 1780 3120 1780 3120 1781 2270 1781 2269 1781 3120 1782 2269 1782 3121 1782 3121 1783 2269 1783 2277 1783 2714 1784 3132 1784 2715 1784 2715 1784 3132 1784 3133 1784 2715 1785 3133 1785 2729 1785 2729 1785 3133 1785 3134 1785 2729 1750 3134 1750 2730 1750 2730 1750 3134 1750 3135 1750 2730 1751 3135 1751 2732 1751 2732 1751 3135 1751 3136 1751 2732 1786 3136 1786 2733 1786 2733 1786 3136 1786 3137 1786 2733 1787 3137 1787 2717 1787 2717 1787 3137 1787 3138 1787 2717 1788 3138 1788 2718 1788 2718 1788 3138 1788 3139 1788 2718 1755 3139 1755 2720 1755 2720 1755 3139 1755 3140 1755 2720 1789 3140 1789 2726 1789 2726 1789 3140 1789 3141 1789 2726 1790 3141 1790 2712 1790 2712 1790 3141 1790 3142 1790 2712 1758 3142 1758 2713 1758 2713 1758 3142 1758 3143 1758 2713 1791 3143 1791 2714 1791 2714 1791 3143 1791 3132 1791 3133 1792 2229 1792 3134 1792 3134 1793 2229 1793 2227 1793 3134 1794 2227 1794 3135 1794 3135 1795 2227 1795 2242 1795 3135 1796 2242 1796 3136 1796 3136 1797 2242 1797 2241 1797 3136 1798 2241 1798 3137 1798 3137 1799 2241 1799 2239 1799 3137 1800 2239 1800 3138 1800 3138 1801 2239 1801 2238 1801 3138 1802 2238 1802 3139 1802 3139 1803 2238 1803 2231 1803 3139 1772 2231 1772 3140 1772 3140 1804 2231 1804 2230 1804 3140 1805 2230 1805 3141 1805 3141 1806 2230 1806 2236 1806 3141 1807 2236 1807 3142 1807 3142 1808 2236 1808 2234 1808 3142 1809 2234 1809 3143 1809 3143 1810 2234 1810 2224 1810 3143 1811 2224 1811 3132 1811 3132 1812 2224 1812 2223 1812 3132 1813 2223 1813 3133 1813 3133 1814 2223 1814 2229 1814 2816 1815 3144 1815 2814 1815 2814 1815 3144 1815 3145 1815 2814 1816 3145 1816 2804 1816 2804 1816 3145 1816 3146 1816 2804 1817 3146 1817 2805 1817 2805 1817 3146 1817 3147 1817 2805 1818 3147 1818 2809 1818 2809 1818 3147 1818 3148 1818 2809 1819 3148 1819 2810 1819 2810 1819 3148 1819 3149 1819 2810 1820 3149 1820 2811 1820 2811 1820 3149 1820 3150 1820 2811 1821 3150 1821 2802 1821 2802 1821 3150 1821 3151 1821 2802 1822 3151 1822 2803 1822 2803 1822 3151 1822 3152 1822 2803 1823 3152 1823 2821 1823 2821 1823 3152 1823 3153 1823 2821 1824 3153 1824 2820 1824 2820 1824 3153 1824 3154 1824 2820 1825 3154 1825 2818 1825 2818 1825 3154 1825 3155 1825 2818 1826 3155 1826 2816 1826 2816 1826 3155 1826 3144 1826 3145 1827 2259 1827 3146 1827 3146 1828 2259 1828 1911 1828 3146 1829 1911 1829 3147 1829 3147 1830 1911 1830 1910 1830 3147 1831 1910 1831 3148 1831 3148 1832 1910 1832 2265 1832 3148 1833 2265 1833 3149 1833 3149 1834 2265 1834 2268 1834 3149 1835 2268 1835 3150 1835 3150 1836 2268 1836 2267 1836 3150 1837 2267 1837 3151 1837 3151 1838 2267 1838 2266 1838 3151 1839 2266 1839 3152 1839 3152 1840 2266 1840 2260 1840 3152 1841 2260 1841 3153 1841 3153 1842 2260 1842 2262 1842 3153 1843 2262 1843 3154 1843 3154 1844 2262 1844 2263 1844 3154 1845 2263 1845 3155 1845 3155 1846 2263 1846 2254 1846 3155 1847 2254 1847 3144 1847 3144 1848 2254 1848 2253 1848 3144 1849 2253 1849 3145 1849 3145 1850 2253 1850 2259 1850 2842 1851 3156 1851 2840 1851 2840 1851 3156 1851 3157 1851 2840 1852 3157 1852 2828 1852 2828 1852 3157 1852 3158 1852 2828 1817 3158 1817 2826 1817 2826 1817 3158 1817 3159 1817 2826 1818 3159 1818 2825 1818 2825 1818 3159 1818 3160 1818 2825 1853 3160 1853 2834 1853 2834 1853 3160 1853 3161 1853 2834 1854 3161 1854 2835 1854 2835 1854 3161 1854 3162 1854 2835 1855 3162 1855 2833 1855 2833 1855 3162 1855 3163 1855 2833 1856 3163 1856 2831 1856 2831 1856 3163 1856 3164 1856 2831 1823 3164 1823 2851 1823 2851 1823 3164 1823 3165 1823 2851 1824 3165 1824 2852 1824 2852 1824 3165 1824 3166 1824 2852 1857 3166 1857 2844 1857 2844 1857 3166 1857 3167 1857 2844 1858 3167 1858 2842 1858 2842 1858 3167 1858 3156 1858 3157 1859 2211 1859 3158 1859 3158 1828 2211 1828 2210 1828 3158 1829 2210 1829 3159 1829 3159 1830 2210 1830 2208 1830 3159 1831 2208 1831 3160 1831 3160 1832 2208 1832 2197 1832 3160 1860 2197 1860 3161 1860 3161 1861 2197 1861 2196 1861 3161 1862 2196 1862 3162 1862 3162 1836 2196 1836 2206 1836 3162 1863 2206 1863 3163 1863 3163 1864 2206 1864 2205 1864 3163 1865 2205 1865 3164 1865 3164 1840 2205 1840 2204 1840 3164 1841 2204 1841 3165 1841 3165 1842 2204 1842 2203 1842 3165 1843 2203 1843 3166 1843 3166 1844 2203 1844 2201 1844 3166 1866 2201 1866 3167 1866 3167 1867 2201 1867 2200 1867 3167 1868 2200 1868 3156 1868 3156 1848 2200 1848 2199 1848 3156 1869 2199 1869 3157 1869 3157 1870 2199 1870 2211 1870 2338 1871 2340 1871 1698 1871 2338 1872 1698 1872 2336 1872 2336 1873 1698 1873 2334 1873 2334 1874 1698 1874 1530 1874 2334 1875 1530 1875 2331 1875 1534 1876 2368 1876 2565 1876 1534 1877 2565 1877 1535 1877 1974 1878 1630 1878 1985 1878 1985 1878 1630 1878 1535 1878 1985 1879 1535 1879 2587 1879 2587 1880 1535 1880 2565 1880 2391 1881 2393 1881 1537 1881 1537 1882 2393 1882 2395 1882 2395 1883 2397 1883 1537 1883 1537 1884 2397 1884 2399 1884 1537 1885 2399 1885 1538 1885 1538 1886 2399 1886 2401 1886 1538 1887 2401 1887 2609 1887 2370 1888 1944 1888 1689 1888 1689 1889 1944 1889 1945 1889 1689 1890 1945 1890 1687 1890 1687 1891 1945 1891 2371 1891 2371 1892 2373 1892 1687 1892 1687 1893 2373 1893 2375 1893 1687 1894 2375 1894 1905 1894 3168 1433 3169 1433 3170 1433 3170 1433 3169 1433 3171 1433 3170 1433 3171 1433 3172 1433 3172 1433 3171 1433 3173 1433 3172 1433 3173 1433 3174 1433 3174 1433 3173 1433 3175 1433 3174 1433 3175 1433 3176 1433 3176 1433 3175 1433 3177 1433 3176 1433 3177 1433 3178 1433 3178 1433 3177 1433 3179 1433 3178 1433 3179 1433 3180 1433 3180 1433 3179 1433 3181 1433 3180 1433 3181 1433 3182 1433 3182 1433 3181 1433 3183 1433 3182 1433 3183 1433 3184 1433 3184 1433 3183 1433 3185 1433 3184 1433 3185 1433 3186 1433 3186 1433 3185 1433 3187 1433 3186 1433 3187 1433 3188 1433 3188 1433 3187 1433 3189 1433 3188 1433 3189 1433 3190 1433 3190 1433 3189 1433 3191 1433 3190 1433 3191 1433 3168 1433 3168 1433 3191 1433 3169 1433 3192 1433 3193 1433 3194 1433 3194 1433 3193 1433 3195 1433 3194 1433 3195 1433 3196 1433 3196 1433 3195 1433 3197 1433 3196 1433 3197 1433 3198 1433 3198 1433 3197 1433 3199 1433 3198 1433 3199 1433 3200 1433 3200 1433 3199 1433 3201 1433 3200 1433 3201 1433 3202 1433 3202 1433 3201 1433 3203 1433 3202 1433 3203 1433 3204 1433 3204 1433 3203 1433 3205 1433 3204 1433 3205 1433 3206 1433 3206 1433 3205 1433 3207 1433 3206 1433 3207 1433 3208 1433 3208 1433 3207 1433 3209 1433 3208 1433 3209 1433 3210 1433 3210 1433 3209 1433 3211 1433 3210 1433 3211 1433 3212 1433 3212 1433 3211 1433 3213 1433 3212 1433 3213 1433 3214 1433 3214 1433 3213 1433 3215 1433 3214 1433 3215 1433 3192 1433 3192 1433 3215 1433 3193 1433 3192 1895 2249 1895 3214 1895 3214 1895 2249 1895 2321 1895 3214 1896 2321 1896 3212 1896 3212 1896 2321 1896 2233 1896 3212 1897 2233 1897 3210 1897 3210 1897 2233 1897 2235 1897 3210 1898 2235 1898 3208 1898 3208 1898 2235 1898 2237 1898 3208 1899 2237 1899 3206 1899 3206 1899 2237 1899 2243 1899 3206 1900 2243 1900 3204 1900 3204 1900 2243 1900 2244 1900 3204 1901 2244 1901 3202 1901 3202 1901 2244 1901 2247 1901 3202 1902 2247 1902 3200 1902 3200 1902 2247 1902 2246 1902 3200 1903 2246 1903 3198 1903 3198 1903 2246 1903 2562 1903 3198 1904 2562 1904 3196 1904 3196 1904 2562 1904 2273 1904 3196 1905 2273 1905 3194 1905 3194 1905 2273 1905 2251 1905 3194 1906 2251 1906 3192 1906 3192 1906 2251 1906 2249 1906 3178 1907 2193 1907 3176 1907 3176 1907 2193 1907 2194 1907 3176 1457 2194 1457 3174 1457 3174 1457 2194 1457 2195 1457 3174 1908 2195 1908 3172 1908 3172 1908 2195 1908 2202 1908 3172 1909 2202 1909 3170 1909 3170 1909 2202 1909 1914 1909 3170 1454 1914 1454 3168 1454 3168 1454 1914 1454 1913 1454 3168 1910 1913 1910 3190 1910 3190 1910 1913 1910 2212 1910 3190 1911 2212 1911 3188 1911 3188 1911 2212 1911 2214 1911 3188 1451 2214 1451 3186 1451 3186 1451 2214 1451 2217 1451 3186 1912 2217 1912 3184 1912 3184 1912 2217 1912 2216 1912 3184 1913 2216 1913 3182 1913 3182 1913 2216 1913 2215 1913 3182 1448 2215 1448 3180 1448 3180 1448 2215 1448 2221 1448 3180 1914 2221 1914 3178 1914 3178 1914 2221 1914 2193 1914 2744 1915 2667 1915 2756 1915 2756 1916 2667 1916 2665 1916 2756 1917 2665 1917 2764 1917 2764 1918 2665 1918 3216 1918 2764 1919 3216 1919 2763 1919 2763 1920 3216 1920 2661 1920 2746 1921 2669 1921 2748 1921 2748 1922 2669 1922 2667 1922 2748 1923 2667 1923 2749 1923 2749 1924 2667 1924 2744 1924 2719 1925 2649 1925 2746 1925 2746 1926 2649 1926 2647 1926 2746 1927 2647 1927 2669 1927 2719 1928 2728 1928 2649 1928 2649 1929 2728 1929 2727 1929 2649 1930 2727 1930 2651 1930 2651 1931 2727 1931 2704 1931 2651 1932 2704 1932 2653 1932 2653 1933 2704 1933 2711 1933 2653 1934 2711 1934 2655 1934 2655 1935 2711 1935 2710 1935 2655 1936 2710 1936 2657 1936 2657 1937 2710 1937 2708 1937 2657 1938 2708 1938 2659 1938 2659 1939 2708 1939 2706 1939 2659 1940 2706 1940 2661 1940 2661 1941 2706 1941 2768 1941 2661 1942 2768 1942 2763 1942 2658 1943 3215 1943 2656 1943 2656 1944 3215 1944 3213 1944 2656 1945 3213 1945 2654 1945 2654 1946 3213 1946 3217 1946 2654 1947 3217 1947 3218 1947 3218 1948 3217 1948 3209 1948 3218 1949 3209 1949 2650 1949 2650 1950 3209 1950 3207 1950 2650 1951 3207 1951 2648 1951 2648 1952 3207 1952 3205 1952 2648 1953 3205 1953 2646 1953 2646 1954 3205 1954 3203 1954 2646 1955 3203 1955 2668 1955 2668 1956 3203 1956 3201 1956 2668 1957 3201 1957 2666 1957 2666 1958 3201 1958 3219 1958 2666 1959 3219 1959 3220 1959 3220 1960 3219 1960 3197 1960 3220 1961 3197 1961 2662 1961 2662 1962 3197 1962 3195 1962 2662 1963 3195 1963 2660 1963 2660 1964 3195 1964 3193 1964 2660 1965 3193 1965 2658 1965 2658 1966 3193 1966 3215 1966 2685 1967 2806 1967 3221 1967 3221 1968 2806 1968 2808 1968 3221 1969 2808 1969 2689 1969 2689 1970 2808 1970 2800 1970 2689 1971 2800 1971 2691 1971 2691 1971 2800 1971 2778 1971 2795 1972 2693 1972 2797 1972 2797 1973 2693 1973 2691 1973 2797 1974 2691 1974 2798 1974 2798 1975 2691 1975 2778 1975 2794 1976 2673 1976 2795 1976 2795 1977 2673 1977 2671 1977 2795 1978 2671 1978 2693 1978 2794 1979 2836 1979 2673 1979 2673 1980 2836 1980 2832 1980 2673 1981 2832 1981 3222 1981 3222 1982 2832 1982 2830 1982 3222 1983 2830 1983 2677 1983 2677 1984 2830 1984 2850 1984 2677 1984 2850 1984 2679 1984 2679 1985 2850 1985 2849 1985 2679 1986 2849 1986 2681 1986 2681 1987 2849 1987 2847 1987 2681 1988 2847 1988 2683 1988 2683 1989 2847 1989 2813 1989 2683 1990 2813 1990 2685 1990 2685 1991 2813 1991 2812 1991 2685 1992 2812 1992 2806 1992 2682 1993 3177 1993 2680 1993 2680 1994 3177 1994 3175 1994 2680 1994 3175 1994 2678 1994 2678 1995 3175 1995 3173 1995 2678 1996 3173 1996 2676 1996 2676 1997 3173 1997 3171 1997 2676 1998 3171 1998 2674 1998 2674 1999 3171 1999 3169 1999 2674 1999 3169 1999 2672 1999 2672 2000 3169 2000 3191 2000 2672 2001 3191 2001 2670 2001 2670 2002 3191 2002 3189 2002 2670 2003 3189 2003 2692 2003 2692 2004 3189 2004 3187 2004 2692 2004 3187 2004 2690 2004 2690 2005 3187 2005 3185 2005 2690 2006 3185 2006 3223 2006 3223 2007 3185 2007 3183 2007 3223 2008 3183 2008 2686 2008 2686 2009 3183 2009 3181 2009 2686 2009 3181 2009 2684 2009 2684 2010 3181 2010 3179 2010 2684 2011 3179 2011 2682 2011 2682 2012 3179 2012 3177 2012 2150 2013 2149 2013 1833 2013 1833 2013 2149 2013 1832 2013 1821 2014 1544 2014 2136 2014 2136 2014 1544 2014 1918 2014 2174 2015 2184 2015 1679 2015 1679 2015 2184 2015 1678 2015 2164 2016 2166 2016 1680 2016 1680 2016 2166 2016 1669 2016 1878 2017 2402 2017 1870 2017 1870 2017 2402 2017 2417 2017 1870 2018 2417 2018 1871 2018 1871 2018 2417 2018 2416 2018 1871 2019 2416 2019 1872 2019 1872 2019 2416 2019 2415 2019 1872 2020 2415 2020 1873 2020 1873 2020 2415 2020 2414 2020 1873 2021 2414 2021 1879 2021 1879 2021 2414 2021 2413 2021 1879 2022 2413 2022 1880 2022 1880 2022 2413 2022 2412 2022 1880 2023 2412 2023 1881 2023 1881 2023 2412 2023 2410 2023 1881 2024 2410 2024 1874 2024 1874 2024 2410 2024 2409 2024 1874 2025 2409 2025 1875 2025 1875 2025 2409 2025 2407 2025 1875 2026 2407 2026 1876 2026 1876 2026 2407 2026 2405 2026 1876 2027 2405 2027 1877 2027 1877 2027 2405 2027 2403 2027 1877 2028 2403 2028 1878 2028 1878 2028 2403 2028 2402 2028 2458 2029 2457 2029 1762 2029 1762 2029 2457 2029 1761 2029 2436 2030 2435 2030 1777 2030 1777 2030 2435 2030 1776 2030 2424 2015 1896 2015 1768 2015 1768 2015 1896 2015 1769 2015 1758 2031 1759 2031 2465 2031 2465 2031 1759 2031 2460 2031 1726 2032 2608 2032 1724 2032 1724 2032 2608 2032 2129 2032 1724 2033 2129 2033 1722 2033 1722 2033 2129 2033 2128 2033 1722 2034 2128 2034 1701 2034 1701 2034 2128 2034 2042 2034 1701 2035 2042 2035 1702 2035 1702 2035 2042 2035 2041 2035 1702 2021 2041 2021 1704 2021 1704 2021 2041 2021 2034 2021 1704 2036 2034 2036 1705 2036 1705 2036 2034 2036 2033 2036 1705 2037 2033 2037 1706 2037 1706 2037 2033 2037 2045 2037 1706 2038 2045 2038 1707 2038 1707 2038 2045 2038 2044 2038 1707 2039 2044 2039 1529 2039 1529 2039 2044 2039 2039 2039 1529 2040 2039 2040 1729 2040 1729 2040 2039 2040 2037 2040 1729 2041 2037 2041 1727 2041 1727 2041 2037 2041 2607 2041 1727 2042 2607 2042 1726 2042 1726 2042 2607 2042 2608 2042 2052 2013 2053 2013 1716 2013 1716 2013 2053 2013 1717 2013 2036 2043 2038 2043 1527 2043 2036 2044 1527 2044 2605 2044 1728 2045 2116 2045 2115 2045 1728 2046 2115 2046 1527 2046 1527 2047 2115 2047 2606 2047 1527 2048 2606 2048 2605 2048 2126 2015 2125 2015 1791 2015 1791 2015 2125 2015 1792 2015 2101 2049 2103 2049 1810 2049 1810 2049 2103 2049 1809 2049 1799 2050 2105 2050 1800 2050 1800 2050 2105 2050 2104 2050 1800 2051 2104 2051 1794 2051 1794 2051 2104 2051 2537 2051 1794 2052 2537 2052 1795 2052 1795 2052 2537 2052 2107 2052 1795 2053 2107 2053 1797 2053 1797 2053 2107 2053 2109 2053 1797 2054 2109 2054 1787 2054 1787 2054 2109 2054 2111 2054 1787 2055 2111 2055 1788 2055 1788 2055 2111 2055 1920 2055 1720 2056 2090 2056 1719 2056 1719 2056 2090 2056 2097 2056 1719 2057 2097 2057 1718 2057 1718 2057 2097 2057 2096 2057 1718 2058 2096 2058 1802 2058 1802 2058 2096 2058 2095 2058 1802 2059 2095 2059 1803 2059 1803 2059 2095 2059 2093 2059 1803 2060 2093 2060 1805 2060 1805 2060 2093 2060 2092 2060 1805 2061 2092 2061 1806 2061 1806 2061 2092 2061 2099 2061 1779 2062 2123 2062 1780 2062 1780 2062 2123 2062 2122 2062 1780 2063 2122 2063 1784 2063 1784 2063 2122 2063 2120 2063 1784 2064 2120 2064 1785 2064 1785 2064 2120 2064 2119 2064 1785 2065 2119 2065 1786 2065 1786 2065 2119 2065 2113 2065 1786 2066 2113 2066 1783 2066 1783 2066 2113 2066 2112 2066 1783 2067 2112 2067 1782 2067 1782 2067 2112 2067 2117 2067 1708 2068 2049 2068 1709 2068 1709 2068 2049 2068 2050 2068 1709 2069 2050 2069 1710 2069 1710 2069 2050 2069 2056 2069 1710 2070 2056 2070 1711 2070 1711 2070 2056 2070 2055 2070 1711 2071 2055 2071 1712 2071 1712 2071 2055 2071 2054 2071 1712 2072 2054 2072 1713 2072 1713 2072 2054 2072 2048 2072 1713 2073 2048 2073 1714 2073 1714 2073 2048 2073 2047 2073 1735 2074 2463 2074 1736 2074 1736 2074 2463 2074 2423 2074 1736 2075 2423 2075 1742 2075 1742 2075 2423 2075 2422 2075 1742 2076 2422 2076 1743 2076 1743 2076 2422 2076 2421 2076 1743 2077 2421 2077 1744 2077 1744 2077 2421 2077 2419 2077 1744 2078 2419 2078 1745 2078 1745 2078 2419 2078 2418 2078 1745 2079 2418 2079 1747 2079 1747 2079 2418 2079 2426 2079 1740 2080 2455 2080 1741 2080 1741 2080 2455 2080 2454 2080 1741 2081 2454 2081 1749 2081 1749 2081 2454 2081 2453 2081 1749 2082 2453 2082 1750 2082 1750 2082 2453 2082 2452 2082 1750 2083 2452 2083 1731 2083 1731 2083 2452 2083 2451 2083 1731 2084 2451 2084 1754 2084 1754 2084 2451 2084 2450 2084 1754 2085 2450 2085 1755 2085 1755 2085 2450 2085 2462 2085 1771 2086 2431 2086 1772 2086 1772 2086 2431 2086 2430 2086 1772 2087 2430 2087 1773 2087 1773 2087 2430 2087 2428 2087 1773 2088 2428 2088 1774 2088 1774 2088 2428 2088 2427 2088 1774 2089 2427 2089 1764 2089 1764 2089 2427 2089 2432 2089 1764 2090 2432 2090 1765 2090 1765 2090 2432 2090 2434 2090 1765 2091 2434 2091 1767 2091 1767 2091 2434 2091 2439 2091 1732 2068 2447 2068 1733 2068 1733 2068 2447 2068 2446 2068 1733 2069 2446 2069 1737 2069 1737 2069 2446 2069 2442 2069 1737 2092 2442 2092 1738 2092 1738 2092 2442 2092 2444 2092 1738 2093 2444 2093 1739 2093 1739 2093 2444 2093 2445 2093 1739 2094 2445 2094 1751 2094 1751 2094 2445 2094 2441 2094 1751 2095 2441 2095 1753 2095 1753 2095 2441 2095 2440 2095 1825 2096 2162 2096 1826 2096 1826 2096 2162 2096 2163 2096 1826 2097 2163 2097 1827 2097 1827 2097 2163 2097 2156 2097 1827 2098 2156 2098 1818 2098 1818 2098 2156 2098 2154 2098 1818 2099 2154 2099 1817 2099 1817 2099 2154 2099 2153 2099 1817 2060 2153 2060 1816 2060 1816 2060 2153 2060 2160 2060 1816 2100 2160 2100 1815 2100 1815 2100 2160 2100 2158 2100 1671 2101 2180 2101 1676 2101 1676 2101 2180 2101 2179 2101 1676 2102 2179 2102 1664 2102 1664 2102 2179 2102 2177 2102 1664 2103 2177 2103 1654 2103 1654 2103 2177 2103 2176 2103 1654 2104 2176 2104 1655 2104 1655 2104 2176 2104 2172 2104 1655 2078 2172 2078 1672 2078 1672 2078 2172 2078 2170 2078 1672 2105 2170 2105 1673 2105 1673 2105 2170 2105 2169 2105 1657 2106 2185 2106 1658 2106 1658 2106 2185 2106 2186 2106 1658 2107 2186 2107 1665 2107 1665 2107 2186 2107 2187 2107 1665 2108 2187 2108 1666 2108 1666 2108 2187 2108 2190 2108 1666 2089 2190 2089 1667 2089 1667 2089 2190 2089 2189 2089 1667 2090 2189 2090 1668 2090 1668 2090 2189 2090 2188 2090 1668 2067 2188 2067 1542 2067 1542 2067 2188 2067 2192 2067 1819 2109 2133 2109 1812 2109 1812 2109 2133 2109 2138 2109 1812 2110 2138 2110 1813 2110 1813 2110 2138 2110 2140 2110 1813 2111 2140 2111 1822 2111 1822 2111 2140 2111 2142 2111 1822 2112 2142 2112 1823 2112 1823 2112 2142 2112 2143 2112 1823 2113 2143 2113 1828 2113 1828 2113 2143 2113 2145 2113 1828 2114 2145 2114 1829 2114 1829 2114 2145 2114 2151 2114 2507 2115 1660 2115 2508 2115 2508 2116 1660 2116 1662 2116 2508 2117 1662 2117 2509 2117 2171 2118 1581 2118 2173 2118 2173 2119 1581 2119 1580 2119 2173 2120 1580 2120 2181 2120 2181 2121 1580 2121 2182 2121 2171 2122 2505 2122 1581 2122 1581 2123 2505 2123 2503 2123 1581 2124 2503 2124 1656 2124 2503 2125 2501 2125 1656 2125 1656 2126 2501 2126 2499 2126 1656 2127 2499 2127 1662 2127 1662 2127 2499 2127 2498 2127 1662 2128 2498 2128 2509 2128 1644 1460 2476 1460 1643 1460 1643 1460 2476 1460 2479 1460 1643 1460 2479 1460 1641 1460 1641 1460 2479 1460 2478 1460 2645 2129 2486 2129 1540 2129 1540 2129 2486 2129 1541 2129 2497 2130 2496 2130 1569 2130 1569 2131 2496 2131 2494 2131 2494 2132 2492 2132 1569 2132 1569 2133 2492 2133 2490 2133 1569 2134 2490 2134 1576 2134 1576 2135 2490 2135 2489 2135 1576 2136 2489 2136 2488 2136 2488 2137 1961 2137 1576 2137 1576 2138 1961 2138 1960 2138 1576 2139 1960 2139 1958 2139 1525 2140 1930 2140 2046 2140 1930 2015 1525 2015 1928 2015 1928 2141 1525 2141 1524 2141 1928 2142 1524 2142 2591 2142 2046 2143 2058 2143 1525 2143 1525 2144 2058 2144 2060 2144 1525 2145 2060 2145 1703 2145 1703 2146 2060 2146 2062 2146 1926 2147 1851 2147 2604 2147 2604 2148 1851 2148 1752 2148 2604 2149 1752 2149 2066 2149 2066 2150 1752 2150 1703 2150 2066 2151 1703 2151 2064 2151 2064 2152 1703 2152 2062 2152 2079 1459 1843 1459 1923 1459 1923 1459 1843 1459 1845 1459 1923 1459 1845 1459 1924 1459 1924 1459 1845 1459 1846 1459 1924 1459 1846 1459 2071 1459 2071 1459 1846 1459 1848 1459 1523 2153 2075 2153 2087 2153 2087 2154 2085 2154 1523 2154 1523 2155 2085 2155 2083 2155 1523 2156 2083 2156 1521 2156 2083 2157 2081 2157 1521 2157 1521 2158 2081 2158 2080 2158 1521 2159 2080 2159 2590 2159 2590 2160 2589 2160 1521 2160 1521 2161 2589 2161 2588 2161 1521 2162 2588 2162 2031 2162 2013 2163 2012 2163 1637 2163 1637 2164 2012 2164 2027 2164 2027 2165 2025 2165 1637 2165 1637 2166 2025 2166 2023 2166 1637 2167 2023 2167 1639 2167 1639 2168 2023 2168 2021 2168 2021 2169 2019 2169 1639 2169 1639 2170 2019 2170 2018 2170 1639 2171 2018 2171 1973 2171 1975 1459 1981 1459 1629 1459 1629 1459 1981 1459 1697 1459 1980 2172 1979 2172 1628 2172 1628 2172 1979 2172 1626 2172 1603 2173 1999 2173 2001 2173 2001 2174 2003 2174 1603 2174 1603 2175 2003 2175 2005 2175 1603 2176 2005 2176 1606 2176 1606 2177 2005 2177 1988 2177 1988 2178 1987 2178 1606 2178 1606 2179 1987 2179 2008 2179 1606 2180 2008 2180 2015 2180 2514 2181 1595 2181 2529 2181 2529 2182 1595 2182 1597 2182 2529 2183 1597 2183 2530 2183 2530 2184 1597 2184 2532 2184 2532 2185 1597 2185 2534 2185 2534 2186 1597 2186 1598 2186 2534 2186 1598 2186 1996 2186 1617 2187 1616 2187 2522 2187 2522 2187 1616 2187 2524 2187 2527 2188 1607 2188 2526 2188 2526 2189 1607 2189 2515 2189 2527 2190 2528 2190 1607 2190 1607 2191 2528 2191 2016 2191 1607 2192 2016 2192 1608 2192 1608 2193 2016 2193 2007 2193 1608 2194 2007 2194 2006 2194 1940 2195 1585 2195 1583 2195 1940 2195 1583 2195 1969 2195 1969 2196 1583 2196 1582 2196 1969 2196 1582 2196 2644 2196 1934 2197 1936 2197 1567 2197 1567 2197 1936 2197 1554 2197 1962 2198 2487 2198 1577 2198 1551 2199 1550 2199 1951 2199 1951 2200 1949 2200 1551 2200 1551 2201 1949 2201 1947 2201 1551 2202 1947 2202 1577 2202 1577 2203 1947 2203 1959 2203 1577 2204 1959 2204 1962 2204 1934 2205 1567 2205 1942 2205 1942 2205 1567 2205 1568 2205 1942 2206 1568 2206 1937 2206 1937 2206 1568 2206 1588 2206 1937 2207 1588 2207 1938 2207 1938 2207 1588 2207 1587 2207 1938 2208 1587 2208 1940 2208 1940 2208 1587 2208 1585 2208 1951 2209 1550 2209 1953 2209 1953 2209 1550 2209 1565 2209 1953 2210 1565 2210 1955 2210 1955 2210 1565 2210 1564 2210 1955 2211 1564 2211 1956 2211 1956 2211 1564 2211 1563 2211 1956 2212 1563 2212 1943 2212 1943 2212 1563 2212 1555 2212 1943 2213 1555 2213 1936 2213 1936 2213 1555 2213 1554 2213 2644 2214 1582 2214 2257 2214 2257 2214 1582 2214 1574 2214 2257 2215 1574 2215 1967 2215 1967 2215 1574 2215 1572 2215 1967 2216 1572 2216 1965 2216 1965 2216 1572 2216 1571 2216 1965 2217 1571 2217 1963 2217 1963 2217 1571 2217 1570 2217 1963 2218 1570 2218 2487 2218 2487 2218 1570 2218 1577 2218 1975 2219 1629 2219 1977 2219 1977 2219 1629 2219 1631 2219 1977 2220 1631 2220 1978 2220 1978 2220 1631 2220 1635 2220 1978 2221 1635 2221 1971 2221 1971 2221 1635 2221 1640 2221 1971 2222 1640 2222 1973 2222 1973 2222 1640 2222 1639 2222 1697 2223 1981 2223 1628 2223 1628 2223 1981 2223 1980 2223 1626 2224 1979 2224 1621 2224 1621 2224 1979 2224 1986 2224 1621 2225 1986 2225 1622 2225 1622 2225 1986 2225 1983 2225 1622 2226 1983 2226 1624 2226 1624 2226 1983 2226 1982 2226 1624 2227 1982 2227 1625 2227 1625 2227 1982 2227 1997 2227 1625 2228 1997 2228 1603 2228 1603 2228 1997 2228 1999 2228 2013 2229 1637 2229 2014 2229 2014 2229 1637 2229 1636 2229 2014 2230 1636 2230 2010 2230 2010 2230 1636 2230 1609 2230 2010 2231 1609 2231 2011 2231 2011 2231 1609 2231 1611 2231 2011 2232 1611 2232 2017 2232 2017 2232 1611 2232 1612 2232 2017 2233 1612 2233 2015 2233 2015 2233 1612 2233 1606 2233 1843 2234 2079 2234 1841 2234 1841 2234 2079 2234 2078 2234 1841 2235 2078 2235 1840 2235 1840 2235 2078 2235 2076 2235 1840 2236 2076 2236 1523 2236 1523 2236 2076 2236 2075 2236 1521 2237 2031 2237 1834 2237 1834 2237 2031 2237 2030 2237 1834 2238 2030 2238 1835 2238 1835 2238 2030 2238 2592 2238 1835 2239 2592 2239 1836 2239 1836 2239 2592 2239 1931 2239 1836 2240 1931 2240 1864 2240 1864 2240 1931 2240 1933 2240 1864 2241 1933 2241 1524 2241 1524 2241 1933 2241 2591 2241 1851 2242 1926 2242 1852 2242 1852 2242 1926 2242 1925 2242 1852 2243 1925 2243 1853 2243 1853 2243 1925 2243 2067 2243 1853 2244 2067 2244 1518 2244 1518 2244 2067 2244 2070 2244 1518 2245 2070 2245 1519 2245 1519 2245 2070 2245 2069 2245 1519 2246 2069 2246 1850 2246 1850 2246 2069 2246 2072 2246 1850 2247 2072 2247 1848 2247 1848 2247 2072 2247 2071 2247 1527 2248 2038 2248 2040 2248 1527 2248 2040 2248 1528 2248 1528 2249 2040 2249 2049 2249 1528 2249 2049 2249 1708 2249 1714 2250 2047 2250 2051 2250 1714 2250 2051 2250 1715 2250 1715 2251 2051 2251 2052 2251 1715 2251 2052 2251 1716 2251 1717 2252 2053 2252 2091 2252 1717 2252 2091 2252 1721 2252 1721 2253 2091 2253 2090 2253 1721 2253 2090 2253 1720 2253 1806 2254 2099 2254 2100 2254 1806 2254 2100 2254 1811 2254 1811 2255 2100 2255 2101 2255 1811 2255 2101 2255 1810 2255 1809 2256 2103 2256 2106 2256 1809 2256 2106 2256 1807 2256 1807 2257 2106 2257 2105 2257 1807 2257 2105 2257 1799 2257 1788 2258 1920 2258 1919 2258 1788 2258 1919 2258 1790 2258 1790 2259 1919 2259 2126 2259 1790 2259 2126 2259 1791 2259 1792 2260 2125 2260 2124 2260 1792 2260 2124 2260 1793 2260 1793 2261 2124 2261 2123 2261 1793 2261 2123 2261 1779 2261 1782 2262 2117 2262 2118 2262 1782 2262 2118 2262 1730 2262 1730 2263 2118 2263 2116 2263 1730 2263 2116 2263 1728 2263 1821 2264 2136 2264 2134 2264 1821 2264 2134 2264 1820 2264 1820 2265 2134 2265 2133 2265 1820 2265 2133 2265 1819 2265 1829 2266 2151 2266 2152 2266 1829 2266 2152 2266 1830 2266 1830 2251 2152 2251 2150 2251 1830 2251 2150 2251 1833 2251 1832 2252 2149 2252 2161 2252 1832 2252 2161 2252 1831 2252 1831 2253 2161 2253 2162 2253 1831 2253 2162 2253 1825 2253 1815 2267 2158 2267 2157 2267 1815 2267 2157 2267 1814 2267 1814 2268 2157 2268 2164 2268 1814 2268 2164 2268 1680 2268 1669 2269 2166 2269 2168 2269 1669 2269 2168 2269 1670 2269 1670 2270 2168 2270 2180 2270 1670 2270 2180 2270 1671 2270 1673 2271 2169 2271 2175 2271 1673 2271 2175 2271 1674 2271 1674 2272 2175 2272 2174 2272 1674 2272 2174 2272 1679 2272 1678 2273 2184 2273 2183 2273 1678 2273 2183 2273 1677 2273 1677 2274 2183 2274 2185 2274 1677 2274 2185 2274 1657 2274 1542 2262 2192 2262 2191 2262 1542 2262 2191 2262 1543 2262 1543 2275 2191 2275 1918 2275 1543 2275 1918 2275 1544 2275 1758 2269 2465 2269 2464 2269 1758 2269 2464 2269 1757 2269 1757 2276 2464 2276 2463 2276 1757 2276 2463 2276 1735 2276 1747 2277 2426 2277 2425 2277 1747 2277 2425 2277 1748 2277 1748 2278 2425 2278 2424 2278 1748 2278 2424 2278 1768 2278 1769 2279 1896 2279 1895 2279 1769 2279 1895 2279 1770 2279 1770 2280 1895 2280 2431 2280 1770 2280 2431 2280 1771 2280 1767 2281 2439 2281 2438 2281 1767 2281 2438 2281 1778 2281 1778 2282 2438 2282 2436 2282 1778 2282 2436 2282 1777 2282 1776 2283 2435 2283 2449 2283 1776 2283 2449 2283 1775 2283 1775 2284 2449 2284 2447 2284 1775 2284 2447 2284 1732 2284 1753 2250 2440 2250 2459 2250 1753 2250 2459 2250 1763 2250 1763 2285 2459 2285 2458 2285 1763 2285 2458 2285 1762 2285 1761 2286 2457 2286 2456 2286 1761 2286 2456 2286 1760 2286 1760 2287 2456 2287 2455 2287 1760 2287 2455 2287 1740 2287 1755 2288 2462 2288 2461 2288 1755 2288 2461 2288 1756 2288 1756 2289 2461 2289 2460 2289 1756 2289 2460 2289 1759 2289 2476 2290 1644 2290 2474 2290 2474 2290 1644 2290 1646 2290 2474 2291 1646 2291 2467 2291 2467 2291 1646 2291 1647 2291 2467 2292 1647 2292 2468 2292 2468 2292 1647 2292 1653 2292 2468 2293 1653 2293 2469 2293 2469 2293 1653 2293 1651 2293 2469 2294 1651 2294 2471 2294 2471 2294 1651 2294 1650 2294 2471 2295 1650 2295 2507 2295 2507 2295 1650 2295 1660 2295 1641 2296 2478 2296 1540 2296 1540 2296 2478 2296 2645 2296 2497 2297 1569 2297 2482 2297 2482 2297 1569 2297 1682 2297 2482 2298 1682 2298 2480 2298 2480 2298 1682 2298 1683 2298 2480 2299 1683 2299 2484 2299 2484 2299 1683 2299 1685 2299 2484 2300 1685 2300 2485 2300 2485 2300 1685 2300 1889 2300 2485 2301 1889 2301 2486 2301 2486 2301 1889 2301 1541 2301 1576 2302 1958 2302 1578 2302 1578 2302 1958 2302 1957 2302 1578 2303 1957 2303 1579 2303 1579 2303 1957 2303 1946 2303 1579 2304 1946 2304 1580 2304 1580 2304 1946 2304 2182 2304 2515 2305 1607 2305 2516 2305 2516 2305 1607 2305 1614 2305 2516 2306 1614 2306 2519 2306 2519 2306 1614 2306 1613 2306 2519 2307 1613 2307 2520 2307 2520 2307 1613 2307 1620 2307 2520 2308 1620 2308 2521 2308 2521 2308 1620 2308 1619 2308 2521 2309 1619 2309 2522 2309 2522 2309 1619 2309 1617 2309 1996 2310 1598 2310 1994 2310 1994 2310 1598 2310 1600 2310 1994 2311 1600 2311 1992 2311 1992 2311 1600 2311 1602 2311 1992 2312 1602 2312 1990 2312 1990 2312 1602 2312 1605 2312 1990 2313 1605 2313 1989 2313 1989 2313 1605 2313 1604 2313 1989 2314 1604 2314 2006 2314 2006 2314 1604 2314 1608 2314 2524 2315 1616 2315 2525 2315 2525 2315 1616 2315 1590 2315 2525 2316 1590 2316 2511 2316 2511 2316 1590 2316 1589 2316 2511 2317 1589 2317 2513 2317 2513 2317 1589 2317 1593 2317 2513 2318 1593 2318 2514 2318 2514 2318 1593 2318 1595 2318 1857 2319 2540 2319 1858 2319 1858 2319 2540 2319 2546 2319 1858 1637 2546 1637 1866 1637 1866 1637 2546 1637 2545 1637 1866 2320 2545 2320 1867 2320 1867 2320 2545 2320 2553 2320 1867 2321 2553 2321 1868 2321 1868 2321 2553 2321 2552 2321 1868 2322 2552 2322 1865 2322 1865 2322 2552 2322 2551 2322 1865 2323 2551 2323 1854 2323 1854 2323 2551 2323 2548 2323 1854 2324 2548 2324 1855 2324 1855 2324 2548 2324 2550 2324 1855 2325 2550 2325 1859 2325 1859 2325 2550 2325 2549 2325 1859 2326 2549 2326 1860 2326 1860 2326 2549 2326 2544 2326 1860 2327 2544 2327 1862 2327 1862 2327 2544 2327 2543 2327 1862 1646 2543 1646 1863 1646 1863 1646 2543 1646 2541 1646 1863 2328 2541 2328 1857 2328 1857 2328 2541 2328 2540 2328 1561 2329 1917 2329 1562 2329 1562 2329 1917 2329 1916 2329 1562 2330 1916 2330 1552 2330 1552 2330 1916 2330 2137 2330 1552 2331 2137 2331 1556 2331 1556 2331 2137 2331 2131 2331 1556 2332 2131 2332 1553 2332 1553 2332 2131 2332 2130 2332 1553 2333 2130 2333 1557 2333 1557 2333 2130 2333 2148 2333 1557 2334 2148 2334 1558 2334 1558 2334 2148 2334 2147 2334 1558 2335 2147 2335 1559 2335 1559 2335 2147 2335 2146 2335 1559 2336 2146 2336 1549 2336 1549 2336 2146 2336 2141 2336 1549 2337 2141 2337 1547 2337 1547 2337 2141 2337 2139 2337 1547 2338 2139 2338 1545 2338 1545 2338 2139 2338 2132 2338 1545 2339 2132 2339 1560 2339 1560 2339 2132 2339 2135 2339 1560 2340 2135 2340 1561 2340 1561 2340 2135 2340 1917 2340 3224 2341 3225 2341 3226 2341 3227 2341 3228 2341 3229 2341 3230 2341 3231 2341 3232 2341 3233 2341 3234 2341 3235 2341 3236 2341 3237 2341 3238 2341 3239 2341 3240 2341 3241 2341 3242 2341 3243 2341 3244 2341 3245 2341 3246 2341 3228 2341 3228 2341 3246 2341 3247 2341 3228 2341 3247 2341 3229 2341 3248 2341 3249 2341 3250 2341 3250 2341 3249 2341 3251 2341 3250 2341 3251 2341 3252 2341 3253 2341 3254 2341 3255 2341 3254 2341 3256 2341 3257 2341 3232 2341 3231 2341 3258 2341 3258 2341 3231 2341 3259 2341 3258 2341 3259 2341 3260 2341 3260 2341 3259 2341 3261 2341 3260 2341 3261 2341 3262 2341 3253 2341 3255 2341 3261 2341 3261 2341 3255 2341 3263 2341 3261 2341 3263 2341 3262 2341 3247 2341 3264 2341 3229 2341 3229 2341 3264 2341 3265 2341 3229 2341 3265 2341 3266 2341 3266 2341 3265 2341 3267 2341 3266 2341 3267 2341 3268 2341 3268 2341 3267 2341 3269 2341 3268 2341 3269 2341 3257 2341 3257 2341 3269 2341 3270 2341 3257 2341 3270 2341 3254 2341 3271 2341 3272 2341 3273 2341 3271 2341 3273 2341 3274 2341 3273 2341 3275 2341 3274 2341 3274 2341 3275 2341 3276 2341 3274 2341 3276 2341 3277 2341 3243 2341 3278 2341 3279 2341 3280 2341 3281 2341 3282 2341 3281 2341 3280 2341 3283 2341 3283 2341 3280 2341 3284 2341 3283 2341 3284 2341 3285 2341 3286 2341 3287 2341 3288 2341 3289 2341 3290 2341 3291 2341 3291 2341 3292 2341 3289 2341 3289 2341 3292 2341 3293 2341 3289 2341 3293 2341 3244 2341 3244 2341 3293 2341 3294 2341 3244 2341 3294 2341 3242 2341 3282 2341 3295 2341 3280 2341 3280 2341 3295 2341 3296 2341 3280 2341 3296 2341 3278 2341 3278 2341 3296 2341 3297 2341 3278 2341 3297 2341 3279 2341 3298 2341 3286 2341 3299 2341 3299 2341 3286 2341 3272 2341 3299 2341 3272 2341 3300 2341 3300 2341 3272 2341 3271 2341 3300 2341 3271 2341 3301 2341 3301 2341 3271 2341 3302 2341 3303 2341 3302 2341 3304 2341 3304 2341 3302 2341 3271 2341 3304 2341 3271 2341 3305 2341 3305 2341 3271 2341 3306 2341 3307 2341 3308 2341 3286 2341 3308 2341 3309 2341 3286 2341 3286 2341 3309 2341 3285 2341 3286 2341 3285 2341 3287 2341 3287 2341 3285 2341 3284 2341 3298 2341 3310 2341 3286 2341 3286 2341 3310 2341 3311 2341 3286 2341 3311 2341 3312 2341 3313 2341 3307 2341 3314 2341 3314 2341 3307 2341 3286 2341 3314 2341 3286 2341 3315 2341 3315 2341 3286 2341 3312 2341 3316 2341 3317 2341 3289 2341 3289 2341 3317 2341 3318 2341 3289 2341 3318 2341 3319 2341 3288 2341 3290 2341 3286 2341 3286 2341 3290 2341 3289 2341 3286 2341 3289 2341 3320 2341 3320 2341 3289 2341 3319 2341 3320 2341 3319 2341 3321 2341 3322 2341 3323 2341 3324 2341 3321 2341 3325 2341 3320 2341 3320 2341 3325 2341 3326 2341 3320 2341 3326 2341 3327 2341 3323 2341 3328 2341 3324 2341 3324 2341 3328 2341 3329 2341 3324 2341 3329 2341 3330 2341 3331 2341 3332 2341 3333 2341 3333 2341 3332 2341 3334 2341 3333 2341 3334 2341 3335 2341 3335 2341 3334 2341 3320 2341 3335 2341 3320 2341 3336 2341 3336 2341 3320 2341 3327 2341 3324 2341 3337 2341 3338 2341 3339 2341 3340 2341 3341 2341 3332 2341 3322 2341 3334 2341 3334 2341 3322 2341 3324 2341 3334 2341 3324 2341 3342 2341 3342 2341 3324 2341 3338 2341 3343 2341 3344 2341 3345 2341 3344 2341 3343 2341 3238 2341 3238 2341 3343 2341 3346 2341 3238 2341 3346 2341 3236 2341 3347 2341 3348 2341 3236 2341 3236 2341 3348 2341 3349 2341 3236 2341 3349 2341 3237 2341 3350 2341 3351 2341 3352 2341 3353 2341 3354 2341 3355 2341 3356 2341 3357 2341 3235 2341 3235 2341 3357 2341 3358 2341 3235 2341 3358 2341 3359 2341 3360 2341 3361 2341 3353 2341 3362 2341 3356 2341 3363 2341 3363 2341 3356 2341 3235 2341 3363 2341 3235 2341 3364 2341 3364 2341 3235 2341 3365 2341 3358 2341 3366 2341 3359 2341 3359 2341 3366 2341 3367 2341 3359 2341 3367 2341 3368 2341 3368 2341 3367 2341 3355 2341 3368 2341 3355 2341 3369 2341 3369 2341 3355 2341 3354 2341 3370 2341 3371 2341 3372 2341 3372 2341 3371 2341 3360 2341 3371 2341 3373 2341 3360 2341 3360 2341 3373 2341 3374 2341 3360 2341 3374 2341 3361 2341 3375 2341 3376 2341 3226 2341 3226 2341 3376 2341 3377 2341 3378 2341 3379 2341 3380 2341 3381 2341 3382 2341 3383 2341 3383 2341 3382 2341 3384 2341 3383 2341 3384 2341 3226 2341 3226 2341 3384 2341 3385 2341 3226 2341 3385 2341 3375 2341 3374 2341 3386 2341 3361 2341 3361 2341 3386 2341 3387 2341 3361 2341 3387 2341 3383 2341 3377 2341 3388 2341 3226 2341 3226 2341 3388 2341 3389 2341 3226 2341 3389 2341 3378 2341 3387 2341 3390 2341 3383 2341 3383 2341 3390 2341 3391 2341 3383 2341 3391 2341 3392 2341 3393 2341 3381 2341 3394 2341 3394 2341 3381 2341 3383 2341 3394 2341 3383 2341 3395 2341 3395 2341 3383 2341 3392 2341 3396 2341 3397 2341 3398 2341 3399 2341 3400 2341 3401 2341 3401 2341 3400 2341 3402 2341 3401 2341 3402 2341 3403 2341 3403 2341 3402 2341 3404 2341 3405 2341 3406 2341 3407 2341 3407 2341 3406 2341 3408 2341 3407 2341 3408 2341 3409 2341 3409 2341 3408 2341 3410 2341 3411 2341 3412 2341 3413 2341 3413 2341 3412 2341 3414 2341 3413 2341 3414 2341 3415 2341 3411 2341 3413 2341 3416 2341 3416 2341 3413 2341 3417 2341 3416 2341 3417 2341 3418 2341 3418 2341 3417 2341 3419 2341 3418 2341 3419 2341 3359 2341 3359 2341 3419 2341 3420 2341 3359 2341 3420 2341 3421 2341 3421 2341 3422 2341 3359 2341 3359 2341 3422 2341 3423 2341 3359 2341 3423 2341 3235 2341 3235 2341 3423 2341 3424 2341 3235 2341 3424 2341 3233 2341 3425 2341 3426 2341 3401 2341 3427 2341 3428 2341 3244 2341 3244 2341 3428 2341 3429 2341 3244 2341 3429 2341 3430 2341 3430 2341 3431 2341 3244 2341 3244 2341 3431 2341 3432 2341 3244 2341 3432 2341 3289 2341 3289 2341 3432 2341 3433 2341 3289 2341 3433 2341 3316 2341 3425 2341 3401 2341 3434 2341 3434 2341 3401 2341 3435 2341 3434 2341 3435 2341 3436 2341 3241 2341 3437 2341 3438 2341 3438 2341 3437 2341 3439 2341 3439 2341 3440 2341 3438 2341 3438 2341 3440 2341 3441 2341 3438 2341 3441 2341 3442 2341 3442 2341 3403 2341 3438 2341 3438 2341 3403 2341 3404 2341 3438 2341 3404 2341 3226 2341 3226 2341 3404 2341 3443 2341 3226 2341 3443 2341 3383 2341 3442 2341 3444 2341 3403 2341 3403 2341 3444 2341 3445 2341 3403 2341 3445 2341 3446 2341 3446 2341 3447 2341 3403 2341 3403 2341 3447 2341 3448 2341 3403 2341 3448 2341 3401 2341 3401 2341 3448 2341 3449 2341 3401 2341 3449 2341 3435 2341 3450 2341 3451 2341 3452 2341 3378 2341 3380 2341 3226 2341 3226 2341 3380 2341 3453 2341 3226 2341 3453 2341 3454 2341 3454 2341 3453 2341 3455 2341 3454 2341 3455 2341 3450 2341 3456 2341 3457 2341 3458 2341 3459 2341 3460 2341 3452 2341 3452 2341 3460 2341 3461 2341 3452 2341 3461 2341 3456 2341 3456 2341 3461 2341 3462 2341 3456 2341 3462 2341 3457 2341 3458 2341 3463 2341 3456 2341 3456 2341 3463 2341 3464 2341 3456 2341 3464 2341 3360 2341 3360 2341 3464 2341 3465 2341 3360 2341 3465 2341 3372 2341 3451 2341 3466 2341 3452 2341 3452 2341 3466 2341 3467 2341 3452 2341 3467 2341 3468 2341 3469 2341 3459 2341 3470 2341 3470 2341 3459 2341 3452 2341 3470 2341 3452 2341 3471 2341 3471 2341 3452 2341 3468 2341 3472 2341 3473 2341 3474 2341 3474 2341 3473 2341 3306 2341 3475 2341 3472 2341 3476 2341 3477 2341 3478 2341 3479 2341 3479 2341 3478 2341 3480 2341 3479 2341 3480 2341 3481 2341 3481 2341 3482 2341 3479 2341 3479 2341 3482 2341 3483 2341 3479 2341 3483 2341 3476 2341 3476 2341 3483 2341 3484 2341 3476 2341 3484 2341 3475 2341 3243 2341 3279 2341 3244 2341 3244 2341 3279 2341 3485 2341 3244 2341 3485 2341 3486 2341 3487 2341 3488 2341 3478 2341 3489 2341 3490 2341 3491 2341 3488 2341 3492 2341 3478 2341 3478 2341 3492 2341 3493 2341 3478 2341 3493 2341 3480 2341 3480 2341 3493 2341 3489 2341 3480 2341 3489 2341 3494 2341 3494 2341 3489 2341 3491 2341 3495 2341 3496 2341 3497 2341 3497 2341 3496 2341 3498 2341 3497 2341 3498 2341 3499 2341 3499 2341 3498 2341 3500 2341 3500 2341 3498 2341 3501 2341 3500 2341 3501 2341 3502 2341 3502 2341 3501 2341 3261 2341 3261 2341 3501 2341 3503 2341 3261 2341 3503 2341 3504 2341 3230 2341 3232 2341 3505 2341 3505 2341 3232 2341 3274 2341 3505 2341 3274 2341 3506 2341 3277 2341 3507 2341 3274 2341 3274 2341 3507 2341 3508 2341 3274 2341 3508 2341 3506 2341 3506 2341 3508 2341 3509 2341 3506 2341 3509 2341 3510 2341 3510 2341 3509 2341 3511 2341 3352 2341 3512 2341 3513 2341 3513 2341 3511 2341 3352 2341 3352 2341 3511 2341 3509 2341 3352 2341 3509 2341 3350 2341 3350 2341 3509 2341 3508 2341 3350 2341 3508 2341 3514 2341 3514 2341 3508 2341 3507 2341 3351 2341 3348 2341 3352 2341 3352 2341 3348 2341 3347 2341 3352 2341 3347 2341 3512 2341 3512 2341 3347 2341 3515 2341 3515 2341 3347 2341 3516 2341 3516 2341 3347 2341 3517 2341 3516 2341 3517 2341 3518 2341 3518 2341 3517 2341 3519 2341 3518 2341 3519 2341 3520 2341 3362 2341 3521 2341 3356 2341 3356 2341 3521 2341 3522 2341 3356 2341 3522 2341 3523 2341 3523 2341 3522 2341 3524 2341 3523 2341 3524 2341 3525 2341 3525 2341 3524 2341 3526 2341 3525 2341 3526 2341 3527 2341 3527 2341 3526 2341 3528 2341 3529 2341 3530 2341 3531 2341 3531 2341 3530 2341 3532 2341 3531 2341 3532 2341 3528 2341 3528 2341 3532 2341 3533 2341 3528 2341 3533 2341 3527 2341 3531 2341 3534 2341 3529 2341 3529 2341 3534 2341 3535 2341 3529 2341 3535 2341 3536 2341 3536 2341 3535 2341 3537 2341 3536 2341 3537 2341 3538 2341 3539 2341 3540 2341 3355 2341 3353 2341 3355 2341 3360 2341 3360 2341 3355 2341 3540 2341 3360 2341 3540 2341 3541 2341 3541 2341 3542 2341 3360 2341 3360 2341 3542 2341 3543 2341 3360 2341 3543 2341 3456 2341 3456 2341 3543 2341 3544 2341 3456 2341 3544 2341 3545 2341 3545 2341 3546 2341 3456 2341 3456 2341 3546 2341 3547 2341 3456 2341 3547 2341 3538 2341 3538 2341 3547 2341 3548 2341 3538 2341 3548 2341 3549 2341 3355 2341 3550 2341 3539 2341 3539 2341 3550 2341 3551 2341 3539 2341 3551 2341 3552 2341 3552 2341 3551 2341 3553 2341 3552 2341 3553 2341 3549 2341 3549 2341 3553 2341 3554 2341 3549 2341 3554 2341 3538 2341 3555 2341 3556 2341 3557 2341 3557 2341 3556 2341 3558 2341 3557 2341 3558 2341 3253 2341 3253 2341 3558 2341 3559 2341 3253 2341 3559 2341 3254 2341 3254 2341 3559 2341 3560 2341 3254 2341 3560 2341 3256 2341 3504 2341 3561 2341 3261 2341 3261 2341 3561 2341 3562 2341 3261 2341 3562 2341 3253 2341 3253 2341 3562 2341 3563 2341 3253 2341 3563 2341 3557 2341 3557 2341 3563 2341 3564 2341 3557 2341 3564 2341 3565 2341 3495 2341 3520 2341 3496 2341 3496 2341 3520 2341 3519 2341 3496 2341 3519 2341 3566 2341 3566 2341 3519 2341 3567 2341 3568 2341 3569 2341 3415 2341 3570 2341 3571 2341 3572 2341 3573 2341 3574 2341 3250 2341 3250 2341 3574 2341 3232 2341 3250 2341 3232 2341 3248 2341 3248 2341 3232 2341 3258 2341 3572 2341 3575 2341 3570 2341 3570 2341 3575 2341 3576 2341 3570 2341 3576 2341 3250 2341 3250 2341 3576 2341 3577 2341 3250 2341 3577 2341 3573 2341 3274 2341 3578 2341 3579 2341 3574 2341 3580 2341 3232 2341 3232 2341 3580 2341 3581 2341 3232 2341 3581 2341 3274 2341 3274 2341 3581 2341 3582 2341 3274 2341 3582 2341 3578 2341 3306 2341 3271 2341 3474 2341 3474 2341 3271 2341 3274 2341 3474 2341 3274 2341 3570 2341 3570 2341 3274 2341 3579 2341 3570 2341 3579 2341 3571 2341 3472 2341 3474 2341 3476 2341 3476 2341 3474 2341 3570 2341 3476 2341 3570 2341 3583 2341 3583 2341 3570 2341 3250 2341 3583 2341 3250 2341 3245 2341 3245 2341 3250 2341 3252 2341 3245 2341 3252 2341 3246 2341 3398 2341 3399 2341 3396 2341 3396 2341 3399 2341 3401 2341 3396 2341 3401 2341 3244 2341 3244 2341 3401 2341 3426 2341 3244 2341 3426 2341 3427 2341 3486 2341 3487 2341 3244 2341 3244 2341 3487 2341 3478 2341 3244 2341 3478 2341 3396 2341 3396 2341 3478 2341 3477 2341 3396 2341 3477 2341 3397 2341 3397 2341 3477 2341 3410 2341 3397 2341 3410 2341 3584 2341 3584 2341 3410 2341 3408 2341 3450 2341 3452 2341 3454 2341 3454 2341 3452 2341 3585 2341 3454 2341 3585 2341 3586 2341 3586 2341 3585 2341 3339 2341 3586 2341 3339 2341 3324 2341 3324 2341 3339 2341 3341 2341 3324 2341 3341 2341 3337 2341 3226 2341 3225 2341 3438 2341 3438 2341 3225 2341 3587 2341 3438 2341 3587 2341 3588 2341 3588 2341 3589 2341 3438 2341 3438 2341 3589 2341 3586 2341 3438 2341 3586 2341 3241 2341 3241 2341 3586 2341 3324 2341 3241 2341 3324 2341 3239 2341 3239 2341 3324 2341 3330 2341 3590 2341 3591 2341 3454 2341 3454 2341 3591 2341 3592 2341 3454 2341 3592 2341 3226 2341 3226 2341 3592 2341 3593 2341 3226 2341 3593 2341 3224 2341 3589 2341 3594 2341 3586 2341 3586 2341 3594 2341 3595 2341 3586 2341 3595 2341 3454 2341 3454 2341 3595 2341 3596 2341 3454 2341 3596 2341 3590 2341 3538 2341 3537 2341 3456 2341 3456 2341 3537 2341 3597 2341 3456 2341 3597 2341 3452 2341 3452 2341 3597 2341 3598 2341 3452 2341 3598 2341 3585 2341 3585 2341 3598 2341 3343 2341 3585 2341 3343 2341 3339 2341 3339 2341 3343 2341 3345 2341 3339 2341 3345 2341 3340 2341 3414 2341 3405 2341 3415 2341 3415 2341 3405 2341 3407 2341 3415 2341 3407 2341 3568 2341 3568 2341 3407 2341 3409 2341 3568 2341 3409 2341 3599 2341 3599 2341 3409 2341 3410 2341 3599 2341 3410 2341 3600 2341 3600 2341 3410 2341 3477 2341 3600 2341 3477 2341 3601 2341 3601 2341 3477 2341 3479 2341 3601 2341 3479 2341 3602 2341 3602 2341 3479 2341 3476 2341 3602 2341 3476 2341 3603 2341 3603 2341 3476 2341 3583 2341 3603 2341 3583 2341 3604 2341 3604 2341 3583 2341 3245 2341 3604 2341 3245 2341 3605 2341 3605 2341 3245 2341 3228 2341 3605 2341 3228 2341 3606 2341 3606 2341 3228 2341 3227 2341 3606 2341 3227 2341 3607 2341 3608 2342 3609 2342 3610 2342 3611 2342 3612 2342 3613 2342 3614 2342 3615 2342 3616 2342 3617 2342 3618 2342 3619 2342 3620 2342 3621 2342 3622 2342 3623 2342 3624 2342 3625 2342 3626 2342 3627 2342 3628 2342 3629 2342 3630 2342 3631 2342 3630 2342 3629 2342 3632 2342 3633 2342 3634 2342 3632 2342 3635 2342 3636 2342 3637 2342 3638 2342 3639 2342 3640 2342 3641 2342 3642 2342 3643 2342 3644 2342 3645 2342 3646 2342 3647 2342 3648 2342 3649 2342 3650 2342 3651 2342 3652 2342 3653 2342 3654 2342 3655 2342 3656 2342 3657 2342 3658 2342 3659 2342 3660 2342 3661 2342 3662 2342 3663 2342 3664 2342 3665 2342 3666 2342 3667 2342 3668 2342 3669 2342 3670 2342 3671 2342 3672 2342 3673 2342 3674 2342 3675 2342 3676 2342 3674 2342 3676 2342 3677 2342 3675 2342 3678 2342 3676 2342 3676 2342 3678 2342 3679 2342 3676 2342 3679 2342 3680 2342 3680 2342 3679 2342 3681 2342 3680 2342 3681 2342 3682 2342 3683 2342 3684 2342 3685 2342 3686 2342 3687 2342 3683 2342 3688 2342 3689 2342 3690 2342 3690 2342 3689 2342 3685 2342 3690 2342 3685 2342 3691 2342 3691 2342 3685 2342 3684 2342 3692 2342 3693 2342 3694 2342 3694 2342 3693 2342 3695 2342 3694 2342 3695 2342 3696 2342 3696 2342 3695 2342 3686 2342 3686 2342 3695 2342 3697 2342 3686 2342 3697 2342 3687 2342 3698 2342 3699 2342 3700 2342 3700 2342 3699 2342 3701 2342 3700 2342 3701 2342 3702 2342 3702 2342 3701 2342 3703 2342 3704 2342 3705 2342 3706 2342 3706 2342 3705 2342 3707 2342 3706 2342 3707 2342 3708 2342 3708 2342 3707 2342 3709 2342 3710 2342 3709 2342 3711 2342 3711 2342 3709 2342 3712 2342 3711 2342 3712 2342 3713 2342 3713 2342 3712 2342 3714 2342 3710 2342 3715 2342 3709 2342 3709 2342 3715 2342 3716 2342 3709 2342 3716 2342 3708 2342 3708 2342 3716 2342 3717 2342 3708 2342 3717 2342 3718 2342 3718 2342 3717 2342 3719 2342 3718 2342 3719 2342 3720 2342 3721 2342 3722 2342 3723 2342 3723 2342 3722 2342 3724 2342 3721 2342 3723 2342 3725 2342 3725 2342 3723 2342 3726 2342 3725 2342 3726 2342 3719 2342 3719 2342 3726 2342 3727 2342 3719 2342 3727 2342 3720 2342 3728 2342 3729 2342 3730 2342 3730 2342 3729 2342 3723 2342 3730 2342 3723 2342 3712 2342 3712 2342 3723 2342 3724 2342 3712 2342 3724 2342 3714 2342 3731 2342 3732 2342 3733 2342 3733 2342 3734 2342 3735 2342 3736 2342 3737 2342 3731 2342 3731 2342 3737 2342 3738 2342 3731 2342 3738 2342 3732 2342 3698 2342 3739 2342 3699 2342 3699 2342 3739 2342 3737 2342 3699 2342 3737 2342 3740 2342 3740 2342 3737 2342 3736 2342 3740 2342 3736 2342 3741 2342 3742 2342 3743 2342 3744 2342 3744 2342 3743 2342 3745 2342 3746 2342 3747 2342 3748 2342 3748 2342 3747 2342 3743 2342 3748 2342 3743 2342 3749 2342 3749 2342 3743 2342 3742 2342 3750 2342 3751 2342 3752 2342 3752 2342 3751 2342 3753 2342 3752 2342 3753 2342 3754 2342 3754 2342 3753 2342 3755 2342 3754 2342 3755 2342 3745 2342 3745 2342 3755 2342 3756 2342 3745 2342 3756 2342 3744 2342 3757 2342 3758 2342 3759 2342 3759 2342 3758 2342 3760 2342 3759 2342 3760 2342 3750 2342 3750 2342 3760 2342 3761 2342 3750 2342 3761 2342 3751 2342 3762 2342 3763 2342 3764 2342 3765 2342 3766 2342 3767 2342 3768 2342 3769 2342 3770 2342 3770 2342 3769 2342 3767 2342 3767 2342 3769 2342 3771 2342 3767 2342 3771 2342 3765 2342 3763 2342 3762 2342 3772 2342 3772 2342 3762 2342 3767 2342 3772 2342 3767 2342 3773 2342 3773 2342 3767 2342 3766 2342 3773 2342 3766 2342 3774 2342 3775 2342 3776 2342 3777 2342 3777 2342 3776 2342 3773 2342 3774 2342 3778 2342 3773 2342 3773 2342 3778 2342 3779 2342 3773 2342 3779 2342 3780 2342 3781 2342 3777 2342 3782 2342 3782 2342 3777 2342 3773 2342 3782 2342 3773 2342 3783 2342 3783 2342 3773 2342 3780 2342 3741 2342 3784 2342 3740 2342 3740 2342 3784 2342 3785 2342 3740 2342 3785 2342 3776 2342 3786 2342 3787 2342 3747 2342 3733 2342 3735 2342 3731 2342 3731 2342 3735 2342 3670 2342 3731 2342 3670 2342 3788 2342 3788 2342 3670 2342 3669 2342 3788 2342 3669 2342 3789 2342 3789 2342 3790 2342 3788 2342 3788 2342 3790 2342 3791 2342 3788 2342 3791 2342 3792 2342 3792 2342 3791 2342 3793 2342 3792 2342 3793 2342 3794 2342 3746 2342 3795 2342 3747 2342 3747 2342 3795 2342 3792 2342 3747 2342 3792 2342 3786 2342 3786 2342 3792 2342 3794 2342 3787 2342 3796 2342 3747 2342 3747 2342 3796 2342 3797 2342 3747 2342 3797 2342 3670 2342 3670 2342 3797 2342 3798 2342 3670 2342 3798 2342 3668 2342 3799 2342 3800 2342 3801 2342 3801 2342 3800 2342 3802 2342 3803 2342 3804 2342 3805 2342 3805 2342 3804 2342 3806 2342 3806 2342 3804 2342 3807 2342 3807 2342 3804 2342 3808 2342 3807 2342 3808 2342 3809 2342 3810 2342 3811 2342 3812 2342 3812 2342 3811 2342 3813 2342 3812 2342 3813 2342 3814 2342 3814 2342 3813 2342 3815 2342 3814 2342 3815 2342 3816 2342 3816 2342 3815 2342 3809 2342 3696 2342 3817 2342 3694 2342 3694 2342 3817 2342 3818 2342 3694 2342 3818 2342 3819 2342 3818 2342 3820 2342 3819 2342 3819 2342 3820 2342 3821 2342 3819 2342 3821 2342 3810 2342 3810 2342 3821 2342 3822 2342 3810 2342 3822 2342 3811 2342 3683 2342 3685 2342 3686 2342 3686 2342 3685 2342 3823 2342 3686 2342 3823 2342 3824 2342 3824 2342 3823 2342 3825 2342 3824 2342 3825 2342 3826 2342 3826 2342 3825 2342 3827 2342 3826 2342 3827 2342 3828 2342 3613 2342 3829 2342 3827 2342 3827 2342 3829 2342 3830 2342 3830 2342 3831 2342 3827 2342 3827 2342 3831 2342 3832 2342 3827 2342 3832 2342 3828 2342 3800 2342 3833 2342 3802 2342 3802 2342 3833 2342 3834 2342 3802 2342 3834 2342 3612 2342 3612 2342 3834 2342 3835 2342 3612 2342 3835 2342 3613 2342 3613 2342 3835 2342 3836 2342 3613 2342 3836 2342 3829 2342 3610 2342 3837 2342 3838 2342 3665 2342 3667 2342 3838 2342 3838 2342 3667 2342 3839 2342 3838 2342 3839 2342 3610 2342 3840 2342 3841 2342 3842 2342 3843 2342 3844 2342 3845 2342 3846 2342 3847 2342 3848 2342 3848 2342 3847 2342 3849 2342 3849 2342 3847 2342 3850 2342 3849 2342 3850 2342 3851 2342 3852 2342 3853 2342 3854 2342 3854 2342 3853 2342 3855 2342 3854 2342 3855 2342 3856 2342 3856 2342 3855 2342 3845 2342 3856 2342 3845 2342 3857 2342 3857 2342 3845 2342 3844 2342 3857 2342 3844 2342 3858 2342 3664 2342 3663 2342 3859 2342 3859 2342 3663 2342 3860 2342 3859 2342 3860 2342 3861 2342 3861 2342 3860 2342 3853 2342 3861 2342 3853 2342 3848 2342 3848 2342 3853 2342 3852 2342 3848 2342 3852 2342 3846 2342 3862 2342 3863 2342 3864 2342 3864 2342 3863 2342 3865 2342 3864 2342 3865 2342 3866 2342 3866 2342 3865 2342 3867 2342 3868 2342 3869 2342 3870 2342 3870 2342 3869 2342 3871 2342 3870 2342 3871 2342 3872 2342 3871 2342 3873 2342 3872 2342 3872 2342 3873 2342 3874 2342 3872 2342 3874 2342 3875 2342 3875 2342 3874 2342 3876 2342 3875 2342 3876 2342 3867 2342 3867 2342 3876 2342 3877 2342 3867 2342 3877 2342 3866 2342 3842 2342 3878 2342 3840 2342 3840 2342 3878 2342 3879 2342 3840 2342 3879 2342 3880 2342 3880 2342 3879 2342 3881 2342 3881 2342 3879 2342 3882 2342 3882 2342 3879 2342 3883 2342 3882 2342 3883 2342 3884 2342 3884 2342 3883 2342 3885 2342 3885 2342 3883 2342 3886 2342 3885 2342 3886 2342 3887 2342 3887 2342 3886 2342 3657 2342 3657 2342 3886 2342 3888 2342 3657 2342 3888 2342 3658 2342 3840 2342 3889 2342 3841 2342 3841 2342 3889 2342 3890 2342 3841 2342 3890 2342 3658 2342 3658 2342 3890 2342 3891 2342 3658 2342 3891 2342 3656 2342 3892 2342 3893 2342 3894 2342 3894 2342 3893 2342 3895 2342 3896 2342 3897 2342 3898 2342 3898 2342 3897 2342 3899 2342 3898 2342 3899 2342 3900 2342 3900 2342 3899 2342 3901 2342 3655 2342 3654 2342 3902 2342 3902 2342 3654 2342 3903 2342 3902 2342 3903 2342 3631 2342 3904 2342 3640 2342 3905 2342 3905 2342 3640 2342 3639 2342 3905 2342 3639 2342 3906 2342 3906 2342 3639 2342 3907 2342 3906 2342 3907 2342 3908 2342 3908 2342 3907 2342 3629 2342 3908 2342 3629 2342 3909 2342 3909 2342 3629 2342 3631 2342 3909 2342 3631 2342 3910 2342 3910 2342 3631 2342 3903 2342 3911 2342 3912 2342 3913 2342 3913 2342 3912 2342 3914 2342 3914 2342 3912 2342 3894 2342 3914 2342 3894 2342 3915 2342 3915 2342 3894 2342 3916 2342 3916 2342 3894 2342 3895 2342 3916 2342 3895 2342 3917 2342 3918 2342 3919 2342 3920 2342 3920 2342 3919 2342 3911 2342 3920 2342 3911 2342 3921 2342 3921 2342 3911 2342 3913 2342 3922 2342 3923 2342 3924 2342 3924 2342 3923 2342 3925 2342 3924 2342 3925 2342 3895 2342 3895 2342 3925 2342 3926 2342 3895 2342 3926 2342 3917 2342 3927 2342 3928 2342 3929 2342 3929 2342 3928 2342 3919 2342 3929 2342 3919 2342 3924 2342 3924 2342 3919 2342 3918 2342 3924 2342 3918 2342 3922 2342 3930 2342 3931 2342 3650 2342 3932 2342 3933 2342 3934 2342 3934 2342 3933 2342 3935 2342 3934 2342 3935 2342 3936 2342 3936 2342 3935 2342 3843 2342 3936 2342 3843 2342 3937 2342 3937 2342 3843 2342 3845 2342 3933 2342 3938 2342 3935 2342 3935 2342 3938 2342 3939 2342 3935 2342 3939 2342 3940 2342 3940 2342 3939 2342 3930 2342 3940 2342 3930 2342 3941 2342 3941 2342 3930 2342 3650 2342 3942 2342 3651 2342 3943 2342 3943 2342 3651 2342 3650 2342 3943 2342 3650 2342 3944 2342 3944 2342 3650 2342 3931 2342 3942 2342 3945 2342 3651 2342 3651 2342 3945 2342 3946 2342 3651 2342 3946 2342 3934 2342 3934 2342 3946 2342 3947 2342 3934 2342 3947 2342 3932 2342 3948 2342 3949 2342 3950 2342 3950 2342 3949 2342 3839 2342 3950 2342 3839 2342 3951 2342 3649 2342 3872 2342 3647 2342 3647 2342 3872 2342 3875 2342 3647 2342 3875 2342 3952 2342 3952 2342 3875 2342 3867 2342 3953 2342 3954 2342 3955 2342 3955 2342 3954 2342 3956 2342 3955 2342 3956 2342 3957 2342 3957 2342 3956 2342 3958 2342 3957 2342 3958 2342 3645 2342 3959 2342 3960 2342 3961 2342 3962 2342 3963 2342 3964 2342 3965 2342 3966 2342 3967 2342 3965 2342 3967 2342 3968 2342 3964 2342 3969 2342 3962 2342 3962 2342 3969 2342 3970 2342 3962 2342 3970 2342 3971 2342 3971 2342 3970 2342 3972 2342 3971 2342 3972 2342 3973 2342 3960 2342 3959 2342 3974 2342 3974 2342 3959 2342 3971 2342 3974 2342 3971 2342 3965 2342 3965 2342 3971 2342 3973 2342 3965 2342 3973 2342 3966 2342 3967 2342 3975 2342 3968 2342 3968 2342 3975 2342 3976 2342 3968 2342 3976 2342 3977 2342 3977 2342 3976 2342 3978 2342 3977 2342 3978 2342 3979 2342 3980 2342 3981 2342 3982 2342 3982 2342 3983 2342 3980 2342 3980 2342 3983 2342 3977 2342 3980 2342 3977 2342 3962 2342 3962 2342 3977 2342 3979 2342 3962 2342 3979 2342 3963 2342 3984 2342 3985 2342 3986 2342 3986 2342 3985 2342 3987 2342 3983 2342 3988 2342 3977 2342 3977 2342 3988 2342 3989 2342 3977 2342 3989 2342 3987 2342 3987 2342 3989 2342 3990 2342 3987 2342 3990 2342 3986 2342 3984 2342 3991 2342 3643 2342 3643 2342 3991 2342 3992 2342 3643 2342 3992 2342 3641 2342 3993 2342 3994 2342 3995 2342 3995 2342 3994 2342 3996 2342 3995 2342 3996 2342 3997 2342 3998 2342 3999 2342 4000 2342 4000 2342 3999 2342 4001 2342 3999 2342 4002 2342 4001 2342 4001 2342 4002 2342 4003 2342 4001 2342 4003 2342 4004 2342 4004 2342 4003 2342 4005 2342 4004 2342 4005 2342 4006 2342 4006 2342 4005 2342 4007 2342 4006 2342 4007 2342 4008 2342 4008 2342 4007 2342 4009 2342 4008 2342 4009 2342 4010 2342 3984 2342 3643 2342 3985 2342 3985 2342 3643 2342 3995 2342 3985 2342 3995 2342 4000 2342 4000 2342 3995 2342 3997 2342 4000 2342 3997 2342 3998 2342 4011 2342 4012 2342 4013 2342 4013 2342 4012 2342 4014 2342 4013 2342 4014 2342 4015 2342 4016 2342 4017 2342 4018 2342 4018 2342 4017 2342 4019 2342 4018 2342 4019 2342 3898 2342 3898 2342 4019 2342 4020 2342 4020 2342 4021 2342 3898 2342 3898 2342 4021 2342 4022 2342 3898 2342 4022 2342 3896 2342 3896 2342 4022 2342 4023 2342 4023 2342 4024 2342 3896 2342 3896 2342 4024 2342 4025 2342 3896 2342 4025 2342 4014 2342 4025 2342 4026 2342 4014 2342 4014 2342 4026 2342 4027 2342 4014 2342 4027 2342 4015 2342 4015 2342 4027 2342 4028 2342 4015 2342 4028 2342 4016 2342 4016 2342 4028 2342 4029 2342 4016 2342 4029 2342 4017 2342 3638 2342 3640 2342 4030 2342 4030 2342 3640 2342 4031 2342 4030 2342 4031 2342 4032 2342 4032 2342 4031 2342 4008 2342 4032 2342 4008 2342 4033 2342 4010 2342 3993 2342 4008 2342 4008 2342 3993 2342 3995 2342 4008 2342 3995 2342 4033 2342 4033 2342 3995 2342 3643 2342 4033 2342 3643 2342 4034 2342 4034 2342 3643 2342 3642 2342 4034 2342 3642 2342 4035 2342 4036 2342 4037 2342 4038 2342 4038 2342 4037 2342 3635 2342 3734 2342 3728 2342 3735 2342 3735 2342 3728 2342 3730 2342 3735 2342 3730 2342 3632 2342 3958 2342 4039 2342 3645 2342 3645 2342 4039 2342 4040 2342 3645 2342 4040 2342 3646 2342 3646 2342 4040 2342 4041 2342 3646 2342 4041 2342 4042 2342 4042 2342 4041 2342 4043 2342 4044 2342 4045 2342 4046 2342 4043 2342 4047 2342 4042 2342 4042 2342 4047 2342 4048 2342 4042 2342 4048 2342 4045 2342 4045 2342 4048 2342 4049 2342 4045 2342 4049 2342 4046 2342 4050 2342 3637 2342 4051 2342 4051 2342 3637 2342 3636 2342 4051 2342 3636 2342 4052 2342 4052 2342 3636 2342 4053 2342 4037 2342 4042 2342 3635 2342 3635 2342 4042 2342 4045 2342 3635 2342 4045 2342 3636 2342 3636 2342 4045 2342 4054 2342 3636 2342 4054 2342 4053 2342 4055 2342 4056 2342 4057 2342 4057 2342 4056 2342 4058 2342 4057 2342 4058 2342 4044 2342 4044 2342 4058 2342 4059 2342 4044 2342 4059 2342 4045 2342 4045 2342 4059 2342 4060 2342 4045 2342 4060 2342 4054 2342 3634 2342 3633 2342 4061 2342 4061 2342 3633 2342 4050 2342 4061 2342 4050 2342 4062 2342 4062 2342 4050 2342 4051 2342 4062 2342 4051 2342 4063 2342 4063 2342 4064 2342 4062 2342 4062 2342 4064 2342 4065 2342 4062 2342 4065 2342 4066 2342 4067 2342 3661 2342 3870 2342 3870 2342 3661 2342 3660 2342 3870 2342 3660 2342 3868 2342 4067 2342 4068 2342 3661 2342 3661 2342 4068 2342 4069 2342 3661 2342 4069 2342 4070 2342 4071 2342 4072 2342 4073 2342 4073 2342 4072 2342 4074 2342 4073 2342 4074 2342 3870 2342 3870 2342 4074 2342 4075 2342 3870 2342 4075 2342 4067 2342 4076 2342 4077 2342 4078 2342 4078 2342 4077 2342 4079 2342 4078 2342 4079 2342 4071 2342 3625 2342 3624 2342 4080 2342 4081 2342 4082 2342 4083 2342 3624 2342 4084 2342 4080 2342 4080 2342 4084 2342 4085 2342 4080 2342 4085 2342 4086 2342 4086 2342 4085 2342 4083 2342 4086 2342 4083 2342 4087 2342 4087 2342 4083 2342 4082 2342 4088 2342 4089 2342 4090 2342 4091 2342 4092 2342 4093 2342 4093 2342 4092 2342 4094 2342 4093 2342 4094 2342 4083 2342 4083 2342 4094 2342 4095 2342 4083 2342 4095 2342 4081 2342 4089 2342 4096 2342 4090 2342 4090 2342 4096 2342 4097 2342 4090 2342 4097 2342 3623 2342 4090 2342 4098 2342 4088 2342 4088 2342 4098 2342 4099 2342 4088 2342 4099 2342 4100 2342 4100 2342 4099 2342 4101 2342 4100 2342 4101 2342 4091 2342 4091 2342 4101 2342 4102 2342 4091 2342 4102 2342 4092 2342 3770 2342 4103 2342 4104 2342 4104 2342 4103 2342 4105 2342 4104 2342 4105 2342 4106 2342 4107 2342 4108 2342 4109 2342 4109 2342 4108 2342 4110 2342 4111 2342 4112 2342 4113 2342 3767 2342 4114 2342 4115 2342 4115 2342 4116 2342 3767 2342 3767 2342 4116 2342 4117 2342 3767 2342 4117 2342 3770 2342 3770 2342 4117 2342 4118 2342 3770 2342 4118 2342 4103 2342 4119 2342 4120 2342 4080 2342 4080 2342 4120 2342 3620 2342 4121 2342 4122 2342 4123 2342 4123 2342 4122 2342 4124 2342 4125 2342 4126 2342 4127 2342 4127 2342 4126 2342 4128 2342 4127 2342 4128 2342 4129 2342 4124 2342 4130 2342 4123 2342 4123 2342 4130 2342 4131 2342 4123 2342 4131 2342 4127 2342 4131 2342 4132 2342 4127 2342 4127 2342 4132 2342 4133 2342 4127 2342 4133 2342 4134 2342 4135 2342 4125 2342 4136 2342 4136 2342 4125 2342 4127 2342 4136 2342 4127 2342 4137 2342 4137 2342 4127 2342 4134 2342 4138 2342 4108 2342 4113 2342 4113 2342 4108 2342 4107 2342 4113 2342 4107 2342 4111 2342 4139 2342 4121 2342 4140 2342 4140 2342 4121 2342 4123 2342 4140 2342 4123 2342 4141 2342 4141 2342 4123 2342 4108 2342 4141 2342 4108 2342 4142 2342 4142 2342 4108 2342 4138 2342 4143 2342 4144 2342 4145 2342 4144 2342 4146 2342 4145 2342 4145 2342 4146 2342 4147 2342 4145 2342 4147 2342 4113 2342 4113 2342 4147 2342 4148 2342 4113 2342 4148 2342 4138 2342 4149 2342 4150 2342 4151 2342 3672 2342 4152 2342 4153 2342 4154 2342 4155 2342 4090 2342 4090 2342 4155 2342 4156 2342 4090 2342 4156 2342 3672 2342 3672 2342 4156 2342 4157 2342 3672 2342 4157 2342 4152 2342 3623 2342 3625 2342 4090 2342 4090 2342 3625 2342 4158 2342 4090 2342 4158 2342 4154 2342 4153 2342 4159 2342 3672 2342 3672 2342 4159 2342 4160 2342 3672 2342 4160 2342 3673 2342 3673 2342 4160 2342 4149 2342 3673 2342 4149 2342 4145 2342 4145 2342 4149 2342 4151 2342 4145 2342 4151 2342 4143 2342 3620 2342 3622 2342 4080 2342 4080 2342 3622 2342 4161 2342 4080 2342 4161 2342 3625 2342 3625 2342 4161 2342 4162 2342 3625 2342 4162 2342 4158 2342 4163 2342 4164 2342 4165 2342 4163 2342 4165 2342 4166 2342 4167 2342 4168 2342 4090 2342 4090 2342 4168 2342 4169 2342 4090 2342 4169 2342 4098 2342 4170 2342 4166 2342 3618 2342 3618 2342 4166 2342 4165 2342 3618 2342 4165 2342 3619 2342 3619 2342 4165 2342 4171 2342 3619 2342 4171 2342 4172 2342 4173 2342 4174 2342 4175 2342 4175 2342 4174 2342 4176 2342 4175 2342 4176 2342 4177 2342 4178 2342 4179 2342 4180 2342 4181 2342 4178 2342 4182 2342 4182 2342 4178 2342 4180 2342 4182 2342 4180 2342 4183 2342 4184 2342 4185 2342 4186 2342 4187 2342 4188 2342 4184 2342 4087 2342 4189 2342 4086 2342 4086 2342 4189 2342 4190 2342 4086 2342 4190 2342 4186 2342 4186 2342 4190 2342 4191 2342 4186 2342 4191 2342 4184 2342 4184 2342 4191 2342 4192 2342 4184 2342 4192 2342 4187 2342 4193 2342 4194 2342 4195 2342 4195 2342 4194 2342 4196 2342 4185 2342 4197 2342 4186 2342 4186 2342 4197 2342 4198 2342 4186 2342 4198 2342 4196 2342 4196 2342 4198 2342 4199 2342 4196 2342 4199 2342 4195 2342 4195 2342 4199 2342 4200 2342 4195 2342 4200 2342 4201 2342 4202 2342 4203 2342 4104 2342 4104 2342 4203 2342 4204 2342 3768 2342 3770 2342 4205 2342 4205 2342 3770 2342 4104 2342 4205 2342 4104 2342 4206 2342 4206 2342 4104 2342 4204 2342 4206 2342 4204 2342 4207 2342 4208 2342 4209 2342 4210 2342 4211 2342 4212 2342 4213 2342 4213 2342 4212 2342 4214 2342 4213 2342 4214 2342 4215 2342 4209 2342 4216 2342 4210 2342 4210 2342 4216 2342 4217 2342 4210 2342 4217 2342 4213 2342 4208 2342 4210 2342 4218 2342 4218 2342 4210 2342 4219 2342 4218 2342 4219 2342 4220 2342 4217 2342 4221 2342 4213 2342 4213 2342 4221 2342 4222 2342 4213 2342 4222 2342 4223 2342 4224 2342 4211 2342 4225 2342 4225 2342 4211 2342 4213 2342 4225 2342 4213 2342 4226 2342 4226 2342 4213 2342 4223 2342 4227 2342 4228 2342 4229 2342 4229 2342 4228 2342 4230 2342 4229 2342 4230 2342 4231 2342 4231 2342 4230 2342 4232 2342 4232 2342 4233 2342 4231 2342 4231 2342 4233 2342 4234 2342 4231 2342 4234 2342 4210 2342 4210 2342 4234 2342 4235 2342 4210 2342 4235 2342 4219 2342 3808 2342 4236 2342 4237 2342 4237 2342 4236 2342 4238 2342 4237 2342 4238 2342 4239 2342 4239 2342 4238 2342 4240 2342 4239 2342 4240 2342 4241 2342 4241 2342 4240 2342 4242 2342 4241 2342 4242 2342 4195 2342 4195 2342 4242 2342 4243 2342 4195 2342 4243 2342 4193 2342 4244 2342 4245 2342 3804 2342 3804 2342 4245 2342 4246 2342 3804 2342 4246 2342 3808 2342 3808 2342 4246 2342 4247 2342 3808 2342 4247 2342 4236 2342 4248 2342 4249 2342 4250 2342 4250 2342 4249 2342 4251 2342 4251 2342 4249 2342 4252 2342 4252 2342 4249 2342 4253 2342 4252 2342 4253 2342 4254 2342 4255 2342 4256 2342 4257 2342 3615 2342 3614 2342 4258 2342 4258 2342 3614 2342 4259 2342 4258 2342 4259 2342 4260 2342 4255 2342 4257 2342 4261 2342 4129 2342 4119 2342 4127 2342 4127 2342 4119 2342 4080 2342 4127 2342 4080 2342 4262 2342 4262 2342 4080 2342 4086 2342 3644 2342 3646 2342 3961 2342 3961 2342 3646 2342 4042 2342 3961 2342 4042 2342 3959 2342 3959 2342 4042 2342 4037 2342 3959 2342 4037 2342 3971 2342 3971 2342 4037 2342 4036 2342 3971 2342 4036 2342 3962 2342 3962 2342 4036 2342 4035 2342 3962 2342 4035 2342 3980 2342 3980 2342 4035 2342 3642 2342 3980 2342 3642 2342 3981 2342 4011 2342 4006 2342 4012 2342 4012 2342 4006 2342 4008 2342 4012 2342 4008 2342 4014 2342 4014 2342 4008 2342 4031 2342 4014 2342 4031 2342 3896 2342 3896 2342 4031 2342 3640 2342 3896 2342 3640 2342 3897 2342 3897 2342 3640 2342 3904 2342 3632 2342 3730 2342 3630 2342 3630 2342 3730 2342 3712 2342 3630 2342 3712 2342 3631 2342 3631 2342 3712 2342 3709 2342 3631 2342 3709 2342 3902 2342 3902 2342 3709 2342 3707 2342 3902 2342 3707 2342 3655 2342 3632 2342 3634 2342 3735 2342 3735 2342 3634 2342 4061 2342 3735 2342 4061 2342 3670 2342 3670 2342 4061 2342 4062 2342 3670 2342 4062 2342 3747 2342 3747 2342 4062 2342 4066 2342 3747 2342 4066 2342 3743 2342 4263 2342 4210 2342 4264 2342 4264 2342 4210 2342 3701 2342 4264 2342 3701 2342 4265 2342 4265 2342 3701 2342 4266 2342 4263 2342 4267 2342 4210 2342 4210 2342 4267 2342 4268 2342 4210 2342 4268 2342 4231 2342 4231 2342 4268 2342 4269 2342 4231 2342 4269 2342 4270 2342 4271 2342 4272 2342 3699 2342 3699 2342 4272 2342 4273 2342 3699 2342 4273 2342 3701 2342 3701 2342 4273 2342 4274 2342 3701 2342 4274 2342 4266 2342 3775 2342 4227 2342 3776 2342 3776 2342 4227 2342 4229 2342 3776 2342 4229 2342 3740 2342 3740 2342 4229 2342 4231 2342 3740 2342 4231 2342 3699 2342 3699 2342 4231 2342 4270 2342 3699 2342 4270 2342 4271 2342 3671 2342 3673 2342 3764 2342 3764 2342 3673 2342 4145 2342 3764 2342 4145 2342 3762 2342 3762 2342 4145 2342 4113 2342 3762 2342 4113 2342 3767 2342 3767 2342 4113 2342 4112 2342 3767 2342 4112 2342 4114 2342 3704 2342 3703 2342 3705 2342 3705 2342 3703 2342 3701 2342 3705 2342 3701 2342 4275 2342 4275 2342 3701 2342 4210 2342 4275 2342 4210 2342 4276 2342 4276 2342 4210 2342 4213 2342 4276 2342 4213 2342 4277 2342 4277 2342 4213 2342 4278 2342 4277 2342 4278 2342 4253 2342 4253 2342 4278 2342 4257 2342 4253 2342 4257 2342 4254 2342 4254 2342 4257 2342 4256 2342 4215 2342 4202 2342 4213 2342 4213 2342 4202 2342 4104 2342 4213 2342 4104 2342 4278 2342 4278 2342 4104 2342 4106 2342 4278 2342 4106 2342 4257 2342 4257 2342 4106 2342 4258 2342 4257 2342 4258 2342 4261 2342 4261 2342 4258 2342 4260 2342 4105 2342 4110 2342 4106 2342 4106 2342 4110 2342 4108 2342 4106 2342 4108 2342 4258 2342 4258 2342 4108 2342 4123 2342 4258 2342 4123 2342 3615 2342 3615 2342 4123 2342 4127 2342 3615 2342 4127 2342 3616 2342 3616 2342 4127 2342 4262 2342 3671 2342 3757 2342 3672 2342 3672 2342 3757 2342 3759 2342 3672 2342 3759 2342 4090 2342 4090 2342 3759 2342 3619 2342 4090 2342 3619 2342 4167 2342 4167 2342 3619 2342 4172 2342 4065 2342 4055 2342 4066 2342 4066 2342 4055 2342 4057 2342 4066 2342 4057 2342 3743 2342 3743 2342 4057 2342 4279 2342 3743 2342 4279 2342 3745 2342 3745 2342 4279 2342 4280 2342 3745 2342 4280 2342 3754 2342 3754 2342 4280 2342 4281 2342 3754 2342 4281 2342 3752 2342 3752 2342 4281 2342 4282 2342 3752 2342 4282 2342 3750 2342 3750 2342 4282 2342 4283 2342 3750 2342 4283 2342 3759 2342 3759 2342 4283 2342 4284 2342 3759 2342 4284 2342 3619 2342 3619 2342 4284 2342 4177 2342 3619 2342 4177 2342 3617 2342 3617 2342 4177 2342 4176 2342 4250 2342 4244 2342 4248 2342 4248 2342 4244 2342 3804 2342 4248 2342 3804 2342 3801 2342 3801 2342 3804 2342 3803 2342 3801 2342 3803 2342 3799 2342 3799 2342 3803 2342 3805 2342 3809 2342 3808 2342 3816 2342 3816 2342 3808 2342 4237 2342 3816 2342 4237 2342 3814 2342 3814 2342 4237 2342 4239 2342 3814 2342 4239 2342 3812 2342 3812 2342 4239 2342 4241 2342 3812 2342 4241 2342 3810 2342 3810 2342 4241 2342 4195 2342 3810 2342 4195 2342 3819 2342 3819 2342 4285 2342 4286 2342 4286 2342 4287 2342 3819 2342 3819 2342 4287 2342 4288 2342 3819 2342 4288 2342 3694 2342 3694 2342 4288 2342 4289 2342 3694 2342 4289 2342 4290 2342 4290 2342 4291 2342 3694 2342 3694 2342 4291 2342 3680 2342 3694 2342 3680 2342 3692 2342 3692 2342 3680 2342 3682 2342 4292 2342 4293 2342 4294 2342 4294 2342 4285 2342 4292 2342 4292 2342 4285 2342 3819 2342 4292 2342 3819 2342 4180 2342 4180 2342 3819 2342 4195 2342 4180 2342 4195 2342 4183 2342 4183 2342 4195 2342 4201 2342 4183 2342 4201 2342 4295 2342 4291 2342 4296 2342 3680 2342 3680 2342 4296 2342 4297 2342 3680 2342 4297 2342 4292 2342 4292 2342 4297 2342 4298 2342 4292 2342 4298 2342 4293 2342 3901 2342 3653 2342 3900 2342 3900 2342 3653 2342 3655 2342 3900 2342 3655 2342 4299 2342 4299 2342 3655 2342 3707 2342 4299 2342 3707 2342 4300 2342 4300 2342 3707 2342 3705 2342 4300 2342 3705 2342 4301 2342 4301 2342 3705 2342 4275 2342 4301 2342 4275 2342 4302 2342 4302 2342 4275 2342 4276 2342 4302 2342 4276 2342 4303 2342 4303 2342 4276 2342 4277 2342 4303 2342 4277 2342 4304 2342 4304 2342 4277 2342 4253 2342 4304 2342 4253 2342 4305 2342 4305 2342 4253 2342 4249 2342 4305 2342 4249 2342 4306 2342 4306 2342 4249 2342 4248 2342 4306 2342 4248 2342 4307 2342 4307 2342 4248 2342 3801 2342 4307 2342 3801 2342 4308 2342 4308 2342 3801 2342 3802 2342 4308 2342 3802 2342 4309 2342 4309 2342 3802 2342 3612 2342 4309 2342 3612 2342 4310 2342 4310 2342 3612 2342 3611 2342 4311 2342 4312 2342 3849 2342 3849 2342 4312 2342 4313 2342 4314 2342 4315 2342 3848 2342 3892 2342 3894 2342 4316 2342 4316 2342 3894 2342 4310 2342 4316 2342 4310 2342 3851 2342 3851 2342 4310 2342 3611 2342 3851 2342 3611 2342 3849 2342 3849 2342 3611 2342 3613 2342 3849 2342 3613 2342 4311 2342 4315 2342 4317 2342 3827 2342 4313 2342 4318 2342 3849 2342 3849 2342 4318 2342 4319 2342 3849 2342 4319 2342 3848 2342 3848 2342 4319 2342 4320 2342 3848 2342 4320 2342 4314 2342 4317 2342 4321 2342 3827 2342 3827 2342 4321 2342 4322 2342 3827 2342 4322 2342 3613 2342 3613 2342 4322 2342 4323 2342 3613 2342 4323 2342 4311 2342 4324 2342 4325 2342 3664 2342 3664 2342 4325 2342 4326 2342 4078 2342 4327 2342 4328 2342 4315 2342 3827 2342 3848 2342 3848 2342 3827 2342 3825 2342 3848 2342 3825 2342 3861 2342 3861 2342 3825 2342 3823 2342 3861 2342 3823 2342 3859 2342 3859 2342 3823 2342 3685 2342 3859 2342 3685 2342 3664 2342 3664 2342 3685 2342 4329 2342 3664 2342 4329 2342 4324 2342 4330 2342 3689 2342 4331 2342 4331 2342 3689 2342 4078 2342 4331 2342 4078 2342 4332 2342 4332 2342 4078 2342 4328 2342 4330 2342 4333 2342 3689 2342 3689 2342 4333 2342 4334 2342 3689 2342 4334 2342 3685 2342 3685 2342 4334 2342 4335 2342 3685 2342 4335 2342 4329 2342 3688 2342 3677 2342 3689 2342 3689 2342 3677 2342 3676 2342 3689 2342 3676 2342 4078 2342 4078 2342 3676 2342 3628 2342 4078 2342 3628 2342 4076 2342 4076 2342 3628 2342 3627 2342 4179 2342 4173 2342 4180 2342 4180 2342 4173 2342 4175 2342 4180 2342 4175 2342 4292 2342 4292 2342 4175 2342 4336 2342 4292 2342 4336 2342 3680 2342 3680 2342 4336 2342 4337 2342 3680 2342 4337 2342 3676 2342 3676 2342 4337 2342 4338 2342 3676 2342 4338 2342 3628 2342 3628 2342 4338 2342 4070 2342 3628 2342 4070 2342 3626 2342 3626 2342 4070 2342 4069 2342 4046 2342 3953 2342 4044 2342 4044 2342 3953 2342 3955 2342 4044 2342 3955 2342 4057 2342 4057 2342 3955 2342 4339 2342 4057 2342 4339 2342 4279 2342 4279 2342 4339 2342 4340 2342 4279 2342 4340 2342 4280 2342 4280 2342 4340 2342 4341 2342 4280 2342 4341 2342 4281 2342 4281 2342 4341 2342 4342 2342 4281 2342 4342 2342 4282 2342 4282 2342 4342 2342 4343 2342 4282 2342 4343 2342 4283 2342 4283 2342 4343 2342 4344 2342 4283 2342 4344 2342 4284 2342 4284 2342 4344 2342 4345 2342 4284 2342 4345 2342 4177 2342 4177 2342 4345 2342 4346 2342 4177 2342 4346 2342 4175 2342 4175 2342 4346 2342 4347 2342 4175 2342 4347 2342 4336 2342 4336 2342 4347 2342 4348 2342 4336 2342 4348 2342 4337 2342 4337 2342 4348 2342 4349 2342 4337 2342 4349 2342 4338 2342 4338 2342 4349 2342 4350 2342 4338 2342 4350 2342 4070 2342 4070 2342 4350 2342 4351 2342 4070 2342 4351 2342 3661 2342 3661 2342 4351 2342 3863 2342 3661 2342 3863 2342 3659 2342 3659 2342 3863 2342 3862 2342 3893 2342 3858 2342 3895 2342 3895 2342 3858 2342 3844 2342 3895 2342 3844 2342 3924 2342 3924 2342 3844 2342 3843 2342 3924 2342 3843 2342 3929 2342 3929 2342 3843 2342 3935 2342 3929 2342 3935 2342 3927 2342 3927 2342 3935 2342 3940 2342 4326 2342 4327 2342 3664 2342 3664 2342 4327 2342 4078 2342 3664 2342 4078 2342 3662 2342 3662 2342 4078 2342 4071 2342 3662 2342 4071 2342 4352 2342 4352 2342 4071 2342 4073 2342 4352 2342 4073 2342 3666 2342 3666 2342 4073 2342 3870 2342 3666 2342 3870 2342 3667 2342 3667 2342 3870 2342 3872 2342 3667 2342 3872 2342 3839 2342 3839 2342 3872 2342 3649 2342 3839 2342 3649 2342 3951 2342 3951 2342 3649 2342 3648 2342 3936 2342 3842 2342 3934 2342 3934 2342 3842 2342 3841 2342 3934 2342 3841 2342 3651 2342 3651 2342 3841 2342 3658 2342 3651 2342 3658 2342 3652 2342 3652 2342 3658 2342 3888 2342 3878 2342 3837 2342 3879 2342 3879 2342 3837 2342 3610 2342 3879 2342 3610 2342 3883 2342 3883 2342 3610 2342 4353 2342 3883 2342 4353 2342 3886 2342 3610 2342 3609 2342 4353 2342 4353 2342 3609 2342 4354 2342 4353 2342 4354 2342 4355 2342 3949 2342 4356 2342 4357 2342 3948 2342 3886 2342 3949 2342 3949 2342 3886 2342 4353 2342 3949 2342 4353 2342 4356 2342 4356 2342 4353 2342 4355 2342 4357 2342 4358 2342 3949 2342 3949 2342 4358 2342 4359 2342 3949 2342 4359 2342 3839 2342 3839 2342 4359 2342 4360 2342 4360 2342 4361 2342 3839 2342 3839 2342 4361 2342 4362 2342 3839 2342 4362 2342 3610 2342 3610 2342 4362 2342 4363 2342 3610 2342 4363 2342 3608 2342 4364 2341 4365 2341 4366 2341 4367 2341 4368 2341 4369 2341 4369 2341 4368 2341 4370 2341 4367 2341 4371 2341 4364 2341 4364 2341 4371 2341 4372 2341 4364 2341 4372 2341 4373 2341 4374 2341 4368 2341 4375 2341 4375 2341 4368 2341 4367 2341 4375 2341 4367 2341 4376 2341 4376 2341 4367 2341 4364 2341 4376 2341 4364 2341 4377 2341 4377 2341 4364 2341 4366 2341 4378 2341 4379 2341 4380 2341 4381 2341 4382 2341 4383 2341 4383 2341 4382 2341 4384 2341 4381 2341 4385 2341 4378 2341 4378 2341 4385 2341 4386 2341 4378 2341 4386 2341 4387 2341 4388 2341 4382 2341 4389 2341 4389 2341 4382 2341 4381 2341 4389 2341 4381 2341 4390 2341 4390 2341 4381 2341 4378 2341 4390 2341 4378 2341 4391 2341 4391 2341 4378 2341 4380 2341 4392 2341 4393 2341 4394 2341 4395 2341 4396 2341 4397 2341 4397 2341 4396 2341 4398 2341 4397 2341 4398 2341 4399 2341 4398 2341 4400 2341 4392 2341 4392 2341 4400 2341 4401 2341 4392 2341 4401 2341 4402 2341 4394 2341 4403 2341 4392 2341 4392 2341 4403 2341 4404 2341 4392 2341 4404 2341 4398 2341 4398 2341 4404 2341 4405 2341 4398 2341 4405 2341 4399 2341 4406 2341 4407 2341 4408 2341 4409 2341 4410 2341 4411 2341 4411 2341 4410 2341 4412 2341 4411 2341 4412 2341 4413 2341 4412 2341 4414 2341 4406 2341 4406 2341 4414 2341 4415 2341 4406 2341 4415 2341 4416 2341 4408 2341 4417 2341 4406 2341 4406 2341 4417 2341 4418 2341 4406 2341 4418 2341 4412 2341 4412 2341 4418 2341 4419 2341 4412 2341 4419 2341 4413 2341 4420 2343 4421 2343 4422 2343 4423 2344 4424 2344 3965 2344 3965 2345 4424 2345 4407 2345 3965 2346 4407 2346 3974 2346 3645 2347 3644 2347 4406 2347 4406 2348 3644 2348 3961 2348 4406 2349 3961 2349 4407 2349 4407 2350 3961 2350 3960 2350 4407 2351 3960 2351 3974 2351 4423 2352 3965 2352 4425 2352 4425 2353 3965 2353 3968 2353 4425 2354 3968 2354 4426 2354 4001 2355 4004 2355 4427 2355 4427 2356 4004 2356 4428 2356 4428 2357 4004 2357 4006 2357 4428 2358 4006 2358 4402 2358 4006 2359 4011 2359 4402 2359 4402 2360 4011 2360 4013 2360 4402 2361 4013 2361 4392 2361 4392 2362 4013 2362 4015 2362 4392 2363 4015 2363 4393 2363 4393 2364 4015 2364 4016 2364 4393 2365 4016 2365 4429 2365 4429 2366 4016 2366 4430 2366 4430 2367 4016 2367 4018 2367 4430 2368 4018 2368 4431 2368 4431 2368 4018 2368 4432 2368 4431 2369 4432 2369 4433 2369 4434 2370 4435 2370 4436 2370 4436 2371 4435 2371 4437 2371 4438 2372 4439 2372 4437 2372 4437 2373 4439 2373 4440 2373 4437 2374 4440 2374 4436 2374 4441 2375 4442 2375 4438 2375 4438 2376 4442 2376 4443 2376 4438 2377 4443 2377 4439 2377 4432 2378 4444 2378 4433 2378 4433 2379 4444 2379 4445 2379 4433 2380 4445 2380 4441 2380 4441 2381 4445 2381 4446 2381 4441 2382 4446 2382 4442 2382 4406 2383 4416 2383 3645 2383 3645 2384 4416 2384 4447 2384 3645 2385 4447 2385 3957 2385 3957 2386 4447 2386 4448 2386 3957 2387 4448 2387 4449 2387 4449 2387 4448 2387 4450 2387 4449 2388 4450 2388 4451 2388 4451 2389 4450 2389 4452 2389 4451 2390 4452 2390 4453 2390 4453 2391 4452 2391 4454 2391 4453 2392 4454 2392 4455 2392 4455 2393 4454 2393 4456 2393 4456 2394 4454 2394 4457 2394 4456 2395 4457 2395 4458 2395 4458 2396 4457 2396 4459 2396 4459 2397 4457 2397 4460 2397 4459 2398 4460 2398 4461 2398 4461 2399 4460 2399 4462 2399 4462 2400 4460 2400 4463 2400 4462 2401 4463 2401 4464 2401 4427 2402 4420 2402 4001 2402 4001 2343 4420 2343 4422 2343 4001 2403 4422 2403 4000 2403 4000 2404 4422 2404 4465 2404 4426 2354 3968 2354 4466 2354 4466 2405 3968 2405 3977 2405 4466 2405 3977 2405 4467 2405 4467 2406 3977 2406 3987 2406 4467 2406 3987 2406 4465 2406 4465 2407 3987 2407 3985 2407 4465 2408 3985 2408 4000 2408 4468 2409 3569 2409 3955 2409 3955 2409 3569 2409 4339 2409 4468 2409 3955 2409 4469 2409 4469 2409 3955 2409 3957 2409 4469 2409 3957 2409 4449 2409 3606 2409 3607 2409 3863 2409 4470 2409 3865 2409 4471 2409 4471 2409 3865 2409 3863 2409 4471 2409 3863 2409 4472 2409 4472 2409 3863 2409 3607 2409 3863 2409 4351 2409 3606 2409 3606 2409 4351 2409 4350 2409 3606 2409 4350 2409 3605 2409 3605 2409 4350 2409 4349 2409 3605 2409 4349 2409 3604 2409 4349 2409 4348 2409 3604 2409 3604 2409 4348 2409 4347 2409 3604 2409 4347 2409 3603 2409 3603 2409 4347 2409 3602 2409 3602 2409 4347 2409 4346 2409 3602 2409 4346 2409 3601 2409 3601 2409 4346 2409 4345 2409 3601 2409 4345 2409 3600 2409 3600 2409 4345 2409 4344 2409 3600 2409 4344 2409 3599 2409 3599 2409 4344 2409 4343 2409 3599 2409 4343 2409 3568 2409 4343 2409 4342 2409 3568 2409 3568 2409 4342 2409 4341 2409 3568 2409 4341 2409 3569 2409 3569 2409 4341 2409 4340 2409 3569 2409 4340 2409 4339 2409 3911 2410 4473 2410 3912 2410 3912 2411 4473 2411 4474 2411 3912 2412 4474 2412 4475 2412 4475 2412 4474 2412 4476 2412 4475 2413 4476 2413 4477 2413 4477 2414 4476 2414 4478 2414 4477 2415 4478 2415 4479 2415 4479 2416 4478 2416 4480 2416 4479 2417 4480 2417 4481 2417 4481 2418 4480 2418 4482 2418 4482 2419 4480 2419 4483 2419 4483 2420 4480 2420 4484 2420 4483 2421 4484 2421 4485 2421 4485 2422 4484 2422 4486 2422 4485 2423 4486 2423 4487 2423 4487 2424 4486 2424 4488 2424 4488 2425 4486 2425 4489 2425 4488 2426 4489 2426 4490 2426 3928 2427 4379 2427 3919 2427 3919 2428 4379 2428 4378 2428 3919 2429 4378 2429 3911 2429 3911 2430 4378 2430 4387 2430 3911 2431 4387 2431 4473 2431 3928 2432 3927 2432 4379 2432 4379 2433 3927 2433 3940 2433 4379 2434 3940 2434 4491 2434 4491 2435 3940 2435 3941 2435 4491 2436 3941 2436 4492 2436 4492 2437 3941 2437 3650 2437 4492 2438 3650 2438 4493 2438 4493 2439 3650 2439 3652 2439 4493 2440 3652 2440 4494 2440 4373 2441 3950 2441 3951 2441 4495 2442 3948 2442 4496 2442 4496 2443 3948 2443 3950 2443 4496 2444 3950 2444 4497 2444 4497 2445 3950 2445 4373 2445 3951 2446 3648 2446 4373 2446 4373 2447 3648 2447 3647 2447 4373 2448 3647 2448 4364 2448 4364 2449 3647 2449 3952 2449 4364 2450 3952 2450 4365 2450 4365 2451 3952 2451 3867 2451 4365 2452 3867 2452 4498 2452 4498 2453 3867 2453 4499 2453 4499 2454 3867 2454 3865 2454 4499 2455 3865 2455 4500 2455 4500 2455 3865 2455 4470 2455 4500 2456 4470 2456 4501 2456 4502 2457 4503 2457 4504 2457 4504 2458 4503 2458 4505 2458 4506 2459 4507 2459 4505 2459 4505 2460 4507 2460 4508 2460 4505 2461 4508 2461 4504 2461 4509 2462 4510 2462 4506 2462 4506 2463 4510 2463 4511 2463 4506 2464 4511 2464 4507 2464 4470 2465 4512 2465 4501 2465 4501 2466 4512 2466 4513 2466 4501 2467 4513 2467 4509 2467 4509 2468 4513 2468 4514 2468 4509 2469 4514 2469 4510 2469 4494 2440 3652 2440 4515 2440 4515 2470 3652 2470 3888 2470 4515 2470 3888 2470 4516 2470 4516 2471 3888 2471 3886 2471 4516 2471 3886 2471 4517 2471 4517 2472 3886 2472 3948 2472 4517 2472 3948 2472 4518 2472 4518 2473 3948 2473 4495 2473 4518 2473 4495 2473 4519 2473 4475 2474 4520 2474 3912 2474 3912 2474 4520 2474 3894 2474 3898 2474 3900 2474 3535 2474 3535 2474 3900 2474 4299 2474 3535 2474 4299 2474 3537 2474 4432 2474 4018 2474 4521 2474 4521 2474 4018 2474 3898 2474 4521 2474 3898 2474 4522 2474 4522 2474 3898 2474 3535 2474 4299 2474 4300 2474 3537 2474 3537 2474 4300 2474 4301 2474 3537 2474 4301 2474 3597 2474 3597 2474 4301 2474 4302 2474 3597 2474 4302 2474 3598 2474 3598 2474 4302 2474 4303 2474 3598 2474 4303 2474 3343 2474 3343 2474 4303 2474 4304 2474 3343 2474 4304 2474 3346 2474 3346 2474 4304 2474 4305 2474 3346 2474 4305 2474 3236 2474 3236 2474 4305 2474 4306 2474 3236 2474 4306 2474 3347 2474 3347 2474 4306 2474 4307 2474 3347 2474 4307 2474 3517 2474 3517 2474 4307 2474 4308 2474 3517 2474 4308 2474 3519 2474 4520 2474 4523 2474 3894 2474 3894 2474 4523 2474 3567 2474 3894 2474 3567 2474 4310 2474 4310 2474 3567 2474 3519 2474 4310 2474 3519 2474 4309 2474 4309 2474 3519 2474 4308 2474 4524 2475 4525 2475 4526 2475 4527 2476 4528 2476 4529 2476 4530 2477 4531 2477 4532 2477 4050 2478 3633 2478 4533 2478 4534 2479 4535 2479 3629 2479 3629 2480 4535 2480 3365 2480 3629 2481 3365 2481 3632 2481 3632 2482 3365 2482 3235 2482 3632 2483 3235 2483 3633 2483 3633 2484 3235 2484 3234 2484 3633 2485 3234 2485 4533 2485 4536 2486 4537 2486 4033 2486 4033 2487 4537 2487 4395 2487 4033 2488 4395 2488 4032 2488 4032 2489 4395 2489 4397 2489 4032 2490 4397 2490 4030 2490 4035 2491 4036 2491 4538 2491 4539 2492 4540 2492 3635 2492 3635 2493 4540 2493 4409 2493 3635 2494 4409 2494 4038 2494 4038 2495 4409 2495 4411 2495 4038 2496 4411 2496 4036 2496 4036 2497 4411 2497 4413 2497 4036 2498 4413 2498 4538 2498 4538 2499 4524 2499 4035 2499 4035 2475 4524 2475 4526 2475 4035 2500 4526 2500 4034 2500 4034 2500 4526 2500 4541 2500 4034 2501 4541 2501 4033 2501 4033 2501 4541 2501 4542 2501 4033 2502 4542 2502 4536 2502 4536 2502 4542 2502 4543 2502 4397 2503 4399 2503 4030 2503 4030 2504 4399 2504 4544 2504 4030 2505 4544 2505 3638 2505 3638 2506 4544 2506 4527 2506 3638 2507 4527 2507 3639 2507 3639 2476 4527 2476 4529 2476 3639 2508 4529 2508 3907 2508 3907 2508 4529 2508 4545 2508 3907 2509 4545 2509 3629 2509 3629 2509 4545 2509 4546 2509 3629 2510 4546 2510 4534 2510 4534 2510 4546 2510 4547 2510 4533 2511 4530 2511 4050 2511 4050 2477 4530 2477 4532 2477 4050 2512 4532 2512 3637 2512 3637 2512 4532 2512 4548 2512 3637 2513 4548 2513 3635 2513 3635 2513 4548 2513 4549 2513 3635 2514 4549 2514 4539 2514 4539 2514 4549 2514 4550 2514 3786 2515 4551 2515 3787 2515 3787 2515 4551 2515 4552 2515 3787 2516 4552 2516 3796 2516 3796 2516 4552 2516 4553 2516 3796 2517 4553 2517 3797 2517 3797 2517 4553 2517 4554 2517 3797 2518 4554 2518 3798 2518 3798 2518 4554 2518 4555 2518 3798 2519 4555 2519 3668 2519 3668 2519 4555 2519 4556 2519 3668 2520 4556 2520 3669 2520 3669 2520 4556 2520 4557 2520 3669 2521 4557 2521 3789 2521 3789 2521 4557 2521 4558 2521 3789 2522 4558 2522 3790 2522 3790 2522 4558 2522 4559 2522 3790 2523 4559 2523 3791 2523 3791 2523 4559 2523 4560 2523 3791 2524 4560 2524 3793 2524 3793 2524 4560 2524 4561 2524 3793 2525 4561 2525 3794 2525 3794 2525 4561 2525 4562 2525 3794 2526 4562 2526 3786 2526 3786 2526 4562 2526 4551 2526 3958 2527 4563 2527 4039 2527 4039 2527 4563 2527 4564 2527 4039 2528 4564 2528 4040 2528 4040 2528 4564 2528 4565 2528 4040 2529 4565 2529 4041 2529 4041 2529 4565 2529 4566 2529 4041 2530 4566 2530 4043 2530 4043 2530 4566 2530 4567 2530 4043 2531 4567 2531 4047 2531 4047 2531 4567 2531 4568 2531 4047 2520 4568 2520 4048 2520 4048 2520 4568 2520 4569 2520 4048 2521 4569 2521 4049 2521 4049 2521 4569 2521 4570 2521 4049 2532 4570 2532 4046 2532 4046 2532 4570 2532 4571 2532 4046 2533 4571 2533 3953 2533 3953 2533 4571 2533 4572 2533 3953 2534 4572 2534 3954 2534 3954 2534 4572 2534 4573 2534 3954 2535 4573 2535 3956 2535 3956 2535 4573 2535 4574 2535 3956 2536 4574 2536 3958 2536 3958 2536 4574 2536 4563 2536 3966 2515 4575 2515 3967 2515 3967 2515 4575 2515 4576 2515 3967 2516 4576 2516 3975 2516 3975 2516 4576 2516 4577 2516 3975 2517 4577 2517 3976 2517 3976 2517 4577 2517 4578 2517 3976 2518 4578 2518 3978 2518 3978 2518 4578 2518 4579 2518 3978 2519 4579 2519 3979 2519 3979 2519 4579 2519 4580 2519 3979 2520 4580 2520 3963 2520 3963 2520 4580 2520 4581 2520 3963 2521 4581 2521 3964 2521 3964 2521 4581 2521 4582 2521 3964 2522 4582 2522 3969 2522 3969 2522 4582 2522 4583 2522 3969 2523 4583 2523 3970 2523 3970 2523 4583 2523 4584 2523 3970 2524 4584 2524 3972 2524 3972 2524 4584 2524 4585 2524 3972 2525 4585 2525 3973 2525 3973 2525 4585 2525 4586 2525 3973 2526 4586 2526 3966 2526 3966 2526 4586 2526 4575 2526 3983 2537 4587 2537 3988 2537 3988 2537 4587 2537 4588 2537 3988 2516 4588 2516 3989 2516 3989 2516 4588 2516 4589 2516 3989 2538 4589 2538 3990 2538 3990 2538 4589 2538 4590 2538 3990 2539 4590 2539 3986 2539 3986 2539 4590 2539 4591 2539 3986 2540 4591 2540 3984 2540 3984 2540 4591 2540 4592 2540 3984 2541 4592 2541 3991 2541 3991 2541 4592 2541 4593 2541 3991 2542 4593 2542 3992 2542 3992 2542 4593 2542 4594 2542 3992 2543 4594 2543 3641 2543 3641 2543 4594 2543 4595 2543 3641 2544 4595 2544 3642 2544 3642 2544 4595 2544 4596 2544 3642 2545 4596 2545 3981 2545 3981 2545 4596 2545 4597 2545 3981 2525 4597 2525 3982 2525 3982 2525 4597 2525 4598 2525 3982 2546 4598 2546 3983 2546 3983 2546 4598 2546 4587 2546 3908 2547 4599 2547 3906 2547 3906 2547 4599 2547 4600 2547 3906 2548 4600 2548 3905 2548 3905 2548 4600 2548 4601 2548 3905 2549 4601 2549 3904 2549 3904 2549 4601 2549 4602 2549 3904 2550 4602 2550 3897 2550 3897 2550 4602 2550 4603 2550 3897 2551 4603 2551 3899 2551 3899 2551 4603 2551 4604 2551 3899 2552 4604 2552 3901 2552 3901 2552 4604 2552 4605 2552 3901 2553 4605 2553 3653 2553 3653 2553 4605 2553 4606 2553 3653 2522 4606 2522 3654 2522 3654 2522 4606 2522 4607 2522 3654 2554 4607 2554 3903 2554 3903 2554 4607 2554 4608 2554 3903 2555 4608 2555 3910 2555 3910 2555 4608 2555 4609 2555 3910 2556 4609 2556 3909 2556 3909 2556 4609 2556 4610 2556 3909 2557 4610 2557 3908 2557 3908 2557 4610 2557 4599 2557 4058 2547 4611 2547 4059 2547 4059 2547 4611 2547 4612 2547 4059 2548 4612 2548 4060 2548 4060 2548 4612 2548 4613 2548 4060 2558 4613 2558 4054 2558 4054 2558 4613 2558 4614 2558 4054 2559 4614 2559 4053 2559 4053 2559 4614 2559 4615 2559 4053 2551 4615 2551 4052 2551 4052 2551 4615 2551 4616 2551 4052 2552 4616 2552 4051 2552 4051 2552 4616 2552 4617 2552 4051 2553 4617 2553 4063 2553 4063 2553 4617 2553 4618 2553 4063 2522 4618 2522 4064 2522 4064 2522 4618 2522 4619 2522 4064 2560 4619 2560 4065 2560 4065 2560 4619 2560 4620 2560 4065 2561 4620 2561 4055 2561 4055 2561 4620 2561 4621 2561 4055 2556 4621 2556 4056 2556 4056 2556 4621 2556 4622 2556 4056 2557 4622 2557 4058 2557 4058 2557 4622 2557 4611 2557 4315 2562 4623 2562 4317 2562 4317 2562 4623 2562 4624 2562 4317 2563 4624 2563 4321 2563 4321 2563 4624 2563 4625 2563 4321 2564 4625 2564 4322 2564 4322 2564 4625 2564 4626 2564 4322 2565 4626 2565 4323 2565 4323 2565 4626 2565 4627 2565 4323 2566 4627 2566 4311 2566 4311 2566 4627 2566 4628 2566 4311 2567 4628 2567 4312 2567 4312 2567 4628 2567 4629 2567 4312 2568 4629 2568 4313 2568 4313 2568 4629 2568 4630 2568 4313 2569 4630 2569 4318 2569 4318 2569 4630 2569 4631 2569 4318 2570 4631 2570 4319 2570 4319 2570 4631 2570 4632 2570 4319 2571 4632 2571 4320 2571 4320 2571 4632 2571 4633 2571 4320 2572 4633 2572 4314 2572 4314 2572 4633 2572 4634 2572 4314 2573 4634 2573 4315 2573 4315 2573 4634 2573 4623 2573 3925 2574 4635 2574 3926 2574 3926 2574 4635 2574 4636 2574 3926 2563 4636 2563 3917 2563 3917 2563 4636 2563 4637 2563 3917 2564 4637 2564 3916 2564 3916 2564 4637 2564 4638 2564 3916 2565 4638 2565 3915 2565 3915 2565 4638 2565 4639 2565 3915 2575 4639 2575 3914 2575 3914 2575 4639 2575 4640 2575 3914 2576 4640 2576 3913 2576 3913 2576 4640 2576 4641 2576 3913 2577 4641 2577 3921 2577 3921 2577 4641 2577 4642 2577 3921 2578 4642 2578 3920 2578 3920 2578 4642 2578 4643 2578 3920 2570 4643 2570 3918 2570 3918 2570 4643 2570 4644 2570 3918 2571 4644 2571 3922 2571 3922 2571 4644 2571 4645 2571 3922 2579 4645 2579 3923 2579 3923 2579 4645 2579 4646 2579 3923 2573 4646 2573 3925 2573 3925 2573 4646 2573 4635 2573 3946 2580 4647 2580 3947 2580 3947 2580 4647 2580 4648 2580 3947 2563 4648 2563 3932 2563 3932 2563 4648 2563 4649 2563 3932 2564 4649 2564 3933 2564 3933 2564 4649 2564 4650 2564 3933 2565 4650 2565 3938 2565 3938 2565 4650 2565 4651 2565 3938 2566 4651 2566 3939 2566 3939 2566 4651 2566 4652 2566 3939 2581 4652 2581 3930 2581 3930 2581 4652 2581 4653 2581 3930 2568 4653 2568 3931 2568 3931 2568 4653 2568 4654 2568 3931 2582 4654 2582 3944 2582 3944 2582 4654 2582 4655 2582 3944 2570 4655 2570 3943 2570 3943 2570 4655 2570 4656 2570 3943 2571 4656 2571 3942 2571 3942 2571 4656 2571 4657 2571 3942 2579 4657 2579 3945 2579 3945 2579 4657 2579 4658 2579 3945 2573 4658 2573 3946 2573 3946 2573 4658 2573 4647 2573 4069 2583 4659 2583 3626 2583 3626 2583 4659 2583 4660 2583 3626 2584 4660 2584 3627 2584 3627 2584 4660 2584 4661 2584 3627 2585 4661 2585 4076 2585 4076 2585 4661 2585 4662 2585 4076 2586 4662 2586 4077 2586 4077 2586 4662 2586 4663 2586 4077 2587 4663 2587 4079 2587 4079 2587 4663 2587 4664 2587 4079 2588 4664 2588 4071 2588 4071 2588 4664 2588 4665 2588 4071 2589 4665 2589 4072 2589 4072 2589 4665 2589 4666 2589 4072 2590 4666 2590 4074 2590 4074 2590 4666 2590 4667 2590 4074 2591 4667 2591 4075 2591 4075 2591 4667 2591 4668 2591 4075 2592 4668 2592 4067 2592 4067 2592 4668 2592 4669 2592 4067 2593 4669 2593 4068 2593 4068 2593 4669 2593 4670 2593 4068 2594 4670 2594 4069 2594 4069 2594 4670 2594 4659 2594 3852 2583 4671 2583 3846 2583 3846 2583 4671 2583 4672 2583 3846 2584 4672 2584 3847 2584 3847 2584 4672 2584 4673 2584 3847 2595 4673 2595 3850 2595 3850 2595 4673 2595 4674 2595 3850 2596 4674 2596 3851 2596 3851 2596 4674 2596 4675 2596 3851 2587 4675 2587 4316 2587 4316 2587 4675 2587 4676 2587 4316 2588 4676 2588 3892 2588 3892 2588 4676 2588 4677 2588 3892 2589 4677 2589 3893 2589 3893 2589 4677 2589 4678 2589 3893 2590 4678 2590 3858 2590 3858 2590 4678 2590 4679 2590 3858 2597 4679 2597 3857 2597 3857 2597 4679 2597 4680 2597 3857 2598 4680 2598 3856 2598 3856 2598 4680 2598 4681 2598 3856 2593 4681 2593 3854 2593 3854 2593 4681 2593 4682 2593 3854 2594 4682 2594 3852 2594 3852 2594 4682 2594 4671 2594 3997 2515 4683 2515 3998 2515 3998 2515 4683 2515 4684 2515 3998 2599 4684 2599 3999 2599 3999 2599 4684 2599 4685 2599 3999 2517 4685 2517 4002 2517 4002 2517 4685 2517 4686 2517 4002 2518 4686 2518 4003 2518 4003 2518 4686 2518 4687 2518 4003 2540 4687 2540 4005 2540 4005 2540 4687 2540 4688 2540 4005 2520 4688 2520 4007 2520 4007 2520 4688 2520 4689 2520 4007 2521 4689 2521 4009 2521 4009 2521 4689 2521 4690 2521 4009 2543 4690 2543 4010 2543 4010 2543 4690 2543 4691 2543 4010 2523 4691 2523 3993 2523 3993 2523 4691 2523 4692 2523 3993 2524 4692 2524 3994 2524 3994 2524 4692 2524 4693 2524 3994 2556 4693 2556 3996 2556 3996 2556 4693 2556 4694 2556 3996 2526 4694 2526 3997 2526 3997 2526 4694 2526 4683 2526 4025 2515 4695 2515 4026 2515 4026 2515 4695 2515 4696 2515 4026 2600 4696 2600 4027 2600 4027 2600 4696 2600 4697 2600 4027 2529 4697 2529 4028 2529 4028 2529 4697 2529 4698 2529 4028 2530 4698 2530 4029 2530 4029 2530 4698 2530 4699 2530 4029 2601 4699 2601 4017 2601 4017 2601 4699 2601 4700 2601 4017 2602 4700 2602 4019 2602 4019 2602 4700 2602 4701 2602 4019 2603 4701 2603 4020 2603 4020 2603 4701 2603 4702 2603 4020 2604 4702 2604 4021 2604 4021 2604 4702 2604 4703 2604 4021 2533 4703 2533 4022 2533 4022 2533 4703 2533 4704 2533 4022 2534 4704 2534 4023 2534 4023 2534 4704 2534 4705 2534 4023 2605 4705 2605 4024 2605 4024 2605 4705 2605 4706 2605 4024 2526 4706 2526 4025 2526 4025 2526 4706 2526 4695 2526 3724 2515 4707 2515 3714 2515 3714 2515 4707 2515 4708 2515 3714 2599 4708 2599 3713 2599 3713 2599 4708 2599 4709 2599 3713 2517 4709 2517 3711 2517 3711 2517 4709 2517 4710 2517 3711 2518 4710 2518 3710 2518 3710 2518 4710 2518 4711 2518 3710 2540 4711 2540 3715 2540 3715 2540 4711 2540 4712 2540 3715 2520 4712 2520 3716 2520 3716 2520 4712 2520 4713 2520 3716 2521 4713 2521 3717 2521 3717 2521 4713 2521 4714 2521 3717 2543 4714 2543 3719 2543 3719 2543 4714 2543 4715 2543 3719 2523 4715 2523 3725 2523 3725 2523 4715 2523 4716 2523 3725 2524 4716 2524 3721 2524 3721 2524 4716 2524 4717 2524 3721 2556 4717 2556 3722 2556 3722 2556 4717 2556 4718 2556 3722 2526 4718 2526 3724 2526 3724 2526 4718 2526 4707 2526 3882 2606 4719 2606 3881 2606 3881 2606 4719 2606 4720 2606 3881 2607 4720 2607 3880 2607 3880 2607 4720 2607 4721 2607 3880 2608 4721 2608 3840 2608 3840 2608 4721 2608 4722 2608 3840 2609 4722 2609 3889 2609 3889 2609 4722 2609 4723 2609 3889 2610 4723 2610 3890 2610 3890 2610 4723 2610 4724 2610 3890 2611 4724 2611 3891 2611 3891 2611 4724 2611 4725 2611 3891 2612 4725 2612 3656 2612 3656 2612 4725 2612 4726 2612 3656 2613 4726 2613 3657 2613 3657 2613 4726 2613 4727 2613 3657 2614 4727 2614 3887 2614 3887 2614 4727 2614 4728 2614 3887 2615 4728 2615 3885 2615 3885 2615 4728 2615 4729 2615 3885 2616 4729 2616 3884 2616 3884 2616 4729 2616 4730 2616 3884 2617 4730 2617 3882 2617 3882 2617 4730 2617 4719 2617 4359 2580 4731 2580 4360 2580 4360 2580 4731 2580 4732 2580 4360 2618 4732 2618 4361 2618 4361 2618 4732 2618 4733 2618 4361 2564 4733 2564 4362 2564 4362 2564 4733 2564 4734 2564 4362 2565 4734 2565 4363 2565 4363 2565 4734 2565 4735 2565 4363 2619 4735 2619 3608 2619 3608 2619 4735 2619 4736 2619 3608 2581 4736 2581 3609 2581 3609 2581 4736 2581 4737 2581 3609 2568 4737 2568 4354 2568 4354 2568 4737 2568 4738 2568 4354 2620 4738 2620 4355 2620 4355 2620 4738 2620 4739 2620 4355 2570 4739 2570 4356 2570 4356 2570 4739 2570 4740 2570 4356 2571 4740 2571 4357 2571 4357 2571 4740 2571 4741 2571 4357 2621 4741 2621 4358 2621 4358 2621 4741 2621 4742 2621 4358 2573 4742 2573 4359 2573 4359 2573 4742 2573 4731 2573 3864 2622 4743 2622 3862 2622 3862 2622 4743 2622 4744 2622 3862 2623 4744 2623 3659 2623 3659 2623 4744 2623 4745 2623 3659 2564 4745 2564 3660 2564 3660 2564 4745 2564 4746 2564 3660 2565 4746 2565 3868 2565 3868 2565 4746 2565 4747 2565 3868 2619 4747 2619 3869 2619 3869 2619 4747 2619 4748 2619 3869 2624 4748 2624 3871 2624 3871 2624 4748 2624 4749 2624 3871 2568 4749 2568 3873 2568 3873 2568 4749 2568 4750 2568 3873 2620 4750 2620 3874 2620 3874 2620 4750 2620 4751 2620 3874 2570 4751 2570 3876 2570 3876 2570 4751 2570 4752 2570 3876 2571 4752 2571 3877 2571 3877 2571 4752 2571 4753 2571 3877 2625 4753 2625 3866 2625 3866 2625 4753 2625 4754 2625 3866 2626 4754 2626 3864 2626 3864 2626 4754 2626 4743 2626 4331 2562 4755 2562 4330 2562 4330 2562 4755 2562 4756 2562 4330 2618 4756 2618 4333 2618 4333 2618 4756 2618 4757 2618 4333 2564 4757 2564 4334 2564 4334 2564 4757 2564 4758 2564 4334 2565 4758 2565 4335 2565 4335 2565 4758 2565 4759 2565 4335 2619 4759 2619 4329 2619 4329 2619 4759 2619 4760 2619 4329 2567 4760 2567 4324 2567 4324 2567 4760 2567 4761 2567 4324 2568 4761 2568 4325 2568 4325 2568 4761 2568 4762 2568 4325 2627 4762 2627 4326 2627 4326 2627 4762 2627 4763 2627 4326 2570 4763 2570 4327 2570 4327 2570 4763 2570 4764 2570 4327 2571 4764 2571 4328 2571 4328 2571 4764 2571 4765 2571 4328 2628 4765 2628 4332 2628 4332 2628 4765 2628 4766 2628 4332 2573 4766 2573 4331 2573 4331 2573 4766 2573 4755 2573 4767 2629 4768 2629 4769 2629 4770 2630 4771 2630 4772 2630 4773 2631 4774 2631 4775 2631 4776 2632 4777 2632 3837 2632 3837 2633 4777 2633 3838 2633 4388 2634 4778 2634 4773 2634 4388 2635 3842 2635 4382 2635 4382 2636 3842 2636 3936 2636 4382 2637 3936 2637 4384 2637 4384 2638 3936 2638 3937 2638 4384 2639 3937 2639 4779 2639 4779 2640 3937 2640 4780 2640 4780 2641 3937 2641 3845 2641 4780 2642 3845 2642 4781 2642 3565 2643 4782 2643 4770 2643 3565 2644 3853 2644 3557 2644 3557 2645 3853 2645 3860 2645 3557 2646 3860 2646 3555 2646 3555 2647 3860 2647 3663 2647 3555 2648 3663 2648 4783 2648 4783 2649 3663 2649 4784 2649 4784 2650 3663 2650 3662 2650 4784 2651 3662 2651 4785 2651 4374 2652 4786 2652 4767 2652 4777 2653 4787 2653 3838 2653 3838 2654 4787 2654 4370 2654 3838 2655 4370 2655 3665 2655 3665 2656 4370 2656 4368 2656 3665 2657 4368 2657 3666 2657 3666 2658 4368 2658 4374 2658 4374 2659 4767 2659 3666 2659 3666 2629 4767 2629 4769 2629 3666 2660 4769 2660 4352 2660 4352 2660 4769 2660 4788 2660 4352 2661 4788 2661 3662 2661 3662 2661 4788 2661 4789 2661 3662 2651 4789 2651 4785 2651 3565 2662 4770 2662 3853 2662 3853 2630 4770 2630 4772 2630 3853 2663 4772 2663 3855 2663 3855 2663 4772 2663 4790 2663 3855 2664 4790 2664 3845 2664 3845 2664 4790 2664 4791 2664 3845 2642 4791 2642 4781 2642 4388 2665 4773 2665 3842 2665 3842 2631 4773 2631 4775 2631 3842 2666 4775 2666 3878 2666 3878 2666 4775 2666 4792 2666 3878 2667 4792 2667 3837 2667 3837 2667 4792 2667 4793 2667 3837 2632 4793 2632 4776 2632 4595 2341 4683 2341 4694 2341 4794 2341 4575 2341 4795 2341 4795 2341 4575 2341 4586 2341 4795 2341 4586 2341 4796 2341 4586 2341 4585 2341 4796 2341 4796 2341 4585 2341 4584 2341 4796 2341 4584 2341 4797 2341 4797 2341 4584 2341 4583 2341 4797 2341 4583 2341 4798 2341 4798 2341 4583 2341 4525 2341 4587 2341 4598 2341 4582 2341 4582 2341 4598 2341 4597 2341 4596 2341 4595 2341 4541 2341 4541 2341 4595 2341 4694 2341 4541 2341 4694 2341 4542 2341 4542 2341 4694 2341 4693 2341 4542 2341 4693 2341 4543 2341 4543 2341 4693 2341 4692 2341 4543 2341 4692 2341 4799 2341 4800 2341 4689 2341 4421 2341 4421 2341 4689 2341 4688 2341 4421 2341 4688 2341 4422 2341 4466 2341 4467 2341 4579 2341 4525 2341 4583 2341 4526 2341 4526 2341 4583 2341 4582 2341 4526 2341 4582 2341 4541 2341 4541 2341 4582 2341 4597 2341 4541 2341 4597 2341 4596 2341 4800 2341 4801 2341 4689 2341 4689 2341 4801 2341 4802 2341 4689 2341 4802 2341 4690 2341 4690 2341 4802 2341 4803 2341 4690 2341 4803 2341 4691 2341 4691 2341 4803 2341 4804 2341 4691 2341 4804 2341 4692 2341 4692 2341 4804 2341 4805 2341 4692 2341 4805 2341 4799 2341 4794 2341 4806 2341 4575 2341 4575 2341 4806 2341 4807 2341 4575 2341 4807 2341 4576 2341 4576 2341 4807 2341 4426 2341 4576 2341 4426 2341 4577 2341 4577 2341 4426 2341 4466 2341 4577 2341 4466 2341 4578 2341 4578 2341 4466 2341 4579 2341 4595 2341 4594 2341 4683 2341 4683 2341 4594 2341 4593 2341 4683 2341 4593 2341 4684 2341 4684 2341 4593 2341 4592 2341 4684 2341 4592 2341 4685 2341 4685 2341 4592 2341 4465 2341 4685 2341 4465 2341 4686 2341 4686 2341 4465 2341 4422 2341 4686 2341 4422 2341 4687 2341 4687 2341 4422 2341 4688 2341 4582 2341 4581 2341 4587 2341 4587 2341 4581 2341 4580 2341 4587 2341 4580 2341 4588 2341 4588 2341 4580 2341 4579 2341 4588 2341 4579 2341 4589 2341 4589 2341 4579 2341 4467 2341 4589 2341 4467 2341 4590 2341 4590 2341 4467 2341 4465 2341 4590 2341 4465 2341 4591 2341 4591 2341 4465 2341 4592 2341 4808 2599 4804 2599 4809 2599 4809 2599 4804 2599 4803 2599 4810 2519 4795 2519 4811 2519 4811 2519 4795 2519 4796 2519 4812 2341 4733 2341 4813 2341 4813 2341 4733 2341 4732 2341 4813 2341 4732 2341 4814 2341 4814 2341 4732 2341 4731 2341 4814 2341 4731 2341 4815 2341 4815 2341 4731 2341 4816 2341 4816 2341 4731 2341 4519 2341 4519 2341 4731 2341 4742 2341 4519 2341 4742 2341 4518 2341 4518 2341 4742 2341 4741 2341 4518 2341 4741 2341 4740 2341 4739 2341 4719 2341 4730 2341 4727 2341 4647 2341 4658 2341 4817 2341 4818 2341 4652 2341 4740 2341 4739 2341 4518 2341 4518 2341 4739 2341 4730 2341 4518 2341 4730 2341 4517 2341 4517 2341 4730 2341 4729 2341 4517 2341 4729 2341 4728 2341 4649 2341 4648 2341 4723 2341 4728 2341 4727 2341 4517 2341 4517 2341 4727 2341 4658 2341 4517 2341 4658 2341 4516 2341 4516 2341 4658 2341 4657 2341 4516 2341 4657 2341 4515 2341 4793 2341 4736 2341 4776 2341 4776 2341 4736 2341 4735 2341 4657 2341 4656 2341 4515 2341 4515 2341 4656 2341 4655 2341 4515 2341 4655 2341 4494 2341 4494 2341 4655 2341 4654 2341 4494 2341 4654 2341 4819 2341 4819 2341 4654 2341 4653 2341 4819 2341 4653 2341 4820 2341 4652 2341 4818 2341 4653 2341 4653 2341 4818 2341 4821 2341 4653 2341 4821 2341 4820 2341 4822 2341 4776 2341 4823 2341 4823 2341 4776 2341 4735 2341 4823 2341 4735 2341 4812 2341 4812 2341 4735 2341 4734 2341 4812 2341 4734 2341 4733 2341 4775 2341 4774 2341 4650 2341 4650 2341 4774 2341 4824 2341 4727 2341 4726 2341 4647 2341 4647 2341 4726 2341 4725 2341 4647 2341 4725 2341 4648 2341 4648 2341 4725 2341 4724 2341 4648 2341 4724 2341 4723 2341 4739 2341 4738 2341 4719 2341 4719 2341 4738 2341 4737 2341 4719 2341 4737 2341 4720 2341 4720 2341 4737 2341 4736 2341 4720 2341 4736 2341 4721 2341 4721 2341 4736 2341 4793 2341 4721 2341 4793 2341 4722 2341 4722 2341 4793 2341 4792 2341 4722 2341 4792 2341 4723 2341 4723 2341 4792 2341 4775 2341 4723 2341 4775 2341 4649 2341 4649 2341 4775 2341 4650 2341 4652 2341 4651 2341 4817 2341 4817 2341 4651 2341 4650 2341 4817 2341 4650 2341 4825 2341 4825 2341 4650 2341 4824 2341 4826 2668 4818 2668 4827 2668 4827 2668 4818 2668 4817 2668 4828 2669 4812 2669 4829 2669 4829 2669 4812 2669 4813 2669 4552 2341 4551 2341 4457 2341 4457 2341 4551 2341 4460 2341 4563 2341 4452 2341 4564 2341 4564 2341 4452 2341 4450 2341 4564 2341 4450 2341 4565 2341 4565 2341 4450 2341 4830 2341 4454 2341 4622 2341 4621 2341 4830 2341 4831 2341 4565 2341 4565 2341 4831 2341 4832 2341 4565 2341 4832 2341 4566 2341 4566 2341 4832 2341 4833 2341 4566 2341 4833 2341 4567 2341 4567 2341 4833 2341 4834 2341 4567 2341 4834 2341 4568 2341 4457 2341 4454 2341 4552 2341 4552 2341 4454 2341 4621 2341 4552 2341 4621 2341 4553 2341 4553 2341 4621 2341 4620 2341 4553 2341 4620 2341 4554 2341 4614 2341 4834 2341 4549 2341 4452 2341 4612 2341 4454 2341 4454 2341 4612 2341 4611 2341 4454 2341 4611 2341 4622 2341 4835 2341 4836 2341 4834 2341 4834 2341 4836 2341 4550 2341 4834 2341 4550 2341 4549 2341 4551 2341 4562 2341 4460 2341 4460 2341 4562 2341 4561 2341 4460 2341 4561 2341 4463 2341 4463 2341 4561 2341 4560 2341 4463 2341 4560 2341 4837 2341 4837 2341 4560 2341 4559 2341 4837 2341 4559 2341 4838 2341 4838 2341 4559 2341 4839 2341 4839 2341 4559 2341 4840 2341 4840 2341 4559 2341 4558 2341 4840 2341 4558 2341 4841 2341 4841 2341 4558 2341 4557 2341 4841 2341 4557 2341 4556 2341 4554 2341 4620 2341 4555 2341 4555 2341 4620 2341 4619 2341 4555 2341 4619 2341 4618 2341 4842 2341 4843 2341 4531 2341 4531 2341 4843 2341 4841 2341 4531 2341 4841 2341 4532 2341 4563 2341 4574 2341 4452 2341 4452 2341 4574 2341 4573 2341 4452 2341 4573 2341 4612 2341 4612 2341 4573 2341 4572 2341 4612 2341 4572 2341 4613 2341 4613 2341 4572 2341 4571 2341 4613 2341 4571 2341 4614 2341 4614 2341 4571 2341 4570 2341 4614 2341 4570 2341 4834 2341 4834 2341 4570 2341 4569 2341 4834 2341 4569 2341 4568 2341 4556 2341 4555 2341 4841 2341 4841 2341 4555 2341 4618 2341 4841 2341 4618 2341 4532 2341 4532 2341 4618 2341 4617 2341 4532 2341 4617 2341 4548 2341 4548 2341 4617 2341 4616 2341 4548 2341 4616 2341 4549 2341 4549 2341 4616 2341 4615 2341 4549 2341 4615 2341 4614 2341 4844 2670 4834 2670 4845 2670 4845 2670 4834 2670 4833 2670 4846 2671 4840 2671 4847 2671 4847 2671 4840 2671 4841 2671 4848 2341 4696 2341 4849 2341 4849 2341 4696 2341 4695 2341 4610 2341 4609 2341 4711 2341 4850 2341 4699 2341 4851 2341 4851 2341 4699 2341 4698 2341 4851 2341 4698 2341 4848 2341 4848 2341 4698 2341 4697 2341 4848 2341 4697 2341 4696 2341 4852 2341 4717 2341 4435 2341 4435 2341 4717 2341 4716 2341 4435 2341 4716 2341 4437 2341 4437 2341 4716 2341 4715 2341 4437 2341 4715 2341 4714 2341 4711 2341 4609 2341 4712 2341 4712 2341 4609 2341 4608 2341 4712 2341 4608 2341 4713 2341 4714 2341 4713 2341 4437 2341 4437 2341 4713 2341 4608 2341 4437 2341 4608 2341 4438 2341 4546 2341 4709 2341 4547 2341 4547 2341 4709 2341 4708 2341 4529 2341 4528 2341 4695 2341 4695 2341 4528 2341 4853 2341 4695 2341 4853 2341 4849 2341 4711 2341 4710 2341 4610 2341 4610 2341 4710 2341 4709 2341 4610 2341 4709 2341 4599 2341 4599 2341 4709 2341 4546 2341 4599 2341 4546 2341 4600 2341 4600 2341 4546 2341 4545 2341 4600 2341 4545 2341 4601 2341 4854 2341 4547 2341 4855 2341 4855 2341 4547 2341 4708 2341 4855 2341 4708 2341 4856 2341 4856 2341 4708 2341 4707 2341 4856 2341 4707 2341 4857 2341 4857 2341 4707 2341 4718 2341 4857 2341 4718 2341 4858 2341 4858 2341 4718 2341 4717 2341 4858 2341 4717 2341 4859 2341 4859 2341 4717 2341 4852 2341 4608 2341 4607 2341 4438 2341 4438 2341 4607 2341 4606 2341 4438 2341 4606 2341 4441 2341 4441 2341 4606 2341 4605 2341 4441 2341 4605 2341 4433 2341 4433 2341 4605 2341 4604 2341 4433 2341 4604 2341 4703 2341 4850 2341 4860 2341 4699 2341 4699 2341 4860 2341 4861 2341 4699 2341 4861 2341 4700 2341 4700 2341 4861 2341 4431 2341 4700 2341 4431 2341 4701 2341 4701 2341 4431 2341 4433 2341 4701 2341 4433 2341 4702 2341 4702 2341 4433 2341 4703 2341 4545 2341 4529 2341 4601 2341 4601 2341 4529 2341 4695 2341 4601 2341 4695 2341 4602 2341 4602 2341 4695 2341 4706 2341 4602 2341 4706 2341 4603 2341 4603 2341 4706 2341 4705 2341 4603 2341 4705 2341 4604 2341 4604 2341 4705 2341 4704 2341 4604 2341 4704 2341 4703 2341 4862 2672 4856 2672 4863 2672 4863 2672 4856 2672 4857 2672 4864 2673 4851 2673 4865 2673 4865 2673 4851 2673 4848 2673 4866 2341 4867 2341 4635 2341 4478 2341 4476 2341 4642 2341 4772 2341 4671 2341 4790 2341 4790 2341 4671 2341 4682 2341 4790 2341 4682 2341 4791 2341 4791 2341 4682 2341 4681 2341 4681 2341 4680 2341 4791 2341 4791 2341 4680 2341 4635 2341 4791 2341 4635 2341 4781 2341 4781 2341 4635 2341 4867 2341 4781 2341 4867 2341 4868 2341 4635 2341 4646 2341 4866 2341 4866 2341 4646 2341 4645 2341 4866 2341 4645 2341 4869 2341 4869 2341 4645 2341 4644 2341 4869 2341 4644 2341 4870 2341 4870 2341 4644 2341 4643 2341 4870 2341 4643 2341 4871 2341 4642 2341 4476 2341 4643 2341 4643 2341 4476 2341 4872 2341 4643 2341 4872 2341 4871 2341 4486 2341 4628 2341 4627 2341 4623 2341 4634 2341 4873 2341 4873 2341 4634 2341 4874 2341 4873 2341 4874 2341 4875 2341 4486 2341 4627 2341 4489 2341 4489 2341 4627 2341 4626 2341 4489 2341 4626 2341 4876 2341 4876 2341 4626 2341 4625 2341 4876 2341 4625 2341 4877 2341 4623 2341 4873 2341 4624 2341 4624 2341 4873 2341 4878 2341 4624 2341 4878 2341 4625 2341 4625 2341 4878 2341 4879 2341 4625 2341 4879 2341 4877 2341 4677 2341 4676 2341 4484 2341 4484 2341 4676 2341 4675 2341 4484 2341 4675 2341 4486 2341 4486 2341 4675 2341 4674 2341 4486 2341 4674 2341 4673 2341 4673 2341 4672 2341 4632 2341 4632 2341 4672 2341 4671 2341 4632 2341 4671 2341 4633 2341 4633 2341 4671 2341 4772 2341 4633 2341 4772 2341 4634 2341 4634 2341 4772 2341 4771 2341 4634 2341 4771 2341 4874 2341 4678 2341 4638 2341 4679 2341 4679 2341 4638 2341 4637 2341 4679 2341 4637 2341 4680 2341 4680 2341 4637 2341 4636 2341 4680 2341 4636 2341 4635 2341 4678 2341 4677 2341 4638 2341 4638 2341 4677 2341 4484 2341 4638 2341 4484 2341 4639 2341 4639 2341 4484 2341 4480 2341 4639 2341 4480 2341 4640 2341 4640 2341 4480 2341 4478 2341 4640 2341 4478 2341 4641 2341 4641 2341 4478 2341 4642 2341 4632 2341 4631 2341 4673 2341 4673 2341 4631 2341 4630 2341 4673 2341 4630 2341 4486 2341 4486 2341 4630 2341 4629 2341 4486 2341 4629 2341 4628 2341 4880 2674 4878 2674 4881 2674 4881 2674 4878 2674 4873 2674 4882 2675 4866 2675 4883 2675 4883 2675 4866 2675 4869 2675 4746 2341 4745 2341 4509 2341 4509 2341 4745 2341 4501 2341 4745 2341 4744 2341 4501 2341 4501 2341 4744 2341 4743 2341 4501 2341 4743 2341 4500 2341 4500 2341 4743 2341 4754 2341 4500 2341 4754 2341 4884 2341 4884 2341 4754 2341 4753 2341 4884 2341 4753 2341 4885 2341 4885 2341 4753 2341 4886 2341 4887 2341 4750 2341 4749 2341 4668 2341 4748 2341 4669 2341 4669 2341 4748 2341 4747 2341 4669 2341 4747 2341 4670 2341 4670 2341 4747 2341 4746 2341 4670 2341 4746 2341 4659 2341 4659 2341 4746 2341 4509 2341 4659 2341 4509 2341 4660 2341 4660 2341 4509 2341 4661 2341 4888 2341 4889 2341 4785 2341 4886 2341 4753 2341 4890 2341 4890 2341 4753 2341 4752 2341 4890 2341 4752 2341 4887 2341 4887 2341 4752 2341 4751 2341 4887 2341 4751 2341 4750 2341 4662 2341 4661 2341 4766 2341 4766 2341 4661 2341 4509 2341 4766 2341 4509 2341 4755 2341 4755 2341 4509 2341 4506 2341 4755 2341 4506 2341 4756 2341 4756 2341 4506 2341 4505 2341 4756 2341 4505 2341 4757 2341 4788 2341 4769 2341 4764 2341 4763 2341 4762 2341 4891 2341 4891 2341 4762 2341 4761 2341 4891 2341 4761 2341 4892 2341 4892 2341 4761 2341 4760 2341 4892 2341 4760 2341 4893 2341 4893 2341 4760 2341 4759 2341 4893 2341 4759 2341 4894 2341 4757 2341 4505 2341 4758 2341 4758 2341 4505 2341 4503 2341 4758 2341 4503 2341 4759 2341 4759 2341 4503 2341 4895 2341 4759 2341 4895 2341 4894 2341 4667 2341 4887 2341 4668 2341 4668 2341 4887 2341 4749 2341 4668 2341 4749 2341 4748 2341 4662 2341 4766 2341 4663 2341 4663 2341 4766 2341 4765 2341 4663 2341 4765 2341 4664 2341 4664 2341 4765 2341 4764 2341 4664 2341 4764 2341 4665 2341 4665 2341 4764 2341 4769 2341 4665 2341 4769 2341 4666 2341 4891 2341 4888 2341 4763 2341 4763 2341 4888 2341 4785 2341 4763 2341 4785 2341 4764 2341 4764 2341 4785 2341 4789 2341 4764 2341 4789 2341 4788 2341 4896 2341 4897 2341 4768 2341 4768 2341 4897 2341 4887 2341 4768 2341 4887 2341 4769 2341 4769 2341 4887 2341 4667 2341 4769 2341 4667 2341 4666 2341 4898 2676 4890 2676 4899 2676 4899 2676 4890 2676 4887 2676 4900 2677 4891 2677 4901 2677 4901 2677 4891 2677 4892 2677 4161 2678 3622 2678 3432 2678 3432 2678 3622 2678 3433 2678 3333 2679 3335 2679 4137 2679 4137 2679 3335 2679 4136 2679 3437 2680 3241 2680 4141 2680 4141 2680 3241 2680 4140 2680 3435 2681 3449 2681 4160 2681 4160 2681 3449 2681 4149 2681 4089 2682 3243 2682 4096 2682 4096 2682 3243 2682 3242 2682 4096 2548 3242 2548 4097 2548 4097 2548 3242 2548 3294 2548 4097 2683 3294 2683 3623 2683 3623 2683 3294 2683 3293 2683 3623 2684 3293 2684 3624 2684 3624 2684 3293 2684 3292 2684 3624 2685 3292 2685 4084 2685 4084 2685 3292 2685 3291 2685 4084 2686 3291 2686 4085 2686 4085 2686 3291 2686 3290 2686 4085 2687 3290 2687 4083 2687 4083 2687 3290 2687 3288 2687 4083 2688 3288 2688 4093 2688 4093 2688 3288 2688 3287 2688 4093 2689 3287 2689 4091 2689 4091 2689 3287 2689 3284 2689 4091 2690 3284 2690 4100 2690 4100 2690 3284 2690 3280 2690 4100 2691 3280 2691 4088 2691 4088 2691 3280 2691 3278 2691 4088 2692 3278 2692 4089 2692 4089 2692 3278 2692 3243 2692 3394 2681 3395 2681 3783 2681 3783 2681 3395 2681 3782 2681 3378 2693 3389 2693 4206 2693 4206 2693 3389 2693 4205 2693 3470 2694 3471 2694 4226 2694 4226 2694 3471 2694 4225 2694 3372 2695 3465 2695 4235 2695 4235 2695 3465 2695 4219 2695 3304 2696 3305 2696 4183 2696 4183 2696 3305 2696 4182 2696 3314 2694 3315 2694 4192 2694 4192 2694 3315 2694 4187 2694 4102 2697 4101 2697 3296 2697 3296 2697 4101 2697 3297 2697 3494 2681 3491 2681 4166 2681 4166 2681 3491 2681 4163 2681 4114 2698 3225 2698 4115 2698 4115 2698 3225 2698 3224 2698 4115 2699 3224 2699 4116 2699 4116 2699 3224 2699 3593 2699 4116 2700 3593 2700 4117 2700 4117 2700 3593 2700 3592 2700 4117 2701 3592 2701 4118 2701 4118 2701 3592 2701 3591 2701 4118 2685 3591 2685 4103 2685 4103 2685 3591 2685 3590 2685 4103 2702 3590 2702 4105 2702 4105 2702 3590 2702 3596 2702 4105 2703 3596 2703 4110 2703 4110 2703 3596 2703 3595 2703 4110 2704 3595 2704 4109 2704 4109 2704 3595 2704 3594 2704 4109 2705 3594 2705 4107 2705 4107 2705 3594 2705 3589 2705 4107 2706 3589 2706 4111 2706 4111 2706 3589 2706 3588 2706 4111 2707 3588 2707 4112 2707 4112 2707 3588 2707 3587 2707 4112 2708 3587 2708 4114 2708 4114 2708 3587 2708 3225 2708 4178 2709 3473 2709 4179 2709 4179 2709 3473 2709 3472 2709 4179 2710 3472 2710 4173 2710 4173 2710 3472 2710 3475 2710 4173 2711 3475 2711 4174 2711 4174 2711 3475 2711 3484 2711 4174 2712 3484 2712 4176 2712 4176 2712 3484 2712 3483 2712 4176 2713 3483 2713 3617 2713 3617 2713 3483 2713 3482 2713 3617 2714 3482 2714 3618 2714 3618 2714 3482 2714 3481 2714 4165 2715 3489 2715 4171 2715 4171 2715 3489 2715 3493 2715 4171 2716 3493 2716 4172 2716 4172 2716 3493 2716 3492 2716 4172 2717 3492 2717 4167 2717 4167 2717 3492 2717 3488 2717 4167 2718 3488 2718 4168 2718 4168 2718 3488 2718 3487 2718 4168 2719 3487 2719 4169 2719 4169 2719 3487 2719 3486 2719 4169 2720 3486 2720 4098 2720 4098 2720 3486 2720 3485 2720 4094 2721 3282 2721 4095 2721 4095 2721 3282 2721 3281 2721 4095 2722 3281 2722 4081 2722 4081 2722 3281 2722 3283 2722 4081 2723 3283 2723 4082 2723 4082 2723 3283 2723 3285 2723 4082 2724 3285 2724 4087 2724 4087 2724 3285 2724 3309 2724 4087 2725 3309 2725 4189 2725 4189 2725 3309 2725 3308 2725 4189 2726 3308 2726 4190 2726 4190 2726 3308 2726 3307 2726 4184 2727 3311 2727 4185 2727 4185 2727 3311 2727 3310 2727 4185 2728 3310 2728 4197 2728 4197 2728 3310 2728 3298 2728 4197 2729 3298 2729 4198 2729 4198 2729 3298 2729 3299 2729 4198 2730 3299 2730 4199 2730 4199 2730 3299 2730 3300 2730 4199 2731 3300 2731 4200 2731 4200 2731 3300 2731 3301 2731 4200 2732 3301 2732 4201 2732 4201 2732 3301 2732 3302 2732 3777 2733 3391 2733 3775 2733 3775 2733 3391 2733 3390 2733 3775 2734 3390 2734 4227 2734 4227 2734 3390 2734 3387 2734 4227 2735 3387 2735 4228 2735 4228 2735 3387 2735 3386 2735 4228 2736 3386 2736 4230 2736 4230 2736 3386 2736 3374 2736 4230 2737 3374 2737 4232 2737 4232 2737 3374 2737 3373 2737 4232 2720 3373 2720 4233 2720 4233 2720 3373 2720 3371 2720 4218 2738 3463 2738 4208 2738 4208 2738 3463 2738 3458 2738 4208 2739 3458 2739 4209 2739 4209 2739 3458 2739 3457 2739 4209 2740 3457 2740 4216 2740 4216 2740 3457 2740 3462 2740 4216 2741 3462 2741 4217 2741 4217 2741 3462 2741 3461 2741 4217 2742 3461 2742 4221 2742 4221 2742 3461 2742 3460 2742 4221 2743 3460 2743 4222 2743 4222 2743 3460 2743 3459 2743 4211 2744 3467 2744 4212 2744 4212 2744 3467 2744 3466 2744 4212 2745 3466 2745 4214 2745 4214 2745 3466 2745 3451 2745 4214 2746 3451 2746 4215 2746 4215 2746 3451 2746 3450 2746 4215 2747 3450 2747 4202 2747 4202 2747 3450 2747 3455 2747 4202 2731 3455 2731 4203 2731 4203 2731 3455 2731 3453 2731 4203 2748 3453 2748 4204 2748 4204 2748 3453 2748 3380 2748 3769 2749 3377 2749 3771 2749 3771 2749 3377 2749 3376 2749 3771 2750 3376 2750 3765 2750 3765 2750 3376 2750 3375 2750 3765 2751 3375 2751 3766 2751 3766 2751 3375 2751 3385 2751 3766 2752 3385 2752 3774 2752 3774 2752 3385 2752 3384 2752 3774 2753 3384 2753 3778 2753 3778 2753 3384 2753 3382 2753 3778 2754 3382 2754 3779 2754 3779 2754 3382 2754 3381 2754 4158 2755 3430 2755 4154 2755 4154 2755 3430 2755 3429 2755 4154 2756 3429 2756 4155 2756 4155 2756 3429 2756 3428 2756 4155 2757 3428 2757 4156 2757 4156 2757 3428 2757 3427 2757 4156 2758 3427 2758 4157 2758 4157 2758 3427 2758 3426 2758 4157 2753 3426 2753 4152 2753 4152 2753 3426 2753 3425 2753 4152 2759 3425 2759 4153 2759 4153 2759 3425 2759 3434 2759 4151 2760 3447 2760 4143 2760 4143 2760 3447 2760 3446 2760 4143 2761 3446 2761 4144 2761 4144 2761 3446 2761 3445 2761 4144 2762 3445 2762 4146 2762 4146 2762 3445 2762 3444 2762 4146 2736 3444 2736 4147 2736 4147 2736 3444 2736 3442 2736 4147 2737 3442 2737 4148 2737 4148 2737 3442 2737 3441 2737 4148 2763 3441 2763 4138 2763 4138 2763 3441 2763 3440 2763 4121 2721 3239 2721 4122 2721 4122 2721 3239 2721 3330 2721 4122 2722 3330 2722 4124 2722 4124 2722 3330 2722 3329 2722 4124 2764 3329 2764 4130 2764 4130 2764 3329 2764 3328 2764 4130 2765 3328 2765 4131 2765 4131 2765 3328 2765 3323 2765 4131 2766 3323 2766 4132 2766 4132 2766 3323 2766 3322 2766 4132 2767 3322 2767 4133 2767 4133 2767 3322 2767 3332 2767 4125 2768 3327 2768 4126 2768 4126 2768 3327 2768 3326 2768 4126 2769 3326 2769 4128 2769 4128 2769 3326 2769 3325 2769 4128 2770 3325 2770 4129 2770 4129 2770 3325 2770 3321 2770 4129 2771 3321 2771 4119 2771 4119 2771 3321 2771 3319 2771 4119 2772 3319 2772 4120 2772 4120 2772 3319 2772 3318 2772 4120 2773 3318 2773 3620 2773 3620 2773 3318 2773 3317 2773 3831 2774 3830 2774 3500 2774 3500 2774 3830 2774 3499 2774 3828 2775 3832 2775 3502 2775 3259 2776 3696 2776 3686 2776 3259 2777 3686 2777 3261 2777 3261 2778 3686 2778 3824 2778 3261 2779 3824 2779 3502 2779 3502 2780 3824 2780 3826 2780 3502 2781 3826 2781 3828 2781 3822 2782 3821 2782 3506 2782 3510 2783 3807 2783 3809 2783 3809 2784 3815 2784 3510 2784 3510 2785 3815 2785 3813 2785 3510 2786 3813 2786 3506 2786 3506 2787 3813 2787 3811 2787 3506 2788 3811 2788 3822 2788 3518 2409 3834 2409 3516 2409 3516 2409 3834 2409 3833 2409 3516 2409 3833 2409 3515 2409 3515 2409 3833 2409 3800 2409 3359 2789 3368 2789 3736 2789 3736 2790 3731 2790 3359 2790 3359 2791 3731 2791 3788 2791 3359 2792 3788 2792 3418 2792 3418 2793 3788 2793 3792 2793 3418 2794 3792 2794 3795 2794 3443 2795 3404 2795 3764 2795 3785 2796 3353 2796 3776 2796 3776 2796 3353 2796 3361 2796 3776 2797 3361 2797 3383 2797 3764 2795 3763 2795 3443 2795 3443 2798 3763 2798 3772 2798 3443 2799 3772 2799 3383 2799 3383 2800 3772 2800 3773 2800 3383 2801 3773 2801 3776 2801 3406 2474 3405 2474 3744 2474 3751 2474 3584 2474 3753 2474 3753 2474 3584 2474 3408 2474 3753 2474 3408 2474 3755 2474 3755 2474 3408 2474 3406 2474 3755 2474 3406 2474 3756 2474 3756 2474 3406 2474 3744 2474 3729 2802 3523 2802 3723 2802 3723 2803 3523 2803 3525 2803 3723 2804 3525 2804 3726 2804 3726 2805 3525 2805 3527 2805 3726 2805 3527 2805 3727 2805 3704 2409 3706 2409 3536 2409 3536 2409 3706 2409 3529 2409 3367 2806 3738 2806 3737 2806 3367 2807 3737 2807 3355 2807 3355 2808 3737 2808 3739 2808 3355 2809 3739 2809 3550 2809 3342 2810 4259 2810 3334 2810 3334 2811 4259 2811 3614 2811 3334 2810 3614 2810 3320 2810 4196 2812 3273 2812 4186 2812 4186 2813 3273 2813 3272 2813 4186 2814 3272 2814 4086 2814 4086 2815 3272 2815 3286 2815 4086 2816 3286 2816 4262 2816 4262 2817 3286 2817 3320 2817 4262 2818 3320 2818 3616 2818 3616 2819 3320 2819 3614 2819 4251 2409 4252 2409 3344 2409 3349 2409 4250 2409 3237 2409 3237 2409 4250 2409 4251 2409 3237 2409 4251 2409 3238 2409 3238 2409 4251 2409 3344 2409 4247 2820 4246 2820 3350 2820 3514 2821 4240 2821 4238 2821 3514 2822 4238 2822 3350 2822 3350 2823 4238 2823 4236 2823 3350 2824 4236 2824 4247 2824 3688 2825 3690 2825 3269 2825 3269 2825 3690 2825 3270 2825 3679 2474 3678 2474 3246 2474 3246 2474 3678 2474 3247 2474 3697 2826 3695 2826 3260 2826 3260 2826 3695 2826 3258 2826 4102 2827 3296 2827 3295 2827 4102 2827 3295 2827 4092 2827 4092 2828 3295 2828 3282 2828 4092 2828 3282 2828 4094 2828 4190 2829 3307 2829 3313 2829 4190 2829 3313 2829 4191 2829 4191 2830 3313 2830 3314 2830 4191 2830 3314 2830 4192 2830 4187 2831 3315 2831 3312 2831 4187 2831 3312 2831 4188 2831 4188 2832 3312 2832 3311 2832 4188 2832 3311 2832 4184 2832 4201 2833 3302 2833 3303 2833 4201 2833 3303 2833 4295 2833 4295 2834 3303 2834 3304 2834 4295 2834 3304 2834 4183 2834 4182 2835 3305 2835 3306 2835 4182 2835 3306 2835 4181 2835 4181 2836 3306 2836 3473 2836 4181 2836 3473 2836 4178 2836 3618 2837 3481 2837 3480 2837 3618 2837 3480 2837 4170 2837 4170 2838 3480 2838 3494 2838 4170 2838 3494 2838 4166 2838 4098 2839 3485 2839 3279 2839 4098 2839 3279 2839 4099 2839 4099 2840 3279 2840 3297 2840 4099 2840 3297 2840 4101 2840 4163 2841 3491 2841 3490 2841 4163 2841 3490 2841 4164 2841 4164 2842 3490 2842 3489 2842 4164 2842 3489 2842 4165 2842 4161 2843 3432 2843 3431 2843 4161 2843 3431 2843 4162 2843 4162 2844 3431 2844 3430 2844 4162 2844 3430 2844 4158 2844 4153 2845 3434 2845 3436 2845 4153 2845 3436 2845 4159 2845 4159 2846 3436 2846 3435 2846 4159 2846 3435 2846 4160 2846 4138 2847 3440 2847 3439 2847 4138 2847 3439 2847 4142 2847 4142 2848 3439 2848 3437 2848 4142 2848 3437 2848 4141 2848 4140 2849 3241 2849 3240 2849 4140 2849 3240 2849 4139 2849 4139 2850 3240 2850 3239 2850 4139 2850 3239 2850 4121 2850 4133 2829 3332 2829 3331 2829 4133 2829 3331 2829 4134 2829 4134 2851 3331 2851 3333 2851 4134 2851 3333 2851 4137 2851 4136 2852 3335 2852 3336 2852 4136 2852 3336 2852 4135 2852 4135 2853 3336 2853 3327 2853 4135 2853 3327 2853 4125 2853 3620 2854 3317 2854 3316 2854 3620 2854 3316 2854 3621 2854 3621 2855 3316 2855 3433 2855 3621 2855 3433 2855 3622 2855 4149 2856 3449 2856 3448 2856 4149 2856 3448 2856 4150 2856 4150 2857 3448 2857 3447 2857 4150 2857 3447 2857 4151 2857 4233 2839 3371 2839 3370 2839 4233 2839 3370 2839 4234 2839 4234 2858 3370 2858 3372 2858 4234 2858 3372 2858 4235 2858 4219 2859 3465 2859 3464 2859 4219 2859 3464 2859 4220 2859 4220 2860 3464 2860 3463 2860 4220 2860 3463 2860 4218 2860 4222 2861 3459 2861 3469 2861 4222 2861 3469 2861 4223 2861 4223 2830 3469 2830 3470 2830 4223 2830 3470 2830 4226 2830 4225 2831 3471 2831 3468 2831 4225 2831 3468 2831 4224 2831 4224 2832 3468 2832 3467 2832 4224 2832 3467 2832 4211 2832 4204 2862 3380 2862 3379 2862 4204 2862 3379 2862 4207 2862 4207 2863 3379 2863 3378 2863 4207 2863 3378 2863 4206 2863 4205 2843 3389 2843 3388 2843 4205 2843 3388 2843 3768 2843 3768 2864 3388 2864 3377 2864 3768 2864 3377 2864 3769 2864 3779 2865 3381 2865 3393 2865 3779 2865 3393 2865 3780 2865 3780 2866 3393 2866 3394 2866 3780 2866 3394 2866 3783 2866 3782 2867 3395 2867 3392 2867 3782 2867 3392 2867 3781 2867 3781 2868 3392 2868 3391 2868 3781 2868 3391 2868 3777 2868 3523 2869 3729 2869 3356 2869 3356 2869 3729 2869 3728 2869 3356 2870 3728 2870 3357 2870 3357 2870 3728 2870 3734 2870 3357 2871 3734 2871 3358 2871 3358 2871 3734 2871 3733 2871 3358 2872 3733 2872 3366 2872 3366 2872 3733 2872 3732 2872 3366 2873 3732 2873 3367 2873 3367 2873 3732 2873 3738 2873 3704 2874 3536 2874 3703 2874 3703 2874 3536 2874 3538 2874 3703 2875 3538 2875 3702 2875 3702 2875 3538 2875 3554 2875 3702 2876 3554 2876 3700 2876 3700 2876 3554 2876 3553 2876 3700 2877 3553 2877 3698 2877 3698 2877 3553 2877 3551 2877 3698 2878 3551 2878 3739 2878 3739 2878 3551 2878 3550 2878 3529 2879 3706 2879 3530 2879 3530 2879 3706 2879 3708 2879 3530 2880 3708 2880 3532 2880 3532 2880 3708 2880 3718 2880 3532 2881 3718 2881 3533 2881 3533 2881 3718 2881 3720 2881 3533 2882 3720 2882 3527 2882 3527 2882 3720 2882 3727 2882 3418 2883 3795 2883 3416 2883 3416 2883 3795 2883 3746 2883 3416 2884 3746 2884 3411 2884 3411 2884 3746 2884 3748 2884 3411 2885 3748 2885 3412 2885 3412 2885 3748 2885 3749 2885 3412 2886 3749 2886 3414 2886 3414 2886 3749 2886 3742 2886 3414 2887 3742 2887 3405 2887 3405 2887 3742 2887 3744 2887 3584 2888 3751 2888 3397 2888 3397 2888 3751 2888 3761 2888 3397 2889 3761 2889 3398 2889 3398 2889 3761 2889 3760 2889 3398 2890 3760 2890 3399 2890 3399 2890 3760 2890 3758 2890 3399 2891 3758 2891 3400 2891 3400 2891 3758 2891 3757 2891 3400 2892 3757 2892 3402 2892 3402 2892 3757 2892 3671 2892 3402 2893 3671 2893 3404 2893 3404 2893 3671 2893 3764 2893 3736 2894 3368 2894 3741 2894 3741 2894 3368 2894 3369 2894 3741 2895 3369 2895 3784 2895 3784 2895 3369 2895 3354 2895 3784 2896 3354 2896 3785 2896 3785 2896 3354 2896 3353 2896 4250 2897 3349 2897 4244 2897 4244 2897 3349 2897 3348 2897 4244 2898 3348 2898 4245 2898 4245 2898 3348 2898 3351 2898 4245 2899 3351 2899 4246 2899 4246 2899 3351 2899 3350 2899 3270 2900 3690 2900 3254 2900 3254 2900 3690 2900 3691 2900 3254 2901 3691 2901 3255 2901 3255 2901 3691 2901 3684 2901 3255 2902 3684 2902 3263 2902 3263 2902 3684 2902 3683 2902 3263 2903 3683 2903 3262 2903 3262 2903 3683 2903 3687 2903 3262 2904 3687 2904 3260 2904 3260 2904 3687 2904 3697 2904 3258 2905 3695 2905 3248 2905 3248 2905 3695 2905 3693 2905 3248 2906 3693 2906 3249 2906 3249 2906 3693 2906 3692 2906 3249 2907 3692 2907 3251 2907 3251 2907 3692 2907 3682 2907 3251 2908 3682 2908 3252 2908 3252 2908 3682 2908 3681 2908 3252 2909 3681 2909 3246 2909 3246 2909 3681 2909 3679 2909 3247 2910 3678 2910 3264 2910 3264 2910 3678 2910 3675 2910 3264 2911 3675 2911 3265 2911 3265 2911 3675 2911 3674 2911 3265 2912 3674 2912 3267 2912 3267 2912 3674 2912 3677 2912 3267 2913 3677 2913 3269 2913 3269 2913 3677 2913 3688 2913 3499 2914 3830 2914 3497 2914 3497 2914 3830 2914 3829 2914 3497 2915 3829 2915 3495 2915 3495 2915 3829 2915 3836 2915 3495 2916 3836 2916 3520 2916 3520 2916 3836 2916 3835 2916 3520 2917 3835 2917 3518 2917 3518 2917 3835 2917 3834 2917 3515 2918 3800 2918 3512 2918 3512 2918 3800 2918 3799 2918 3512 2919 3799 2919 3513 2919 3513 2919 3799 2919 3805 2919 3513 2920 3805 2920 3511 2920 3511 2920 3805 2920 3806 2920 3511 2921 3806 2921 3510 2921 3510 2921 3806 2921 3807 2921 3506 2922 3821 2922 3505 2922 3505 2922 3821 2922 3820 2922 3505 2923 3820 2923 3230 2923 3230 2923 3820 2923 3818 2923 3230 2924 3818 2924 3231 2924 3231 2924 3818 2924 3817 2924 3231 2925 3817 2925 3259 2925 3259 2925 3817 2925 3696 2925 3502 2926 3832 2926 3500 2926 3500 2926 3832 2926 3831 2926 4240 2927 3514 2927 4242 2927 4242 2927 3514 2927 3507 2927 4242 2928 3507 2928 4243 2928 4243 2928 3507 2928 3277 2928 4243 2929 3277 2929 4193 2929 4193 2929 3277 2929 3276 2929 4193 2930 3276 2930 4194 2930 4194 2930 3276 2930 3275 2930 4194 2931 3275 2931 4196 2931 4196 2931 3275 2931 3273 2931 4259 2932 3342 2932 4260 2932 4260 2932 3342 2932 3338 2932 4260 2933 3338 2933 4261 2933 4261 2933 3338 2933 3337 2933 4261 2934 3337 2934 4255 2934 4255 2934 3337 2934 3341 2934 4255 2935 3341 2935 4256 2935 4256 2935 3341 2935 3340 2935 4256 2936 3340 2936 4254 2936 4254 2936 3340 2936 3345 2936 4254 2937 3345 2937 4252 2937 4252 2937 3345 2937 3344 2937 3582 2938 4288 2938 3578 2938 3578 2938 4288 2938 4287 2938 3578 2939 4287 2939 3579 2939 3579 2939 4287 2939 4286 2939 3579 2940 4286 2940 3571 2940 3571 2940 4286 2940 4285 2940 3571 2941 4285 2941 3572 2941 3572 2941 4285 2941 4294 2941 3572 2942 4294 2942 3575 2942 3575 2942 4294 2942 4293 2942 3575 2943 4293 2943 3576 2943 3576 2943 4293 2943 4298 2943 3576 2944 4298 2944 3577 2944 3577 2944 4298 2944 4297 2944 3577 2945 4297 2945 3573 2945 3573 2945 4297 2945 4296 2945 3573 2946 4296 2946 3574 2946 3574 2946 4296 2946 4291 2946 3574 2947 4291 2947 3580 2947 3580 2947 4291 2947 4290 2947 3580 2948 4290 2948 3581 2948 3581 2948 4290 2948 4289 2948 3581 2949 4289 2949 3582 2949 3582 2949 4289 2949 4288 2949 3547 2950 4264 2950 3548 2950 3548 2950 4264 2950 4265 2950 3548 2951 4265 2951 3549 2951 3549 2951 4265 2951 4266 2951 3549 2952 4266 2952 3552 2952 3552 2952 4266 2952 4274 2952 3552 2953 4274 2953 3539 2953 3539 2953 4274 2953 4273 2953 3539 2954 4273 2954 3540 2954 3540 2954 4273 2954 4272 2954 3540 2955 4272 2955 3541 2955 3541 2955 4272 2955 4271 2955 3541 2956 4271 2956 3542 2956 3542 2956 4271 2956 4270 2956 3542 2957 4270 2957 3543 2957 3543 2957 4270 2957 4269 2957 3543 2958 4269 2958 3544 2958 3544 2958 4269 2958 4268 2958 3544 2959 4268 2959 3545 2959 3545 2959 4268 2959 4267 2959 3545 2960 4267 2960 3546 2960 3546 2960 4267 2960 4263 2960 3546 2961 4263 2961 3547 2961 3547 2961 4263 2961 4264 2961 4499 2962 4500 2962 4884 2962 4499 2963 4884 2963 4902 2963 4902 2964 4884 2964 4885 2964 4902 2965 4885 2965 4903 2965 4903 2966 4885 2966 4886 2966 4903 2967 4886 2967 4904 2967 4904 2968 4886 2968 4890 2968 4904 2969 4890 2969 4898 2969 4899 2970 4887 2970 4897 2970 4899 2971 4897 2971 4905 2971 4905 2972 4897 2972 4896 2972 4905 2973 4896 2973 4906 2973 4906 2974 4896 2974 4768 2974 4906 2975 4768 2975 4767 2975 4777 2976 4776 2976 4822 2976 4777 2977 4822 2977 4907 2977 4907 2978 4822 2978 4823 2978 4907 2979 4823 2979 4908 2979 4908 2980 4823 2980 4812 2980 4908 2981 4812 2981 4828 2981 4829 2982 4813 2982 4814 2982 4829 2983 4814 2983 4909 2983 4909 2984 4814 2984 4815 2984 4909 2985 4815 2985 4910 2985 4910 2986 4815 2986 4816 2986 4910 2987 4816 2987 4911 2987 4911 2988 4816 2988 4519 2988 4911 2989 4519 2989 4495 2989 4827 2990 4817 2990 4825 2990 4827 2991 4825 2991 4912 2991 4912 2992 4825 2992 4824 2992 4912 2993 4824 2993 4913 2993 4913 2994 4824 2994 4774 2994 4913 2995 4774 2995 4773 2995 4493 2996 4494 2996 4819 2996 4493 2997 4819 2997 4914 2997 4914 2998 4819 2998 4820 2998 4914 2999 4820 2999 4915 2999 4915 3000 4820 3000 4821 3000 4915 3001 4821 3001 4916 3001 4916 3002 4821 3002 4818 3002 4916 3003 4818 3003 4826 3003 4780 3004 4781 3004 4868 3004 4780 3005 4868 3005 4917 3005 4917 3006 4868 3006 4867 3006 4917 3007 4867 3007 4918 3007 4918 3008 4867 3008 4866 3008 4918 3009 4866 3009 4882 3009 4883 3010 4869 3010 4870 3010 4883 3011 4870 3011 4919 3011 4919 3012 4870 3012 4871 3012 4919 3013 4871 3013 4920 3013 4920 3014 4871 3014 4872 3014 4920 3015 4872 3015 4921 3015 4921 3016 4872 3016 4476 3016 4921 3017 4476 3017 4474 3017 4845 3018 4833 3018 4832 3018 4845 3019 4832 3019 4922 3019 4922 3020 4832 3020 4831 3020 4922 3021 4831 3021 4923 3021 4923 3022 4831 3022 4830 3022 4923 3023 4830 3023 4924 3023 4924 3024 4830 3024 4450 3024 4924 3025 4450 3025 4448 3025 4539 3026 4550 3026 4836 3026 4539 3027 4836 3027 4925 3027 4925 3028 4836 3028 4835 3028 4925 3029 4835 3029 4926 3029 4926 3030 4835 3030 4834 3030 4926 3031 4834 3031 4844 3031 4901 3032 4892 3032 4893 3032 4901 3032 4893 3032 4927 3032 4927 3033 4893 3033 4894 3033 4927 3033 4894 3033 4928 3033 4928 3034 4894 3034 4895 3034 4928 3034 4895 3034 4929 3034 4929 3035 4895 3035 4503 3035 4929 3035 4503 3035 4502 3035 4784 3036 4785 3036 4889 3036 4784 3037 4889 3037 4930 3037 4930 3038 4889 3038 4888 3038 4930 3039 4888 3039 4931 3039 4931 3040 4888 3040 4891 3040 4931 3041 4891 3041 4900 3041 4881 3042 4873 3042 4875 3042 4881 3043 4875 3043 4932 3043 4932 3044 4875 3044 4874 3044 4932 3045 4874 3045 4933 3045 4933 3046 4874 3046 4771 3046 4933 3047 4771 3047 4770 3047 4490 3048 4489 3048 4876 3048 4490 3048 4876 3048 4934 3048 4934 3049 4876 3049 4877 3049 4934 3049 4877 3049 4935 3049 4935 3050 4877 3050 4879 3050 4935 3050 4879 3050 4936 3050 4936 3051 4879 3051 4878 3051 4936 3051 4878 3051 4880 3051 4847 3052 4841 3052 4843 3052 4847 3053 4843 3053 4937 3053 4937 3054 4843 3054 4842 3054 4937 3055 4842 3055 4938 3055 4938 3056 4842 3056 4531 3056 4938 3057 4531 3057 4530 3057 4464 3058 4463 3058 4837 3058 4464 3058 4837 3058 4939 3058 4939 3059 4837 3059 4838 3059 4939 3059 4838 3059 4940 3059 4940 3060 4838 3060 4839 3060 4940 3060 4839 3060 4941 3060 4941 3061 4839 3061 4840 3061 4941 3061 4840 3061 4846 3061 4534 3062 4547 3062 4854 3062 4534 3063 4854 3063 4942 3063 4942 3064 4854 3064 4855 3064 4942 3065 4855 3065 4943 3065 4943 3066 4855 3066 4856 3066 4943 3067 4856 3067 4862 3067 4865 3068 4848 3068 4849 3068 4865 3069 4849 3069 4944 3069 4944 3070 4849 3070 4853 3070 4944 3071 4853 3071 4945 3071 4945 3072 4853 3072 4528 3072 4945 3073 4528 3073 4527 3073 4863 3074 4857 3074 4858 3074 4863 3074 4858 3074 4946 3074 4946 3075 4858 3075 4859 3075 4946 3075 4859 3075 4947 3075 4947 3076 4859 3076 4852 3076 4947 3076 4852 3076 4948 3076 4948 3077 4852 3077 4435 3077 4948 3077 4435 3077 4434 3077 4425 3078 4426 3078 4807 3078 4425 3079 4807 3079 4949 3079 4949 3080 4807 3080 4806 3080 4949 3081 4806 3081 4950 3081 4950 3082 4806 3082 4794 3082 4950 3083 4794 3083 4951 3083 4951 3084 4794 3084 4795 3084 4951 3085 4795 3085 4810 3085 4811 3086 4796 3086 4797 3086 4811 3087 4797 3087 4952 3087 4952 3088 4797 3088 4798 3088 4952 3089 4798 3089 4953 3089 4953 3090 4798 3090 4525 3090 4953 3091 4525 3091 4524 3091 4536 3092 4543 3092 4799 3092 4536 3093 4799 3093 4954 3093 4954 3094 4799 3094 4805 3094 4954 3095 4805 3095 4955 3095 4955 3096 4805 3096 4804 3096 4955 3097 4804 3097 4808 3097 4809 3098 4803 3098 4802 3098 4809 3099 4802 3099 4956 3099 4956 3100 4802 3100 4801 3100 4956 3101 4801 3101 4957 3101 4957 3102 4801 3102 4800 3102 4957 3103 4800 3103 4958 3103 4958 3104 4800 3104 4421 3104 4958 3105 4421 3105 4420 3105 4430 3106 4431 3106 4861 3106 4430 3107 4861 3107 4959 3107 4959 3108 4861 3108 4860 3108 4959 3109 4860 3109 4960 3109 4960 3110 4860 3110 4850 3110 4960 3111 4850 3111 4961 3111 4961 3112 4850 3112 4851 3112 4961 3113 4851 3113 4864 3113 4383 3114 4384 3114 4779 3114 4780 3115 4917 3115 4779 3115 4779 3116 4917 3116 4918 3116 4779 3117 4918 3117 4383 3117 4383 3118 4918 3118 4882 3118 4383 3119 4882 3119 4381 3119 4883 3120 4385 3120 4882 3120 4882 3121 4385 3121 4381 3121 4474 3122 4473 3122 4921 3122 4921 3123 4473 3123 4920 3123 4473 3124 4387 3124 4920 3124 4920 3125 4387 3125 4386 3125 4920 3126 4386 3126 4919 3126 4919 3127 4386 3127 4385 3127 4919 3128 4385 3128 4883 3128 4380 3129 4379 3129 4491 3129 4493 3130 4914 3130 4492 3130 4492 3131 4914 3131 4915 3131 4492 3132 4915 3132 4491 3132 4491 3133 4915 3133 4916 3133 4491 3134 4916 3134 4380 3134 4380 3135 4916 3135 4826 3135 4380 3136 4826 3136 4391 3136 4827 3137 4390 3137 4826 3137 4826 3138 4390 3138 4391 3138 4778 3139 4913 3139 4773 3139 4778 3140 4388 3140 4389 3140 4913 3141 4778 3141 4912 3141 4778 3142 4389 3142 4912 3142 4912 3143 4389 3143 4390 3143 4912 3144 4390 3144 4827 3144 4369 3145 4370 3145 4787 3145 4777 3146 4907 3146 4787 3146 4787 3147 4907 3147 4908 3147 4787 3148 4908 3148 4369 3148 4369 3149 4908 3149 4828 3149 4369 3150 4828 3150 4367 3150 4829 3151 4371 3151 4828 3151 4828 3152 4371 3152 4367 3152 4497 3153 4373 3153 4372 3153 4495 3154 4496 3154 4911 3154 4911 3155 4496 3155 4497 3155 4911 3156 4497 3156 4910 3156 4910 3157 4497 3157 4909 3157 4497 3158 4372 3158 4909 3158 4909 3159 4372 3159 4371 3159 4909 3160 4371 3160 4829 3160 4898 3161 4377 3161 4366 3161 4499 3162 4902 3162 4498 3162 4498 3163 4902 3163 4903 3163 4498 3164 4903 3164 4365 3164 4365 3165 4903 3165 4366 3165 4366 3166 4903 3166 4904 3166 4366 3167 4904 3167 4898 3167 4899 3168 4376 3168 4898 3168 4898 3169 4376 3169 4377 3169 4786 3170 4906 3170 4767 3170 4786 3171 4374 3171 4375 3171 4906 3172 4786 3172 4905 3172 4786 3173 4375 3173 4905 3173 4905 3174 4375 3174 4376 3174 4905 3175 4376 3175 4899 3175 3556 3176 3555 3176 4783 3176 4784 3177 4930 3177 4783 3177 4783 3178 4930 3178 4931 3178 4783 3179 4931 3179 3556 3179 3556 3180 4931 3180 4900 3180 3556 3181 4900 3181 3558 3181 4901 3182 3559 3182 4900 3182 4900 3183 3559 3183 3558 3183 4502 3184 3268 3184 3257 3184 4502 3185 3257 3185 4929 3185 4929 3186 3257 3186 3256 3186 4929 3186 3256 3186 4928 3186 4928 3187 3256 3187 3560 3187 4928 3188 3560 3188 4927 3188 4927 3189 3560 3189 3559 3189 4927 3190 3559 3190 4901 3190 4512 3191 4470 3191 4471 3191 4512 3192 4471 3192 4513 3192 4513 3193 4471 3193 4472 3193 4513 3194 4472 3194 4514 3194 4514 3195 4472 3195 3607 3195 4514 3196 3607 3196 4510 3196 4510 3197 3607 3197 3227 3197 4510 3198 3227 3198 4511 3198 4511 3199 3227 3199 3229 3199 4511 3200 3229 3200 4507 3200 4507 3201 3229 3201 4508 3201 4508 3202 3229 3202 3266 3202 4508 3203 3266 3203 4504 3203 4504 3204 3266 3204 3268 3204 4504 3205 3268 3205 4502 3205 4782 3206 4933 3206 4770 3206 4782 3207 3565 3207 3564 3207 4933 3208 4782 3208 4932 3208 4782 3209 3564 3209 4932 3209 4932 3210 3564 3210 3563 3210 4932 3211 3563 3211 4881 3211 3562 3212 4880 3212 3563 3212 3563 3213 4880 3213 4881 3213 4880 3214 3562 3214 3561 3214 4880 3215 3561 3215 4936 3215 4936 3216 3561 3216 3504 3216 4936 3217 3504 3217 4935 3217 4935 3218 3504 3218 3503 3218 4935 3218 3503 3218 4934 3218 4934 3219 3503 3219 3501 3219 4934 3220 3501 3220 4490 3220 4475 3221 4477 3221 4520 3221 4520 3222 4477 3222 4479 3222 4520 3223 4479 3223 4523 3223 3501 3224 3498 3224 4490 3224 4490 3225 3498 3225 4488 3225 3496 3226 4485 3226 3498 3226 3498 3227 4485 3227 4487 3227 3498 3228 4487 3228 4488 3228 4523 3229 4479 3229 3567 3229 3567 3230 4479 3230 4481 3230 3567 3231 4481 3231 3566 3231 3566 3232 4481 3232 4482 3232 3566 3233 4482 3233 3496 3233 3496 3234 4482 3234 4483 3234 3496 3235 4483 3235 4485 3235 4410 3236 4409 3236 4540 3236 4539 3237 4925 3237 4540 3237 4540 3238 4925 3238 4926 3238 4540 3239 4926 3239 4410 3239 4410 3240 4926 3240 4844 3240 4410 3241 4844 3241 4412 3241 4845 3242 4414 3242 4844 3242 4844 3243 4414 3243 4412 3243 4448 3244 4447 3244 4924 3244 4924 3245 4447 3245 4923 3245 4447 3246 4416 3246 4923 3246 4923 3247 4416 3247 4415 3247 4923 3248 4415 3248 4922 3248 4922 3249 4415 3249 4414 3249 4922 3250 4414 3250 4845 3250 4408 3251 4407 3251 4424 3251 4425 3252 4949 3252 4423 3252 4423 3253 4949 3253 4950 3253 4423 3254 4950 3254 4424 3254 4424 3255 4950 3255 4951 3255 4424 3256 4951 3256 4408 3256 4408 3257 4951 3257 4810 3257 4408 3258 4810 3258 4417 3258 4811 3259 4418 3259 4810 3259 4810 3260 4418 3260 4417 3260 4538 3261 4953 3261 4524 3261 4538 3262 4413 3262 4953 3262 4953 3263 4413 3263 4419 3263 4953 3264 4419 3264 4952 3264 4952 3265 4419 3265 4418 3265 4952 3266 4418 3266 4811 3266 4533 3267 4938 3267 4530 3267 4533 3268 3234 3268 4938 3268 4938 3269 3234 3269 3233 3269 4938 3270 3233 3270 4937 3270 4937 3271 3233 3271 3424 3271 4937 3271 3424 3271 4847 3271 3423 3272 4846 3272 3424 3272 3424 3273 4846 3273 4847 3273 4846 3274 3423 3274 3422 3274 4846 3275 3422 3275 4941 3275 4941 3276 3422 3276 3421 3276 4941 3277 3421 3277 4940 3277 4940 3278 3421 3278 3420 3278 4940 3279 3420 3279 4939 3279 4939 3280 3420 3280 3419 3280 4939 3281 3419 3281 4464 3281 4449 3282 4451 3282 4469 3282 4469 3283 4451 3283 4453 3283 4469 3284 4453 3284 4468 3284 3419 3285 3417 3285 4464 3285 4464 3286 3417 3286 4462 3286 3413 3287 4459 3287 3417 3287 3417 3288 4459 3288 4461 3288 3417 3289 4461 3289 4462 3289 4468 3290 4453 3290 3569 3290 3569 3291 4453 3291 4455 3291 3569 3292 4455 3292 3415 3292 3415 3293 4455 3293 4456 3293 3415 3294 4456 3294 3413 3294 3413 3295 4456 3295 4458 3295 3413 3296 4458 3296 4459 3296 3364 3297 3365 3297 4535 3297 4534 3298 4942 3298 4535 3298 4535 3299 4942 3299 4943 3299 4535 3300 4943 3300 3364 3300 3364 3301 4943 3301 4862 3301 3364 3301 4862 3301 3363 3301 4863 3302 3362 3302 4862 3302 4862 3303 3362 3303 3363 3303 4434 3304 3526 3304 3524 3304 4434 3305 3524 3305 4948 3305 4948 3306 3524 3306 3522 3306 4948 3307 3522 3307 4947 3307 4947 3308 3522 3308 3521 3308 4947 3309 3521 3309 4946 3309 4946 3310 3521 3310 3362 3310 4946 3311 3362 3311 4863 3311 4444 3312 4432 3312 4521 3312 4444 3313 4521 3313 4445 3313 4445 3314 4521 3314 4522 3314 4445 3315 4522 3315 4446 3315 4446 3316 4522 3316 3535 3316 4446 3317 3535 3317 4442 3317 4442 3318 3535 3318 3534 3318 4442 3319 3534 3319 4443 3319 4443 3320 3534 3320 3531 3320 4443 3321 3531 3321 4439 3321 4439 3322 3531 3322 4440 3322 4440 3323 3531 3323 3528 3323 4440 3324 3528 3324 4436 3324 4436 3325 3528 3325 3526 3325 4436 3326 3526 3326 4434 3326 4864 3327 4403 3327 4394 3327 4430 3328 4959 3328 4429 3328 4429 3329 4959 3329 4960 3329 4429 3330 4960 3330 4393 3330 4393 3331 4960 3331 4394 3331 4394 3332 4960 3332 4961 3332 4394 3333 4961 3333 4864 3333 4865 3334 4404 3334 4864 3334 4864 3335 4404 3335 4403 3335 4544 3336 4945 3336 4527 3336 4544 3337 4399 3337 4945 3337 4945 3338 4399 3338 4405 3338 4945 3339 4405 3339 4944 3339 4944 3340 4405 3340 4404 3340 4944 3341 4404 3341 4865 3341 4396 3342 4395 3342 4537 3342 4536 3343 4954 3343 4537 3343 4537 3344 4954 3344 4955 3344 4537 3345 4955 3345 4396 3345 4396 3346 4955 3346 4808 3346 4396 3347 4808 3347 4398 3347 4809 3348 4400 3348 4808 3348 4808 3349 4400 3349 4398 3349 4428 3350 4402 3350 4401 3350 4420 3351 4427 3351 4958 3351 4958 3352 4427 3352 4428 3352 4958 3353 4428 3353 4957 3353 4957 3354 4428 3354 4956 3354 4428 3355 4401 3355 4956 3355 4956 3356 4401 3356 4400 3356 4956 3357 4400 3357 4809 3357</p>
        </triangles>
      </mesh>
    </geometry>
  </library_geometries>
  <library_visual_scenes>
    <visual_scene id="DefaultScene">
      <node id="node_7eb77af4_8d41_4050_ae9a_7b13412ecce2" type="NODE">
        <matrix>1 0 0 0 0 1 0 0 0 0 1 0 0 0 0 1</matrix>
        <node id="node_25a64285_2a9a_4b23_a890_ed4ec87e113c" type="NODE">
          <matrix>1 0 0 0 0 1 0 0 0 0 1 0 0 0 0 1</matrix>
          <node id="node_25a64285_2a9a_4b23_a890_ed4ec87e113c_mesh0" type="NODE">
            <matrix>1 0 0 0 0 1 0 0 0 0 1 0 0 0 0 1</matrix>
            <instance_geometry url="#geometry_80632df7_8e38_48af_bfcd_53d9747a5cec">
              <bind_material>
                <technique_common>
                  <instance_material symbol="mat_0" target="#mat_0"/>
                </technique_common>
              </bind_material>
            </instance_geometry>
          </node>
        </node>
      </node>
    </visual_scene>
  </library_visual_scenes>
  <scene>
    <instance_visual_scene url="#DefaultScene"/>
  </scene>
</COLLADA>
