# File generated by ImageToStl.com - Free Image and 3D model conversion tools

o obj1
v -0.00246579 0.00041216 0.0114
v -0.00221774 0.00115396 0.0114
v -0 -0 0.0114
v -0.00247247 -0.00036998 0.0114
v -0.00115396 -0.00221774 0.0114
v -0.0017828 -0.0017526 0.0114
v -0.00223713 -0.00111591 0.0114
v 0.00111591 -0.00223713 0.0114
v 0.00036998 -0.00247247 0.0114
v -0.00041216 -0.00246579 0.0114
v 0.00246579 -0.00041216 0.0114
v 0.00221774 -0.00115396 0.0114
v 0.0017526 -0.0017828 0.0114
v 0.0017828 0.0017526 0.0114
v 0.00223713 0.00111591 0.0114
v 0.00247247 0.00036998 0.0114
v -0.00036998 0.00247247 0.0114
v 0.00041216 0.00246579 0.0114
v 0.00115396 0.00221774 0.0114
v -0.0017526 0.0017828 0.0114
v -0.00111591 0.00223713 0.0114
v -0.00246579 0.00041216 0.0214
v -0.00247247 -0.00036998 0.0214
v -0.00223713 -0.00111591 0.0214
v -0.0017828 -0.0017526 0.0214
v -0.00115396 -0.00221774 0.0214
v -0.00041216 -0.00246579 0.0214
v 0.00036998 -0.00247247 0.0214
v 0.00111591 -0.00223713 0.0214
v 0.0017526 -0.0017828 0.0214
v 0.00221774 -0.00115396 0.0214
v 0.00246579 -0.00041216 0.0214
v 0.00247247 0.00036998 0.0214
v 0.00223713 0.00111591 0.0214
v 0.0017828 0.0017526 0.0214
v 0.00115396 0.00221774 0.0214
v 0.00041216 0.00246579 0.0214
v -0.00036998 0.00247247 0.0214
v -0.00111591 0.00223713 0.0214
v -0.0017526 0.0017828 0.0214
v -0.00221774 0.00115396 0.0214
v 0.00091066 0.00285844 0.0214
v 0.00167909 0.00248609 0.0214
v 0.00231149 0.00191234 0.0214
v 0.00275662 0.00118365 0.0214
v 0.00297843 0.00035907 0.0214
v 0.00295895 -0.00049459 0.0214
v 0.00269975 -0.00130819 0.0214
v 0.00222183 -0.00201581 0.0214
v 0.00156391 -0.00256011 0.0214
v 0.00077929 -0.00289702 0.0214
v -6.846E-05 -0.00299922 0.0214
v -0.00091066 -0.00285844 0.0214
v -0.00167909 -0.00248609 0.0214
v -0.00231149 -0.00191234 0.0214
v -0.00275662 -0.00118365 0.0214
v -0.00297843 -0.00035907 0.0214
v -0.00295895 0.00049459 0.0214
v -0.00269975 0.00130819 0.0214
v -0.00222183 0.00201581 0.0214
v -0.00156391 0.00256011 0.0214
v -0.00077929 0.00289702 0.0214
v 6.846E-05 0.00299922 0.0214
v -0.00295895 0.00049459 0.0294
v -0.00297843 -0.00035907 0.0294
v -0.00275662 -0.00118365 0.0294
v -0.00231149 -0.00191234 0.0294
v -0.00167909 -0.00248609 0.0294
v -0.00091066 -0.00285844 0.0294
v -6.846E-05 -0.00299922 0.0294
v 0.00077929 -0.00289702 0.0294
v 0.00156391 -0.00256011 0.0294
v 0.00222183 -0.00201581 0.0294
v 0.00269975 -0.00130819 0.0294
v 0.00295895 -0.00049459 0.0294
v 0.00297843 0.00035907 0.0294
v 0.00275662 0.00118365 0.0294
v 0.00231149 0.00191234 0.0294
v 0.00167909 0.00248609 0.0294
v 0.00091066 0.00285844 0.0294
v 6.846E-05 0.00299922 0.0294
v -0.00077929 0.00289702 0.0294
v -0.00156391 0.00256011 0.0294
v -0.00222183 0.00201581 0.0294
v -0.00269975 0.00130819 0.0294
v 0.00344982 0.00361922 0.0294
v 0.00414719 0.00279299 0.0294
v 0.00465064 0.00183617 0.0294
v -0.00052506 0.00497235 0.0294
v 0.00055612 0.00496898 0.0294
v 0.0016113 0.00473326 0.0294
v 0.00259114 0.00427621 0.0294
v -0.00412966 0.00281885 0.0294
v -0.00342714 0.0036407 0.0294
v -0.00256437 0.00429232 0.0294
v -0.0015817 0.00474323 0.0294
v 0.00493664 0.00079349 0.0294
v 0.0049918 -0.00028629 0.0294
v 0.00481355 -0.00135269 0.0294
v 0.00441022 -0.00235583 0.0294
v 0.00380068 -0.00324882 0.0294
v -0.00482191 -0.00132258 0.0294
v -0.00499349 -0.0002551 0.0294
v -0.00493158 0.00082432 0.0294
v -0.00463908 0.00186519 0.0294
v 0.00301342 -0.0039899 0.0294
v 0.00208526 -0.00454441 0.0294
v 0.00105959 -0.00488644 0.0294
v -1.562E-05 -0.00499998 0.0294
v -0.0010901 -0.00487972 0.0294
v -0.00211361 -0.0045313 0.0294
v -0.00303829 -0.00397099 0.0294
v -0.0038209 -0.00322501 0.0294
v -0.00442486 -0.00232823 0.0294
v -0.00493158 0.00082432 0.0334
v -0.00499349 -0.0002551 0.0334
v -0.00482191 -0.00132258 0.0334
v -0.00442486 -0.00232823 0.0334
v -0.0038209 -0.00322501 0.0334
v -0.00303829 -0.00397099 0.0334
v -0.00211361 -0.0045313 0.0334
v -0.0010901 -0.00487972 0.0334
v -1.562E-05 -0.00499998 0.0334
v 0.00105959 -0.00488644 0.0334
v 0.00208526 -0.00454441 0.0334
v 0.00301342 -0.0039899 0.0334
v 0.00380068 -0.00324882 0.0334
v 0.00441022 -0.00235583 0.0334
v 0.00481355 -0.00135269 0.0334
v 0.0049918 -0.00028629 0.0334
v 0.00493664 0.00079349 0.0334
v 0.00465064 0.00183617 0.0334
v 0.00414719 0.00279299 0.0334
v 0.00344982 0.00361922 0.0334
v 0.00259114 0.00427621 0.0334
v 0.0016113 0.00473326 0.0334
v 0.00055612 0.00496898 0.0334
v -0.00052506 0.00497235 0.0334
v -0.0015817 0.00474323 0.0334
v -0.00256437 0.00429232 0.0334
v -0.00342714 0.0036407 0.0334
v -0.00412966 0.00281885 0.0334
v -0.00463908 0.00186519 0.0334
v -0 -0 0.0334
v -0.00012283 0.00249698 -0.0116
v -0.00088843 0.00233681 -0.0116
v 0 0 -0.0116
v 0.00065479 0.00241273 -0.0116
v 0.00233681 0.00088843 -0.0116
v 0.0019479 0.00156706 -0.0116
v 0.00136832 0.0020923 -0.0116
v 0.0020923 -0.00136832 -0.0116
v 0.00241273 -0.00065479 -0.0116
v 0.00249698 0.00012283 -0.0116
v 0.00012283 -0.00249698 -0.0116
v 0.00088843 -0.00233681 -0.0116
v 0.00156706 -0.0019479 -0.0116
v -0.0019479 -0.00156706 -0.0116
v -0.00136832 -0.0020923 -0.0116
v -0.00065479 -0.00241273 -0.0116
v -0.00241273 0.00065479 -0.0116
v -0.00249698 -0.00012283 -0.0116
v -0.00233681 -0.00088843 -0.0116
v -0.00156706 0.0019479 -0.0116
v -0.0020923 0.00136832 -0.0116
v -0.00012283 0.00249698 -0.0216
v 0.00065479 0.00241273 -0.0216
v 0.00136832 0.0020923 -0.0216
v 0.0019479 0.00156706 -0.0216
v 0.00233681 0.00088843 -0.0216
v 0.00249698 0.00012283 -0.0216
v 0.00241273 -0.00065479 -0.0216
v 0.0020923 -0.00136832 -0.0216
v 0.00156706 -0.0019479 -0.0216
v 0.00088843 -0.00233681 -0.0216
v 0.00012283 -0.00249698 -0.0216
v -0.00065479 -0.00241273 -0.0216
v -0.00136832 -0.0020923 -0.0216
v -0.0019479 -0.00156706 -0.0216
v -0.00233681 -0.00088843 -0.0216
v -0.00249698 -0.00012283 -0.0216
v -0.00241273 0.00065479 -0.0216
v -0.0020923 0.00136832 -0.0216
v -0.00156706 0.0019479 -0.0216
v -0.00088843 0.00233681 -0.0216
v -0.0029449 -0.00057232 -0.0216
v -0.00266437 -0.00137881 -0.0216
v -0.00216799 -0.0020736 -0.0216
v -0.00149597 -0.0026004 -0.0216
v -0.00070275 -0.00291653 -0.0216
v 0.00014739 -0.00299638 -0.0216
v 0.0009856 -0.00283348 -0.0216
v 0.00174396 -0.00244103 -0.0216
v 0.00236103 -0.00185082 -0.0216
v 0.00278683 -0.00111067 -0.0216
v 0.00298685 -0.00028054 -0.0216
v 0.0029449 0.00057232 -0.0216
v 0.00266437 0.00137881 -0.0216
v 0.00216799 0.0020736 -0.0216
v 0.00149597 0.0026004 -0.0216
v 0.00070275 0.00291653 -0.0216
v -0.00014739 0.00299638 -0.0216
v -0.0009856 0.00283348 -0.0216
v -0.00174396 0.00244103 -0.0216
v -0.00236103 0.00185082 -0.0216
v -0.00278683 0.00111067 -0.0216
v -0.00298685 0.00028054 -0.0216
v -0.00014739 0.00299638 -0.0296
v 0.00070275 0.00291653 -0.0296
v 0.00149597 0.0026004 -0.0296
v 0.00216799 0.0020736 -0.0296
v 0.00266437 0.00137881 -0.0296
v 0.0029449 0.00057232 -0.0296
v 0.00298685 -0.00028054 -0.0296
v 0.00278683 -0.00111067 -0.0296
v 0.00236103 -0.00185082 -0.0296
v 0.00174396 -0.00244103 -0.0296
v 0.0009856 -0.00283348 -0.0296
v 0.00014739 -0.00299638 -0.0296
v -0.00070275 -0.00291653 -0.0296
v -0.00149597 -0.0026004 -0.0296
v -0.00216799 -0.0020736 -0.0296
v -0.00266437 -0.00137881 -0.0296
v -0.0029449 -0.00057232 -0.0296
v -0.00298685 0.00028054 -0.0296
v -0.00278683 0.00111067 -0.0296
v -0.00236103 0.00185082 -0.0296
v -0.00174396 0.00244103 -0.0296
v -0.0009856 0.00283348 -0.0296
v -0.00399559 -0.00300587 -0.0296
v -0.003256 -0.00379453 -0.0296
v -0.00236417 -0.00440576 -0.0296
v -0.00487765 0.00109933 -0.0296
v -0.00499994 2.507E-05 -0.0296
v -0.00488843 -0.00105035 -0.0296
v -0.00454835 -0.00207666 -0.0296
v -0.00231986 0.00442925 -0.0296
v -0.00321778 0.00382699 -0.0296
v -0.00396524 0.00304579 -0.0296
v -0.00452729 0.00212217 -0.0296
v -0.00136178 -0.00481098 -0.0296
v -0.00029573 -0.00499125 -0.0296
v 0.00078416 -0.00493813 -0.0296
v 0.00182738 -0.00465411 -0.0296
v 0.00278515 -0.00415246 -0.0296
v 0.00187396 0.00463554 -0.0296
v 0.00083364 0.00493001 -0.0296
v -0.00024565 0.00499396 -0.0296
v -0.00131347 0.0048244 -0.0296
v 0.00361269 -0.00345666 -0.0296
v 0.00427131 -0.00259922 -0.0296
v 0.0047302 -0.00162025 -0.0296
v 0.00496792 -0.00056551 -0.0296
v 0.00497334 0.00051566 -0.0296
v 0.00474621 0.00157273 -0.0296
v 0.00429716 0.00255625 -0.0296
v 0.00364717 0.00342025 -0.0296
v 0.00282665 0.00412432 -0.0296
v -0.00024565 0.00499396 -0.0336
v 0.00083364 0.00493001 -0.0336
v 0.00187396 0.00463554 -0.0336
v 0.00282665 0.00412432 -0.0336
v 0.00364717 0.00342025 -0.0336
v 0.00429716 0.00255625 -0.0336
v 0.00474621 0.00157273 -0.0336
v 0.00497334 0.00051566 -0.0336
v 0.00496792 -0.00056551 -0.0336
v 0.0047302 -0.00162025 -0.0336
v 0.00427131 -0.00259922 -0.0336
v 0.00361269 -0.00345666 -0.0336
v 0.00278515 -0.00415246 -0.0336
v 0.00182738 -0.00465411 -0.0336
v 0.00078416 -0.00493813 -0.0336
v -0.00029573 -0.00499125 -0.0336
v -0.00136178 -0.00481098 -0.0336
v -0.00236417 -0.00440576 -0.0336
v -0.003256 -0.00379453 -0.0336
v -0.00399559 -0.00300587 -0.0336
v -0.00454835 -0.00207666 -0.0336
v -0.00488843 -0.00105035 -0.0336
v -0.00499994 2.507E-05 -0.0336
v -0.00487765 0.00109933 -0.0336
v -0.00452729 0.00212217 -0.0336
v -0.00396524 0.00304579 -0.0336
v -0.00321778 0.00382699 -0.0336
v -0.00231986 0.00442925 -0.0336
v -0.00131347 0.0048244 -0.0336
v 0 0 -0.0336
v -0.0015 0.00259808 -0.0216
v -0.00084738 0.00287784 -0.0216
v -0.00084738 0.00192145 -0.0216
v -0.00242705 0.00176336 -0.0216
v -0.00157187 0.00139256 -0.0216
v -0.00293444 0.00062374 -0.0216
v -0.00203898 0.00050256 -0.0216
v -0.00293444 -0.00062374 -0.0216
v -0.00203898 -0.00050256 -0.0216
v -0.00242705 -0.00176336 -0.0216
v -0.00157187 -0.00139256 -0.0216
v -0.0015 -0.00259808 -0.0216
v -0.00084738 -0.00192145 -0.0216
v -0.00084738 -0.00287784 -0.0216
v 0.0015 0.00259808 0.0214
v 0.00084738 0.00287784 0.0214
v 0.00084738 0.00192145 0.0214
v 0.00242705 0.00176336 0.0214
v 0.00157187 0.00139256 0.0214
v 0.00293444 0.00062374 0.0214
v 0.00203898 0.00050256 0.0214
v 0.00293444 -0.00062374 0.0214
v 0.00203898 -0.00050256 0.0214
v 0.00242705 -0.00176336 0.0214
v 0.00157187 -0.00139256 0.0214
v 0.0015 -0.00259808 0.0214
v 0.00084738 -0.00192145 0.0214
v 0.00084738 -0.00287784 0.0214
v -0.001 -0.00184662 -0.0094188
v -0.001 -0.00184662 -0.00736911
v -0.001 -0.00324919 -0.00902708
v -0.001 -0.00194114 -0.00734444
v -0.001 -0.00522034 -0.00803713
v -0.001 -0.00375 -0.00659519
v -0.001 -0.00691005 -0.00661929
v -0.001 -0.0053033 -0.0054033
v -0.001 -0.00822724 -0.00485
v -0.001 -0.00649519 -0.00385
v -0.001 -0.0091009 -0.00282463
v -0.001 -0.00724444 -0.00204114
v -0.001 -0.00948393 -0.00065237
v -0.001 -0.0075 -0.0001
v -0.001 -0.00935567 0.00154966
v -0.001 -0.00724444 0.00184114
v -0.001 -0.00872305 0.00366276
v -0.001 -0.00649519 0.00365
v -0.001 -0.00184662 0.00716911
v -0.001 -0.00184662 0.0092188
v -0.001 -0.00194114 0.00714444
v -0.001 -0.00219085 0.00914393
v -0.001 -0.00375 0.00639519
v -0.001 -0.00426359 0.00838951
v -0.001 -0.0053033 0.0052033
v -0.001 -0.00610648 0.00717742
v -0.001 -0.00762017 0.00557301
v 0.00185946 -0.00097592 -0.00954974
v 0.00178148 -0.0011119 -0.00953471
v 0.0048 -0.00110288 -0.00953576
v 0.0007451 -0.00196337 -0.0093949
v 0.00025313 -0.00208469 -0.00936844
v 0.0048 -0.00324919 -0.00902708
v 0.00152219 -0.0014467 -0.0094892
v 0.00119294 -0.00172827 -0.00944147
v -0.00025272 -0.00208474 -0.00936843
v -0.00074467 -0.00196353 -0.00939486
v 0.00185936 0.0009761 -0.00954972
v 0.00203898 0.00050256 -0.0095867
v 0.0048 0.00110288 -0.00953576
v 0.0048 0 -0.0096
v 0.0021 0 -0.0096
v 0.00203886 -0.00050305 -0.00958667
v -0.00025409 0.00208457 -0.00936847
v -0.001 0.00324919 -0.00902708
v -0.00074467 0.00196353 -0.00939486
v -0.001 0.00184662 -0.0094188
v 0.00025313 0.00208469 -0.00936844
v 0.00074614 0.00196298 -0.00939498
v 0.0048 0.00324919 -0.00902708
v 0.00119294 0.00172827 -0.00944147
v 0.00152238 0.0014465 -0.00948923
v 0.00178708 0.00110288 -0.00953576
v 0.00185877 0.00097722 0.00934961
v 0.00157187 0.00139256 0.00929738
v 0.0048 0.00219085 0.00914393
v 0.00119371 0.00172773 0.00924157
v 0.00074467 0.00196353 0.00919487
v 0.00025266 0.00208474 0.00916843
v -0.00025313 0.00208469 0.00916845
v -0.001 0.00219085 0.00914393
v -0.00063864 0.00200053 0.00918697
v -0.001 0.00184662 0.0092188
v -0.00025313 -0.00208469 0.00916845
v -0.00063626 -0.00200129 0.00918681
v 0.00025359 -0.00208463 0.00916846
v 0.00074467 -0.00196353 0.00919487
v 0.0048 -0.00219085 0.00914393
v 0.00119268 -0.00172844 0.00924144
v 0.00157187 -0.00139256 0.00929738
v 0.00185934 -0.00097615 0.00934972
v 0.00203898 -0.00050256 0.0093867
v 0.0048 0 0.0094
v 0.0021 0 0.0094
v 0.00203898 0.00050256 0.0093867
v 0.0048 -0.00426359 0.00838951
v 0.0048 -0.00610648 0.00717742
v 0.0048 -0.00762017 0.00557301
v 0.0048 -0.00872305 0.00366276
v 0.0048 -0.00935567 0.00154966
v 0.0048 -0.00948393 -0.00065237
v 0.0048 -0.0091009 -0.00282463
v 0.0048 -0.00822724 -0.00485
v 0.0048 -0.00691005 -0.00661929
v 0.0048 -0.00522034 -0.00803713
v -0.001 0.00522034 -0.00803713
v 0.0048 0.00522034 -0.00803713
v -0.001 0.00691005 -0.00661929
v 0.0048 0.00691005 -0.00661929
v -0.001 0.00822724 -0.00485
v 0.0048 0.00822724 -0.00485
v -0.001 0.0091009 -0.00282463
v 0.0048 0.0091009 -0.00282463
v -0.001 0.00948393 -0.00065237
v 0.0048 0.00948393 -0.00065237
v -0.001 0.00935567 0.00154966
v 0.0048 0.00935567 0.00154966
v -0.001 0.00872305 0.00366276
v 0.0048 0.00872305 0.00366276
v -0.001 0.00762017 0.00557301
v 0.0048 0.00762017 0.00557301
v -0.001 0.00610648 0.00717742
v 0.0048 0.00610648 0.00717742
v -0.001 0.00426359 0.00838951
v 0.0048 0.00426359 0.00838951
v -0.005 -0.00880673 0.00686259
v -0.005 -0.00813173 0.00668173
v -0.005 -0.0075 -0.0001
v -0.005 -0.00696259 -0.00890673
v -0.005 -0.00678173 -0.00823173
v -0.005 0 -0.0076
v -0.005 -0.00528408 -0.01314955
v -0.005 -0.00745673 -0.00940086
v -0.005 -0.0056 -0.01293121
v -0.005 -0.00813173 -0.00958173
v -0.005 -0.00795956 -0.01161718
v -0.005 -0.00880673 -0.00940086
v -0.005 -0.0100229 -0.00987453
v -0.005 -0.00930086 -0.00890673
v -0.005 -0.00813173 -0.00688173
v -0.005 -0.00880673 -0.00706259
v -0.005 -0.014 -0.0001
v -0.005 -0.00745673 -0.00706259
v -0.005 -0.0053033 -0.0054033
v -0.005 -0.00696259 -0.00755673
v -0.005 -0.00375 -0.00659519
v -0.005 -0.00194114 -0.00734444
v -0.005 -0.00948173 -0.00823173
v -0.005 -0.01171324 -0.00776811
v -0.005 -0.00930086 -0.00755673
v -0.005 -0.01296766 -0.00537633
v -0.005 -0.01373949 -0.00278819
v -0.005 -0.00507374 -0.01347085
v -0.005 0 -0.0249
v -0.005 -0.005 -0.01384773
v -0.005 -0.005 -0.0249
v -0.005 -0.0053033 0.0052033
v -0.005 -0.00649519 0.00365
v -0.005 -0.00745673 0.00686259
v -0.005 -0.00678173 0.00803173
v -0.005 -0.00696259 0.00870673
v -0.005 0 0.0247
v -0.005 -0.00724444 0.00184114
v -0.005 -0.0100229 0.00967453
v -0.005 -0.00795956 0.01141718
v -0.005 -0.00813173 0.00938173
v -0.005 -0.00745673 0.00920086
v -0.005 -0.00880673 0.00920086
v -0.005 -0.00930086 0.00870673
v -0.005 -0.01171324 0.00756812
v -0.005 -0.00948173 0.00803173
v -0.005 -0.01296766 0.00517633
v -0.005 -0.00930086 0.00735673
v -0.005 -0.01373949 0.00258819
v -0.005 -0.00724444 -0.00204114
v -0.005 -0.00649519 -0.00385
v -0.005 -0.0056 0.01273121
v -0.005 -0.00528408 0.01294955
v -0.005 -0.00507374 0.01327085
v -0.005 -0.005 0.01364773
v -0.005 -0.005 0.0247
v -0.005 0.00696259 0.00870673
v -0.005 0.00678173 0.00803173
v -0.005 0 0.0074
v -0.005 0.00813173 0.00668173
v -0.005 0.00880673 0.00686259
v -0.005 0.014 -0.0001
v -0.005 -0.00375 0.00639519
v -0.005 -0.00696259 0.00735673
v -0.005 -0.00194114 0.00714444
v -0.005 0.005 0.0247
v -0.005 0.005 0.01364773
v -0.005 0.00507374 0.01327085
v -0.005 0.00528408 0.01294955
v -0.005 0.00745673 0.00920086
v -0.005 0.0056 0.01273121
v -0.005 0.00813173 0.00938173
v -0.005 0.00795956 0.01141718
v -0.005 0.00880673 0.00920086
v -0.005 0.0100229 0.00967453
v -0.005 0.00930086 0.00870673
v -0.005 0.00745673 0.00686259
v -0.005 0.0053033 0.0052033
v -0.005 0.00696259 0.00735673
v -0.005 0.00375 0.00639519
v -0.005 0.00194114 0.00714444
v -0.005 0.00948173 0.00803173
v -0.005 0.01171324 0.00756812
v -0.005 0.00930086 0.00735673
v -0.005 0.01296766 0.00517633
v -0.005 0.01373949 0.00258819
v -0.005 0.00745673 -0.00940086
v -0.005 0.00813173 -0.00958173
v -0.005 0.00795956 -0.01161718
v -0.005 0.0100229 -0.00987453
v -0.005 0.00880673 -0.00706259
v -0.005 0.00813173 -0.00688173
v -0.005 0.0075 -0.0001
v -0.005 0.00724444 -0.00204114
v -0.005 0.00880673 -0.00940086
v -0.005 0.00930086 -0.00890673
v -0.005 0.01171324 -0.00776811
v -0.005 0.00948173 -0.00823173
v -0.005 0.01296766 -0.00537633
v -0.005 0.00930086 -0.00755673
v -0.005 0.01373949 -0.00278819
v -0.005 0.00724444 0.00184114
v -0.005 0.00649519 0.00365
v -0.005 0.00678173 -0.00823173
v -0.005 0.00696259 -0.00890673
v -0.005 0.00649519 -0.00385
v -0.005 0.00745673 -0.00706259
v -0.005 0.0053033 -0.0054033
v -0.005 0.00696259 -0.00755673
v -0.005 0.00375 -0.00659519
v -0.005 0.00194114 -0.00734444
v -0.005 0.0056 -0.01293121
v -0.005 0.00528408 -0.01314955
v -0.005 0.00507374 -0.01347085
v -0.005 0.005 -0.01384773
v -0.005 0.005 -0.0249
v 0.005 -0.00813173 -0.00688173
v 0.005 -0.00745673 -0.00706259
v 0.005 -0.00705552 -0.00675654
v 0.005 -0.00840045 -0.00495
v 0.005 -0.0092925 -0.00288199
v 0.005 -0.014 -0.0001
v 0.005 -0.00968359 -0.000664
v 0.005 -0.00533024 -0.00820423
v 0.005 -0.00696259 -0.00755673
v 0.005 -0.0033176 -0.00921502
v 0.005 -0.00880673 -0.00706259
v 0.005 -0.01373949 -0.00278819
v 0.005 -0.00930086 -0.00755673
v 0.005 -0.01296766 -0.00537633
v 0.005 -0.00948173 -0.00823173
v 0.005 -0.01171324 -0.00776811
v 0.005 -0.00930086 -0.00890673
v 0.005 -0.0100229 -0.00987453
v 0.005 -0.005 -0.01384773
v 0.005 0 -0.0098
v 0.005 -0.00507374 -0.01347085
v 0.005 -0.0011261 -0.00973441
v 0.005 -0.00528408 -0.01314955
v 0.005 -0.0056 -0.01293121
v 0.005 -0.00745673 -0.00940086
v 0.005 -0.00795956 -0.01161718
v 0.005 -0.00813173 -0.00958173
v 0.005 -0.00880673 -0.00940086
v 0.005 -0.00696259 -0.00890673
v 0.005 -0.00678173 -0.00823173
v 0.005 -0.00223697 0.00933854
v 0.005 0 0.0096
v 0.005 -0.00507374 0.01327085
v 0.005 -0.00696259 0.00870673
v 0.005 -0.00528408 0.01294955
v 0.005 -0.00745673 0.00920086
v 0.005 -0.0056 0.01273121
v 0.005 -0.00813173 0.00938173
v 0.005 -0.00795956 0.01141718
v 0.005 -0.00880673 0.00920086
v 0.005 -0.0100229 0.00967453
v 0.005 -0.00930086 0.00870673
v 0.005 0 0.0247
v 0.005 -0.005 0.0247
v 0.005 -0.005 0.01364773
v 0.005 -0.00435335 0.00856824
v 0.005 -0.00678173 0.00803173
v 0.005 -0.00623504 0.00733063
v 0.005 -0.00696259 0.00735673
v 0.005 -0.00778059 0.00569244
v 0.005 -0.00955264 0.00158439
v 0.005 -0.0089067 0.00374197
v 0.005 -0.00813173 0.00668173
v 0.005 -0.00745673 0.00686259
v 0.005 -0.00880673 0.00686259
v 0.005 -0.0097 -9.713E-05
v 0.005 -0.00948173 0.00803173
v 0.005 -0.01171324 0.00756812
v 0.005 -0.00930086 0.00735673
v 0.005 -0.01296766 0.00517633
v 0.005 -0.01373949 0.00258819
v 0.005 0.0100229 0.00967453
v 0.005 0.00795956 0.01141718
v 0.005 0.00813173 0.00938173
v 0.005 0.00745673 0.00920086
v 0.005 0.00778059 0.00569244
v 0.005 0.0089067 0.00374197
v 0.005 0.014 -0.0001
v 0.005 0.00435335 0.00856824
v 0.005 0.00696259 0.00870673
v 0.005 0.00223697 0.00933854
v 0.005 0.00880673 0.00920086
v 0.005 0.00930086 0.00870673
v 0.005 0.01171324 0.00756812
v 0.005 0.00948173 0.00803173
v 0.005 0.01296766 0.00517633
v 0.005 0.00930086 0.00735673
v 0.005 0.01373949 0.00258819
v 0.005 0.00880673 0.00686259
v 0.005 0.00813173 0.00668173
v 0.005 0.00745673 0.00686259
v 0.005 0.00623504 0.00733063
v 0.005 0.00696259 0.00735673
v 0.005 0.00678173 0.00803173
v 0.005 0.005 0.0247
v 0.005 0.005 0.01364773
v 0.005 0.00507374 0.01327085
v 0.005 0.00528408 0.01294955
v 0.005 0.0056 0.01273121
v 0.005 0.01373949 -0.00278819
v 0.005 0.00880673 -0.00706259
v 0.005 0.00955264 0.00158439
v 0.005 0.0097 -9.713E-05
v 0.005 0.00968359 -0.000664
v 0.005 0.005 -0.0249
v 0.005 0 -0.0249
v 0.005 -0.005 -0.0249
v 0.005 0.00533024 -0.00820423
v 0.005 0.0033176 -0.00921502
v 0.005 0.00696259 -0.00890673
v 0.005 0.00813173 -0.00688173
v 0.005 0.00840045 -0.00495
v 0.005 0.00745673 -0.00706259
v 0.005 0.00705552 -0.00675654
v 0.005 0.00696259 -0.00755673
v 0.005 0.00678173 -0.00823173
v 0.005 0.0092925 -0.00288199
v 0.005 0.01296766 -0.00537633
v 0.005 0.00930086 -0.00755673
v 0.005 0.01171324 -0.00776811
v 0.005 0.00948173 -0.00823173
v 0.005 0.0100229 -0.00987453
v 0.005 0.005 -0.01384773
v 0.005 0.00507374 -0.01347085
v 0.005 0.0011261 -0.00973441
v 0.005 0.00528408 -0.01314955
v 0.005 0.00745673 -0.00940086
v 0.005 0.0056 -0.01293121
v 0.005 0.00813173 -0.00958173
v 0.005 0.00795956 -0.01161718
v 0.005 0.00880673 -0.00940086
v 0.005 0.00930086 -0.00890673
v 0.0005125 -0.005 0.02108902
v -0 -0.005 0.0209517
v 0.00088768 -0.005 0.0224892
v 0.001025 -0.005 0.0219767
v 0.00088768 -0.005 0.0214642
v -0.0005125 -0.005 0.02108902
v -0.00088768 -0.005 0.0214642
v -0.001025 -0.005 0.0219767
v -0.00088768 -0.005 0.0224892
v -0.0005125 -0.005 0.02286437
v -0 -0.005 0.0230017
v 0.0005125 -0.005 0.02286437
v -0.00226274 0.00226274 0.0249
v -0.00122459 0.00295641 0.0249
v -0.0048 0.0048 0.0249
v 0 0.0032 0.0249
v 0.0048 0.0048 0.0249
v 0.00122459 0.00295641 0.0249
v 0.00226274 0.00226274 0.0249
v 0.00295641 0.00122459 0.0249
v 0.0032 0 0.0249
v 0.0048 -0.0048 0.0249
v 0.00295641 -0.00122459 0.0249
v 0.00226274 -0.00226274 0.0249
v 0.00122459 -0.00295641 0.0249
v -0 -0.0032 0.0249
v -0.0048 -0.0048 0.0249
v -0.00122459 -0.00295641 0.0249
v -0.00226274 -0.00226274 0.0249
v -0.00295641 -0.00122459 0.0249
v -0.0032 0 0.0249
v -0.00295641 0.00122459 0.0249
v -0.0005125 0.005 0.02108902
v -0 0.005 0.0209517
v 0.0005125 0.005 0.02108902
v 0.00088768 0.005 0.0214642
v 0.001025 0.005 0.0219767
v 0.00088768 0.005 0.0224892
v -0.0005125 0.005 0.02286437
v -0 0.005 0.0230017
v 0.0005125 0.005 0.02286437
v -0.00088768 0.005 0.0224892
v -0.001025 0.005 0.0219767
v -0.00088768 0.005 0.0214642
v 0.00088768 0.005 -0.0226892
v 0.001025 0.005 -0.0221767
v -0.00088768 0.005 -0.0226892
v -0.0005125 0.005 -0.02306437
v 0 0.005 -0.0232017
v 0.0005125 0.005 -0.02306437
v 0 0.005 -0.0211517
v 0.0005125 0.005 -0.02128902
v 0.00088768 0.005 -0.0216642
v -0.0005125 0.005 -0.02128902
v -0.00088768 0.005 -0.0216642
v -0.001025 0.005 -0.0221767
v 0.00226274 -0.00226274 -0.0251
v 0.00295641 -0.00122459 -0.0251
v 0.0048 -0.0048 -0.0251
v 0.0032 0 -0.0251
v 0.0048 0.0048 -0.0251
v 0.00295641 0.00122459 -0.0251
v 0.00226274 0.00226274 -0.0251
v 0.00122459 0.00295641 -0.0251
v 0 0.0032 -0.0251
v -0.0048 0.0048 -0.0251
v -0.00122459 0.00295641 -0.0251
v -0.00226274 0.00226274 -0.0251
v -0.00295641 0.00122459 -0.0251
v -0.0032 0 -0.0251
v -0.0048 -0.0048 -0.0251
v -0.00295641 -0.00122459 -0.0251
v -0.00226274 -0.00226274 -0.0251
v -0.00122459 -0.00295641 -0.0251
v -0 -0.0032 -0.0251
v 0.00122459 -0.00295641 -0.0251
v 0.00088768 -0.005 -0.0216642
v 0.001025 -0.005 -0.0221767
v 0.00088768 -0.005 -0.0226892
v -0.0005125 -0.005 -0.02306437
v -0 -0.005 -0.0232017
v 0.0005125 -0.005 -0.02306437
v -0.00088768 -0.005 -0.0226892
v -0.001025 -0.005 -0.0221767
v -0.00088768 -0.005 -0.0216642
v -0.0005125 -0.005 -0.02128902
v 0 -0.005 -0.0211517
v 0.0005125 -0.005 -0.02128902
v 0.00088764 -0.00286568 -0.02166413
v 0.00084738 -0.00287784 -0.0216
v 0.00092705 -0.00285317 -0.0216
v -0.00098982 0.00283201 -0.02244293
v -0.001025 0.00281946 -0.0221767
v -0.00098983 0.002832 -0.02191049
v -0.00088754 0.00286571 -0.02166396
v -0.00088768 0.00286566 -0.0226892
v -0.0015 0.00259808 -0.0249
v -0.0005125 0.0029559 -0.02306437
v -0.00114805 0.00277164 -0.0249
v -0.00031359 0.00298357 -0.02315255
v -0.00031359 0.00298357 -0.0249
v 0 0.003 -0.0232017
v 0 0.003 -0.0249
v 0.00026648 0.00298814 -0.02316645
v 0.00092705 0.00285317 -0.0249
v 0.0005125 0.0029559 -0.02306437
v 0.00084738 0.00287784 -0.0216
v 0.00088764 0.00286568 -0.02166413
v 0.00092705 0.00285317 -0.0216
v 0.00092705 0.00285317 -0.02173943
v 0.00200739 0.00222943 -0.0216
v 0.001025 0.00281946 -0.0221767
v 0.00114805 0.00277164 -0.0249
v 0.00092705 0.00285317 -0.02261396
v 0.00088768 0.00286566 -0.0226892
v 0.00092705 -0.00285317 -0.02173943
v 0.00200739 -0.00222943 -0.0216
v 0.001025 -0.00281946 -0.0221767
v -0.00031359 -0.00298357 -0.02315255
v 0 -0.003 -0.0232017
v -0 -0.003 -0.0249
v 0.00092705 -0.00285317 -0.0249
v 0.0002661 -0.00298818 -0.02316655
v 0.0005125 -0.0029559 -0.02306437
v -0.00088768 -0.00286566 -0.0216642
v -0.00098989 -0.00283198 -0.02191072
v -0.001025 -0.00281946 -0.0221767
v -0.00098987 -0.00283199 -0.02244274
v -0.0015 -0.00259808 -0.0249
v -0.00088768 -0.00286566 -0.0226892
v -0.0005125 -0.0029559 -0.02306437
v -0.00114805 -0.00277164 -0.0249
v -0.00031359 -0.00298357 -0.0249
v 0.00277164 -0.00114805 -0.0249
v 0.00274064 -0.00122021 -0.0216
v 0.003 0 -0.0216
v 0.00088768 -0.00286566 -0.0226892
v 0.00092705 -0.00285317 -0.02261396
v 0.00114805 -0.00277164 -0.0249
v 0.00200739 -0.00222943 -0.0249
v 0.00212132 -0.00212132 -0.0249
v 0.00274064 -0.00122021 -0.0249
v -0.00212132 -0.00212132 -0.0249
v -0.00242705 -0.00176336 -0.0249
v -0.00277164 -0.00114805 -0.0249
v -0.00293444 -0.00062374 -0.0249
v -0.003 0 -0.0249
v -0.00293444 0.00062374 -0.0249
v -0.00277164 0.00114805 -0.0249
v -0.00212132 0.00212132 -0.0249
v -0.00242705 0.00176336 -0.0249
v 0.00200739 0.00222943 -0.0249
v 0.00212132 0.00212132 -0.0249
v 0.00274064 0.00122021 -0.0216
v 0.00274064 0.00122021 -0.0249
v 0.00277164 0.00114805 -0.0249
v 0.003 0 -0.0249
v 0.00084738 -0.00192145 -0.0216
v 0.00119294 -0.00172827 -0.0216
v 0.00185946 -0.00097592 -0.0216
v 0.0021 0 -0.0216
v 0.00185946 0.00097592 -0.0216
v 0.00119294 0.00172827 -0.0216
v 0.00084738 0.00192145 -0.0216
v -0.001 0.00649519 0.00365
v -0.001 0.0053033 0.0052033
v -0.001 0.00375 0.00639519
v -0.001 0.00194114 0.00714444
v -0.001 0.00184662 0.00716911
v -0.001 0.00184662 -0.00736911
v -0.001 0.00194114 -0.00734444
v -0.001 0.00375 -0.00659519
v -0.001 0.0053033 -0.0054033
v -0.001 0.00649519 -0.00385
v -0.001 0.00724444 -0.00204114
v -0.001 0.0075 -0.0001
v -0.001 0.00724444 0.00184114
v -0.00119315 -0.00172812 0.00719819
v -0.00157187 0.00139256 -0.00746958
v -0.00157187 -0.00139256 -0.00746958
v -0.0018586 -0.00097756 -0.00753602
v -0.00203898 -0.00050256 -0.00758314
v -0.005 0 -0.0076
v -0.0021 0 -0.0076
v -0.00203898 0.00050256 -0.00758314
v -0.00185911 0.00097658 -0.00753615
v -0.00185946 -0.00097592 0.00733624
v -0.00157148 -0.001393 0.0072695
v -0.00119294 0.00172827 0.00719816
v -0.00157183 0.0013926 0.00726958
v -0.00185946 0.00097592 0.00733624
v -0.0020388 0.00050329 0.0073831
v -0.0021 0 0.0074
v -0.00203892 -0.0005028 0.00738313
v 0.0005125 0.0020365 -0.02128902
v -0.00075785 -0.00195848 -0.02148656
v -0.00075785 0.00195848 -0.02148656
v -0.0005125 0.0020365 -0.02128902
v -0.00026677 0.00208299 -0.02118702
v 0 0.0021 -0.0211517
v 0.00025313 0.00208469 -0.02118344
v 0.0005125 -0.0020365 -0.02128902
v 0.00025313 -0.00208469 -0.02118344
v -0.0005125 -0.0020365 -0.02128902
v -0.00026681 -0.00208298 -0.02118703
v 0 -0.0021 -0.0211517
v -0.00088764 -0.00286568 0.02146413
v -0.00084738 -0.00287784 0.0214
v -0.00092705 -0.00285317 0.0214
v -0.00092705 -0.00285317 0.02153943
v -0.00200739 -0.00222943 0.0214
v -0.001025 -0.00281946 0.0219767
v 0.00031359 -0.00298357 0.02295255
v -0 -0.003 0.0230017
v -0 -0.003 0.0247
v -0.00092705 -0.00285317 0.0247
v -0.00026648 -0.00298814 0.02296645
v -0.0005125 -0.0029559 0.02286437
v 0.00088754 -0.00286571 0.02146396
v 0.00098983 -0.002832 0.02171049
v 0.001025 -0.00281946 0.0219767
v 0.00098982 -0.00283201 0.02224293
v 0.0015 -0.00259808 0.0247
v 0.00088768 -0.00286566 0.0224892
v 0.0005125 -0.0029559 0.02286437
v 0.00114805 -0.00277164 0.0247
v 0.00031359 -0.00298357 0.0247
v 0.00098987 0.00283199 0.02224274
v 0.001025 0.00281946 0.0219767
v 0.00098989 0.00283198 0.02171072
v 0.00088768 0.00286566 0.0214642
v 0.00088768 0.00286566 0.0224892
v 0.0015 0.00259808 0.0247
v 0.0005125 0.0029559 0.02286437
v 0.00114805 0.00277164 0.0247
v 0.00031359 0.00298357 0.02295255
v 0.00031359 0.00298357 0.0247
v -0 0.003 0.0230017
v 0 0.003 0.0247
v -0.0002661 0.00298818 0.02296655
v -0.00092705 0.00285317 0.0247
v -0.0005125 0.0029559 0.02286437
v -0.00084738 0.00287784 0.0214
v -0.00088764 0.00286568 0.02146413
v -0.00092705 0.00285317 0.0214
v -0.00092705 0.00285317 0.02153943
v -0.00200739 0.00222943 0.0214
v -0.001025 0.00281946 0.0219767
v -0.00114805 0.00277164 0.0247
v -0.00092705 0.00285317 0.02241396
v -0.00088768 0.00286566 0.0224892
v -0.00277164 -0.00114805 0.0247
v -0.00274064 -0.00122021 0.0214
v -0.003 0 0.0214
v -0.00088768 -0.00286566 0.0224892
v -0.00092705 -0.00285317 0.02241396
v -0.00114805 -0.00277164 0.0247
v -0.00200739 -0.00222943 0.0247
v -0.00212132 -0.00212132 0.0247
v -0.00274064 -0.00122021 0.0247
v 0.00212132 -0.00212132 0.0247
v 0.00242705 -0.00176336 0.0247
v 0.00277164 -0.00114805 0.0247
v 0.00293444 -0.00062374 0.0247
v 0.003 0 0.0247
v 0.00293444 0.00062374 0.0247
v 0.00277164 0.00114805 0.0247
v 0.00212132 0.00212132 0.0247
v 0.00242705 0.00176336 0.0247
v -0.00200739 0.00222943 0.0247
v -0.00212132 0.00212132 0.0247
v -0.00274064 0.00122021 0.0214
v -0.00274064 0.00122021 0.0247
v -0.00277164 0.00114805 0.0247
v -0.003 0 0.0247
v -0.00084738 -0.00192145 0.0214
v -0.00119294 -0.00172827 0.0214
v -0.00185946 -0.00097592 0.0214
v -0.0021 0 0.0214
v -0.00185946 0.00097592 0.0214
v -0.00119294 0.00172827 0.0214
v -0.00084738 0.00192145 0.0214
v 0.0005125 -0.0020365 0.02108902
v 0.00075785 -0.00195848 0.02128656
v -0.0005125 0.0020365 0.02108902
v -0.0005125 -0.0020365 0.02108902
v -0.00025313 -0.00208469 0.02098344
v 0.00026681 -0.00208298 0.02098703
v -0 -0.0021 0.0209517
v 0.00075785 0.00195848 0.02128656
v -0.00025313 0.00208469 0.02098344
v -0 0.0021 0.0209517
v 0.00026677 0.00208299 0.02098702
v 0.0005125 0.0020365 0.02108902
v 0 -0.005 -0.0232017
v 0.00450018 -0.0091 -0.0181767
v 0.00450018 -0.0051 -0.0181767
v 0.005 -0.0051 -0.0181767
v -0.00641681 -0.01218333 -0.0181767
v -0.00722464 -0.01171693 -0.0181767
v -0.00450018 -0.0091 -0.0181767
v 0.00102231 0.01366456 -0.0181767
v 0.00195 0.01356706 -0.0181767
v 0.005 0.009 -0.0181767
v -0.00450018 0.009 -0.0181767
v -0.00185036 0.01356706 -0.0181767
v 0.00450018 0.009 -0.0181767
v -0.00092267 0.01366456 -0.0181767
v -0.00356247 0.0155369 -0.0181767
v -0.00298995 0.01565859 -0.0181767
v -0.00377665 0.01435933 -0.0181767
v -0.00231533 0.01466994 -0.0181767
v -0.00375284 0.01316268 -0.0181767
v -0.00024283 0.01594732 -0.0181767
v 0.00034247 0.01594732 -0.0181767
v -0.00069716 0.01484002 -0.0181767
v 0.0007968 0.01484002 -0.0181767
v 0.00450018 0.005 -0.0181767
v 0.005 0.005 -0.0181767
v -0.00450018 -0.0051 -0.0181767
v -0.00456717 -0.00535 -0.0181767
v -0.00475018 -0.00553301 -0.0181767
v 0.005 -0.0091 -0.0181767
v 0.00195 -0.01366706 -0.0181767
v 0.00102231 -0.01376456 -0.0181767
v 0.00034247 -0.01604732 -0.0181767
v -0.00024283 -0.01604732 -0.0181767
v 0.0007968 -0.01494002 -0.0181767
v -0.00069716 -0.01494002 -0.0181767
v -0.00092267 -0.01376456 -0.0181767
v -0.00185036 -0.01366706 -0.0181767
v -0.01348796 0.00235072 -0.0181767
v -0.01329402 0.00326314 -0.0181767
v -0.00543319 -0.00535 -0.0181767
v -0.00525018 -0.00553301 -0.0181767
v -0.00958993 0.01272009 -0.0181767
v -0.00911641 0.01306412 -0.0181767
v -0.00930664 0.01155721 -0.0181767
v -0.00809799 0.01243534 -0.0181767
v -0.00879816 0.0104737 -0.0181767
v -0.00722464 0.01161693 -0.0181767
v -0.00641681 0.01208333 -0.0181767
v -0.00298995 -0.01575859 -0.0181767
v -0.00356247 -0.0156369 -0.0181767
v -0.00231533 -0.01476994 -0.0181767
v -0.00377665 -0.01445933 -0.0181767
v -0.00375284 -0.01326268 -0.0181767
v -0.00463998 -0.01297442 -0.0181767
v -0.00672423 0.01444525 -0.0181767
v -0.00618953 0.01468332 -0.0181767
v -0.0066889 0.01324888 -0.0181767
v -0.00532409 0.01385653 -0.0181767
v -0.00463998 0.01287442 -0.0181767
v -0.01525497 0.00461511 -0.0181767
v -0.0150741 0.00517177 -0.0181767
v -0.01434226 0.00384084 -0.0181767
v -0.0138806 0.00526169 -0.0181767
v -0.01269299 0.00511293 -0.0181767
v -0.01231359 0.00596508 -0.0181767
v -0.00618953 -0.01478332 -0.0181767
v -0.00672423 -0.01454525 -0.0181767
v -0.00532409 -0.01395653 -0.0181767
v -0.0066889 -0.01334888 -0.0181767
v -0.00879816 -0.0105737 -0.0181767
v -0.00930664 -0.01165721 -0.0181767
v -0.00809799 -0.01253534 -0.0181767
v -0.00958993 -0.01282009 -0.0181767
v -0.00911641 -0.01316412 -0.0181767
v -0.01269299 -0.00521293 -0.0181767
v -0.01231359 -0.00606508 -0.0181767
v -0.00949137 -0.00994953 -0.0181767
v -0.0139506 0.00769522 -0.0181767
v -0.01365794 0.00820211 -0.0181767
v -0.01321881 0.0067481 -0.0181767
v -0.01247182 0.00804192 -0.0181767
v -0.0113411 0.00764948 -0.0181767
v -0.01079281 0.00840413 -0.0181767
v -0.00450018 0.005 -0.0181767
v -0.00456717 0.00525 -0.0181767
v -0.00525018 0.00456699 -0.0181767
v -0.00500018 0.0045 -0.0181767
v -0.00500018 -0.0046 -0.0181767
v -0.00949137 0.00984953 -0.0181767
v -0.00543319 -0.00485 -0.0181767
v -0.00550018 -0.0051 -0.0181767
v -0.00500018 -0.0056 -0.0181767
v -0.0150741 -0.00527177 -0.0181767
v -0.01525497 -0.00471511 -0.0181767
v -0.0138806 -0.00536169 -0.0181767
v -0.01434226 -0.00394084 -0.0181767
v -0.01329402 -0.00336314 -0.0181767
v -0.01348796 -0.00245072 -0.0181767
v -0.01589046 0.00133113 -0.0181767
v -0.01582928 0.00191323 -0.0181767
v -0.01483671 0.00076354 -0.0181767
v -0.01468055 0.00224932 -0.0181767
v -0.01369127 0.0004164 -0.0181767
v -0.01369127 -0.0005164 -0.0181767
v -0.01483671 -0.00086354 -0.0181767
v -0.01468055 -0.00234932 -0.0181767
v -0.01589046 -0.00143113 -0.0181767
v -0.01582928 -0.00201323 -0.0181767
v -0.00525018 -0.00466699 -0.0181767
v -0.00543319 0.00475 -0.0181767
v -0.00550018 0.005 -0.0181767
v -0.01203433 0.01043681 -0.0181767
v -0.01164269 0.01087178 -0.0181767
v -0.01151545 0.00935825 -0.0181767
v -0.01051579 0.01046848 -0.0181767
v -0.01365794 -0.00830211 -0.0181767
v -0.0139506 -0.00779522 -0.0181767
v -0.01247182 -0.00814192 -0.0181767
v -0.01321881 -0.0068481 -0.0181767
v -0.0113411 -0.00774948 -0.0181767
v -0.01079281 -0.00850413 -0.0181767
v -0.01151545 -0.00945825 -0.0181767
v -0.01051579 -0.01056848 -0.0181767
v -0.01203433 -0.01053681 -0.0181767
v -0.01164269 -0.01097178 -0.0181767
v -0.00475018 0.00543301 -0.0181767
v -0.00500018 0.0055 -0.0181767
v -0.00525018 0.00543301 -0.0181767
v -0.00543319 0.00525 -0.0181767
v -0.00879816 0.0104737 -0.0131767
v -0.00949137 0.00984953 -0.0131767
v -0.00722464 -0.01171693 -0.0131767
v 0.00102231 -0.01376456 -0.0131767
v 0.00195 -0.01366706 -0.0131767
v 0.005 -0.0091 -0.0131767
v -0.00456717 0.00525 -0.0131767
v -0.00450018 0.005 -0.0131767
v 0.005 0.005 -0.0131767
v -0.00525018 -0.00553301 -0.0131767
v -0.00543319 -0.00535 -0.0131767
v -0.00185036 -0.01366706 -0.0131767
v -0.00911641 0.01306412 -0.0131767
v -0.00958993 0.01272009 -0.0131767
v -0.00809799 0.01243534 -0.0131767
v -0.00930664 0.01155721 -0.0131767
v -0.00722464 0.01161693 -0.0131767
v -0.0113411 0.00764948 -0.0131767
v -0.01079281 0.00840413 -0.0131767
v -0.01151545 0.00935825 -0.0131767
v -0.01051579 0.01046848 -0.0131767
v -0.01203433 0.01043681 -0.0131767
v -0.01164269 0.01087178 -0.0131767
v 0.005 -0.0051 -0.0131767
v -0.00450018 -0.0051 -0.0131767
v -0.00456717 -0.00535 -0.0131767
v -0.01269299 0.00511293 -0.0131767
v -0.01231359 0.00596508 -0.0131767
v -0.01321881 0.0067481 -0.0131767
v -0.01247182 0.00804192 -0.0131767
v -0.0139506 0.00769522 -0.0131767
v -0.01365794 0.00820211 -0.0131767
v -0.00356247 -0.0156369 -0.0131767
v -0.00298995 -0.01575859 -0.0131767
v -0.00377665 -0.01445933 -0.0131767
v -0.00231533 -0.01476994 -0.0131767
v -0.00375284 -0.01326268 -0.0131767
v 0.00102231 0.01366456 -0.0131767
v -0.00543319 0.00525 -0.0131767
v -0.00525018 0.00543301 -0.0131767
v 0.00034247 0.01594732 -0.0131767
v -0.00024283 0.01594732 -0.0131767
v 0.0007968 0.01484002 -0.0131767
v -0.00069716 0.01484002 -0.0131767
v -0.00092267 0.01366456 -0.0131767
v -0.00185036 0.01356706 -0.0131767
v -0.00672423 -0.01454525 -0.0131767
v -0.00618953 -0.01478332 -0.0131767
v -0.0066889 -0.01334888 -0.0131767
v -0.00532409 -0.01395653 -0.0131767
v -0.00641681 -0.01218333 -0.0131767
v -0.00463998 -0.01297442 -0.0131767
v -0.00024283 -0.01604732 -0.0131767
v 0.00034247 -0.01604732 -0.0131767
v -0.00069716 -0.01494002 -0.0131767
v 0.0007968 -0.01494002 -0.0131767
v -0.00092267 -0.01376456 -0.0131767
v -0.0150741 0.00517177 -0.0131767
v -0.01525497 0.00461511 -0.0131767
v -0.0138806 0.00526169 -0.0131767
v -0.01434226 0.00384084 -0.0131767
v -0.01329402 0.00326314 -0.0131767
v -0.01348796 0.00235072 -0.0131767
v -0.01079281 -0.00850413 -0.0131767
v -0.0113411 -0.00774948 -0.0131767
v -0.00500018 0.0055 -0.0131767
v -0.00475018 0.00543301 -0.0131767
v 0.00195 0.01356706 -0.0131767
v 0.005 0.009 -0.0131767
v -0.00618953 0.01468332 -0.0131767
v -0.00672423 0.01444525 -0.0131767
v -0.00532409 0.01385653 -0.0131767
v -0.0066889 0.01324888 -0.0131767
v -0.00463998 0.01287442 -0.0131767
v -0.00641681 0.01208333 -0.0131767
v -0.00550018 -0.0051 -0.0131767
v -0.0139506 -0.00779522 -0.0131767
v -0.01365794 -0.00830211 -0.0131767
v -0.01321881 -0.0068481 -0.0131767
v -0.01247182 -0.00814192 -0.0131767
v -0.01231359 -0.00606508 -0.0131767
v -0.00475018 -0.00553301 -0.0131767
v -0.00500018 -0.0056 -0.0131767
v -0.01582928 0.00191323 -0.0131767
v -0.01589046 0.00133113 -0.0131767
v -0.01468055 0.00224932 -0.0131767
v -0.01483671 0.00076354 -0.0131767
v -0.01369127 0.0004164 -0.0131767
v -0.01369127 -0.0005164 -0.0131767
v -0.01269299 -0.00521293 -0.0131767
v -0.00958993 -0.01282009 -0.0131767
v -0.00911641 -0.01316412 -0.0131767
v -0.00930664 -0.01165721 -0.0131767
v -0.00809799 -0.01253534 -0.0131767
v -0.00879816 -0.0105737 -0.0131767
v -0.00949137 -0.00994953 -0.0131767
v -0.01051579 -0.01056848 -0.0131767
v -0.01151545 -0.00945825 -0.0131767
v -0.01164269 -0.01097178 -0.0131767
v -0.01203433 -0.01053681 -0.0131767
v -0.00500018 -0.0046 -0.0131767
v -0.00500018 0.0045 -0.0131767
v -0.00525018 -0.00466699 -0.0131767
v -0.00525018 0.00456699 -0.0131767
v -0.00543319 0.00475 -0.0131767
v -0.01589046 -0.00143113 -0.0131767
v -0.01582928 -0.00201323 -0.0131767
v -0.01483671 -0.00086354 -0.0131767
v -0.01468055 -0.00234932 -0.0131767
v -0.01348796 -0.00245072 -0.0131767
v -0.01329402 -0.00336314 -0.0131767
v -0.0138806 -0.00536169 -0.0131767
v -0.01434226 -0.00394084 -0.0131767
v -0.0150741 -0.00527177 -0.0131767
v -0.01525497 -0.00471511 -0.0131767
v -0.00543319 -0.00485 -0.0131767
v -0.00550018 0.005 -0.0131767
v -0.00298995 0.01565859 -0.0131767
v -0.00356247 0.0155369 -0.0131767
v -0.00231533 0.01466994 -0.0131767
v -0.00377665 0.01435933 -0.0131767
v -0.00375284 0.01316268 -0.0131767
v -0.000675 0.005 -0.02100756
v -0.00116913 0.005 -0.0215017
v -0.00135 0.005 -0.0221767
v -0.00284526 0.005 -0.02312774
v -0.00116913 0.005 -0.0228517
v -0.0023342 0.005 -0.02406124
v -0.000675 0.005 -0.02334583
v 0 0.005 -0.0208267
v -0.00152939 0.005 -0.02475758
v -0.00053212 0.005 -0.02512913
v 0 0.005 -0.0235267
v 0.00053212 0.005 -0.02512913
v 0.000675 0.005 -0.02334583
v 0.00152939 0.005 -0.02475758
v 0.00116913 0.005 -0.0228517
v 0.0023342 0.005 -0.02406124
v 0.00135 0.005 -0.0221767
v 0.00284526 0.005 -0.02312774
v 0.00116913 0.005 -0.0215017
v 0.000675 0.005 -0.02100756
v 0.000675 -0.0051 -0.02100756
v 0.000675 -0.0051 -0.02334583
v 0.00116913 -0.0051 -0.0228517
v 0.0023342 -0.0051 -0.02406124
v 0.00284526 -0.0051 -0.02312774
v 0.00135 -0.0051 -0.0221767
v 0.00116913 -0.0051 -0.0215017
v 0.00152939 -0.0051 -0.02475758
v 0.00053212 -0.0051 -0.02512913
v 0 -0.0051 -0.0235267
v -0.00053212 -0.0051 -0.02512913
v -0.000675 -0.0051 -0.02334583
v -0.00152939 -0.0051 -0.02475758
v -0.00116913 -0.0051 -0.0228517
v -0.0023342 -0.0051 -0.02406124
v -0.00135 -0.0051 -0.0221767
v -0.00284526 -0.0051 -0.02312774
v -0.00116913 -0.0051 -0.0215017
v -0.000675 -0.0051 -0.02100756
v 0 -0.0051 -0.0208267
v 0.00284526 0.009 -0.02312774
v 0.0023342 0.009 -0.02406124
v 0.00152939 0.009 -0.02475758
v 0.00053212 0.009 -0.02512913
v -0.00053212 0.009 -0.02512913
v -0.00152939 0.009 -0.02475758
v -0.0023342 0.009 -0.02406124
v -0.00284526 0.009 -0.02312774
v 0.00116913 0.009 -0.0215017
v 0.00135 0.009 -0.0221767
v 0.00116913 0.009 -0.0228517
v 0.000675 0.009 -0.02334583
v 0 0.009 -0.0235267
v 0.000675 0.009 -0.02100756
v 0 0.009 -0.0208267
v -0.000675 0.009 -0.02334583
v -0.00116913 0.009 -0.0228517
v -0.00135 0.009 -0.0221767
v -0.00116913 0.009 -0.0215017
v -0.000675 0.009 -0.02100756
v -0.00116913 -0.0091 -0.0215017
v -0.00135 -0.0091 -0.0221767
v -0.00284526 -0.0091 -0.02312774
v -0.00116913 -0.0091 -0.0228517
v -0.0023342 -0.0091 -0.02406124
v -0.000675 -0.0091 -0.02334583
v -0.000675 -0.0091 -0.02100756
v 0 -0.0091 -0.0208267
v -0.00152939 -0.0091 -0.02475758
v -0.00053212 -0.0091 -0.02512913
v 0 -0.0091 -0.0235267
v 0.00053212 -0.0091 -0.02512913
v 0.000675 -0.0091 -0.02334583
v 0.00152939 -0.0091 -0.02475758
v 0.00116913 -0.0091 -0.0228517
v 0.0023342 -0.0091 -0.02406124
v 0.00135 -0.0091 -0.0221767
v 0.00284526 -0.0091 -0.02312774
v 0.00116913 -0.0091 -0.0215017
v 0.000675 -0.0091 -0.02100756
vn 0 0 -1
vn -0.99996 0.00854 -0
vn -0.95366 -0.30088 -0
vn -0.81401 -0.58085 -0
vn -0.59467 -0.80397 -0
vn -0.31713 -0.94838 -0
vn -0.00854 -0.99996 -0
vn 0.30088 -0.95366 -0
vn 0.58085 -0.81401 0
vn 0.80397 -0.59467 0
vn 0.94838 -0.31713 0
vn 0.99996 -0.00854 0
vn 0.95366 0.30088 0
vn 0.81401 0.58085 0
vn 0.59467 0.80397 0
vn 0.31713 0.94838 0
vn 0.00854 0.99996 0
vn -0.30088 0.95366 0
vn -0.58085 0.81401 -0
vn -0.80397 0.59467 -0
vn -0.94838 0.31713 -0
vn 0 -0 -1
vn -0.99974 0.02282 -0
vn -0.96567 -0.25976 -0
vn -0.85337 -0.5213 -0
vn -0.67194 -0.74061 -0
vn -0.43606 -0.89992 -0
vn -0.16486 -0.98632 -0
vn 0.11969 -0.99281 -0
vn 0.39455 -0.91887 0
vn 0.63745 -0.7705 0
vn 0.8287 -0.5597 0
vn 0.95281 -0.30355 0
vn 0.99974 -0.02282 0
vn 0.96567 0.25976 0
vn 0.85337 0.5213 0
vn 0.67194 0.74061 0
vn 0.43606 0.89992 0
vn 0.16486 0.98632 0
vn -0.11969 0.99281 0
vn -0.39455 0.91887 -0
vn -0.63745 0.7705 -0
vn -0.8287 0.5597 -0
vn -0.95281 0.30355 -0
vn -0.99836 0.05726 -0
vn -0.98733 -0.1587 -0
vn -0.93013 -0.36723 -0
vn -0.82944 -0.5586 -0
vn -0.68996 -0.72384 -0
vn -0.51823 -0.85524 -0
vn -0.32226 -0.94665 -0
vn -0.11122 -0.9938 -0
vn 0.10501 -0.99447 -0
vn 0.31634 -0.94865 -0
vn 0.51287 -0.85846 0
vn 0.68543 -0.72814 0
vn 0.82593 -0.56377 0
vn 0.92782 -0.37304 0
vn 0.98632 -0.16486 0
vn 0.9987 0.05102 0
vn 0.96438 0.26452 0
vn 0.88497 0.46565 0
vn 0.76418 0.645 0
vn 0.60766 0.7942 0
vn 0.42272 0.90626 0
vn 0.21802 0.97594 0
vn 0.00312 1 0
vn -0.21192 0.97729 0
vn -0.41705 0.90888 -0
vn -0.60268 0.79798 -0
vn -0.76014 0.64976 -0
vn -0.88204 0.47117 -0
vn -0.96271 0.27054 -0
vn 0 0 1
vn 0 0 1
vn 0 -0 1
vn 0.10772 0.99418 0
vn 0.40967 0.91224 0
vn 0.67151 0.74099 0
vn 0.86763 0.49722 0
vn 0.97881 0.20477 0
vn 0.99418 -0.10772 0
vn 0.91224 -0.40967 0
vn 0.74099 -0.67151 0
vn 0.49722 -0.86763 0
vn 0.20477 -0.97881 -0
vn -0.10772 -0.99418 -0
vn -0.40967 -0.91224 -0
vn -0.67151 -0.74099 -0
vn -0.86763 -0.49722 -0
vn -0.97881 -0.20477 -0
vn -0.99418 0.10772 -0
vn -0.91224 0.40967 -0
vn -0.74099 0.67151 -0
vn -0.49722 0.86763 -0
vn -0.20477 0.97881 0
vn 0.09351 0.99562 0
vn 0.37022 0.92894 0
vn 0.61694 0.78701 0
vn 0.81368 0.58132 0
vn 0.94449 0.32853 0
vn 0.99879 0.04913 0
vn 0.97218 -0.23425 0
vn 0.8668 -0.49866 0
vn 0.6912 -0.72266 0
vn 0.4596 -0.88812 0
vn 0.19077 -0.98163 -0
vn -0.09351 -0.99562 -0
vn -0.37022 -0.92894 -0
vn -0.61694 -0.78701 -0
vn -0.81368 -0.58132 -0
vn -0.94449 -0.32853 -0
vn -0.99879 -0.04913 -0
vn -0.97218 0.23425 -0
vn -0.8668 0.49866 -0
vn -0.6912 0.72266 -0
vn -0.4596 0.88812 -0
vn -0.19077 0.98163 0
vn 0.05915 0.99825 0
vn 0.27236 0.9622 0
vn 0.47283 0.88115 0
vn 0.6512 0.75891 0
vn 0.79912 0.60117 0
vn 0.90967 0.41533 0
vn 0.97769 0.21007 0
vn 0.99999 -0.00501 0
vn 0.97553 -0.21986 0
vn 0.90546 -0.42444 0
vn 0.79305 -0.60916 0
vn 0.64356 -0.7654 0
vn 0.46397 -0.88585 0
vn 0.26269 -0.96488 -0
vn 0.04913 -0.99879 -0
vn -0.16673 -0.986 -0
vn -0.37479 -0.92711 -0
vn -0.56533 -0.82486 -0
vn -0.72943 -0.68405 -0
vn -0.85943 -0.51125 -0
vn -0.94924 -0.31455 -0
vn -0.99467 -0.10313 -0
vn -0.99358 0.1131 -0
vn -0.94604 0.32405 -0
vn -0.85426 0.51984 -0
vn -0.72254 0.69133 -0
vn -0.55703 0.83049 -0
vn -0.36547 0.93082 -0
vn -0.15683 0.98763 0
vn -0 0 -1
vn -0 0 -1
vn -0 0 -1
vn 0 -0 1
vn 0 -0 1
vn 1 -0 0
vn 2E-05 0.10987 0.99395
vn -0.02399 0.30491 0.95208
vn -0.00035 0.23062 0.97304
vn -0.04574 0.16924 0.98451
vn -0.02848 0.19934 0.97952
vn -1E-05 0.28131 0.95962
vn 0.01536 0.27218 0.96212
vn 0.03288 0.26885 0.96262
vn -0.00135 -0.07836 0.99692
vn -0.00577 -0.05814 0.99829
vn -0 -0.02646 0.99965
vn 0 0.05814 0.99831
vn -0.01235 0.02798 0.99953
vn -0.00135 0.07838 0.99692
vn 0.01539 -0.27218 0.96212
vn 0.03288 -0.26885 0.96262
vn -0.00914 -0.24825 0.96865
vn -0.01695 -0.22522 0.97416
vn -0.02848 -0.19933 0.97952
vn -0.01036 -0.2306 0.97299
vn -0 -0.1342 0.99095
vn -0 -0.10942 0.994
vn -0.01392 -0.1342 -0.99086
vn -0.0049 -0.16963 -0.9855
vn -0.00129 -0.19666 -0.98047
vn 0 -0.22502 -0.97435
vn 0.00091 -0.21897 -0.97573
vn 0.00447 -0.21253 -0.97714
vn 0.0009 0.21901 -0.97572
vn 0.00444 0.21253 -0.97714
vn -0.00027 0.2141 -0.97681
vn -0.00129 0.1967 -0.98046
vn -0.00489 0.16966 -0.98549
vn -0.01393 0.13415 -0.99086
vn -0.03247 0.09004 -0.99541
vn -0.01634 0.11608 -0.99311
vn -0 0.02646 -0.99965
vn 0 -0.11609 -0.99324
vn -0.0666 -0.03448 -0.99718
vn -0.03243 -0.0901 -0.9954
vn -0 0.22504 -0.97435
vn 0 0.22503 -0.97435
vn 0 0.34202 -0.93969
vn 0 0.54951 -0.83549
vn 0 0.72737 -0.68624
vn 0 0.86603 -0.5
vn 0 0.95799 -0.2868
vn 0 0.99831 -0.05815
vn 0 0.98481 0.17365
vn 0 0.91822 0.39608
vn 0 0.80212 0.59716
vn 0 0.64279 0.76604
vn 0 0.4488 0.89363
vn 0 0.27503 0.96144
vn -0.01694 0.22524 0.97416
vn 2E-05 -0.28129 0.95962
vn -0 -0.2813 0.95962
vn -0 -0.4488 0.89363
vn -0 -0.64279 0.76604
vn -0 -0.80212 0.59716
vn -0 -0.91822 0.39608
vn -0 -0.98481 0.17365
vn -0 -0.99831 -0.05815
vn -0 -0.95799 -0.2868
vn -0 -0.86603 -0.5
vn -0 -0.72737 -0.68624
vn -0 -0.54951 -0.83549
vn -0 -0.34202 -0.93969
vn -0 -0.22504 -0.97435
vn -0.00027 -0.21411 -0.97681
vn -1 0 -0
vn -0 -0.48654 -0.87366
vn -0 -0.64524 -0.76398
vn -0 -0.77993 -0.62587
vn -0 -0.88559 -0.46447
vn -0 -0.9583 -0.28578
vn -0 -0.99534 -0.09646
vn -0 -0.99534 0.09646
vn -0 -0.9583 0.28578
vn -0 -0.88559 0.46447
vn -0 -0.77993 0.62587
vn -0 -0.64524 0.76398
vn -0 -0.48654 0.87366
vn -0 -1 -0
vn 0 1 0
vn 0 0.48654 0.87366
vn 0 0.64524 0.76398
vn 0 0.77993 0.62587
vn 0 0.88559 0.46447
vn 0 0.9583 0.28578
vn 0 0.99534 0.09646
vn 0 0.99534 -0.09646
vn 0 0.9583 -0.28578
vn 0 0.88559 -0.46447
vn 0 0.77993 -0.62587
vn 0 0.64524 -0.76398
vn 0 0.48654 -0.87366
vn -0.29576 0.95525 -0.00452
vn 0.4378 -0.89894 0.0155
vn 0.41105 -0.91154 -0.01137
vn 0.39667 -0.91712 -0.0392
vn 0.39295 -0.91667 -0.07288
vn 0.2722 -0.96137 0.04097
vn 0.44141 -0.89509 -0.06298
vn 0.15702 -0.98658 0.04467
vn 0.24615 -0.96923 -0
vn 0.05234 -0.99863 -0
vn -0.04446 -0.99901 -0
vn -0.15641 -0.98754 0.01729
vn -0.13963 -0.98992 0.02387
vn -0.29576 -0.95525 -0.00452
vn -0.30245 -0.95316 -0
vn -0.5 -0.86603 -0
vn -0.49524 -0.86764 -0.04406
vn -0.5114 -0.85931 -0.00802
vn -0.33169 -0.94339 0.00158
vn -0.34612 -0.93819 -0
vn -0.30246 -0.95316 -0
vn -0.23508 -0.97197 0.00131
vn -0.30245 0.95316 0
vn -0.5 0.86603 -0
vn -0.49524 0.86764 -0.04406
vn 0.05234 0.99863 0
vn -0.15643 0.98769 0
vn -0.05194 0.99697 0.05784
vn -0.13957 0.98992 0.02388
vn 0.39295 0.91667 -0.07284
vn 0.39668 0.91712 -0.03916
vn 0.41106 0.91154 -0.01136
vn 0.38634 0.92232 0.00759
vn 0.34908 0.93695 0.01672
vn 0.2722 0.96137 0.04097
vn 0.44141 0.89509 -0.06298
vn 0.15702 0.98658 0.04467
vn 0.24615 0.96923 0
vn -0.97814 0.20791 -0.00464
vn -0.23508 0.97197 0.00131
vn -0.30246 0.95316 0
vn -0.34612 0.93819 -0
vn -0.33169 0.94339 0.00158
vn -0.53359 0.84569 -0.00926
vn -0.51488 0.85726 -0
vn -0.68836 0.72537 -0
vn -0.80899 0.58776 -0.00867
vn -0.82413 0.56641 -0
vn -0.91879 0.39474 -0
vn 0.42245 0.90639 0
vn 0.60876 0.79335 0
vn 0.66901 0.74302 -0.01862
vn 0.76041 0.64945 0
vn 0.8725 0.48862 0
vn 0.91337 0.40666 -0.01955
vn 0.95502 0.29654 0
vn 0.99452 0.10453 0
vn 0.9998 -0 -0.01986
vn 0.99452 -0.10453 0
vn 0.95502 -0.29654 0
vn 0.91337 -0.40666 -0.01955
vn 0.34907 -0.93695 0.01672
vn 0.4168 -0.909 0
vn 0.60876 -0.79335 0
vn 0.66901 -0.74302 -0.01862
vn 0.76041 -0.64945 0
vn 0.8725 -0.48862 0
vn -0.53361 -0.84573 -0
vn -0.68836 -0.72537 -0
vn -0.80899 -0.58776 -0.00867
vn -0.82413 -0.56641 -0
vn -0.91879 -0.39474 -0
vn -0.97814 -0.20791 -0.00464
vn -0.98079 -0.19509 -0
vn -0.98079 0.19509 -0
vn 0.00926 0.25251 -0.96755
vn 0.03049 -0.25241 0.96714
vn 0.00089 0.21712 0.97615
vn 0.00967 0.16457 0.98632
vn 0.02719 0.10891 0.99368
vn 0.01651 0.13051 0.99131
vn 0 0.03352 0.99944
vn -0 -0.13053 0.99144
vn 0.06057 -0.04081 0.99733
vn 0.02722 -0.10885 0.99369
vn 0.00968 0.1645 -0.98633
vn 0.00203 -0.21031 -0.97763
vn 0.00034 -0.23886 -0.97105
vn 0.00969 -0.16447 -0.98633
vn 0.02723 -0.10885 -0.99368
vn 0.01652 -0.13051 -0.99131
vn 0 -0.03357 -0.99944
vn -0 0.13053 -0.99144
vn 0.06056 0.04082 -0.99733
vn 0.02724 0.10882 -0.99369
vn 0.00203 0.21032 -0.97763
vn 0 0.24464 -0.96961
vn 0 0.38268 -0.92388
vn 0 0.60876 -0.79335
vn 0 0.79335 -0.60876
vn 0 0.92388 -0.38268
vn 0 0.99144 -0.13053
vn 0 0.99144 0.13053
vn 0 0.92388 0.38268
vn 0 0.79335 0.60876
vn 0 0.60876 0.79335
vn 0 0.38268 0.92388
vn 0 0.25253 0.96759
vn 0.00968 -0.16451 0.98633
vn -0 -0.2224 0.97495
vn -0 -0.38268 0.92388
vn -0 -0.60876 0.79335
vn -0 -0.79335 0.60876
vn -0 -0.92388 0.38268
vn -0 -0.99144 0.13053
vn -0 -0.99144 -0.13053
vn -0 -0.92388 -0.38268
vn -0 -0.79335 -0.60876
vn -0 -0.60876 -0.79335
vn -0 -0.38268 -0.92388
vn -0 -0.25253 -0.96759
vn -0.47825 -0.8555 -0.19848
vn 0.57799 0.79175 -0.19763
vn 0.62182 0.78316 0
vn 0.93454 0.35575 0.00856
vn 0.88546 0.46472 0
vn 0.99271 0.12054 0
vn 0.99999 -0 0.00436
vn 0.99271 -0.12054 0
vn 0.41634 -0.90921 -7E-05
vn 0.57046 -0.82131 0.00383
vn 0.57799 -0.79175 -0.19763
vn 0.93495 -0.35477 0
vn 0.88545 -0.46472 0.00434
vn 0.82288 -0.56821 0
vn 0.62182 -0.78316 0
vn -0.74851 -0.66312 0
vn -0.86779 -0.49663 0.01699
vn 0.30299 -0.953 7E-05
vn 0.18682 -0.98239 -0.00238
vn 0.23955 -0.97088 -0.00013
vn 0.06364 -0.99797 7E-05
vn 0.00023 -1 -0.0013
vn -0.06038 -0.99818 -0
vn -0.23968 -0.97085 -0
vn -0.18362 -0.98299 -0.00247
vn -0.46475 -0.88543 0.00366
vn -0.41263 -0.9109 -0
vn -0.64997 -0.75996 -0
vn -0.7917 -0.61087 0.00732
vn -0.97093 0.23931 0.00508
vn -0.99269 0.12066 -0
vn -0.97094 -0.23932 -0
vn -0.99263 -0.12079 0.01007
vn -0.935 -0.35465 -0
vn -0.64993 0.76 -0
vn -0.79012 0.61291 0.00723
vn -0.74851 0.66312 0.00264
vn -0.86749 0.49745 -0
vn -0.93497 0.35472 -0
vn -0.48796 0.87287 -0
vn -0.32961 0.9441 -0.00563
vn -0.46452 0.88555 0.00364
vn -0.18362 0.98299 -0.00245
vn 0.82273 0.56843 0
vn 0.57046 0.82131 0.00383
vn 0.41634 0.90921 -7E-05
vn 0.30299 0.953 7E-05
vn 0.18683 0.98239 -0.00238
vn 0.06464 0.99788 -0.00749
vn 0.23902 0.97101 0.00387
vn -0.0607 0.99815 -0.00259
vn -0.0001 1 0
vn -0.23942 0.97092 0
vn 0.29576 0.95525 0.00452
vn 0.30245 0.95316 0
vn 0.5 0.86603 0
vn 0.49524 0.86764 0.04406
vn -0.05234 0.99863 0
vn 0.15643 0.98769 -0
vn 0.05201 0.99697 -0.0578
vn 0.13963 0.98992 -0.02387
vn -0.39295 0.91667 0.07288
vn -0.39667 0.91712 0.0392
vn -0.41105 0.91154 0.01137
vn -0.38632 0.92233 -0.0076
vn -0.34907 0.93695 -0.01672
vn -0.2722 0.96137 -0.04097
vn -0.44141 0.89509 0.06298
vn -0.15702 0.98658 -0.04467
vn -0.24615 0.96923 0
vn -0.05234 0.99863 0
vn -0.43778 -0.89895 -0.01549
vn -0.41106 -0.91154 0.01136
vn -0.39668 -0.91712 0.03916
vn -0.39295 -0.91667 0.07284
vn -0.2722 -0.96137 -0.04097
vn -0.44141 -0.89509 0.06298
vn -0.15702 -0.98658 -0.04467
vn -0.24615 -0.96923 -0
vn -0.05234 -0.99863 -0
vn 0.04439 -0.99901 -0
vn 0.15641 -0.98754 -0.01727
vn 0.13957 -0.98992 -0.02388
vn 0.29576 -0.95525 0.00452
vn 0.30245 -0.95316 -0
vn 0.5 -0.86603 0
vn 0.49524 -0.86764 0.04406
vn 0.5114 -0.85931 0.00802
vn 0.33169 -0.94339 -0.00158
vn 0.34612 -0.93819 0
vn 0.30246 -0.95316 -0
vn 0.23508 -0.97197 -0.00131
vn 0.97814 0.20791 0.00464
vn 0.23508 0.97197 -0.00131
vn 0.30246 0.95316 0
vn 0.34612 0.93819 0
vn 0.33169 0.94339 -0.00158
vn 0.53359 0.84569 0.00926
vn 0.51488 0.85726 0
vn 0.68836 0.72537 0
vn 0.80899 0.58776 0.00867
vn 0.82413 0.56641 0
vn 0.91879 0.39474 0
vn -0.42245 0.90639 -0
vn -0.60876 0.79335 -0
vn -0.66901 0.74302 0.01862
vn -0.76041 0.64945 -0
vn -0.8725 0.48862 -0
vn -0.91337 0.40666 0.01955
vn -0.95502 0.29654 -0
vn -0.99452 0.10453 -0
vn -0.9998 0 0.01986
vn -0.99452 -0.10453 -0
vn -0.95502 -0.29654 -0
vn -0.91337 -0.40666 0.01955
vn -0.34908 -0.93695 -0.01672
vn -0.41681 -0.909 -0
vn -0.60876 -0.79335 -0
vn -0.66901 -0.74302 0.01862
vn -0.76041 -0.64945 -0
vn -0.8725 -0.48862 -0
vn 0.53361 -0.84573 0
vn 0.68836 -0.72537 0
vn 0.80899 -0.58776 0.00867
vn 0.82413 -0.56641 0
vn 0.91879 -0.39474 0
vn 0.97814 -0.20791 0.00464
vn 0.98079 -0.19509 0
vn 0.98079 0.19509 0
vn -0.30299 0.953 -7E-05
vn 0.47825 -0.8555 0.19848
vn 0.52289 -0.8524 0
vn 0.82231 -0.56898 -0.00853
vn 0.74851 -0.66312 0
vn 0.93495 -0.35477 0
vn 0.99262 -0.12099 -0.00862
vn 0.97094 -0.23932 0
vn 0.9927 0.12059 0
vn 0.97093 0.23931 -0.00435
vn 0.935 0.35466 0
vn 0.48796 0.87287 -0.00075
vn 0.32636 0.94524 0.00172
vn 0.39122 0.9203 -0.00135
vn 0.18305 0.9831 0.001
vn 0.8229 0.56818 0
vn 0.7485 0.66312 -0.00432
vn 0.66306 0.74856 -0
vn 0.52293 0.85237 0
vn 0.52294 0.85237 0
vn -0.18683 0.98239 0.00238
vn -0.06464 0.99788 0.00749
vn -0.23923 0.97096 -0.00388
vn 0.0607 0.99815 0.00261
vn -0.00011 1 0
vn 0.21269 0.97712 0
vn -0.57799 0.79175 0.19763
vn -0.57083 0.82107 -0
vn -0.66224 0.74923 -0.0096
vn -0.46467 0.88548 0.00014
vn -0.99999 0 -0.00509
vn -0.99271 0.12054 -0
vn -0.88546 0.46472 -0
vn -0.93469 0.35533 -0.01002
vn -0.82295 0.56811 -0
vn -0.57799 -0.79175 0.19763
vn -0.46493 -0.88535 0.00014
vn -0.66246 -0.74903 -0.00962
vn -0.57083 -0.82107 -0
vn -0.82278 -0.56835 -0
vn -0.88544 -0.46472 -0.00506
vn -0.93489 -0.35493 -0
vn -0.99271 -0.12054 -0
vn 0.66311 -0.74852 0
vn 0.41175 -0.91129 -0.00233
vn 0.39177 -0.92006 -0.00137
vn 0.18306 -0.9831 0.00103
vn 0.21327 -0.97699 -0
vn 0.06038 -0.99818 -0
vn 0.00011 -1 0.0013
vn -0.06364 -0.99797 -7E-05
vn -0.23921 -0.97097 0.00014
vn -0.18682 -0.98239 0.00238
vn -0.30299 -0.953 -7E-05
vn 0.70708 0.00796 0.70708
vn 0.68048 -0 0.73277
vn -0.62713 0 0.77891
vn -0.38339 0 0.92358
vn -0.2588 0.01197 0.96586
vn -0.13128 0 0.99135
vn 0.25882 -0 0.96593
vn 0.12588 0.02472 0.99174
vn 0.37701 -0 0.92621
vn -0.78499 0 0.61951
vn -0.72661 0.014 0.6869
vn -0.85035 0.05753 0.52307
vn -0.70711 3E-05 0.70711
vn -0.92365 -2E-05 0.38323
vn -0.9658 0.01611 0.25879
vn -0.99138 0 0.13098
vn -0.99138 0 -0.131
vn -0.9658 0.01611 -0.25878
vn -0.9237 0 -0.38312
vn -0.70711 0 -0.70711
vn 0.70711 -0 -0.70711
vn 0.38324 -0 -0.92365
vn 0.25878 0.01736 -0.96578
vn 0.13112 -0 -0.99137
vn -0.25882 0 -0.96593
vn -0.1562 0.02777 -0.98734
vn -0.40525 0 -0.9142
vn 0.96589 0.00865 -0.25881
vn 0.88599 -0 -0.4637
vn 0.84692 0 0.53172
vn 0.88598 -0 0.46373
vn 0.96589 0.00865 0.25881
vn 0.97582 -0 0.21859
vn 0.97582 -0 -0.21859
vn -0.63326 -0.03374 0.7732
vn -0.38338 0 0.92359
vn -0.68048 0 0.73277
vn -0.70708 -0.00796 0.70708
vn -0.1327 -0.02347 0.99088
vn -0.25882 0 0.96593
vn 0.12444 -0 0.99223
vn 0.2588 -0.01195 0.96586
vn 0.8504 -0.05755 0.52299
vn 0.70711 -1E-05 0.70711
vn 0.88598 0 0.46373
vn 0.96589 -0.00865 0.25881
vn 0.96589 -0.00865 -0.25881
vn -0.25878 -0.0167 -0.96579
vn -0.15484 0 -0.98794
vn 0.25882 -0 -0.96593
vn 0.13235 -0.0341 -0.99062
vn 0.38306 -0 -0.92372
vn -0.9658 -0.01611 -0.25878
vn -0.92373 0 -0.38304
vn -0.84694 0 0.53168
vn -0.92375 0 0.383
vn -0.9658 -0.01611 0.25879
vn -0.9914 0 0.13087
vn -0.9914 0 -0.1309
vn 0.78499 -0 -0.61951
vn 0.72661 0.014 -0.6869
vn 0.85042 0.05756 -0.52295
vn 0.92375 -0 -0.383
vn 0.9658 0.01611 -0.25879
vn 0.40525 -0 0.9142
vn 0.70711 -0 0.70711
vn 0.92373 -0 0.38304
vn 0.9658 0.01611 0.25878
vn 0.9914 -0 0.1309
vn 0.9914 -0 -0.13087
vn 0.1562 0.02777 0.98734
vn 0.25882 -0 0.96593
vn -0.13093 0 0.99139
vn -0.25878 0.01736 0.96578
vn -0.38306 0 0.92372
vn -0.70711 0 0.70711
vn -0.88599 0 0.4637
vn -0.96589 0.00865 0.25881
vn -0.97582 0 0.21859
vn -0.97582 0 -0.21859
vn -0.96589 0.00865 -0.25881
vn -0.88598 -0 -0.46373
vn -0.68048 0 -0.73277
vn -0.84692 0 -0.53172
vn -0.70708 0.00796 -0.70708
vn 0.62713 -0 -0.77891
vn 0.38339 -0 -0.92358
vn 0.2588 0.01197 -0.96586
vn 0.13128 -0 -0.99135
vn -0.25882 0 -0.96593
vn -0.12588 0.02472 -0.99174
vn -0.37701 0 -0.92621
vn 0.63326 -0.03374 -0.7732
vn 0.38338 -0 -0.92359
vn 0.68048 -0 -0.73277
vn 0.70708 -0.00796 -0.70708
vn 0.1327 -0.02347 -0.99088
vn 0.25882 -0 -0.96593
vn -0.12444 0 -0.99223
vn -0.2588 -0.01195 -0.96586
vn -0.8504 -0.05755 -0.52299
vn -0.70711 -1E-05 -0.70711
vn -0.88598 0 -0.46373
vn -0.96589 -0.00865 -0.25881
vn -0.96589 -0.00865 0.25881
vn 0.25878 -0.0167 0.96579
vn 0.15484 -0 0.98794
vn -0.25882 0 0.96593
vn -0.13253 -0.03405 0.99059
vn -0.38324 0 0.92365
vn 0.9658 -0.01611 0.25878
vn 0.9237 -0 0.38312
vn 0.84687 -0 -0.5318
vn 0.92365 2E-05 -0.38323
vn 0.9658 -0.01611 -0.25879
vn 0.99138 -0 -0.13098
vn 0.99138 -0 0.131
vn 0 0.25882 -0.96593
vn 0 0.70711 -0.70711
vn 0 0.96593 -0.25882
vn 0 0.96593 0.25882
vn 0 0.70711 0.70711
vn 0 0.25882 0.96593
vn -0 -0.25882 0.96593
vn -0 -0.70711 0.70711
vn -0 -0.96593 0.25882
vn -0 -0.96593 -0.25882
vn -0 -0.70711 -0.70711
vn -0 -0.25882 -0.96593
vn 0 0.25882 -0.96593
vn 0 0.70711 -0.70711
vn 0 0.70711 0.70711
vn 0 0.25882 0.96593
vn -0 -0.25882 0.96593
vn -0 -0.70711 0.70711
vn -0 -0.70711 -0.70711
vn -0 -0.25882 -0.96593
vn 0 0.96593 -0.25882
vn 0 0.96593 0.25882
vn 0 0.70711 0.70711
vn -0 -0.96593 0.25882
vn -0 -0.96593 -0.25882
vn -0 -0.70711 -0.70711
vn 0 0.70711 -0.70711
vn -0 -0.70711 0.70711
vn -0.70711 0 -0.70711
vn 0.70711 -0 -0.70711
vn -0.6152 -0.41106 -0.67273
vn -0.58764 -0.40388 -0.70111
vn -0.48682 -0.513 -0.70699
vn -0.42377 -0.63422 -0.64667
vn -0.38006 -0.60235 -0.70195
vn -0.24484 -0.66366 -0.70683
vn -0.1526 -0.76716 -0.62304
vn -0.1113 -0.70271 -0.70271
vn 0.03703 -0.70662 -0.70662
vn 0.15566 -0.78256 -0.6028
vn 0.17496 -0.6889 -0.70342
vn 0.31308 -0.63486 -0.70635
vn 0.44986 -0.67327 -0.5868
vn 0.4323 -0.56339 -0.70406
vn 0.53852 -0.45994 -0.70602
vn 0.67984 -0.45426 -0.57573
vn 0.61909 -0.34671 -0.70464
vn 0.67672 -0.21013 -0.70562
vn 0.80581 -0.16029 -0.57007
vn 0.70516 -0.07412 -0.70516
vn 0.70021 0.13928 -0.70021
vn 0.91585 0.09626 -0.38981
vn 0.67672 0.21013 -0.70562
vn 0.59361 0.39664 -0.70022
vn 0.77937 0.43647 -0.44954
vn 0.53852 0.45994 -0.70602
vn 0.39664 0.59361 -0.70022
vn 0.52588 0.68534 -0.50375
vn 0.31308 0.63486 -0.70635
vn 0.13928 0.70021 -0.70022
vn 0.20517 0.80784 -0.55254
vn 0.03703 0.70662 -0.70662
vn -0.13928 0.70021 -0.70021
vn -0.12559 0.79296 -0.59619
vn -0.24484 0.66366 -0.70683
vn -0.39664 0.59361 -0.70022
vn -0.41219 0.65329 -0.63507
vn -0.48682 0.513 -0.70699
vn -0.59361 0.39664 -0.70022
vn -0.6121 0.42068 -0.6696
vn -0.64971 0.27914 -0.70708
vn -0.70021 0.13928 -0.70022
vn -0.70021 0.13928 -0.70021
vn -0.70021 -0.13928 -0.70021
vn -0.70021 -0.13928 -0.70022
vn -0.64971 -0.27914 -0.70708
vn -0.70711 0 0.70711
vn 0.70711 -0 0.70711
vn 0.6152 -0.41106 0.67273
vn 0.58764 -0.40388 0.70111
vn 0.48682 -0.513 0.70699
vn 0.42377 -0.63422 0.64667
vn 0.38006 -0.60235 0.70195
vn 0.24484 -0.66366 0.70683
vn 0.1526 -0.76716 0.62304
vn 0.1113 -0.70271 0.70271
vn -0.03703 -0.70662 0.70662
vn -0.15566 -0.78256 0.6028
vn -0.17496 -0.6889 0.70342
vn -0.31308 -0.63486 0.70635
vn -0.44986 -0.67327 0.5868
vn -0.4323 -0.56339 0.70406
vn -0.53852 -0.45994 0.70602
vn -0.67984 -0.45426 0.57573
vn -0.61909 -0.34671 0.70464
vn -0.67672 -0.21013 0.70562
vn -0.80581 -0.16029 0.57007
vn -0.70516 -0.07412 0.70516
vn -0.70021 0.13928 0.70021
vn -0.91585 0.09626 0.38981
vn -0.67672 0.21013 0.70562
vn -0.59361 0.39664 0.70022
vn -0.77937 0.43647 0.44954
vn -0.53852 0.45994 0.70602
vn -0.39664 0.59361 0.70022
vn -0.52588 0.68534 0.50375
vn -0.31308 0.63486 0.70635
vn -0.13928 0.70021 0.70022
vn -0.20517 0.80784 0.55254
vn -0.03703 0.70662 0.70662
vn 0.13928 0.70021 0.70021
vn 0.12559 0.79296 0.59619
vn 0.24484 0.66366 0.70683
vn 0.39664 0.59361 0.70022
vn 0.41219 0.65329 0.63507
vn 0.48682 0.513 0.70699
vn 0.59361 0.39664 0.70022
vn 0.6121 0.42068 0.6696
vn 0.64971 0.27914 0.70708
vn 0.70021 0.13928 0.70022
vn 0.70021 0.13928 0.70021
vn 0.70021 -0.13928 0.70021
vn 0.70021 -0.13928 0.70022
vn 0.64971 -0.27914 0.70708
vn 0.7047 0.69872 0.1232
vn 0.70471 0.69872 0.1232
vn 0.70471 0.65147 0.28102
vn 0.70471 0.65147 0.28102
vn 0.70471 0.56911 0.42368
vn 0.7047 0.56911 0.42369
vn 0.7047 0.45606 0.54351
vn 0.7047 0.45606 0.54351
vn 0.70471 0.31842 0.63403
vn 0.70471 0.31842 0.63403
vn 0.70471 0.16362 0.69038
vn 0.7047 0.16362 0.69038
vn 0.70651 0.04115 0.70651
vn 0.70651 0.04115 0.70651
vn 0.70651 -0.04115 0.70651
vn 0.70651 -0.04115 0.70651
vn 0.7047 -0.16362 0.69038
vn 0.70471 -0.16362 0.69038
vn 0.70471 -0.31842 0.63403
vn 0.70471 -0.31842 0.63403
vn 0.7047 -0.45606 0.54351
vn 0.7047 -0.45606 0.54351
vn 0.7047 -0.56911 0.42368
vn 0.70471 -0.56911 0.42368
vn 0.70471 -0.65147 0.28102
vn 0.70471 -0.65147 0.28102
vn 0.70471 -0.69872 0.1232
vn 0.7047 -0.69872 0.1232
vn 0.70696 -0.70696 0.02047
vn 0.7784 -0.6267 -0.0365
vn 0.70576 -0.70574 -0.06185
vn 0.7047 -0.67969 -0.20349
vn 0.7047 -0.67969 -0.20349
vn 0.7047 -0.61445 -0.35475
vn 0.7047 -0.61445 -0.35475
vn 0.7047 -0.51607 -0.48689
vn 0.7047 -0.51607 -0.48689
vn 0.7047 -0.38988 -0.59278
vn 0.7047 -0.38988 -0.59278
vn 0.7047 -0.24266 -0.66671
vn 0.7047 -0.24266 -0.66671
vn 0.7047 -0.08237 -0.7047
vn 0.70471 -0.08237 -0.7047
vn 0.70471 0.08237 -0.7047
vn 0.7047 0.08237 -0.7047
vn 0.7047 0.24266 -0.66671
vn 0.7047 0.24266 -0.66671
vn 0.7047 0.38988 -0.59278
vn 0.7047 0.38988 -0.59278
vn 0.7047 0.51607 -0.48689
vn 0.7047 0.51607 -0.48689
vn 0.7047 0.61445 -0.35475
vn 0.7047 0.61445 -0.35475
vn 0.7047 0.67969 -0.20349
vn 0.7047 0.67969 -0.20349
vn 0.7047 0.7083 -0.04125
vn 0.79679 0.60196 -0.05275
vn 0.70696 0.70696 0.02047
vn -0 -0.56854 0.82266
vn -0 -0.83666 0.54772
vn -0 -0.98139 0.19201
vn 0 0.98139 0.19201
vn 0 0.83666 0.54772
vn 0 0.56854 0.82266
vn 0 0.56854 -0.82266
vn 0 0.83666 -0.54772
vn 0 0.98139 -0.19201
vn -0 -0.98139 -0.19201
vn -0 -0.83666 -0.54772
vn -0 -0.56854 -0.82266
vn 0 -0 -1
vn -0 0 1
vn -0 -1 0
vn 0 1 -0
vn -0.20791 0.97815 -0
vn -0.40674 0.91355 -0
vn -0.58778 0.80902 -0
vn -0.95106 0.30902 -0
vn -0.86603 0.5 -0
vn -0.74315 0.66913 -0
vn -0.74315 -0.66913 0
vn -0.86603 -0.5 -0
vn -0.58778 -0.80902 0
vn -0.95106 -0.30902 -0
vn -0.99452 -0.10453 -0
vn -0.40674 -0.91355 0
vn -0.20791 -0.97815 0
vn -0.99452 0.10453 -0
vn -0.47422 0.88041 -0
vn -0.29003 0.95702 -0
vn -0.29003 -0.95702 0
vn -0.47422 -0.88041 0
vn -1 0 -0
vn -0.28081 0.95976 -0
vn -0.08472 0.9964 -0
vn -0.48267 -0.8758 0
vn -0.6469 -0.76257 0
vn -0.97815 0.20791 -0
vn -0.92515 -0.37959 -0
vn -0.98209 -0.18841 -0
vn 0.92146 -0.38848 0
vn 0.82602 -0.56365 0
vn -0.10453 -0.99452 0
vn -0.98386 -0.17895 -0
vn -0.9998 0.0199 -0
vn 0.82055 -0.57157 0
vn 0.69078 -0.72307 0
vn -0.30902 -0.95106 0
vn -0.99956 0.02952 -0
vn -0.97382 0.22733 -0
vn 0.68378 -0.72968 0
vn 0.52535 -0.85089 0
vn -0.5 -0.86603 0
vn -0.6469 0.76257 -0
vn -0.48267 0.8758 -0
vn -0.08472 -0.9964 0
vn -0.28081 -0.95976 0
vn -0.97815 -0.20791 -0
vn -0.79131 0.61141 -0
vn -0.65421 0.75631 -0
vn 0.12429 -0.99225 0
vn -0.07513 -0.99717 0
vn -0.91355 -0.40674 -0
vn -0.97158 0.23669 -0
vn -0.90527 0.42483 -0
vn 0.51713 -0.85591 0
vn 0.33696 -0.94152 0
vn -0.66913 -0.74314 0
vn -0.90114 0.43353 -0
vn -0.79716 0.60377 -0
vn 0.32788 -0.94472 0
vn 0.13384 -0.991 0
vn -0.80902 -0.58778 -0
vn 0.98209 -0.18841 0
vn 0.92515 -0.37959 0
vn 0.10453 -0.99452 0
vn 0.13384 0.991 -0
vn 0.32788 0.94472 -0
vn -0.79716 -0.60377 -0
vn -0.90114 -0.43353 -0
vn -0.80902 0.58778 -0
vn 0.33696 0.94152 -0
vn 0.51713 0.85591 -0
vn -0.90527 -0.42483 -0
vn -0.97158 -0.23669 -0
vn -0.66913 0.74314 -0
vn -0.07513 0.99717 -0
vn 0.12429 0.99225 -0
vn -0.65421 -0.75631 0
vn -0.79131 -0.61141 0
vn -0.91355 0.40674 -0
vn 0.52535 0.85089 -0
vn 0.68378 0.72968 -0
vn -0.97382 -0.22733 -0
vn -0.99956 -0.02952 -0
vn -0.5 0.86603 -0
vn 0.69078 0.72307 -0
vn 0.82055 0.57157 0
vn -0.9998 -0.0199 -0
vn -0.98386 0.17895 -0
vn -0.30902 0.95106 -0
vn 0.82602 0.56365 0
vn 0.92146 0.38848 0
vn -0.98209 0.18841 -0
vn -0.92515 0.37959 -0
vn -0.10453 0.99452 -0
vn 0.92515 0.37959 0
vn 0.98209 0.18841 0
vn 0.10453 0.99452 -0
vn 1 -0 0
vn -0.96593 0.25882 -0
vn -0.70711 0.70711 -0
vn -0.25882 0.96593 -0
vn 0.25882 0.96593 -0
vn 0.70711 0.70711 -0
vn 0.96593 0.25882 0
vn 0.96593 -0.25882 0
vn 0.70711 -0.70711 0
vn 0.25882 -0.96593 0
vn 0.96593 0.25882 0
vn 0.96593 -0.25882 0
vn -0.25882 -0.96593 0
vn -0.70711 -0.70711 0
vn -0.96593 -0.25882 -0
vn 0.83161 -0.55537 0
vn 0.83161 0.55537 0
vn 0.87715 -0 -0.48021
vn 0.65431 -0 -0.75623
vn 0.34912 -0 -0.93708
vn -0.34912 -0 -0.93708
vn -0.65431 -0 -0.75623
vn -0.87715 0 -0.48021
vn -0.94842 0 -0.31702
vn 0.94842 -0 -0.31702
vn 0.96593 -0 0.25882
vn 0.70711 0 0.70711
vn 0.25882 0 0.96593
vn -0.25882 0 0.96593
vn -0.70711 0 0.70711
vn -0.96593 0 0.25882
vn -0.96593 0 -0.25882
vn -0.70711 -0 -0.70711
vn -0.25882 -0 -0.96593
vn 0.25882 -0 -0.96593
vn 0.70711 -0 -0.70711
vn 0.96593 -0 -0.25882
f 1//1 2//1 3//1
f 1//1 3//1 4//1
f 5//1 6//1 3//1
f 3//1 6//1 7//1
f 3//1 7//1 4//1
f 8//1 9//1 3//1
f 3//1 9//1 10//1
f 3//1 10//1 5//1
f 11//1 12//1 3//1
f 3//1 12//1 13//1
f 3//1 13//1 8//1
f 14//1 15//1 3//1
f 3//1 15//1 16//1
f 3//1 16//1 11//1
f 17//1 18//1 3//1
f 3//1 18//1 19//1
f 3//1 19//1 14//1
f 2//1 20//1 3//1
f 3//1 20//1 21//1
f 3//1 21//1 17//1
f 22//2 4//2 23//2
f 23//3 4//3 7//3
f 23//3 7//3 24//3
f 24//4 7//4 6//4
f 24//4 6//4 25//4
f 25//5 6//5 5//5
f 25//5 5//5 26//5
f 26//6 5//6 10//6
f 26//6 10//6 27//6
f 27//7 10//7 9//7
f 27//7 9//7 28//7
f 28//8 9//8 8//8
f 28//8 8//8 29//8
f 29//9 8//9 13//9
f 29//9 13//9 30//9
f 30//10 13//10 12//10
f 30//10 12//10 31//10
f 31//11 12//11 11//11
f 31//11 11//11 32//11
f 32//12 11//12 16//12
f 32//12 16//12 33//12
f 33//13 16//13 15//13
f 33//13 15//13 34//13
f 34//14 15//14 14//14
f 34//14 14//14 35//14
f 35//15 14//15 19//15
f 35//15 19//15 36//15
f 36//16 19//16 18//16
f 36//16 18//16 37//16
f 37//17 18//17 17//17
f 37//17 17//17 38//17
f 38//18 17//18 21//18
f 38//18 21//18 39//18
f 39//19 21//19 20//19
f 39//19 20//19 40//19
f 40//20 20//20 2//20
f 40//20 2//20 41//20
f 41//21 2//21 1//21
f 41//21 1//21 22//21
f 22//2 1//2 4//2
f 37//22 42//22 36//22
f 36//1 42//1 43//1
f 36//1 43//1 35//1
f 35//1 43//1 44//1
f 35//1 44//1 34//1
f 34//22 44//22 45//22
f 34//1 45//1 33//1
f 33//1 45//1 46//1
f 33//1 46//1 32//1
f 32//1 46//1 47//1
f 32//1 47//1 31//1
f 31//1 47//1 48//1
f 31//1 48//1 30//1
f 30//1 48//1 49//1
f 30//1 49//1 29//1
f 29//22 49//22 50//22
f 29//1 50//1 28//1
f 28//22 50//22 51//22
f 28//1 51//1 27//1
f 51//1 52//1 27//1
f 27//1 52//1 53//1
f 27//22 53//22 26//22
f 26//1 53//1 54//1
f 26//1 54//1 25//1
f 25//1 54//1 55//1
f 25//1 55//1 24//1
f 24//22 55//22 56//22
f 24//1 56//1 23//1
f 23//1 56//1 57//1
f 23//1 57//1 22//1
f 22//22 57//22 58//22
f 22//1 58//1 41//1
f 41//1 58//1 59//1
f 41//1 59//1 40//1
f 40//1 59//1 60//1
f 40//1 60//1 39//1
f 39//22 60//22 61//22
f 39//1 61//1 38//1
f 38//22 61//22 62//22
f 38//1 62//1 37//1
f 37//1 62//1 63//1
f 37//1 63//1 42//1
f 64//23 57//23 65//23
f 65//24 57//24 56//24
f 65//24 56//24 66//24
f 66//25 56//25 55//25
f 66//25 55//25 67//25
f 67//26 55//26 54//26
f 67//26 54//26 68//26
f 68//27 54//27 53//27
f 68//27 53//27 69//27
f 69//28 53//28 52//28
f 69//28 52//28 70//28
f 70//29 52//29 51//29
f 70//29 51//29 71//29
f 71//30 51//30 50//30
f 71//30 50//30 72//30
f 72//31 50//31 49//31
f 72//31 49//31 73//31
f 73//32 49//32 48//32
f 73//32 48//32 74//32
f 74//33 48//33 47//33
f 74//33 47//33 75//33
f 75//34 47//34 46//34
f 75//34 46//34 76//34
f 76//35 46//35 45//35
f 76//35 45//35 77//35
f 77//36 45//36 44//36
f 77//36 44//36 78//36
f 78//37 44//37 43//37
f 78//37 43//37 79//37
f 79//38 43//38 42//38
f 79//38 42//38 80//38
f 80//39 42//39 63//39
f 80//39 63//39 81//39
f 81//40 63//40 62//40
f 81//40 62//40 82//40
f 82//41 62//41 61//41
f 82//41 61//41 83//41
f 83//42 61//42 60//42
f 83//42 60//42 84//42
f 84//43 60//43 59//43
f 84//43 59//43 85//43
f 85//44 59//44 58//44
f 85//44 58//44 64//44
f 64//23 58//23 57//23
f 79//1 86//1 78//1
f 78//1 86//1 87//1
f 78//1 87//1 77//1
f 77//1 87//1 88//1
f 77//22 88//22 76//22
f 82//22 89//22 81//22
f 81//1 89//1 90//1
f 81//1 90//1 80//1
f 80//1 90//1 91//1
f 80//22 91//22 79//22
f 79//1 91//1 92//1
f 79//1 92//1 86//1
f 85//1 93//1 84//1
f 84//1 93//1 94//1
f 84//1 94//1 83//1
f 83//22 94//22 95//22
f 83//1 95//1 82//1
f 82//1 95//1 96//1
f 82//1 96//1 89//1
f 88//1 97//1 76//1
f 76//1 97//1 98//1
f 76//1 98//1 75//1
f 75//1 98//1 99//1
f 75//1 99//1 74//1
f 74//1 99//1 100//1
f 74//1 100//1 73//1
f 73//1 100//1 101//1
f 73//1 101//1 72//1
f 66//1 102//1 65//1
f 65//1 102//1 103//1
f 65//22 103//22 64//22
f 64//1 103//1 104//1
f 64//1 104//1 85//1
f 85//1 104//1 105//1
f 85//1 105//1 93//1
f 101//1 106//1 72//1
f 72//1 106//1 107//1
f 72//1 107//1 71//1
f 71//1 107//1 108//1
f 71//1 108//1 70//1
f 70//1 108//1 109//1
f 70//1 109//1 69//1
f 109//1 110//1 69//1
f 69//1 110//1 111//1
f 69//22 111//22 68//22
f 68//1 111//1 112//1
f 68//1 112//1 67//1
f 67//1 112//1 113//1
f 67//1 113//1 66//1
f 66//1 113//1 114//1
f 66//1 114//1 102//1
f 115//45 103//45 116//45
f 116//46 103//46 102//46
f 116//46 102//46 117//46
f 117//47 102//47 114//47
f 117//47 114//47 118//47
f 118//48 114//48 113//48
f 118//48 113//48 119//48
f 119//49 113//49 112//49
f 119//49 112//49 120//49
f 120//50 112//50 111//50
f 120//50 111//50 121//50
f 121//51 111//51 110//51
f 121//51 110//51 122//51
f 122//52 110//52 109//52
f 122//52 109//52 123//52
f 123//53 109//53 108//53
f 123//53 108//53 124//53
f 124//54 108//54 107//54
f 124//54 107//54 125//54
f 125//55 107//55 106//55
f 125//55 106//55 126//55
f 126//56 106//56 101//56
f 126//56 101//56 127//56
f 127//57 101//57 100//57
f 127//57 100//57 128//57
f 128//58 100//58 99//58
f 128//58 99//58 129//58
f 129//59 99//59 98//59
f 129//59 98//59 130//59
f 130//60 98//60 97//60
f 130//60 97//60 131//60
f 131//61 97//61 88//61
f 131//61 88//61 132//61
f 132//62 88//62 87//62
f 132//62 87//62 133//62
f 133//63 87//63 86//63
f 133//63 86//63 134//63
f 134//64 86//64 92//64
f 134//64 92//64 135//64
f 135//65 92//65 91//65
f 135//65 91//65 136//65
f 136//66 91//66 90//66
f 136//66 90//66 137//66
f 137//67 90//67 89//67
f 137//67 89//67 138//67
f 138//68 89//68 96//68
f 138//68 96//68 139//68
f 139//69 96//69 95//69
f 139//69 95//69 140//69
f 140//70 95//70 94//70
f 140//70 94//70 141//70
f 141//71 94//71 93//71
f 141//71 93//71 142//71
f 142//72 93//72 105//72
f 142//72 105//72 143//72
f 143//73 105//73 104//73
f 143//73 104//73 115//73
f 115//45 104//45 103//45
f 115//74 116//74 144//74
f 115//74 144//74 143//74
f 140//74 141//74 144//74
f 144//74 141//74 142//74
f 144//74 142//74 143//74
f 137//74 138//74 144//74
f 144//75 138//75 139//75
f 144//74 139//74 140//74
f 134//74 135//74 144//74
f 144//74 135//74 136//74
f 144//74 136//74 137//74
f 131//74 132//74 144//74
f 144//74 132//74 133//74
f 144//74 133//74 134//74
f 128//74 129//74 144//74
f 144//75 129//75 130//75
f 144//74 130//74 131//74
f 125//74 126//74 144//74
f 144//74 126//74 127//74
f 144//74 127//74 128//74
f 122//74 123//74 144//74
f 144//74 123//74 124//74
f 144//74 124//74 125//74
f 119//74 120//74 144//74
f 144//75 120//75 121//75
f 144//74 121//74 122//74
f 116//74 117//74 144//74
f 144//74 117//74 118//74
f 144//74 118//74 119//74
f 145//76 146//76 147//76
f 145//76 147//76 148//76
f 149//76 150//76 147//76
f 147//76 150//76 151//76
f 147//76 151//76 148//76
f 152//76 153//76 147//76
f 147//76 153//76 154//76
f 147//76 154//76 149//76
f 155//76 156//76 147//76
f 147//76 156//76 157//76
f 147//76 157//76 152//76
f 158//76 159//76 147//76
f 147//76 159//76 160//76
f 147//76 160//76 155//76
f 161//76 162//76 147//76
f 147//76 162//76 163//76
f 147//76 163//76 158//76
f 146//76 164//76 147//76
f 147//76 164//76 165//76
f 147//76 165//76 161//76
f 166//77 148//77 167//77
f 167//78 148//78 151//78
f 167//78 151//78 168//78
f 168//79 151//79 150//79
f 168//79 150//79 169//79
f 169//80 150//80 149//80
f 169//80 149//80 170//80
f 170//81 149//81 154//81
f 170//81 154//81 171//81
f 171//82 154//82 153//82
f 171//82 153//82 172//82
f 172//83 153//83 152//83
f 172//83 152//83 173//83
f 173//84 152//84 157//84
f 173//84 157//84 174//84
f 174//85 157//85 156//85
f 174//85 156//85 175//85
f 175//86 156//86 155//86
f 175//86 155//86 176//86
f 176//87 155//87 160//87
f 176//87 160//87 177//87
f 177//88 160//88 159//88
f 177//88 159//88 178//88
f 178//89 159//89 158//89
f 178//89 158//89 179//89
f 179//90 158//90 163//90
f 179//90 163//90 180//90
f 180//91 163//91 162//91
f 180//91 162//91 181//91
f 181//92 162//92 161//92
f 181//92 161//92 182//92
f 182//93 161//93 165//93
f 182//93 165//93 183//93
f 183//94 165//94 164//94
f 183//94 164//94 184//94
f 184//95 164//95 146//95
f 184//95 146//95 185//95
f 185//96 146//96 145//96
f 185//96 145//96 166//96
f 166//77 145//77 148//77
f 181//76 186//76 180//76
f 180//76 186//76 187//76
f 180//76 187//76 179//76
f 179//76 187//76 188//76
f 179//76 188//76 178//76
f 178//76 188//76 189//76
f 178//76 189//76 177//76
f 177//76 189//76 190//76
f 177//76 190//76 176//76
f 176//76 190//76 191//76
f 176//76 191//76 175//76
f 175//76 191//76 192//76
f 175//76 192//76 174//76
f 174//76 192//76 193//76
f 174//76 193//76 173//76
f 173//76 193//76 194//76
f 173//76 194//76 172//76
f 172//76 194//76 195//76
f 172//76 195//76 171//76
f 195//76 196//76 171//76
f 171//76 196//76 197//76
f 171//76 197//76 170//76
f 170//76 197//76 198//76
f 170//76 198//76 169//76
f 169//76 198//76 199//76
f 169//76 199//76 168//76
f 168//76 199//76 200//76
f 168//76 200//76 167//76
f 167//76 200//76 201//76
f 167//76 201//76 166//76
f 166//76 201//76 202//76
f 166//76 202//76 185//76
f 185//76 202//76 203//76
f 185//76 203//76 184//76
f 184//76 203//76 204//76
f 184//76 204//76 183//76
f 183//76 204//76 205//76
f 183//76 205//76 182//76
f 182//76 205//76 206//76
f 182//76 206//76 181//76
f 181//76 206//76 207//76
f 181//76 207//76 186//76
f 208//97 201//97 209//97
f 209//98 201//98 200//98
f 209//98 200//98 210//98
f 210//99 200//99 199//99
f 210//99 199//99 211//99
f 211//100 199//100 198//100
f 211//100 198//100 212//100
f 212//101 198//101 197//101
f 212//101 197//101 213//101
f 213//102 197//102 196//102
f 213//102 196//102 214//102
f 214//103 196//103 195//103
f 214//103 195//103 215//103
f 215//104 195//104 194//104
f 215//104 194//104 216//104
f 216//105 194//105 193//105
f 216//105 193//105 217//105
f 217//106 193//106 192//106
f 217//106 192//106 218//106
f 218//107 192//107 191//107
f 218//107 191//107 219//107
f 219//108 191//108 190//108
f 219//108 190//108 220//108
f 220//109 190//109 189//109
f 220//109 189//109 221//109
f 221//110 189//110 188//110
f 221//110 188//110 222//110
f 222//111 188//111 187//111
f 222//111 187//111 223//111
f 223//112 187//112 186//112
f 223//112 186//112 224//112
f 224//113 186//113 207//113
f 224//113 207//113 225//113
f 225//114 207//114 206//114
f 225//114 206//114 226//114
f 226//115 206//115 205//115
f 226//115 205//115 227//115
f 227//116 205//116 204//116
f 227//116 204//116 228//116
f 228//117 204//117 203//117
f 228//117 203//117 229//117
f 229//118 203//118 202//118
f 229//118 202//118 208//118
f 208//97 202//97 201//97
f 223//76 230//76 222//76
f 222//76 230//76 231//76
f 222//76 231//76 221//76
f 221//76 231//76 232//76
f 221//76 232//76 220//76
f 226//76 233//76 225//76
f 225//76 233//76 234//76
f 225//76 234//76 224//76
f 224//76 234//76 235//76
f 224//76 235//76 223//76
f 223//76 235//76 236//76
f 223//76 236//76 230//76
f 229//76 237//76 228//76
f 228//76 237//76 238//76
f 228//76 238//76 227//76
f 227//76 238//76 239//76
f 227//76 239//76 226//76
f 226//76 239//76 240//76
f 226//76 240//76 233//76
f 232//76 241//76 220//76
f 220//76 241//76 242//76
f 220//76 242//76 219//76
f 219//76 242//76 243//76
f 219//76 243//76 218//76
f 218//76 243//76 244//76
f 218//76 244//76 217//76
f 217//76 244//76 245//76
f 217//76 245//76 216//76
f 210//76 246//76 209//76
f 209//76 246//76 247//76
f 209//76 247//76 208//76
f 208//76 247//76 248//76
f 208//76 248//76 229//76
f 229//76 248//76 249//76
f 229//76 249//76 237//76
f 245//76 250//76 216//76
f 216//76 250//76 251//76
f 216//76 251//76 215//76
f 215//76 251//76 252//76
f 215//76 252//76 214//76
f 214//76 252//76 253//76
f 214//76 253//76 213//76
f 253//76 254//76 213//76
f 213//76 254//76 255//76
f 213//76 255//76 212//76
f 212//76 255//76 256//76
f 212//76 256//76 211//76
f 211//76 256//76 257//76
f 211//76 257//76 210//76
f 210//76 257//76 258//76
f 210//76 258//76 246//76
f 259//119 247//119 260//119
f 260//120 247//120 246//120
f 260//120 246//120 261//120
f 261//121 246//121 258//121
f 261//121 258//121 262//121
f 262//122 258//122 257//122
f 262//122 257//122 263//122
f 263//123 257//123 256//123
f 263//123 256//123 264//123
f 264//124 256//124 255//124
f 264//124 255//124 265//124
f 265//125 255//125 254//125
f 265//125 254//125 266//125
f 266//126 254//126 253//126
f 266//126 253//126 267//126
f 267//127 253//127 252//127
f 267//127 252//127 268//127
f 268//128 252//128 251//128
f 268//128 251//128 269//128
f 269//129 251//129 250//129
f 269//129 250//129 270//129
f 270//130 250//130 245//130
f 270//130 245//130 271//130
f 271//131 245//131 244//131
f 271//131 244//131 272//131
f 272//132 244//132 243//132
f 272//132 243//132 273//132
f 273//133 243//133 242//133
f 273//133 242//133 274//133
f 274//134 242//134 241//134
f 274//134 241//134 275//134
f 275//135 241//135 232//135
f 275//135 232//135 276//135
f 276//136 232//136 231//136
f 276//136 231//136 277//136
f 277//137 231//137 230//137
f 277//137 230//137 278//137
f 278//138 230//138 236//138
f 278//138 236//138 279//138
f 279//139 236//139 235//139
f 279//139 235//139 280//139
f 280//140 235//140 234//140
f 280//140 234//140 281//140
f 281//141 234//141 233//141
f 281//141 233//141 282//141
f 282//142 233//142 240//142
f 282//142 240//142 283//142
f 283//143 240//143 239//143
f 283//143 239//143 284//143
f 284//144 239//144 238//144
f 284//144 238//144 285//144
f 285//145 238//145 237//145
f 285//145 237//145 286//145
f 286//146 237//146 249//146
f 286//146 249//146 287//146
f 287//147 249//147 248//147
f 287//147 248//147 259//147
f 259//119 248//119 247//119
f 259//148 260//148 288//148
f 259//148 288//148 287//148
f 284//148 285//148 288//148
f 288//148 285//148 286//148
f 288//148 286//148 287//148
f 281//148 282//148 288//148
f 288//148 282//148 283//148
f 288//148 283//148 284//148
f 278//148 279//148 288//148
f 288//148 279//148 280//148
f 288//148 280//148 281//148
f 275//148 276//148 288//148
f 288//148 276//148 277//148
f 288//148 277//148 278//148
f 272//148 273//148 288//148
f 288//148 273//148 274//148
f 288//148 274//148 275//148
f 269//148 270//148 288//148
f 288//148 270//148 271//148
f 288//148 271//148 272//148
f 266//148 267//148 288//148
f 288//148 267//148 268//148
f 288//148 268//148 269//148
f 263//148 264//148 288//148
f 288//148 264//148 265//148
f 288//148 265//148 266//148
f 260//148 261//148 288//148
f 288//148 261//148 262//148
f 288//148 262//148 263//148
f 289//149 290//149 291//149
f 289//149 291//149 292//149
f 292//150 291//150 293//150
f 292//149 293//149 294//149
f 294//149 293//149 295//149
f 294//149 295//149 296//149
f 296//149 295//149 297//149
f 296//149 297//149 298//149
f 298//149 297//149 299//149
f 298//149 299//149 300//149
f 300//149 299//149 301//149
f 300//149 301//149 302//149
f 303//151 304//151 305//151
f 303//151 305//151 306//151
f 306//152 305//152 307//152
f 306//151 307//151 308//151
f 308//151 307//151 309//151
f 308//151 309//151 310//151
f 310//151 309//151 311//151
f 310//151 311//151 312//151
f 312//151 311//151 313//151
f 312//151 313//151 314//151
f 314//151 313//151 315//151
f 314//151 315//151 316//151
f 317//153 318//153 319//153
f 319//153 318//153 320//153
f 319//153 320//153 321//153
f 321//153 320//153 322//153
f 321//153 322//153 323//153
f 323//153 322//153 324//153
f 323//153 324//153 325//153
f 325//153 324//153 326//153
f 325//153 326//153 327//153
f 327//153 326//153 328//153
f 327//153 328//153 329//153
f 329//153 328//153 330//153
f 329//153 330//153 331//153
f 331//153 330//153 332//153
f 331//153 332//153 333//153
f 333//153 332//153 334//153
f 335//153 336//153 337//153
f 337//153 336//153 338//153
f 337//153 338//153 339//153
f 339//153 338//153 340//153
f 339//153 340//153 341//153
f 341//153 340//153 342//153
f 341//153 342//153 334//153
f 334//153 342//153 343//153
f 334//153 343//153 333//153
f 344//154 345//154 346//154
f 347//155 348//155 319//155
f 346//156 345//156 349//156
f 349//157 345//157 350//157
f 349//158 350//158 351//158
f 348//159 352//159 319//159
f 319//160 352//160 353//160
f 319//161 353//161 317//161
f 354//162 355//162 356//162
f 356//163 355//163 357//163
f 357//164 355//164 358//164
f 357//165 358//165 346//165
f 346//166 358//166 359//166
f 346//167 359//167 344//167
f 360//168 361//168 362//168
f 362//169 361//169 363//169
f 364//170 365//170 366//170
f 365//171 367//171 366//171
f 366//172 367//172 368//172
f 366//173 368//173 356//173
f 356//174 368//174 369//174
f 356//175 369//175 354//175
f 370//176 371//176 372//176
f 372//177 371//177 373//177
f 372//178 373//178 374//178
f 375//179 376//179 377//179
f 377//180 376//180 378//180
f 377//181 378//181 379//181
f 380//182 338//182 381//182
f 381//183 338//183 336//183
f 382//184 383//184 384//184
f 384//185 383//185 385//185
f 384//186 385//186 386//186
f 386//187 387//187 384//187
f 384//188 387//188 388//188
f 384//189 388//189 389//189
f 389//190 388//190 390//190
f 389//191 390//191 372//191
f 372//192 390//192 391//192
f 372//193 391//193 370//193
f 380//194 382//194 338//194
f 338//195 382//195 384//195
f 338//196 384//196 340//196
f 340//196 384//196 392//196
f 340//197 392//197 342//197
f 342//197 392//197 393//197
f 342//198 393//198 343//198
f 343//198 393//198 394//198
f 343//199 394//199 333//199
f 333//199 394//199 395//199
f 333//200 395//200 331//200
f 331//200 395//200 396//200
f 331//201 396//201 329//201
f 329//201 396//201 397//201
f 329//202 397//202 327//202
f 327//202 397//202 398//202
f 327//203 398//203 325//203
f 325//203 398//203 399//203
f 325//204 399//204 323//204
f 323//204 399//204 400//204
f 323//205 400//205 321//205
f 321//205 400//205 401//205
f 321//206 401//206 319//206
f 319//206 401//206 349//206
f 319//207 349//207 347//207
f 347//208 349//208 351//208
f 360//209 364//209 361//209
f 361//210 364//210 366//210
f 361//211 366//211 402//211
f 402//211 366//211 403//211
f 402//212 403//212 404//212
f 404//212 403//212 405//212
f 404//213 405//213 406//213
f 406//213 405//213 407//213
f 406//214 407//214 408//214
f 408//214 407//214 409//214
f 408//215 409//215 410//215
f 410//215 409//215 411//215
f 410//216 411//216 412//216
f 412//216 411//216 413//216
f 412//217 413//217 414//217
f 414//217 413//217 415//217
f 414//218 415//218 416//218
f 416//218 415//218 417//218
f 416//219 417//219 418//219
f 418//219 417//219 419//219
f 418//220 419//220 420//220
f 420//220 419//220 421//220
f 420//221 421//221 377//221
f 377//221 421//221 372//221
f 377//222 372//222 375//222
f 375//223 372//223 374//223
f 422//224 423//224 424//224
f 425//224 426//224 427//224
f 425//224 428//224 429//224
f 429//224 428//224 430//224
f 429//224 430//224 431//224
f 431//224 430//224 432//224
f 431//224 432//224 433//224
f 433//224 432//224 434//224
f 433//224 434//224 435//224
f 436//224 437//224 438//224
f 439//224 440//224 441//224
f 441//224 440//224 442//224
f 441//224 442//224 426//224
f 426//224 442//224 443//224
f 426//224 443//224 427//224
f 435//224 434//224 444//224
f 444//224 434//224 445//224
f 444//224 445//224 446//224
f 446//224 445//224 447//224
f 446//224 447//224 437//224
f 437//224 447//224 448//224
f 437//224 448//224 438//224
f 449//224 450//224 451//224
f 451//224 450//224 452//224
f 453//224 454//224 455//224
f 456//224 457//224 458//224
f 455//224 454//224 423//224
f 423//224 454//224 459//224
f 423//224 459//224 424//224
f 460//224 461//224 462//224
f 462//224 461//224 463//224
f 462//224 464//224 460//224
f 460//224 464//224 465//224
f 460//224 465//224 466//224
f 466//224 465//224 467//224
f 466//224 467//224 468//224
f 468//224 467//224 469//224
f 468//224 469//224 470//224
f 470//224 469//224 422//224
f 470//224 422//224 438//224
f 438//224 422//224 424//224
f 438//224 424//224 436//224
f 436//224 424//224 471//224
f 436//224 471//224 439//224
f 439//224 471//224 472//224
f 439//224 472//224 440//224
f 461//224 473//224 463//224
f 463//224 473//224 474//224
f 463//224 474//224 457//224
f 457//224 474//224 475//224
f 457//224 475//224 458//224
f 458//224 475//224 476//224
f 458//224 476//224 477//224
f 478//224 479//224 480//224
f 481//224 482//224 483//224
f 453//224 455//224 484//224
f 484//224 455//224 485//224
f 484//224 485//224 486//224
f 486//224 485//224 456//224
f 486//224 456//224 480//224
f 480//224 456//224 458//224
f 480//224 458//224 478//224
f 487//224 488//224 458//224
f 458//224 488//224 489//224
f 458//224 489//224 478//224
f 478//224 489//224 490//224
f 478//224 490//224 491//224
f 491//224 490//224 492//224
f 491//224 492//224 493//224
f 493//224 492//224 494//224
f 493//224 494//224 495//224
f 495//224 494//224 496//224
f 495//224 496//224 497//224
f 498//224 499//224 500//224
f 500//224 499//224 501//224
f 500//224 501//224 479//224
f 479//224 501//224 502//224
f 479//224 502//224 480//224
f 497//224 496//224 503//224
f 503//224 496//224 504//224
f 503//224 504//224 505//224
f 505//224 504//224 506//224
f 505//224 506//224 482//224
f 482//224 506//224 507//224
f 482//224 507//224 483//224
f 508//224 509//224 510//224
f 510//224 509//224 511//224
f 512//224 513//224 514//224
f 514//224 513//224 515//224
f 509//224 516//224 511//224
f 511//224 516//224 517//224
f 511//224 517//224 518//224
f 518//224 517//224 519//224
f 518//224 519//224 520//224
f 520//224 519//224 521//224
f 520//224 521//224 522//224
f 522//224 521//224 512//224
f 522//224 512//224 483//224
f 483//224 512//224 514//224
f 483//224 514//224 481//224
f 481//224 514//224 523//224
f 481//224 523//224 498//224
f 498//224 523//224 524//224
f 498//224 524//224 499//224
f 525//224 526//224 450//224
f 515//224 513//224 527//224
f 527//224 513//224 528//224
f 527//224 528//224 529//224
f 529//224 528//224 530//224
f 529//224 530//224 531//224
f 531//224 530//224 532//224
f 532//224 530//224 525//224
f 532//224 525//224 427//224
f 427//224 525//224 450//224
f 427//224 450//224 425//224
f 425//224 450//224 449//224
f 425//224 449//224 428//224
f 510//224 533//224 508//224
f 508//224 533//224 534//224
f 508//224 534//224 526//224
f 526//224 534//224 535//224
f 526//224 535//224 450//224
f 450//224 535//224 536//224
f 450//224 536//224 537//224
f 538//153 539//153 540//153
f 541//153 542//153 543//153
f 543//153 542//153 544//153
f 540//153 539//153 545//153
f 545//153 539//153 546//153
f 545//153 546//153 547//153
f 540//153 541//153 538//153
f 538//153 541//153 543//153
f 538//153 543//153 548//153
f 548//153 543//153 549//153
f 548//153 549//153 550//153
f 550//153 549//153 551//153
f 550//153 551//153 552//153
f 552//153 551//153 553//153
f 552//153 553//153 554//153
f 554//153 553//153 555//153
f 556//153 557//153 558//153
f 558//153 557//153 559//153
f 558//153 559//153 560//153
f 561//153 562//153 563//153
f 563//153 562//153 564//153
f 563//153 564//153 555//153
f 555//153 564//153 565//153
f 555//153 565//153 554//153
f 561//153 560//153 562//153
f 562//153 560//153 559//153
f 562//153 559//153 566//153
f 566//153 559//153 547//153
f 566//153 547//153 567//153
f 567//153 547//153 546//153
f 568//153 569//153 570//153
f 571//153 572//153 573//153
f 573//153 572//153 574//153
f 573//153 574//153 575//153
f 575//153 574//153 576//153
f 575//153 576//153 577//153
f 577//153 576//153 578//153
f 577//153 578//153 579//153
f 580//153 581//153 569//153
f 569//153 581//153 582//153
f 569//153 582//153 570//153
f 570//153 572//153 568//153
f 568//153 572//153 571//153
f 568//153 571//153 583//153
f 583//153 571//153 584//153
f 583//153 584//153 585//153
f 585//153 584//153 586//153
f 585//153 586//153 587//153
f 588//153 589//153 590//153
f 590//153 589//153 587//153
f 590//153 587//153 591//153
f 591//153 587//153 586//153
f 590//153 592//153 588//153
f 588//153 592//153 543//153
f 588//153 543//153 593//153
f 593//153 543//153 544//153
f 579//153 578//153 594//153
f 594//153 578//153 595//153
f 594//153 595//153 596//153
f 596//153 595//153 597//153
f 596//153 597//153 592//153
f 592//153 597//153 598//153
f 592//153 598//153 543//153
f 599//153 600//153 601//153
f 601//153 600//153 602//153
f 603//153 604//153 605//153
f 606//153 607//153 608//153
f 608//153 607//153 602//153
f 601//153 609//153 599//153
f 599//153 609//153 610//153
f 599//153 610//153 611//153
f 611//153 610//153 612//153
f 611//153 612//153 613//153
f 613//153 612//153 614//153
f 613//153 614//153 615//153
f 615//153 614//153 616//153
f 615//153 616//153 605//153
f 605//153 616//153 617//153
f 605//153 617//153 603//153
f 603//153 617//153 618//153
f 603//153 618//153 619//153
f 619//153 618//153 620//153
f 619//153 620//153 606//153
f 606//153 620//153 621//153
f 606//153 621//153 607//153
f 622//153 580//153 623//153
f 623//153 580//153 569//153
f 623//153 569//153 624//153
f 624//153 569//153 608//153
f 624//153 608//153 625//153
f 625//153 608//153 602//153
f 625//153 602//153 626//153
f 626//153 602//153 600//153
f 627//153 605//153 628//153
f 604//153 629//153 605//153
f 605//153 629//153 630//153
f 605//153 630//153 631//153
f 632//153 557//153 633//153
f 633//153 557//153 556//153
f 633//153 556//153 634//153
f 635//153 636//153 637//153
f 638//153 639//153 640//153
f 640//153 639//153 641//153
f 640//153 641//153 642//153
f 642//153 641//153 635//153
f 642//153 635//153 643//153
f 643//153 635//153 637//153
f 638//153 628//153 639//153
f 639//153 628//153 605//153
f 639//153 605//153 644//153
f 644//153 605//153 631//153
f 627//153 628//153 645//153
f 645//153 628//153 646//153
f 645//153 646//153 647//153
f 647//153 646//153 648//153
f 647//153 648//153 649//153
f 632//153 650//153 557//153
f 557//153 650//153 651//153
f 557//153 651//153 652//153
f 652//153 651//153 653//153
f 636//153 652//153 637//153
f 637//153 652//153 653//153
f 637//153 653//153 654//153
f 654//153 653//153 655//153
f 654//153 655//153 656//153
f 656//153 655//153 657//153
f 656//153 657//153 658//153
f 658//153 657//153 649//153
f 658//153 649//153 659//153
f 659//153 649//153 648//153
f 430//225 561//225 563//225
f 430//225 563//225 432//225
f 432//226 563//226 555//226
f 432//226 555//226 434//226
f 434//227 555//227 553//227
f 434//227 553//227 445//227
f 445//228 553//228 551//228
f 445//228 551//228 447//228
f 447//229 551//229 549//229
f 447//229 549//229 448//229
f 448//230 549//230 543//230
f 448//230 543//230 438//230
f 438//231 543//231 598//231
f 438//231 598//231 470//231
f 470//232 598//232 597//232
f 470//232 597//232 468//232
f 468//233 597//233 595//233
f 468//233 595//233 466//233
f 466//234 595//234 578//234
f 466//234 578//234 460//234
f 460//235 578//235 576//235
f 460//235 576//235 461//235
f 461//236 576//236 574//236
f 461//236 574//236 473//236
f 660//237 661//237 582//237
f 662//237 663//237 581//237
f 582//237 661//237 476//237
f 581//237 663//237 582//237
f 582//237 663//237 664//237
f 582//237 664//237 660//237
f 661//237 665//237 476//237
f 476//237 665//237 666//237
f 476//237 666//237 477//237
f 477//237 666//237 667//237
f 477//237 667//237 668//237
f 668//237 669//237 477//237
f 477//237 669//237 670//237
f 477//237 670//237 581//237
f 581//237 670//237 671//237
f 581//237 671//237 662//237
f 672//151 673//151 674//151
f 674//152 673//152 675//152
f 674//151 675//151 676//151
f 676//151 675//151 677//151
f 676//151 677//151 678//151
f 678//151 679//151 676//151
f 676//151 679//151 680//151
f 676//151 680//151 681//151
f 681//151 680//151 682//151
f 681//151 682//151 683//151
f 683//151 684//151 681//151
f 681//151 684//151 685//151
f 681//151 685//151 686//151
f 686//151 685//151 687//151
f 686//151 687//151 688//151
f 688//151 689//151 686//151
f 686//151 689//151 690//151
f 686//151 690//151 674//151
f 674//151 690//151 691//151
f 674//151 691//151 672//151
f 692//238 693//238 488//238
f 488//238 693//238 623//238
f 693//238 694//238 623//238
f 623//238 694//238 695//238
f 623//238 695//238 622//238
f 622//238 695//238 696//238
f 622//238 696//238 697//238
f 698//238 487//238 699//238
f 699//238 487//238 622//238
f 699//238 622//238 700//238
f 700//238 622//238 697//238
f 698//238 701//238 487//238
f 487//238 701//238 702//238
f 487//238 702//238 488//238
f 488//238 702//238 703//238
f 488//238 703//238 692//238
f 492//239 626//239 600//239
f 492//239 600//239 494//239
f 494//240 600//240 599//240
f 494//240 599//240 496//240
f 496//241 599//241 611//241
f 496//241 611//241 504//241
f 504//242 611//242 613//242
f 504//242 613//242 506//242
f 506//243 613//243 615//243
f 506//243 615//243 507//243
f 507//244 615//244 605//244
f 507//244 605//244 483//244
f 483//245 605//245 627//245
f 483//245 627//245 522//245
f 522//246 627//246 645//246
f 522//246 645//246 520//246
f 520//247 645//247 647//247
f 520//247 647//247 518//247
f 518//248 647//248 649//248
f 518//248 649//248 511//248
f 511//249 649//249 657//249
f 511//249 657//249 510//249
f 510//250 657//250 655//250
f 510//250 655//250 533//250
f 704//238 705//238 632//238
f 632//238 705//238 650//238
f 706//238 707//238 537//238
f 537//238 707//238 708//238
f 537//238 708//238 632//238
f 632//238 708//238 709//238
f 632//238 709//238 704//238
f 710//238 536//238 711//238
f 711//238 536//238 650//238
f 711//238 650//238 712//238
f 712//238 650//238 705//238
f 710//238 713//238 536//238
f 536//238 713//238 714//238
f 536//238 714//238 537//238
f 537//238 714//238 715//238
f 537//238 715//238 706//238
f 716//149 717//149 718//149
f 718//149 717//149 719//149
f 718//149 719//149 720//149
f 720//149 719//149 721//149
f 720//149 721//149 722//149
f 722//149 723//149 720//149
f 720//150 723//150 724//150
f 720//149 724//149 725//149
f 725//149 724//149 726//149
f 725//149 726//149 727//149
f 727//149 728//149 725//149
f 725//149 728//149 729//149
f 725//149 729//149 730//149
f 730//149 729//149 731//149
f 730//149 731//149 732//149
f 732//149 733//149 730//149
f 730//149 733//149 734//149
f 730//149 734//149 718//149
f 718//149 734//149 735//149
f 718//149 735//149 716//149
f 556//237 736//237 634//237
f 634//237 736//237 737//237
f 634//237 737//237 738//237
f 739//237 452//237 740//237
f 740//237 452//237 634//237
f 740//237 634//237 741//237
f 741//237 634//237 738//237
f 739//237 742//237 452//237
f 452//237 742//237 743//237
f 452//237 743//237 451//237
f 451//237 743//237 744//237
f 744//237 745//237 451//237
f 451//237 745//237 746//237
f 451//237 746//237 556//237
f 556//237 746//237 747//237
f 556//237 747//237 736//237
f 748//251 749//251 750//251
f 751//252 752//252 289//252
f 752//253 753//253 289//253
f 289//254 753//254 754//254
f 289//255 754//255 290//255
f 755//256 756//256 757//256
f 757//257 756//257 758//257
f 757//258 758//258 759//258
f 759//259 758//259 760//259
f 759//260 760//260 761//260
f 761//260 760//260 762//260
f 761//261 762//261 763//261
f 763//262 762//262 764//262
f 763//263 764//263 765//263
f 766//264 767//264 768//264
f 768//265 767//265 769//265
f 768//266 769//266 770//266
f 770//267 769//267 771//267
f 770//268 771//268 772//268
f 772//269 771//269 773//269
f 772//270 773//270 764//270
f 764//271 773//271 774//271
f 764//272 774//272 765//272
f 748//273 750//273 775//273
f 775//274 750//274 776//274
f 775//275 776//275 777//275
f 778//276 779//276 780//276
f 780//277 779//277 781//277
f 781//278 779//278 782//278
f 781//279 782//279 783//279
f 302//280 784//280 300//280
f 300//281 784//281 785//281
f 300//282 785//282 786//282
f 786//283 787//283 788//283
f 787//284 789//284 788//284
f 788//285 789//285 790//285
f 788//286 790//286 791//286
f 791//287 790//287 778//287
f 791//288 778//288 792//288
f 792//276 778//276 780//276
f 793//289 794//289 795//289
f 783//290 796//290 781//290
f 781//291 796//291 797//291
f 781//292 797//292 798//292
f 798//293 797//293 777//293
f 798//294 777//294 799//294
f 799//295 777//295 776//295
f 799//296 776//296 800//296
f 800//297 776//297 794//297
f 800//298 794//298 801//298
f 801//299 794//299 793//299
f 786//300 788//300 300//300
f 300//301 788//301 802//301
f 300//302 802//302 298//302
f 802//303 803//303 298//303
f 298//304 803//304 804//304
f 298//305 804//305 296//305
f 804//306 805//306 296//306
f 296//307 805//307 806//307
f 296//308 806//308 294//308
f 806//309 807//309 294//309
f 294//310 807//310 808//310
f 294//311 808//311 292//311
f 755//312 751//312 756//312
f 756//313 751//313 289//313
f 756//314 289//314 809//314
f 809//315 289//315 292//315
f 809//316 292//316 810//316
f 810//317 292//317 808//317
f 772//318 811//318 770//318
f 770//319 811//319 812//319
f 770//320 812//320 813//320
f 812//321 814//321 813//321
f 813//322 814//322 815//322
f 813//323 815//323 795//323
f 795//324 815//324 816//324
f 795//325 816//325 793//325
f 749//149 817//149 750//149
f 750//149 817//149 818//149
f 750//149 818//149 776//149
f 776//149 818//149 794//149
f 794//150 818//150 819//150
f 794//149 819//149 795//149
f 795//149 819//149 820//149
f 795//149 820//149 813//149
f 813//149 820//149 821//149
f 813//149 821//149 770//149
f 770//149 821//149 822//149
f 770//149 822//149 768//149
f 768//149 822//149 823//149
f 768//149 823//149 766//149
f 824//153 416//153 825//153
f 825//153 416//153 418//153
f 825//153 418//153 826//153
f 826//153 418//153 420//153
f 826//153 420//153 827//153
f 827//153 420//153 377//153
f 827//153 377//153 828//153
f 828//153 377//153 379//153
f 829//153 363//153 830//153
f 830//153 363//153 361//153
f 830//153 361//153 831//153
f 831//153 361//153 402//153
f 831//153 402//153 832//153
f 832//153 402//153 404//153
f 832//153 404//153 833//153
f 833//153 404//153 406//153
f 833//153 406//153 834//153
f 834//153 406//153 408//153
f 834//153 408//153 835//153
f 835//153 408//153 410//153
f 835//153 410//153 836//153
f 836//153 410//153 412//153
f 836//153 412//153 824//153
f 824//153 412//153 414//153
f 824//153 414//153 416//153
f 837//326 335//326 337//326
f 838//327 829//327 830//327
f 318//328 839//328 443//328
f 839//329 840//329 443//329
f 443//330 840//330 841//330
f 443//331 841//331 842//331
f 842//332 841//332 843//332
f 842//333 843//333 532//333
f 532//334 843//334 844//334
f 532//335 844//335 845//335
f 486//336 846//336 847//336
f 848//337 849//337 502//337
f 848//338 502//338 828//338
f 849//339 850//339 502//339
f 502//340 850//340 851//340
f 502//341 851//341 480//341
f 480//342 851//342 852//342
f 480//343 852//343 486//343
f 486//344 852//344 853//344
f 486//345 853//345 846//345
f 847//346 837//346 486//346
f 486//347 837//347 337//347
f 486//348 337//348 484//348
f 484//348 337//348 339//348
f 484//349 339//349 453//349
f 453//349 339//349 341//349
f 453//350 341//350 454//350
f 454//350 341//350 334//350
f 454//351 334//351 459//351
f 459//351 334//351 332//351
f 459//352 332//352 424//352
f 424//352 332//352 330//352
f 424//353 330//353 471//353
f 471//353 330//353 328//353
f 471//354 328//354 472//354
f 472//354 328//354 326//354
f 472//355 326//355 440//355
f 440//355 326//355 324//355
f 440//356 324//356 442//356
f 442//356 324//356 322//356
f 442//357 322//357 443//357
f 443//357 322//357 320//357
f 443//358 320//358 318//358
f 845//359 838//359 532//359
f 532//360 838//360 830//360
f 532//361 830//361 531//361
f 531//361 830//361 831//361
f 531//362 831//362 529//362
f 529//362 831//362 832//362
f 529//363 832//363 527//363
f 527//363 832//363 833//363
f 527//364 833//364 515//364
f 515//364 833//364 834//364
f 515//365 834//365 514//365
f 514//365 834//365 835//365
f 514//366 835//366 523//366
f 523//366 835//366 836//366
f 523//367 836//367 524//367
f 524//367 836//367 824//367
f 524//368 824//368 499//368
f 499//368 824//368 825//368
f 499//369 825//369 501//369
f 501//369 825//369 826//369
f 501//370 826//370 502//370
f 502//370 826//370 827//370
f 502//371 827//371 828//371
f 854//372 823//372 822//372
f 855//373 301//373 299//373
f 839//374 318//374 317//374
f 840//375 299//375 841//375
f 841//376 299//376 297//376
f 841//377 297//377 843//377
f 843//378 297//378 295//378
f 843//379 295//379 844//379
f 362//380 363//380 856//380
f 856//381 363//381 293//381
f 856//382 293//382 291//382
f 844//383 295//383 845//383
f 845//384 295//384 293//384
f 845//385 293//385 838//385
f 838//386 293//386 363//386
f 838//386 363//386 829//386
f 821//387 354//387 822//387
f 822//388 354//388 369//388
f 856//389 857//389 362//389
f 362//390 857//390 858//390
f 362//391 858//391 360//391
f 360//392 858//392 859//392
f 360//393 859//393 364//393
f 364//394 859//394 860//394
f 364//395 860//395 365//395
f 365//396 860//396 854//396
f 365//397 854//397 367//397
f 367//398 854//398 822//398
f 367//399 822//399 368//399
f 368//400 822//400 369//400
f 819//401 359//401 820//401
f 820//402 359//402 358//402
f 820//403 358//403 821//403
f 821//404 358//404 355//404
f 821//405 355//405 354//405
f 351//406 350//406 818//406
f 818//407 350//407 345//407
f 818//408 345//408 819//408
f 819//409 345//409 344//409
f 819//410 344//410 359//410
f 818//411 817//411 351//411
f 351//412 817//412 861//412
f 351//413 861//413 347//413
f 347//414 861//414 862//414
f 840//415 839//415 299//415
f 299//374 839//374 317//374
f 299//416 317//416 855//416
f 855//417 317//417 353//417
f 855//418 353//418 863//418
f 863//419 353//419 864//419
f 864//420 353//420 865//420
f 865//421 353//421 352//421
f 865//422 352//422 862//422
f 862//423 352//423 348//423
f 862//424 348//424 347//424
f 866//425 867//425 868//425
f 866//426 868//426 869//426
f 869//427 868//427 870//427
f 869//428 870//428 871//428
f 872//429 873//429 874//429
f 874//430 873//430 875//430
f 875//431 873//431 876//431
f 875//432 876//432 877//432
f 316//433 878//433 314//433
f 314//434 878//434 879//434
f 314//435 879//435 880//435
f 880//436 881//436 882//436
f 881//437 883//437 882//437
f 882//438 883//438 884//438
f 882//439 884//439 885//439
f 885//440 884//440 872//440
f 885//441 872//441 886//441
f 886//442 872//442 874//442
f 887//443 888//443 303//443
f 888//444 889//444 303//444
f 303//445 889//445 890//445
f 303//446 890//446 304//446
f 891//447 892//447 893//447
f 893//448 892//448 894//448
f 893//449 894//449 895//449
f 895//450 894//450 896//450
f 895//451 896//451 897//451
f 897//451 896//451 898//451
f 897//452 898//452 899//452
f 899//453 898//453 900//453
f 899//454 900//454 901//454
f 902//455 903//455 904//455
f 904//456 903//456 905//456
f 904//457 905//457 906//457
f 906//458 905//458 907//458
f 906//459 907//459 908//459
f 908//460 907//460 909//460
f 908//461 909//461 900//461
f 900//462 909//462 910//462
f 900//463 910//463 901//463
f 911//464 912//464 913//464
f 877//465 914//465 875//465
f 875//466 914//466 915//466
f 875//467 915//467 916//467
f 916//468 915//468 871//468
f 916//469 871//469 917//469
f 917//470 871//470 870//470
f 917//471 870//471 918//471
f 918//472 870//472 912//472
f 918//473 912//473 919//473
f 919//474 912//474 911//474
f 880//475 882//475 314//475
f 314//476 882//476 920//476
f 314//477 920//477 312//477
f 920//478 921//478 312//478
f 312//479 921//479 922//479
f 312//480 922//480 310//480
f 922//481 923//481 310//481
f 310//482 923//482 924//482
f 310//483 924//483 308//483
f 924//484 925//484 308//484
f 308//485 925//485 926//485
f 308//486 926//486 306//486
f 891//487 887//487 892//487
f 892//488 887//488 303//488
f 892//489 303//489 927//489
f 927//490 303//490 306//490
f 927//491 306//491 928//491
f 928//492 306//492 926//492
f 908//493 929//493 906//493
f 906//494 929//494 930//494
f 906//495 930//495 931//495
f 930//496 932//496 931//496
f 931//497 932//497 933//497
f 931//498 933//498 913//498
f 913//499 933//499 934//499
f 913//500 934//500 911//500
f 867//151 935//151 868//151
f 868//151 935//151 936//151
f 868//151 936//151 870//151
f 870//151 936//151 912//151
f 912//152 936//152 937//152
f 912//151 937//151 913//151
f 913//151 937//151 938//151
f 913//151 938//151 931//151
f 931//151 938//151 939//151
f 931//151 939//151 906//151
f 906//151 939//151 940//151
f 906//151 940//151 904//151
f 904//151 940//151 941//151
f 904//151 941//151 902//151
f 942//501 943//501 383//501
f 944//502 941//502 940//502
f 848//503 828//503 379//503
f 849//504 940//504 850//504
f 850//505 940//505 939//505
f 850//506 939//506 851//506
f 851//507 939//507 852//507
f 852//508 939//508 938//508
f 852//509 938//509 853//509
f 853//510 938//510 937//510
f 853//511 937//511 846//511
f 936//512 935//512 336//512
f 336//513 935//513 945//513
f 336//514 945//514 381//514
f 381//515 945//515 946//515
f 846//516 937//516 847//516
f 847//517 937//517 936//517
f 847//518 936//518 837//518
f 837//519 936//519 336//519
f 837//520 336//520 335//520
f 942//521 383//521 947//521
f 947//522 383//522 948//522
f 948//523 383//523 382//523
f 948//524 382//524 946//524
f 946//525 382//525 380//525
f 946//526 380//526 381//526
f 943//527 315//527 313//527
f 313//528 386//528 943//528
f 943//529 386//529 385//529
f 943//530 385//530 383//530
f 309//531 390//531 311//531
f 311//532 390//532 388//532
f 311//533 388//533 313//533
f 313//534 388//534 387//534
f 313//535 387//535 386//535
f 307//536 305//536 949//536
f 374//537 373//537 949//537
f 949//538 373//538 371//538
f 949//539 371//539 307//539
f 307//540 371//540 370//540
f 307//541 370//541 309//541
f 309//542 370//542 391//542
f 309//543 391//543 390//543
f 849//544 848//544 940//544
f 940//503 848//503 379//503
f 940//545 379//545 944//545
f 944//546 379//546 378//546
f 944//547 378//547 950//547
f 950//548 378//548 376//548
f 950//549 376//549 951//549
f 951//550 376//550 375//550
f 951//551 375//551 952//551
f 952//552 375//552 374//552
f 952//553 374//553 953//553
f 953//554 374//554 949//554
f 666//555 665//555 867//555
f 867//556 665//556 945//556
f 867//556 945//556 935//556
f 943//557 942//557 660//557
f 660//558 942//558 947//558
f 660//559 947//559 661//559
f 661//560 947//560 948//560
f 661//561 948//561 665//561
f 665//562 948//562 946//562
f 665//563 946//563 945//563
f 315//564 943//564 316//564
f 316//565 943//565 660//565
f 316//566 660//566 878//566
f 878//567 660//567 664//567
f 878//568 664//568 879//568
f 879//569 664//569 663//569
f 879//570 663//570 880//570
f 880//571 663//571 881//571
f 881//572 663//572 662//572
f 881//573 662//573 883//573
f 883//574 662//574 671//574
f 883//574 671//574 884//574
f 668//575 877//575 669//575
f 669//576 877//576 876//576
f 669//577 876//577 670//577
f 670//578 876//578 873//578
f 670//579 873//579 671//579
f 671//580 873//580 872//580
f 671//581 872//581 884//581
f 667//582 915//582 668//582
f 668//583 915//583 914//583
f 668//575 914//575 877//575
f 867//584 866//584 666//584
f 666//585 866//585 869//585
f 666//586 869//586 667//586
f 667//587 869//587 871//587
f 667//588 871//588 915//588
f 949//564 305//564 304//564
f 949//589 304//589 953//589
f 952//590 953//590 694//590
f 694//591 953//591 304//591
f 694//592 304//592 695//592
f 952//593 694//593 951//593
f 951//594 694//594 693//594
f 951//595 693//595 950//595
f 950//596 693//596 692//596
f 950//563 692//563 944//563
f 941//556 944//556 902//556
f 902//556 944//556 692//556
f 902//597 692//597 903//597
f 903//598 692//598 703//598
f 903//599 703//599 905//599
f 905//600 703//600 702//600
f 905//587 702//587 907//587
f 907//588 702//588 909//588
f 909//601 702//601 701//601
f 909//583 701//583 910//583
f 910//575 701//575 698//575
f 910//575 698//575 901//575
f 697//574 893//574 700//574
f 700//581 893//581 895//581
f 700//602 895//602 699//602
f 699//603 895//603 897//603
f 699//604 897//604 698//604
f 698//605 897//605 899//605
f 698//606 899//606 901//606
f 696//607 887//607 697//607
f 697//608 887//608 891//608
f 697//574 891//574 893//574
f 304//609 890//609 695//609
f 695//610 890//610 889//610
f 695//611 889//611 696//611
f 696//612 889//612 888//612
f 696//613 888//613 887//613
f 301//614 855//614 302//614
f 302//615 855//615 745//615
f 302//616 745//616 784//616
f 784//575 745//575 744//575
f 784//617 744//617 785//617
f 785//618 744//618 743//618
f 778//619 790//619 739//619
f 739//620 790//620 789//620
f 739//620 789//620 742//620
f 742//621 789//621 787//621
f 742//622 787//622 743//622
f 743//623 787//623 786//623
f 743//624 786//624 785//624
f 778//625 739//625 779//625
f 779//626 739//626 954//626
f 779//627 954//627 782//627
f 782//628 954//628 741//628
f 782//629 741//629 783//629
f 783//630 741//630 738//630
f 783//630 738//630 796//630
f 796//631 738//631 797//631
f 797//632 738//632 737//632
f 797//633 737//633 777//633
f 777//634 737//634 775//634
f 775//635 737//635 736//635
f 775//636 736//636 748//636
f 861//637 817//637 749//637
f 748//638 736//638 749//638
f 749//639 736//639 747//639
f 749//637 747//637 861//637
f 855//640 863//640 745//640
f 745//641 863//641 864//641
f 745//642 864//642 746//642
f 746//643 864//643 865//643
f 746//644 865//644 747//644
f 747//645 865//645 862//645
f 747//646 862//646 861//646
f 856//614 291//614 290//614
f 856//647 290//647 857//647
f 858//648 857//648 713//648
f 713//649 857//649 290//649
f 713//650 290//650 714//650
f 858//651 713//651 859//651
f 859//652 713//652 710//652
f 859//653 710//653 860//653
f 860//654 710//654 711//654
f 860//646 711//646 854//646
f 823//637 854//637 766//637
f 766//637 854//637 711//637
f 766//655 711//655 767//655
f 767//656 711//656 712//656
f 767//657 712//657 769//657
f 769//658 712//658 705//658
f 769//634 705//634 771//634
f 771//633 705//633 773//633
f 773//659 705//659 704//659
f 773//631 704//631 774//631
f 774//630 704//630 709//630
f 774//630 709//630 765//630
f 706//620 757//620 707//620
f 707//619 757//619 759//619
f 707//660 759//660 708//660
f 708//661 759//661 761//661
f 708//662 761//662 709//662
f 709//663 761//663 763//663
f 709//664 763//664 765//664
f 715//665 751//665 706//665
f 706//666 751//666 755//666
f 706//620 755//620 757//620
f 290//667 754//667 714//667
f 714//668 754//668 753//668
f 714//669 753//669 715//669
f 715//670 753//670 752//670
f 715//671 752//671 751//671
f 462//672 575//672 464//672
f 464//672 575//672 577//672
f 464//673 577//673 465//673
f 465//673 577//673 579//673
f 465//674 579//674 467//674
f 467//674 579//674 594//674
f 467//675 594//675 469//675
f 469//675 594//675 596//675
f 469//676 596//676 422//676
f 422//676 596//676 592//676
f 422//677 592//677 423//677
f 423//677 592//677 590//677
f 423//678 590//678 455//678
f 455//678 590//678 591//678
f 455//679 591//679 485//679
f 485//679 591//679 586//679
f 485//680 586//680 456//680
f 456//680 586//680 584//680
f 456//681 584//681 457//681
f 457//681 584//681 571//681
f 457//682 571//682 463//682
f 463//682 571//682 573//682
f 463//683 573//683 462//683
f 462//683 573//683 575//683
f 493//684 601//684 491//684
f 491//684 601//684 602//684
f 491//685 602//685 478//685
f 478//685 602//685 607//685
f 478//674 607//674 479//674
f 479//674 607//674 621//674
f 479//675 621//675 500//675
f 500//675 621//675 620//675
f 500//686 620//686 498//686
f 498//686 620//686 618//686
f 498//687 618//687 481//687
f 481//687 618//687 617//687
f 481//688 617//688 482//688
f 482//688 617//688 616//688
f 482//689 616//689 505//689
f 505//689 616//689 614//689
f 505//680 614//680 503//680
f 503//680 614//680 612//680
f 503//681 612//681 497//681
f 497//681 612//681 610//681
f 497//690 610//690 495//690
f 495//690 610//690 609//690
f 495//691 609//691 493//691
f 493//691 609//691 601//691
f 513//684 638//684 528//684
f 528//684 638//684 640//684
f 528//673 640//673 530//673
f 530//673 640//673 642//673
f 530//692 642//692 525//692
f 525//692 642//692 643//692
f 525//693 643//693 526//693
f 526//693 643//693 637//693
f 526//694 637//694 508//694
f 508//694 637//694 654//694
f 508//687 654//687 509//687
f 509//687 654//687 656//687
f 509//688 656//688 516//688
f 516//688 656//688 658//688
f 516//679 658//679 517//679
f 517//679 658//679 659//679
f 517//695 659//695 519//695
f 519//695 659//695 648//695
f 519//696 648//696 521//696
f 521//696 648//696 646//696
f 521//697 646//697 512//697
f 512//697 646//697 628//697
f 512//691 628//691 513//691
f 513//691 628//691 638//691
f 436//672 538//672 437//672
f 437//672 538//672 548//672
f 437//698 548//698 446//698
f 446//698 548//698 550//698
f 446//692 550//692 444//692
f 444//692 550//692 552//692
f 444//693 552//693 435//693
f 435//693 552//693 554//693
f 435//686 554//686 433//686
f 433//686 554//686 565//686
f 433//677 565//677 431//677
f 431//677 565//677 564//677
f 431//678 564//678 429//678
f 429//678 564//678 562//678
f 429//699 562//699 425//699
f 425//699 562//699 566//699
f 425//695 566//695 426//695
f 426//695 566//695 567//695
f 426//696 567//696 441//696
f 441//696 567//696 546//696
f 441//690 546//690 439//690
f 439//690 546//690 539//690
f 439//683 539//683 436//683
f 436//683 539//683 538//683
f 452//690 730//690 634//690
f 634//690 730//690 718//690
f 537//700 725//700 450//700
f 450//700 725//700 730//700
f 450//700 730//700 452//700
f 634//701 718//701 633//701
f 633//701 718//701 720//701
f 633//701 720//701 632//701
f 632//673 720//673 537//673
f 537//673 720//673 725//673
f 722//702 721//702 814//702
f 814//703 812//703 722//703
f 722//704 812//704 811//704
f 722//705 811//705 723//705
f 811//706 772//706 723//706
f 723//707 772//707 764//707
f 723//708 764//708 724//708
f 764//709 762//709 724//709
f 724//710 762//710 760//710
f 724//711 760//711 726//711
f 760//712 758//712 726//712
f 726//713 758//713 756//713
f 726//714 756//714 727//714
f 756//715 809//715 727//715
f 727//716 809//716 810//716
f 727//717 810//717 728//717
f 810//718 808//718 728//718
f 728//719 808//719 807//719
f 728//720 807//720 729//720
f 729//721 807//721 806//721
f 729//722 806//722 731//722
f 806//723 805//723 731//723
f 731//724 805//724 804//724
f 731//725 804//725 732//725
f 804//726 803//726 732//726
f 732//727 803//727 802//727
f 732//728 802//728 733//728
f 802//729 788//729 733//729
f 733//730 788//730 791//730
f 733//731 791//731 734//731
f 791//732 792//732 734//732
f 734//733 792//733 780//733
f 734//734 780//734 735//734
f 780//735 781//735 735//735
f 735//736 781//736 798//736
f 735//737 798//737 716//737
f 798//738 799//738 716//738
f 716//739 799//739 800//739
f 716//740 800//740 717//740
f 800//741 801//741 717//741
f 717//742 801//742 793//742
f 717//743 793//743 719//743
f 719//744 793//744 816//744
f 719//745 816//745 721//745
f 721//746 816//746 815//746
f 721//747 815//747 814//747
f 487//686 674//686 622//686
f 622//686 674//686 676//686
f 477//748 686//748 458//748
f 458//748 686//748 674//748
f 458//748 674//748 487//748
f 622//749 676//749 580//749
f 580//749 676//749 681//749
f 580//749 681//749 581//749
f 581//679 681//679 477//679
f 477//679 681//679 686//679
f 672//750 691//750 932//750
f 932//751 930//751 672//751
f 672//752 930//752 929//752
f 672//753 929//753 673//753
f 929//754 908//754 673//754
f 673//755 908//755 900//755
f 673//756 900//756 675//756
f 900//757 898//757 675//757
f 675//758 898//758 896//758
f 675//759 896//759 677//759
f 896//760 894//760 677//760
f 677//761 894//761 892//761
f 677//762 892//762 678//762
f 892//763 927//763 678//763
f 678//764 927//764 928//764
f 678//765 928//765 679//765
f 928//766 926//766 679//766
f 679//767 926//767 925//767
f 679//768 925//768 680//768
f 680//769 925//769 924//769
f 680//770 924//770 682//770
f 924//771 923//771 682//771
f 682//772 923//772 922//772
f 682//773 922//773 683//773
f 922//774 921//774 683//774
f 683//775 921//775 920//775
f 683//776 920//776 684//776
f 920//777 882//777 684//777
f 684//778 882//778 885//778
f 684//779 885//779 685//779
f 885//780 886//780 685//780
f 685//781 886//781 874//781
f 685//782 874//782 687//782
f 874//783 875//783 687//783
f 687//784 875//784 916//784
f 687//785 916//785 688//785
f 916//786 917//786 688//786
f 688//787 917//787 918//787
f 688//788 918//788 689//788
f 918//789 919//789 689//789
f 689//790 919//790 911//790
f 689//791 911//791 690//791
f 690//792 911//792 934//792
f 690//793 934//793 691//793
f 691//794 934//794 933//794
f 691//795 933//795 932//795
f 397//796 544//796 398//796
f 398//797 544//797 542//797
f 398//798 542//798 399//798
f 399//799 542//799 541//799
f 399//800 541//800 400//800
f 400//801 541//801 540//801
f 400//802 540//802 401//802
f 401//803 540//803 545//803
f 401//804 545//804 349//804
f 349//805 545//805 547//805
f 349//806 547//806 346//806
f 346//807 547//807 559//807
f 346//808 559//808 357//808
f 357//809 559//809 557//809
f 357//810 557//810 356//810
f 356//811 557//811 652//811
f 356//812 652//812 366//812
f 366//813 652//813 636//813
f 366//814 636//814 403//814
f 403//815 636//815 635//815
f 403//816 635//816 405//816
f 405//817 635//817 641//817
f 405//818 641//818 407//818
f 407//819 641//819 639//819
f 407//820 639//820 409//820
f 409//821 639//821 644//821
f 409//822 644//822 411//822
f 644//823 631//823 411//823
f 411//824 631//824 630//824
f 411//825 630//825 413//825
f 413//826 630//826 629//826
f 413//827 629//827 415//827
f 415//828 629//828 604//828
f 415//829 604//829 417//829
f 417//830 604//830 603//830
f 417//831 603//831 419//831
f 419//832 603//832 619//832
f 419//833 619//833 421//833
f 421//834 619//834 606//834
f 421//835 606//835 372//835
f 372//836 606//836 608//836
f 372//837 608//837 389//837
f 389//838 608//838 569//838
f 389//839 569//839 384//839
f 384//840 569//840 568//840
f 384//841 568//841 392//841
f 392//842 568//842 583//842
f 392//843 583//843 393//843
f 393//844 583//844 585//844
f 393//845 585//845 394//845
f 394//846 585//846 587//846
f 394//847 587//847 395//847
f 395//848 587//848 589//848
f 395//849 589//849 396//849
f 396//850 589//850 588//850
f 396//851 588//851 397//851
f 397//852 588//852 593//852
f 397//853 593//853 544//853
f 473//854 574//854 474//854
f 474//854 574//854 572//854
f 474//855 572//855 475//855
f 475//855 572//855 570//855
f 475//856 570//856 476//856
f 476//856 570//856 582//856
f 488//857 623//857 489//857
f 489//857 623//857 624//857
f 489//858 624//858 490//858
f 490//858 624//858 625//858
f 490//859 625//859 492//859
f 492//859 625//859 626//859
f 533//860 655//860 534//860
f 534//860 655//860 653//860
f 534//861 653//861 535//861
f 535//861 653//861 651//861
f 535//862 651//862 536//862
f 536//862 651//862 650//862
f 451//863 556//863 449//863
f 449//863 556//863 558//863
f 449//864 558//864 428//864
f 428//864 558//864 560//864
f 428//865 560//865 430//865
f 430//865 560//865 561//865
f 955//866 956//866 957//866
f 958//866 959//866 960//866
f 961//866 962//866 963//866
f 964//866 965//866 966//866
f 966//866 965//866 967//866
f 968//866 969//866 970//866
f 970//866 969//866 971//866
f 970//866 971//866 972//866
f 973//866 974//866 975//866
f 975//866 974//866 976//866
f 975//866 976//866 967//866
f 967//866 976//866 961//866
f 967//866 961//866 966//866
f 966//866 961//866 963//866
f 966//866 963//866 977//866
f 977//866 963//866 978//866
f 979//866 960//866 980//866
f 980//866 960//866 981//866
f 957//866 982//866 955//866
f 955//866 982//866 983//866
f 955//866 983//866 984//866
f 985//866 986//866 987//866
f 987//866 986//866 988//866
f 987//866 988//866 984//866
f 984//866 988//866 989//866
f 984//866 989//866 955//866
f 955//866 989//866 990//866
f 959//866 991//866 992//866
f 993//866 994//866 959//866
f 995//866 996//866 997//866
f 997//866 996//866 998//866
f 997//866 998//866 999//866
f 999//866 998//866 1000//866
f 999//866 1000//866 964//866
f 964//866 1000//866 1001//866
f 1002//866 1003//866 1004//866
f 1004//866 1003//866 1005//866
f 1004//866 1005//866 990//866
f 990//866 1005//866 1006//866
f 990//866 1006//866 955//866
f 955//866 1006//866 1007//866
f 1008//866 1009//866 1010//866
f 1010//866 1009//866 1011//866
f 1010//866 1011//866 1001//866
f 1001//866 1011//866 1012//866
f 1001//866 1012//866 964//866
f 964//866 1012//866 972//866
f 964//866 972//866 965//866
f 965//866 972//866 971//866
f 1013//866 1014//866 1015//866
f 1015//866 1014//866 1016//866
f 1015//866 1016//866 992//866
f 992//866 1016//866 1017//866
f 992//866 1017//866 959//866
f 959//866 1017//866 1018//866
f 1019//866 1020//866 1021//866
f 1021//866 1020//866 1022//866
f 1021//866 1022//866 1007//866
f 1007//866 1022//866 958//866
f 1007//866 958//866 955//866
f 955//866 958//866 960//866
f 1023//866 959//866 1024//866
f 1024//866 959//866 1025//866
f 1024//866 1025//866 1026//866
f 1026//866 1025//866 1027//866
f 1028//866 959//866 1029//866
f 1029//866 959//866 1023//866
f 1029//866 1023//866 1030//866
f 1031//866 1032//866 1033//866
f 1033//866 1032//866 1034//866
f 1033//866 1034//866 1018//866
f 1018//866 1034//866 1035//866
f 1018//866 1035//866 959//866
f 959//866 1035//866 1036//866
f 964//866 1037//866 1038//866
f 1039//866 1040//866 1041//866
f 1042//866 1043//866 1044//866
f 959//866 994//866 960//866
f 960//866 994//866 1045//866
f 960//866 1045//866 981//866
f 1046//866 1047//866 1048//866
f 1048//866 1047//866 1049//866
f 1048//866 1049//866 1028//866
f 1028//866 1049//866 1050//866
f 1028//866 1050//866 959//866
f 959//866 1050//866 1051//866
f 959//866 1051//866 991//866
f 1052//866 1053//866 1054//866
f 1054//866 1053//866 1055//866
f 1054//866 1055//866 1056//866
f 1056//866 1055//866 991//866
f 1056//866 991//866 1057//866
f 1057//866 991//866 1051//866
f 1057//866 1051//866 1058//866
f 1058//866 1051//866 1059//866
f 1058//866 1059//866 1060//866
f 1060//866 1059//866 1061//866
f 1041//866 1062//866 1039//866
f 1039//866 1062//866 1043//866
f 1039//866 1043//866 1063//866
f 1063//866 1043//866 1042//866
f 1063//866 1042//866 1064//866
f 1065//866 1066//866 1067//866
f 1067//866 1066//866 1068//866
f 1067//866 1068//866 1036//866
f 1036//866 1068//866 1042//866
f 1036//866 1042//866 959//866
f 959//866 1042//866 1044//866
f 959//866 1044//866 993//866
f 1069//866 1070//866 1071//866
f 1071//866 1070//866 1072//866
f 1071//866 1072//866 1073//866
f 1073//866 1072//866 1029//866
f 1073//866 1029//866 1074//866
f 1074//866 1029//866 1030//866
f 1074//866 1030//866 1075//866
f 1075//866 1030//866 1076//866
f 1075//866 1076//866 1077//866
f 1077//866 1076//866 1078//866
f 1038//866 1079//866 964//866
f 964//866 1079//866 1080//866
f 964//866 1080//866 999//866
f 999//866 1080//866 1081//866
f 999//866 1081//866 1042//866
f 1042//866 1081//866 1082//866
f 1042//866 1082//866 1064//866
f 1083//867 1084//867 1085//867
f 1086//867 1087//867 1088//867
f 1089//867 1090//867 1091//867
f 1092//867 1093//867 1094//867
f 1095//867 1096//867 1097//867
f 1097//867 1096//867 1098//867
f 1097//867 1098//867 1099//867
f 1100//867 1085//867 1101//867
f 1101//867 1085//867 1084//867
f 1101//867 1084//867 1102//867
f 1102//867 1084//867 1103//867
f 1102//867 1103//867 1104//867
f 1104//867 1103//867 1105//867
f 1106//867 1107//867 1108//867
f 1109//867 1085//867 1110//867
f 1110//867 1085//867 1100//867
f 1110//867 1100//867 1111//867
f 1111//867 1100//867 1112//867
f 1111//867 1112//867 1113//867
f 1113//867 1112//867 1114//867
f 1115//867 1116//867 1117//867
f 1117//867 1116//867 1118//867
f 1117//867 1118//867 1119//867
f 1120//867 1121//867 1122//867
f 1123//867 1124//867 1125//867
f 1125//867 1124//867 1126//867
f 1125//867 1126//867 1120//867
f 1120//867 1126//867 1127//867
f 1120//867 1127//867 1121//867
f 1121//867 1127//867 1128//867
f 1129//867 1130//867 1131//867
f 1131//867 1130//867 1132//867
f 1131//867 1132//867 1133//867
f 1133//867 1132//867 1134//867
f 1135//867 1136//867 1137//867
f 1137//867 1136//867 1138//867
f 1137//867 1138//867 1139//867
f 1139//867 1138//867 1086//867
f 1139//867 1086//867 1106//867
f 1106//867 1086//867 1088//867
f 1140//867 1141//867 1142//867
f 1142//867 1141//867 1143//867
f 1142//867 1143//867 1109//867
f 1109//867 1143//867 1144//867
f 1109//867 1144//867 1085//867
f 1085//867 1144//867 1145//867
f 1085//867 1145//867 1146//867
f 1146//867 1145//867 1147//867
f 1122//867 1148//867 1120//867
f 1120//867 1148//867 1149//867
f 1120//867 1149//867 1150//867
f 1150//867 1149//867 1089//867
f 1150//867 1089//867 1151//867
f 1151//867 1089//867 1091//867
f 1152//867 1153//867 1154//867
f 1154//867 1153//867 1155//867
f 1154//867 1155//867 1156//867
f 1156//867 1155//867 1157//867
f 1098//867 1083//867 1099//867
f 1099//867 1083//867 1085//867
f 1099//867 1085//867 1158//867
f 1159//867 1160//867 1161//867
f 1161//867 1160//867 1162//867
f 1161//867 1162//867 1163//867
f 1163//867 1162//867 1147//867
f 1106//867 1108//867 1139//867
f 1139//867 1108//867 1164//867
f 1139//867 1164//867 1094//867
f 1094//867 1164//867 1165//867
f 1094//867 1165//867 1092//867
f 1166//867 1167//867 1168//867
f 1168//867 1167//867 1169//867
f 1168//867 1169//867 1145//867
f 1145//867 1169//867 1170//867
f 1145//867 1170//867 1147//867
f 1147//867 1170//867 1171//867
f 1147//867 1171//867 1163//867
f 1163//867 1171//867 1172//867
f 1173//867 1174//867 1175//867
f 1175//867 1174//867 1176//867
f 1175//867 1176//867 1177//867
f 1177//867 1176//867 1085//867
f 1177//867 1085//867 1178//867
f 1178//867 1085//867 1146//867
f 1178//867 1146//867 1179//867
f 1179//867 1146//867 1180//867
f 1179//867 1180//867 1181//867
f 1181//867 1180//867 1182//867
f 1118//867 1094//867 1119//867
f 1119//867 1094//867 1093//867
f 1119//867 1093//867 1134//867
f 1134//867 1093//867 1158//867
f 1134//867 1158//867 1133//867
f 1133//867 1158//867 1085//867
f 1183//867 1184//867 1185//867
f 1185//867 1184//867 1186//867
f 1185//867 1186//867 1187//867
f 1188//867 1189//867 1190//867
f 1190//867 1189//867 1191//867
f 1190//867 1191//867 1171//867
f 1171//867 1191//867 1192//867
f 1171//867 1192//867 1172//867
f 1172//867 1192//867 1193//867
f 1172//867 1193//867 1194//867
f 1194//867 1193//867 1195//867
f 1194//867 1195//867 1196//867
f 1196//867 1195//867 1197//867
f 1158//867 1198//867 1099//867
f 1099//867 1198//867 1185//867
f 1099//867 1185//867 1199//867
f 1199//867 1185//867 1187//867
f 1200//867 1201//867 1202//867
f 1202//867 1201//867 1203//867
f 1202//867 1203//867 1128//867
f 1128//867 1203//867 1204//867
f 1128//867 1204//867 1121//867
f 1121//867 1204//867 1156//867
f 1121//867 1156//867 1199//867
f 1199//867 1156//867 1157//867
f 1199//867 1157//867 1099//867
f 1205//868 1090//868 1206//868
f 1206//868 1090//868 1037//868
f 1206//868 1037//868 1207//868
f 1207//868 1037//868 1208//868
f 1207//868 1208//868 1209//868
f 1209//868 1208//868 1210//868
f 1209//868 1210//868 1211//868
f 1205//868 1212//868 1090//868
f 1090//868 1212//868 977//868
f 1090//868 977//868 1091//868
f 1091//868 977//868 978//868
f 1210//868 1213//868 1211//868
f 1211//868 1213//868 1214//868
f 1211//868 1214//868 1215//868
f 1215//868 1214//868 1216//868
f 1215//868 1216//868 1217//868
f 1217//868 1216//868 1218//868
f 1217//868 1218//868 1219//868
f 1219//868 1218//868 1220//868
f 1219//868 1220//868 1221//868
f 1221//868 1220//868 1222//868
f 1221//868 1222//868 1223//868
f 1223//868 1222//868 977//868
f 1223//868 977//868 1224//868
f 1224//868 977//868 1212//868
f 1124//869 1123//869 973//869
f 973//869 1123//869 974//869
f 1201//870 1200//870 968//870
f 968//870 1200//870 969//870
f 1153//871 1152//871 1008//871
f 1008//871 1152//871 1009//871
f 1096//872 1095//872 995//872
f 995//872 1095//872 996//872
f 1141//873 1140//873 1013//873
f 1013//873 1140//873 1014//873
f 1113//874 1114//874 1031//874
f 1031//874 1114//874 1032//874
f 1104//875 1105//875 1065//875
f 1065//875 1105//875 1066//875
f 1136//868 1135//868 985//868
f 985//868 1135//868 986//868
f 1181//876 1182//876 1078//876
f 1078//876 1182//876 1077//876
f 1160//877 1159//877 1069//877
f 1069//877 1159//877 1070//877
f 1174//878 1173//878 1027//878
f 1027//878 1173//878 1026//878
f 1196//879 1197//879 1046//879
f 1046//879 1197//879 1047//879
f 1189//880 1188//880 1061//880
f 1061//880 1188//880 1060//880
f 1130//881 1129//881 1019//881
f 1019//881 1129//881 1020//881
f 1116//882 1115//882 1002//882
f 1002//882 1115//882 1003//882
f 1167//883 1166//883 1052//883
f 1052//883 1166//883 1053//883
f 1060//884 1188//884 1190//884
f 1060//884 1190//884 1058//884
f 1058//885 1190//885 1171//885
f 1058//885 1171//885 1057//885
f 1056//886 1170//886 1169//886
f 1056//886 1169//886 1054//886
f 1054//887 1169//887 1167//887
f 1054//887 1167//887 1052//887
f 1171//888 1170//888 1057//888
f 1057//888 1170//888 1056//888
f 1053//889 1166//889 1168//889
f 1053//889 1168//889 1055//889
f 1055//890 1168//890 1145//890
f 1055//890 1145//890 991//890
f 992//891 1144//891 1143//891
f 992//891 1143//891 1015//891
f 1015//892 1143//892 1141//892
f 1015//892 1141//892 1013//892
f 1145//893 1144//893 991//893
f 991//893 1144//893 992//893
f 986//894 1135//894 1137//894
f 986//894 1137//894 988//894
f 988//895 1137//895 1139//895
f 988//895 1139//895 989//895
f 990//896 1094//896 1118//896
f 990//896 1118//896 1004//896
f 1004//897 1118//897 1116//897
f 1004//897 1116//897 1002//897
f 1139//898 1094//898 989//898
f 989//898 1094//898 990//898
f 1003//899 1115//899 1117//899
f 1003//899 1117//899 1005//899
f 1005//900 1117//900 1119//900
f 1005//900 1119//900 1006//900
f 1007//901 1134//901 1132//901
f 1007//901 1132//901 1021//901
f 1021//902 1132//902 1130//902
f 1021//902 1130//902 1019//902
f 1119//903 1134//903 1006//903
f 1006//903 1134//903 1007//903
f 1020//904 1129//904 1131//904
f 1020//904 1131//904 1022//904
f 1022//905 1131//905 1133//905
f 1022//905 1133//905 958//905
f 959//906 1085//906 1176//906
f 959//906 1176//906 1025//906
f 1025//907 1176//907 1174//907
f 1025//907 1174//907 1027//907
f 1133//908 1085//908 958//908
f 958//908 1085//908 959//908
f 1047//909 1197//909 1195//909
f 1047//909 1195//909 1049//909
f 1049//910 1195//910 1193//910
f 1049//910 1193//910 1050//910
f 1051//911 1192//911 1191//911
f 1051//911 1191//911 1059//911
f 1059//912 1191//912 1189//912
f 1059//912 1189//912 1061//912
f 1193//913 1192//913 1050//913
f 1050//913 1192//913 1051//913
f 1070//914 1159//914 1161//914
f 1070//914 1161//914 1072//914
f 1072//915 1161//915 1163//915
f 1072//915 1163//915 1029//915
f 1028//916 1172//916 1194//916
f 1028//916 1194//916 1048//916
f 1048//917 1194//917 1196//917
f 1048//917 1196//917 1046//917
f 1163//918 1172//918 1029//918
f 1029//918 1172//918 1028//918
f 1026//919 1173//919 1175//919
f 1026//919 1175//919 1024//919
f 1024//920 1175//920 1177//920
f 1024//920 1177//920 1023//920
f 1030//921 1178//921 1179//921
f 1030//921 1179//921 1076//921
f 1076//922 1179//922 1181//922
f 1076//922 1181//922 1078//922
f 1177//923 1178//923 1023//923
f 1023//923 1178//923 1030//923
f 1077//924 1182//924 1180//924
f 1077//924 1180//924 1075//924
f 1075//925 1180//925 1146//925
f 1075//925 1146//925 1074//925
f 1073//926 1147//926 1162//926
f 1073//926 1162//926 1071//926
f 1071//927 1162//927 1160//927
f 1071//927 1160//927 1069//927
f 1146//928 1147//928 1074//928
f 1074//928 1147//928 1073//928
f 984//929 1086//929 1138//929
f 984//929 1138//929 987//929
f 987//930 1138//930 1136//930
f 987//930 1136//930 985//930
f 1087//931 1086//931 983//931
f 983//931 1086//931 984//931
f 1032//932 1114//932 1112//932
f 1032//932 1112//932 1034//932
f 1034//933 1112//933 1100//933
f 1034//933 1100//933 1035//933
f 1036//934 1101//934 1102//934
f 1036//934 1102//934 1067//934
f 1067//935 1102//935 1104//935
f 1067//935 1104//935 1065//935
f 1100//936 1101//936 1035//936
f 1035//936 1101//936 1036//936
f 1066//937 1105//937 1103//937
f 1066//937 1103//937 1068//937
f 1068//938 1103//938 1084//938
f 1068//938 1084//938 1042//938
f 999//939 1083//939 1098//939
f 999//939 1098//939 997//939
f 997//940 1098//940 1096//940
f 997//940 1096//940 995//940
f 1084//941 1083//941 1042//941
f 1042//941 1083//941 999//941
f 1014//942 1140//942 1142//942
f 1014//942 1142//942 1016//942
f 1016//943 1142//943 1109//943
f 1016//943 1109//943 1017//943
f 1018//944 1110//944 1111//944
f 1018//944 1111//944 1033//944
f 1033//945 1111//945 1113//945
f 1033//945 1113//945 1031//945
f 1109//946 1110//946 1017//946
f 1017//946 1110//946 1018//946
f 996//947 1095//947 1097//947
f 996//947 1097//947 998//947
f 998//948 1097//948 1099//948
f 998//948 1099//948 1000//948
f 1001//949 1157//949 1155//949
f 1001//949 1155//949 1010//949
f 1010//950 1155//950 1153//950
f 1010//950 1153//950 1008//950
f 1099//951 1157//951 1000//951
f 1000//951 1157//951 1001//951
f 1009//952 1152//952 1154//952
f 1009//952 1154//952 1011//952
f 1011//953 1154//953 1156//953
f 1011//953 1156//953 1012//953
f 972//954 1204//954 1203//954
f 972//954 1203//954 970//954
f 970//955 1203//955 1201//955
f 970//955 1201//955 968//955
f 1156//956 1204//956 1012//956
f 1012//956 1204//956 972//956
f 969//957 1200//957 1202//957
f 969//957 1202//957 971//957
f 971//958 1202//958 1128//958
f 971//958 1128//958 965//958
f 967//959 1127//959 1126//959
f 967//959 1126//959 975//959
f 975//960 1126//960 1124//960
f 975//960 1124//960 973//960
f 1128//961 1127//961 965//961
f 965//961 1127//961 967//961
f 974//962 1123//962 1125//962
f 974//962 1125//962 976//962
f 976//963 1125//963 1120//963
f 976//963 1120//963 961//963
f 1120//964 1150//964 961//964
f 961//964 1150//964 962//964
f 1041//965 1040//965 1183//965
f 1183//965 1040//965 1184//965
f 1106//869 957//869 1107//869
f 1107//869 957//869 956//869
f 1107//869 956//869 1225//869
f 1226//869 1227//869 1228//869
f 1228//869 1227//869 1229//869
f 1229//869 1227//869 1230//869
f 1229//869 1230//869 956//869
f 956//869 1230//869 1231//869
f 956//869 1231//869 1225//869
f 1228//869 1232//869 1226//869
f 1226//869 1232//869 1233//869
f 1226//869 1233//869 1234//869
f 1234//869 1233//869 1235//869
f 1234//869 1235//869 1236//869
f 1236//869 1235//869 1237//869
f 1236//869 1237//869 1238//869
f 1238//869 1237//869 1239//869
f 1238//869 1239//869 1240//869
f 1240//869 1239//869 1241//869
f 1240//869 1241//869 1242//869
f 1242//869 1241//869 979//869
f 1242//869 979//869 1243//869
f 1243//869 979//869 1107//869
f 1243//869 1107//869 1244//869
f 1244//869 1107//869 1225//869
f 1107//966 979//966 1108//966
f 1108//966 979//966 980//966
f 1108//967 980//967 1164//967
f 1164//967 980//967 981//967
f 1164//968 981//968 1165//968
f 1165//968 981//968 1045//968
f 1165//969 1045//969 1092//969
f 1092//969 1045//969 994//969
f 1092//970 994//970 1093//970
f 1093//970 994//970 993//970
f 1093//971 993//971 1158//971
f 1158//971 993//971 1044//971
f 1158//972 1044//972 1198//972
f 1198//972 1044//972 1043//972
f 1198//973 1043//973 1185//973
f 1185//973 1043//973 1062//973
f 1185//974 1062//974 1183//974
f 1183//974 1062//974 1041//974
f 1184//969 1040//969 1186//969
f 1186//969 1040//969 1039//969
f 1186//970 1039//970 1187//970
f 1187//970 1039//970 1063//970
f 1187//975 1063//975 1199//975
f 1199//975 1063//975 1064//975
f 1199//976 1064//976 1121//976
f 1121//976 1064//976 1082//976
f 1121//973 1082//973 1122//973
f 1122//973 1082//973 1081//973
f 1122//974 1081//974 1148//974
f 1148//974 1081//974 1080//974
f 1148//977 1080//977 1149//977
f 1149//977 1080//977 1079//977
f 1149//978 1079//978 1089//978
f 1089//978 1079//978 1038//978
f 1089//979 1038//979 1090//979
f 1090//979 1038//979 1037//979
f 982//980 1088//980 983//980
f 983//980 1088//980 1087//980
f 957//965 1106//965 982//965
f 982//965 1106//965 1088//965
f 962//981 1150//981 963//981
f 963//981 1150//981 1151//981
f 963//965 1151//965 978//965
f 978//965 1151//965 1091//965
f 1245//982 1222//982 1220//982
f 1245//982 1220//982 1246//982
f 1246//983 1220//983 1218//983
f 1246//983 1218//983 1247//983
f 1247//984 1218//984 1216//984
f 1247//984 1216//984 1248//984
f 1248//866 1216//866 1214//866
f 1248//866 1214//866 1249//866
f 1249//985 1214//985 1213//985
f 1249//985 1213//985 1250//985
f 1250//986 1213//986 1210//986
f 1250//986 1210//986 1251//986
f 1251//987 1210//987 1208//987
f 1251//987 1208//987 1252//987
f 964//988 1252//988 1037//988
f 1037//988 1252//988 1208//988
f 1245//989 966//989 1222//989
f 1222//989 966//989 977//989
f 1253//869 966//869 1254//869
f 1254//869 966//869 1245//869
f 1254//869 1245//869 1255//869
f 1255//869 1245//869 1246//869
f 1255//869 1246//869 1256//869
f 1256//869 1246//869 1247//869
f 1256//869 1247//869 1257//869
f 1253//869 1258//869 966//869
f 966//869 1258//869 1259//869
f 966//869 1259//869 964//869
f 1247//869 1248//869 1257//869
f 1257//869 1248//869 1249//869
f 1257//869 1249//869 1260//869
f 1260//869 1249//869 1250//869
f 1260//869 1250//869 1261//869
f 1261//869 1250//869 1251//869
f 1261//869 1251//869 1262//869
f 1262//869 1251//869 1252//869
f 1262//869 1252//869 1263//869
f 1263//869 1252//869 964//869
f 1263//869 964//869 1264//869
f 1264//869 964//869 1259//869
f 1262//990 1207//990 1261//990
f 1261//990 1207//990 1209//990
f 1261//991 1209//991 1260//991
f 1260//991 1209//991 1211//991
f 1260//992 1211//992 1257//992
f 1257//992 1211//992 1215//992
f 1257//993 1215//993 1256//993
f 1256//993 1215//993 1217//993
f 1256//994 1217//994 1255//994
f 1255//994 1217//994 1219//994
f 1255//995 1219//995 1254//995
f 1254//995 1219//995 1221//995
f 1254//996 1221//996 1253//996
f 1253//996 1221//996 1223//996
f 1253//997 1223//997 1258//997
f 1258//997 1223//997 1224//997
f 1258//998 1224//998 1259//998
f 1259//998 1224//998 1212//998
f 1259//999 1212//999 1264//999
f 1264//999 1212//999 1205//999
f 1264//1000 1205//1000 1263//1000
f 1263//1000 1205//1000 1206//1000
f 1263//1001 1206//1001 1262//1001
f 1262//1001 1206//1001 1207//1001
f 1265//868 960//868 1266//868
f 1266//868 960//868 1267//868
f 1266//868 1267//868 1268//868
f 1268//868 1267//868 1269//868
f 1268//868 1269//868 1270//868
f 1265//868 1271//868 960//868
f 960//868 1271//868 1272//868
f 960//868 1272//868 955//868
f 1269//868 1273//868 1270//868
f 1270//868 1273//868 1274//868
f 1270//868 1274//868 1275//868
f 1275//868 1274//868 1276//868
f 1275//868 1276//868 1277//868
f 1277//868 1276//868 1278//868
f 1277//868 1278//868 1279//868
f 1279//868 1278//868 1280//868
f 1279//868 1280//868 1281//868
f 1281//868 1280//868 1282//868
f 1281//868 1282//868 1283//868
f 1283//868 1282//868 955//868
f 1283//868 955//868 1284//868
f 1284//868 955//868 1272//868
f 1267//987 1241//987 1239//987
f 1267//987 1239//987 1269//987
f 1269//986 1239//986 1237//986
f 1269//986 1237//986 1273//986
f 1273//985 1237//985 1235//985
f 1273//985 1235//985 1274//985
f 1274//866 1235//866 1233//866
f 1274//866 1233//866 1276//866
f 1276//984 1233//984 1232//984
f 1276//984 1232//984 1278//984
f 1278//983 1232//983 1228//983
f 1278//983 1228//983 1280//983
f 1280//982 1228//982 1229//982
f 1280//982 1229//982 1282//982
f 955//989 1282//989 956//989
f 956//989 1282//989 1229//989
f 1267//988 960//988 1241//988
f 1241//988 960//988 979//988
f 1281//995 1230//995 1279//995
f 1279//995 1230//995 1227//995
f 1279//994 1227//994 1277//994
f 1277//994 1227//994 1226//994
f 1277//993 1226//993 1275//993
f 1275//993 1226//993 1234//993
f 1275//992 1234//992 1270//992
f 1270//992 1234//992 1236//992
f 1270//991 1236//991 1268//991
f 1268//991 1236//991 1238//991
f 1268//990 1238//990 1266//990
f 1266//990 1238//990 1240//990
f 1266//1001 1240//1001 1265//1001
f 1265//1001 1240//1001 1242//1001
f 1265//1000 1242//1000 1271//1000
f 1271//1000 1242//1000 1243//1000
f 1271//999 1243//999 1272//999
f 1272//999 1243//999 1244//999
f 1272//998 1244//998 1284//998
f 1284//998 1244//998 1225//998
f 1284//997 1225//997 1283//997
f 1283//997 1225//997 1231//997
f 1283//996 1231//996 1281//996
f 1281//996 1231//996 1230//996
# Vertices: 1284, normals: 1001, texture coordinates: 0, faces: 2600

