# File generated by ImageToStl.com - Free Image and 3D model conversion tools

o obj1
v -0.03864903 0.0103079 -0.0585
v -0.04009837 0.01069445 -0.0585
v -0.03635105 0.01669135 -0.0585
v -0.03771421 0.01731728 -0.0585
v -0.03300732 0.02259462 -0.0585
v -0.0342451 0.02344192 -0.0585
v -0.02871403 0.02784788 -0.0585
v -0.02979081 0.02889217 -0.0585
v -0.02359469 0.03230001 -0.0585
v -0.02447949 0.03351126 -0.0585
v -0.01779658 0.03582292 -0.0585
v -0.01846395 0.03716628 -0.0585
v -0.01148648 0.03831528 -0.0585
v -0.01191723 0.0397521 -0.0585
v -0.00484595 0.03970538 -0.0585
v -0.00502767 0.04119433 -0.0585
v 0.001934 0.03995322 -0.0585
v 0.00200652 0.04145147 -0.0585
v 0.00865831 0.03905168 -0.0585
v 0.00898299 0.04051612 -0.0585
v 0.01513353 0.0370267 -0.0585
v 0.01570104 0.0384152 -0.0585
v 0.02117339 0.03393652 -0.0585
v 0.02196739 0.03520914 -0.0585
v 0.02660413 0.02987006 -0.0585
v 0.02760179 0.03099018 -0.0585
v 0.03126952 0.02494428 -0.0585
v 0.03244212 0.02587969 -0.0585
v 0.03503534 0.01930091 -0.0585
v 0.03634916 0.02002469 -0.0585
v 0.03779326 0.01310228 -0.0585
v 0.0392105 0.01359362 -0.0585
v 0.03946393 0.00652673 -0.0585
v 0.04094383 0.00677148 -0.0585
v 0.0399993 -0.00023659 -0.0585
v 0.04149927 -0.00024546 -0.0585
v 0.03938396 -0.0069931 -0.0585
v 0.04086086 -0.00725535 -0.0585
v 0.03763562 -0.01354844 -0.0585
v 0.03904696 -0.0140565 -0.0585
v 0.03480457 -0.01971401 -0.0585
v 0.03610974 -0.02045328 -0.0585
v 0.03097225 -0.02531244 -0.0585
v 0.03213371 -0.02626165 -0.0585
v 0.02624892 -0.03018268 -0.0585
v 0.02723326 -0.03131453 -0.0585
v 0.02077046 -0.03418462 -0.0585
v 0.02154935 -0.03546654 -0.0585
v 0.01469447 -0.03720313 -0.0585
v 0.01524551 -0.03859825 -0.0585
v 0.00819574 -0.03915137 -0.0585
v 0.00850308 -0.04061955 -0.0585
v 0.00146124 -0.0399733 -0.0585
v 0.00151604 -0.0414723 -0.0585
v -0.0053153 -0.03964527 -0.0585
v -0.00551462 -0.04113197 -0.0585
v -0.01193893 -0.03817672 -0.0585
v -0.01238664 -0.03960834 -0.0585
v -0.01821909 -0.03560989 -0.0585
v -0.01890231 -0.03694526 -0.0585
v -0.02397513 -0.03201864 -0.0585
v -0.0248742 -0.03321933 -0.0585
v -0.02904145 -0.02750626 -0.0585
v -0.0301305 -0.02853775 -0.0585
v -0.03327229 -0.02220258 -0.0585
v -0.03452 -0.02303518 -0.0585
v -0.03654595 -0.01626017 -0.0585
v -0.03791643 -0.01686993 -0.0585
v -0.03876825 -0.00984999 -0.0585
v -0.04022206 -0.01021936 -0.0585
v -0.03987527 -0.00315644 -0.0585
v -0.04137059 -0.0032748 -0.0585
v -0.03983514 0.00362792 -0.0585
v -0.04132896 0.00376396 -0.0585
v -0.02952916 -0.01970479 -0.04754427
v -0.02970409 -0.01944008 -0.04754427
v -0.02609923 -0.02406408 -0.04754427
v -0.02577428 -0.02441181 -0.04754427
v -0.02178246 -0.02803167 -0.04754427
v -0.02127793 -0.02841654 -0.04754427
v -0.01687151 -0.03123463 -0.04754427
v -0.01616945 -0.03160378 -0.04754427
v -0.01150036 -0.03358559 -0.04754427
v -0.0105958 -0.03388184 -0.04754427
v -0.0058155 -0.03502042 -0.04754427
v -0.00471733 -0.03518518 -0.04754427
v 2.799E-05 -0.03549999 -0.04754427
v 0.00129685 -0.0354763 -0.04754427
v 0.00587071 -0.03501121 -0.04754427
v 0.00727372 -0.03474684 -0.04754427
v 0.0115533 -0.03356741 -0.04754427
v 0.01304134 -0.03301777 -0.04754427
v 0.01692074 -0.03120799 -0.04754427
v 0.01843378 -0.03033885 -0.04754427
v 0.02182663 -0.02799729 -0.04754427
v 0.02329592 -0.02678713 -0.04754427
v 0.02613715 -0.0240229 -0.04754427
v 0.02748788 -0.02246479 -0.04754427
v 0.02973471 -0.01939322 -0.04754427
v 0.03088906 -0.01749618 -0.04754427
v 0.03252118 -0.01423455 -0.04754427
v 0.03340161 -0.01202424 -0.04754427
v 0.03442057 -0.0086876 -0.04754427
v 0.03495327 -0.00620638 -0.04754427
v 0.03538105 -0.00290367 -0.04754427
v 0.03549938 -0.00020998 -0.04754427
v 0.03537643 0.00295946 -0.04754427
v 0.03502424 0.00579247 -0.04754427
v 0.03440683 0.00874186 -0.04754427
v 0.03354152 0.01162827 -0.04754427
v 0.03109386 0.01712956 -0.04754427
v 0.0324987 0.01428581 -0.04754427
v 0.02361117 0.02650967 -0.04754427
v 0.02609923 0.02406408 -0.04754427
v 0.0277517 0.02213805 -0.04754427
v 0.02970409 0.01944008 -0.04754427
v 0.01343101 0.0328612 -0.04754427
v 0.01687151 0.03123463 -0.04754427
v 0.01879138 0.03011866 -0.04754427
v 0.02178246 0.02803167 -0.04754427
v 0.00171642 0.03545848 -0.04754427
v 0.0058155 0.03502042 -0.04754427
v 0.00768425 0.03465836 -0.04754427
v 0.01150036 0.03358559 -0.04754427
v -0.01019425 0.03400481 -0.04754427
v -0.00587071 0.03501121 -0.04754427
v -0.00430078 0.03523852 -0.04754427
v -2.799E-05 0.03549999 -0.04754427
v -0.02094029 0.02866626 -0.04754427
v -0.01692074 0.03120799 -0.04754427
v -0.01579446 0.03179285 -0.04754427
v -0.0115533 0.03356741 -0.04754427
v -0.029294 0.02005272 -0.04754427
v -0.02613715 0.0240229 -0.04754427
v -0.0254837 0.02471499 -0.04754427
v -0.02182663 0.02799729 -0.04754427
v -0.03430101 0.00914827 -0.04754427
v -0.03252118 0.01423455 -0.04754427
v -0.03226156 0.01481357 -0.04754427
v -0.02973471 0.01939322 -0.04754427
v -0.0353893 -0.00280134 -0.04754427
v -0.03538105 0.00290367 -0.04754427
v -0.03535369 0.00321978 -0.04754427
v -0.03442057 0.0086876 -0.04754427
v -0.03243453 -0.0144309 -0.04754427
v -0.0324987 -0.01428581 -0.04754427
v -0.03440683 -0.00874186 -0.04754427
v -0.03537643 -0.00295946 -0.04754427
v 0.0423576 -0.00347623 -0.03602443
v 0.04235206 0.00354301 -0.03602443
v 0.04120772 -0.01040065 -0.03602443
v 0.03893381 -0.01704136 -0.03602443
v 0.03559789 -0.02321724 -0.03602443
v 0.03129095 -0.02875981 -0.03602443
v 0.02613047 -0.03351788 -0.03602443
v 0.02025723 -0.03736168 -0.03602443
v 0.01383142 -0.04018634 -0.03602443
v 0.00702832 -0.04191483 -0.03602443
v 3.351E-05 -0.04249999 -0.03602443
v -0.00696222 -0.04192585 -0.03602443
v -0.01376803 -0.0402081 -0.03602443
v -0.02019829 -0.03739357 -0.03602443
v -0.02607759 -0.03355904 -0.03602443
v -0.03124556 -0.02880911 -0.03602443
v -0.03556124 -0.02327334 -0.03602443
v -0.03890689 -0.01710274 -0.03602443
v -0.04119127 -0.01046561 -0.03602443
v -0.04235206 -0.00354301 -0.03602443
v -0.0423576 0.00347623 -0.03602443
v -0.04120772 0.01040065 -0.03602443
v -0.03893381 0.01704136 -0.03602443
v -0.03559789 0.02321724 -0.03602443
v -0.03129095 0.02875981 -0.03602443
v -0.02613047 0.03351788 -0.03602443
v -0.02025723 0.03736168 -0.03602443
v -0.01383142 0.04018634 -0.03602443
v -0.00702832 0.04191483 -0.03602443
v -3.351E-05 0.04249999 -0.03602443
v 0.00696222 0.04192585 -0.03602443
v 0.01376803 0.0402081 -0.03602443
v 0.02019829 0.03739357 -0.03602443
v 0.02607759 0.03355904 -0.03602443
v 0.03124556 0.02880911 -0.03602443
v 0.03556124 0.02327334 -0.03602443
v 0.03890689 0.01710274 -0.03602443
v 0.04119127 0.01046561 -0.03602443
v 0.00269729 0.03188612 -0.0265
v 0.00524214 0.0315677 -0.0265
v 0.03162321 0.00489618 -0.0265
v 0.03188861 0.00266768 -0.0265
v 0.01221362 -0.02957748 -0.0265
v 0.01041424 -0.03025795 -0.0265
v -0.0218309 -0.02339683 -0.0265
v -0.02352607 -0.02169157 -0.0265
v -0.02677552 -0.01752346 -0.0265
v -0.02896283 -0.01360714 -0.0265
v -0.02586427 -0.0188425 -0.0265
v -0.01963489 -0.02526798 -0.0265
v -0.01700851 -0.02710555 -0.0265
v -0.01520812 -0.02815516 -0.0265
v -0.01157139 -0.02983459 -0.0265
v -0.01036652 -0.03027434 -0.0265
v -0.00571604 -0.03148535 -0.0265
v -0.00524214 -0.0315677 -0.0265
v 2.523E-05 -0.03199999 -0.0265
v 0.00639533 -0.03135442 -0.0265
v 0.00529191 -0.0315594 -0.0265
v 0.0003459 -0.03199813 -0.0265
v 0.0152525 -0.02813114 -0.0265
v 0.01759048 -0.02673153 -0.0265
v 0.01967471 -0.02523699 -0.0265
v 0.02233157 -0.02291944 -0.0265
v 0.02356025 -0.02165444 -0.0265
v 0.02626555 -0.01827898 -0.0265
v 0.02680312 -0.01748122 -0.0265
v 0.02925021 -0.01297787 -0.0265
v 0.02931487 -0.01283114 -0.0265
v 0.03102699 -0.00783108 -0.0265
v 0.03197835 -0.00117703 -0.0265
v 0.03189278 -0.0026174 -0.0265
v 0.0311777 -0.0072077 -0.0265
v 0.03101461 0.00787999 -0.0265
v 0.03012513 0.01079244 -0.0265
v 0.0292946 0.01287735 -0.0265
v 0.02753825 0.01629862 -0.0265
v 0.02677552 0.01752346 -0.0265
v 0.02395606 0.02121573 -0.0265
v 0.02352607 0.02169157 -0.0265
v 0.01963489 0.02526798 -0.0265
v 0.01520812 0.02815516 -0.0265
v 0.01950804 0.02536605 -0.0265
v 0.00868303 0.03079943 -0.0265
v 0.01036652 0.03027434 -0.0265
v 0.01435495 0.02859957 -0.0265
v -2.523E-05 0.03199999 -0.0265
v -0.00338594 0.03182036 -0.0265
v -0.00529191 0.0315594 -0.0265
v -0.0093468 0.03060453 -0.0265
v -0.01041424 0.03025795 -0.0265
v -0.01496984 0.02828258 -0.0265
v -0.0152525 0.02813114 -0.0265
v -0.01967471 0.02523699 -0.0265
v -0.02680312 0.01748122 -0.0265
v -0.02440909 0.02069291 -0.0265
v -0.02356025 0.02165444 -0.0265
v -0.02005182 0.02493841 -0.0265
v -0.03035139 0.01013869 -0.0265
v -0.02931487 0.01283114 -0.0265
v -0.02788414 0.01569951 -0.0265
v -0.03172166 0.00421143 -0.0265
v -0.03102699 0.00783108 -0.0265
v -0.0292946 -0.01287735 -0.0265
v -0.03101461 -0.00787999 -0.0265
v -0.03188861 -0.00266768 -0.0265
v -0.03194543 -0.00186804 -0.0265
v -0.03189278 0.0026174 -0.0265
v -0.02896283 -0.01360714 -0.0215
v -0.03101461 -0.00787999 -0.0215
v -0.02586427 -0.0188425 -0.0215
v -0.0218309 -0.02339683 -0.0215
v -0.01700851 -0.02710555 -0.0215
v -0.01157139 -0.02983459 -0.0215
v -0.00571604 -0.03148535 -0.0215
v 0.0003459 -0.03199813 -0.0215
v 0.00639533 -0.03135442 -0.0215
v 0.01221362 -0.02957748 -0.0215
v 0.01759048 -0.02673153 -0.0215
v 0.02233157 -0.02291944 -0.0215
v 0.02626555 -0.01827898 -0.0215
v 0.02925021 -0.01297787 -0.0215
v 0.0311777 -0.0072077 -0.0215
v 0.03197835 -0.00117703 -0.0215
v 0.03162321 0.00489618 -0.0215
v 0.03012513 0.01079244 -0.0215
v 0.02753825 0.01629862 -0.0215
v 0.02395606 0.02121573 -0.0215
v 0.01950804 0.02536605 -0.0215
v 0.01435495 0.02859957 -0.0215
v 0.00868303 0.03079943 -0.0215
v 0.00269729 0.03188612 -0.0215
v -0.00338594 0.03182036 -0.0215
v -0.0093468 0.03060453 -0.0215
v -0.01496984 0.02828258 -0.0215
v -0.02005182 0.02493841 -0.0215
v -0.02440909 0.02069291 -0.0215
v -0.02788414 0.01569951 -0.0215
v -0.03035139 0.01013869 -0.0215
v -0.03172166 0.00421143 -0.0215
v -0.03194543 -0.00186804 -0.0215
v 0.00384993 -0.00108538 -0.0215
v 0.00387683 0.000985 -0.0215
v 0.000985 -0.00387683 -0.0215
v 0.00279145 -0.00286493 -0.0215
v -0.00108538 -0.00384993 -0.0215
v -0.00286493 -0.00279145 -0.0215
v -0.00384993 0.00108538 -0.0215
v -0.00279145 0.00286493 -0.0215
v -0.00387683 -0.000985 -0.0215
v -0.000985 0.00387683 -0.0215
v 0.00286493 0.00279145 -0.0215
v 0.00108538 0.00384993 -0.0215
v -0.00387683 -0.000985 -0.0265
v -0.00384993 0.00108538 -0.0265
v -0.00279145 0.00286493 -0.0265
v -0.000985 0.00387683 -0.0265
v 0.00108538 0.00384993 -0.0265
v 0.00286493 0.00279145 -0.0265
v 0.00387683 0.000985 -0.0265
v 0.00384993 -0.00108538 -0.0265
v 0.00279145 -0.00286493 -0.0265
v 0.000985 -0.00387683 -0.0265
v -0.00108538 -0.00384993 -0.0265
v -0.00286493 -0.00279145 -0.0265
v -0.023535 -0.01570489 -0.0265
v -0.02585061 -0.01150156 -0.0265
v -0.02742255 -0.00696734 -0.0265
v 0.01039406 -0.02631546 -0.0265
v 0.02190808 -0.01790464 -0.0265
v 0.01856706 -0.02134958 -0.0265
v 0.01469189 -0.02418033 -0.0265
v -0.00844495 -0.02700413 -0.0265
v -0.01288719 -0.0251885 -0.0265
v -0.0169587 -0.02264824 -0.0265
v -0.02054233 -0.01945643 -0.0265
v -0.02031074 0.01969807 -0.0265
v -0.0166896 0.02284726 -0.0265
v -0.01258833 0.02533918 -0.0265
v 0.00579722 -0.02769354 -0.0265
v 0.0010336 -0.02827493 -0.0265
v -0.00375975 -0.0280429 -0.0265
v -0.02334758 0.0159822 -0.0265
v -0.02571275 0.01180655 -0.0265
v -0.02820559 -0.00223269 -0.0265
v -0.0281772 0.00256619 -0.0265
v -0.02733821 0.00729125 -0.0265
v 0.02461885 -0.01394461 -0.0265
v 0.02662138 -0.00958342 -0.0265
v 0.0149769 0.02400484 -0.0265
v 0.01070463 0.02619066 -0.0265
v 0.00612441 0.02762303 -0.0265
v -0.00812491 0.02710214 -0.0265
v -0.00342776 0.02808542 -0.0265
v 0.001368 0.02826073 -0.0265
v 0.02673289 0.00926784 -0.0265
v 0.02791463 0.00461665 -0.0265
v 0.02829332 -0.00016735 -0.0265
v 0.02785807 -0.00494654 -0.0265
v 0.01881831 0.02112845 -0.0265
v 0.02211835 0.01764422 -0.0265
v 0.02478209 0.01365241 -0.0265
v -0.03758705 -0.01303079 -0.03692058
v -0.03484419 -0.0191956 -0.03692058
v -0.03634656 -0.01617146 -0.03692058
v -0.03109891 -0.02480819 -0.03692058
v -0.03309076 -0.02208144 -0.03692058
v -0.02645898 -0.02970709 -0.03692058
v -0.02888299 -0.02735619 -0.03692058
v -0.02105787 -0.03375136 -0.03692058
v -0.02384432 -0.03184394 -0.03692058
v -0.01505096 -0.03682468 -0.03692058
v -0.01811969 -0.03541561 -0.03692058
v -0.00861107 -0.03883861 -0.03692058
v -0.01187379 -0.03796843 -0.03692058
v -0.00192345 -0.03973523 -0.03692058
v -0.0052863 -0.03942896 -0.03692058
v 0.00481951 -0.03948874 -0.03692058
v 0.00145327 -0.03975521 -0.03692058
v 0.01142381 -0.03810623 -0.03692058
v 0.00815103 -0.03893776 -0.03692058
v 0.01769948 -0.03562747 -0.03692058
v 0.01461429 -0.03700015 -0.03692058
v 0.02346596 -0.03212378 -0.03692058
v 0.02065714 -0.0339981 -0.03692058
v 0.02855737 -0.02769594 -0.03692058
v 0.02610571 -0.030018 -0.03692058
v 0.03282723 -0.02247134 -0.03692058
v 0.03080327 -0.02517433 -0.03692058
v 0.03615272 -0.01660028 -0.03692058
v 0.03461467 -0.01960645 -0.03692058
v 0.03843815 -0.01025166 -0.03692058
v 0.03743028 -0.01347451 -0.03692058
v 0.0396178 -0.00360812 -0.03692058
v 0.03916908 -0.00695495 -0.03692058
v 0.0396577 0.00313922 -0.03692058
v 0.03978106 -0.0002353 -0.03692058
v 0.03855674 0.00979625 -0.03692058
v 0.03924862 0.00649112 -0.03692058
v 0.03634656 0.01617146 -0.03692058
v 0.03758705 0.01303079 -0.03692058
v 0.03309076 0.02208144 -0.03692058
v 0.03484419 0.0191956 -0.03692058
v 0.02888299 0.02735619 -0.03692058
v 0.03109891 0.02480819 -0.03692058
v 0.02384432 0.03184394 -0.03692058
v 0.02645898 0.02970709 -0.03692058
v 0.01811969 0.03541561 -0.03692058
v 0.02105787 0.03375136 -0.03692058
v 0.01187379 0.03796843 -0.03692058
v 0.01505096 0.03682468 -0.03692058
v 0.0052863 0.03942896 -0.03692058
v 0.00861107 0.03883861 -0.03692058
v -0.00145327 0.03975521 -0.03692058
v 0.00192345 0.03973523 -0.03692058
v -0.00815103 0.03893776 -0.03692058
v -0.00481951 0.03948874 -0.03692058
v -0.01461429 0.03700015 -0.03692058
v -0.01142381 0.03810623 -0.03692058
v -0.02065714 0.0339981 -0.03692058
v -0.01769948 0.03562747 -0.03692058
v -0.02610571 0.030018 -0.03692058
v -0.02346596 0.03212378 -0.03692058
v -0.03080327 0.02517433 -0.03692058
v -0.02855737 0.02769594 -0.03692058
v -0.03461467 0.01960645 -0.03692058
v -0.03282723 0.02247134 -0.03692058
v -0.03743028 0.01347451 -0.03692058
v -0.03615272 0.01660028 -0.03692058
v -0.03916908 0.00695495 -0.03692058
v -0.03843815 0.01025166 -0.03692058
v -0.03978106 0.0002353 -0.03692058
v -0.0396178 0.00360812 -0.03692058
v -0.03855674 -0.00979625 -0.03692058
v -0.03924862 -0.00649112 -0.03692058
v -0.0396577 -0.00313922 -0.03692058
v 0.03148774 0.01091626 -0.04754427
v 0.03044854 0.01354729 -0.04754427
v 0.02918996 0.0160807 -0.04754427
v 0.02772106 0.01849825 -0.04754427
v 0.02605243 0.02078252 -0.04754427
v 0.0241961 0.02291705 -0.04754427
v 0.02216543 0.02488646 -0.04754427
v 0.01997506 0.02667657 -0.04754427
v 0.01764077 0.02827447 -0.04754427
v 0.01517938 0.02966865 -0.04754427
v 0.01260861 0.03084907 -0.04754427
v 0.00994701 0.03180722 -0.04754427
v 0.00721373 0.0325362 -0.04754427
v 0.00442848 0.03303076 -0.04754427
v 0.00161132 0.03328732 -0.04754427
v -0.00121744 0.03330406 -0.04754427
v -0.00403744 0.03308083 -0.04754427
v -0.00682834 0.03261926 -0.04754427
v -0.00957005 0.03192266 -0.04754427
v -0.01224281 0.03099607 -0.04754427
v -0.01482735 0.02984614 -0.04754427
v -0.01730506 0.02848117 -0.04754427
v -0.01965809 0.026911 -0.04754427
v -0.02186949 0.02514693 -0.04754427
v -0.02392331 0.02320167 -0.04754427
v -0.02580477 0.02108925 -0.04754427
v -0.0275003 0.01882488 -0.04754427
v -0.02899769 0.01642487 -0.04754427
v -0.03028615 0.01390652 -0.04754427
v -0.0313564 0.01128798 -0.04754427
v -0.03220073 0.00858811 -0.04754427
v -0.03281305 0.00582636 -0.04754427
v -0.03318895 0.00302263 -0.04754427
v -0.03332572 0.00019712 -0.04754427
v -0.03322238 -0.00262981 -0.04754427
v -0.03287967 -0.00543779 -0.04754427
v -0.03230007 -0.00820659 -0.04754427
v -0.03148774 -0.01091626 -0.04754427
v -0.03044854 -0.01354729 -0.04754427
v -0.02918996 -0.0160807 -0.04754427
v -0.02772106 -0.01849825 -0.04754427
v -0.02605243 -0.02078252 -0.04754427
v -0.0241961 -0.02291705 -0.04754427
v -0.02216543 -0.02488646 -0.04754427
v -0.01997506 -0.02667657 -0.04754427
v -0.01764077 -0.02827447 -0.04754427
v -0.01517938 -0.02966865 -0.04754427
v -0.01260861 -0.03084907 -0.04754427
v -0.00994701 -0.03180722 -0.04754427
v -0.00721373 -0.0325362 -0.04754427
v -0.00442848 -0.03303076 -0.04754427
v -0.00161132 -0.03328732 -0.04754427
v 0.00121744 -0.03330406 -0.04754427
v 0.00403744 -0.03308083 -0.04754427
v 0.00682834 -0.03261926 -0.04754427
v 0.00957005 -0.03192266 -0.04754427
v 0.01224281 -0.03099607 -0.04754427
v 0.01482735 -0.02984614 -0.04754427
v 0.01730506 -0.02848117 -0.04754427
v 0.01965809 -0.026911 -0.04754427
v 0.02186949 -0.02514693 -0.04754427
v 0.02392331 -0.02320167 -0.04754427
v 0.02580477 -0.02108925 -0.04754427
v 0.0275003 -0.01882488 -0.04754427
v 0.02899769 -0.01642487 -0.04754427
v 0.03028615 -0.01390652 -0.04754427
v 0.0313564 -0.01128798 -0.04754427
v 0.03220073 -0.00858811 -0.04754427
v 0.03281305 -0.00582636 -0.04754427
v 0.03318895 -0.00302263 -0.04754427
v 0.03332572 -0.00019712 -0.04754427
v 0.03322238 0.00262981 -0.04754427
v 0.03287967 0.00543779 -0.04754427
v 0.03230007 0.00820659 -0.04754427
v 0.00549936 -8.371E-05 -0.012
v 0.00543814 0.0008226 -0.012
v 0.00543814 0.0008226 -0.0055
v 0.00487639 0.00254379 -0.012
v 0.00487639 0.00254379 -0.0055
v 0.0037862 0.00398932 -0.012
v 0.0037862 0.00398932 -0.0055
v 0.00228573 0.00500254 -0.012
v 0.00228573 0.00500254 -0.0055
v 0.00053756 0.00547367 -0.012
v 0.00053756 0.00547367 -0.0055
v -0.00126887 0.00535163 -0.012
v -0.00126887 0.00535163 -0.0055
v -0.00293779 0.00464967 -0.012
v -0.00293779 0.00464967 -0.0055
v -0.00428835 0.00344384 -0.012
v -0.00428835 0.00344384 -0.0055
v -0.00517421 0.00186481 -0.012
v -0.00517421 0.00186481 -0.0055
v -0.00549936 8.371E-05 -0.012
v -0.00549936 8.371E-05 -0.0055
v -0.00522857 -0.00170647 -0.012
v -0.00522857 -0.00170647 -0.0055
v -0.00439119 -0.00331172 -0.012
v -0.00439119 -0.00331172 -0.0055
v -0.00307795 -0.0045581 -0.012
v -0.00307795 -0.0045581 -0.0055
v -0.00143116 -0.00531053 -0.012
v -0.00143116 -0.00531053 -0.0055
v 0.00037071 -0.00548749 -0.012
v 0.00037071 -0.00548749 -0.0055
v 0.00213241 -0.0050698 -0.012
v 0.00213241 -0.0050698 -0.0055
v 0.00366303 -0.00410271 -0.012
v 0.00366303 -0.00410271 -0.0055
v 0.0047967 -0.00269103 -0.012
v 0.0047967 -0.00269103 -0.0055
v 0.00541058 -0.00098773 -0.012
v 0.00541058 -0.00098773 -0.0055
v -0.0015868 -0.00367179 -0.0055
v -6.088E-05 -0.00399954 -0.0055
v 0.00147431 -0.00371839 -0.0055
v 0.00278505 -0.00287115 -0.0055
v 0.00367179 -0.0015868 -0.0055
v 0.00399954 -6.088E-05 -0.0055
v -0.00147431 0.00371839 -0.0055
v -0.00278505 0.00287115 -0.0055
v -0.00367179 0.0015868 -0.0055
v -0.00399954 6.088E-05 -0.0055
v -0.00371839 -0.00147431 -0.0055
v -0.00287115 -0.00278505 -0.0055
v 0.00371839 0.00147431 -0.0055
v 0.00287115 0.00278505 -0.0055
v 0.0015868 0.00367179 -0.0055
v 6.088E-05 0.00399954 -0.0055
v -0.00367179 0.0015868 0.005
v -0.00278505 0.00287115 0.005
v -0.00147431 0.00371839 0.005
v 6.088E-05 0.00399954 0.005
v 0.0015868 0.00367179 0.005
v 0.00287115 0.00278505 0.005
v 0.00371839 0.00147431 0.005
v 0.00399954 -6.088E-05 0.005
v 0.00367179 -0.0015868 0.005
v 0.00278505 -0.00287115 0.005
v 0.00147431 -0.00371839 0.005
v -6.088E-05 -0.00399954 0.005
v -0.0015868 -0.00367179 0.005
v -0.00287115 -0.00278505 0.005
v -0.00371839 -0.00147431 0.005
v -0.00399954 6.088E-05 0.005
v -0.00180246 0.00107756 0.0055
v -0.00321282 0.00138845 0.0055
v -0.00209976 3.196E-05 0.0055
v -0.00349959 5.327E-05 0.0055
v -0.00183442 -0.0010222 0.0055
v -0.00325359 -0.00129002 0.0055
v -0.00251225 -0.00243692 0.0055
v -0.00107756 -0.00180246 0.0055
v -0.00138845 -0.00321282 0.0055
v -3.196E-05 -0.00209976 0.0055
v -5.327E-05 -0.00349959 0.0055
v 0.0010222 -0.00183442 0.0055
v 0.00107756 0.00180246 0.0055
v 0.00138845 0.00321282 0.0055
v 3.196E-05 0.00209976 0.0055
v 5.327E-05 0.00349959 0.0055
v -0.0010222 0.00183442 0.0055
v -0.00129002 0.00325359 0.0055
v -0.00243692 0.00251225 0.0055
v 0.00129002 -0.00325359 0.0055
v 0.00243692 -0.00251225 0.0055
v 0.00180246 -0.00107756 0.0055
v 0.00321282 -0.00138845 0.0055
v 0.00209976 -3.196E-05 0.0055
v 0.00349959 -5.327E-05 0.0055
v 0.00183442 0.0010222 0.0055
v 0.00325359 0.00129002 0.0055
v 0.00251225 0.00243692 0.0055
v -0 -0 -0.00576181
v 0.00183442 0.0010222 -0.0045
v 0.00107756 0.00180246 -0.0045
v 0.00209976 -3.196E-05 -0.0045
v -0.0010222 0.00183442 -0.0045
v -0.00180246 0.00107756 -0.0045
v 3.196E-05 0.00209976 -0.0045
v -0.00183442 -0.0010222 -0.0045
v -0.00107756 -0.00180246 -0.0045
v -0.00209976 3.196E-05 -0.0045
v 0.0010222 -0.00183442 -0.0045
v 0.00180246 -0.00107756 -0.0045
v -3.196E-05 -0.00209976 -0.0045
v -0.00021308 -0.01399838 -0.0125
v -0.00021308 -0.01399838 -0.0115
v 0.00280114 -0.01371691 -0.0125
v 0.00280114 -0.01371691 -0.0115
v 0.00568438 -0.01279406 -0.0125
v 0.00568438 -0.01279406 -0.0115
v 0.00830183 -0.01127296 -0.0125
v 0.00830183 -0.01127296 -0.0115
v 0.01053109 -0.00922476 -0.0125
v 0.01053109 -0.00922476 -0.0115
v 0.01226793 -0.00674522 -0.0125
v 0.01226793 -0.00674522 -0.0115
v 0.01343113 -0.00395028 -0.0125
v 0.01343113 -0.00395028 -0.0115
v 0.01396631 -0.00097062 -0.0125
v 0.01396631 -0.00097062 -0.0115
v 0.01384844 0.00205441 -0.0125
v 0.01384844 0.00205441 -0.0115
v 0.01308304 0.00498339 -0.0125
v 0.01308304 0.00498339 -0.0115
v 0.01170588 0.00767934 -0.0125
v 0.01170588 0.00767934 -0.0115
v 0.00978137 0.01001622 -0.0125
v 0.00978137 0.01001622 -0.0115
v 0.0073995 0.01188476 -0.0125
v 0.0073995 0.01188476 -0.0115
v 0.00467163 0.01319757 -0.0125
v 0.00467163 0.01319757 -0.0115
v 0.00172532 0.01389328 -0.0125
v 0.00172532 0.01389328 -0.0115
v -0.00130166 0.01393936 -0.0125
v -0.00130166 0.01393936 -0.0115
v -0.00426778 0.01333364 -0.0125
v -0.00426778 0.01333364 -0.0115
v -0.00703434 0.01210446 -0.0125
v -0.00703434 0.01210446 -0.0115
v -0.00947198 0.01030929 -0.0125
v -0.00947198 0.01030929 -0.0115
v -0.01146673 0.00803207 -0.0125
v -0.01146673 0.00803207 -0.0115
v -0.0129253 0.00537928 -0.0125
v -0.0129253 0.00537928 -0.0115
v -0.0137795 0.00247496 -0.0125
v -0.0137795 0.00247496 -0.0115
v -0.01398938 -0.00054509 -0.0125
v -0.01398938 -0.00054509 -0.0115
v -0.01354514 -0.00353965 -0.0125
v -0.01354514 -0.00353965 -0.0115
v -0.01246754 -0.0063687 -0.0125
v -0.01246754 -0.0063687 -0.0115
v -0.01080698 -0.00889996 -0.0125
v -0.01080698 -0.00889996 -0.0115
v -0.00864109 -0.01101506 -0.0125
v -0.00864109 -0.01101506 -0.0115
v -0.00607115 -0.01261511 -0.0125
v -0.00607115 -0.01261511 -0.0115
v -0.00321734 -0.0136253 -0.0125
v -0.00321734 -0.0136253 -0.0115
v -0.0057039 -0.0018616 -0.0125
v -0.00479038 -0.00361278 -0.0125
v -0.00335776 -0.00497247 -0.0125
v -0.00564459 0.00203434 -0.0125
v -0.00599931 9.132E-05 -0.0125
v 0.00399603 -0.00447568 -0.0125
v 0.00523277 -0.00293567 -0.0125
v 0.00590245 -0.00107753 -0.0125
v -0.00320486 0.00507236 -0.0125
v -0.0046782 0.00375691 -0.0125
v 0.00058643 0.00597127 -0.0125
v -0.00138422 0.00583815 -0.0125
v -0.00156127 -0.00579331 -0.0125
v -9.132E-05 -0.00599931 -0.0125
v 0.00040441 -0.00598636 -0.0125
v 0.00232626 -0.00553069 -0.0125
v 0.00413041 0.00435198 -0.0125
v 0.00249352 0.00545732 -0.0125
v 0.00593251 0.00089738 -0.0125
v 0.00531969 0.00277504 -0.0125
v -0.01183647 0.01220238 -0.01423819
v -0.01075891 0.01400484 -0.0155
v -0.01000204 0.01322458 -0.0155
v -0.0118045 0.01430214 -0.0155
v -0.010034 0.01112482 -0.0155
v -0.01081427 0.01036796 -0.0155
v -0.00973671 0.01217042 -0.0155
v -0.01291402 0.01039992 -0.0155
v -0.01367089 0.01118018 -0.0155
v -0.01186843 0.01010262 -0.0155
v -0.01363893 0.01327994 -0.0155
v -0.01285866 0.0140368 -0.0155
v -0.01393622 0.01223434 -0.0155
v 0.01183647 -0.01220238 -0.01423819
v 0.01291402 -0.01039992 -0.0155
v 0.01367089 -0.01118018 -0.0155
v 0.01186843 -0.01010262 -0.0155
v 0.01363893 -0.01327994 -0.0155
v 0.01285866 -0.0140368 -0.0155
v 0.01393622 -0.01223434 -0.0155
v 0.01075891 -0.01400484 -0.0155
v 0.01000204 -0.01322458 -0.0155
v 0.0118045 -0.01430214 -0.0155
v 0.010034 -0.01112482 -0.0155
v 0.01081427 -0.01036796 -0.0155
v 0.00973671 -0.01217042 -0.0155
v -0.01220238 -0.01183647 -0.01423819
v -0.01112482 -0.010034 -0.0155
v -0.01036796 -0.01081427 -0.0155
v -0.01217042 -0.00973671 -0.0155
v -0.01039992 -0.01291402 -0.0155
v -0.01118018 -0.01367089 -0.0155
v -0.01010262 -0.01186843 -0.0155
v -0.01327994 -0.01363893 -0.0155
v -0.0140368 -0.01285866 -0.0155
v -0.01223434 -0.01393622 -0.0155
v -0.01400484 -0.01075891 -0.0155
v -0.01322458 -0.01000204 -0.0155
v -0.01430214 -0.0118045 -0.0155
v 0.01220238 0.01183647 -0.01423819
v 0.01327994 0.01363893 -0.0155
v 0.0140368 0.01285866 -0.0155
v 0.01223434 0.01393622 -0.0155
v 0.01400484 0.01075891 -0.0155
v 0.01322458 0.01000204 -0.0155
v 0.01430214 0.0118045 -0.0155
v 0.01112482 0.010034 -0.0155
v 0.01036796 0.01081427 -0.0155
v 0.01217042 0.00973671 -0.0155
v 0.01039992 0.01291402 -0.0155
v 0.01118018 0.01367089 -0.0155
v 0.01010262 0.01186843 -0.0155
v 0.0083822 0.01302232 -0.0155
v 0.0083822 0.01302232 -0.0215
v 0.00820867 0.01161231 -0.0215
v 0.00820867 0.01161231 -0.0155
v 0.00853889 0.01023058 -0.0215
v 0.00853889 0.01023058 -0.0155
v 0.00933123 0.00905142 -0.0215
v 0.00933123 0.00905142 -0.0155
v 0.01048574 0.00822355 -0.0215
v 0.01048574 0.00822355 -0.0155
v 0.01185678 0.00785142 -0.0215
v 0.01185678 0.00785142 -0.0155
v 0.01327141 0.00798197 -0.0215
v 0.01327141 0.00798197 -0.0155
v 0.01465721 0.00836631 -0.0155
v 0.01465721 0.00836631 -0.0215
v 0.01439578 -0.00880855 -0.0215
v 0.01302232 -0.0083822 -0.0215
v 0.01439578 -0.00880855 -0.0155
v 0.01302232 -0.0083822 -0.0155
v 0.01161231 -0.00820867 -0.0215
v 0.01161231 -0.00820867 -0.0155
v 0.01023058 -0.00853889 -0.0215
v 0.01023058 -0.00853889 -0.0155
v 0.00905142 -0.00933123 -0.0215
v 0.00905142 -0.00933123 -0.0155
v 0.00822355 -0.01048574 -0.0215
v 0.00822355 -0.01048574 -0.0155
v 0.00785142 -0.01185678 -0.0215
v 0.00785142 -0.01185678 -0.0155
v 0.00798197 -0.01327141 -0.0215
v 0.00798197 -0.01327141 -0.0155
v 0.00836631 -0.01465721 -0.0155
v 0.00836631 -0.01465721 -0.0215
v 0.00721955 -0.01703315 -0.0155
v 0.00721955 -0.01703315 -0.0215
v 0.00429772 -0.01799388 -0.0155
v 0.00429772 -0.01799388 -0.0215
v 0.00125709 -0.01845724 -0.0155
v 0.00125709 -0.01845724 -0.0215
v -0.00028157 -0.01849786 -0.0215
v -0.00181828 -0.01841043 -0.0155
v -0.00181828 -0.01841043 -0.0215
v -0.0048434 -0.01785473 -0.0155
v -0.0048434 -0.01785473 -0.0215
v -0.00773464 -0.01680552 -0.0155
v -0.00773464 -0.01680552 -0.0215
v -0.00880855 -0.01439578 -0.0215
v -0.0083822 -0.01302232 -0.0215
v -0.00880855 -0.01439578 -0.0155
v -0.0083822 -0.01302232 -0.0155
v -0.00820867 -0.01161231 -0.0215
v -0.00820867 -0.01161231 -0.0155
v -0.00853889 -0.01023058 -0.0215
v -0.00853889 -0.01023058 -0.0155
v -0.00933123 -0.00905142 -0.0215
v -0.00933123 -0.00905142 -0.0155
v -0.01048574 -0.00822355 -0.0215
v -0.01048574 -0.00822355 -0.0155
v -0.01185678 -0.00785142 -0.0215
v -0.01185678 -0.00785142 -0.0155
v -0.01327141 -0.00798197 -0.0215
v -0.01327141 -0.00798197 -0.0155
v -0.01465721 -0.00836631 -0.0155
v -0.01465721 -0.00836631 -0.0215
v -0.01703315 -0.00721955 -0.0155
v -0.01703315 -0.00721955 -0.0215
v -0.01799388 -0.00429772 -0.0155
v -0.01799388 -0.00429772 -0.0215
v -0.01845724 -0.00125709 -0.0155
v -0.01845724 -0.00125709 -0.0215
v -0.01849786 0.00028157 -0.0215
v -0.01841043 0.00181828 -0.0155
v -0.01841043 0.00181828 -0.0215
v -0.01785473 0.0048434 -0.0155
v -0.01785473 0.0048434 -0.0215
v -0.01680552 0.00773464 -0.0155
v -0.01680552 0.00773464 -0.0215
v -0.01439578 0.00880855 -0.0215
v -0.01302232 0.0083822 -0.0215
v -0.01439578 0.00880855 -0.0155
v -0.01302232 0.0083822 -0.0155
v -0.01161231 0.00820867 -0.0215
v -0.01161231 0.00820867 -0.0155
v -0.01023058 0.00853889 -0.0215
v -0.01023058 0.00853889 -0.0155
v -0.00905142 0.00933123 -0.0215
v -0.00905142 0.00933123 -0.0155
v -0.00822355 0.01048574 -0.0215
v -0.00822355 0.01048574 -0.0155
v -0.00785142 0.01185678 -0.0215
v -0.00785142 0.01185678 -0.0155
v -0.00798197 0.01327141 -0.0215
v -0.00798197 0.01327141 -0.0155
v -0.00836631 0.01465721 -0.0155
v -0.00836631 0.01465721 -0.0215
v -0.00721955 0.01703315 -0.0155
v -0.00721955 0.01703315 -0.0215
v -0.00429772 0.01799388 -0.0155
v -0.00429772 0.01799388 -0.0215
v -0.00125709 0.01845724 -0.0155
v -0.00125709 0.01845724 -0.0215
v 0.00028157 0.01849786 -0.0215
v 0.00181828 0.01841043 -0.0155
v 0.00181828 0.01841043 -0.0215
v 0.0048434 0.01785473 -0.0155
v 0.0048434 0.01785473 -0.0215
v 0.00773464 0.01680552 -0.0155
v 0.00773464 0.01680552 -0.0215
v 0.00880855 0.01439578 -0.0215
v 0.00880855 0.01439578 -0.0155
v -0.0118045 0.01430214 -0.0215
v -0.01075891 0.01400484 -0.0215
v -0.01000204 0.01322458 -0.0215
v -0.00973671 0.01217042 -0.0215
v -0.010034 0.01112482 -0.0215
v -0.01081427 0.01036796 -0.0215
v -0.01186843 0.01010262 -0.0215
v -0.01291402 0.01039992 -0.0215
v -0.01367089 0.01118018 -0.0215
v -0.01393622 0.01223434 -0.0215
v -0.01363893 0.01327994 -0.0215
v -0.01285866 0.0140368 -0.0215
v 0.01186843 -0.01010262 -0.0215
v 0.01291402 -0.01039992 -0.0215
v 0.01367089 -0.01118018 -0.0215
v 0.01393622 -0.01223434 -0.0215
v 0.01363893 -0.01327994 -0.0215
v 0.01285866 -0.0140368 -0.0215
v 0.0118045 -0.01430214 -0.0215
v 0.01075891 -0.01400484 -0.0215
v 0.01000204 -0.01322458 -0.0215
v 0.00973671 -0.01217042 -0.0215
v 0.010034 -0.01112482 -0.0215
v 0.01081427 -0.01036796 -0.0215
v -0.01217042 -0.00973671 -0.0215
v -0.01112482 -0.010034 -0.0215
v -0.01036796 -0.01081427 -0.0215
v -0.01010262 -0.01186843 -0.0215
v -0.01039992 -0.01291402 -0.0215
v -0.01118018 -0.01367089 -0.0215
v -0.01223434 -0.01393622 -0.0215
v -0.01327994 -0.01363893 -0.0215
v -0.0140368 -0.01285866 -0.0215
v -0.01430214 -0.0118045 -0.0215
v -0.01400484 -0.01075891 -0.0215
v -0.01322458 -0.01000204 -0.0215
v 0.01223434 0.01393622 -0.0215
v 0.01327994 0.01363893 -0.0215
v 0.0140368 0.01285866 -0.0215
v 0.01430214 0.0118045 -0.0215
v 0.01400484 0.01075891 -0.0215
v 0.01322458 0.01000204 -0.0215
v 0.01217042 0.00973671 -0.0215
v 0.01112482 0.010034 -0.0215
v 0.01036796 0.01081427 -0.0215
v 0.01010262 0.01186843 -0.0215
v 0.01039992 0.01291402 -0.0215
v 0.01118018 0.01367089 -0.0215
v 0.01843594 0.00153824 -0.01755
v 0.01799388 0.00429772 -0.0215
v 0.01845724 0.00125709 -0.01793002
v 0.01845724 0.00125709 -0.0215
v 0.01848402 0.00076876 -0.01831865
v 0.01841722 0.00174817 -0.01704413
v 0.01841026 0.00182001 -0.0165
v 0.01799388 0.00429772 -0.0155
v 0.01841653 0.00175537 -0.01598341
v 0.01843358 0.00156624 -0.0155
v 0.01841043 -0.00181828 -0.0215
v 0.01845206 -0.001331 -0.01831865
v 0.01848161 -0.00082466 -0.01852851
v 0.01849786 -0.00028157 -0.0215
v 0.01849786 -0.00028157 -0.0186
v 0.01849815 0.00026192 -0.01852847
v 0.01785473 -0.0048434 -0.0155
v 0.01837737 -0.00212657 -0.0155
v 0.01835453 -0.00231543 -0.01598476
v 0.01834633 -0.00237951 -0.0165
v 0.01835546 -0.00230809 -0.01704348
v 0.01785473 -0.0048434 -0.0215
v 0.01838058 -0.00209865 -0.01755
v 0.01841043 -0.00181828 -0.01793002
v 0.01703315 0.00721955 -0.0155
v 0.01703315 0.00721955 -0.0215
v 0.01680552 -0.00773464 -0.0155
v 0.01680552 -0.00773464 -0.0215
v 0.01612624 0.00160136 -0.0155
v 0.01621384 -0.00847929 -0.0155
v 0.01534511 -0.00886645 -0.0155
v 0.01607003 -0.00209145 -0.0155
v 0.01560786 0.00839529 -0.0155
v 0.01646441 0.00798187 -0.0155
v -0.00798187 0.01646441 -0.0155
v -0.00839529 0.01560786 -0.0155
v -0.00886645 -0.01534511 -0.0155
v 0.00839529 -0.01560786 -0.0155
v 0.00798187 -0.01646441 -0.0155
v -0.00847929 -0.01621384 -0.0155
v -0.01621384 0.00847929 -0.0155
v -0.01534511 0.00886645 -0.0155
v 0.01560418 0.0005266 -0.0155
v -0.01560786 -0.00839529 -0.0155
v -0.01646441 -0.00798187 -0.0155
v 0.00847929 0.01621384 -0.0155
v 0.00886645 0.01534511 -0.0155
v 0.01558092 -0.00100129 -0.0155
v 0.0154484 -0.00045615 -0.0155
v 0.01545512 -1.426E-05 -0.0155
v 0.01607046 -0.00206349 -0.01545
v 0.01612581 0.0015734 -0.01545
v 0.01611754 0.00102975 -0.01483131
v 0.01611412 0.00080484 -0.01468135
v 0.01610503 0.00020801 -0.01444946
v 0.01609814 -0.00024504 -0.0144
v 0.01609124 -0.0006981 -0.01444946
v 0.01608215 -0.00129492 -0.01468135
v 0.01607873 -0.00151983 -0.01483131
v 0.00594691 0.02149242 -0.0215
v 0.00949361 0.02017824 -0.0215
v 0.01646441 0.00798187 -0.0215
v 0.01560786 0.00839529 -0.0215
v 0.01276719 0.01828357 -0.0215
v 0.01567349 0.01586291 -0.0215
v 0.01812888 0.0129859 -0.0215
v 0.02141943 0.00620466 -0.0215
v 0.02006274 0.00973532 -0.0215
v 0.00886645 0.01534511 -0.0215
v 0.00847929 0.01621384 -0.0215
v 0.00798187 -0.01646441 -0.0215
v 0.00839529 -0.01560786 -0.0215
v 0.01621384 -0.00847929 -0.0215
v 0.01534511 -0.00886645 -0.0215
v 0.02172545 -0.00502939 -0.0215
v 0.02056298 -0.00862867 -0.0215
v 0.01880895 -0.01197971 -0.0215
v 0.01651382 -0.01498612 -0.0215
v 0.01374361 -0.01756141 -0.0215
v 0.01057803 -0.01963149 -0.0215
v 0.00710814 -0.0211368 -0.0215
v 0.00343376 -0.02203405 -0.0215
v 0.02226292 -0.00128543 -0.0215
v 0.02229745 -0.00033685 -0.0215
v 0.02215993 0.00249551 -0.0215
v -0.01646441 -0.00798187 -0.0215
v -0.01560786 -0.00839529 -0.0215
v -0.02186846 -0.00436581 -0.0215
v -0.00774818 -0.02091066 -0.0215
v -0.01117064 -0.01930043 -0.0215
v -0.01427175 -0.01713496 -0.0215
v -0.01696229 -0.01447656 -0.0215
v -0.01916485 -0.01140168 -0.0215
v -0.02081608 -0.00799881 -0.0215
v -0.00886645 -0.01534511 -0.0215
v -0.00847929 -0.01621384 -0.0215
v -0.00410281 -0.02191933 -0.0215
v -0.00033941 -0.02229742 -0.0215
v -0.01518341 0.0163326 -0.0215
v -0.01772524 0.01353167 -0.0215
v -0.00798187 0.01646441 -0.0215
v -0.00839529 0.01560786 -0.0215
v -0.00529 0.02166347 -0.0215
v -0.00887506 0.02045784 -0.0215
v -0.01220479 0.01866368 -0.0215
v -0.01975714 0.01034145 -0.0215
v -0.02122066 0.00685372 -0.0215
v -0.01534511 0.00886645 -0.0215
v -0.01621384 0.00847929 -0.0215
v -0.02207371 0.00316883 -0.0215
v -0.02229738 0.00034197 -0.0215
v -0.02229173 -0.00060723 -0.0215
v 0.00222914 0.02218831 -0.0215
v 0.00033941 0.02229742 -0.0215
v -0.00155277 0.02224587 -0.0215
v 0.0223961 -0.00215977 -0.01545
v 0.02237491 -0.0023692 -0.01595625
v 0.02236723 -0.00244071 -0.0165
v 0.02237493 -0.00236909 -0.01704418
v 0.0223961 -0.00215977 -0.01755
v 0.02242573 -0.00182669 -0.01798469
v 0.02242574 -0.00182645 -0.01501507
v 0.0224569 -0.00139197 -0.01468136
v 0.02246259 -0.00129696 -0.01462968
v 0.02248454 -0.00083394 -0.01445836
v 0.0224974 -0.00034245 -0.0144
v 0.0224991 0.00020169 -0.01447171
v 0.02248886 0.0007078 -0.01468135
v 0.02247096 0.00114283 -0.01501486
v 0.02245146 0.00147711 -0.01545
v 0.02243665 0.00168727 -0.01595693
v 0.02243115 0.0017588 -0.0165
v 0.02243665 0.00168726 -0.01704312
v 0.02245146 0.00147711 -0.01755
v 0.02247096 0.0011428 -0.01798518
v 0.02248886 0.0007078 -0.01831865
v 0.02249908 0.00020324 -0.01852787
v 0.0224974 -0.00034245 -0.0186
v 0.02248458 -0.00083278 -0.01854192
v 0.02246233 -0.0013015 -0.018368
v 0.0224569 -0.00139196 -0.01831865
v 0.02235867 0.00251789 -0.0117
v 0.02249166 0.00061267 -0.0117
v 0.02246259 -0.00129696 -0.0117
v 0.02235867 0.00251789 -0.0213
v 0.02246259 -0.00129696 -0.0213
v 0.0219203 -0.0050745 -0.0213
v 0.0219203 -0.0050745 -0.0117
v 0.02227168 -0.00319725 -0.0117
v -0.0041396 -0.02211592 -0.0213
v -0.00034245 -0.0224974 -0.0213
v -0.00224913 -0.02238731 -0.0117
v -0.0041396 -0.02211592 -0.0117
v -0.00600025 -0.02168518 -0.0117
v -0.00781767 -0.0210982 -0.0213
v -0.00781767 -0.0210982 -0.0117
v -0.00957876 -0.02035921 -0.0117
v -0.01127083 -0.01947353 -0.0213
v -0.01127083 -0.01947353 -0.0117
v -0.0128817 -0.01844754 -0.0117
v -0.01439975 -0.01728864 -0.0213
v -0.01439975 -0.01728864 -0.0117
v -0.01581405 -0.01600518 -0.0117
v -0.01711442 -0.01460639 -0.0213
v -0.01711442 -0.01460639 -0.0117
v -0.01829147 -0.01310237 -0.0117
v -0.01933674 -0.01150394 -0.0213
v -0.01933674 -0.01150394 -0.0117
v -0.02024268 -0.00982263 -0.0117
v -0.02100277 -0.00807054 -0.0213
v -0.02100277 -0.00807054 -0.0117
v -0.02161154 -0.00626031 -0.0117
v -0.02206459 -0.00440497 -0.0213
v -0.02206459 -0.00440497 -0.0117
v -0.02235867 -0.00251789 -0.0117
v -0.02249166 -0.00061267 -0.0213
v -0.02249166 -0.00061267 -0.0117
v -0.02246259 0.00129696 -0.0117
v -0.02227168 0.00319725 -0.0213
v -0.02227168 0.00319725 -0.0117
v -0.0219203 0.0050745 -0.0117
v -0.02141098 0.00691519 -0.0213
v -0.02141098 0.00691519 -0.0117
v -0.0207474 0.00870606 -0.0117
v -0.01993433 0.01043419 -0.0213
v -0.01993433 0.01043419 -0.0117
v -0.01897764 0.01208715 -0.0117
v -0.01788421 0.01365303 -0.0213
v -0.01788421 0.01365303 -0.0117
v -0.01666192 0.01512053 -0.0117
v -0.01531959 0.01647909 -0.0213
v -0.01531959 0.01647909 -0.0117
v -0.01386687 0.01771891 -0.0117
v -0.01231425 0.01883107 -0.0213
v -0.01231425 0.01883107 -0.0117
v -0.0106729 0.01980755 -0.0117
v -0.00895465 0.02064132 -0.0213
v -0.00895465 0.02064132 -0.0117
v -0.00717189 0.02132637 -0.0117
v -0.00533745 0.02185776 -0.0213
v -0.00533745 0.02185776 -0.0117
v -0.00346455 0.02223166 -0.0117
v -0.0015667 0.02244539 -0.0213
v -0.0015667 0.02244539 -0.0117
v 0.00034245 0.0224974 -0.0213
v 0.00034245 0.0224974 -0.0117
v 0.00224913 0.02238731 -0.0213
v 0.00224913 0.02238731 -0.0117
v 0.0041396 0.02211592 -0.0117
v 0.00600025 0.02168518 -0.0213
v 0.00600025 0.02168518 -0.0117
v 0.00781767 0.0210982 -0.0117
v 0.00957876 0.02035921 -0.0213
v 0.00957876 0.02035921 -0.0117
v 0.01127083 0.01947353 -0.0117
v 0.0128817 0.01844754 -0.0213
v 0.0128817 0.01844754 -0.0117
v 0.01439975 0.01728864 -0.0117
v 0.01581405 0.01600518 -0.0213
v 0.01581405 0.01600518 -0.0117
v 0.01711442 0.01460639 -0.0117
v 0.01829147 0.01310237 -0.0213
v 0.01829147 0.01310237 -0.0117
v 0.01933674 0.01150394 -0.0117
v 0.02024268 0.00982263 -0.0213
v 0.02024268 0.00982263 -0.0117
v 0.02100277 0.00807054 -0.0117
v 0.02161154 0.00626031 -0.0213
v 0.02206459 0.00440497 -0.0117
v 0.02161154 0.00626031 -0.0117
v 0.02141098 -0.00691519 -0.0117
v 0.0207474 -0.00870606 -0.0213
v 0.0207474 -0.00870606 -0.0117
v 0.01993433 -0.01043419 -0.0117
v 0.01897764 -0.01208715 -0.0213
v 0.01897764 -0.01208715 -0.0117
v 0.01788421 -0.01365303 -0.0117
v 0.01666192 -0.01512053 -0.0213
v 0.01666192 -0.01512053 -0.0117
v 0.01531959 -0.01647909 -0.0117
v 0.01386687 -0.01771891 -0.0213
v 0.01386687 -0.01771891 -0.0117
v 0.01231425 -0.01883107 -0.0117
v 0.0106729 -0.01980755 -0.0213
v 0.0106729 -0.01980755 -0.0117
v 0.00895465 -0.02064132 -0.0117
v 0.00717189 -0.02132637 -0.0213
v 0.00717189 -0.02132637 -0.0117
v 0.00533745 -0.02185776 -0.0117
v 0.00346455 -0.02223166 -0.0213
v 0.00346455 -0.02223166 -0.0117
v 0.0015667 -0.02244539 -0.0117
v -0.00034245 -0.0224974 -0.0117
v -0.02226292 0.00128543 -0.0115
v -0.02215993 -0.00249551 -0.0115
v -0.02141943 -0.00620466 -0.0115
v -0.02006274 -0.00973532 -0.0115
v 0.01518341 -0.0163326 -0.0115
v 0.01772524 -0.01353167 -0.0115
v 0.01975714 -0.01034145 -0.0115
v 0.02122066 -0.00685372 -0.0115
v -0.01812888 -0.0129859 -0.0115
v -0.01567349 -0.01586291 -0.0115
v -0.01276719 -0.01828357 -0.0115
v -0.00949361 -0.02017824 -0.0115
v -0.00594691 -0.02149242 -0.0115
v 0.01696229 0.01447656 -0.0115
v 0.01427175 0.01713496 -0.0115
v 0.01117064 0.01930043 -0.0115
v 0.00774818 0.02091066 -0.0115
v 0.02207371 -0.00316883 -0.0115
v 0.02229173 0.00060723 -0.0115
v 0.02186846 0.00436581 -0.0115
v 0.02081608 0.00799881 -0.0115
v 0.01916485 0.01140168 -0.0115
v -0.00222914 -0.02218831 -0.0115
v 0.00155277 -0.02224587 -0.0115
v 0.00529 -0.02166347 -0.0115
v 0.00887506 -0.02045784 -0.0115
v 0.01220479 -0.01866368 -0.0115
v -0.01651382 0.01498612 -0.0115
v -0.01880895 0.01197971 -0.0115
v -0.02056298 0.00862867 -0.0115
v -0.02172545 0.00502939 -0.0115
v 0.00410281 0.02191933 -0.0115
v 0.00033941 0.02229742 -0.0115
v -0.00343376 0.02203405 -0.0115
v -0.00710814 0.0211368 -0.0115
v -0.01057803 0.01963149 -0.0115
v -0.01374361 0.01756141 -0.0115
v 0.00515618 -0.00191412 0.0055
v 0.00595509 -0.00142346 0.00479695
v 0.0053493 -0.00127865 0.0055
v 0.00608325 -0.00069527 0.00479695
v 0.00546443 -0.00062454 0.0055
v 0.0061227 4.305E-05 0.00479695
v 0.00549986 3.867E-05 0.0055
v 0.00607287 0.00078075 0.00479695
v 0.0054551 0.00070133 0.0055
v 0.00593448 0.00150706 0.00479695
v 0.00533079 0.00135375 0.0055
v 0.00570956 0.00221139 0.00479695
v 0.00512875 0.00198644 0.0055
v 0.00540137 0.00288348 0.00479695
v 0.00485192 0.00259016 0.0055
v 0.00501443 0.00351352 0.00479695
v 0.00450433 0.00315611 0.0055
v 0.00455436 0.00409233 0.00479695
v 0.00409106 0.00367603 0.0055
v 0.00402788 0.00461146 0.00479695
v 0.00361814 0.00414235 0.0055
v 0.00344266 0.00506334 0.00479695
v 0.00309245 0.00454827 0.0055
v 0.00280724 0.00544139 0.00479695
v 0.00252167 0.00488786 0.0055
v 0.00213088 0.00574009 0.00479695
v 0.00191412 0.00515618 0.0055
v 0.00142346 0.00595509 0.00479695
v 0.00127865 0.0053493 0.0055
v 0.00069527 0.00608325 0.00479695
v 0.00062454 0.00546443 0.0055
v -4.305E-05 0.0061227 0.00479695
v -3.867E-05 0.00549986 0.0055
v -0.00078075 0.00607287 0.00479695
v -0.00070133 0.0054551 0.0055
v -0.00150706 0.00593448 0.00479695
v -0.00135375 0.00533079 0.0055
v -0.00221139 0.00570956 0.00479695
v -0.00198644 0.00512875 0.0055
v -0.00288348 0.00540137 0.00479695
v -0.00259016 0.00485192 0.0055
v -0.00351352 0.00501443 0.00479695
v -0.00315611 0.00450433 0.0055
v -0.00409233 0.00455436 0.00479695
v -0.00367603 0.00409106 0.0055
v -0.00461146 0.00402788 0.00479695
v -0.00414235 0.00361814 0.0055
v -0.00506334 0.00344266 0.00479695
v -0.00454827 0.00309245 0.0055
v -0.00544139 0.00280724 0.00479695
v -0.00488786 0.00252167 0.0055
v -0.00574009 0.00213088 0.00479695
v -0.00515618 0.00191412 0.0055
v -0.00595509 0.00142346 0.00479695
v -0.0053493 0.00127865 0.0055
v -0.00608325 0.00069527 0.00479695
v -0.00546443 0.00062454 0.0055
v -0.0061227 -4.305E-05 0.00479695
v -0.00549986 -3.867E-05 0.0055
v -0.00607287 -0.00078075 0.00479695
v -0.0054551 -0.00070133 0.0055
v -0.00593448 -0.00150706 0.00479695
v -0.00533079 -0.00135375 0.0055
v -0.00570956 -0.00221139 0.00479695
v -0.00512875 -0.00198644 0.0055
v -0.00540137 -0.00288348 0.00479695
v -0.00485192 -0.00259016 0.0055
v -0.00501443 -0.00351352 0.00479695
v -0.00450433 -0.00315611 0.0055
v -0.00455436 -0.00409233 0.00479695
v -0.00409106 -0.00367603 0.0055
v -0.00402788 -0.00461146 0.00479695
v -0.00361814 -0.00414235 0.0055
v -0.00344266 -0.00506334 0.00479695
v -0.00309245 -0.00454827 0.0055
v -0.00280724 -0.00544139 0.00479695
v -0.00252167 -0.00488786 0.0055
v -0.00213088 -0.00574009 0.00479695
v -0.00191412 -0.00515618 0.0055
v -0.00142346 -0.00595509 0.00479695
v -0.00127865 -0.0053493 0.0055
v -0.00069527 -0.00608325 0.00479695
v -0.00062454 -0.00546443 0.0055
v 4.305E-05 -0.0061227 0.00479695
v 3.867E-05 -0.00549986 0.0055
v 0.00078075 -0.00607287 0.00479695
v 0.00070133 -0.0054551 0.0055
v 0.00150706 -0.00593448 0.00479695
v 0.00135375 -0.00533079 0.0055
v 0.00221139 -0.00570956 0.00479695
v 0.00198644 -0.00512875 0.0055
v 0.00288348 -0.00540137 0.00479695
v 0.00259016 -0.00485192 0.0055
v 0.00351352 -0.00501443 0.00479695
v 0.00315611 -0.00450433 0.0055
v 0.00409233 -0.00455436 0.00479695
v 0.00367603 -0.00409106 0.0055
v 0.00461146 -0.00402788 0.00479695
v 0.00414235 -0.00361814 0.0055
v 0.00506334 -0.00344266 0.00479695
v 0.00454827 -0.00309245 0.0055
v 0.00544139 -0.00280724 0.00479695
v 0.00488786 -0.00252167 0.0055
v 0.00574009 -0.00213088 0.00479695
v 0.00647403 -0.0015475 0.00402394
v 0.00661336 -0.00075586 0.00402394
v 0.00665625 4.68E-05 0.00402394
v 0.00660208 0.00084879 0.00402394
v 0.00645163 0.00163839 0.00402394
v 0.00620711 0.0024041 0.00402394
v 0.00587207 0.00313476 0.00402394
v 0.0054514 0.0038197 0.00402394
v 0.00495124 0.00444894 0.00402394
v 0.00437888 0.00501331 0.00402394
v 0.00374266 0.00550458 0.00402394
v 0.00305187 0.00591557 0.00402394
v 0.00231658 0.0062403 0.00402394
v 0.0015475 0.00647403 0.00402394
v 0.00075586 0.00661336 0.00402394
v -4.68E-05 0.00665625 0.00402394
v -0.00084879 0.00660208 0.00402394
v -0.00163839 0.00645163 0.00402394
v -0.0024041 0.00620711 0.00402394
v -0.00313476 0.00587207 0.00402394
v -0.0038197 0.0054514 0.00402394
v -0.00444894 0.00495124 0.00402394
v -0.00501331 0.00437888 0.00402394
v -0.00550458 0.00374266 0.00402394
v -0.00591557 0.00305187 0.00402394
v -0.0062403 0.00231658 0.00402394
v -0.00647403 0.0015475 0.00402394
v -0.00661336 0.00075586 0.00402394
v -0.00665625 -4.68E-05 0.00402394
v -0.00660208 -0.00084879 0.00402394
v -0.00645163 -0.00163839 0.00402394
v -0.00620711 -0.0024041 0.00402394
v -0.00587207 -0.00313476 0.00402394
v -0.0054514 -0.0038197 0.00402394
v -0.00495124 -0.00444894 0.00402394
v -0.00437888 -0.00501331 0.00402394
v -0.00374266 -0.00550458 0.00402394
v -0.00305187 -0.00591557 0.00402394
v -0.00231658 -0.0062403 0.00402394
v -0.0015475 -0.00647403 0.00402394
v -0.00075586 -0.00661336 0.00402394
v 4.68E-05 -0.00665625 0.00402394
v 0.00084879 -0.00660208 0.00402394
v 0.00163839 -0.00645163 0.00402394
v 0.0024041 -0.00620711 0.00402394
v 0.00313476 -0.00587207 0.00402394
v 0.0038197 -0.0054514 0.00402394
v 0.00444894 -0.00495124 0.00402394
v 0.00501331 -0.00437888 0.00402394
v 0.00550458 -0.00374266 0.00402394
v 0.00591557 -0.00305187 0.00402394
v 0.0062403 -0.00231658 0.00402394
v 0.00689857 -0.00164898 0.00319226
v 0.00704704 -0.00080543 0.00319226
v 0.00709274 4.987E-05 0.00319226
v 0.00703502 0.00090445 0.00319226
v 0.0068747 0.00174583 0.00319226
v 0.00661414 0.00256175 0.00319226
v 0.00625713 0.00334032 0.00319226
v 0.00580888 0.00407018 0.00319226
v 0.00527592 0.00474069 0.00319226
v 0.00466603 0.00534206 0.00319226
v 0.00398809 0.00586554 0.00319226
v 0.003252 0.00630349 0.00319226
v 0.00246849 0.00664951 0.00319226
v 0.00164898 0.00689857 0.00319226
v 0.00080543 0.00704704 0.00319226
v -4.987E-05 0.00709274 0.00319226
v -0.00090445 0.00703502 0.00319226
v -0.00174583 0.0068747 0.00319226
v -0.00256175 0.00661414 0.00319226
v -0.00334032 0.00625713 0.00319226
v -0.00407018 0.00580888 0.00319226
v -0.00474069 0.00527592 0.00319226
v -0.00534206 0.00466603 0.00319226
v -0.00586554 0.00398809 0.00319226
v -0.00630349 0.003252 0.00319226
v -0.00664951 0.00246849 0.00319226
v -0.00689857 0.00164898 0.00319226
v -0.00704704 0.00080543 0.00319226
v -0.00709274 -4.987E-05 0.00319226
v -0.00703502 -0.00090445 0.00319226
v -0.0068747 -0.00174583 0.00319226
v -0.00661414 -0.00256175 0.00319226
v -0.00625713 -0.00334032 0.00319226
v -0.00580888 -0.00407018 0.00319226
v -0.00527592 -0.00474069 0.00319226
v -0.00466603 -0.00534206 0.00319226
v -0.00398809 -0.00586554 0.00319226
v -0.003252 -0.00630349 0.00319226
v -0.00246849 -0.00664951 0.00319226
v -0.00164898 -0.00689857 0.00319226
v -0.00080543 -0.00704704 0.00319226
v 4.987E-05 -0.00709274 0.00319226
v 0.00090445 -0.00703502 0.00319226
v 0.00174583 -0.0068747 0.00319226
v 0.00256175 -0.00661414 0.00319226
v 0.00334032 -0.00625713 0.00319226
v 0.00407018 -0.00580888 0.00319226
v 0.00474069 -0.00527592 0.00319226
v 0.00534206 -0.00466603 0.00319226
v 0.00586554 -0.00398809 0.00319226
v 0.00630349 -0.003252 0.00319226
v 0.00664951 -0.00246849 0.00319226
v 0.00722252 -0.00172641 0.00231403
v 0.00737795 -0.00084325 0.00231403
v 0.0074258 5.222E-05 0.00231403
v 0.00736537 0.00094692 0.00231403
v 0.00719753 0.00182781 0.00231403
v 0.00692473 0.00268205 0.00231403
v 0.00655096 0.00349718 0.00231403
v 0.00608165 0.00426131 0.00231403
v 0.00552367 0.0049633 0.00231403
v 0.00488513 0.00559292 0.00231403
v 0.00417536 0.00614098 0.00231403
v 0.00340471 0.00659949 0.00231403
v 0.0025844 0.00696176 0.00231403
v 0.00172641 0.00722252 0.00231403
v 0.00084325 0.00737795 0.00231403
v -5.222E-05 0.0074258 0.00231403
v -0.00094692 0.00736537 0.00231403
v -0.00182781 0.00719753 0.00231403
v -0.00268205 0.00692473 0.00231403
v -0.00349718 0.00655096 0.00231403
v -0.00426131 0.00608165 0.00231403
v -0.0049633 0.00552367 0.00231403
v -0.00559292 0.00488513 0.00231403
v -0.00614098 0.00417536 0.00231403
v -0.00659949 0.00340471 0.00231403
v -0.00696176 0.0025844 0.00231403
v -0.00722252 0.00172641 0.00231403
v -0.00737795 0.00084325 0.00231403
v -0.0074258 -5.222E-05 0.00231403
v -0.00736537 -0.00094692 0.00231403
v -0.00719753 -0.00182781 0.00231403
v -0.00692473 -0.00268205 0.00231403
v -0.00655096 -0.00349718 0.00231403
v -0.00608165 -0.00426131 0.00231403
v -0.00552367 -0.0049633 0.00231403
v -0.00488513 -0.00559292 0.00231403
v -0.00417536 -0.00614098 0.00231403
v -0.00340471 -0.00659949 0.00231403
v -0.0025844 -0.00696176 0.00231403
v -0.00172641 -0.00722252 0.00231403
v -0.00084325 -0.00737795 0.00231403
v 5.222E-05 -0.0074258 0.00231403
v 0.00094692 -0.00736537 0.00231403
v 0.00182781 -0.00719753 0.00231403
v 0.00268205 -0.00692473 0.00231403
v 0.00349718 -0.00655096 0.00231403
v 0.00426131 -0.00608165 0.00231403
v 0.0049633 -0.00552367 0.00231403
v 0.00559292 -0.00488513 0.00231403
v 0.00614098 -0.00417536 0.00231403
v 0.00659949 -0.00340471 0.00231403
v 0.00696176 -0.0025844 0.00231403
v 0.00744114 -0.00177867 0.00140206
v 0.00760128 -0.00086877 0.00140206
v 0.00765058 5.38E-05 0.00140206
v 0.00758831 0.00097558 0.00140206
v 0.00741539 0.00188314 0.00140206
v 0.00713434 0.00276323 0.00140206
v 0.00674925 0.00360303 0.00140206
v 0.00626574 0.0043903 0.00140206
v 0.00569087 0.00511354 0.00140206
v 0.005033 0.00576221 0.00140206
v 0.00430175 0.00632686 0.00140206
v 0.00350777 0.00679925 0.00140206
v 0.00266263 0.00717249 0.00140206
v 0.00177867 0.00744114 0.00140206
v 0.00086877 0.00760128 0.00140206
v -5.38E-05 0.00765058 0.00140206
v -0.00097558 0.00758831 0.00140206
v -0.00188314 0.00741539 0.00140206
v -0.00276323 0.00713434 0.00140206
v -0.00360303 0.00674925 0.00140206
v -0.0043903 0.00626574 0.00140206
v -0.00511354 0.00569087 0.00140206
v -0.00576221 0.005033 0.00140206
v -0.00632686 0.00430175 0.00140206
v -0.00679925 0.00350777 0.00140206
v -0.00717249 0.00266263 0.00140206
v -0.00744114 0.00177867 0.00140206
v -0.00760128 0.00086877 0.00140206
v -0.00765058 -5.38E-05 0.00140206
v -0.00758831 -0.00097558 0.00140206
v -0.00741539 -0.00188314 0.00140206
v -0.00713434 -0.00276323 0.00140206
v -0.00674925 -0.00360303 0.00140206
v -0.00626574 -0.0043903 0.00140206
v -0.00569087 -0.00511354 0.00140206
v -0.005033 -0.00576221 0.00140206
v -0.00430175 -0.00632686 0.00140206
v -0.00350777 -0.00679925 0.00140206
v -0.00266263 -0.00717249 0.00140206
v -0.00177867 -0.00744114 0.00140206
v -0.00086877 -0.00760128 0.00140206
v 5.38E-05 -0.00765058 0.00140206
v 0.00097558 -0.00758831 0.00140206
v 0.00188314 -0.00741539 0.00140206
v 0.00276323 -0.00713434 0.00140206
v 0.00360303 -0.00674925 0.00140206
v 0.0043903 -0.00626574 0.00140206
v 0.00511354 -0.00569087 0.00140206
v 0.00576221 -0.005033 0.00140206
v 0.00632686 -0.00430175 0.00140206
v 0.00679925 -0.00350777 0.00140206
v 0.00717249 -0.00266263 0.00140206
v 0.00755125 -0.00180499 0.00046963
v 0.00771377 -0.00088163 0.00046963
v 0.00776379 5.459E-05 0.00046963
v 0.0077006 0.00099002 0.00046963
v 0.00752513 0.001911 0.00046963
v 0.00723991 0.00280412 0.00046963
v 0.00684913 0.00365635 0.00046963
v 0.00635846 0.00445527 0.00046963
v 0.00577508 0.00518921 0.00046963
v 0.00510748 0.00584748 0.00046963
v 0.00436541 0.00642049 0.00046963
v 0.00355968 0.00689987 0.00046963
v 0.00270203 0.00727863 0.00046963
v 0.00180499 0.00755125 0.00046963
v 0.00088163 0.00771377 0.00046963
v -5.459E-05 0.00776379 0.00046963
v -0.00099002 0.0077006 0.00046963
v -0.001911 0.00752513 0.00046963
v -0.00280412 0.00723991 0.00046963
v -0.00365635 0.00684913 0.00046963
v -0.00445527 0.00635846 0.00046963
v -0.00518921 0.00577508 0.00046963
v -0.00584748 0.00510748 0.00046963
v -0.00642049 0.00436541 0.00046963
v -0.00689987 0.00355968 0.00046963
v -0.00727863 0.00270203 0.00046963
v -0.00755125 0.00180499 0.00046963
v -0.00771377 0.00088163 0.00046963
v -0.00776379 -5.459E-05 0.00046963
v -0.0077006 -0.00099002 0.00046963
v -0.00752513 -0.001911 0.00046963
v -0.00723991 -0.00280412 0.00046963
v -0.00684913 -0.00365635 0.00046963
v -0.00635846 -0.00445527 0.00046963
v -0.00577508 -0.00518921 0.00046963
v -0.00510748 -0.00584748 0.00046963
v -0.00436541 -0.00642049 0.00046963
v -0.00355968 -0.00689987 0.00046963
v -0.00270203 -0.00727863 0.00046963
v -0.00180499 -0.00755125 0.00046963
v -0.00088163 -0.00771377 0.00046963
v 5.459E-05 -0.00776379 0.00046963
v 0.00099002 -0.0077006 0.00046963
v 0.001911 -0.00752513 0.00046963
v 0.00280412 -0.00723991 0.00046963
v 0.00365635 -0.00684913 0.00046963
v 0.00445527 -0.00635846 0.00046963
v 0.00518921 -0.00577508 0.00046963
v 0.00584748 -0.00510748 0.00046963
v 0.00642049 -0.00436541 0.00046963
v 0.00689987 -0.00355968 0.00046963
v 0.00727863 -0.00270203 0.00046963
v 0.00755125 -0.00180499 -0.00046963
v 0.00771377 -0.00088163 -0.00046963
v 0.00776379 5.459E-05 -0.00046963
v 0.0077006 0.00099002 -0.00046963
v 0.00752513 0.001911 -0.00046963
v 0.00723991 0.00280412 -0.00046963
v 0.00684913 0.00365635 -0.00046963
v 0.00635846 0.00445527 -0.00046963
v 0.00577508 0.00518921 -0.00046963
v 0.00510748 0.00584748 -0.00046963
v 0.00436541 0.00642049 -0.00046963
v 0.00355968 0.00689987 -0.00046963
v 0.00270203 0.00727863 -0.00046963
v 0.00180499 0.00755125 -0.00046963
v 0.00088163 0.00771377 -0.00046963
v -5.459E-05 0.00776379 -0.00046963
v -0.00099002 0.0077006 -0.00046963
v -0.001911 0.00752513 -0.00046963
v -0.00280412 0.00723991 -0.00046963
v -0.00365635 0.00684913 -0.00046963
v -0.00445527 0.00635846 -0.00046963
v -0.00518921 0.00577508 -0.00046963
v -0.00584748 0.00510748 -0.00046963
v -0.00642049 0.00436541 -0.00046963
v -0.00689987 0.00355968 -0.00046963
v -0.00727863 0.00270203 -0.00046963
v -0.00755125 0.00180499 -0.00046963
v -0.00771377 0.00088163 -0.00046963
v -0.00776379 -5.459E-05 -0.00046963
v -0.0077006 -0.00099002 -0.00046963
v -0.00752513 -0.001911 -0.00046963
v -0.00723991 -0.00280412 -0.00046963
v -0.00684913 -0.00365635 -0.00046963
v -0.00635846 -0.00445527 -0.00046963
v -0.00577508 -0.00518921 -0.00046963
v -0.00510748 -0.00584748 -0.00046963
v -0.00436541 -0.00642049 -0.00046963
v -0.00355968 -0.00689987 -0.00046963
v -0.00270203 -0.00727863 -0.00046963
v -0.00180499 -0.00755125 -0.00046963
v -0.00088163 -0.00771377 -0.00046963
v 5.459E-05 -0.00776379 -0.00046963
v 0.00099002 -0.0077006 -0.00046963
v 0.001911 -0.00752513 -0.00046963
v 0.00280412 -0.00723991 -0.00046963
v 0.00365635 -0.00684913 -0.00046963
v 0.00445527 -0.00635846 -0.00046963
v 0.00518921 -0.00577508 -0.00046963
v 0.00584748 -0.00510748 -0.00046963
v 0.00642049 -0.00436541 -0.00046963
v 0.00689987 -0.00355968 -0.00046963
v 0.00727863 -0.00270203 -0.00046963
v 0.00744114 -0.00177867 -0.00140205
v 0.00760128 -0.00086877 -0.00140205
v 0.00765058 5.38E-05 -0.00140205
v 0.00758831 0.00097558 -0.00140205
v 0.00741539 0.00188314 -0.00140205
v 0.00713434 0.00276323 -0.00140205
v 0.00674925 0.00360303 -0.00140205
v 0.00626574 0.0043903 -0.00140205
v 0.00569087 0.00511354 -0.00140205
v 0.005033 0.00576221 -0.00140205
v 0.00430175 0.00632686 -0.00140205
v 0.00350777 0.00679925 -0.00140205
v 0.00266263 0.00717249 -0.00140205
v 0.00177867 0.00744114 -0.00140205
v 0.00086877 0.00760128 -0.00140205
v -5.38E-05 0.00765058 -0.00140205
v -0.00097558 0.00758831 -0.00140205
v -0.00188314 0.00741539 -0.00140205
v -0.00276323 0.00713434 -0.00140205
v -0.00360303 0.00674925 -0.00140205
v -0.0043903 0.00626574 -0.00140205
v -0.00511354 0.00569087 -0.00140205
v -0.00576221 0.005033 -0.00140205
v -0.00632686 0.00430175 -0.00140205
v -0.00679925 0.00350777 -0.00140205
v -0.00717249 0.00266263 -0.00140205
v -0.00744114 0.00177867 -0.00140205
v -0.00760128 0.00086877 -0.00140205
v -0.00765058 -5.38E-05 -0.00140205
v -0.00758831 -0.00097558 -0.00140205
v -0.00741539 -0.00188314 -0.00140205
v -0.00713434 -0.00276323 -0.00140205
v -0.00674925 -0.00360303 -0.00140205
v -0.00626574 -0.0043903 -0.00140205
v -0.00569087 -0.00511354 -0.00140205
v -0.005033 -0.00576221 -0.00140205
v -0.00430175 -0.00632686 -0.00140205
v -0.00350777 -0.00679925 -0.00140205
v -0.00266263 -0.00717249 -0.00140205
v -0.00177867 -0.00744114 -0.00140205
v -0.00086877 -0.00760128 -0.00140205
v 5.38E-05 -0.00765058 -0.00140205
v 0.00097558 -0.00758831 -0.00140205
v 0.00188314 -0.00741539 -0.00140205
v 0.00276323 -0.00713434 -0.00140205
v 0.00360303 -0.00674925 -0.00140205
v 0.0043903 -0.00626574 -0.00140205
v 0.00511354 -0.00569087 -0.00140205
v 0.00576221 -0.005033 -0.00140205
v 0.00632686 -0.00430175 -0.00140205
v 0.00679925 -0.00350777 -0.00140205
v 0.00717249 -0.00266263 -0.00140205
v 0.00722252 -0.00172641 -0.00231403
v 0.00737795 -0.00084325 -0.00231403
v 0.0074258 5.222E-05 -0.00231403
v 0.00736537 0.00094692 -0.00231403
v 0.00719753 0.00182781 -0.00231403
v 0.00692473 0.00268205 -0.00231403
v 0.00655096 0.00349718 -0.00231403
v 0.00608165 0.00426131 -0.00231403
v 0.00552367 0.0049633 -0.00231403
v 0.00488513 0.00559292 -0.00231403
v 0.00417536 0.00614098 -0.00231403
v 0.00340471 0.00659949 -0.00231403
v 0.0025844 0.00696176 -0.00231403
v 0.00172641 0.00722252 -0.00231403
v 0.00084325 0.00737795 -0.00231403
v -5.222E-05 0.0074258 -0.00231403
v -0.00094692 0.00736537 -0.00231403
v -0.00182781 0.00719753 -0.00231403
v -0.00268205 0.00692473 -0.00231403
v -0.00349718 0.00655096 -0.00231403
v -0.00426131 0.00608165 -0.00231403
v -0.0049633 0.00552367 -0.00231403
v -0.00559292 0.00488513 -0.00231403
v -0.00614098 0.00417536 -0.00231403
v -0.00659949 0.00340471 -0.00231403
v -0.00696176 0.0025844 -0.00231403
v -0.00722252 0.00172641 -0.00231403
v -0.00737795 0.00084325 -0.00231403
v -0.0074258 -5.222E-05 -0.00231403
v -0.00736537 -0.00094692 -0.00231403
v -0.00719753 -0.00182781 -0.00231403
v -0.00692473 -0.00268205 -0.00231403
v -0.00655096 -0.00349718 -0.00231403
v -0.00608165 -0.00426131 -0.00231403
v -0.00552367 -0.0049633 -0.00231403
v -0.00488513 -0.00559292 -0.00231403
v -0.00417536 -0.00614098 -0.00231403
v -0.00340471 -0.00659949 -0.00231403
v -0.0025844 -0.00696176 -0.00231403
v -0.00172641 -0.00722252 -0.00231403
v -0.00084325 -0.00737795 -0.00231403
v 5.222E-05 -0.0074258 -0.00231403
v 0.00094692 -0.00736537 -0.00231403
v 0.00182781 -0.00719753 -0.00231403
v 0.00268205 -0.00692473 -0.00231403
v 0.00349718 -0.00655096 -0.00231403
v 0.00426131 -0.00608165 -0.00231403
v 0.0049633 -0.00552367 -0.00231403
v 0.00559292 -0.00488513 -0.00231403
v 0.00614098 -0.00417536 -0.00231403
v 0.00659949 -0.00340471 -0.00231403
v 0.00696176 -0.0025844 -0.00231403
v 0.00689857 -0.00164898 -0.00319226
v 0.00704704 -0.00080543 -0.00319226
v 0.00709274 4.987E-05 -0.00319226
v 0.00703502 0.00090445 -0.00319226
v 0.0068747 0.00174583 -0.00319226
v 0.00661414 0.00256175 -0.00319226
v 0.00625713 0.00334032 -0.00319226
v 0.00580888 0.00407018 -0.00319226
v 0.00527592 0.00474069 -0.00319226
v 0.00466603 0.00534206 -0.00319226
v 0.00398809 0.00586554 -0.00319226
v 0.003252 0.00630349 -0.00319226
v 0.00246849 0.00664951 -0.00319226
v 0.00164898 0.00689857 -0.00319226
v 0.00080543 0.00704704 -0.00319226
v -4.987E-05 0.00709274 -0.00319226
v -0.00090445 0.00703502 -0.00319226
v -0.00174583 0.0068747 -0.00319226
v -0.00256175 0.00661414 -0.00319226
v -0.00334032 0.00625713 -0.00319226
v -0.00407018 0.00580888 -0.00319226
v -0.00474069 0.00527592 -0.00319226
v -0.00534206 0.00466603 -0.00319226
v -0.00586554 0.00398809 -0.00319226
v -0.00630349 0.003252 -0.00319226
v -0.00664951 0.00246849 -0.00319226
v -0.00689857 0.00164898 -0.00319226
v -0.00704704 0.00080543 -0.00319226
v -0.00709274 -4.987E-05 -0.00319226
v -0.00703502 -0.00090445 -0.00319226
v -0.0068747 -0.00174583 -0.00319226
v -0.00661414 -0.00256175 -0.00319226
v -0.00625713 -0.00334032 -0.00319226
v -0.00580888 -0.00407018 -0.00319226
v -0.00527592 -0.00474069 -0.00319226
v -0.00466603 -0.00534206 -0.00319226
v -0.00398809 -0.00586554 -0.00319226
v -0.003252 -0.00630349 -0.00319226
v -0.00246849 -0.00664951 -0.00319226
v -0.00164898 -0.00689857 -0.00319226
v -0.00080543 -0.00704704 -0.00319226
v 4.987E-05 -0.00709274 -0.00319226
v 0.00090445 -0.00703502 -0.00319226
v 0.00174583 -0.0068747 -0.00319226
v 0.00256175 -0.00661414 -0.00319226
v 0.00334032 -0.00625713 -0.00319226
v 0.00407018 -0.00580888 -0.00319226
v 0.00474069 -0.00527592 -0.00319226
v 0.00534206 -0.00466603 -0.00319226
v 0.00586554 -0.00398809 -0.00319226
v 0.00630349 -0.003252 -0.00319226
v 0.00664951 -0.00246849 -0.00319226
v 0.00647403 -0.0015475 -0.00402394
v 0.00661336 -0.00075586 -0.00402394
v 0.00665625 4.68E-05 -0.00402394
v 0.00660208 0.00084879 -0.00402394
v 0.00645163 0.00163839 -0.00402394
v 0.00620711 0.0024041 -0.00402394
v 0.00587207 0.00313476 -0.00402394
v 0.0054514 0.0038197 -0.00402394
v 0.00495124 0.00444894 -0.00402394
v 0.00437888 0.00501331 -0.00402394
v 0.00374266 0.00550458 -0.00402394
v 0.00305187 0.00591557 -0.00402394
v 0.00231658 0.0062403 -0.00402394
v 0.0015475 0.00647403 -0.00402394
v 0.00075586 0.00661336 -0.00402394
v -4.68E-05 0.00665625 -0.00402394
v -0.00084879 0.00660208 -0.00402394
v -0.00163839 0.00645163 -0.00402394
v -0.0024041 0.00620711 -0.00402394
v -0.00313476 0.00587207 -0.00402394
v -0.0038197 0.0054514 -0.00402394
v -0.00444894 0.00495124 -0.00402394
v -0.00501331 0.00437888 -0.00402394
v -0.00550458 0.00374266 -0.00402394
v -0.00591557 0.00305187 -0.00402394
v -0.0062403 0.00231658 -0.00402394
v -0.00647403 0.0015475 -0.00402394
v -0.00661336 0.00075586 -0.00402394
v -0.00665625 -4.68E-05 -0.00402394
v -0.00660208 -0.00084879 -0.00402394
v -0.00645163 -0.00163839 -0.00402394
v -0.00620711 -0.0024041 -0.00402394
v -0.00587207 -0.00313476 -0.00402394
v -0.0054514 -0.0038197 -0.00402394
v -0.00495124 -0.00444894 -0.00402394
v -0.00437888 -0.00501331 -0.00402394
v -0.00374266 -0.00550458 -0.00402394
v -0.00305187 -0.00591557 -0.00402394
v -0.00231658 -0.0062403 -0.00402394
v -0.0015475 -0.00647403 -0.00402394
v -0.00075586 -0.00661336 -0.00402394
v 4.68E-05 -0.00665625 -0.00402394
v 0.00084879 -0.00660208 -0.00402394
v 0.00163839 -0.00645163 -0.00402394
v 0.0024041 -0.00620711 -0.00402394
v 0.00313476 -0.00587207 -0.00402394
v 0.0038197 -0.0054514 -0.00402394
v 0.00444894 -0.00495124 -0.00402394
v 0.00501331 -0.00437888 -0.00402394
v 0.00550458 -0.00374266 -0.00402394
v 0.00591557 -0.00305187 -0.00402394
v 0.0062403 -0.00231658 -0.00402394
v 0.00595509 -0.00142346 -0.00479695
v 0.00608325 -0.00069527 -0.00479695
v 0.0061227 4.305E-05 -0.00479695
v 0.00607287 0.00078075 -0.00479695
v 0.00593448 0.00150706 -0.00479695
v 0.00570956 0.00221139 -0.00479695
v 0.00540137 0.00288348 -0.00479695
v 0.00501443 0.00351352 -0.00479695
v 0.00455436 0.00409233 -0.00479695
v 0.00402788 0.00461146 -0.00479695
v 0.00344266 0.00506334 -0.00479695
v 0.00280724 0.00544139 -0.00479695
v 0.00213088 0.00574009 -0.00479695
v 0.00142346 0.00595509 -0.00479695
v 0.00069527 0.00608325 -0.00479695
v -4.305E-05 0.0061227 -0.00479695
v -0.00078075 0.00607287 -0.00479695
v -0.00150706 0.00593448 -0.00479695
v -0.00221139 0.00570956 -0.00479695
v -0.00288348 0.00540137 -0.00479695
v -0.00351352 0.00501443 -0.00479695
v -0.00409233 0.00455436 -0.00479695
v -0.00461146 0.00402788 -0.00479695
v -0.00506334 0.00344266 -0.00479695
v -0.00544139 0.00280724 -0.00479695
v -0.00574009 0.00213088 -0.00479695
v -0.00595509 0.00142346 -0.00479695
v -0.00608325 0.00069527 -0.00479695
v -0.0061227 -4.305E-05 -0.00479695
v -0.00607287 -0.00078075 -0.00479695
v -0.00593448 -0.00150706 -0.00479695
v -0.00570956 -0.00221139 -0.00479695
v -0.00540137 -0.00288348 -0.00479695
v -0.00501443 -0.00351352 -0.00479695
v -0.00455436 -0.00409233 -0.00479695
v -0.00402788 -0.00461146 -0.00479695
v -0.00344266 -0.00506334 -0.00479695
v -0.00280724 -0.00544139 -0.00479695
v -0.00213088 -0.00574009 -0.00479695
v -0.00142346 -0.00595509 -0.00479695
v -0.00069527 -0.00608325 -0.00479695
v 4.305E-05 -0.0061227 -0.00479695
v 0.00078075 -0.00607287 -0.00479695
v 0.00150706 -0.00593448 -0.00479695
v 0.00221139 -0.00570956 -0.00479695
v 0.00288348 -0.00540137 -0.00479695
v 0.00351352 -0.00501443 -0.00479695
v 0.00409233 -0.00455436 -0.00479695
v 0.00461146 -0.00402788 -0.00479695
v 0.00506334 -0.00344266 -0.00479695
v 0.00544139 -0.00280724 -0.00479695
v 0.00574009 -0.00213088 -0.00479695
v 0.0053493 -0.00127865 -0.0055
v 0.00546443 -0.00062454 -0.0055
v 0.00549986 3.867E-05 -0.0055
v 0.0054551 0.00070133 -0.0055
v 0.00533079 0.00135375 -0.0055
v 0.00512875 0.00198644 -0.0055
v 0.00485192 0.00259016 -0.0055
v 0.00450433 0.00315611 -0.0055
v 0.00409106 0.00367603 -0.0055
v 0.00361814 0.00414235 -0.0055
v 0.00309245 0.00454827 -0.0055
v 0.00252167 0.00488786 -0.0055
v 0.00191412 0.00515618 -0.0055
v 0.00127865 0.0053493 -0.0055
v 0.00062454 0.00546443 -0.0055
v -3.867E-05 0.00549986 -0.0055
v -0.00070133 0.0054551 -0.0055
v -0.00135375 0.00533079 -0.0055
v -0.00198644 0.00512875 -0.0055
v -0.00259016 0.00485192 -0.0055
v -0.00315611 0.00450433 -0.0055
v -0.00367603 0.00409106 -0.0055
v -0.00414235 0.00361814 -0.0055
v -0.00454827 0.00309245 -0.0055
v -0.00488786 0.00252167 -0.0055
v -0.00515618 0.00191412 -0.0055
v -0.0053493 0.00127865 -0.0055
v -0.00546443 0.00062454 -0.0055
v -0.00549986 -3.867E-05 -0.0055
v -0.0054551 -0.00070133 -0.0055
v -0.00533079 -0.00135375 -0.0055
v -0.00512875 -0.00198644 -0.0055
v -0.00485192 -0.00259016 -0.0055
v -0.00450433 -0.00315611 -0.0055
v -0.00409106 -0.00367603 -0.0055
v -0.00361814 -0.00414235 -0.0055
v -0.00309245 -0.00454827 -0.0055
v -0.00252167 -0.00488786 -0.0055
v -0.00191412 -0.00515618 -0.0055
v -0.00127865 -0.0053493 -0.0055
v -0.00062454 -0.00546443 -0.0055
v 3.867E-05 -0.00549986 -0.0055
v 0.00070133 -0.0054551 -0.0055
v 0.00135375 -0.00533079 -0.0055
v 0.00198644 -0.00512875 -0.0055
v 0.00259016 -0.00485192 -0.0055
v 0.00315611 -0.00450433 -0.0055
v 0.00367603 -0.00409106 -0.0055
v 0.00414235 -0.00361814 -0.0055
v 0.00454827 -0.00309245 -0.0055
v 0.00488786 -0.00252167 -0.0055
v 0.00515618 -0.00191412 -0.0055
v 0.00352867 0.00188375 -0.0055
v 0.00297532 0.00267348 -0.0055
v -0.00301262 0.00263137 -0.0055
v -0.00355481 0.00183394 -0.0055
v 0.00224906 0.00330783 -0.0055
v 0.00139209 0.00374995 -0.0055
v 0.00045421 0.00397413 -0.0055
v -0.00051006 0.00396735 -0.0055
v -0.0038904 0.00092993 -0.0055
v -0.0039999 -2.813E-05 -0.0055
v -0.00139209 -0.00374995 -0.0055
v -0.00045421 -0.00397413 -0.0055
v -0.00144468 0.00373 -0.0055
v -0.00387694 -0.00098455 -0.0055
v -0.00297532 -0.00267348 -0.0055
v -0.00224906 -0.00330783 -0.0055
v 0.00051006 -0.00396735 -0.0055
v -0.00229535 0.00327588 -0.0055
v -0.00352867 -0.00188375 -0.0055
v 0.00144468 -0.00373 -0.0055
v 0.00229535 -0.00327588 -0.0055
v 0.00355481 -0.00183394 -0.0055
v 0.0038904 -0.00092993 -0.0055
v 0.00301262 -0.00263137 -0.0055
v 0.0039999 2.813E-05 -0.0055
v 0.00387694 0.00098455 -0.0055
v -0.00139209 -0.00374995 0.0055
v -0.00045421 -0.00397413 0.0055
v 0.00051006 -0.00396735 0.0055
v 0.00144468 -0.00373 0.0055
v 0.00229535 -0.00327588 0.0055
v 0.00301262 -0.00263137 0.0055
v 0.00355481 -0.00183394 0.0055
v 0.0038904 -0.00092993 0.0055
v 0.0039999 2.813E-05 0.0055
v 0.00387694 0.00098455 0.0055
v 0.00352867 0.00188375 0.0055
v 0.00297532 0.00267348 0.0055
v 0.00224906 0.00330783 0.0055
v 0.00139209 0.00374995 0.0055
v 0.00045421 0.00397413 0.0055
v -0.00051006 0.00396735 0.0055
v -0.00144468 0.00373 0.0055
v -0.00229535 0.00327588 0.0055
v -0.00301262 0.00263137 0.0055
v -0.00355481 0.00183394 0.0055
v -0.0038904 0.00092993 0.0055
v -0.0039999 -2.813E-05 0.0055
v -0.00387694 -0.00098455 0.0055
v -0.00352867 -0.00188375 0.0055
v -0.00297532 -0.00267348 0.0055
v -0.00224906 -0.00330783 0.0055
v -0.00384147 0.00067313 0.0115
v -0.00389748 -0.00014027 0.0115
v -0 -0 0.0115
v -0.00378314 -0.00094753 0.0115
v -0.00350347 -0.00171339 0.0115
v -0.00271216 0.00280253 0.0115
v -0.00323557 0.0021774 0.0115
v -0.00361757 0.00145711 0.0115
v -0.0005469 0.00386146 0.0115
v -0.00133779 0.00366338 0.0115
v -0.00207021 0.00330518 0.0115
v 0.00182726 0.00344545 0.0115
v 0.00107098 0.00375007 0.0115
v 0.0002679 0.00389079 0.0115
v 0.00350347 0.00171339 0.0115
v 0.00307068 0.00240436 0.0115
v 0.00250368 0.00299025 0.0115
v 0.00384147 -0.00067313 0.0115
v 0.00389748 0.00014027 0.0115
v 0.00378314 0.00094753 0.0115
v 0.00271216 -0.00280253 0.0115
v 0.00323557 -0.0021774 0.0115
v 0.00361757 -0.00145711 0.0115
v 0.0005469 -0.00386146 0.0115
v 0.00133779 -0.00366338 0.0115
v 0.00207021 -0.00330518 0.0115
v -0.00182726 -0.00344545 0.0115
v -0.00107098 -0.00375007 0.0115
v -0.0002679 -0.00389079 0.0115
v -0.00307068 -0.00240436 0.0115
v -0.00250368 -0.00299025 0.0115
v -0.00179649 -0.00173856 -0.0035
v -0.00218525 -0.00121436 -0.0035
v -0 -0 -0.0035
v -0.00242509 -0.00060739 -0.0035
v -0.00249966 4.096E-05 -0.0035
v -4.096E-05 -0.00249966 -0.0035
v -0.00068653 -0.00240389 -0.0035
v -0.00128531 -0.00214429 -0.0035
v 0.00173856 -0.00179649 -0.0035
v 0.00121436 -0.00218525 -0.0035
v 0.00060739 -0.00242509 -0.0035
v 0.00249966 -4.096E-05 -0.0035
v 0.00240389 -0.00068653 -0.0035
v 0.00214429 -0.00128531 -0.0035
v 0.00179649 0.00173856 -0.0035
v 0.00218525 0.00121436 -0.0035
v 0.00242509 0.00060739 -0.0035
v 4.096E-05 0.00249966 -0.0035
v 0.00068653 0.00240389 -0.0035
v 0.00128531 0.00214429 -0.0035
v -0.00173856 0.00179649 -0.0035
v -0.00121436 0.00218525 -0.0035
v -0.00060739 0.00242509 -0.0035
v -0.00240389 0.00068653 -0.0035
v -0.00214429 0.00128531 -0.0035
v -0.00242509 -0.00060739 0.0065
v -0.00218525 -0.00121436 0.0065
v -0.00179649 -0.00173856 0.0065
v -0.00128531 -0.00214429 0.0065
v -0.00068653 -0.00240389 0.0065
v -4.096E-05 -0.00249966 0.0065
v 0.00060739 -0.00242509 0.0065
v 0.00121436 -0.00218525 0.0065
v 0.00173856 -0.00179649 0.0065
v 0.00214429 -0.00128531 0.0065
v 0.00240389 -0.00068653 0.0065
v 0.00249966 -4.096E-05 0.0065
v 0.00242509 0.00060739 0.0065
v 0.00218525 0.00121436 0.0065
v 0.00179649 0.00173856 0.0065
v 0.00128531 0.00214429 0.0065
v 0.00068653 0.00240389 0.0065
v 4.096E-05 0.00249966 0.0065
v -0.00060739 0.00242509 0.0065
v -0.00121436 0.00218525 0.0065
v -0.00173856 0.00179649 0.0065
v -0.00214429 0.00128531 0.0065
v -0.00240389 0.00068653 0.0065
v -0.00249966 4.096E-05 0.0065
v 0.00250368 0.00299025 0.0065
v 0.00307068 0.00240436 0.0065
v 0.00350347 0.00171339 0.0065
v 0.00378314 0.00094753 0.0065
v -0.00133779 0.00366338 0.0065
v -0.0005469 0.00386146 0.0065
v 0.0002679 0.00389079 0.0065
v 0.00107098 0.00375007 0.0065
v 0.00182726 0.00344545 0.0065
v -0.00384147 0.00067313 0.0065
v -0.00361757 0.00145711 0.0065
v -0.00323557 0.0021774 0.0065
v -0.00271216 0.00280253 0.0065
v -0.00207021 0.00330518 0.0065
v -0.00250368 -0.00299025 0.0065
v -0.00307068 -0.00240436 0.0065
v -0.00350347 -0.00171339 0.0065
v -0.00378314 -0.00094753 0.0065
v -0.00389748 -0.00014027 0.0065
v 0.00133779 -0.00366338 0.0065
v 0.0005469 -0.00386146 0.0065
v -0.0002679 -0.00389079 0.0065
v -0.00107098 -0.00375007 0.0065
v -0.00182726 -0.00344545 0.0065
v 0.00389748 0.00014027 0.0065
v 0.00384147 -0.00067313 0.0065
v 0.00361757 -0.00145711 0.0065
v 0.00323557 -0.0021774 0.0065
v 0.00271216 -0.00280253 0.0065
v 0.00207021 -0.00330518 0.0065
v 0.00338407 0.00368077 0.0055
v 0.00183464 0.00169826 0.0055
v 0.00141074 0.00206393 0.0055
v 0.00037553 0.00247163 0.0055
v 0.00128591 0.00483181 0.0055
v 0.00091611 0.0023261 0.0055
v 0.00204434 0.00456297 0.0055
v 0.00274982 0.00417594 0.0055
v -0.00124744 0.00216654 0.0055
v -0.00187466 0.00463526 0.0055
v -0.00073406 0.0023898 0.0055
v -0.00110684 0.00487595 0.0055
v -0.00018388 0.00249323 0.0055
v -0.00031035 0.00499036 0.0055
v 0.00049418 0.00497552 0.0055
v -0.00206393 0.00141074 0.0055
v -0.00381404 0.00323312 0.0055
v -0.00169826 0.00183464 0.0055
v -0.00324602 0.00380307 0.0055
v -0.00259393 0.00427452 0.0055
v 0.0023898 0.00073406 0.0055
v 0.00491657 0.0009096 0.0055
v 0.00249323 0.00018388 0.0055
v 0.00499881 0.00010915 0.0055
v 0.00247163 -0.00037553 0.0055
v 0.00495158 -0.00069413 0.0055
v 0.0023261 -0.00091611 0.0055
v -0.00249323 -0.00018388 0.0055
v -0.00499138 0.00029344 0.0055
v -0.00247163 0.00037553 0.0055
v -0.00487967 0.00109031 0.0055
v -0.0023261 0.00091611 0.0055
v -0.00464159 0.00185895 0.0055
v -0.00428328 0.00257944 0.0055
v -0.00091611 -0.0023261 0.0055
v -0.00240487 -0.00438367 0.0055
v -0.00141074 -0.00206393 0.0055
v -0.00307692 -0.00394114 0.0055
v -0.00183464 -0.00169826 0.0055
v -0.00366928 -0.00339653 0.0055
v -0.00216654 -0.00124744 0.0055
v 0.00366928 0.00339653 0.0055
v 0.00393069 0.00309026 0.0055
v 0.00216654 0.00124744 0.0055
v 0.0043755 0.00241971 0.0055
v 0.00470699 0.0016865 0.0055
v -0.0041666 -0.00276395 0.0055
v -0.00455602 -0.00205978 0.0055
v -0.0023898 -0.00073406 0.0055
v -0.00482743 -0.00130227 0.0055
v -0.00497382 -0.00051104 0.0055
v 0.00018388 -0.00249323 0.0055
v -9.222E-05 -0.00499915 0.0055
v -0.00037553 -0.00247163 0.0055
v -0.00089294 -0.00491962 0.0055
v -0.00167054 -0.00471267 0.0055
v 0.00169826 -0.00183464 0.0055
v 0.00292948 -0.00405193 0.0055
v 0.00124744 -0.00216654 0.0055
v 0.00224157 -0.00446938 0.0055
v 0.00073406 -0.0023898 0.0055
v 0.0014956 -0.00477108 0.0055
v 0.0007109 -0.0049492 0.0055
v 0.00477612 -0.00147943 0.0055
v 0.00447695 -0.00222641 0.0055
v 0.00206393 -0.00141074 0.0055
v 0.00406183 -0.00291573 0.0055
v 0.00354152 -0.00352954 0.0055
v -0.0023898 -0.00073406 0.0065
v -0.00455602 -0.00205978 0.0065
v -0.00216654 -0.00124744 0.0065
v -0.0041666 -0.00276395 0.0065
v -0.00183464 -0.00169826 0.0065
v -0.00366928 -0.00339653 0.0065
v -0.00141074 -0.00206393 0.0065
v 0.00206393 -0.00141074 0.0065
v 0.00447695 -0.00222641 0.0065
v 0.0023261 -0.00091611 0.0065
v 0.00477612 -0.00147943 0.0065
v 0.00247163 -0.00037553 0.0065
v 0.00495158 -0.00069413 0.0065
v 0.00249323 0.00018388 0.0065
v -0.00169826 0.00183464 0.0065
v -0.00381404 0.00323312 0.0065
v -0.00206393 0.00141074 0.0065
v -0.00428328 0.00257944 0.0065
v -0.0023261 0.00091611 0.0065
v -0.00464159 0.00185895 0.0065
v -0.00247163 0.00037553 0.0065
v 0.00091611 0.0023261 0.0065
v 0.00128591 0.00483181 0.0065
v 0.00037553 0.00247163 0.0065
v 0.00049418 0.00497552 0.0065
v -0.00018388 0.00249323 0.0065
v -0.00031035 0.00499036 0.0065
v -0.00073406 0.0023898 0.0065
v -0.00307692 -0.00394114 0.0065
v -0.00240487 -0.00438367 0.0065
v -0.00091611 -0.0023261 0.0065
v -0.00167054 -0.00471267 0.0065
v -0.00037553 -0.00247163 0.0065
v -0.00487967 0.00109031 0.0065
v -0.00499138 0.00029344 0.0065
v -0.00249323 -0.00018388 0.0065
v -0.00497382 -0.00051104 0.0065
v -0.00482743 -0.00130227 0.0065
v 0.00124744 -0.00216654 0.0065
v 0.00292948 -0.00405193 0.0065
v 0.00169826 -0.00183464 0.0065
v 0.00354152 -0.00352954 0.0065
v 0.00406183 -0.00291573 0.0065
v -0.00089294 -0.00491962 0.0065
v -9.222E-05 -0.00499915 0.0065
v 0.00018388 -0.00249323 0.0065
v 0.0007109 -0.0049492 0.0065
v 0.00073406 -0.0023898 0.0065
v 0.0014956 -0.00477108 0.0065
v 0.00224157 -0.00446938 0.0065
v -0.00110684 0.00487595 0.0065
v -0.00187466 0.00463526 0.0065
v -0.00124744 0.00216654 0.0065
v -0.00259393 0.00427452 0.0065
v -0.00324602 0.00380307 0.0065
v 0.00183464 0.00169826 0.0065
v 0.00338407 0.00368077 0.0065
v 0.00141074 0.00206393 0.0065
v 0.00274982 0.00417594 0.0065
v 0.00204434 0.00456297 0.0065
v 0.00216654 0.00124744 0.0065
v 0.00393069 0.00309026 0.0065
v 0.00366928 0.00339653 0.0065
v 0.00499881 0.00010915 0.0065
v 0.00491657 0.0009096 0.0065
v 0.0023898 0.00073406 0.0065
v 0.00470699 0.0016865 0.0065
v 0.0043755 0.00241971 0.0065
vn -0 0 -1
vn -0 0 -1
vn -0.73174 -0.48357 0.48034
vn -0.76961 -0.42398 0.47743
vn -0.68978 -0.54273 0.47921
vn -0.6872 -0.54819 0.47671
vn -0.64082 -0.59885 0.48033
vn -0.58957 -0.65015 0.47927
vn -0.58491 -0.65672 0.47603
vn -0.53196 -0.69735 0.48033
vn -0.47285 -0.73936 0.47934
vn -0.4657 -0.74641 0.47539
vn -0.40819 -0.77632 0.48032
vn -0.34289 -0.80784 0.4794
vn -0.33297 -0.81468 0.47479
vn -0.27299 -0.83354 0.48031
vn -0.20333 -0.85369 0.47945
vn -0.19057 -0.85952 0.47424
vn -0.13013 -0.8674 0.4803
vn -0.05809 -0.87561 0.47951
vn -0.04258 -0.87964 0.47373
vn 0.01637 -0.87696 0.48028
vn 0.08877 -0.873 0.47957
vn 0.10672 -0.87443 0.47327
vn 0.16242 -0.86195 0.48027
vn 0.23314 -0.84594 0.47962
vn 0.25303 -0.84403 0.47285
vn 0.30392 -0.8228 0.48025
vn 0.37096 -0.79518 0.47967
vn 0.39212 -0.78931 0.47247
vn 0.43691 -0.76059 0.48023
vn 0.49838 -0.72214 0.47972
vn 0.51998 -0.71183 0.47214
vn 0.55766 -0.67707 0.48021
vn 0.61183 -0.62888 0.47976
vn 0.63291 -0.61382 0.47185
vn 0.66279 -0.57457 0.48019
vn 0.70814 -0.518 0.47981
vn 0.72765 -0.4981 0.47161
vn 0.74935 -0.45598 0.48016
vn 0.7846 -0.39262 0.47985
vn 0.80146 -0.36801 0.47141
vn 0.81492 -0.32461 0.48013
vn 0.83907 -0.25624 0.4799
vn 0.85221 -0.22729 0.47125
vn 0.85767 -0.18413 0.48011
vn 0.87004 -0.11269 0.47993
vn 0.87842 -0.08 0.47114
vn 0.87638 -0.0385 0.48007
vn 0.87662 0.03401 0.47997
vn 0.87934 0.06961 0.47108
vn 0.87054 0.10822 0.48004
vn 0.85865 0.17975 0.48001
vn 0.85494 0.21722 0.47105
vn 0.84032 0.25192 0.48001
vn 0.80201 0.35683 0.47901
vn 0.79503 0.39275 0.46225
vn 0.81662 0.32044 0.48004
vn 0.63732 0.60363 0.47901
vn 0.6209 0.63169 0.46416
vn 0.66576 0.5712 0.48011
vn 0.73017 0.48724 0.47901
vn 0.71798 0.51957 0.46321
vn 0.75172 0.45216 0.48007
vn 0.39982 0.78147 0.47901
vn 0.37815 0.79987 0.46607
vn 0.44082 0.75837 0.48016
vn 0.52614 0.70266 0.47901
vn 0.50656 0.72599 0.46512
vn 0.56115 0.67423 0.48013
vn 0.11665 0.87003 0.47901
vn 0.09391 0.87875 0.46796
vn 0.16684 0.86114 0.48021
vn 0.262 0.8378 0.47901
vn 0.2393 0.85125 0.46701
vn 0.30814 0.82126 0.48019
vn -0.17986 0.85919 0.47901
vn -0.20013 0.85977 0.46983
vn -0.12569 0.86808 0.48025
vn -0.03207 0.87722 0.47901
vn -0.05395 0.8816 0.4689
vn 0.02087 0.87689 0.48023
vn -0.45581 0.75019 0.47901
vn -0.47126 0.74526 0.47169
vn -0.40422 0.77842 0.48028
vn -0.32247 0.81643 0.47901
vn -0.34054 0.81389 0.47076
vn -0.26872 0.83495 0.48027
vn -0.67969 0.55549 0.47901
vn -0.6894 0.54817 0.47354
vn -0.63776 0.60214 0.48031
vn -0.57604 0.66237 0.47901
vn -0.58864 0.65585 0.47262
vn -0.52839 0.70009 0.4803
vn -0.82592 0.29732 0.47901
vn -0.83041 0.29058 0.47538
vn -0.80032 0.35886 0.48033
vn -0.7638 0.43263 0.47901
vn -0.77074 0.42526 0.47446
vn -0.72925 0.48732 0.48032
vn -0.87779 0.00519 0.47901
vn -0.87879 0.00127 0.4772
vn -0.87382 0.07564 0.48034
vn -0.86429 0.15347 0.47901
vn -0.86676 0.14792 0.47629
vn -0.84896 0.22034 0.48033
vn -0.77068 -0.42009 0.47915
vn -0.80214 -0.35474 0.48034
vn -0.8298 -0.28768 0.4782
vn -0.82999 -0.28567 0.47908
vn -0.86605 -0.14323 0.47901
vn -0.86621 -0.14525 0.47811
vn -0.87419 -0.07117 0.48034
vn 0.85394 -0.03751 -0.51902
vn 0.85934 0.00068 -0.51141
vn 0.84777 -0.10981 -0.51888
vn 0.84768 -0.14077 -0.51148
vn 0.8357 -0.17942 -0.51905
vn 0.8176 -0.24968 -0.51883
vn 0.81289 -0.27835 -0.5116
vn 0.79405 -0.31629 -0.51908
vn 0.76452 -0.38257 -0.51879
vn 0.7559 -0.4083 -0.51176
vn 0.73016 -0.4443 -0.51911
vn 0.69002 -0.50475 -0.51875
vn 0.6783 -0.52708 -0.51195
vn 0.64581 -0.55985 -0.51913
vn 0.59618 -0.61279 -0.5187
vn 0.5822 -0.63144 -0.51219
vn 0.54337 -0.65972 -0.51916
vn 0.48564 -0.70367 -0.51865
vn 0.47024 -0.71851 -0.51246
vn 0.42571 -0.7411 -0.51918
vn 0.36147 -0.77485 -0.5186
vn 0.34549 -0.78594 -0.51277
vn 0.29613 -0.80171 -0.5192
vn 0.22718 -0.82432 -0.51855
vn 0.21136 -0.83189 -0.51312
vn 0.15826 -0.83986 -0.51922
vn 0.0865 -0.85069 -0.5185
vn 0.07153 -0.8551 -0.51351
vn 0.01595 -0.85448 -0.51923
vn -0.05661 -0.85324 -0.51844
vn -0.07017 -0.85495 -0.51394
vn -0.1268 -0.84517 -0.51925
vn -0.19814 -0.83188 -0.51838
vn -0.20986 -0.83147 -0.5144
vn -0.26599 -0.81217 -0.51926
vn -0.33413 -0.78721 -0.51832
vn -0.34373 -0.78531 -0.51491
vn -0.39773 -0.75642 -0.51927
vn -0.46078 -0.72048 -0.51826
vn -0.46813 -0.71775 -0.51545
vn -0.51833 -0.67948 -0.51928
vn -0.57452 -0.63356 -0.5182
vn -0.57964 -0.63066 -0.51603
vn -0.6244 -0.5835 -0.51928
vn -0.67218 -0.52888 -0.51813
vn -0.67525 -0.52642 -0.51665
vn -0.71298 -0.47117 -0.51929
vn -0.75102 -0.40937 -0.51807
vn -0.75233 -0.40791 -0.5173
vn -0.78158 -0.34565 -0.51929
vn -0.80882 -0.27838 -0.518
vn -0.80882 -0.27838 -0.518
vn -0.84361 -0.14146 -0.518
vn -0.84361 -0.14146 -0.518
vn -0.85538 -0.00067 -0.518
vn -0.85586 0.00124 -0.51721
vn -0.85178 -0.06934 -0.51929
vn -0.80925 0.2771 -0.518
vn -0.80872 0.28299 -0.51564
vn -0.8272 0.21469 -0.51928
vn -0.84383 0.14013 -0.518
vn -0.84413 0.14406 -0.51643
vn -0.85141 0.0737 -0.51929
vn -0.67543 0.52485 -0.518
vn -0.67139 0.53385 -0.51405
vn -0.71056 0.47483 -0.51927
vn -0.75261 0.40652 -0.518
vn -0.75061 0.41415 -0.51484
vn -0.7798 0.34966 -0.51928
vn -0.46841 0.71573 -0.518
vn -0.45895 0.72579 -0.51244
vn -0.51485 0.68214 -0.51925
vn -0.57983 0.62887 -0.518
vn -0.57326 0.63871 -0.51325
vn -0.62141 0.5867 -0.51926
vn -0.21064 0.82904 -0.518
vn -0.1949 0.8373 -0.51083
vn -0.26183 0.81355 -0.51922
vn -0.34422 0.78307 -0.518
vn -0.33164 0.79262 -0.51164
vn -0.39386 0.75847 -0.51923
vn 0.06997 0.85252 -0.518
vn 0.09145 0.85578 -0.5092
vn 0.02033 0.85442 -0.51918
vn -0.07131 0.85241 -0.518
vn -0.05254 0.85856 -0.51002
vn -0.12247 0.84583 -0.5192
vn 0.34299 0.78361 -0.518
vn 0.36826 0.77895 -0.50756
vn 0.30025 0.80022 -0.51913
vn 0.20933 0.82937 -0.518
vn 0.23305 0.829 -0.50838
vn 0.16256 0.83908 -0.51916
vn 0.57884 0.62978 -0.518
vn 0.60467 0.61517 -0.5059
vn 0.54677 0.65696 -0.51908
vn 0.46729 0.71647 -0.518
vn 0.49331 0.70701 -0.50673
vn 0.42953 0.73894 -0.51911
vn 0.75197 0.40771 -0.518
vn 0.77424 0.38248 -0.50424
vn 0.73247 0.44058 -0.51902
vn 0.6746 0.52592 -0.518
vn 0.6992 0.50598 -0.50507
vn 0.64871 0.55657 -0.51905
vn 0.85418 0.03314 -0.51891
vn 0.84825 0.10545 -0.51899
vn 0.84753 0.14211 -0.51137
vn 0.83667 0.17514 -0.51895
vn 0.80882 0.27838 -0.518
vn 0.82766 0.24812 -0.5034
vn 0.79571 0.31224 -0.51899
vn 0.08345 0.66696 0.74041
vn 0.66737 0.07948 0.74047
vn 0.23771 -0.62858 0.74053
vn -0.47667 -0.47385 0.74044
vn -0.59174 -0.32084 0.73953
vn -0.59007 -0.32956 0.73702
vn -0.53086 -0.41386 0.73953
vn -0.52463 -0.43056 0.73443
vn -0.55287 -0.38195 0.74057
vn -0.44204 -0.51879 0.73175
vn -0.4555 -0.49559 0.73953
vn -0.38542 -0.55088 0.74026
vn -0.36973 -0.56689 0.73616
vn -0.33848 -0.58059 0.7405
vn -0.28198 -0.61062 0.74002
vn -0.27104 -0.61923 0.73695
vn -0.23037 -0.63121 0.74061
vn -0.16957 -0.65119 0.73973
vn -0.16504 -0.65389 0.73837
vn -0.11504 -0.66195 0.74067
vn -0.05506 -0.67087 0.73953
vn -0.05506 -0.67087 0.73953
vn 0.16576 -0.65239 0.73953
vn 0.17819 -0.65311 0.736
vn 0.12272 -0.66062 0.74063
vn 0.05611 -0.67078 0.73953
vn 0.05957 -0.67157 0.73854
vn 0.0039 -0.67185 0.74067
vn 0.29216 -0.61385 0.73337
vn 0.27088 -0.61621 0.73953
vn 0.34526 -0.57675 0.74037
vn 0.37072 -0.56645 0.73601
vn 0.39169 -0.54624 0.74041
vn 0.44201 -0.50673 0.74017
vn 0.45861 -0.49739 0.7364
vn 0.48205 -0.4682 0.74055
vn 0.52492 -0.4207 0.73991
vn 0.53332 -0.41443 0.73744
vn 0.5572 -0.37547 0.74064
vn 0.59138 -0.32135 0.7396
vn 0.59264 -0.32012 0.73912
vn 0.61481 -0.27094 0.74068
vn 0.63682 -0.21806 0.73953
vn 0.63682 -0.21806 0.73953
vn 0.67312 0.00053 0.73953
vn 0.67793 0.01582 0.73496
vn 0.67077 -0.03985 0.74059
vn 0.66403 -0.11027 0.73953
vn 0.66726 -0.10395 0.73753
vn 0.65306 -0.15789 0.74066
vn 0.66725 0.1361 0.73229
vn 0.66385 0.11132 0.73953
vn 0.64296 0.19636 0.7403
vn 0.64004 0.22029 0.73608
vn 0.62437 0.24872 0.74047
vn 0.59829 0.30714 0.74007
vn 0.59443 0.32229 0.73674
vn 0.5704 0.3552 0.74059
vn 0.53475 0.40834 0.73979
vn 0.53215 0.41487 0.73804
vn 0.4985 0.45047 0.74066
vn 0.4555 0.49559 0.73953
vn 0.4555 0.49559 0.73953
vn 0.36772 0.5638 0.73953
vn 0.3666 0.56518 0.73904
vn 0.41092 0.53155 0.74068
vn 0.16473 0.65265 0.73953
vn 0.14802 0.66293 0.7339
vn 0.2001 0.64152 0.74055
vn 0.2699 0.61664 0.73953
vn 0.26188 0.62367 0.73651
vn 0.3104 0.59591 0.74064
vn 0.02851 0.68156 0.7312
vn 0.05506 0.67087 0.73953
vn -0.03589 0.67141 0.74021
vn -0.05641 0.67434 0.73627
vn -0.09116 0.66582 0.74053
vn -0.15418 0.65473 0.73997
vn -0.16639 0.65489 0.73718
vn -0.2075 0.63908 0.74063
vn -0.26773 0.61743 0.73967
vn -0.27123 0.61701 0.73873
vn -0.31728 0.59223 0.74067
vn -0.36861 0.56322 0.73953
vn -0.36861 0.56322 0.73953
vn -0.53151 0.41302 0.73953
vn -0.54323 0.40493 0.73548
vn -0.50373 0.44469 0.74061
vn -0.45628 0.49487 0.73953
vn -0.46111 0.49263 0.73804
vn -0.41706 0.52676 0.74067
vn -0.64044 0.2193 0.73603
vn -0.62735 0.24151 0.74034
vn -0.59224 0.3199 0.73953
vn -0.60887 0.3037 0.73283
vn -0.57457 0.34861 0.7405
vn -0.66724 0.1108 0.73655
vn -0.66042 0.12675 0.74012
vn -0.64504 0.18885 0.74044
vn -0.61165 -0.27806 0.74065
vn -0.63648 -0.21906 0.73953
vn -0.63648 -0.21906 0.73953
vn -0.66385 -0.11132 0.73953
vn -0.66385 -0.11132 0.73953
vn -0.6702 -0.04762 0.74065
vn -0.6751 -0.00053 0.73773
vn -0.67272 0.0079 0.73985
vn -0.66814 0.07172 0.74057
vn -0.94133 -0.33723 0.01324
vn -0.91034 -0.41385 0
vn -0.87306 -0.48761 0
vn -0.86035 -0.5092 0.02247
vn -0.82276 -0.5684 0
vn -0.77301 -0.6344 0
vn -0.74834 -0.66274 0.02768
vn -0.7092 -0.705 0
vn -0.64856 -0.76116 0
vn -0.60937 -0.79236 0.02889
vn -0.57327 -0.81936 0
vn -0.50365 -0.86391 0
vn -0.44844 -0.89343 0.02608
vn -0.252 -0.96773 0
vn -0.27129 -0.9623 0.01926
vn -0.34285 -0.93939 0
vn -0.41925 -0.90787 0
vn -0.17123 -0.98523 0
vn -0.08179 -0.99661 0.00866
vn -0.08429 -0.99642 0.00578
vn 0.0058 -0.99998 0
vn 0.08836 -0.99609 0
vn 0.10579 -0.99424 0.01741
vn 0.18264 -0.98318 0
vn 0.26321 -0.96474 0
vn 0.292 -0.95609 0.02504
vn 0.35372 -0.93535 0
vn 0.42975 -0.90295 0
vn 0.46762 -0.88347 0.02865
vn 0.51364 -0.85801 0
vn 0.58274 -0.81266 -0
vn 0.62637 -0.77901 0.02825
vn 0.65735 -0.75359 -0
vn 0.71733 -0.69673 -0
vn 0.76257 -0.64647 0.02383
vn 0.87866 -0.47746 -0
vn 0.87128 -0.49055 0.01541
vn 0.82929 -0.55882 -0
vn 0.78031 -0.62539 -0
vn 0.91508 -0.40327 -0
vn 0.94607 -0.32395 0.00273
vn 0.94842 -0.31682 0.01091
vn 0.972 -0.23499 -0
vn 0.98808 -0.15392 -0
vn 0.99108 -0.13158 0.02094
vn 0.99824 -0.0593 -0
vn 0.99973 0.02333 -0
vn 0.99793 0.05835 0.02696
vn 0.99298 0.11826 -0
vn 0.97983 0.19985 -0
vn 0.9688 0.24615 0.02897
vn 0.95639 0.29209 -0
vn 0.929 0.37007 -0
vn 0.90476 0.42507 0.02696
vn 0.79478 0.6069 -0
vn 0.80808 0.5887 0.02094
vn 0.84887 0.52861 -0
vn 0.88962 0.4567 -0
vn 0.74195 0.67046 -0
vn 0.67665 0.73621 0.01187
vn 0.68221 0.73115 0.00297
vn 0.61161 0.79116 -0
vn 0.54419 0.83896 -0
vn 0.53145 0.84695 0.01541
vn 0.46197 0.88689 -0
vn 0.38716 0.92201 -0
vn 0.3615 0.93207 0.02383
vn 0.29776 0.95464 -0
vn 0.21791 0.97597 -0
vn 0.17855 0.98352 0.02825
vn 0.12415 0.99226 -0
vn 0.04179 0.99913 -0
vn -0.0108 0.99953 0.02865
vn -0.05337 0.99857 -0
vn -0.13565 0.99076 -0
vn -0.19979 0.97952 0.02504
vn -0.39783 0.91746 -0
vn -0.38162 0.92416 0.01741
vn -0.30881 0.95112 -0
vn -0.22922 0.97338 -0
vn -0.47223 0.88147 -0
vn -0.5476 0.83672 0.00562
vn -0.54968 0.83533 0.00842
vn -0.62074 0.78401 0
vn -0.68337 0.73007 0
vn -0.69773 0.7161 0.01926
vn -0.74967 0.66181 0
vn -0.80176 0.59764 0
vn -0.82052 0.57102 0.02608
vn -0.85494 0.51872 0
vn -0.89486 0.44635 0
vn -0.91369 0.40539 0.02889
vn -0.93323 0.35927 0
vn -0.95971 0.28098 0
vn -0.97393 0.22515 0.02768
vn -0.98208 0.18848 0
vn -0.99429 0.10673 0
vn -0.99907 0.03677 0.02247
vn -0.99993 0.01174 0
vn -0.99749 -0.07088 0
vn -0.98814 -0.15299 0.01324
vn -0.98623 -0.16537 0
vn -0.94556 -0.32545 0
vn 0 -0 1
vn 0 -0 1
vn 0.99992 -0.01299 -0
vn 0.85946 -0.51121 -0
vn 0.48871 -0.87245 0
vn -0.01299 -0.99992 0
vn -0.51121 -0.85946 0
vn -0.87245 -0.48871 0
vn -0.99992 0.01299 0
vn -0.85946 0.51121 0
vn -0.48871 0.87245 -0
vn 0.01299 0.99992 -0
vn 0.51121 0.85946 -0
vn 0.87245 0.48871 -0
vn 0.63171 0.219 -0.74362
vn 0.58562 0.32261 -0.74362
vn 0.602 0.29907 -0.74038
vn 0.62519 0.24694 -0.74038
vn 0.52267 0.41694 -0.74362
vn 0.5428 0.3965 -0.74038
vn 0.57447 0.34904 -0.74038
vn 0.44469 0.49928 -0.74362
vn 0.46798 0.48253 -0.74038
vn 0.50721 0.44111 -0.74038
vn 0.35391 0.56725 -0.74362
vn 0.3797 0.55468 -0.74038
vn 0.42537 0.52048 -0.74038
vn 0.25296 0.6189 -0.74362
vn 0.28049 0.61087 -0.74038
vn 0.33129 0.58488 -0.74038
vn 0.14472 0.65275 -0.74362
vn 0.17322 0.64949 -0.74038
vn 0.22768 0.63246 -0.74038
vn 0.03233 0.66782 -0.74362
vn 0.06097 0.66942 -0.74038
vn 0.11752 0.66184 -0.74038
vn -0.081 0.66367 -0.74362
vn -0.05304 0.6701 -0.74038
vn 0.00398 0.67218 -0.74038
vn -0.192 0.64044 -0.74362
vn -0.16553 0.65149 -0.74038
vn -0.10968 0.66318 -0.74038
vn -0.29747 0.59878 -0.74362
vn -0.27325 0.61415 -0.74038
vn -0.22018 0.63511 -0.74038
vn -0.39439 0.53989 -0.74362
vn -0.37311 0.55913 -0.74038
vn -0.32435 0.58876 -0.74038
vn -0.47995 0.46548 -0.74362
vn -0.46224 0.48804 -0.74038
vn -0.41918 0.52548 -0.74038
vn -0.55172 0.37767 -0.74362
vn -0.53807 0.4029 -0.74038
vn -0.50196 0.44708 -0.74038
vn -0.60761 0.279 -0.74362
vn -0.59842 0.30617 -0.74038
vn -0.5703 0.35581 -0.74038
vn -0.64602 0.1723 -0.74362
vn -0.64155 0.20063 -0.74038
vn -0.62223 0.25432 -0.74038
vn -0.66584 0.06064 -0.74362
vn -0.66623 0.08932 -0.74038
vn -0.65626 0.1455 -0.74038
vn -0.66651 -0.05276 -0.74362
vn -0.67174 -0.02456 -0.74038
vn -0.67141 0.0325 -0.74038
vn -0.64801 -0.16464 -0.74362
vn -0.65793 -0.13773 -0.74038
vn -0.66724 -0.08144 -0.74038
vn -0.61087 -0.27179 -0.74362
vn -0.62519 -0.24694 -0.74038
vn -0.64388 -0.19303 -0.74038
vn -0.55615 -0.37112 -0.74362
vn -0.57447 -0.34904 -0.74038
vn -0.602 -0.29907 -0.74038
vn -0.48543 -0.45977 -0.74362
vn -0.50721 -0.44111 -0.74038
vn -0.5428 -0.3965 -0.74038
vn -0.40074 -0.53519 -0.74362
vn -0.42537 -0.52048 -0.74038
vn -0.46798 -0.48253 -0.74038
vn -0.30453 -0.59522 -0.74362
vn -0.33129 -0.58488 -0.74038
vn -0.3797 -0.55468 -0.74038
vn -0.19956 -0.63812 -0.74362
vn -0.22768 -0.63246 -0.74038
vn -0.28049 -0.61087 -0.74038
vn -0.08885 -0.66267 -0.74362
vn -0.11752 -0.66184 -0.74038
vn -0.17322 -0.64949 -0.74038
vn 0.02442 -0.66815 -0.74362
vn -0.00398 -0.67218 -0.74038
vn -0.06097 -0.66942 -0.74038
vn 0.13699 -0.65441 -0.74362
vn 0.10968 -0.66318 -0.74038
vn 0.05304 -0.6701 -0.74038
vn 0.24562 -0.62185 -0.74362
vn 0.22018 -0.63511 -0.74038
vn 0.16553 -0.65149 -0.74038
vn 0.34718 -0.5714 -0.74362
vn 0.32435 -0.58876 -0.74038
vn 0.27325 -0.61415 -0.74038
vn 0.43875 -0.5045 -0.74362
vn 0.41918 -0.52548 -0.74038
vn 0.37311 -0.55913 -0.74038
vn 0.5177 -0.4231 -0.74362
vn 0.50196 -0.44708 -0.74038
vn 0.46224 -0.48804 -0.74038
vn 0.58176 -0.32952 -0.74362
vn 0.5703 -0.35581 -0.74038
vn 0.53807 -0.4029 -0.74038
vn 0.62908 -0.22646 -0.74362
vn 0.62223 -0.25432 -0.74038
vn 0.59842 -0.30617 -0.74038
vn 0.6583 -0.11689 -0.74362
vn 0.65626 -0.1455 -0.74038
vn 0.64155 -0.20063 -0.74038
vn 0.66859 -0.00395 -0.74362
vn 0.67141 -0.0325 -0.74038
vn 0.66623 -0.08932 -0.74038
vn 0.64388 0.19303 -0.74038
vn 0.65793 0.13773 -0.74038
vn 0.65964 0.10909 -0.74362
vn 0.66724 0.08144 -0.74038
vn 0.67174 0.02456 -0.74038
vn -0.79503 -0.31402 0.51895
vn -0.79503 -0.31402 0.51895
vn -0.76554 -0.38032 0.51895
vn -0.76554 -0.38031 0.51895
vn -0.73053 -0.44387 0.51895
vn -0.73053 -0.44387 0.51895
vn -0.69025 -0.50422 0.51895
vn -0.69025 -0.50422 0.51895
vn -0.64501 -0.56094 0.51895
vn -0.64501 -0.56094 0.51895
vn -0.59511 -0.61362 0.51895
vn -0.59511 -0.61362 0.51895
vn -0.54093 -0.66188 0.51895
vn -0.54093 -0.66188 0.51895
vn -0.48285 -0.70537 0.51895
vn -0.48285 -0.70537 0.51895
vn -0.42129 -0.74378 0.51895
vn -0.42129 -0.74378 0.51895
vn -0.3567 -0.77683 0.51895
vn -0.3567 -0.77683 0.51895
vn -0.28953 -0.80428 0.51895
vn -0.28953 -0.80428 0.51895
vn -0.22028 -0.82593 0.51895
vn -0.22028 -0.82593 0.51895
vn -0.14944 -0.84164 0.51895
vn -0.14944 -0.84164 0.51895
vn -0.07753 -0.85128 0.51895
vn -0.07753 -0.85128 0.51895
vn -0.00506 -0.85479 0.51895
vn -0.00506 -0.85479 0.51895
vn 0.06745 -0.85214 0.51895
vn 0.06745 -0.85214 0.51895
vn 0.13948 -0.84335 0.51895
vn 0.13948 -0.84335 0.51895
vn 0.2105 -0.82848 0.51895
vn 0.28 -0.80765 0.51895
vn 0.28 -0.80765 0.51895
vn 0.34748 -0.78099 0.51895
vn 0.34748 -0.78099 0.51895
vn 0.41246 -0.74871 0.51895
vn 0.41246 -0.74871 0.51895
vn 0.47447 -0.71103 0.51895
vn 0.47447 -0.71103 0.51895
vn 0.53306 -0.66823 0.51895
vn 0.53306 -0.66823 0.51895
vn 0.58781 -0.62062 0.51895
vn 0.58781 -0.62062 0.51895
vn 0.63833 -0.56853 0.51895
vn 0.63833 -0.56853 0.51895
vn 0.68424 -0.51235 0.51895
vn 0.68424 -0.51235 0.51895
vn 0.72523 -0.45248 0.51895
vn 0.72523 -0.45248 0.51895
vn 0.76099 -0.38934 0.51895
vn 0.76099 -0.38934 0.51895
vn 0.79126 -0.32341 0.51895
vn 0.79126 -0.32341 0.51895
vn 0.81584 -0.25514 0.51895
vn 0.81584 -0.25514 0.51895
vn 0.83454 -0.18503 0.51895
vn 0.83454 -0.18503 0.51895
vn 0.84722 -0.11359 0.51895
vn 0.84722 -0.11359 0.51895
vn 0.8538 -0.04133 0.51895
vn 0.8538 -0.04133 0.51895
vn 0.85423 0.03123 0.51895
vn 0.85423 0.03123 0.51895
vn 0.84851 0.10356 0.51895
vn 0.84851 0.10356 0.51895
vn 0.83667 0.17514 0.51895
vn 0.83667 0.17514 0.51895
vn 0.8188 0.24547 0.51895
vn 0.8188 0.24547 0.51895
vn 0.79503 0.31402 0.51895
vn 0.79503 0.31402 0.51895
vn 0.76554 0.38032 0.51895
vn 0.76554 0.38031 0.51895
vn 0.73053 0.44387 0.51895
vn 0.73053 0.44387 0.51895
vn 0.69025 0.50422 0.51895
vn 0.69025 0.50422 0.51895
vn 0.64501 0.56094 0.51895
vn 0.64501 0.56094 0.51895
vn 0.59511 0.61362 0.51895
vn 0.59511 0.61362 0.51895
vn 0.54093 0.66188 0.51895
vn 0.54093 0.66188 0.51895
vn 0.48285 0.70537 0.51895
vn 0.48285 0.70537 0.51895
vn 0.42129 0.74378 0.51895
vn 0.42129 0.74378 0.51895
vn 0.3567 0.77683 0.51895
vn 0.3567 0.77683 0.51895
vn 0.28953 0.80428 0.51895
vn 0.28953 0.80428 0.51895
vn 0.22028 0.82593 0.51895
vn 0.22028 0.82593 0.51895
vn 0.14944 0.84164 0.51895
vn 0.14944 0.84164 0.51895
vn 0.07753 0.85128 0.51895
vn 0.07753 0.85128 0.51895
vn 0.00506 0.85479 0.51895
vn 0.00506 0.85479 0.51895
vn -0.06745 0.85214 0.51895
vn -0.06745 0.85214 0.51895
vn -0.13948 0.84335 0.51895
vn -0.13948 0.84335 0.51895
vn -0.2105 0.82848 0.51895
vn -0.28 0.80765 0.51895
vn -0.28 0.80765 0.51895
vn -0.34748 0.78099 0.51895
vn -0.34748 0.78099 0.51895
vn -0.41246 0.74871 0.51895
vn -0.41246 0.74871 0.51895
vn -0.47447 0.71103 0.51895
vn -0.47447 0.71103 0.51895
vn -0.53306 0.66823 0.51895
vn -0.53306 0.66823 0.51895
vn -0.58781 0.62062 0.51895
vn -0.58781 0.62062 0.51895
vn -0.63833 0.56853 0.51895
vn -0.63833 0.56853 0.51895
vn -0.68424 0.51235 0.51895
vn -0.68424 0.51235 0.51895
vn -0.72523 0.45248 0.51895
vn -0.72523 0.45248 0.51895
vn -0.76099 0.38934 0.51895
vn -0.76099 0.38934 0.51895
vn -0.79126 0.32341 0.51895
vn -0.79126 0.32341 0.51895
vn -0.81584 0.25514 0.51895
vn -0.81584 0.25514 0.51895
vn -0.83454 0.18503 0.51895
vn -0.83454 0.18503 0.51895
vn -0.84722 0.11359 0.51895
vn -0.84722 0.11359 0.51895
vn -0.8538 0.04133 0.51895
vn -0.8538 0.04133 0.51895
vn -0.85423 -0.03123 0.51895
vn -0.85423 -0.03123 0.51895
vn -0.84851 -0.10356 0.51895
vn -0.84851 -0.10356 0.51895
vn -0.83667 -0.17514 0.51895
vn -0.83667 -0.17514 0.51895
vn -0.8188 -0.24547 0.51895
vn -0.8188 -0.24547 0.51895
vn 0.69781 0.50974 -0.50322
vn 0.66828 0.5331 -0.51886
vn 0.73004 0.44357 -0.51989
vn 0.75239 0.41449 -0.51197
vn 0.76503 0.38006 -0.51989
vn 0.64458 0.56057 -0.51989
vn 0.59471 0.61321 -0.51989
vn 0.57133 0.64146 -0.51197
vn 0.54057 0.66144 -0.51989
vn 0.48253 0.7049 -0.51989
vn 0.4547 0.72879 -0.51197
vn 0.42101 0.74328 -0.51989
vn 0.32343 0.79131 -0.51886
vn 0.3606 0.78533 -0.50322
vn 0.28934 0.80374 -0.51989
vn 0.18504 0.83459 -0.51886
vn 0.22269 0.83497 -0.50322
vn 0.14934 0.84108 -0.51989
vn 0.04133 0.85386 -0.51886
vn 0.07838 0.8606 -0.50322
vn 0.00505 0.85422 -0.51989
vn -0.10356 0.84856 -0.51886
vn -0.06819 0.86147 -0.50322
vn -0.13938 0.84279 -0.51989
vn -0.24548 0.81885 -0.51886
vn -0.2128 0.83755 -0.50322
vn -0.27981 0.80711 -0.51989
vn -0.38034 0.76559 -0.51886
vn -0.35129 0.78954 -0.50322
vn -0.41219 0.74821 -0.51989
vn -0.50425 0.6903 -0.51886
vn -0.47966 0.71881 -0.50322
vn -0.53271 0.66779 -0.51989
vn -0.61366 0.59515 -0.51886
vn -0.59425 0.62741 -0.50322
vn -0.6379 0.56815 -0.51989
vn -0.68378 0.51201 -0.51989
vn -0.70884 0.48522 -0.51197
vn -0.72474 0.45218 -0.51989
vn -0.77687 0.35672 -0.51886
vn -0.76932 0.39361 -0.50322
vn -0.79074 0.32319 -0.51989
vn -0.82599 0.22029 -0.51886
vn -0.82477 0.25793 -0.50322
vn -0.83398 0.18491 -0.51989
vn -0.84666 0.11351 -0.51989
vn -0.85547 0.07791 -0.51197
vn -0.85323 0.0413 -0.51989
vn -0.85219 -0.06746 -0.51886
vn -0.86358 -0.03157 -0.50322
vn -0.84794 -0.10349 -0.51989
vn -0.82853 -0.21051 -0.51886
vn -0.84583 -0.17706 -0.50322
vn -0.81826 -0.2453 -0.51989
vn -0.7945 -0.31381 -0.51989
vn -0.78483 -0.34919 -0.51197
vn -0.76503 -0.38006 -0.51989
vn -0.71108 -0.4745 -0.51886
vn -0.73852 -0.44872 -0.50322
vn -0.68979 -0.50388 -0.51989
vn -0.62066 -0.58785 -0.51886
vn -0.65207 -0.56708 -0.50322
vn -0.59471 -0.61321 -0.51989
vn -0.54057 -0.66144 -0.51989
vn -0.51487 -0.6876 -0.51197
vn -0.48253 -0.7049 -0.51989
vn -0.38937 -0.76104 -0.51886
vn -0.4259 -0.75192 -0.50322
vn -0.35646 -0.77631 -0.51989
vn -0.25515 -0.81589 -0.51886
vn -0.2927 -0.81308 -0.50322
vn -0.22013 -0.82538 -0.51989
vn -0.14934 -0.84108 -0.51989
vn -0.11415 -0.85139 -0.51197
vn -0.07748 -0.85071 -0.51989
vn -0.00505 -0.85422 -0.51989
vn 0.03138 -0.85843 -0.51197
vn 0.06741 -0.85157 -0.51989
vn 0.13938 -0.84279 -0.51989
vn 0.176 -0.84078 -0.51197
vn 0.21035 -0.82793 -0.51989
vn 0.27981 -0.80711 -0.51989
vn 0.31557 -0.79894 -0.51197
vn 0.34725 -0.78047 -0.51989
vn 0.41219 -0.74821 -0.51989
vn 0.44605 -0.73412 -0.51197
vn 0.47415 -0.71056 -0.51989
vn 0.53271 -0.66779 -0.51989
vn 0.5637 -0.64818 -0.51197
vn 0.58742 -0.6202 -0.51989
vn 0.66192 -0.54096 -0.51886
vn 0.64531 -0.57476 -0.50322
vn 0.68378 -0.51201 -0.51989
vn 0.72474 -0.45218 -0.51989
vn 0.74743 -0.42336 -0.51197
vn 0.76048 -0.38908 -0.51989
vn 0.80433 -0.28955 -0.51886
vn 0.79992 -0.32694 -0.50322
vn 0.8153 -0.25497 -0.51989
vn 0.83398 -0.18491 -0.51989
vn 0.84578 -0.15018 -0.51197
vn 0.84666 -0.11351 -0.51989
vn 0.85484 -0.00506 -0.51886
vn 0.86315 -0.04178 -0.50322
vn 0.85366 0.03121 -0.51989
vn 0.84794 0.10349 -0.51989
vn 0.84749 0.14016 -0.51197
vn 0.83611 0.17503 -0.51989
vn 0.8077 0.28001 -0.51886
vn 0.82776 0.24815 -0.50322
vn 0.7945 0.31381 -0.51989
vn 0.99773 0.0674 -0
vn 0.95065 0.31027 -0
vn 0.7984 0.60213 0
vn 0.55963 0.82875 0
vn 0.26021 0.96555 0
vn -0.0674 0.99773 0
vn -0.38771 0.92178 0
vn -0.66601 0.74595 0
vn -0.87213 0.48928 0
vn -0.98374 0.17959 0
vn -0.98875 -0.14956 0
vn -0.88662 -0.46251 -0
vn -0.6884 -0.72533 -0
vn -0.41559 -0.90955 -0
vn -0.09774 -0.99521 -0
vn 0.2307 -0.97302 -0
vn 0.53414 -0.84539 -0
vn 0.7797 -0.62615 -0
vn 0.94077 -0.33906 -0
vn 0.99521 -0.09774 -0
vn 0.99982 -0.01522 0.01154
vn 0 -0 1
vn -0.9777 0.21 0
vn -0.82292 0.56816 0
vn -0.54285 0.83983 0
vn -0.18014 0.98364 0
vn -0.18014 0.98364 0
vn 0.21 0.9777 0
vn 0.21 0.9777 0
vn 0.56816 0.82292 0
vn 0.83983 0.54285 0
vn 0.98364 0.18014 -0
vn 0.9777 -0.21 -0
vn 0.82292 -0.56816 -0
vn 0.54285 -0.83983 -0
vn 0.18014 -0.98364 -0
vn 0.18014 -0.98364 -0
vn -0.21 -0.9777 -0
vn -0.21 -0.9777 -0
vn -0.56816 -0.82292 -0
vn -0.83983 -0.54285 -0
vn -0.98364 -0.18014 0
vn -0.37914 -0.36777 0.84912
vn -0.51222 -0.12893 0.84912
vn 0.36777 -0.37914 0.84912
vn 0.12893 -0.51222 0.84912
vn -0.14446 -0.50806 0.84912
vn 0.37914 0.36777 0.84912
vn 0.51222 0.12893 0.84912
vn 0.50806 -0.14446 0.84912
vn -0.36777 0.37914 0.84912
vn -0.12893 0.51222 0.84912
vn 0.14446 0.50806 0.84912
vn -0.50806 0.14446 0.84912
vn -0.96975 -0.24409 0
vn -0.71779 -0.69626 -0
vn -0.27349 -0.96187 -0
vn -0.27349 -0.96187 -0
vn 0.24409 -0.96975 -0
vn 0.24409 -0.96975 -0
vn 0.69626 -0.71779 -0
vn 0.96187 -0.27349 -0
vn 0.96975 0.24409 -0
vn 0.71779 0.69626 0
vn 0.27349 0.96187 0
vn 0.27349 0.96187 0
vn -0.24409 0.96975 0
vn -0.24409 0.96975 0
vn -0.69626 0.71779 0
vn -0.96187 0.27349 0
vn -0.09298 0.99567 0
vn -0.30484 0.9524 0
vn -0.50245 0.8646 0
vn -0.67657 0.73638 0
vn -0.81905 0.57372 0
vn -0.92324 0.38423 0
vn -0.98425 0.17678 0
vn -0.99924 -0.03893 0
vn -0.96751 -0.25283 0
vn -0.89054 -0.45491 -0
vn -0.77193 -0.63571 -0
vn -0.61722 -0.78679 -0
vn -0.43365 -0.90108 -0
vn -0.22981 -0.97324 -0
vn -0.01522 -0.99988 -0
vn 0.20008 -0.97978 -0
vn 0.40603 -0.91386 -0
vn 0.59299 -0.80521 -0
vn 0.75222 -0.65891 -0
vn 0.87628 -0.4818 -0
vn 0.95937 -0.28216 -0
vn 0.99759 -0.06933 -0
vn 0.98917 0.14674 -0
vn 0.9345 0.35596 0
vn 0.83613 0.54852 0
vn 0.69867 0.71544 0
vn 0.52854 0.84891 0
vn 0.33369 0.94268 0
vn 0.12324 0.99238 0
vn -0.37914 -0.36777 -0.84912
vn -0.14446 -0.50806 -0.84912
vn -0.36777 0.37914 -0.84912
vn -0.50806 0.14446 -0.84912
vn -0.51222 -0.12893 -0.84912
vn 0.37914 0.36777 -0.84912
vn 0.14446 0.50806 -0.84912
vn -0.12893 0.51222 -0.84912
vn 0.36777 -0.37914 -0.84912
vn 0.50806 -0.14446 -0.84912
vn 0.51222 0.12893 -0.84912
vn 0.12893 -0.51222 -0.84912
vn -0.99251 0.12215 0
vn -0.97261 -0.23245 0
vn -0.83002 -0.55773 -0
vn -0.58274 -0.81266 -0
vn -0.26194 -0.96508 -0
vn 0.09189 -0.99577 -0
vn 0.26726 -0.96362 -0
vn 0.29646 0.95504 0
vn 0.12215 0.99251 0
vn -0.23245 0.97261 0
vn -0.55773 0.83002 0
vn -0.81266 0.58274 0
vn -0.96508 0.26194 0
vn -0.99577 -0.09189 0
vn -0.96362 -0.26726 0
vn -0.31236 0.94996 0
vn -0.15065 0.98859 0
vn -0.02639 0.99965 0
vn 0.01522 0.99983 -0.01067
vn 0.0568 0.99839 0
vn 0.18067 0.98354 0
vn 0.34113 0.94002 0
vn 0.95504 -0.29646 -0
vn 0.99251 -0.12215 -0
vn 0.97261 0.23245 -0
vn 0.83002 0.55773 0
vn 0.58274 0.81266 0
vn 0.26194 0.96508 0
vn -0.09189 0.99577 0
vn -0.26726 0.96362 0
vn 0.94996 0.31236 -0
vn 0.98859 0.15065 -0
vn 0.99965 0.02639 -0
vn 0.99983 -0.01522 -0.01067
vn 0.99839 -0.0568 -0
vn 0.98354 -0.18067 -0
vn 0.94002 -0.34113 -0
vn -0.29646 -0.95504 -0
vn -0.12215 -0.99251 -0
vn 0.23245 -0.97261 -0
vn 0.55773 -0.83002 -0
vn 0.81266 -0.58274 -0
vn 0.96508 -0.26194 -0
vn 0.99577 0.09189 -0
vn 0.96362 0.26726 -0
vn 0.31236 -0.94996 -0
vn 0.15065 -0.98859 -0
vn 0.02639 -0.99965 -0
vn -0.01522 -0.99983 -0.01067
vn -0.0568 -0.99839 -0
vn -0.18067 -0.98354 -0
vn -0.34113 -0.94002 -0
vn -0.95504 0.29646 0
vn -0.27349 -0.96187 -0
vn -0.96975 -0.24409 0
vn -0.96187 0.27349 0
vn -0.24409 0.96975 0
vn 0.27349 0.96187 0
vn 0.96975 0.24409 -0
vn 0.96187 -0.27349 -0
vn 0.24409 -0.96975 -0
vn -0.9928 -0.11593 0.03012
vn -0.98859 -0.15065 0
vn -0.9985 -0.05476 0
vn -0.98547 -0.16956 0.00978
vn -0.98668 -0.16245 -0.00834
vn -0.98692 -0.15887 -0.02735
vn -0.9982 0.05987 0.00389
vn -0.99837 0.0568 0.00492
vn -0.99955 0.0299 0
vn -0.99965 -0.02639 0
vn -0.99991 -0.00123 0.01335
vn -0.99956 -0.02947 0.00389
vn -0.98163 0.18884 -0.02732
vn -0.98339 0.18134 0.00732
vn -0.98652 0.16264 0.01832
vn -0.98353 0.18067 0.00539
vn -0.99438 0.10587 0
vn -0.99637 0.08512 0
vn -0.94996 -0.31236 0
vn -0.98649 -0.1638 0
vn -0.99101 -0.13253 0.01832
vn -0.98128 0.19241 -0.00831
vn -0.98067 0.19566 0
vn -0.94002 0.34113 0
vn -0 0 -1
vn 0.88785 0.39834 -0.23033
vn 0.87531 -0.42518 -0.23033
vn 0.84658 -0.40539 -0.3449
vn 0.85224 -0.29914 -0.42919
vn 0.85874 -0.23667 -0.45447
vn 0.85151 -0.2011 -0.48424
vn 0.85486 -0.06916 -0.51423
vn 0.86204 -0.01312 -0.50667
vn 0.85657 0.0431 -0.51423
vn 0.85724 0.17509 -0.48424
vn 0.86555 0.21042 -0.45447
vn 0.86095 0.27306 -0.42919
vn 0.85853 0.37944 -0.3449
vn 0.01328 0.87266 -0.48814
vn 0.01507 0.92372 -0.38277
vn 0.01415 0.99223 -0.12361
vn 0.01509 0.99132 -0.13058
vn 0.01509 0.99133 0.13052
vn 0.01507 0.99131 0.13069
vn 0.01408 0.92378 0.38268
vn 0.01406 0.92371 0.38283
vn 0.01224 0.80418 0.59425
vn 0.00995 0.7934 0.60862
vn 0.01195 0.62285 0.78225
vn -0.01328 -0.87266 -0.48814
vn 0.01222 0.93151 -0.3635
vn 0.01207 0.79326 -0.60876
vn 0.01717 0.75097 -0.66011
vn 0.00644 0.60883 -0.79327
vn 0.00844 0.55464 -0.83205
vn 0.00727 0.47747 -0.87862
vn 0.00766 0.36204 -0.93213
vn 0.00606 0.34675 -0.93794
vn 0.00112 0.11788 -0.99303
vn 0.00165 0.10851 -0.99409
vn -0.00199 -0.13065 -0.99143
vn -0.00357 -0.10848 -0.99409
vn -0.00359 -0.38274 -0.92385
vn -0.00551 -0.36207 -0.93213
vn -0.00844 -0.55464 -0.83205
vn -0.01209 -0.60869 -0.79332
vn -0.0057 -0.75114 -0.66011
vn -0.01207 -0.79322 -0.60882
vn -0.01573 -0.92381 -0.38253
vn -0.01338 -0.93134 -0.36391
vn -0.01593 -0.99133 -0.13041
vn -0.0151 -0.99217 -0.12395
vn -0.01509 -0.99134 0.13043
vn -0.01506 -0.99131 0.13068
vn -0.0141 -0.92381 0.38259
vn -0.01406 -0.92371 0.38282
vn -0.01207 -0.79321 0.60883
vn -0.01474 -0.80422 0.59414
vn -0.00643 -0.60856 0.79348
vn -0.00948 -0.623 0.78217
vn -0.00583 -0.38313 0.92368
vn -0.00575 -0.38262 0.92389
vn -0.00207 -0.13103 0.99138
vn -0.00199 -0.13049 0.99145
vn 0.00179 0.11758 0.99306
vn 0.00359 0.1304 0.99145
vn 0.00385 0.34772 0.93759
vn 0.00856 0.38244 0.92394
vn 0.00728 0.47853 0.87804
vn 0.00927 0.60875 0.7933
vn 0.99697 0.07774 0.00309
vn 0.99778 0.06636 0.00627
vn 0.99987 -0.01522 0.0054
vn 0.99955 -0.02755 0.01187
vn 0.99999 -0.00272 0.00309
vn 0.99754 0.06963 -0.00765
vn 0.99922 0.03058 0.02507
vn 0.99862 0.05086 0.01273
vn 0.99624 0.08667 -0.00134
vn 0.99697 0.07774 -0.00309
vn 0.99778 0.06635 -0.00627
vn 0.99862 0.05086 -0.01273
vn 0.99922 0.03062 -0.02504
vn 0.99924 0.02722 -0.02789
vn 0.99992 -0.00146 -0.01238
vn 0.99171 -0.12531 -0.02843
vn 0.98998 -0.14025 -0.0166
vn 0.98778 -0.15573 -0.00652
vn 0.99964 -0.02654 -0.00351
vn 0.99887 -0.04742 2E-05
vn 0.98985 -0.1421 -0.00013
vn 0.9936 -0.09388 -0.06287
vn 0.99317 -0.10701 -0.04658
vn 0.98778 -0.15574 0.00652
vn 0.98998 -0.14026 0.01659
vn 0.99171 -0.1253 0.02844
vn 0.98248 -0.1839 -0.03038
vn 0.99661 -0.08124 0.01272
vn 0.99499 -0.09996 0.00129
vn 0.99821 -0.05974 -0
vn 0.99888 -0.04736 -0
vn -0.09996 -0.99496 -0.00844
vn -0.1421 -0.98985 -0
vn -0.22553 -0.97424 -0
vn -0.26667 -0.96375 -0.00844
vn -0.30734 -0.9516 -0
vn -0.38694 -0.92211 -0
vn -0.42571 -0.90482 -0.00844
vn -0.46374 -0.88597 -0
vn -0.53721 -0.84345 -0
vn -0.5725 -0.81986 -0.00844
vn -0.6068 -0.79485 -0
vn -0.67202 -0.74053 -0
vn -0.70282 -0.71132 -0.00844
vn -0.7324 -0.68087 -0
vn -0.78751 -0.61631 -0
vn -0.81293 -0.58231 -0.00844
vn -0.83694 -0.5473 -0
vn -0.88034 -0.47435 -0
vn -0.89964 -0.43655 -0.00844
vn -0.91739 -0.39798 -0
vn -0.94784 -0.31875 -0
vn -0.96048 -0.27823 -0.00844
vn -0.97146 -0.23722 0
vn -0.98807 -0.15398 0
vn -0.99368 -0.1119 -0.00844
vn -0.99757 -0.06963 0
vn -0.99988 0.01522 0
vn -0.9983 0.05764 -0.00844
vn -0.99499 0.09996 0
vn -0.98293 0.18398 0
vn -0.9742 0.22553 -0.00844
vn -0.96379 0.26668 0
vn -0.9377 0.34745 0
vn -0.92207 0.38692 -0.00844
vn -0.90485 0.42572 0
vn -0.86549 0.50093 0
vn -0.84342 0.53719 -0.00844
vn -0.81989 0.57252 0
vn -0.76838 0.63999 0
vn -0.7405 0.672 -0.00844
vn -0.71134 0.70285 0
vn -0.64917 0.76064 0
vn -0.61628 0.78748 -0.00844
vn -0.58233 0.81295 0
vn -0.51129 0.85941 0
vn -0.47433 0.8803 -0.00844
vn -0.43656 0.89967 0
vn -0.35869 0.93346 0
vn -0.31874 0.9478 -0.00844
vn -0.27824 0.96051 0
vn -0.19578 0.98065 0
vn -0.15397 0.98804 -0.00844
vn -0.11191 0.99372 0
vn -0.02723 0.99963 0
vn -0.02723 0.99963 0
vn 0.05764 0.99834 0
vn 0.05764 0.99834 0
vn 0.1421 0.98985 0
vn 0.18398 0.98289 -0.00844
vn 0.22553 0.97424 0
vn 0.30734 0.9516 0
vn 0.34744 0.93766 -0.00844
vn 0.38694 0.92211 0
vn 0.46374 0.88597 0
vn 0.50091 0.86546 -0.00844
vn 0.53721 0.84345 0
vn 0.6068 0.79485 0
vn 0.63997 0.76836 -0.00844
vn 0.67202 0.74053 0
vn 0.7324 0.68087 0
vn 0.76061 0.64915 -0.00844
vn 0.78751 0.61631 0
vn 0.83694 0.5473 0
vn 0.85938 0.51127 -0.00844
vn 0.88034 0.47435 0
vn 0.91739 0.39798 0
vn 0.93342 0.35868 -0.00844
vn 0.99624 0.08667 0.00134
vn 0.99547 0.09505 -0
vn 0.98807 0.15398 -0
vn 0.98061 0.19577 -0.00844
vn 0.97146 0.23722 -0
vn 0.94784 0.31875 0
vn 0.98591 -0.1673 -0
vn 0.96379 -0.26668 -0
vn 0.95157 -0.30733 -0.00844
vn 0.9377 -0.34745 -0
vn 0.90485 -0.42572 -0
vn 0.88594 -0.46373 -0.00844
vn 0.86549 -0.50093 -0
vn 0.81989 -0.57252 -0
vn 0.79483 -0.60678 -0.00844
vn 0.76838 -0.63999 -0
vn 0.71134 -0.70285 -0
vn 0.68085 -0.73238 -0.00844
vn 0.64917 -0.76064 -0
vn 0.58233 -0.81295 -0
vn 0.54728 -0.83691 -0.00844
vn 0.51129 -0.85941 -0
vn 0.43656 -0.89967 -0
vn 0.39797 -0.91736 -0.00844
vn 0.35869 -0.93346 -0
vn 0.27824 -0.96051 -0
vn 0.23721 -0.97142 -0.00844
vn 0.19578 -0.98065 -0
vn 0.11191 -0.99372 -0
vn 0.06963 -0.99754 -0.00844
vn 0.02723 -0.99963 -0
vn -0.05764 -0.99834 -0
vn -0.04044 0.57937 0.81406
vn -0.07917 0.70298 0.70679
vn -0.1385 0.69373 0.70679
vn -0.13777 0.5642 0.81406
vn -0.31786 0.48607 0.81406
vn -0.19683 0.67949 0.70679
vn -0.25375 0.66035 0.70679
vn -0.23114 0.5328 0.81406
vn -0.30884 0.63645 0.70679
vn -0.3617 0.60797 0.70679
vn -0.46163 0.35242 0.81406
vn -0.41195 0.5751 0.70679
vn -0.45924 0.5381 0.70679
vn -0.39543 0.42536 0.81406
vn -0.50322 0.49721 0.70679
vn -0.54357 0.45274 0.70679
vn -0.55267 0.1785 0.81406
vn -0.58001 0.40501 0.70679
vn -0.61227 0.35437 0.70679
vn -0.51455 0.26933 0.81406
vn -0.64012 0.30117 0.70679
vn -0.66335 0.2458 0.70679
vn -0.68181 0.18865 0.70679
vn -0.69535 0.13015 0.70679
vn -0.57488 0.08253 0.81406
vn -0.56954 -0.1137 0.81406
vn -0.70388 0.07072 0.70679
vn -0.70734 0.01077 0.70679
vn -0.58056 -0.01581 0.81406
vn -0.70571 -0.04926 0.70679
vn -0.69899 -0.10893 0.70679
vn -0.49912 -0.29694 0.81406
vn -0.68723 -0.16782 0.70679
vn -0.67053 -0.22549 0.70679
vn -0.54213 -0.20832 0.81406
vn -0.64899 -0.28154 0.70679
vn -0.62277 -0.33557 0.70679
vn -0.37169 -0.44626 0.81406
vn -0.59207 -0.38717 0.70679
vn -0.5571 -0.43599 0.70679
vn -0.44176 -0.37702 0.81406
vn -0.51812 -0.48166 0.70679
vn -0.47541 -0.52387 0.70679
vn -0.20179 -0.54459 0.81406
vn -0.42927 -0.5623 0.70679
vn -0.38003 -0.59668 0.70679
vn -0.29093 -0.50266 0.81406
vn -0.32806 -0.62676 0.70679
vn -0.27373 -0.65232 0.70679
vn -0.00884 -0.58071 0.81406
vn -0.21742 -0.67318 0.70679
vn -0.15955 -0.6892 0.70679
vn -0.10685 -0.57086 0.81406
vn -0.10052 -0.70024 0.70679
vn -0.04078 -0.70625 0.70679
vn 0.18512 -0.55048 0.81406
vn 0.01926 -0.70716 0.70679
vn 0.07917 -0.70298 0.70679
vn 0.08943 -0.57385 0.81406
vn 0.1385 -0.69373 0.70679
vn 0.19683 -0.67949 0.70679
vn 0.35794 -0.45737 0.81406
vn 0.25375 -0.66035 0.70679
vn 0.30883 -0.63645 0.70679
vn 0.27549 -0.51128 0.81406
vn 0.3617 -0.60797 0.70679
vn 0.41195 -0.57511 0.70679
vn 0.48986 -0.312 0.81406
vn 0.45924 -0.5381 0.70679
vn 0.50322 -0.49721 0.70679
vn 0.43008 -0.3903 0.81406
vn 0.54357 -0.45274 0.70679
vn 0.58001 -0.40502 0.70679
vn 0.56581 -0.13098 0.81406
vn 0.61227 -0.35437 0.70679
vn 0.64012 -0.30117 0.70679
vn 0.53554 -0.22472 0.81406
vn 0.66335 -0.2458 0.70679
vn 0.68181 -0.18866 0.70679
vn 0.69535 -0.13015 0.70679
vn 0.70388 -0.07072 0.70679
vn 0.57981 -0.03348 0.81406
vn 0.70734 -0.01077 0.70679
vn 0.70571 0.04926 0.70679
vn 0.57713 0.06499 0.81406
vn 0.69899 0.10893 0.70679
vn 0.68723 0.16782 0.70679
vn 0.55784 0.16159 0.81406
vn 0.47214 0.3382 0.81406
vn 0.67053 0.22549 0.70679
vn 0.64899 0.28154 0.70679
vn 0.52251 0.25354 0.81406
vn 0.62277 0.33557 0.70679
vn 0.59207 0.38717 0.70679
vn 0.33251 0.47617 0.81406
vn 0.5571 0.43599 0.70679
vn 0.51812 0.48166 0.70679
vn 0.4082 0.41313 0.81406
vn 0.47541 0.52387 0.70679
vn 0.42927 0.5623 0.70679
vn 0.15488 0.55974 0.81406
vn 0.38003 0.59668 0.70679
vn 0.32806 0.62676 0.70679
vn 0.24725 0.52552 0.81406
vn 0.27373 0.65232 0.70679
vn 0.21742 0.67318 0.70679
vn 0.15955 0.6892 0.70679
vn 0.10052 0.70025 0.70679
vn 0.05805 0.57787 0.81406
vn 0.04078 0.70625 0.70679
vn -0.01926 0.70716 0.70679
vn -0.81993 0.04734 -0.5705
vn -0.70562 0.05583 -0.70639
vn -0.69013 0.15976 -0.70583
vn -0.69013 0.15976 -0.70583
vn -0.6532 0.2741 -0.70583
vn -0.6532 0.2741 -0.70583
vn -0.59749 0.38055 -0.70583
vn -0.59749 0.38055 -0.70583
vn -0.52458 0.47605 -0.70583
vn -0.52458 0.47605 -0.70583
vn -0.43658 0.55785 -0.70583
vn -0.43658 0.55786 -0.70583
vn -0.33602 0.62361 -0.70583
vn -0.33602 0.62361 -0.70583
vn -0.2258 0.67143 -0.70583
vn -0.2258 0.67143 -0.70583
vn -0.10908 0.69993 -0.70583
vn -0.10908 0.69993 -0.70583
vn -0.01926 0.70716 -0.70679
vn -0.01926 0.70716 -0.70679
vn 0.04078 0.70625 -0.70679
vn 0.69467 0.13868 -0.70583
vn 0.66124 0.25409 -0.70583
vn 0.66124 0.25409 -0.70583
vn 0.60879 0.36219 -0.70583
vn 0.60879 0.36219 -0.70583
vn 0.53882 0.45986 -0.70583
vn 0.53882 0.45986 -0.70583
vn 0.45336 0.54431 -0.70583
vn 0.45336 0.54431 -0.70583
vn 0.35485 0.6131 -0.70583
vn 0.35485 0.6131 -0.70583
vn 0.24613 0.66425 -0.70583
vn 0.24613 0.66425 -0.70583
vn 0.13033 0.69629 -0.70583
vn 0.13033 0.69629 -0.70583
vn 0.04078 0.70625 -0.70679
vn -0.70718 -0.00421 -0.70703
vn -0.70393 -0.07927 -0.70583
vn -0.70393 -0.07927 -0.70583
vn -0.68041 -0.1971 -0.70583
vn -0.68041 -0.1971 -0.70583
vn -0.63731 -0.30925 -0.70583
vn -0.63731 -0.30925 -0.70583
vn -0.57588 -0.41251 -0.70583
vn -0.57588 -0.41251 -0.70583
vn -0.49788 -0.5039 -0.70583
vn -0.49788 -0.5039 -0.70583
vn -0.40556 -0.5808 -0.70583
vn -0.40556 -0.5808 -0.70583
vn -0.30157 -0.64098 -0.70583
vn -0.30157 -0.64098 -0.70583
vn -0.18891 -0.68273 -0.70583
vn -0.18891 -0.68273 -0.70583
vn -0.07081 -0.70483 -0.70583
vn -0.07081 -0.70483 -0.70583
vn 0.04932 -0.70666 -0.70583
vn 0.04933 -0.70666 -0.70583
vn 0.16804 -0.68816 -0.70583
vn 0.16804 -0.68816 -0.70583
vn 0.28192 -0.64986 -0.70583
vn 0.28193 -0.64986 -0.70583
vn 0.3877 -0.59287 -0.70583
vn 0.3877 -0.59287 -0.70583
vn 0.48232 -0.51882 -0.70583
vn 0.48232 -0.51882 -0.70583
vn 0.56306 -0.42985 -0.70583
vn 0.56306 -0.42985 -0.70583
vn 0.6276 -0.32851 -0.70583
vn 0.62761 -0.32851 -0.70583
vn 0.6741 -0.21772 -0.70583
vn 0.6741 -0.21772 -0.70583
vn 0.70119 -0.10066 -0.70583
vn 0.70119 -0.10066 -0.70583
vn 0.70672 -0.02573 -0.70703
vn 0.82099 0.02236 -0.5705
vn 0.70699 0.03433 -0.70639
vn 0.69467 0.13868 -0.70583
vn -0.69801 0.14992 0.70022
vn -0.58751 0.40563 0.70022
vn -0.58751 0.40563 0.70022
vn -0.38756 0.59958 0.70022
vn -0.38756 0.59958 0.70022
vn -0.12861 0.70225 0.70022
vn -0.12861 0.70225 0.70022
vn 0.14992 0.69801 0.70022
vn 0.14992 0.69801 0.70022
vn 0.40563 0.58751 0.70022
vn 0.40563 0.58751 0.70022
vn 0.59958 0.38756 0.70022
vn 0.59958 0.38756 0.70022
vn 0.70225 0.12861 0.70022
vn 0.70225 0.12861 0.70022
vn 0.69801 -0.14992 0.70022
vn 0.69801 -0.14992 0.70022
vn 0.58751 -0.40563 0.70022
vn 0.58751 -0.40563 0.70022
vn 0.38756 -0.59958 0.70022
vn 0.38756 -0.59958 0.70022
vn 0.12861 -0.70225 0.70022
vn 0.12861 -0.70225 0.70022
vn -0.14992 -0.69801 0.70022
vn -0.14992 -0.69801 0.70022
vn -0.40563 -0.58751 0.70022
vn -0.40563 -0.58751 0.70022
vn -0.59958 -0.38756 0.70022
vn -0.59958 -0.38756 0.70022
vn -0.70225 -0.12861 0.70022
vn -0.70225 -0.12861 0.70022
vn -0.69801 0.14992 0.70022
vn 0.66977 -0.24139 0.70224
vn 0.5551 -0.44579 0.70224
vn 0.5551 -0.44579 0.70224
vn 0.38028 -0.60187 0.70224
vn 0.16425 -0.69274 0.70224
vn 0.16425 -0.69274 0.70224
vn 0.01847 -0.70717 0.7068
vn -0.06545 -0.66645 0.74267
vn -0.09851 -0.70296 0.70438
vn -0.29588 -0.64755 0.70224
vn -0.29587 -0.64755 0.70224
vn -0.4901 -0.5164 0.70224
vn -0.4901 -0.5164 0.70224
vn -0.63122 -0.32928 0.70224
vn -0.63122 -0.32928 0.70224
vn -0.70394 -0.10648 0.70224
vn -0.70394 -0.10648 0.70224
vn -0.70037 0.12786 0.70224
vn -0.70037 0.12786 0.70224
vn -0.62091 0.34834 0.70224
vn -0.62091 0.34834 0.70224
vn -0.47416 0.53107 0.70224
vn -0.47416 0.53107 0.70224
vn -0.27603 0.65626 0.70224
vn -0.27603 0.65626 0.70224
vn -0.04799 0.71033 0.70224
vn -0.04799 0.71033 0.70224
vn 0.18526 0.68742 0.70224
vn 0.18526 0.68742 0.70224
vn 0.39842 0.59002 0.70224
vn 0.56841 0.42868 0.70224
vn 0.67681 0.22089 0.70224
vn 0.67681 0.22089 0.70224
vn 0.7067 0.04774 0.7059
vn 0.767 -0.01168 0.64154
vn 0.70492 -0.06923 0.7059
vn 0.66977 -0.24139 0.70224
vn 0.99954 0.03047 -0
vn 0.90059 -0.43467 -0
vn 0.59798 -0.80151 -0
vn 0.78294 -0.62209 -0
vn 0.40706 -0.9134 -0
vn -0.06088 -0.99815 -0
vn -0.03047 0.99954 0
vn 0.43467 0.90059 0
vn 0.80151 0.59798 0
vn 0.62209 0.78294 0
vn 0.9134 0.40706 0
vn 0.99815 -0.06088 -0
vn 0.03047 -0.99954 -0
vn -0.43467 -0.90059 -0
vn -0.80151 -0.59798 -0
vn -0.62209 -0.78294 -0
vn -0.9134 -0.40706 -0
vn -0.99815 0.06088 0
vn -0.99954 -0.03047 0
vn -0.90059 0.43467 0
vn -0.59798 0.80151 0
vn -0.78294 0.62209 0
vn -0.40706 0.9134 0
vn 0.06088 0.99815 0
vn 0.71674 -0.21783 0.66244
vn 0.73777 -0.12985 0.66244
vn 0.73777 -0.12985 0.66244
vn 0.74804 -0.03997 0.66244
vn 0.74804 -0.03997 0.66244
vn 0.74741 0.05049 0.66244
vn 0.74741 0.05049 0.66244
vn 0.73587 0.14021 0.66244
vn 0.73587 0.14021 0.66244
vn 0.71361 0.22789 0.66244
vn 0.71361 0.22789 0.66244
vn 0.68094 0.31224 0.66244
vn 0.63833 0.39204 0.66244
vn 0.63833 0.39204 0.66244
vn 0.58642 0.46613 0.66244
vn 0.58643 0.46613 0.66244
vn 0.52596 0.53341 0.66244
vn 0.52596 0.53341 0.66244
vn 0.45783 0.59292 0.66244
vn 0.45783 0.59292 0.66244
vn 0.38303 0.64378 0.66244
vn 0.38303 0.64378 0.66244
vn 0.30263 0.68526 0.66244
vn 0.30263 0.68526 0.66244
vn 0.21783 0.71674 0.66244
vn 0.21783 0.71674 0.66244
vn 0.12985 0.73777 0.66244
vn 0.12985 0.73777 0.66244
vn 0.03997 0.74804 0.66244
vn 0.03997 0.74804 0.66244
vn -0.05049 0.74741 0.66244
vn -0.05049 0.74741 0.66244
vn -0.14021 0.73587 0.66244
vn -0.14021 0.73587 0.66244
vn -0.22789 0.71361 0.66244
vn -0.22789 0.71361 0.66244
vn -0.31224 0.68094 0.66244
vn -0.39204 0.63833 0.66244
vn -0.39204 0.63833 0.66244
vn -0.46613 0.58642 0.66244
vn -0.46613 0.58643 0.66244
vn -0.53341 0.52596 0.66244
vn -0.53341 0.52596 0.66244
vn -0.59292 0.45783 0.66244
vn -0.59292 0.45783 0.66244
vn -0.64378 0.38303 0.66244
vn -0.64378 0.38303 0.66244
vn -0.68526 0.30263 0.66244
vn -0.68526 0.30263 0.66244
vn -0.71674 0.21783 0.66244
vn -0.71674 0.21783 0.66244
vn -0.73777 0.12985 0.66244
vn -0.73777 0.12985 0.66244
vn -0.74804 0.03997 0.66244
vn -0.74804 0.03997 0.66244
vn -0.74741 -0.05049 0.66244
vn -0.74741 -0.05049 0.66244
vn -0.73587 -0.14021 0.66244
vn -0.73587 -0.14021 0.66244
vn -0.71361 -0.22789 0.66244
vn -0.71361 -0.22789 0.66244
vn -0.68094 -0.31224 0.66244
vn -0.63833 -0.39204 0.66244
vn -0.63833 -0.39204 0.66244
vn -0.58642 -0.46613 0.66244
vn -0.58643 -0.46613 0.66244
vn -0.52596 -0.53341 0.66244
vn -0.52596 -0.53341 0.66244
vn -0.45783 -0.59292 0.66244
vn -0.45783 -0.59292 0.66244
vn -0.38303 -0.64378 0.66244
vn -0.38303 -0.64378 0.66244
vn -0.30263 -0.68526 0.66244
vn -0.30263 -0.68526 0.66244
vn -0.21783 -0.71674 0.66244
vn -0.21783 -0.71674 0.66244
vn -0.12985 -0.73777 0.66244
vn -0.12985 -0.73777 0.66244
vn -0.03997 -0.74804 0.66244
vn -0.03997 -0.74804 0.66244
vn 0.05049 -0.74741 0.66244
vn 0.05049 -0.74741 0.66244
vn 0.14021 -0.73587 0.66244
vn 0.14021 -0.73587 0.66244
vn 0.22789 -0.71361 0.66244
vn 0.22789 -0.71361 0.66244
vn 0.31224 -0.68094 0.66244
vn 0.39204 -0.63833 0.66244
vn 0.39204 -0.63833 0.66244
vn 0.46613 -0.58642 0.66244
vn 0.46613 -0.58643 0.66244
vn 0.53341 -0.52596 0.66244
vn 0.53341 -0.52596 0.66244
vn 0.59292 -0.45783 0.66244
vn 0.59292 -0.45783 0.66244
vn 0.64378 -0.38303 0.66244
vn 0.64378 -0.38303 0.66244
vn 0.68526 -0.30263 0.66244
vn 0.68526 -0.30263 0.66244
vn 0.71674 -0.21783 0.66244
vn 0.78789 -0.23945 0.56736
vn 0.811 -0.14273 0.56736
vn 0.811 -0.14274 0.56736
vn 0.8223 -0.04394 0.56736
vn 0.8223 -0.04394 0.56736
vn 0.8216 0.0555 0.56736
vn 0.8216 0.0555 0.56736
vn 0.80892 0.15413 0.56736
vn 0.80892 0.15413 0.56736
vn 0.78444 0.25051 0.56736
vn 0.78444 0.25051 0.56736
vn 0.74853 0.34323 0.56736
vn 0.7017 0.43096 0.56736
vn 0.7017 0.43096 0.56736
vn 0.64463 0.51239 0.56736
vn 0.64463 0.51239 0.56736
vn 0.57817 0.58636 0.56736
vn 0.57817 0.58636 0.56736
vn 0.50328 0.65178 0.56736
vn 0.50328 0.65178 0.56736
vn 0.42105 0.70769 0.56736
vn 0.42105 0.70769 0.56736
vn 0.33267 0.75328 0.56736
vn 0.33267 0.75328 0.56736
vn 0.23945 0.78789 0.56736
vn 0.23945 0.78789 0.56736
vn 0.14273 0.811 0.56736
vn 0.14274 0.811 0.56736
vn 0.04394 0.8223 0.56736
vn 0.04394 0.8223 0.56736
vn -0.0555 0.8216 0.56736
vn -0.0555 0.8216 0.56736
vn -0.15413 0.80892 0.56736
vn -0.15413 0.80892 0.56736
vn -0.25051 0.78444 0.56736
vn -0.25051 0.78444 0.56736
vn -0.34323 0.74853 0.56736
vn -0.43096 0.7017 0.56736
vn -0.43096 0.7017 0.56736
vn -0.51239 0.64463 0.56736
vn -0.51239 0.64463 0.56736
vn -0.58636 0.57817 0.56736
vn -0.58636 0.57817 0.56736
vn -0.65178 0.50328 0.56736
vn -0.65178 0.50328 0.56736
vn -0.70769 0.42105 0.56736
vn -0.70769 0.42105 0.56736
vn -0.75328 0.33267 0.56736
vn -0.75328 0.33267 0.56736
vn -0.78789 0.23945 0.56736
vn -0.78789 0.23945 0.56736
vn -0.811 0.14273 0.56736
vn -0.811 0.14274 0.56736
vn -0.8223 0.04394 0.56736
vn -0.8223 0.04394 0.56736
vn -0.8216 -0.0555 0.56736
vn -0.8216 -0.0555 0.56736
vn -0.80892 -0.15413 0.56736
vn -0.80892 -0.15413 0.56736
vn -0.78444 -0.25051 0.56736
vn -0.78444 -0.25051 0.56736
vn -0.74853 -0.34323 0.56736
vn -0.7017 -0.43096 0.56736
vn -0.7017 -0.43096 0.56736
vn -0.64463 -0.51239 0.56736
vn -0.64463 -0.51239 0.56736
vn -0.57817 -0.58636 0.56736
vn -0.57817 -0.58636 0.56736
vn -0.50328 -0.65178 0.56736
vn -0.50328 -0.65178 0.56736
vn -0.42105 -0.70769 0.56736
vn -0.42105 -0.70769 0.56736
vn -0.33267 -0.75328 0.56736
vn -0.33267 -0.75328 0.56736
vn -0.23945 -0.78789 0.56736
vn -0.23945 -0.78789 0.56736
vn -0.14273 -0.811 0.56736
vn -0.14274 -0.811 0.56736
vn -0.04394 -0.8223 0.56736
vn -0.04394 -0.8223 0.56736
vn 0.0555 -0.8216 0.56736
vn 0.0555 -0.8216 0.56736
vn 0.15413 -0.80892 0.56736
vn 0.15413 -0.80892 0.56736
vn 0.25051 -0.78444 0.56736
vn 0.25051 -0.78444 0.56736
vn 0.34323 -0.74853 0.56736
vn 0.43096 -0.7017 0.56736
vn 0.43096 -0.7017 0.56736
vn 0.51239 -0.64463 0.56736
vn 0.51239 -0.64463 0.56736
vn 0.58636 -0.57817 0.56736
vn 0.58636 -0.57817 0.56736
vn 0.65178 -0.50328 0.56736
vn 0.65178 -0.50328 0.56736
vn 0.70769 -0.42105 0.56736
vn 0.70769 -0.42105 0.56736
vn 0.75328 -0.33267 0.56736
vn 0.75328 -0.33267 0.56736
vn 0.78789 -0.23945 0.56736
vn 0.84753 -0.25758 0.46406
vn 0.8724 -0.15354 0.46406
vn 0.8724 -0.15354 0.46406
vn 0.88454 -0.04726 0.46406
vn 0.88454 -0.04727 0.46406
vn 0.88379 0.0597 0.46406
vn 0.88379 0.0597 0.46406
vn 0.87015 0.16579 0.46406
vn 0.87015 0.16579 0.46406
vn 0.84382 0.26947 0.46406
vn 0.84382 0.26947 0.46406
vn 0.80519 0.36922 0.46406
vn 0.75481 0.46358 0.46406
vn 0.75481 0.46358 0.46406
vn 0.69343 0.55118 0.46406
vn 0.69343 0.55118 0.46406
vn 0.62194 0.63075 0.46406
vn 0.62194 0.63075 0.46406
vn 0.54138 0.70111 0.46406
vn 0.54138 0.70112 0.46406
vn 0.45292 0.76126 0.46406
vn 0.45292 0.76126 0.46406
vn 0.35786 0.8103 0.46406
vn 0.35786 0.8103 0.46406
vn 0.25758 0.84753 0.46406
vn 0.25758 0.84753 0.46406
vn 0.15354 0.8724 0.46406
vn 0.15354 0.8724 0.46406
vn 0.04726 0.88454 0.46406
vn 0.04727 0.88454 0.46406
vn -0.0597 0.88379 0.46406
vn -0.0597 0.88379 0.46406
vn -0.16579 0.87015 0.46406
vn -0.16579 0.87015 0.46406
vn -0.26947 0.84382 0.46406
vn -0.26947 0.84382 0.46406
vn -0.36922 0.80519 0.46406
vn -0.46358 0.75481 0.46406
vn -0.46358 0.75481 0.46406
vn -0.55118 0.69343 0.46406
vn -0.55118 0.69343 0.46406
vn -0.63075 0.62194 0.46406
vn -0.63075 0.62194 0.46406
vn -0.70111 0.54138 0.46406
vn -0.70112 0.54138 0.46406
vn -0.76126 0.45292 0.46406
vn -0.76126 0.45292 0.46406
vn -0.8103 0.35786 0.46406
vn -0.8103 0.35786 0.46406
vn -0.84753 0.25758 0.46406
vn -0.84753 0.25758 0.46406
vn -0.8724 0.15354 0.46406
vn -0.8724 0.15354 0.46406
vn -0.88454 0.04726 0.46406
vn -0.88454 0.04727 0.46406
vn -0.88379 -0.0597 0.46406
vn -0.88379 -0.0597 0.46406
vn -0.87015 -0.16579 0.46406
vn -0.87015 -0.16579 0.46406
vn -0.84382 -0.26947 0.46406
vn -0.84382 -0.26947 0.46406
vn -0.80519 -0.36922 0.46406
vn -0.75481 -0.46358 0.46406
vn -0.75481 -0.46358 0.46406
vn -0.69343 -0.55118 0.46406
vn -0.69343 -0.55118 0.46406
vn -0.62194 -0.63075 0.46406
vn -0.62194 -0.63075 0.46406
vn -0.54138 -0.70111 0.46406
vn -0.54138 -0.70112 0.46406
vn -0.45292 -0.76126 0.46406
vn -0.45292 -0.76126 0.46406
vn -0.35786 -0.8103 0.46406
vn -0.35786 -0.8103 0.46406
vn -0.25758 -0.84753 0.46406
vn -0.25758 -0.84753 0.46406
vn -0.15354 -0.8724 0.46406
vn -0.15354 -0.8724 0.46406
vn -0.04726 -0.88454 0.46406
vn -0.04727 -0.88454 0.46406
vn 0.0597 -0.88379 0.46406
vn 0.0597 -0.88379 0.46406
vn 0.16579 -0.87015 0.46406
vn 0.16579 -0.87015 0.46406
vn 0.26947 -0.84382 0.46406
vn 0.26947 -0.84382 0.46406
vn 0.36922 -0.80519 0.46406
vn 0.46358 -0.75481 0.46406
vn 0.46358 -0.75481 0.46406
vn 0.55118 -0.69343 0.46406
vn 0.55118 -0.69343 0.46406
vn 0.63075 -0.62194 0.46406
vn 0.63075 -0.62194 0.46406
vn 0.70111 -0.54138 0.46406
vn 0.70112 -0.54138 0.46406
vn 0.76126 -0.45292 0.46406
vn 0.76126 -0.45292 0.46406
vn 0.8103 -0.35786 0.46406
vn 0.8103 -0.35786 0.46406
vn 0.84753 -0.25758 0.46406
vn 0.89482 -0.27195 0.35404
vn 0.92107 -0.16211 0.35404
vn 0.92107 -0.16211 0.35404
vn 0.9339 -0.0499 0.35404
vn 0.9339 -0.0499 0.35404
vn 0.9331 0.06303 0.35404
vn 0.9331 0.06303 0.35404
vn 0.9187 0.17504 0.35404
vn 0.9187 0.17504 0.35404
vn 0.89091 0.28451 0.35404
vn 0.89091 0.28451 0.35404
vn 0.85012 0.38982 0.35404
vn 0.79693 0.48945 0.35404
vn 0.79693 0.48945 0.35404
vn 0.73212 0.58194 0.35404
vn 0.73212 0.58194 0.35404
vn 0.65664 0.66594 0.35404
vn 0.65664 0.66594 0.35404
vn 0.57158 0.74024 0.35404
vn 0.57158 0.74024 0.35404
vn 0.47819 0.80374 0.35404
vn 0.47819 0.80374 0.35404
vn 0.37782 0.85551 0.35404
vn 0.37782 0.85551 0.35404
vn 0.27195 0.89482 0.35404
vn 0.27195 0.89482 0.35404
vn 0.16211 0.92107 0.35404
vn 0.16211 0.92107 0.35404
vn 0.0499 0.9339 0.35404
vn 0.0499 0.9339 0.35404
vn -0.06303 0.9331 0.35404
vn -0.06303 0.9331 0.35404
vn -0.17504 0.9187 0.35404
vn -0.17504 0.9187 0.35404
vn -0.28451 0.89091 0.35404
vn -0.28451 0.89091 0.35404
vn -0.38982 0.85012 0.35404
vn -0.48945 0.79693 0.35404
vn -0.48945 0.79693 0.35404
vn -0.58194 0.73212 0.35404
vn -0.58194 0.73212 0.35404
vn -0.66594 0.65664 0.35404
vn -0.66594 0.65664 0.35404
vn -0.74024 0.57158 0.35404
vn -0.74024 0.57158 0.35404
vn -0.80374 0.47819 0.35404
vn -0.80374 0.47819 0.35404
vn -0.85551 0.37782 0.35404
vn -0.85551 0.37782 0.35404
vn -0.89482 0.27195 0.35404
vn -0.89482 0.27195 0.35404
vn -0.92107 0.16211 0.35404
vn -0.92107 0.16211 0.35404
vn -0.9339 0.0499 0.35404
vn -0.9339 0.0499 0.35404
vn -0.9331 -0.06303 0.35404
vn -0.9331 -0.06303 0.35404
vn -0.9187 -0.17504 0.35404
vn -0.9187 -0.17504 0.35404
vn -0.89091 -0.28451 0.35404
vn -0.89091 -0.28451 0.35404
vn -0.85012 -0.38982 0.35404
vn -0.79693 -0.48945 0.35404
vn -0.79693 -0.48945 0.35404
vn -0.73212 -0.58194 0.35404
vn -0.73212 -0.58194 0.35404
vn -0.65664 -0.66594 0.35404
vn -0.65664 -0.66594 0.35404
vn -0.57158 -0.74024 0.35404
vn -0.57158 -0.74024 0.35404
vn -0.47819 -0.80374 0.35404
vn -0.47819 -0.80374 0.35404
vn -0.37782 -0.85551 0.35404
vn -0.37782 -0.85551 0.35404
vn -0.27195 -0.89482 0.35404
vn -0.27195 -0.89482 0.35404
vn -0.16211 -0.92107 0.35404
vn -0.16211 -0.92107 0.35404
vn -0.0499 -0.9339 0.35404
vn -0.0499 -0.9339 0.35404
vn 0.06303 -0.9331 0.35404
vn 0.06303 -0.9331 0.35404
vn 0.17504 -0.9187 0.35404
vn 0.17504 -0.9187 0.35404
vn 0.28451 -0.89091 0.35404
vn 0.28451 -0.89091 0.35404
vn 0.38982 -0.85012 0.35404
vn 0.48945 -0.79693 0.35404
vn 0.48945 -0.79693 0.35404
vn 0.58194 -0.73212 0.35404
vn 0.58194 -0.73212 0.35404
vn 0.66594 -0.65664 0.35404
vn 0.66594 -0.65664 0.35404
vn 0.74024 -0.57158 0.35404
vn 0.74024 -0.57158 0.35404
vn 0.80374 -0.47819 0.35404
vn 0.80374 -0.47819 0.35404
vn 0.85551 -0.37782 0.35404
vn 0.85551 -0.37782 0.35404
vn 0.89482 -0.27195 0.35404
vn 0.92908 -0.28236 0.2389
vn 0.95634 -0.16832 0.2389
vn 0.95634 -0.16831 0.2389
vn 0.96966 -0.05181 0.2389
vn 0.96966 -0.05181 0.2389
vn 0.96884 0.06544 0.2389
vn 0.96884 0.06544 0.2389
vn 0.95388 0.18175 0.2389
vn 0.95388 0.18175 0.2389
vn 0.92502 0.2954 0.2389
vn 0.92502 0.2954 0.2389
vn 0.88267 0.40475 0.2389
vn 0.82745 0.50819 0.2389
vn 0.82745 0.50819 0.2389
vn 0.76016 0.60422 0.2389
vn 0.76016 0.60422 0.2389
vn 0.68179 0.69144 0.2389
vn 0.68179 0.69144 0.2389
vn 0.59347 0.76858 0.2389
vn 0.59347 0.76858 0.2389
vn 0.4965 0.83451 0.2389
vn 0.4965 0.83451 0.2389
vn 0.39229 0.88827 0.2389
vn 0.39229 0.88827 0.2389
vn 0.28236 0.92908 0.2389
vn 0.28236 0.92908 0.2389
vn 0.16832 0.95634 0.2389
vn 0.16831 0.95634 0.2389
vn 0.05181 0.96966 0.2389
vn 0.05181 0.96966 0.2389
vn -0.06544 0.96884 0.2389
vn -0.06544 0.96884 0.2389
vn -0.18175 0.95388 0.2389
vn -0.18175 0.95388 0.2389
vn -0.2954 0.92502 0.2389
vn -0.2954 0.92502 0.2389
vn -0.40475 0.88267 0.2389
vn -0.50819 0.82745 0.2389
vn -0.50819 0.82745 0.2389
vn -0.60422 0.76016 0.2389
vn -0.60422 0.76016 0.2389
vn -0.69144 0.68179 0.2389
vn -0.69144 0.68179 0.2389
vn -0.76858 0.59347 0.2389
vn -0.76858 0.59347 0.2389
vn -0.83451 0.4965 0.2389
vn -0.83451 0.4965 0.2389
vn -0.88827 0.39229 0.2389
vn -0.88827 0.39229 0.2389
vn -0.92908 0.28236 0.2389
vn -0.92908 0.28236 0.2389
vn -0.95634 0.16832 0.2389
vn -0.95634 0.16831 0.2389
vn -0.96966 0.05181 0.2389
vn -0.96966 0.05181 0.2389
vn -0.96884 -0.06544 0.2389
vn -0.96884 -0.06544 0.2389
vn -0.95388 -0.18175 0.2389
vn -0.95388 -0.18175 0.2389
vn -0.92502 -0.2954 0.2389
vn -0.92502 -0.2954 0.2389
vn -0.88267 -0.40475 0.2389
vn -0.82745 -0.50819 0.2389
vn -0.82745 -0.50819 0.2389
vn -0.76016 -0.60422 0.2389
vn -0.76016 -0.60422 0.2389
vn -0.68179 -0.69144 0.2389
vn -0.68179 -0.69144 0.2389
vn -0.59347 -0.76858 0.2389
vn -0.59347 -0.76858 0.2389
vn -0.4965 -0.83451 0.2389
vn -0.4965 -0.83451 0.2389
vn -0.39229 -0.88827 0.2389
vn -0.39229 -0.88827 0.2389
vn -0.28236 -0.92908 0.2389
vn -0.28236 -0.92908 0.2389
vn -0.16832 -0.95634 0.2389
vn -0.16831 -0.95634 0.2389
vn -0.05181 -0.96966 0.2389
vn -0.05181 -0.96966 0.2389
vn 0.06544 -0.96884 0.2389
vn 0.06544 -0.96884 0.2389
vn 0.18175 -0.95388 0.2389
vn 0.18175 -0.95388 0.2389
vn 0.2954 -0.92502 0.2389
vn 0.2954 -0.92502 0.2389
vn 0.40475 -0.88267 0.2389
vn 0.50819 -0.82745 0.2389
vn 0.50819 -0.82745 0.2389
vn 0.60422 -0.76016 0.2389
vn 0.60422 -0.76016 0.2389
vn 0.69144 -0.68179 0.2389
vn 0.69144 -0.68179 0.2389
vn 0.76858 -0.59347 0.2389
vn 0.76858 -0.59347 0.2389
vn 0.83451 -0.4965 0.2389
vn 0.83451 -0.4965 0.2389
vn 0.88827 -0.39229 0.2389
vn 0.88827 -0.39229 0.2389
vn 0.92908 -0.28236 0.2389
vn 0.94984 -0.28867 0.12032
vn 0.97771 -0.17207 0.12032
vn 0.97771 -0.17208 0.12032
vn 0.99132 -0.05297 0.12032
vn 0.99132 -0.05297 0.12032
vn 0.99048 0.06691 0.12032
vn 0.99048 0.06691 0.12032
vn 0.97519 0.18581 0.12032
vn 0.97519 0.18581 0.12032
vn 0.94569 0.302 0.12032
vn 0.94568 0.302 0.12032
vn 0.90239 0.41379 0.12032
vn 0.84593 0.51954 0.12032
vn 0.84593 0.51954 0.12032
vn 0.77714 0.61772 0.12032
vn 0.77714 0.61772 0.12032
vn 0.69702 0.70689 0.12032
vn 0.69702 0.70689 0.12032
vn 0.60673 0.78575 0.12032
vn 0.60673 0.78575 0.12032
vn 0.50759 0.85315 0.12032
vn 0.50759 0.85315 0.12032
vn 0.40106 0.90812 0.12032
vn 0.40106 0.90812 0.12032
vn 0.28867 0.94984 0.12032
vn 0.28867 0.94984 0.12032
vn 0.17207 0.97771 0.12032
vn 0.17208 0.97771 0.12032
vn 0.05297 0.99132 0.12032
vn 0.05297 0.99132 0.12032
vn -0.06691 0.99048 0.12032
vn -0.06691 0.99048 0.12032
vn -0.18581 0.97519 0.12032
vn -0.18581 0.97519 0.12032
vn -0.302 0.94569 0.12032
vn -0.302 0.94568 0.12032
vn -0.41379 0.90239 0.12032
vn -0.51954 0.84593 0.12032
vn -0.51954 0.84593 0.12032
vn -0.61772 0.77714 0.12032
vn -0.61772 0.77714 0.12032
vn -0.70689 0.69702 0.12032
vn -0.70689 0.69702 0.12032
vn -0.78575 0.60673 0.12032
vn -0.78575 0.60673 0.12032
vn -0.85315 0.50759 0.12032
vn -0.85315 0.50759 0.12032
vn -0.90812 0.40106 0.12032
vn -0.90812 0.40106 0.12032
vn -0.94984 0.28867 0.12032
vn -0.94984 0.28867 0.12032
vn -0.97771 0.17207 0.12032
vn -0.97771 0.17208 0.12032
vn -0.99132 0.05297 0.12032
vn -0.99132 0.05297 0.12032
vn -0.99048 -0.06691 0.12032
vn -0.99048 -0.06691 0.12032
vn -0.97519 -0.18581 0.12032
vn -0.97519 -0.18581 0.12032
vn -0.94569 -0.302 0.12032
vn -0.94568 -0.302 0.12032
vn -0.90239 -0.41379 0.12032
vn -0.84593 -0.51954 0.12032
vn -0.84593 -0.51954 0.12032
vn -0.77714 -0.61772 0.12032
vn -0.77714 -0.61772 0.12032
vn -0.69702 -0.70689 0.12032
vn -0.69702 -0.70689 0.12032
vn -0.60673 -0.78575 0.12032
vn -0.60673 -0.78575 0.12032
vn -0.50759 -0.85315 0.12032
vn -0.50759 -0.85315 0.12032
vn -0.40106 -0.90812 0.12032
vn -0.40106 -0.90812 0.12032
vn -0.28867 -0.94984 0.12032
vn -0.28867 -0.94984 0.12032
vn -0.17207 -0.97771 0.12032
vn -0.17208 -0.97771 0.12032
vn -0.05297 -0.99132 0.12032
vn -0.05297 -0.99132 0.12032
vn 0.06691 -0.99048 0.12032
vn 0.06691 -0.99048 0.12032
vn 0.18581 -0.97519 0.12032
vn 0.18581 -0.97519 0.12032
vn 0.302 -0.94569 0.12032
vn 0.302 -0.94568 0.12032
vn 0.41379 -0.90239 0.12032
vn 0.51954 -0.84593 0.12032
vn 0.51954 -0.84593 0.12032
vn 0.61772 -0.77714 0.12032
vn 0.61772 -0.77714 0.12032
vn 0.70689 -0.69702 0.12032
vn 0.70689 -0.69702 0.12032
vn 0.78575 -0.60673 0.12032
vn 0.78575 -0.60673 0.12032
vn 0.85315 -0.50759 0.12032
vn 0.85315 -0.50759 0.12032
vn 0.90812 -0.40106 0.12032
vn 0.90812 -0.40106 0.12032
vn 0.94984 -0.28867 0.12032
vn 0.95679 -0.29078 -0
vn 0.98486 -0.17333 -0
vn 0.99858 -0.05336 -0
vn 0.99773 0.0674 -0
vn 0.98233 0.18717 -0
vn 0.95261 0.30421 -0
vn 0.90899 0.41681 -0
vn 0.85212 0.52334 -0
vn 0.78283 0.62224 -0
vn 0.70212 0.71206 -0
vn 0.61117 0.7915 -0
vn 0.51131 0.8594 -0
vn 0.40399 0.91476 -0
vn 0.29078 0.95679 -0
vn 0.17333 0.98486 -0
vn 0.05336 0.99858 -0
vn -0.0674 0.99773 -0
vn -0.18717 0.98233 -0
vn -0.30421 0.95261 -0
vn -0.41681 0.90899 -0
vn -0.52334 0.85212 -0
vn -0.62224 0.78283 0
vn -0.71206 0.70212 0
vn -0.7915 0.61117 0
vn -0.8594 0.51131 0
vn -0.91476 0.40399 0
vn -0.95679 0.29078 0
vn -0.98486 0.17333 0
vn -0.99858 0.05336 0
vn -0.99773 -0.0674 0
vn -0.98233 -0.18717 0
vn -0.95261 -0.30421 0
vn -0.90899 -0.41681 0
vn -0.85212 -0.52334 0
vn -0.78283 -0.62224 0
vn -0.70212 -0.71206 0
vn -0.61117 -0.7915 0
vn -0.51131 -0.8594 0
vn -0.40399 -0.91476 0
vn -0.29078 -0.95679 0
vn -0.17333 -0.98486 0
vn -0.05336 -0.99858 0
vn 0.0674 -0.99773 0
vn 0.18717 -0.98233 0
vn 0.30421 -0.95261 0
vn 0.41681 -0.90899 0
vn 0.52334 -0.85212 0
vn 0.62224 -0.78283 -0
vn 0.71206 -0.70212 -0
vn 0.7915 -0.61117 -0
vn 0.8594 -0.51131 -0
vn 0.91476 -0.40399 -0
vn 0.94984 -0.28867 -0.12032
vn 0.97771 -0.17208 -0.12032
vn 0.97771 -0.17207 -0.12032
vn 0.99132 -0.05297 -0.12032
vn 0.99132 -0.05297 -0.12032
vn 0.99048 0.06691 -0.12032
vn 0.99048 0.06691 -0.12032
vn 0.97519 0.18581 -0.12032
vn 0.97519 0.18581 -0.12032
vn 0.94568 0.302 -0.12032
vn 0.94568 0.302 -0.12032
vn 0.90239 0.41379 -0.12032
vn 0.84593 0.51954 -0.12032
vn 0.84593 0.51954 -0.12032
vn 0.77714 0.61772 -0.12032
vn 0.77714 0.61772 -0.12032
vn 0.69702 0.70689 -0.12032
vn 0.69702 0.70689 -0.12032
vn 0.60673 0.78575 -0.12032
vn 0.60673 0.78575 -0.12032
vn 0.50759 0.85315 -0.12032
vn 0.50759 0.85315 -0.12032
vn 0.40106 0.90812 -0.12032
vn 0.40106 0.90812 -0.12032
vn 0.28867 0.94984 -0.12032
vn 0.28867 0.94984 -0.12032
vn 0.17208 0.97771 -0.12032
vn 0.17207 0.97771 -0.12032
vn 0.05297 0.99132 -0.12032
vn 0.05297 0.99132 -0.12032
vn -0.06691 0.99048 -0.12032
vn -0.06691 0.99048 -0.12032
vn -0.18581 0.97519 -0.12032
vn -0.18581 0.97519 -0.12032
vn -0.302 0.94568 -0.12032
vn -0.302 0.94568 -0.12032
vn -0.41379 0.90239 -0.12032
vn -0.51954 0.84593 -0.12032
vn -0.51954 0.84593 -0.12032
vn -0.61772 0.77714 -0.12032
vn -0.61772 0.77714 -0.12032
vn -0.70689 0.69702 -0.12032
vn -0.70689 0.69702 -0.12032
vn -0.78575 0.60673 -0.12032
vn -0.78575 0.60673 -0.12032
vn -0.85315 0.50759 -0.12032
vn -0.85315 0.50759 -0.12032
vn -0.90812 0.40106 -0.12032
vn -0.90812 0.40106 -0.12032
vn -0.94984 0.28867 -0.12032
vn -0.94984 0.28867 -0.12032
vn -0.97771 0.17208 -0.12032
vn -0.97771 0.17207 -0.12032
vn -0.99132 0.05297 -0.12032
vn -0.99132 0.05297 -0.12032
vn -0.99048 -0.06691 -0.12032
vn -0.99048 -0.06691 -0.12032
vn -0.97519 -0.18581 -0.12032
vn -0.97519 -0.18581 -0.12032
vn -0.94568 -0.302 -0.12032
vn -0.94568 -0.302 -0.12032
vn -0.90239 -0.41379 -0.12032
vn -0.84593 -0.51954 -0.12032
vn -0.84593 -0.51954 -0.12032
vn -0.77714 -0.61772 -0.12032
vn -0.77714 -0.61772 -0.12032
vn -0.69702 -0.70689 -0.12032
vn -0.69702 -0.70689 -0.12032
vn -0.60673 -0.78575 -0.12032
vn -0.60673 -0.78575 -0.12032
vn -0.50759 -0.85315 -0.12032
vn -0.50759 -0.85315 -0.12032
vn -0.40106 -0.90812 -0.12032
vn -0.40106 -0.90812 -0.12032
vn -0.28867 -0.94984 -0.12032
vn -0.28867 -0.94984 -0.12032
vn -0.17208 -0.97771 -0.12032
vn -0.17207 -0.97771 -0.12032
vn -0.05297 -0.99132 -0.12032
vn -0.05297 -0.99132 -0.12032
vn 0.06691 -0.99048 -0.12032
vn 0.06691 -0.99048 -0.12032
vn 0.18581 -0.97519 -0.12032
vn 0.18581 -0.97519 -0.12032
vn 0.302 -0.94568 -0.12032
vn 0.302 -0.94568 -0.12032
vn 0.41379 -0.90239 -0.12032
vn 0.51954 -0.84593 -0.12032
vn 0.51954 -0.84593 -0.12032
vn 0.61772 -0.77714 -0.12032
vn 0.61772 -0.77714 -0.12032
vn 0.70689 -0.69702 -0.12032
vn 0.70689 -0.69702 -0.12032
vn 0.78575 -0.60673 -0.12032
vn 0.78575 -0.60673 -0.12032
vn 0.85315 -0.50759 -0.12032
vn 0.85315 -0.50759 -0.12032
vn 0.90812 -0.40106 -0.12032
vn 0.90812 -0.40106 -0.12032
vn 0.94984 -0.28867 -0.12032
vn 0.92908 -0.28236 -0.2389
vn 0.95634 -0.16831 -0.2389
vn 0.95634 -0.16832 -0.2389
vn 0.96966 -0.05181 -0.2389
vn 0.96966 -0.05181 -0.2389
vn 0.96884 0.06544 -0.2389
vn 0.96884 0.06544 -0.2389
vn 0.95388 0.18175 -0.2389
vn 0.95388 0.18175 -0.2389
vn 0.92502 0.2954 -0.2389
vn 0.92502 0.2954 -0.2389
vn 0.88267 0.40475 -0.2389
vn 0.82745 0.50819 -0.2389
vn 0.82745 0.50819 -0.2389
vn 0.76016 0.60422 -0.2389
vn 0.76016 0.60422 -0.2389
vn 0.68179 0.69144 -0.2389
vn 0.68179 0.69144 -0.2389
vn 0.59347 0.76858 -0.2389
vn 0.59347 0.76858 -0.2389
vn 0.4965 0.83451 -0.2389
vn 0.4965 0.83451 -0.2389
vn 0.39229 0.88827 -0.2389
vn 0.39229 0.88827 -0.2389
vn 0.28236 0.92908 -0.2389
vn 0.28236 0.92908 -0.2389
vn 0.16831 0.95634 -0.2389
vn 0.16832 0.95634 -0.2389
vn 0.05181 0.96966 -0.2389
vn 0.05181 0.96966 -0.2389
vn -0.06544 0.96884 -0.2389
vn -0.06544 0.96884 -0.2389
vn -0.18175 0.95388 -0.2389
vn -0.18175 0.95388 -0.2389
vn -0.2954 0.92502 -0.2389
vn -0.2954 0.92502 -0.2389
vn -0.40475 0.88267 -0.2389
vn -0.50819 0.82745 -0.2389
vn -0.50819 0.82745 -0.2389
vn -0.60422 0.76016 -0.2389
vn -0.60422 0.76016 -0.2389
vn -0.69144 0.68179 -0.2389
vn -0.69144 0.68179 -0.2389
vn -0.76858 0.59347 -0.2389
vn -0.76858 0.59347 -0.2389
vn -0.83451 0.4965 -0.2389
vn -0.83451 0.4965 -0.2389
vn -0.88827 0.39229 -0.2389
vn -0.88827 0.39229 -0.2389
vn -0.92908 0.28236 -0.2389
vn -0.92908 0.28236 -0.2389
vn -0.95634 0.16831 -0.2389
vn -0.95634 0.16832 -0.2389
vn -0.96966 0.05181 -0.2389
vn -0.96966 0.05181 -0.2389
vn -0.96884 -0.06544 -0.2389
vn -0.96884 -0.06544 -0.2389
vn -0.95388 -0.18175 -0.2389
vn -0.95388 -0.18175 -0.2389
vn -0.92502 -0.2954 -0.2389
vn -0.92502 -0.2954 -0.2389
vn -0.88267 -0.40475 -0.2389
vn -0.82745 -0.50819 -0.2389
vn -0.82745 -0.50819 -0.2389
vn -0.76016 -0.60422 -0.2389
vn -0.76016 -0.60422 -0.2389
vn -0.68179 -0.69144 -0.2389
vn -0.68179 -0.69144 -0.2389
vn -0.59347 -0.76858 -0.2389
vn -0.59347 -0.76858 -0.2389
vn -0.4965 -0.83451 -0.2389
vn -0.4965 -0.83451 -0.2389
vn -0.39229 -0.88827 -0.2389
vn -0.39229 -0.88827 -0.2389
vn -0.28236 -0.92908 -0.2389
vn -0.28236 -0.92908 -0.2389
vn -0.16831 -0.95634 -0.2389
vn -0.16832 -0.95634 -0.2389
vn -0.05181 -0.96966 -0.2389
vn -0.05181 -0.96966 -0.2389
vn 0.06544 -0.96884 -0.2389
vn 0.06544 -0.96884 -0.2389
vn 0.18175 -0.95388 -0.2389
vn 0.18175 -0.95388 -0.2389
vn 0.2954 -0.92502 -0.2389
vn 0.2954 -0.92502 -0.2389
vn 0.40475 -0.88267 -0.2389
vn 0.50819 -0.82745 -0.2389
vn 0.50819 -0.82745 -0.2389
vn 0.60422 -0.76016 -0.2389
vn 0.60422 -0.76016 -0.2389
vn 0.69144 -0.68179 -0.2389
vn 0.69144 -0.68179 -0.2389
vn 0.76858 -0.59347 -0.2389
vn 0.76858 -0.59347 -0.2389
vn 0.83451 -0.4965 -0.2389
vn 0.83451 -0.4965 -0.2389
vn 0.88827 -0.39229 -0.2389
vn 0.88827 -0.39229 -0.2389
vn 0.92908 -0.28236 -0.2389
vn 0.89482 -0.27195 -0.35404
vn 0.92107 -0.16211 -0.35404
vn 0.92107 -0.16211 -0.35404
vn 0.9339 -0.0499 -0.35404
vn 0.9339 -0.0499 -0.35404
vn 0.9331 0.06303 -0.35404
vn 0.9331 0.06303 -0.35404
vn 0.9187 0.17504 -0.35404
vn 0.9187 0.17504 -0.35404
vn 0.89091 0.28451 -0.35404
vn 0.89091 0.28451 -0.35404
vn 0.85012 0.38982 -0.35404
vn 0.79693 0.48945 -0.35404
vn 0.79693 0.48945 -0.35404
vn 0.73212 0.58194 -0.35404
vn 0.73212 0.58194 -0.35404
vn 0.65664 0.66594 -0.35404
vn 0.65664 0.66594 -0.35404
vn 0.57158 0.74024 -0.35404
vn 0.57158 0.74024 -0.35404
vn 0.47819 0.80374 -0.35404
vn 0.47819 0.80373 -0.35404
vn 0.37782 0.85551 -0.35404
vn 0.37782 0.85551 -0.35404
vn 0.27195 0.89482 -0.35404
vn 0.27195 0.89482 -0.35404
vn 0.16211 0.92107 -0.35404
vn 0.16211 0.92107 -0.35404
vn 0.0499 0.9339 -0.35404
vn 0.0499 0.9339 -0.35404
vn -0.06303 0.9331 -0.35404
vn -0.06303 0.9331 -0.35404
vn -0.17504 0.9187 -0.35404
vn -0.17504 0.9187 -0.35404
vn -0.28451 0.89091 -0.35404
vn -0.28451 0.89091 -0.35404
vn -0.38982 0.85012 -0.35404
vn -0.48945 0.79693 -0.35404
vn -0.48945 0.79693 -0.35404
vn -0.58194 0.73212 -0.35404
vn -0.58194 0.73212 -0.35404
vn -0.66594 0.65664 -0.35404
vn -0.66594 0.65664 -0.35404
vn -0.74024 0.57158 -0.35404
vn -0.74024 0.57158 -0.35404
vn -0.80374 0.47819 -0.35404
vn -0.80373 0.47819 -0.35404
vn -0.85551 0.37782 -0.35404
vn -0.85551 0.37782 -0.35404
vn -0.89482 0.27195 -0.35404
vn -0.89482 0.27195 -0.35404
vn -0.92107 0.16211 -0.35404
vn -0.92107 0.16211 -0.35404
vn -0.9339 0.0499 -0.35404
vn -0.9339 0.0499 -0.35404
vn -0.9331 -0.06303 -0.35404
vn -0.9331 -0.06303 -0.35404
vn -0.9187 -0.17504 -0.35404
vn -0.9187 -0.17504 -0.35404
vn -0.89091 -0.28451 -0.35404
vn -0.89091 -0.28451 -0.35404
vn -0.85012 -0.38982 -0.35404
vn -0.79693 -0.48945 -0.35404
vn -0.79693 -0.48945 -0.35404
vn -0.73212 -0.58194 -0.35404
vn -0.73212 -0.58194 -0.35404
vn -0.65664 -0.66594 -0.35404
vn -0.65664 -0.66594 -0.35404
vn -0.57158 -0.74024 -0.35404
vn -0.57158 -0.74024 -0.35404
vn -0.47819 -0.80374 -0.35404
vn -0.47819 -0.80373 -0.35404
vn -0.37782 -0.85551 -0.35404
vn -0.37782 -0.85551 -0.35404
vn -0.27195 -0.89482 -0.35404
vn -0.27195 -0.89482 -0.35404
vn -0.16211 -0.92107 -0.35404
vn -0.16211 -0.92107 -0.35404
vn -0.0499 -0.9339 -0.35404
vn -0.0499 -0.9339 -0.35404
vn 0.06303 -0.9331 -0.35404
vn 0.06303 -0.9331 -0.35404
vn 0.17504 -0.9187 -0.35404
vn 0.17504 -0.9187 -0.35404
vn 0.28451 -0.89091 -0.35404
vn 0.28451 -0.89091 -0.35404
vn 0.38982 -0.85012 -0.35404
vn 0.48945 -0.79693 -0.35404
vn 0.48945 -0.79693 -0.35404
vn 0.58194 -0.73212 -0.35404
vn 0.58194 -0.73212 -0.35404
vn 0.66594 -0.65664 -0.35404
vn 0.66594 -0.65664 -0.35404
vn 0.74024 -0.57158 -0.35404
vn 0.74024 -0.57158 -0.35404
vn 0.80374 -0.47819 -0.35404
vn 0.80373 -0.47819 -0.35404
vn 0.85551 -0.37782 -0.35404
vn 0.85551 -0.37782 -0.35404
vn 0.89482 -0.27195 -0.35404
vn 0.84753 -0.25758 -0.46406
vn 0.8724 -0.15354 -0.46406
vn 0.8724 -0.15354 -0.46406
vn 0.88454 -0.04727 -0.46406
vn 0.88454 -0.04726 -0.46406
vn 0.88379 0.0597 -0.46406
vn 0.88379 0.0597 -0.46406
vn 0.87015 0.16579 -0.46406
vn 0.87015 0.16579 -0.46406
vn 0.84382 0.26947 -0.46406
vn 0.84382 0.26947 -0.46406
vn 0.80519 0.36922 -0.46406
vn 0.75481 0.46358 -0.46406
vn 0.75481 0.46358 -0.46406
vn 0.69343 0.55118 -0.46406
vn 0.62194 0.63075 -0.46406
vn 0.62194 0.63075 -0.46406
vn 0.54138 0.70112 -0.46406
vn 0.54138 0.70111 -0.46406
vn 0.45292 0.76126 -0.46406
vn 0.45292 0.76126 -0.46406
vn 0.35786 0.8103 -0.46406
vn 0.35786 0.8103 -0.46406
vn 0.25758 0.84753 -0.46406
vn 0.25758 0.84753 -0.46406
vn 0.15354 0.8724 -0.46406
vn 0.15354 0.8724 -0.46406
vn 0.04727 0.88454 -0.46406
vn 0.04726 0.88454 -0.46406
vn -0.0597 0.88379 -0.46406
vn -0.0597 0.88379 -0.46406
vn -0.16579 0.87015 -0.46406
vn -0.16579 0.87015 -0.46406
vn -0.26947 0.84382 -0.46406
vn -0.26947 0.84382 -0.46406
vn -0.36922 0.80519 -0.46406
vn -0.46358 0.75481 -0.46406
vn -0.46358 0.75481 -0.46406
vn -0.55118 0.69343 -0.46406
vn -0.63075 0.62194 -0.46406
vn -0.63075 0.62194 -0.46406
vn -0.70112 0.54138 -0.46406
vn -0.70111 0.54138 -0.46406
vn -0.76126 0.45292 -0.46406
vn -0.76126 0.45292 -0.46406
vn -0.8103 0.35786 -0.46406
vn -0.8103 0.35786 -0.46406
vn -0.84753 0.25758 -0.46406
vn -0.84753 0.25758 -0.46406
vn -0.8724 0.15354 -0.46406
vn -0.8724 0.15354 -0.46406
vn -0.88454 0.04727 -0.46406
vn -0.88454 0.04726 -0.46406
vn -0.88379 -0.0597 -0.46406
vn -0.88379 -0.0597 -0.46406
vn -0.87015 -0.16579 -0.46406
vn -0.87015 -0.16579 -0.46406
vn -0.84382 -0.26947 -0.46406
vn -0.84382 -0.26947 -0.46406
vn -0.80519 -0.36922 -0.46406
vn -0.75481 -0.46358 -0.46406
vn -0.75481 -0.46358 -0.46406
vn -0.69343 -0.55118 -0.46406
vn -0.62194 -0.63075 -0.46406
vn -0.62194 -0.63075 -0.46406
vn -0.54138 -0.70112 -0.46406
vn -0.54138 -0.70111 -0.46406
vn -0.45292 -0.76126 -0.46406
vn -0.45292 -0.76126 -0.46406
vn -0.35786 -0.8103 -0.46406
vn -0.35786 -0.8103 -0.46406
vn -0.25758 -0.84753 -0.46406
vn -0.25758 -0.84753 -0.46406
vn -0.15354 -0.8724 -0.46406
vn -0.15354 -0.8724 -0.46406
vn -0.04727 -0.88454 -0.46406
vn -0.04726 -0.88454 -0.46406
vn 0.0597 -0.88379 -0.46406
vn 0.0597 -0.88379 -0.46406
vn 0.16579 -0.87015 -0.46406
vn 0.16579 -0.87015 -0.46406
vn 0.26947 -0.84382 -0.46406
vn 0.26947 -0.84382 -0.46406
vn 0.36922 -0.80519 -0.46406
vn 0.46358 -0.75481 -0.46406
vn 0.46358 -0.75481 -0.46406
vn 0.55118 -0.69343 -0.46406
vn 0.63075 -0.62194 -0.46406
vn 0.63075 -0.62194 -0.46406
vn 0.70112 -0.54138 -0.46406
vn 0.70111 -0.54138 -0.46406
vn 0.76126 -0.45292 -0.46406
vn 0.76126 -0.45292 -0.46406
vn 0.8103 -0.35786 -0.46406
vn 0.8103 -0.35786 -0.46406
vn 0.84753 -0.25758 -0.46406
vn 0.78789 -0.23945 -0.56736
vn 0.811 -0.14274 -0.56736
vn 0.811 -0.14273 -0.56736
vn 0.8223 -0.04394 -0.56736
vn 0.8223 -0.04394 -0.56736
vn 0.8216 0.0555 -0.56736
vn 0.8216 0.0555 -0.56736
vn 0.80892 0.15413 -0.56736
vn 0.80892 0.15413 -0.56736
vn 0.78444 0.25051 -0.56736
vn 0.78444 0.25051 -0.56736
vn 0.74853 0.34323 -0.56736
vn 0.7017 0.43096 -0.56736
vn 0.7017 0.43096 -0.56736
vn 0.64463 0.51239 -0.56736
vn 0.64463 0.51239 -0.56736
vn 0.57817 0.58636 -0.56736
vn 0.57817 0.58636 -0.56736
vn 0.50328 0.65178 -0.56736
vn 0.50328 0.65178 -0.56736
vn 0.42105 0.70769 -0.56736
vn 0.42105 0.70769 -0.56736
vn 0.33267 0.75328 -0.56736
vn 0.33267 0.75328 -0.56736
vn 0.23945 0.78789 -0.56736
vn 0.23945 0.78789 -0.56736
vn 0.14274 0.811 -0.56736
vn 0.14273 0.811 -0.56736
vn 0.04394 0.8223 -0.56736
vn 0.04394 0.8223 -0.56736
vn -0.0555 0.8216 -0.56736
vn -0.0555 0.8216 -0.56736
vn -0.15413 0.80892 -0.56736
vn -0.15413 0.80892 -0.56736
vn -0.25051 0.78444 -0.56736
vn -0.25051 0.78444 -0.56736
vn -0.34323 0.74853 -0.56736
vn -0.43096 0.7017 -0.56736
vn -0.43096 0.7017 -0.56736
vn -0.51239 0.64463 -0.56736
vn -0.51239 0.64463 -0.56736
vn -0.58636 0.57817 -0.56736
vn -0.58636 0.57817 -0.56736
vn -0.65178 0.50328 -0.56736
vn -0.65178 0.50328 -0.56736
vn -0.70769 0.42105 -0.56736
vn -0.70769 0.42105 -0.56736
vn -0.75328 0.33267 -0.56736
vn -0.75328 0.33267 -0.56736
vn -0.78789 0.23945 -0.56736
vn -0.78789 0.23945 -0.56736
vn -0.811 0.14274 -0.56736
vn -0.811 0.14273 -0.56736
vn -0.8223 0.04394 -0.56736
vn -0.8223 0.04394 -0.56736
vn -0.8216 -0.0555 -0.56736
vn -0.8216 -0.0555 -0.56736
vn -0.80892 -0.15413 -0.56736
vn -0.80892 -0.15413 -0.56736
vn -0.78444 -0.25051 -0.56736
vn -0.78444 -0.25051 -0.56736
vn -0.74853 -0.34323 -0.56736
vn -0.7017 -0.43096 -0.56736
vn -0.7017 -0.43096 -0.56736
vn -0.64463 -0.51239 -0.56736
vn -0.64463 -0.51239 -0.56736
vn -0.57817 -0.58636 -0.56736
vn -0.57817 -0.58636 -0.56736
vn -0.50328 -0.65178 -0.56736
vn -0.50328 -0.65178 -0.56736
vn -0.42105 -0.70769 -0.56736
vn -0.42105 -0.70769 -0.56736
vn -0.33267 -0.75328 -0.56736
vn -0.33267 -0.75328 -0.56736
vn -0.23945 -0.78789 -0.56736
vn -0.23945 -0.78789 -0.56736
vn -0.14274 -0.811 -0.56736
vn -0.14273 -0.811 -0.56736
vn -0.04394 -0.8223 -0.56736
vn -0.04394 -0.8223 -0.56736
vn 0.0555 -0.8216 -0.56736
vn 0.0555 -0.8216 -0.56736
vn 0.15413 -0.80892 -0.56736
vn 0.15413 -0.80892 -0.56736
vn 0.25051 -0.78444 -0.56736
vn 0.25051 -0.78444 -0.56736
vn 0.34323 -0.74853 -0.56736
vn 0.43096 -0.7017 -0.56736
vn 0.43096 -0.7017 -0.56736
vn 0.51239 -0.64463 -0.56736
vn 0.51239 -0.64463 -0.56736
vn 0.58636 -0.57817 -0.56736
vn 0.58636 -0.57817 -0.56736
vn 0.65178 -0.50328 -0.56736
vn 0.65178 -0.50328 -0.56736
vn 0.70769 -0.42105 -0.56736
vn 0.70769 -0.42105 -0.56736
vn 0.75328 -0.33267 -0.56736
vn 0.75328 -0.33267 -0.56736
vn 0.78789 -0.23945 -0.56736
vn 0.71674 -0.21783 -0.66244
vn 0.73777 -0.12985 -0.66244
vn 0.73777 -0.12985 -0.66244
vn 0.74804 -0.03997 -0.66244
vn 0.74804 -0.03997 -0.66244
vn 0.74741 0.05049 -0.66244
vn 0.74741 0.05049 -0.66244
vn 0.73587 0.14021 -0.66244
vn 0.73587 0.14021 -0.66244
vn 0.71361 0.22789 -0.66244
vn 0.71361 0.22789 -0.66244
vn 0.68094 0.31224 -0.66244
vn 0.63833 0.39204 -0.66244
vn 0.63833 0.39204 -0.66244
vn 0.58643 0.46613 -0.66244
vn 0.58643 0.46613 -0.66244
vn 0.52596 0.53341 -0.66244
vn 0.52596 0.53341 -0.66244
vn 0.45783 0.59292 -0.66244
vn 0.45783 0.59292 -0.66244
vn 0.38303 0.64379 -0.66244
vn 0.38303 0.64378 -0.66244
vn 0.30263 0.68526 -0.66244
vn 0.30263 0.68526 -0.66244
vn 0.21783 0.71674 -0.66244
vn 0.21783 0.71674 -0.66244
vn 0.12985 0.73777 -0.66244
vn 0.12985 0.73777 -0.66244
vn 0.03997 0.74804 -0.66244
vn 0.03997 0.74804 -0.66244
vn -0.05049 0.74741 -0.66244
vn -0.05049 0.74741 -0.66244
vn -0.14021 0.73587 -0.66244
vn -0.14021 0.73587 -0.66244
vn -0.22789 0.71361 -0.66244
vn -0.22789 0.71361 -0.66244
vn -0.31224 0.68094 -0.66244
vn -0.39204 0.63833 -0.66244
vn -0.39204 0.63833 -0.66244
vn -0.46613 0.58643 -0.66244
vn -0.46613 0.58643 -0.66244
vn -0.53341 0.52596 -0.66244
vn -0.53341 0.52596 -0.66244
vn -0.59292 0.45783 -0.66244
vn -0.59292 0.45783 -0.66244
vn -0.64379 0.38303 -0.66244
vn -0.64378 0.38303 -0.66244
vn -0.68526 0.30263 -0.66244
vn -0.68526 0.30263 -0.66244
vn -0.71674 0.21783 -0.66244
vn -0.71674 0.21783 -0.66244
vn -0.73777 0.12985 -0.66244
vn -0.73777 0.12985 -0.66244
vn -0.74804 0.03997 -0.66244
vn -0.74804 0.03997 -0.66244
vn -0.74741 -0.05049 -0.66244
vn -0.74741 -0.05049 -0.66244
vn -0.73587 -0.14021 -0.66244
vn -0.73587 -0.14021 -0.66244
vn -0.71361 -0.22789 -0.66244
vn -0.71361 -0.22789 -0.66244
vn -0.68094 -0.31224 -0.66244
vn -0.63833 -0.39204 -0.66244
vn -0.63833 -0.39204 -0.66244
vn -0.58643 -0.46613 -0.66244
vn -0.58643 -0.46613 -0.66244
vn -0.52596 -0.53341 -0.66244
vn -0.52596 -0.53341 -0.66244
vn -0.45783 -0.59292 -0.66244
vn -0.45783 -0.59292 -0.66244
vn -0.38303 -0.64379 -0.66244
vn -0.38303 -0.64378 -0.66244
vn -0.30263 -0.68526 -0.66244
vn -0.30263 -0.68526 -0.66244
vn -0.21783 -0.71674 -0.66244
vn -0.21783 -0.71674 -0.66244
vn -0.12985 -0.73777 -0.66244
vn -0.12985 -0.73777 -0.66244
vn -0.03997 -0.74804 -0.66244
vn -0.03997 -0.74804 -0.66244
vn 0.05049 -0.74741 -0.66244
vn 0.05049 -0.74741 -0.66244
vn 0.14021 -0.73587 -0.66244
vn 0.14021 -0.73587 -0.66244
vn 0.22789 -0.71361 -0.66244
vn 0.22789 -0.71361 -0.66244
vn 0.31224 -0.68094 -0.66244
vn 0.39204 -0.63833 -0.66244
vn 0.39204 -0.63833 -0.66244
vn 0.46613 -0.58643 -0.66244
vn 0.46613 -0.58643 -0.66244
vn 0.53341 -0.52596 -0.66244
vn 0.53341 -0.52596 -0.66244
vn 0.59292 -0.45783 -0.66244
vn 0.59292 -0.45783 -0.66244
vn 0.64379 -0.38303 -0.66244
vn 0.64378 -0.38303 -0.66244
vn 0.68526 -0.30263 -0.66244
vn 0.68526 -0.30263 -0.66244
vn 0.71674 -0.21783 -0.66244
vn -0 -0 -1
vn 0.23248 0.9726 -0
vn -0.00703 0.99998 -0
vn -0.24614 0.96924 -0
vn -0.47094 0.88217 -0
vn -0.66837 0.74383 0
vn -0.82696 0.56226 0
vn -0.93749 0.34802 0
vn -0.99353 0.11355 0
vn -0.99184 -0.12751 0
vn -0.9325 -0.36117 0
vn -0.81897 -0.57384 0
vn -0.65784 -0.75316 0
vn -0.45849 -0.8887 0
vn -0.23248 -0.9726 0
vn 0.00703 -0.99998 0
vn 0.24614 -0.96924 0
vn 0.47094 -0.88217 0
vn 0.66837 -0.74383 -0
vn 0.82696 -0.56226 -0
vn 0.93749 -0.34802 -0
vn 0.99353 -0.11355 -0
vn 0.99184 0.12751 -0
vn 0.9325 0.36117 -0
vn 0.81897 0.57384 -0
vn 0.65784 0.75316 -0
vn 0.45849 0.8887 -0
vn 0 0 1
vn 0 0 1
vn -0 0 -1
vn 0 -0 -1
vn -0 0 -1
vn 0 -0 -1
vn 0 0 -1
vn 0 0 -1
vn 0 -0 -1
vn 0 0 -1
vn -0 -0 -1
vn -0 -0 -1
vn -0 -0 -1
vn 0 0 -1
vn -0 0 -1
vn 0 -0 -1
vn -0 0 -1
vn -0 0 -1
vn 0 0 -1
vn -0 0 -1
vn 0 0 -1
vn -0 -0 -1
vn -0 -0 -1
vn 0 -0 -1
vn 0 -0 -1
vn -0.93003 -0.36749 0
vn -0.80322 -0.59568 0
vn -0.62168 -0.78327 0
vn -0.39777 -0.91749 0
vn -0.14675 -0.98917 0
vn 0.11426 -0.99345 0
vn 0.11426 -0.99345 0
vn 0.36749 -0.93003 0
vn 0.36749 -0.93003 0
vn 0.59568 -0.80322 0
vn 0.78327 -0.62168 0
vn 0.91749 -0.39777 -0
vn 0.98917 -0.14675 -0
vn 0.99345 0.11426 -0
vn 0.93003 0.36749 -0
vn 0.80322 0.59568 -0
vn 0.62168 0.78327 -0
vn 0.39777 0.91749 -0
vn 0.14675 0.98917 -0
vn -0.11426 0.99345 -0
vn -0.11426 0.99345 -0
vn -0.36749 0.93003 -0
vn -0.36749 0.93003 -0
vn -0.59568 0.80322 -0
vn -0.78327 0.62168 -0
vn -0.91749 0.39777 0
vn -0.98917 0.14675 0
vn -0.99345 -0.11426 0
vn -0 -0 -1
vn -0.93933 -0.34302 0
vn -0.84748 -0.53082 0
vn -0.7186 -0.69543 0
vn -0.55831 -0.82963 0
vn -0.37362 -0.92758 0
vn -0.1726 -0.98499 0
vn 0.03597 -0.99935 0
vn 0.24296 -0.97004 0
vn 0.43933 -0.89833 0
vn 0.6165 -0.78735 0
vn 0.76673 -0.64197 0
vn 0.88345 -0.46853 -0
vn 0.96156 -0.27461 -0
vn 0.99764 -0.06869 -0
vn 0.99012 0.14023 -0
vn 0.93933 0.34302 -0
vn 0.84748 0.53082 -0
vn 0.7186 0.69543 -0
vn 0.55831 0.82963 -0
vn 0.37362 0.92758 -0
vn 0.1726 0.98499 -0
vn -0.03597 0.99935 -0
vn -0.24296 0.97004 -0
vn -0.43933 0.89833 -0
vn -0.6165 0.78735 -0
vn -0.76673 0.64197 -0
vn -0.88345 0.46853 0
vn -0.96156 0.27461 0
vn -0.99764 0.06869 0
vn -0.99012 -0.14023 0
vn 0 0 -1
vn 0 0 -1
vn -0 -0 1
vn -0 -0 1
vn 0.76061 0.6492 0
vn 0.70591 0.7083 0
vn 0.70591 0.7083 0
vn 0.61538 0.78823 0
vn 0.48098 0.87673 0
vn 0.33411 0.94253 0
vn 0.17859 0.98392 0
vn 0.01844 0.99983 0
vn -0.14218 0.98984 0
vn -0.29912 0.95422 0
vn -0.44831 0.89388 0
vn -0.5859 0.81039 0
vn -0.7083 0.70591 0
vn -0.81237 0.58315 0
vn -0.89539 0.44528 0
vn -0.95522 0.29589 -0
vn -0.99032 0.13883 -0
vn -0.99976 -0.02183 -0
vn -0.98331 -0.18192 -0
vn -0.9414 -0.3373 -0
vn -0.8751 -0.48394 -0
vn -0.78614 -0.61805 -0
vn -0.67681 -0.73615 -0
vn -0.54996 -0.83519 -0
vn -0.40887 -0.91259 -0
vn -0.25718 -0.96636 -0
vn -0.09884 -0.9951 -0
vn 0.06207 -0.99807 -0
vn 0.22137 -0.97519 -0
vn 0.37493 -0.92705 -0
vn 0.51879 -0.8549 -0
vn 0.6492 -0.76061 -0
vn 0.76281 -0.64662 -0
vn 0.85666 -0.51589 -0
vn 0.92832 -0.37179 -0
vn 0.97593 -0.21806 0
vn 0.99828 -0.05869 0
vn 0.99476 0.10221 0
vn 0.96549 0.26045 0
vn 0.9112 0.41196 0
vn 0.83332 0.55279 0
vn 0.76061 0.6492 0
vn 0.65318 0.7572 0
vn 0.46831 0.88356 0
vn 0.25996 0.96562 0
vn 0.03857 0.99926 0
vn -0.18475 0.98279 0
vn -0.39881 0.91703 0
vn -0.59287 0.8053 0
vn -0.7572 0.65318 0
vn -0.88356 0.46831 0
vn -0.96562 0.25996 -0
vn -0.99926 0.03857 -0
vn -0.98279 -0.18475 -0
vn -0.91703 -0.39881 -0
vn -0.8053 -0.59287 -0
vn -0.65318 -0.7572 -0
vn -0.46831 -0.88356 -0
vn -0.25996 -0.96562 -0
vn -0.03857 -0.99926 -0
vn 0.18475 -0.98279 -0
vn 0.39881 -0.91703 -0
vn 0.59287 -0.8053 -0
vn 0.7572 -0.65318 -0
vn 0.88356 -0.46831 -0
vn 0.96562 -0.25996 0
vn 0.99926 -0.03857 0
vn 0.98279 0.18475 0
vn 0.91703 0.39881 0
vn 0.8053 0.59287 0
f 1//1 2//1 3//1
f 3//1 2//1 4//1
f 3//2 4//2 5//2
f 5//1 4//1 6//1
f 5//1 6//1 7//1
f 7//1 6//1 8//1
f 7//1 8//1 9//1
f 9//1 8//1 10//1
f 9//1 10//1 11//1
f 11//1 10//1 12//1
f 11//1 12//1 13//1
f 13//2 12//2 14//2
f 13//1 14//1 15//1
f 15//1 14//1 16//1
f 15//1 16//1 17//1
f 17//1 16//1 18//1
f 17//1 18//1 19//1
f 19//1 18//1 20//1
f 19//2 20//2 21//2
f 21//1 20//1 22//1
f 21//1 22//1 23//1
f 23//1 22//1 24//1
f 23//1 24//1 25//1
f 25//1 24//1 26//1
f 25//1 26//1 27//1
f 27//1 26//1 28//1
f 27//1 28//1 29//1
f 29//1 28//1 30//1
f 29//1 30//1 31//1
f 31//1 30//1 32//1
f 31//1 32//1 33//1
f 33//1 32//1 34//1
f 33//2 34//2 35//2
f 35//1 34//1 36//1
f 35//1 36//1 37//1
f 37//1 36//1 38//1
f 37//1 38//1 39//1
f 39//1 38//1 40//1
f 39//1 40//1 41//1
f 41//1 40//1 42//1
f 41//1 42//1 43//1
f 43//2 42//2 44//2
f 43//1 44//1 45//1
f 45//1 44//1 46//1
f 45//1 46//1 47//1
f 47//1 46//1 48//1
f 47//1 48//1 49//1
f 49//1 48//1 50//1
f 49//1 50//1 51//1
f 51//2 50//2 52//2
f 51//1 52//1 53//1
f 53//2 52//2 54//2
f 53//1 54//1 55//1
f 55//1 54//1 56//1
f 55//1 56//1 57//1
f 57//1 56//1 58//1
f 57//1 58//1 59//1
f 59//2 58//2 60//2
f 59//1 60//1 61//1
f 61//1 60//1 62//1
f 61//1 62//1 63//1
f 63//1 62//1 64//1
f 63//1 64//1 65//1
f 65//1 64//1 66//1
f 65//1 66//1 67//1
f 67//1 66//1 68//1
f 67//2 68//2 69//2
f 69//1 68//1 70//1
f 69//1 70//1 71//1
f 71//2 70//2 72//2
f 71//1 72//1 73//1
f 73//1 72//1 74//1
f 73//1 74//1 1//1
f 1//1 74//1 2//1
f 66//3 75//3 76//3
f 66//4 76//4 68//4
f 75//5 66//5 77//5
f 77//6 66//6 64//6
f 77//7 64//7 78//7
f 78//8 64//8 79//8
f 79//9 64//9 62//9
f 79//10 62//10 80//10
f 80//11 62//11 81//11
f 81//12 62//12 60//12
f 81//13 60//13 82//13
f 82//14 60//14 83//14
f 83//15 60//15 58//15
f 83//16 58//16 84//16
f 84//17 58//17 85//17
f 85//18 58//18 56//18
f 85//19 56//19 86//19
f 86//20 56//20 87//20
f 87//21 56//21 54//21
f 87//22 54//22 88//22
f 88//23 54//23 89//23
f 89//24 54//24 52//24
f 89//25 52//25 90//25
f 90//26 52//26 91//26
f 91//27 52//27 50//27
f 91//28 50//28 92//28
f 92//29 50//29 93//29
f 93//30 50//30 48//30
f 93//31 48//31 94//31
f 94//32 48//32 95//32
f 95//33 48//33 46//33
f 95//34 46//34 96//34
f 96//35 46//35 97//35
f 97//36 46//36 44//36
f 97//37 44//37 98//37
f 98//38 44//38 99//38
f 99//39 44//39 42//39
f 99//40 42//40 100//40
f 100//41 42//41 101//41
f 101//42 42//42 40//42
f 101//43 40//43 102//43
f 102//44 40//44 103//44
f 103//45 40//45 38//45
f 103//46 38//46 104//46
f 104//47 38//47 105//47
f 105//48 38//48 36//48
f 105//49 36//49 106//49
f 106//50 36//50 107//50
f 107//51 36//51 34//51
f 107//52 34//52 108//52
f 108//53 34//53 109//53
f 109//54 34//54 32//54
f 109//55 32//55 110//55
f 30//56 111//56 32//56
f 32//57 111//57 112//57
f 32//58 112//58 110//58
f 28//59 26//59 113//59
f 113//60 114//60 28//60
f 28//61 114//61 115//61
f 28//62 115//62 30//62
f 30//63 115//63 116//63
f 30//64 116//64 111//64
f 24//65 22//65 117//65
f 117//66 118//66 24//66
f 24//67 118//67 119//67
f 24//68 119//68 26//68
f 26//69 119//69 120//69
f 26//70 120//70 113//70
f 20//71 18//71 121//71
f 121//72 122//72 20//72
f 20//73 122//73 123//73
f 20//74 123//74 22//74
f 22//75 123//75 124//75
f 22//76 124//76 117//76
f 16//77 14//77 125//77
f 125//78 126//78 16//78
f 16//79 126//79 127//79
f 16//80 127//80 18//80
f 18//81 127//81 128//81
f 18//82 128//82 121//82
f 12//83 10//83 129//83
f 129//84 130//84 12//84
f 12//85 130//85 131//85
f 12//86 131//86 14//86
f 14//87 131//87 132//87
f 14//88 132//88 125//88
f 8//89 6//89 133//89
f 133//90 134//90 8//90
f 8//91 134//91 135//91
f 8//92 135//92 10//92
f 10//93 135//93 136//93
f 10//94 136//94 129//94
f 4//95 2//95 137//95
f 137//96 138//96 4//96
f 4//97 138//97 139//97
f 4//98 139//98 6//98
f 6//99 139//99 140//99
f 6//100 140//100 133//100
f 74//101 72//101 141//101
f 141//102 142//102 74//102
f 74//103 142//103 143//103
f 74//104 143//104 2//104
f 2//105 143//105 144//105
f 2//106 144//106 137//106
f 76//107 145//107 68//107
f 68//108 145//108 146//108
f 68//109 146//109 70//109
f 70//110 146//110 147//110
f 70//111 147//111 72//111
f 72//112 147//112 148//112
f 72//113 148//113 141//113
f 149//114 105//114 106//114
f 149//115 106//115 150//115
f 105//116 149//116 104//116
f 104//117 149//117 151//117
f 104//118 151//118 103//118
f 103//119 151//119 102//119
f 102//120 151//120 152//120
f 102//121 152//121 101//121
f 101//122 152//122 100//122
f 100//123 152//123 153//123
f 100//124 153//124 99//124
f 99//125 153//125 98//125
f 98//126 153//126 154//126
f 98//127 154//127 97//127
f 97//128 154//128 96//128
f 96//129 154//129 155//129
f 96//130 155//130 95//130
f 95//131 155//131 94//131
f 94//132 155//132 156//132
f 94//133 156//133 93//133
f 93//134 156//134 92//134
f 92//135 156//135 157//135
f 92//136 157//136 91//136
f 91//137 157//137 90//137
f 90//138 157//138 158//138
f 90//139 158//139 89//139
f 89//140 158//140 88//140
f 88//141 158//141 159//141
f 88//142 159//142 87//142
f 87//143 159//143 86//143
f 86//144 159//144 160//144
f 86//145 160//145 85//145
f 85//146 160//146 84//146
f 84//147 160//147 161//147
f 84//148 161//148 83//148
f 83//149 161//149 82//149
f 82//150 161//150 162//150
f 82//151 162//151 81//151
f 81//152 162//152 80//152
f 80//153 162//153 163//153
f 80//154 163//154 79//154
f 79//155 163//155 78//155
f 78//156 163//156 164//156
f 78//157 164//157 77//157
f 77//158 164//158 75//158
f 75//159 164//159 165//159
f 75//160 165//160 76//160
f 76//161 165//161 145//161
f 145//162 165//162 166//162
f 145//163 166//163 146//163
f 146//164 166//164 167//164
f 146//165 167//165 147//165
f 147//166 167//166 168//166
f 147//167 168//167 148//167
f 169//168 142//168 168//168
f 168//169 142//169 141//169
f 168//170 141//170 148//170
f 170//171 171//171 138//171
f 138//172 137//172 170//172
f 170//173 137//173 144//173
f 170//174 144//174 169//174
f 169//175 144//175 143//175
f 169//176 143//176 142//176
f 172//177 173//177 134//177
f 134//178 133//178 172//178
f 172//179 133//179 140//179
f 172//180 140//180 171//180
f 171//181 140//181 139//181
f 171//182 139//182 138//182
f 174//183 175//183 130//183
f 130//184 129//184 174//184
f 174//185 129//185 136//185
f 174//186 136//186 173//186
f 173//187 136//187 135//187
f 173//188 135//188 134//188
f 176//189 177//189 126//189
f 126//190 125//190 176//190
f 176//191 125//191 132//191
f 176//192 132//192 175//192
f 175//193 132//193 131//193
f 175//194 131//194 130//194
f 178//195 179//195 122//195
f 122//196 121//196 178//196
f 178//197 121//197 128//197
f 178//198 128//198 177//198
f 177//199 128//199 127//199
f 177//200 127//200 126//200
f 180//201 181//201 118//201
f 118//202 117//202 180//202
f 180//203 117//203 124//203
f 180//204 124//204 179//204
f 179//205 124//205 123//205
f 179//206 123//206 122//206
f 182//207 183//207 114//207
f 114//208 113//208 182//208
f 182//209 113//209 120//209
f 182//210 120//210 181//210
f 181//211 120//211 119//211
f 181//212 119//212 118//212
f 184//213 185//213 112//213
f 112//214 111//214 184//214
f 184//215 111//215 116//215
f 184//216 116//216 183//216
f 183//217 116//217 115//217
f 183//218 115//218 114//218
f 106//219 107//219 150//219
f 150//220 107//220 108//220
f 150//221 108//221 186//221
f 186//222 108//222 109//222
f 186//223 109//223 185//223
f 185//224 109//224 110//224
f 185//225 110//225 112//225
f 187//226 188//226 179//226
f 189//227 190//227 150//227
f 191//228 192//228 157//228
f 193//229 194//229 164//229
f 165//230 195//230 166//230
f 166//231 195//231 196//231
f 164//232 194//232 165//232
f 165//233 194//233 197//233
f 165//234 197//234 195//234
f 193//235 164//235 198//235
f 198//236 164//236 163//236
f 198//237 163//237 199//237
f 199//238 163//238 162//238
f 199//239 162//239 200//239
f 200//240 162//240 201//240
f 201//241 162//241 161//241
f 201//242 161//242 202//242
f 202//243 161//243 203//243
f 203//244 161//244 160//244
f 203//245 160//245 204//245
f 204//246 160//246 159//246
f 204//247 159//247 205//247
f 157//248 192//248 158//248
f 192//249 206//249 158//249
f 158//250 206//250 207//250
f 158//251 207//251 159//251
f 159//252 207//252 208//252
f 159//253 208//253 205//253
f 191//254 157//254 209//254
f 209//255 157//255 156//255
f 209//256 156//256 210//256
f 210//257 156//257 155//257
f 210//258 155//258 211//258
f 211//259 155//259 212//259
f 212//260 155//260 154//260
f 212//261 154//261 213//261
f 213//262 154//262 214//262
f 214//263 154//263 153//263
f 214//264 153//264 215//264
f 215//265 153//265 216//265
f 216//266 153//266 152//266
f 216//267 152//267 217//267
f 217//268 152//268 151//268
f 217//269 151//269 218//269
f 150//270 190//270 149//270
f 190//271 219//271 149//271
f 149//272 219//272 220//272
f 149//273 220//273 151//273
f 151//274 220//274 221//274
f 151//275 221//275 218//275
f 189//276 150//276 222//276
f 222//277 150//277 186//277
f 222//278 186//278 223//278
f 223//279 186//279 185//279
f 223//280 185//280 224//280
f 224//281 185//281 225//281
f 225//282 185//282 184//282
f 225//283 184//283 226//283
f 226//284 184//284 227//284
f 227//285 184//285 183//285
f 227//286 183//286 228//286
f 228//287 183//287 182//287
f 228//288 182//288 229//288
f 181//289 230//289 182//289
f 182//290 230//290 231//290
f 182//291 231//291 229//291
f 179//292 188//292 180//292
f 188//293 232//293 180//293
f 180//294 232//294 233//294
f 180//295 233//295 181//295
f 181//296 233//296 234//296
f 181//297 234//297 230//297
f 187//298 179//298 235//298
f 235//299 179//299 178//299
f 235//300 178//300 236//300
f 236//301 178//301 177//301
f 236//302 177//302 237//302
f 237//303 177//303 238//303
f 238//304 177//304 176//304
f 238//305 176//305 239//305
f 239//306 176//306 240//306
f 240//307 176//307 175//307
f 240//308 175//308 241//308
f 241//309 175//309 174//309
f 241//310 174//310 242//310
f 173//311 172//311 243//311
f 243//312 244//312 173//312
f 173//313 244//313 245//313
f 173//314 245//314 174//314
f 174//315 245//315 246//315
f 174//316 246//316 242//316
f 170//317 247//317 171//317
f 171//318 247//318 248//318
f 171//319 248//319 172//319
f 172//320 248//320 249//320
f 172//321 249//321 243//321
f 169//322 250//322 170//322
f 170//323 250//323 251//323
f 170//324 251//324 247//324
f 196//325 252//325 166//325
f 166//326 252//326 253//326
f 166//327 253//327 167//327
f 167//328 253//328 254//328
f 167//329 254//329 168//329
f 168//330 254//330 255//330
f 168//331 255//331 169//331
f 169//332 255//332 256//332
f 169//333 256//333 250//333
f 252//334 257//334 258//334
f 252//335 196//335 257//335
f 257//336 196//336 195//336
f 257//337 195//337 259//337
f 195//338 197//338 259//338
f 259//339 197//339 194//339
f 259//340 194//340 260//340
f 194//341 193//341 260//341
f 260//342 193//342 198//342
f 260//343 198//343 261//343
f 198//344 199//344 261//344
f 261//345 199//345 200//345
f 261//346 200//346 262//346
f 203//347 263//347 202//347
f 202//348 263//348 262//348
f 202//349 262//349 201//349
f 201//350 262//350 200//350
f 203//351 204//351 263//351
f 263//352 204//352 205//352
f 263//353 205//353 264//353
f 205//354 208//354 264//354
f 264//355 208//355 207//355
f 264//356 207//356 265//356
f 207//357 206//357 265//357
f 265//358 206//358 192//358
f 265//359 192//359 266//359
f 192//360 191//360 266//360
f 266//361 191//361 209//361
f 266//362 209//362 267//362
f 209//363 210//363 267//363
f 267//364 210//364 211//364
f 267//365 211//365 268//365
f 211//366 212//366 268//366
f 268//367 212//367 213//367
f 268//368 213//368 269//368
f 216//369 270//369 215//369
f 215//370 270//370 269//370
f 215//371 269//371 214//371
f 214//372 269//372 213//372
f 216//373 217//373 270//373
f 270//374 217//374 218//374
f 270//375 218//375 271//375
f 218//376 221//376 271//376
f 271//377 221//377 220//377
f 271//378 220//378 272//378
f 220//379 219//379 272//379
f 272//380 219//380 190//380
f 272//381 190//381 273//381
f 190//382 189//382 273//382
f 273//383 189//383 222//383
f 273//384 222//384 274//384
f 222//385 223//385 274//385
f 274//386 223//386 224//386
f 274//387 224//387 275//387
f 227//388 276//388 226//388
f 226//389 276//389 275//389
f 226//390 275//390 225//390
f 225//391 275//391 224//391
f 227//392 228//392 276//392
f 276//393 228//393 229//393
f 276//394 229//394 277//394
f 229//395 231//395 277//395
f 277//396 231//396 230//396
f 277//397 230//397 278//397
f 230//398 234//398 278//398
f 278//399 234//399 233//399
f 278//400 233//400 279//400
f 233//401 232//401 279//401
f 279//402 232//402 188//402
f 279//403 188//403 280//403
f 188//404 187//404 280//404
f 280//405 187//405 235//405
f 280//406 235//406 281//406
f 235//407 236//407 281//407
f 281//408 236//408 237//408
f 281//409 237//409 282//409
f 240//410 283//410 239//410
f 239//411 283//411 282//411
f 239//412 282//412 238//412
f 238//413 282//413 237//413
f 240//414 241//414 283//414
f 283//415 241//415 242//415
f 283//416 242//416 284//416
f 242//417 246//417 284//417
f 284//418 246//418 245//418
f 284//419 245//419 285//419
f 245//420 244//420 285//420
f 285//421 244//421 243//421
f 285//422 243//422 286//422
f 243//423 249//423 286//423
f 286//424 249//424 248//424
f 286//425 248//425 287//425
f 248//426 247//426 287//426
f 287//427 247//427 251//427
f 287//428 251//428 288//428
f 251//429 250//429 288//429
f 288//430 250//430 256//430
f 288//431 256//431 289//431
f 256//432 255//432 289//432
f 289//433 255//433 254//433
f 289//434 254//434 258//434
f 258//435 254//435 253//435
f 258//436 253//436 252//436
f 290//437 271//437 272//437
f 290//438 272//438 291//438
f 266//437 267//437 292//437
f 292//437 267//437 293//437
f 262//437 263//437 294//437
f 294//437 263//437 264//437
f 294//437 264//437 292//437
f 292//437 264//437 265//437
f 292//437 265//437 266//437
f 267//437 268//437 293//437
f 293//437 268//437 269//437
f 293//437 269//437 290//437
f 290//437 269//437 270//437
f 290//437 270//437 271//437
f 262//438 294//438 261//438
f 261//437 294//437 295//437
f 261//437 295//437 260//437
f 287//437 296//437 286//437
f 286//437 296//437 297//437
f 286//438 297//438 285//438
f 298//437 257//437 295//437
f 295//437 257//437 259//437
f 295//437 259//437 260//437
f 287//437 288//437 296//437
f 296//437 288//437 289//437
f 296//437 289//437 298//437
f 298//437 289//437 258//437
f 298//437 258//437 257//437
f 281//437 282//437 299//437
f 299//437 282//437 283//437
f 299//437 283//437 297//437
f 297//437 283//437 284//437
f 297//437 284//437 285//437
f 275//438 300//438 274//438
f 274//437 300//437 291//437
f 274//437 291//437 273//437
f 273//437 291//437 272//437
f 281//437 299//437 280//437
f 280//437 299//437 301//437
f 280//437 301//437 279//437
f 275//437 276//437 300//437
f 300//437 276//437 277//437
f 300//437 277//437 301//437
f 301//437 277//437 278//437
f 301//437 278//437 279//437
f 298//439 302//439 296//439
f 296//439 302//439 303//439
f 296//440 303//440 297//440
f 297//440 303//440 304//440
f 297//441 304//441 299//441
f 299//441 304//441 305//441
f 299//442 305//442 301//442
f 301//442 305//442 306//442
f 301//443 306//443 300//443
f 300//443 306//443 307//443
f 300//444 307//444 291//444
f 291//444 307//444 308//444
f 291//445 308//445 290//445
f 290//445 308//445 309//445
f 290//446 309//446 293//446
f 293//446 309//446 310//446
f 293//447 310//447 292//447
f 292//447 310//447 311//447
f 292//448 311//448 294//448
f 294//448 311//448 312//448
f 294//449 312//449 295//449
f 295//449 312//449 313//449
f 295//450 313//450 298//450
f 298//450 313//450 302//450
f 313//1 314//1 302//1
f 302//2 314//2 315//2
f 302//1 315//1 316//1
f 317//1 311//1 310//1
f 318//1 319//1 310//1
f 310//1 319//1 320//1
f 310//1 320//1 317//1
f 321//1 322//1 312//1
f 312//1 322//1 323//1
f 312//1 323//1 313//1
f 313//1 323//1 324//1
f 313//1 324//1 314//1
f 325//1 326//1 304//1
f 304//1 326//1 327//1
f 304//1 327//1 305//1
f 317//2 328//2 311//2
f 311//1 328//1 329//1
f 311//2 329//2 312//2
f 312//1 329//1 330//1
f 312//1 330//1 321//1
f 325//1 304//1 331//1
f 331//1 304//1 303//1
f 331//2 303//2 332//2
f 316//2 333//2 302//2
f 302//2 333//2 334//2
f 302//1 334//1 303//1
f 303//1 334//1 335//1
f 303//1 335//1 332//1
f 318//1 310//1 336//1
f 336//1 310//1 309//1
f 336//1 309//1 337//1
f 338//2 307//2 339//2
f 339//1 307//1 306//1
f 339//1 306//1 340//1
f 327//1 341//1 305//1
f 305//2 341//2 342//2
f 305//1 342//1 306//1
f 306//1 342//1 343//1
f 306//1 343//1 340//1
f 344//2 345//2 308//2
f 308//2 345//2 346//2
f 308//1 346//1 309//1
f 309//1 346//1 347//1
f 309//1 347//1 337//1
f 338//1 348//1 307//1
f 307//1 348//1 349//1
f 307//1 349//1 308//1
f 308//1 349//1 350//1
f 308//2 350//2 344//2
f 351//451 316//451 315//451
f 314//452 352//452 315//452
f 315//453 352//453 353//453
f 315//454 353//454 351//454
f 324//455 354//455 314//455
f 314//456 354//456 355//456
f 314//457 355//457 352//457
f 323//458 356//458 324//458
f 324//459 356//459 357//459
f 324//460 357//460 354//460
f 322//461 358//461 323//461
f 323//462 358//462 359//462
f 323//463 359//463 356//463
f 321//464 360//464 322//464
f 322//465 360//465 361//465
f 322//466 361//466 358//466
f 330//467 362//467 321//467
f 321//468 362//468 363//468
f 321//469 363//469 360//469
f 329//470 364//470 330//470
f 330//471 364//471 365//471
f 330//472 365//472 362//472
f 328//473 366//473 329//473
f 329//474 366//474 367//474
f 329//475 367//475 364//475
f 317//476 368//476 328//476
f 328//477 368//477 369//477
f 328//478 369//478 366//478
f 320//479 370//479 317//479
f 317//480 370//480 371//480
f 317//481 371//481 368//481
f 319//482 372//482 320//482
f 320//483 372//483 373//483
f 320//484 373//484 370//484
f 318//485 374//485 319//485
f 319//486 374//486 375//486
f 319//487 375//487 372//487
f 336//488 376//488 318//488
f 318//489 376//489 377//489
f 318//490 377//490 374//490
f 337//491 378//491 336//491
f 336//492 378//492 379//492
f 336//493 379//493 376//493
f 347//494 380//494 337//494
f 337//495 380//495 381//495
f 337//496 381//496 378//496
f 346//497 382//497 347//497
f 347//498 382//498 383//498
f 347//499 383//499 380//499
f 345//500 384//500 346//500
f 346//501 384//501 385//501
f 346//502 385//502 382//502
f 344//503 386//503 345//503
f 345//504 386//504 387//504
f 345//505 387//505 384//505
f 350//506 388//506 344//506
f 344//507 388//507 389//507
f 344//508 389//508 386//508
f 349//509 390//509 350//509
f 350//510 390//510 391//510
f 350//511 391//511 388//511
f 348//512 392//512 349//512
f 349//513 392//513 393//513
f 349//514 393//514 390//514
f 338//515 394//515 348//515
f 348//516 394//516 395//516
f 348//517 395//517 392//517
f 339//518 396//518 338//518
f 338//519 396//519 397//519
f 338//520 397//520 394//520
f 340//521 398//521 339//521
f 339//522 398//522 399//522
f 339//523 399//523 396//523
f 343//524 400//524 340//524
f 340//525 400//525 401//525
f 340//526 401//526 398//526
f 342//527 402//527 343//527
f 343//528 402//528 403//528
f 343//529 403//529 400//529
f 341//530 404//530 342//530
f 342//531 404//531 405//531
f 342//532 405//532 402//532
f 327//533 406//533 341//533
f 341//534 406//534 407//534
f 341//535 407//535 404//535
f 326//536 408//536 327//536
f 327//537 408//537 409//537
f 327//538 409//538 406//538
f 325//539 410//539 326//539
f 326//540 410//540 411//540
f 326//541 411//541 408//541
f 331//542 412//542 325//542
f 325//543 412//543 413//543
f 325//544 413//544 410//544
f 332//545 414//545 331//545
f 331//546 414//546 415//546
f 331//547 415//547 412//547
f 335//548 416//548 332//548
f 332//549 416//549 417//549
f 332//550 417//550 414//550
f 334//551 418//551 335//551
f 335//552 418//552 419//552
f 335//553 419//553 416//553
f 333//554 420//554 334//554
f 334//555 420//555 421//555
f 334//556 421//556 418//556
f 351//557 422//557 316//557
f 316//558 422//558 423//558
f 316//559 423//559 333//559
f 333//560 423//560 424//560
f 333//561 424//561 420//561
f 425//562 389//562 426//562
f 426//563 389//563 388//563
f 426//564 388//564 427//564
f 427//565 388//565 391//565
f 427//566 391//566 428//566
f 428//567 391//567 390//567
f 428//568 390//568 429//568
f 429//569 390//569 393//569
f 429//570 393//570 430//570
f 430//571 393//571 392//571
f 430//572 392//572 431//572
f 431//573 392//573 395//573
f 431//574 395//574 432//574
f 432//575 395//575 394//575
f 432//576 394//576 433//576
f 433//577 394//577 397//577
f 433//578 397//578 434//578
f 434//579 397//579 396//579
f 434//580 396//580 435//580
f 435//581 396//581 399//581
f 435//582 399//582 436//582
f 436//583 399//583 398//583
f 436//584 398//584 437//584
f 437//585 398//585 401//585
f 437//586 401//586 438//586
f 438//587 401//587 400//587
f 438//588 400//588 439//588
f 439//589 400//589 403//589
f 439//590 403//590 440//590
f 440//591 403//591 402//591
f 440//592 402//592 441//592
f 441//593 402//593 405//593
f 441//594 405//594 442//594
f 442//595 405//595 404//595
f 442//596 404//596 443//596
f 443//596 404//596 407//596
f 443//597 407//597 444//597
f 444//598 407//598 406//598
f 444//599 406//599 445//599
f 445//600 406//600 409//600
f 445//601 409//601 446//601
f 446//602 409//602 408//602
f 446//603 408//603 447//603
f 447//604 408//604 411//604
f 447//605 411//605 448//605
f 448//606 411//606 410//606
f 448//607 410//607 449//607
f 449//608 410//608 413//608
f 449//609 413//609 450//609
f 450//610 413//610 412//610
f 450//611 412//611 451//611
f 451//612 412//612 415//612
f 451//613 415//613 452//613
f 452//614 415//614 414//614
f 452//615 414//615 453//615
f 453//616 414//616 417//616
f 453//617 417//617 454//617
f 454//618 417//618 416//618
f 454//619 416//619 455//619
f 455//620 416//620 419//620
f 455//621 419//621 456//621
f 456//622 419//622 418//622
f 456//623 418//623 457//623
f 457//624 418//624 421//624
f 457//625 421//625 458//625
f 458//626 421//626 420//626
f 458//627 420//627 459//627
f 459//628 420//628 424//628
f 459//629 424//629 460//629
f 460//630 424//630 423//630
f 460//631 423//631 461//631
f 461//632 423//632 422//632
f 461//633 422//633 462//633
f 462//634 422//634 351//634
f 462//635 351//635 463//635
f 463//636 351//636 353//636
f 463//637 353//637 464//637
f 464//638 353//638 352//638
f 464//639 352//639 465//639
f 465//640 352//640 355//640
f 465//641 355//641 466//641
f 466//642 355//642 354//642
f 466//643 354//643 467//643
f 467//644 354//644 357//644
f 467//645 357//645 468//645
f 468//646 357//646 356//646
f 468//647 356//647 469//647
f 469//648 356//648 359//648
f 469//649 359//649 470//649
f 470//650 359//650 358//650
f 470//651 358//651 471//651
f 471//652 358//652 361//652
f 471//653 361//653 472//653
f 472//654 361//654 360//654
f 472//655 360//655 473//655
f 473//656 360//656 363//656
f 473//657 363//657 474//657
f 474//658 363//658 362//658
f 474//659 362//659 475//659
f 475//660 362//660 365//660
f 475//661 365//661 476//661
f 476//662 365//662 364//662
f 476//663 364//663 477//663
f 477//664 364//664 367//664
f 477//665 367//665 478//665
f 478//666 367//666 366//666
f 478//667 366//667 479//667
f 479//668 366//668 369//668
f 479//669 369//669 480//669
f 480//669 369//669 368//669
f 480//670 368//670 481//670
f 481//671 368//671 371//671
f 481//672 371//672 482//672
f 482//673 371//673 370//673
f 482//674 370//674 483//674
f 483//675 370//675 373//675
f 483//676 373//676 484//676
f 484//677 373//677 372//677
f 484//678 372//678 485//678
f 485//679 372//679 375//679
f 485//680 375//680 486//680
f 486//681 375//681 374//681
f 486//682 374//682 487//682
f 487//683 374//683 377//683
f 487//684 377//684 488//684
f 488//685 377//685 376//685
f 488//686 376//686 489//686
f 489//687 376//687 379//687
f 489//688 379//688 490//688
f 490//689 379//689 378//689
f 490//690 378//690 491//690
f 491//691 378//691 381//691
f 491//692 381//692 492//692
f 492//693 381//693 380//693
f 492//694 380//694 493//694
f 493//695 380//695 383//695
f 493//696 383//696 494//696
f 494//697 383//697 382//697
f 494//698 382//698 495//698
f 495//699 382//699 385//699
f 495//700 385//700 496//700
f 496//701 385//701 384//701
f 496//702 384//702 497//702
f 497//703 384//703 387//703
f 497//704 387//704 498//704
f 498//705 387//705 386//705
f 498//706 386//706 425//706
f 425//707 386//707 389//707
f 466//708 63//708 465//708
f 465//709 63//709 65//709
f 465//710 65//710 464//710
f 464//711 65//711 67//711
f 464//712 67//712 463//712
f 466//713 467//713 63//713
f 63//714 467//714 468//714
f 63//715 468//715 61//715
f 468//716 469//716 61//716
f 61//717 469//717 470//717
f 61//718 470//718 59//718
f 59//719 470//719 471//719
f 59//720 471//720 57//720
f 471//721 472//721 57//721
f 57//722 472//722 473//722
f 57//723 473//723 55//723
f 473//724 474//724 55//724
f 55//725 474//725 475//725
f 55//726 475//726 53//726
f 475//727 476//727 53//727
f 53//728 476//728 477//728
f 53//729 477//729 51//729
f 477//730 478//730 51//730
f 51//731 478//731 479//731
f 51//732 479//732 49//732
f 479//733 480//733 49//733
f 49//734 480//734 481//734
f 49//735 481//735 47//735
f 481//736 482//736 47//736
f 47//737 482//737 483//737
f 47//738 483//738 45//738
f 483//739 484//739 45//739
f 45//740 484//740 485//740
f 45//741 485//741 43//741
f 43//742 485//742 486//742
f 486//743 487//743 43//743
f 43//744 487//744 488//744
f 43//745 488//745 41//745
f 41//746 488//746 489//746
f 41//747 489//747 39//747
f 489//748 490//748 39//748
f 39//749 490//749 491//749
f 39//750 491//750 37//750
f 37//751 491//751 492//751
f 492//752 493//752 37//752
f 37//753 493//753 494//753
f 37//754 494//754 35//754
f 35//755 494//755 495//755
f 35//756 495//756 33//756
f 495//757 496//757 33//757
f 33//758 496//758 497//758
f 33//759 497//759 31//759
f 31//760 497//760 498//760
f 498//761 425//761 31//761
f 31//762 425//762 426//762
f 31//763 426//763 29//763
f 29//764 426//764 427//764
f 29//765 427//765 27//765
f 427//766 428//766 27//766
f 27//767 428//767 429//767
f 27//768 429//768 25//768
f 25//769 429//769 430//769
f 430//770 431//770 25//770
f 25//771 431//771 432//771
f 25//772 432//772 23//772
f 23//773 432//773 433//773
f 23//774 433//774 21//774
f 433//775 434//775 21//775
f 21//776 434//776 435//776
f 21//777 435//777 19//777
f 19//778 435//778 436//778
f 436//779 437//779 19//779
f 19//780 437//780 438//780
f 19//781 438//781 17//781
f 438//782 439//782 17//782
f 17//783 439//783 440//783
f 17//784 440//784 15//784
f 440//785 441//785 15//785
f 15//786 441//786 442//786
f 15//787 442//787 13//787
f 442//788 443//788 13//788
f 13//789 443//789 444//789
f 13//790 444//790 11//790
f 444//791 445//791 11//791
f 11//792 445//792 446//792
f 11//793 446//793 9//793
f 446//794 447//794 9//794
f 9//795 447//795 448//795
f 9//796 448//796 7//796
f 7//797 448//797 449//797
f 7//798 449//798 5//798
f 5//799 449//799 450//799
f 450//800 451//800 5//800
f 5//801 451//801 452//801
f 5//802 452//802 3//802
f 3//803 452//803 453//803
f 3//804 453//804 1//804
f 1//805 453//805 454//805
f 454//806 455//806 1//806
f 1//807 455//807 456//807
f 1//808 456//808 73//808
f 73//809 456//809 457//809
f 73//810 457//810 71//810
f 71//811 457//811 458//811
f 458//812 459//812 71//812
f 71//813 459//813 460//813
f 71//814 460//814 69//814
f 69//815 460//815 461//815
f 69//816 461//816 67//816
f 67//817 461//817 462//817
f 67//818 462//818 463//818
f 499//819 500//819 501//819
f 501//820 500//820 502//820
f 501//820 502//820 503//820
f 503//821 502//821 504//821
f 503//821 504//821 505//821
f 505//822 504//822 506//822
f 505//822 506//822 507//822
f 507//823 506//823 508//823
f 507//823 508//823 509//823
f 509//824 508//824 510//824
f 509//824 510//824 511//824
f 511//825 510//825 512//825
f 511//825 512//825 513//825
f 513//826 512//826 514//826
f 513//826 514//826 515//826
f 515//827 514//827 516//827
f 515//827 516//827 517//827
f 517//828 516//828 518//828
f 517//828 518//828 519//828
f 519//829 518//829 520//829
f 519//829 520//829 521//829
f 521//830 520//830 522//830
f 521//830 522//830 523//830
f 523//831 522//831 524//831
f 523//831 524//831 525//831
f 525//832 524//832 526//832
f 525//832 526//832 527//832
f 527//833 526//833 528//833
f 527//833 528//833 529//833
f 529//834 528//834 530//834
f 529//834 530//834 531//834
f 531//835 530//835 532//835
f 531//835 532//835 533//835
f 533//836 532//836 534//836
f 533//836 534//836 535//836
f 535//837 534//837 536//837
f 535//837 536//837 537//837
f 537//838 536//838 499//838
f 537//839 499//839 501//839
f 538//840 527//840 539//840
f 539//840 527//840 529//840
f 539//840 529//840 540//840
f 540//840 529//840 531//840
f 540//840 531//840 541//840
f 541//840 531//840 533//840
f 541//840 533//840 542//840
f 542//840 533//840 535//840
f 542//840 535//840 543//840
f 544//840 513//840 545//840
f 545//840 513//840 515//840
f 545//840 515//840 546//840
f 546//840 515//840 517//840
f 546//840 517//840 547//840
f 547//840 517//840 519//840
f 547//840 519//840 548//840
f 548//840 519//840 521//840
f 548//840 521//840 549//840
f 549//840 521//840 523//840
f 549//840 523//840 538//840
f 538//840 523//840 525//840
f 538//840 525//840 527//840
f 535//840 537//840 543//840
f 543//840 537//840 501//840
f 543//840 501//840 550//840
f 550//840 501//840 503//840
f 550//840 503//840 551//840
f 551//840 503//840 505//840
f 551//840 505//840 552//840
f 552//840 505//840 507//840
f 552//840 507//840 553//840
f 553//840 507//840 509//840
f 553//840 509//840 544//840
f 544//840 509//840 511//840
f 544//840 511//840 513//840
f 547//841 554//841 546//841
f 546//842 554//842 555//842
f 546//842 555//842 545//842
f 545//843 555//843 556//843
f 545//843 556//843 544//843
f 544//844 556//844 557//844
f 544//845 557//845 553//845
f 553//846 557//846 558//846
f 553//847 558//847 552//847
f 552//848 558//848 559//848
f 552//848 559//848 551//848
f 551//849 559//849 560//849
f 551//849 560//849 550//849
f 550//850 560//850 561//850
f 550//850 561//850 543//850
f 543//851 561//851 562//851
f 543//851 562//851 542//851
f 542//852 562//852 563//852
f 542//852 563//852 541//852
f 541//853 563//853 564//853
f 541//853 564//853 540//853
f 540//854 564//854 565//854
f 540//855 565//855 539//855
f 539//856 565//856 566//856
f 539//857 566//857 538//857
f 538//858 566//858 567//858
f 538//858 567//858 549//858
f 549//859 567//859 568//859
f 549//859 568//859 548//859
f 548//860 568//860 569//860
f 548//860 569//860 547//860
f 547//841 569//841 554//841
f 570//840 571//840 572//840
f 572//840 571//840 573//840
f 572//840 573//840 574//840
f 573//840 575//840 574//840
f 574//840 575//840 576//840
f 574//840 576//840 577//840
f 577//840 576//840 578//840
f 577//840 578//840 579//840
f 579//840 578//840 580//840
f 579//840 580//840 581//840
f 582//840 583//840 584//840
f 584//840 583//840 585//840
f 584//840 585//840 586//840
f 586//840 585//840 587//840
f 586//840 587//840 570//840
f 570//840 587//840 588//840
f 570//840 588//840 571//840
f 580//840 589//840 581//840
f 581//840 589//840 590//840
f 581//840 590//840 591//840
f 591//840 590//840 592//840
f 591//840 592//840 593//840
f 593//840 592//840 594//840
f 593//840 594//840 595//840
f 595//840 594//840 596//840
f 595//840 596//840 582//840
f 582//840 596//840 597//840
f 582//840 597//840 583//840
f 598//861 599//861 600//861
f 601//862 599//862 598//862
f 598//863 602//863 603//863
f 604//864 602//864 598//864
f 600//865 604//865 598//865
f 598//866 605//866 606//866
f 607//867 605//867 598//867
f 603//868 607//868 598//868
f 598//869 608//869 609//869
f 610//870 608//870 598//870
f 606//871 610//871 598//871
f 609//872 601//872 598//872
f 601//873 593//873 599//873
f 599//873 593//873 595//873
f 599//874 595//874 600//874
f 600//874 595//874 582//874
f 600//875 582//875 604//875
f 604//876 582//876 584//876
f 604//877 584//877 602//877
f 602//878 584//878 586//878
f 602//879 586//879 603//879
f 603//879 586//879 570//879
f 603//880 570//880 607//880
f 607//880 570//880 572//880
f 607//881 572//881 605//881
f 605//881 572//881 574//881
f 605//882 574//882 606//882
f 606//882 574//882 577//882
f 606//883 577//883 610//883
f 610//884 577//884 579//884
f 610//885 579//885 608//885
f 608//886 579//886 581//886
f 608//887 581//887 609//887
f 609//887 581//887 591//887
f 609//888 591//888 601//888
f 601//888 591//888 593//888
f 611//889 612//889 613//889
f 613//889 612//889 614//889
f 613//890 614//890 615//890
f 615//890 614//890 616//890
f 615//891 616//891 617//891
f 617//891 616//891 618//891
f 617//892 618//892 619//892
f 619//892 618//892 620//892
f 619//893 620//893 621//893
f 621//893 620//893 622//893
f 621//894 622//894 623//894
f 623//894 622//894 624//894
f 623//895 624//895 625//895
f 625//895 624//895 626//895
f 625//896 626//896 627//896
f 627//896 626//896 628//896
f 627//897 628//897 629//897
f 629//897 628//897 630//897
f 629//898 630//898 631//898
f 631//898 630//898 632//898
f 631//899 632//899 633//899
f 633//899 632//899 634//899
f 633//900 634//900 635//900
f 635//900 634//900 636//900
f 635//901 636//901 637//901
f 637//901 636//901 638//901
f 637//902 638//902 639//902
f 639//902 638//902 640//902
f 639//903 640//903 641//903
f 641//903 640//903 642//903
f 641//904 642//904 643//904
f 643//904 642//904 644//904
f 643//905 644//905 645//905
f 645//905 644//905 646//905
f 645//906 646//906 647//906
f 647//906 646//906 648//906
f 647//907 648//907 649//907
f 649//907 648//907 650//907
f 649//908 650//908 651//908
f 651//908 650//908 652//908
f 651//909 652//909 653//909
f 653//909 652//909 654//909
f 653//910 654//910 655//910
f 655//910 654//910 656//910
f 655//911 656//911 657//911
f 657//911 656//911 658//911
f 657//912 658//912 659//912
f 659//912 658//912 660//912
f 659//913 660//913 661//913
f 661//913 660//913 662//913
f 661//914 662//914 663//914
f 663//914 662//914 664//914
f 663//915 664//915 665//915
f 665//915 664//915 666//915
f 665//916 666//916 667//916
f 667//916 666//916 668//916
f 667//917 668//917 611//917
f 611//917 668//917 612//917
f 669//840 659//840 670//840
f 670//840 659//840 661//840
f 670//840 661//840 671//840
f 672//840 653//840 673//840
f 673//840 653//840 655//840
f 673//840 655//840 669//840
f 669//840 655//840 657//840
f 669//840 657//840 659//840
f 674//840 619//840 675//840
f 675//840 619//840 621//840
f 675//840 621//840 676//840
f 677//840 647//840 678//840
f 678//840 647//840 649//840
f 678//840 649//840 672//840
f 672//840 649//840 651//840
f 672//840 651//840 653//840
f 679//840 641//840 680//840
f 680//840 641//840 643//840
f 680//840 643//840 677//840
f 677//840 643//840 645//840
f 677//840 645//840 647//840
f 661//840 663//840 671//840
f 671//840 663//840 665//840
f 671//840 665//840 681//840
f 681//840 665//840 667//840
f 681//840 667//840 682//840
f 682//840 667//840 611//840
f 682//840 611//840 683//840
f 683//840 611//840 613//840
f 683//840 613//840 684//840
f 684//840 613//840 615//840
f 684//840 615//840 674//840
f 674//840 615//840 617//840
f 674//840 617//840 619//840
f 685//840 635//840 686//840
f 686//840 635//840 637//840
f 686//840 637//840 679//840
f 679//840 637//840 639//840
f 679//840 639//840 641//840
f 687//840 629//840 688//840
f 688//840 629//840 631//840
f 688//840 631//840 685//840
f 685//840 631//840 633//840
f 685//840 633//840 635//840
f 621//840 623//840 676//840
f 676//840 623//840 625//840
f 676//840 625//840 687//840
f 687//840 625//840 627//840
f 687//840 627//840 629//840
f 689//918 690//918 691//918
f 692//919 690//919 689//919
f 689//920 693//920 694//920
f 695//921 693//921 689//921
f 691//922 695//922 689//922
f 689//923 696//923 697//923
f 698//924 696//924 689//924
f 694//925 698//925 689//925
f 689//926 699//926 700//926
f 701//927 699//927 689//927
f 697//928 701//928 689//928
f 700//929 692//929 689//929
f 702//918 703//918 704//918
f 705//919 703//919 702//919
f 702//920 706//920 707//920
f 708//921 706//921 702//921
f 704//922 708//922 702//922
f 702//923 709//923 710//923
f 711//924 709//924 702//924
f 707//925 711//925 702//925
f 702//926 712//926 713//926
f 714//927 712//927 702//927
f 710//928 714//928 702//928
f 713//929 705//929 702//929
f 715//918 716//918 717//918
f 718//919 716//919 715//919
f 715//920 719//920 720//920
f 721//921 719//921 715//921
f 717//922 721//922 715//922
f 715//923 722//923 723//923
f 724//924 722//924 715//924
f 720//925 724//925 715//925
f 715//926 725//926 726//926
f 727//927 725//927 715//927
f 723//928 727//928 715//928
f 726//929 718//929 715//929
f 728//918 729//918 730//918
f 731//919 729//919 728//919
f 728//920 732//920 733//920
f 734//921 732//921 728//921
f 730//922 734//922 728//922
f 728//923 735//923 736//923
f 737//924 735//924 728//924
f 733//925 737//925 728//925
f 728//926 738//926 739//926
f 740//927 738//927 728//927
f 736//928 740//928 728//928
f 739//929 731//929 728//929
f 741//930 742//930 743//930
f 741//930 743//930 744//930
f 744//931 743//931 745//931
f 744//931 745//931 746//931
f 746//932 745//932 747//932
f 746//932 747//932 748//932
f 748//933 747//933 749//933
f 748//933 749//933 750//933
f 750//934 749//934 751//934
f 750//934 751//934 752//934
f 752//935 751//935 753//935
f 752//935 753//935 754//935
f 755//936 754//936 756//936
f 756//936 754//936 753//936
f 757//937 758//937 759//937
f 759//937 758//937 760//937
f 760//938 758//938 761//938
f 760//938 761//938 762//938
f 762//939 761//939 763//939
f 762//939 763//939 764//939
f 764//940 763//940 765//940
f 764//940 765//940 766//940
f 766//941 765//941 767//941
f 766//941 767//941 768//941
f 768//942 767//942 769//942
f 768//942 769//942 770//942
f 770//943 769//943 771//943
f 770//943 771//943 772//943
f 773//944 772//944 774//944
f 774//944 772//944 771//944
f 775//945 776//945 777//945
f 777//945 776//945 778//945
f 777//946 778//946 779//946
f 778//946 780//946 779//946
f 779//947 780//947 781//947
f 779//948 781//948 782//948
f 782//949 781//949 783//949
f 782//950 783//950 784//950
f 784//950 783//950 785//950
f 784//951 785//951 786//951
f 786//951 785//951 787//951
f 788//952 789//952 790//952
f 790//952 789//952 791//952
f 791//953 789//953 792//953
f 791//953 792//953 793//953
f 793//954 792//954 794//954
f 793//954 794//954 795//954
f 795//955 794//955 796//955
f 795//955 796//955 797//955
f 797//956 796//956 798//956
f 797//956 798//956 799//956
f 799//957 798//957 800//957
f 799//957 800//957 801//957
f 801//958 800//958 802//958
f 801//958 802//958 803//958
f 804//959 803//959 805//959
f 805//959 803//959 802//959
f 806//960 807//960 808//960
f 808//960 807//960 809//960
f 808//961 809//961 810//961
f 809//961 811//961 810//961
f 810//962 811//962 812//962
f 810//963 812//963 813//963
f 813//964 812//964 814//964
f 813//965 814//965 815//965
f 815//965 814//965 816//965
f 815//966 816//966 817//966
f 817//966 816//966 818//966
f 819//967 820//967 821//967
f 821//967 820//967 822//967
f 822//968 820//968 823//968
f 822//968 823//968 824//968
f 824//969 823//969 825//969
f 824//969 825//969 826//969
f 826//970 825//970 827//970
f 826//970 827//970 828//970
f 828//971 827//971 829//971
f 828//971 829//971 830//971
f 830//972 829//972 831//972
f 830//972 831//972 832//972
f 832//973 831//973 833//973
f 832//973 833//973 834//973
f 835//974 834//974 836//974
f 836//974 834//974 833//974
f 837//975 838//975 839//975
f 839//975 838//975 840//975
f 839//976 840//976 841//976
f 840//976 842//976 841//976
f 841//977 842//977 843//977
f 841//978 843//978 844//978
f 844//979 843//979 845//979
f 844//980 845//980 846//980
f 846//980 845//980 847//980
f 846//981 847//981 848//981
f 848//981 847//981 849//981
f 850//982 742//982 851//982
f 851//982 742//982 741//982
f 692//983 852//983 690//983
f 690//983 852//983 853//983
f 690//874 853//874 691//874
f 691//874 853//874 854//874
f 691//984 854//984 695//984
f 695//984 854//984 855//984
f 695//985 855//985 693//985
f 693//985 855//985 856//985
f 693//887 856//887 694//887
f 694//887 856//887 857//887
f 694//986 857//986 698//986
f 698//986 857//986 858//986
f 698//987 858//987 696//987
f 696//987 858//987 859//987
f 696//882 859//882 697//882
f 697//882 859//882 860//882
f 697//988 860//988 701//988
f 701//988 860//988 861//988
f 701//989 861//989 699//989
f 699//989 861//989 862//989
f 699//879 862//879 700//879
f 700//879 862//879 863//879
f 700//990 863//990 692//990
f 692//990 863//990 852//990
f 705//983 864//983 703//983
f 703//983 864//983 865//983
f 703//874 865//874 704//874
f 704//874 865//874 866//874
f 704//984 866//984 708//984
f 708//984 866//984 867//984
f 708//985 867//985 706//985
f 706//985 867//985 868//985
f 706//887 868//887 707//887
f 707//887 868//887 869//887
f 707//986 869//986 711//986
f 711//986 869//986 870//986
f 711//987 870//987 709//987
f 709//987 870//987 871//987
f 709//882 871//882 710//882
f 710//882 871//882 872//882
f 710//988 872//988 714//988
f 714//988 872//988 873//988
f 714//989 873//989 712//989
f 712//989 873//989 874//989
f 712//879 874//879 713//879
f 713//879 874//879 875//879
f 713//990 875//990 705//990
f 705//990 875//990 864//990
f 718//983 876//983 716//983
f 716//983 876//983 877//983
f 716//874 877//874 717//874
f 717//874 877//874 878//874
f 717//984 878//984 721//984
f 721//984 878//984 879//984
f 721//985 879//985 719//985
f 719//985 879//985 880//985
f 719//887 880//887 720//887
f 720//887 880//887 881//887
f 720//986 881//986 724//986
f 724//986 881//986 882//986
f 724//987 882//987 722//987
f 722//987 882//987 883//987
f 722//882 883//882 723//882
f 723//882 883//882 884//882
f 723//988 884//988 727//988
f 727//988 884//988 885//988
f 727//989 885//989 725//989
f 725//989 885//989 886//989
f 725//879 886//879 726//879
f 726//879 886//879 887//879
f 726//990 887//990 718//990
f 718//990 887//990 876//990
f 731//983 888//983 729//983
f 729//983 888//983 889//983
f 729//874 889//874 730//874
f 730//874 889//874 890//874
f 730//984 890//984 734//984
f 734//984 890//984 891//984
f 734//985 891//985 732//985
f 732//985 891//985 892//985
f 732//887 892//887 733//887
f 733//887 892//887 893//887
f 733//986 893//986 737//986
f 737//986 893//986 894//986
f 737//987 894//987 735//987
f 735//987 894//987 895//987
f 735//882 895//882 736//882
f 736//882 895//882 896//882
f 736//988 896//988 740//988
f 740//988 896//988 897//988
f 740//989 897//989 738//989
f 738//989 897//989 898//989
f 738//879 898//879 739//879
f 739//879 898//879 899//879
f 739//990 899//990 731//990
f 731//990 899//990 888//990
f 900//991 901//991 902//991
f 902//992 901//992 903//992
f 902//993 903//993 904//993
f 905//994 906//994 907//994
f 907//995 906//995 908//995
f 907//996 908//996 909//996
f 910//997 911//997 912//997
f 910//998 912//998 913//998
f 913//999 912//999 914//999
f 913//1000 914//1000 903//1000
f 903//1001 914//1001 915//1001
f 903//1002 915//1002 904//1002
f 916//1003 917//1003 918//1003
f 919//1004 920//1004 921//1004
f 921//1005 920//1005 922//1005
f 921//1006 922//1006 910//1006
f 910//1007 922//1007 923//1007
f 910//1008 923//1008 911//1008
f 924//1009 925//1009 907//1009
f 907//1009 925//1009 901//1009
f 907//1010 901//1010 905//1010
f 905//1011 901//1011 900//1011
f 918//1012 919//1012 916//1012
f 916//1013 919//1013 921//1013
f 916//1014 921//1014 926//1014
f 926//1014 921//1014 927//1014
f 752//1015 754//1015 928//1015
f 928//1015 754//1015 755//1015
f 741//1015 744//1015 832//1015
f 799//1015 801//1015 813//1015
f 813//1015 801//1015 803//1015
f 929//1015 930//1015 926//1015
f 926//1015 930//1015 759//1015
f 926//1015 759//1015 916//1015
f 916//1015 759//1015 931//1015
f 916//1015 931//1015 917//1015
f 932//1015 933//1015 755//1015
f 755//1015 933//1015 924//1015
f 755//1015 924//1015 928//1015
f 928//1015 924//1015 907//1015
f 928//1015 907//1015 909//1015
f 746//1015 828//1015 744//1015
f 744//1015 828//1015 830//1015
f 744//1015 830//1015 832//1015
f 934//1015 837//1015 741//1015
f 741//1015 837//1015 839//1015
f 741//1015 839//1015 841//1015
f 935//1015 934//1015 835//1015
f 835//1015 934//1015 741//1015
f 835//1015 741//1015 834//1015
f 834//1015 741//1015 832//1015
f 936//1015 790//1015 772//1015
f 772//1015 790//1015 791//1015
f 772//1015 791//1015 770//1015
f 770//1015 791//1015 793//1015
f 770//1015 793//1015 768//1015
f 768//1015 793//1015 795//1015
f 768//1015 795//1015 797//1015
f 772//1015 782//1015 784//1015
f 773//1015 937//1015 938//1015
f 936//1015 772//1015 939//1015
f 939//1015 772//1015 784//1015
f 939//1015 784//1015 786//1015
f 940//1015 941//1015 817//1015
f 817//1015 941//1015 821//1015
f 817//1015 821//1015 815//1015
f 815//1015 821//1015 822//1015
f 815//1015 822//1015 813//1015
f 813//1015 822//1015 768//1015
f 813//1015 768//1015 799//1015
f 799//1015 768//1015 797//1015
f 942//1015 748//1015 928//1015
f 928//1015 748//1015 750//1015
f 928//1015 750//1015 752//1015
f 822//1015 824//1015 768//1015
f 768//1015 824//1015 826//1015
f 768//1015 826//1015 766//1015
f 766//1015 826//1015 828//1015
f 766//1015 828//1015 764//1015
f 764//1015 828//1015 746//1015
f 764//1015 746//1015 748//1015
f 938//1015 775//1015 773//1015
f 773//1015 775//1015 777//1015
f 773//1015 777//1015 772//1015
f 772//1015 777//1015 779//1015
f 772//1015 779//1015 782//1015
f 804//1015 943//1015 944//1015
f 945//1015 946//1015 848//1015
f 848//1015 946//1015 851//1015
f 848//1015 851//1015 846//1015
f 846//1015 851//1015 741//1015
f 846//1015 741//1015 844//1015
f 844//1015 741//1015 841//1015
f 759//1015 760//1015 931//1015
f 931//1015 760//1015 762//1015
f 931//1015 762//1015 947//1015
f 947//1015 762//1015 764//1015
f 947//1015 764//1015 948//1015
f 948//1015 764//1015 748//1015
f 948//1015 748//1015 949//1015
f 949//1015 748//1015 942//1015
f 944//1015 806//1015 804//1015
f 804//1015 806//1015 808//1015
f 804//1015 808//1015 803//1015
f 803//1015 808//1015 810//1015
f 803//1015 810//1015 813//1015
f 950//1016 931//1016 947//1016
f 942//1017 928//1017 951//1017
f 951//1018 952//1018 942//1018
f 942//1019 952//1019 953//1019
f 942//1020 953//1020 949//1020
f 953//1021 954//1021 949//1021
f 949//1022 954//1022 955//1022
f 949//1023 955//1023 948//1023
f 955//1024 956//1024 948//1024
f 948//1025 956//1025 957//1025
f 948//1026 957//1026 947//1026
f 947//1027 957//1027 958//1027
f 947//1028 958//1028 950//1028
f 899//1015 959//1015 960//1015
f 895//1015 747//1015 896//1015
f 896//1015 747//1015 745//1015
f 896//1015 745//1015 897//1015
f 893//1015 961//1015 962//1015
f 899//1015 960//1015 888//1015
f 888//1015 960//1015 963//1015
f 888//1015 963//1015 889//1015
f 889//1015 963//1015 964//1015
f 889//1015 964//1015 890//1015
f 890//1015 964//1015 965//1015
f 890//1015 965//1015 891//1015
f 745//1015 743//1015 897//1015
f 897//1015 743//1015 742//1015
f 897//1015 742//1015 898//1015
f 893//1015 892//1015 961//1015
f 961//1015 892//1015 966//1015
f 961//1015 966//1015 925//1015
f 891//1015 965//1015 892//1015
f 892//1015 965//1015 967//1015
f 892//1015 967//1015 966//1015
f 742//1015 850//1015 898//1015
f 898//1015 850//1015 968//1015
f 898//1015 968//1015 899//1015
f 899//1015 968//1015 969//1015
f 899//1015 969//1015 959//1015
f 962//1015 756//1015 893//1015
f 893//1015 756//1015 753//1015
f 893//1015 753//1015 894//1015
f 894//1015 753//1015 751//1015
f 894//1015 751//1015 895//1015
f 895//1015 751//1015 749//1015
f 895//1015 749//1015 747//1015
f 871//1015 970//1015 872//1015
f 872//1015 970//1015 971//1015
f 972//1015 866//1015 973//1015
f 973//1015 866//1015 865//1015
f 864//1015 758//1015 865//1015
f 865//1015 758//1015 757//1015
f 865//1015 757//1015 973//1015
f 874//1015 765//1015 875//1015
f 875//1015 765//1015 763//1015
f 875//1015 763//1015 864//1015
f 864//1015 763//1015 761//1015
f 864//1015 761//1015 758//1015
f 972//1015 974//1015 866//1015
f 866//1015 974//1015 975//1015
f 866//1015 975//1015 867//1015
f 867//1015 975//1015 976//1015
f 867//1015 976//1015 868//1015
f 868//1015 976//1015 977//1015
f 868//1015 977//1015 869//1015
f 869//1015 977//1015 978//1015
f 869//1015 978//1015 870//1015
f 870//1015 978//1015 979//1015
f 870//1015 979//1015 871//1015
f 871//1015 979//1015 980//1015
f 871//1015 980//1015 970//1015
f 981//1015 778//1015 980//1015
f 980//1015 778//1015 776//1015
f 980//1015 776//1015 970//1015
f 971//1015 774//1015 872//1015
f 872//1015 774//1015 771//1015
f 872//1015 771//1015 873//1015
f 873//1015 771//1015 769//1015
f 873//1015 769//1015 874//1015
f 874//1015 769//1015 767//1015
f 874//1015 767//1015 765//1015
f 972//1015 927//1015 974//1015
f 974//1015 927//1015 921//1015
f 974//1015 921//1015 982//1015
f 982//1015 921//1015 910//1015
f 982//1015 910//1015 983//1015
f 983//1015 910//1015 913//1015
f 983//1015 913//1015 984//1015
f 984//1015 913//1015 903//1015
f 984//1015 903//1015 966//1015
f 966//1015 903//1015 901//1015
f 966//1015 901//1015 925//1015
f 887//1015 985//1015 986//1015
f 887//1015 886//1015 985//1015
f 985//1015 886//1015 987//1015
f 985//1015 987//1015 807//1015
f 881//1015 988//1015 882//1015
f 882//1015 988//1015 989//1015
f 882//1015 989//1015 883//1015
f 883//1015 989//1015 990//1015
f 883//1015 990//1015 884//1015
f 884//1015 990//1015 991//1015
f 884//1015 991//1015 885//1015
f 885//1015 991//1015 992//1015
f 885//1015 992//1015 886//1015
f 886//1015 992//1015 993//1015
f 886//1015 993//1015 987//1015
f 789//1015 880//1015 879//1015
f 877//1015 796//1015 878//1015
f 878//1015 796//1015 794//1015
f 878//1015 794//1015 879//1015
f 879//1015 794//1015 792//1015
f 879//1015 792//1015 789//1015
f 986//1015 805//1015 887//1015
f 887//1015 805//1015 802//1015
f 887//1015 802//1015 876//1015
f 876//1015 802//1015 800//1015
f 876//1015 800//1015 877//1015
f 877//1015 800//1015 798//1015
f 877//1015 798//1015 796//1015
f 789//1015 788//1015 880//1015
f 880//1015 788//1015 994//1015
f 880//1015 994//1015 881//1015
f 881//1015 994//1015 995//1015
f 881//1015 995//1015 988//1015
f 988//1015 995//1015 787//1015
f 988//1015 787//1015 996//1015
f 787//1015 785//1015 996//1015
f 996//1015 785//1015 783//1015
f 996//1015 783//1015 997//1015
f 997//1015 783//1015 781//1015
f 997//1015 781//1015 981//1015
f 981//1015 781//1015 780//1015
f 981//1015 780//1015 778//1015
f 852//1015 863//1015 998//1015
f 998//1015 863//1015 999//1015
f 820//1015 859//1015 858//1015
f 853//1015 1000//1015 854//1015
f 854//1015 1000//1015 1001//1015
f 838//1015 1000//1015 1002//1015
f 1002//1015 1000//1015 853//1015
f 1002//1015 853//1015 1003//1015
f 1003//1015 853//1015 852//1015
f 1003//1015 852//1015 1004//1015
f 1004//1015 852//1015 998//1015
f 863//1015 862//1015 999//1015
f 999//1015 862//1015 861//1015
f 999//1015 861//1015 1005//1015
f 1005//1015 861//1015 860//1015
f 1005//1015 860//1015 1006//1015
f 820//1015 819//1015 859//1015
f 859//1015 819//1015 1007//1015
f 859//1015 1007//1015 860//1015
f 860//1015 1007//1015 1008//1015
f 860//1015 1008//1015 1006//1015
f 856//1015 827//1015 857//1015
f 857//1015 827//1015 825//1015
f 857//1015 825//1015 858//1015
f 858//1015 825//1015 823//1015
f 858//1015 823//1015 820//1015
f 1008//1015 818//1015 1006//1015
f 1006//1015 818//1015 816//1015
f 1006//1015 816//1015 1009//1015
f 1009//1015 816//1015 814//1015
f 1009//1015 814//1015 1010//1015
f 1010//1015 814//1015 812//1015
f 1010//1015 812//1015 1011//1015
f 1011//1015 812//1015 811//1015
f 1011//1015 811//1015 987//1015
f 987//1015 811//1015 809//1015
f 987//1015 809//1015 807//1015
f 1001//1015 836//1015 854//1015
f 854//1015 836//1015 833//1015
f 854//1015 833//1015 855//1015
f 855//1015 833//1015 831//1015
f 855//1015 831//1015 856//1015
f 856//1015 831//1015 829//1015
f 856//1015 829//1015 827//1015
f 969//1015 849//1015 959//1015
f 959//1015 849//1015 847//1015
f 959//1015 847//1015 1012//1015
f 1012//1015 847//1015 845//1015
f 1012//1015 845//1015 1013//1015
f 1013//1015 845//1015 843//1015
f 1013//1015 843//1015 1014//1015
f 1014//1015 843//1015 842//1015
f 1014//1015 842//1015 1002//1015
f 1002//1015 842//1015 840//1015
f 1002//1015 840//1015 838//1015
f 917//1029 931//1029 950//1029
f 1015//1030 1016//1030 918//1030
f 918//1031 1016//1031 919//1031
f 919//1032 1016//1032 1017//1032
f 919//1033 1017//1033 920//1033
f 920//1034 1017//1034 1018//1034
f 920//1035 1018//1035 922//1035
f 922//1036 1018//1036 1019//1036
f 922//1037 1019//1037 923//1037
f 923//1038 1019//1038 1020//1038
f 923//1039 1020//1039 911//1039
f 951//1040 928//1040 909//1040
f 918//1041 917//1041 1015//1041
f 1015//1029 917//1029 950//1029
f 1015//1042 950//1042 1021//1042
f 1021//1043 950//1043 958//1043
f 1021//1044 958//1044 1022//1044
f 1022//1045 958//1045 957//1045
f 1022//1046 957//1046 1023//1046
f 1023//1047 957//1047 956//1047
f 1023//1048 956//1048 1024//1048
f 1024//1049 956//1049 1025//1049
f 1025//1050 956//1050 955//1050
f 1025//1051 955//1051 1026//1051
f 1026//1052 955//1052 954//1052
f 1026//1053 954//1053 1027//1053
f 954//1054 953//1054 1027//1054
f 1027//1055 953//1055 952//1055
f 1027//1056 952//1056 1028//1056
f 1028//1057 952//1057 951//1057
f 1028//1058 951//1058 1029//1058
f 1029//1040 951//1040 909//1040
f 1029//1059 909//1059 1030//1059
f 1030//1060 909//1060 908//1060
f 1030//1061 908//1061 1031//1061
f 1031//1062 908//1062 906//1062
f 1031//1063 906//1063 1032//1063
f 1032//1064 906//1064 905//1064
f 1032//1065 905//1065 1033//1065
f 1033//1066 905//1066 900//1066
f 1033//1067 900//1067 1034//1067
f 1034//1068 900//1068 902//1068
f 1034//1069 902//1069 1035//1069
f 1035//1070 902//1070 904//1070
f 1035//1071 904//1071 1036//1071
f 1036//1072 904//1072 915//1072
f 1036//1073 915//1073 1037//1073
f 1037//1074 915//1074 914//1074
f 1037//1075 914//1075 1038//1075
f 1038//1076 914//1076 912//1076
f 1038//1077 912//1077 1039//1077
f 1039//1078 912//1078 911//1078
f 1039//1079 911//1079 1040//1079
f 1040//1080 911//1080 1020//1080
f 1029//1081 1030//1081 1041//1081
f 1029//1082 1041//1082 1028//1082
f 1042//1083 1043//1083 1024//1083
f 1024//1084 1025//1084 1042//1084
f 1042//1085 1025//1085 1026//1085
f 1042//1086 1026//1086 1041//1086
f 1041//1087 1026//1087 1027//1087
f 1041//1088 1027//1088 1028//1088
f 1031//1089 1032//1089 1044//1089
f 1044//1090 1032//1090 1033//1090
f 1044//1091 1033//1091 1034//1091
f 1034//1092 1035//1092 1044//1092
f 1044//1093 1035//1093 1036//1093
f 1044//1094 1036//1094 1045//1094
f 1045//1095 1036//1095 1037//1095
f 1020//1096 1019//1096 1046//1096
f 1046//1097 1019//1097 1018//1097
f 1046//1098 1018//1098 1017//1098
f 1037//1099 1038//1099 1045//1099
f 1045//1100 1038//1100 1039//1100
f 1045//1101 1039//1101 1046//1101
f 1046//1102 1039//1102 1040//1102
f 1046//1103 1040//1103 1020//1103
f 1017//1104 1016//1104 1047//1104
f 1016//1105 1015//1105 1047//1105
f 1047//1106 1015//1106 1021//1106
f 1047//1107 1021//1107 1048//1107
f 1048//1108 1021//1108 1022//1108
f 1048//1109 1022//1109 1043//1109
f 1043//1110 1022//1110 1023//1110
f 1043//1111 1023//1111 1024//1111
f 1049//1112 1050//1112 1051//1112
f 1051//1113 1052//1113 1049//1113
f 1049//1114 1052//1114 1053//1114
f 1049//1115 1053//1115 1054//1115
f 1053//1116 1055//1116 1054//1116
f 1054//1117 1055//1117 1056//1117
f 1054//1118 1056//1118 1057//1118
f 1056//1119 1058//1119 1057//1119
f 1057//1120 1058//1120 1059//1120
f 1057//1121 1059//1121 1060//1121
f 1059//1122 1061//1122 1060//1122
f 1060//1123 1061//1123 1062//1123
f 1060//1124 1062//1124 1063//1124
f 1062//1125 1064//1125 1063//1125
f 1063//1126 1064//1126 1065//1126
f 1063//1127 1065//1127 1066//1127
f 1065//1128 1067//1128 1066//1128
f 1066//1129 1067//1129 1068//1129
f 1066//1130 1068//1130 1069//1130
f 1068//1131 1070//1131 1069//1131
f 1069//1132 1070//1132 1071//1132
f 1069//1133 1071//1133 1072//1133
f 1071//1134 1073//1134 1072//1134
f 1072//1135 1073//1135 1074//1135
f 1072//1136 1074//1136 1075//1136
f 1074//1137 1076//1137 1075//1137
f 1075//1138 1076//1138 1077//1138
f 1075//1139 1077//1139 1078//1139
f 1077//1140 1079//1140 1078//1140
f 1078//1141 1079//1141 1080//1141
f 1078//1142 1080//1142 1081//1142
f 1080//1143 1082//1143 1081//1143
f 1081//1144 1082//1144 1083//1144
f 1081//1145 1083//1145 1084//1145
f 1083//1146 1085//1146 1084//1146
f 1084//1147 1085//1147 1086//1147
f 1084//1148 1086//1148 1087//1148
f 1086//1149 1088//1149 1087//1149
f 1087//1150 1088//1150 1089//1150
f 1087//1151 1089//1151 1090//1151
f 1089//1152 1091//1152 1090//1152
f 1090//1153 1091//1153 1092//1153
f 1090//1154 1092//1154 1093//1154
f 1092//1155 1094//1155 1093//1155
f 1093//1156 1094//1156 1095//1156
f 1093//1157 1095//1157 1096//1157
f 1095//1158 1097//1158 1096//1158
f 1096//1159 1097//1159 1098//1159
f 1096//1160 1098//1160 1099//1160
f 1098//1161 1100//1161 1099//1161
f 1099//1162 1100//1162 1101//1162
f 1099//1163 1101//1163 1102//1163
f 1102//1164 1101//1164 1103//1164
f 1102//1165 1103//1165 1104//1165
f 1104//1166 1103//1166 1105//1166
f 1104//1167 1105//1167 1106//1167
f 1105//1168 1107//1168 1106//1168
f 1106//1169 1107//1169 1108//1169
f 1106//1170 1108//1170 1109//1170
f 1108//1171 1110//1171 1109//1171
f 1109//1172 1110//1172 1111//1172
f 1109//1173 1111//1173 1112//1173
f 1111//1174 1113//1174 1112//1174
f 1112//1175 1113//1175 1114//1175
f 1112//1176 1114//1176 1115//1176
f 1114//1177 1116//1177 1115//1177
f 1115//1178 1116//1178 1117//1178
f 1115//1179 1117//1179 1118//1179
f 1117//1180 1119//1180 1118//1180
f 1118//1181 1119//1181 1120//1181
f 1118//1182 1120//1182 1121//1182
f 1120//1183 1122//1183 1121//1183
f 1121//1184 1122//1184 1123//1184
f 1121//1185 1123//1185 1124//1185
f 1123//1186 1125//1186 1124//1186
f 1124//1187 1125//1187 1126//1187
f 1124//1188 1126//1188 1127//1188
f 1030//1189 1031//1189 1041//1189
f 1041//1190 1031//1190 1044//1190
f 1041//1191 1044//1191 1128//1191
f 1128//1192 1044//1192 1127//1192
f 1128//1193 1127//1193 1129//1193
f 1129//1194 1127//1194 1126//1194
f 1017//1195 1047//1195 1046//1195
f 1046//1196 1047//1196 1130//1196
f 1046//1197 1130//1197 1131//1197
f 1130//1198 1132//1198 1131//1198
f 1131//1199 1132//1199 1133//1199
f 1131//1200 1133//1200 1134//1200
f 1133//1201 1135//1201 1134//1201
f 1134//1202 1135//1202 1136//1202
f 1134//1203 1136//1203 1137//1203
f 1136//1204 1138//1204 1137//1204
f 1137//1205 1138//1205 1139//1205
f 1137//1206 1139//1206 1140//1206
f 1139//1207 1141//1207 1140//1207
f 1140//1208 1141//1208 1142//1208
f 1140//1209 1142//1209 1143//1209
f 1142//1210 1144//1210 1143//1210
f 1143//1211 1144//1211 1145//1211
f 1143//1212 1145//1212 1146//1212
f 1145//1213 1147//1213 1146//1213
f 1146//1214 1147//1214 1148//1214
f 1146//1215 1148//1215 1149//1215
f 1148//1216 1150//1216 1149//1216
f 1149//1217 1150//1217 1151//1217
f 1149//1218 1151//1218 1050//1218
f 1050//1219 1151//1219 1152//1219
f 1050//1220 1152//1220 1051//1220
f 654//840 1153//840 656//840
f 656//840 1153//840 1154//840
f 656//840 1154//840 658//840
f 658//840 1154//840 1155//840
f 658//840 1155//840 660//840
f 660//840 1155//840 1156//840
f 660//840 1156//840 662//840
f 618//840 1157//840 620//840
f 620//840 1157//840 1158//840
f 620//840 1158//840 622//840
f 622//840 1158//840 1159//840
f 622//840 1159//840 624//840
f 624//840 1159//840 1160//840
f 624//840 1160//840 626//840
f 1156//840 1161//840 662//840
f 662//840 1161//840 1162//840
f 662//840 1162//840 664//840
f 664//840 1162//840 1163//840
f 664//840 1163//840 666//840
f 666//840 1163//840 1164//840
f 666//840 1164//840 668//840
f 668//840 1164//840 1165//840
f 668//840 1165//840 612//840
f 632//840 1166//840 634//840
f 634//840 1166//840 1167//840
f 634//840 1167//840 636//840
f 636//840 1167//840 1168//840
f 636//840 1168//840 638//840
f 638//840 1168//840 1169//840
f 638//840 1169//840 640//840
f 1160//840 1170//840 626//840
f 626//840 1170//840 1171//840
f 626//840 1171//840 628//840
f 628//840 1171//840 1172//840
f 628//840 1172//840 630//840
f 630//840 1172//840 1173//840
f 630//840 1173//840 632//840
f 632//840 1173//840 1174//840
f 632//840 1174//840 1166//840
f 1165//840 1175//840 612//840
f 612//840 1175//840 1176//840
f 612//840 1176//840 614//840
f 614//840 1176//840 1177//840
f 614//840 1177//840 616//840
f 616//840 1177//840 1178//840
f 616//840 1178//840 618//840
f 618//840 1178//840 1179//840
f 618//840 1179//840 1157//840
f 648//840 1180//840 650//840
f 650//840 1180//840 1181//840
f 650//840 1181//840 652//840
f 652//840 1181//840 1182//840
f 652//840 1182//840 654//840
f 654//840 1182//840 1183//840
f 654//840 1183//840 1153//840
f 1169//840 1184//840 640//840
f 640//840 1184//840 1185//840
f 640//840 1185//840 642//840
f 642//840 1185//840 1186//840
f 642//840 1186//840 644//840
f 644//840 1186//840 1187//840
f 644//840 1187//840 646//840
f 646//840 1187//840 1188//840
f 646//840 1188//840 648//840
f 648//840 1188//840 1189//840
f 648//840 1189//840 1180//840
f 1186//1221 1185//1221 1103//1221
f 1103//1222 1101//1222 1186//1222
f 1186//1223 1101//1223 1100//1223
f 1186//1224 1100//1224 1187//1224
f 1094//1225 1189//1225 1188//1225
f 1100//1226 1098//1226 1187//1226
f 1187//1227 1098//1227 1097//1227
f 1187//1228 1097//1228 1188//1228
f 1188//1229 1097//1229 1095//1229
f 1188//1230 1095//1230 1094//1230
f 1088//1231 1181//1231 1180//1231
f 1094//1232 1092//1232 1189//1232
f 1189//1233 1092//1233 1091//1233
f 1189//1234 1091//1234 1180//1234
f 1180//1235 1091//1235 1089//1235
f 1180//1236 1089//1236 1088//1236
f 1082//1237 1183//1237 1182//1237
f 1088//1238 1086//1238 1181//1238
f 1181//1239 1086//1239 1085//1239
f 1181//1240 1085//1240 1182//1240
f 1182//1241 1085//1241 1083//1241
f 1182//1242 1083//1242 1082//1242
f 1082//1243 1080//1243 1183//1243
f 1183//1244 1080//1244 1079//1244
f 1183//1245 1079//1245 1153//1245
f 1073//1246 1155//1246 1154//1246
f 1079//1247 1077//1247 1153//1247
f 1153//1248 1077//1248 1076//1248
f 1153//1249 1076//1249 1154//1249
f 1154//1250 1076//1250 1074//1250
f 1154//1251 1074//1251 1073//1251
f 1067//1252 1161//1252 1156//1252
f 1073//1253 1071//1253 1155//1253
f 1155//1254 1071//1254 1070//1254
f 1155//1255 1070//1255 1156//1255
f 1156//1256 1070//1256 1068//1256
f 1156//1257 1068//1257 1067//1257
f 1061//1258 1163//1258 1162//1258
f 1067//1259 1065//1259 1161//1259
f 1161//1260 1065//1260 1064//1260
f 1161//1261 1064//1261 1162//1261
f 1162//1262 1064//1262 1062//1262
f 1162//1263 1062//1263 1061//1263
f 1055//1264 1165//1264 1164//1264
f 1061//1265 1059//1265 1163//1265
f 1163//1266 1059//1266 1058//1266
f 1163//1267 1058//1267 1164//1267
f 1164//1268 1058//1268 1056//1268
f 1164//1269 1056//1269 1055//1269
f 1152//1270 1176//1270 1175//1270
f 1055//1271 1053//1271 1165//1271
f 1165//1272 1053//1272 1052//1272
f 1165//1273 1052//1273 1175//1273
f 1175//1274 1052//1274 1051//1274
f 1175//1275 1051//1275 1152//1275
f 1147//1276 1178//1276 1177//1276
f 1152//1277 1151//1277 1176//1277
f 1176//1278 1151//1278 1150//1278
f 1176//1279 1150//1279 1177//1279
f 1177//1280 1150//1280 1148//1280
f 1177//1281 1148//1281 1147//1281
f 1141//1282 1157//1282 1179//1282
f 1147//1283 1145//1283 1178//1283
f 1178//1284 1145//1284 1144//1284
f 1178//1285 1144//1285 1179//1285
f 1179//1286 1144//1286 1142//1286
f 1179//1287 1142//1287 1141//1287
f 1135//1288 1159//1288 1158//1288
f 1141//1289 1139//1289 1157//1289
f 1157//1290 1139//1290 1138//1290
f 1157//1291 1138//1291 1158//1291
f 1158//1292 1138//1292 1136//1292
f 1158//1293 1136//1293 1135//1293
f 1047//1294 1170//1294 1160//1294
f 1135//1295 1133//1295 1159//1295
f 1159//1296 1133//1296 1132//1296
f 1159//1297 1132//1297 1160//1297
f 1160//1298 1132//1298 1130//1298
f 1160//1299 1130//1299 1047//1299
f 1047//1300 1048//1300 1170//1300
f 1170//1301 1048//1301 1043//1301
f 1170//1302 1043//1302 1171//1302
f 1043//1303 1042//1303 1171//1303
f 1171//1304 1042//1304 1041//1304
f 1171//1305 1041//1305 1172//1305
f 1041//1306 1128//1306 1172//1306
f 1172//1307 1128//1307 1129//1307
f 1172//1308 1129//1308 1173//1308
f 1122//1309 1166//1309 1174//1309
f 1129//1310 1126//1310 1173//1310
f 1173//1311 1126//1311 1125//1311
f 1173//1312 1125//1312 1174//1312
f 1174//1313 1125//1313 1123//1313
f 1174//1314 1123//1314 1122//1314
f 1116//1315 1168//1315 1167//1315
f 1122//1316 1120//1316 1166//1316
f 1166//1317 1120//1317 1119//1317
f 1166//1318 1119//1318 1167//1318
f 1167//1319 1119//1319 1117//1319
f 1167//1320 1117//1320 1116//1320
f 1110//1321 1184//1321 1169//1321
f 1116//1322 1114//1322 1168//1322
f 1168//1323 1114//1323 1113//1323
f 1168//1324 1113//1324 1169//1324
f 1169//1325 1113//1325 1111//1325
f 1169//1326 1111//1326 1110//1326
f 1110//1327 1108//1327 1184//1327
f 1184//1328 1108//1328 1107//1328
f 1184//1329 1107//1329 1185//1329
f 1185//1330 1107//1330 1105//1330
f 1185//1331 1105//1331 1103//1331
f 1010//1332 1075//1332 1078//1332
f 1010//1333 1078//1333 1009//1333
f 1009//1334 1078//1334 1081//1334
f 1009//1335 1081//1335 1006//1335
f 1006//1336 1081//1336 1084//1336
f 1006//1337 1084//1337 1005//1337
f 1005//1338 1084//1338 1087//1338
f 1005//1339 1087//1339 999//1339
f 999//1340 1087//1340 1090//1340
f 999//1341 1090//1341 998//1341
f 998//1342 1090//1342 1093//1342
f 998//1343 1093//1343 1004//1343
f 1004//1344 1093//1344 1096//1344
f 1004//1345 1096//1345 1003//1345
f 1003//1346 1096//1346 1099//1346
f 1003//1347 1099//1347 1002//1347
f 1002//1348 1099//1348 1102//1348
f 1002//1349 1102//1349 1014//1349
f 1014//1350 1102//1350 1013//1350
f 1013//1351 1102//1351 1104//1351
f 1013//1352 1104//1352 1012//1352
f 1044//1353 966//1353 1127//1353
f 1127//1354 966//1354 967//1354
f 1127//1355 967//1355 1124//1355
f 1124//1356 967//1356 965//1356
f 1124//1357 965//1357 1121//1357
f 1121//1358 965//1358 964//1358
f 1121//1359 964//1359 1118//1359
f 1118//1360 964//1360 963//1360
f 1118//1361 963//1361 1115//1361
f 1115//1362 963//1362 960//1362
f 1115//1363 960//1363 1112//1363
f 1112//1364 960//1364 959//1364
f 1112//1365 959//1365 1109//1365
f 1109//1366 959//1366 1012//1366
f 1109//1367 1012//1367 1106//1367
f 1106//1368 1012//1368 1104//1368
f 1010//1369 1011//1369 1075//1369
f 1075//1370 1011//1370 987//1370
f 1075//1371 987//1371 1072//1371
f 1072//1372 987//1372 993//1372
f 1072//1373 993//1373 1069//1373
f 1069//1374 993//1374 992//1374
f 1069//1375 992//1375 1066//1375
f 1066//1376 992//1376 991//1376
f 1066//1377 991//1377 1063//1377
f 1063//1378 991//1378 990//1378
f 1063//1379 990//1379 1060//1379
f 1060//1380 990//1380 989//1380
f 1060//1381 989//1381 1057//1381
f 1057//1382 989//1382 988//1382
f 1057//1383 988//1383 1054//1383
f 1054//1384 988//1384 996//1384
f 1054//1385 996//1385 1049//1385
f 1049//1386 996//1386 997//1386
f 1049//1387 997//1387 1050//1387
f 1050//1388 997//1388 981//1388
f 1050//1389 981//1389 1149//1389
f 1149//1390 981//1390 980//1390
f 1149//1391 980//1391 1146//1391
f 1146//1392 980//1392 979//1392
f 1146//1393 979//1393 1143//1393
f 1143//1394 979//1394 978//1394
f 1143//1395 978//1395 1140//1395
f 1140//1396 978//1396 977//1396
f 1140//1397 977//1397 1137//1397
f 1137//1398 977//1398 976//1398
f 1137//1399 976//1399 1134//1399
f 1134//1400 976//1400 975//1400
f 1134//1401 975//1401 1131//1401
f 1131//1402 975//1402 974//1402
f 1131//1403 974//1403 1046//1403
f 1046//1404 974//1404 982//1404
f 1046//1405 982//1405 1045//1405
f 1045//1406 982//1406 983//1406
f 1045//1407 983//1407 1044//1407
f 1044//1408 983//1408 984//1408
f 1044//1409 984//1409 966//1409
f 569//1410 571//1410 554//1410
f 554//1411 571//1411 588//1411
f 554//1412 588//1412 555//1412
f 555//1413 588//1413 587//1413
f 555//1414 587//1414 556//1414
f 556//1415 587//1415 585//1415
f 556//1416 585//1416 557//1416
f 557//1417 585//1417 583//1417
f 557//1418 583//1418 558//1418
f 558//1419 583//1419 597//1419
f 558//1420 597//1420 559//1420
f 559//1421 597//1421 596//1421
f 559//1422 596//1422 560//1422
f 560//1423 596//1423 594//1423
f 560//1424 594//1424 561//1424
f 561//1425 594//1425 592//1425
f 561//1426 592//1426 562//1426
f 562//1427 592//1427 590//1427
f 562//1428 590//1428 563//1428
f 563//1429 590//1429 589//1429
f 563//1430 589//1430 564//1430
f 564//1431 589//1431 580//1431
f 564//1432 580//1432 565//1432
f 565//1433 580//1433 578//1433
f 565//1434 578//1434 566//1434
f 566//1435 578//1435 576//1435
f 566//1436 576//1436 567//1436
f 567//1437 576//1437 575//1437
f 567//1438 575//1438 568//1438
f 568//1439 575//1439 573//1439
f 568//1440 573//1440 569//1440
f 569//1441 573//1441 571//1441
f 676//1442 534//1442 675//1442
f 675//1443 534//1443 532//1443
f 675//1444 532//1444 674//1444
f 674//1445 532//1445 530//1445
f 674//1445 530//1445 684//1445
f 684//1446 530//1446 528//1446
f 684//1447 528//1447 683//1447
f 683//1448 528//1448 682//1448
f 682//1449 528//1449 526//1449
f 682//1450 526//1450 681//1450
f 681//1451 526//1451 524//1451
f 681//1452 524//1452 671//1452
f 671//1453 524//1453 522//1453
f 671//1454 522//1454 670//1454
f 670//1455 522//1455 520//1455
f 670//1456 520//1456 669//1456
f 669//1457 520//1457 518//1457
f 669//1458 518//1458 673//1458
f 673//1459 518//1459 516//1459
f 673//1460 516//1460 672//1460
f 672//1461 516//1461 514//1461
f 672//1462 514//1462 678//1462
f 678//1463 514//1463 512//1463
f 678//1464 512//1464 677//1464
f 677//1465 512//1465 510//1465
f 677//1466 510//1466 680//1466
f 680//1467 510//1467 508//1467
f 680//1468 508//1468 679//1468
f 679//1469 508//1469 506//1469
f 679//1470 506//1470 686//1470
f 686//1471 506//1471 504//1471
f 686//1471 504//1471 685//1471
f 685//1472 504//1472 502//1472
f 685//1472 502//1472 688//1472
f 688//1473 502//1473 500//1473
f 688//1474 500//1474 687//1474
f 687//1475 500//1475 499//1475
f 687//1476 499//1476 676//1476
f 676//1477 499//1477 536//1477
f 676//1478 536//1478 534//1478
f 835//1479 836//1479 935//1479
f 935//1479 836//1479 1001//1479
f 935//1480 1001//1480 934//1480
f 934//1480 1001//1480 1000//1480
f 934//1481 1000//1481 837//1481
f 837//1481 1000//1481 838//1481
f 817//1482 818//1482 940//1482
f 940//1482 818//1482 1008//1482
f 940//1483 1008//1483 941//1483
f 941//1483 1008//1483 1007//1483
f 941//1484 1007//1484 821//1484
f 821//1484 1007//1484 819//1484
f 804//1485 805//1485 943//1485
f 943//1485 805//1485 986//1485
f 943//1486 986//1486 944//1486
f 944//1486 986//1486 985//1486
f 944//1487 985//1487 806//1487
f 806//1487 985//1487 807//1487
f 786//1488 787//1488 939//1488
f 939//1488 787//1488 995//1488
f 939//1489 995//1489 936//1489
f 936//1489 995//1489 994//1489
f 936//1490 994//1490 790//1490
f 790//1490 994//1490 788//1490
f 755//1491 756//1491 932//1491
f 932//1491 756//1491 962//1491
f 932//1492 962//1492 933//1492
f 933//1492 962//1492 961//1492
f 933//1493 961//1493 924//1493
f 924//1493 961//1493 925//1493
f 848//1494 849//1494 945//1494
f 945//1494 849//1494 969//1494
f 945//1495 969//1495 946//1495
f 946//1495 969//1495 968//1495
f 946//1496 968//1496 851//1496
f 851//1496 968//1496 850//1496
f 773//1497 774//1497 937//1497
f 937//1497 774//1497 971//1497
f 937//1498 971//1498 938//1498
f 938//1498 971//1498 970//1498
f 938//1499 970//1499 775//1499
f 775//1499 970//1499 776//1499
f 926//1500 927//1500 929//1500
f 929//1500 927//1500 972//1500
f 929//1501 972//1501 930//1501
f 930//1501 972//1501 973//1501
f 930//1502 973//1502 759//1502
f 759//1502 973//1502 757//1502
f 1190//1503 1191//1503 1192//1503
f 1192//1504 1191//1504 1193//1504
f 1192//1505 1193//1505 1194//1505
f 1194//1506 1193//1506 1195//1506
f 1194//1507 1195//1507 1196//1507
f 1196//1508 1195//1508 1197//1508
f 1196//1509 1197//1509 1198//1509
f 1198//1510 1197//1510 1199//1510
f 1198//1511 1199//1511 1200//1511
f 1200//1512 1199//1512 1201//1512
f 1200//1513 1201//1513 1202//1513
f 1202//1514 1201//1514 1203//1514
f 1202//1514 1203//1514 1204//1514
f 1204//1515 1203//1515 1205//1515
f 1204//1516 1205//1516 1206//1516
f 1206//1517 1205//1517 1207//1517
f 1206//1518 1207//1518 1208//1518
f 1208//1519 1207//1519 1209//1519
f 1208//1520 1209//1520 1210//1520
f 1210//1521 1209//1521 1211//1521
f 1210//1522 1211//1522 1212//1522
f 1212//1523 1211//1523 1213//1523
f 1212//1524 1213//1524 1214//1524
f 1214//1525 1213//1525 1215//1525
f 1214//1526 1215//1526 1216//1526
f 1216//1527 1215//1527 1217//1527
f 1216//1528 1217//1528 1218//1528
f 1218//1529 1217//1529 1219//1529
f 1218//1530 1219//1530 1220//1530
f 1220//1531 1219//1531 1221//1531
f 1220//1532 1221//1532 1222//1532
f 1222//1533 1221//1533 1223//1533
f 1222//1534 1223//1534 1224//1534
f 1224//1535 1223//1535 1225//1535
f 1224//1536 1225//1536 1226//1536
f 1226//1537 1225//1537 1227//1537
f 1226//1538 1227//1538 1228//1538
f 1228//1539 1227//1539 1229//1539
f 1228//1539 1229//1539 1230//1539
f 1230//1540 1229//1540 1231//1540
f 1230//1541 1231//1541 1232//1541
f 1232//1542 1231//1542 1233//1542
f 1232//1543 1233//1543 1234//1543
f 1234//1544 1233//1544 1235//1544
f 1234//1545 1235//1545 1236//1545
f 1236//1546 1235//1546 1237//1546
f 1236//1547 1237//1547 1238//1547
f 1238//1548 1237//1548 1239//1548
f 1238//1549 1239//1549 1240//1549
f 1240//1550 1239//1550 1241//1550
f 1240//1551 1241//1551 1242//1551
f 1242//1552 1241//1552 1243//1552
f 1242//1553 1243//1553 1244//1553
f 1244//1554 1243//1554 1245//1554
f 1244//1555 1245//1555 1246//1555
f 1246//1556 1245//1556 1247//1556
f 1246//1557 1247//1557 1248//1557
f 1248//1558 1247//1558 1249//1558
f 1248//1559 1249//1559 1250//1559
f 1250//1560 1249//1560 1251//1560
f 1250//1561 1251//1561 1252//1561
f 1252//1562 1251//1562 1253//1562
f 1252//1563 1253//1563 1254//1563
f 1254//1564 1253//1564 1255//1564
f 1254//1564 1255//1564 1256//1564
f 1256//1565 1255//1565 1257//1565
f 1256//1566 1257//1566 1258//1566
f 1258//1567 1257//1567 1259//1567
f 1258//1568 1259//1568 1260//1568
f 1260//1569 1259//1569 1261//1569
f 1260//1570 1261//1570 1262//1570
f 1262//1571 1261//1571 1263//1571
f 1262//1572 1263//1572 1264//1572
f 1264//1573 1263//1573 1265//1573
f 1264//1574 1265//1574 1266//1574
f 1266//1575 1265//1575 1267//1575
f 1266//1576 1267//1576 1268//1576
f 1268//1577 1267//1577 1269//1577
f 1268//1578 1269//1578 1270//1578
f 1270//1579 1269//1579 1271//1579
f 1270//1580 1271//1580 1272//1580
f 1272//1581 1271//1581 1273//1581
f 1272//1582 1273//1582 1274//1582
f 1274//1583 1273//1583 1275//1583
f 1274//1584 1275//1584 1276//1584
f 1276//1585 1275//1585 1277//1585
f 1276//1586 1277//1586 1278//1586
f 1278//1587 1277//1587 1279//1587
f 1278//1588 1279//1588 1280//1588
f 1280//1589 1279//1589 1281//1589
f 1280//1589 1281//1589 1282//1589
f 1282//1590 1281//1590 1283//1590
f 1282//1591 1283//1591 1284//1591
f 1284//1592 1283//1592 1285//1592
f 1284//1593 1285//1593 1286//1593
f 1286//1594 1285//1594 1287//1594
f 1286//1595 1287//1595 1288//1595
f 1288//1596 1287//1596 1289//1596
f 1288//1597 1289//1597 1290//1597
f 1290//1598 1289//1598 1291//1598
f 1290//1599 1291//1599 1292//1599
f 1292//1600 1291//1600 1293//1600
f 1292//1601 1293//1601 1190//1601
f 1190//1602 1293//1602 1191//1602
f 1293//1603 1294//1603 1191//1603
f 1191//1604 1294//1604 1295//1604
f 1191//1605 1295//1605 1193//1605
f 1193//1606 1295//1606 1296//1606
f 1193//1607 1296//1607 1195//1607
f 1195//1608 1296//1608 1297//1608
f 1195//1609 1297//1609 1197//1609
f 1197//1610 1297//1610 1298//1610
f 1197//1611 1298//1611 1199//1611
f 1199//1612 1298//1612 1299//1612
f 1199//1613 1299//1613 1201//1613
f 1201//1614 1299//1614 1300//1614
f 1201//1614 1300//1614 1203//1614
f 1203//1615 1300//1615 1301//1615
f 1203//1616 1301//1616 1205//1616
f 1205//1617 1301//1617 1302//1617
f 1205//1618 1302//1618 1207//1618
f 1207//1619 1302//1619 1303//1619
f 1207//1620 1303//1620 1209//1620
f 1209//1621 1303//1621 1304//1621
f 1209//1622 1304//1622 1211//1622
f 1211//1623 1304//1623 1305//1623
f 1211//1624 1305//1624 1213//1624
f 1213//1625 1305//1625 1306//1625
f 1213//1626 1306//1626 1215//1626
f 1215//1627 1306//1627 1307//1627
f 1215//1628 1307//1628 1217//1628
f 1217//1629 1307//1629 1308//1629
f 1217//1630 1308//1630 1219//1630
f 1219//1631 1308//1631 1309//1631
f 1219//1632 1309//1632 1221//1632
f 1221//1633 1309//1633 1310//1633
f 1221//1634 1310//1634 1223//1634
f 1223//1635 1310//1635 1311//1635
f 1223//1636 1311//1636 1225//1636
f 1225//1637 1311//1637 1312//1637
f 1225//1638 1312//1638 1227//1638
f 1227//1639 1312//1639 1313//1639
f 1227//1639 1313//1639 1229//1639
f 1229//1640 1313//1640 1314//1640
f 1229//1641 1314//1641 1231//1641
f 1231//1642 1314//1642 1315//1642
f 1231//1643 1315//1643 1233//1643
f 1233//1644 1315//1644 1316//1644
f 1233//1645 1316//1645 1235//1645
f 1235//1646 1316//1646 1317//1646
f 1235//1647 1317//1647 1237//1647
f 1237//1648 1317//1648 1318//1648
f 1237//1649 1318//1649 1239//1649
f 1239//1650 1318//1650 1319//1650
f 1239//1651 1319//1651 1241//1651
f 1241//1652 1319//1652 1320//1652
f 1241//1653 1320//1653 1243//1653
f 1243//1654 1320//1654 1321//1654
f 1243//1655 1321//1655 1245//1655
f 1245//1656 1321//1656 1322//1656
f 1245//1657 1322//1657 1247//1657
f 1247//1658 1322//1658 1323//1658
f 1247//1659 1323//1659 1249//1659
f 1249//1660 1323//1660 1324//1660
f 1249//1661 1324//1661 1251//1661
f 1251//1662 1324//1662 1325//1662
f 1251//1663 1325//1663 1253//1663
f 1253//1664 1325//1664 1326//1664
f 1253//1664 1326//1664 1255//1664
f 1255//1665 1326//1665 1327//1665
f 1255//1666 1327//1666 1257//1666
f 1257//1667 1327//1667 1328//1667
f 1257//1668 1328//1668 1259//1668
f 1259//1669 1328//1669 1329//1669
f 1259//1670 1329//1670 1261//1670
f 1261//1671 1329//1671 1330//1671
f 1261//1672 1330//1672 1263//1672
f 1263//1673 1330//1673 1331//1673
f 1263//1674 1331//1674 1265//1674
f 1265//1675 1331//1675 1332//1675
f 1265//1676 1332//1676 1267//1676
f 1267//1677 1332//1677 1333//1677
f 1267//1678 1333//1678 1269//1678
f 1269//1679 1333//1679 1334//1679
f 1269//1680 1334//1680 1271//1680
f 1271//1681 1334//1681 1335//1681
f 1271//1682 1335//1682 1273//1682
f 1273//1683 1335//1683 1336//1683
f 1273//1684 1336//1684 1275//1684
f 1275//1685 1336//1685 1337//1685
f 1275//1686 1337//1686 1277//1686
f 1277//1687 1337//1687 1338//1687
f 1277//1688 1338//1688 1279//1688
f 1279//1689 1338//1689 1339//1689
f 1279//1689 1339//1689 1281//1689
f 1281//1690 1339//1690 1340//1690
f 1281//1691 1340//1691 1283//1691
f 1283//1692 1340//1692 1341//1692
f 1283//1693 1341//1693 1285//1693
f 1285//1694 1341//1694 1342//1694
f 1285//1695 1342//1695 1287//1695
f 1287//1696 1342//1696 1343//1696
f 1287//1697 1343//1697 1289//1697
f 1289//1698 1343//1698 1344//1698
f 1289//1699 1344//1699 1291//1699
f 1291//1700 1344//1700 1345//1700
f 1291//1701 1345//1701 1293//1701
f 1293//1702 1345//1702 1294//1702
f 1345//1703 1346//1703 1294//1703
f 1294//1704 1346//1704 1347//1704
f 1294//1705 1347//1705 1295//1705
f 1295//1706 1347//1706 1348//1706
f 1295//1707 1348//1707 1296//1707
f 1296//1708 1348//1708 1349//1708
f 1296//1709 1349//1709 1297//1709
f 1297//1710 1349//1710 1350//1710
f 1297//1711 1350//1711 1298//1711
f 1298//1712 1350//1712 1351//1712
f 1298//1713 1351//1713 1299//1713
f 1299//1714 1351//1714 1352//1714
f 1299//1714 1352//1714 1300//1714
f 1300//1715 1352//1715 1353//1715
f 1300//1716 1353//1716 1301//1716
f 1301//1717 1353//1717 1354//1717
f 1301//1718 1354//1718 1302//1718
f 1302//1719 1354//1719 1355//1719
f 1302//1720 1355//1720 1303//1720
f 1303//1721 1355//1721 1356//1721
f 1303//1722 1356//1722 1304//1722
f 1304//1723 1356//1723 1357//1723
f 1304//1724 1357//1724 1305//1724
f 1305//1725 1357//1725 1358//1725
f 1305//1726 1358//1726 1306//1726
f 1306//1727 1358//1727 1359//1727
f 1306//1728 1359//1728 1307//1728
f 1307//1729 1359//1729 1360//1729
f 1307//1730 1360//1730 1308//1730
f 1308//1731 1360//1731 1361//1731
f 1308//1732 1361//1732 1309//1732
f 1309//1733 1361//1733 1362//1733
f 1309//1734 1362//1734 1310//1734
f 1310//1735 1362//1735 1363//1735
f 1310//1736 1363//1736 1311//1736
f 1311//1737 1363//1737 1364//1737
f 1311//1738 1364//1738 1312//1738
f 1312//1739 1364//1739 1365//1739
f 1312//1739 1365//1739 1313//1739
f 1313//1740 1365//1740 1366//1740
f 1313//1741 1366//1741 1314//1741
f 1314//1742 1366//1742 1367//1742
f 1314//1743 1367//1743 1315//1743
f 1315//1744 1367//1744 1368//1744
f 1315//1745 1368//1745 1316//1745
f 1316//1746 1368//1746 1369//1746
f 1316//1747 1369//1747 1317//1747
f 1317//1748 1369//1748 1370//1748
f 1317//1749 1370//1749 1318//1749
f 1318//1750 1370//1750 1371//1750
f 1318//1751 1371//1751 1319//1751
f 1319//1752 1371//1752 1372//1752
f 1319//1753 1372//1753 1320//1753
f 1320//1754 1372//1754 1373//1754
f 1320//1755 1373//1755 1321//1755
f 1321//1756 1373//1756 1374//1756
f 1321//1757 1374//1757 1322//1757
f 1322//1758 1374//1758 1375//1758
f 1322//1759 1375//1759 1323//1759
f 1323//1760 1375//1760 1376//1760
f 1323//1761 1376//1761 1324//1761
f 1324//1762 1376//1762 1377//1762
f 1324//1763 1377//1763 1325//1763
f 1325//1764 1377//1764 1378//1764
f 1325//1764 1378//1764 1326//1764
f 1326//1765 1378//1765 1379//1765
f 1326//1766 1379//1766 1327//1766
f 1327//1767 1379//1767 1380//1767
f 1327//1768 1380//1768 1328//1768
f 1328//1769 1380//1769 1381//1769
f 1328//1770 1381//1770 1329//1770
f 1329//1771 1381//1771 1382//1771
f 1329//1772 1382//1772 1330//1772
f 1330//1773 1382//1773 1383//1773
f 1330//1774 1383//1774 1331//1774
f 1331//1775 1383//1775 1384//1775
f 1331//1776 1384//1776 1332//1776
f 1332//1777 1384//1777 1385//1777
f 1332//1778 1385//1778 1333//1778
f 1333//1779 1385//1779 1386//1779
f 1333//1780 1386//1780 1334//1780
f 1334//1781 1386//1781 1387//1781
f 1334//1782 1387//1782 1335//1782
f 1335//1783 1387//1783 1388//1783
f 1335//1784 1388//1784 1336//1784
f 1336//1785 1388//1785 1389//1785
f 1336//1786 1389//1786 1337//1786
f 1337//1787 1389//1787 1390//1787
f 1337//1788 1390//1788 1338//1788
f 1338//1789 1390//1789 1391//1789
f 1338//1789 1391//1789 1339//1789
f 1339//1790 1391//1790 1392//1790
f 1339//1791 1392//1791 1340//1791
f 1340//1792 1392//1792 1393//1792
f 1340//1793 1393//1793 1341//1793
f 1341//1794 1393//1794 1394//1794
f 1341//1795 1394//1795 1342//1795
f 1342//1796 1394//1796 1395//1796
f 1342//1797 1395//1797 1343//1797
f 1343//1798 1395//1798 1396//1798
f 1343//1799 1396//1799 1344//1799
f 1344//1800 1396//1800 1397//1800
f 1344//1801 1397//1801 1345//1801
f 1345//1802 1397//1802 1346//1802
f 1397//1803 1398//1803 1346//1803
f 1346//1804 1398//1804 1399//1804
f 1346//1805 1399//1805 1347//1805
f 1347//1806 1399//1806 1400//1806
f 1347//1807 1400//1807 1348//1807
f 1348//1808 1400//1808 1401//1808
f 1348//1809 1401//1809 1349//1809
f 1349//1810 1401//1810 1402//1810
f 1349//1811 1402//1811 1350//1811
f 1350//1812 1402//1812 1403//1812
f 1350//1813 1403//1813 1351//1813
f 1351//1814 1403//1814 1404//1814
f 1351//1814 1404//1814 1352//1814
f 1352//1815 1404//1815 1405//1815
f 1352//1816 1405//1816 1353//1816
f 1353//1817 1405//1817 1406//1817
f 1353//1818 1406//1818 1354//1818
f 1354//1819 1406//1819 1407//1819
f 1354//1820 1407//1820 1355//1820
f 1355//1821 1407//1821 1408//1821
f 1355//1822 1408//1822 1356//1822
f 1356//1823 1408//1823 1409//1823
f 1356//1824 1409//1824 1357//1824
f 1357//1825 1409//1825 1410//1825
f 1357//1826 1410//1826 1358//1826
f 1358//1827 1410//1827 1411//1827
f 1358//1828 1411//1828 1359//1828
f 1359//1829 1411//1829 1412//1829
f 1359//1830 1412//1830 1360//1830
f 1360//1831 1412//1831 1413//1831
f 1360//1832 1413//1832 1361//1832
f 1361//1833 1413//1833 1414//1833
f 1361//1834 1414//1834 1362//1834
f 1362//1835 1414//1835 1415//1835
f 1362//1836 1415//1836 1363//1836
f 1363//1837 1415//1837 1416//1837
f 1363//1838 1416//1838 1364//1838
f 1364//1839 1416//1839 1417//1839
f 1364//1839 1417//1839 1365//1839
f 1365//1840 1417//1840 1418//1840
f 1365//1841 1418//1841 1366//1841
f 1366//1842 1418//1842 1419//1842
f 1366//1843 1419//1843 1367//1843
f 1367//1844 1419//1844 1420//1844
f 1367//1845 1420//1845 1368//1845
f 1368//1846 1420//1846 1421//1846
f 1368//1847 1421//1847 1369//1847
f 1369//1848 1421//1848 1422//1848
f 1369//1849 1422//1849 1370//1849
f 1370//1850 1422//1850 1423//1850
f 1370//1851 1423//1851 1371//1851
f 1371//1852 1423//1852 1424//1852
f 1371//1853 1424//1853 1372//1853
f 1372//1854 1424//1854 1425//1854
f 1372//1855 1425//1855 1373//1855
f 1373//1856 1425//1856 1426//1856
f 1373//1857 1426//1857 1374//1857
f 1374//1858 1426//1858 1427//1858
f 1374//1859 1427//1859 1375//1859
f 1375//1860 1427//1860 1428//1860
f 1375//1861 1428//1861 1376//1861
f 1376//1862 1428//1862 1429//1862
f 1376//1863 1429//1863 1377//1863
f 1377//1864 1429//1864 1430//1864
f 1377//1864 1430//1864 1378//1864
f 1378//1865 1430//1865 1431//1865
f 1378//1866 1431//1866 1379//1866
f 1379//1867 1431//1867 1432//1867
f 1379//1868 1432//1868 1380//1868
f 1380//1869 1432//1869 1433//1869
f 1380//1870 1433//1870 1381//1870
f 1381//1871 1433//1871 1434//1871
f 1381//1872 1434//1872 1382//1872
f 1382//1873 1434//1873 1435//1873
f 1382//1874 1435//1874 1383//1874
f 1383//1875 1435//1875 1436//1875
f 1383//1876 1436//1876 1384//1876
f 1384//1877 1436//1877 1437//1877
f 1384//1878 1437//1878 1385//1878
f 1385//1879 1437//1879 1438//1879
f 1385//1880 1438//1880 1386//1880
f 1386//1881 1438//1881 1439//1881
f 1386//1882 1439//1882 1387//1882
f 1387//1883 1439//1883 1440//1883
f 1387//1884 1440//1884 1388//1884
f 1388//1885 1440//1885 1441//1885
f 1388//1886 1441//1886 1389//1886
f 1389//1887 1441//1887 1442//1887
f 1389//1888 1442//1888 1390//1888
f 1390//1889 1442//1889 1443//1889
f 1390//1889 1443//1889 1391//1889
f 1391//1890 1443//1890 1444//1890
f 1391//1891 1444//1891 1392//1891
f 1392//1892 1444//1892 1445//1892
f 1392//1893 1445//1893 1393//1893
f 1393//1894 1445//1894 1446//1894
f 1393//1895 1446//1895 1394//1895
f 1394//1896 1446//1896 1447//1896
f 1394//1897 1447//1897 1395//1897
f 1395//1898 1447//1898 1448//1898
f 1395//1899 1448//1899 1396//1899
f 1396//1900 1448//1900 1449//1900
f 1396//1901 1449//1901 1397//1901
f 1397//1902 1449//1902 1398//1902
f 1449//1903 1450//1903 1398//1903
f 1398//1904 1450//1904 1451//1904
f 1398//1905 1451//1905 1399//1905
f 1399//1906 1451//1906 1452//1906
f 1399//1907 1452//1907 1400//1907
f 1400//1908 1452//1908 1453//1908
f 1400//1909 1453//1909 1401//1909
f 1401//1910 1453//1910 1454//1910
f 1401//1911 1454//1911 1402//1911
f 1402//1912 1454//1912 1455//1912
f 1402//1913 1455//1913 1403//1913
f 1403//1914 1455//1914 1456//1914
f 1403//1914 1456//1914 1404//1914
f 1404//1915 1456//1915 1457//1915
f 1404//1916 1457//1916 1405//1916
f 1405//1917 1457//1917 1458//1917
f 1405//1918 1458//1918 1406//1918
f 1406//1919 1458//1919 1459//1919
f 1406//1920 1459//1920 1407//1920
f 1407//1921 1459//1921 1460//1921
f 1407//1922 1460//1922 1408//1922
f 1408//1923 1460//1923 1461//1923
f 1408//1924 1461//1924 1409//1924
f 1409//1925 1461//1925 1462//1925
f 1409//1926 1462//1926 1410//1926
f 1410//1927 1462//1927 1463//1927
f 1410//1928 1463//1928 1411//1928
f 1411//1929 1463//1929 1464//1929
f 1411//1930 1464//1930 1412//1930
f 1412//1931 1464//1931 1465//1931
f 1412//1932 1465//1932 1413//1932
f 1413//1933 1465//1933 1466//1933
f 1413//1934 1466//1934 1414//1934
f 1414//1935 1466//1935 1467//1935
f 1414//1936 1467//1936 1415//1936
f 1415//1937 1467//1937 1468//1937
f 1415//1938 1468//1938 1416//1938
f 1416//1939 1468//1939 1469//1939
f 1416//1939 1469//1939 1417//1939
f 1417//1940 1469//1940 1470//1940
f 1417//1941 1470//1941 1418//1941
f 1418//1942 1470//1942 1471//1942
f 1418//1943 1471//1943 1419//1943
f 1419//1944 1471//1944 1472//1944
f 1419//1945 1472//1945 1420//1945
f 1420//1946 1472//1946 1473//1946
f 1420//1947 1473//1947 1421//1947
f 1421//1948 1473//1948 1474//1948
f 1421//1949 1474//1949 1422//1949
f 1422//1950 1474//1950 1475//1950
f 1422//1951 1475//1951 1423//1951
f 1423//1952 1475//1952 1476//1952
f 1423//1953 1476//1953 1424//1953
f 1424//1954 1476//1954 1477//1954
f 1424//1955 1477//1955 1425//1955
f 1425//1956 1477//1956 1478//1956
f 1425//1957 1478//1957 1426//1957
f 1426//1958 1478//1958 1479//1958
f 1426//1959 1479//1959 1427//1959
f 1427//1960 1479//1960 1480//1960
f 1427//1961 1480//1961 1428//1961
f 1428//1962 1480//1962 1481//1962
f 1428//1963 1481//1963 1429//1963
f 1429//1964 1481//1964 1482//1964
f 1429//1964 1482//1964 1430//1964
f 1430//1965 1482//1965 1483//1965
f 1430//1966 1483//1966 1431//1966
f 1431//1967 1483//1967 1484//1967
f 1431//1968 1484//1968 1432//1968
f 1432//1969 1484//1969 1485//1969
f 1432//1970 1485//1970 1433//1970
f 1433//1971 1485//1971 1486//1971
f 1433//1972 1486//1972 1434//1972
f 1434//1973 1486//1973 1487//1973
f 1434//1974 1487//1974 1435//1974
f 1435//1975 1487//1975 1488//1975
f 1435//1976 1488//1976 1436//1976
f 1436//1977 1488//1977 1489//1977
f 1436//1978 1489//1978 1437//1978
f 1437//1979 1489//1979 1490//1979
f 1437//1980 1490//1980 1438//1980
f 1438//1981 1490//1981 1491//1981
f 1438//1982 1491//1982 1439//1982
f 1439//1983 1491//1983 1492//1983
f 1439//1984 1492//1984 1440//1984
f 1440//1985 1492//1985 1493//1985
f 1440//1986 1493//1986 1441//1986
f 1441//1987 1493//1987 1494//1987
f 1441//1988 1494//1988 1442//1988
f 1442//1989 1494//1989 1495//1989
f 1442//1989 1495//1989 1443//1989
f 1443//1990 1495//1990 1496//1990
f 1443//1991 1496//1991 1444//1991
f 1444//1992 1496//1992 1497//1992
f 1444//1993 1497//1993 1445//1993
f 1445//1994 1497//1994 1498//1994
f 1445//1995 1498//1995 1446//1995
f 1446//1996 1498//1996 1499//1996
f 1446//1997 1499//1997 1447//1997
f 1447//1998 1499//1998 1500//1998
f 1447//1999 1500//1999 1448//1999
f 1448//2000 1500//2000 1501//2000
f 1448//2001 1501//2001 1449//2001
f 1449//2002 1501//2002 1450//2002
f 1501//2003 1502//2003 1450//2003
f 1450//2004 1502//2004 1503//2004
f 1450//2005 1503//2005 1451//2005
f 1451//2006 1503//2006 1504//2006
f 1451//2007 1504//2007 1452//2007
f 1452//2008 1504//2008 1505//2008
f 1452//2009 1505//2009 1453//2009
f 1453//2010 1505//2010 1506//2010
f 1453//2011 1506//2011 1454//2011
f 1454//2012 1506//2012 1507//2012
f 1454//2013 1507//2013 1455//2013
f 1455//2014 1507//2014 1508//2014
f 1455//2014 1508//2014 1456//2014
f 1456//2015 1508//2015 1509//2015
f 1456//2016 1509//2016 1457//2016
f 1457//2017 1509//2017 1510//2017
f 1457//2018 1510//2018 1458//2018
f 1458//2019 1510//2019 1511//2019
f 1458//2020 1511//2020 1459//2020
f 1459//2021 1511//2021 1512//2021
f 1459//2022 1512//2022 1460//2022
f 1460//2023 1512//2023 1513//2023
f 1460//2024 1513//2024 1461//2024
f 1461//2025 1513//2025 1514//2025
f 1461//2026 1514//2026 1462//2026
f 1462//2027 1514//2027 1515//2027
f 1462//2028 1515//2028 1463//2028
f 1463//2029 1515//2029 1516//2029
f 1463//2030 1516//2030 1464//2030
f 1464//2031 1516//2031 1517//2031
f 1464//2032 1517//2032 1465//2032
f 1465//2033 1517//2033 1518//2033
f 1465//2034 1518//2034 1466//2034
f 1466//2035 1518//2035 1519//2035
f 1466//2036 1519//2036 1467//2036
f 1467//2037 1519//2037 1520//2037
f 1467//2038 1520//2038 1468//2038
f 1468//2039 1520//2039 1521//2039
f 1468//2039 1521//2039 1469//2039
f 1469//2040 1521//2040 1522//2040
f 1469//2041 1522//2041 1470//2041
f 1470//2042 1522//2042 1523//2042
f 1470//2043 1523//2043 1471//2043
f 1471//2044 1523//2044 1524//2044
f 1471//2045 1524//2045 1472//2045
f 1472//2046 1524//2046 1525//2046
f 1472//2047 1525//2047 1473//2047
f 1473//2048 1525//2048 1526//2048
f 1473//2049 1526//2049 1474//2049
f 1474//2050 1526//2050 1527//2050
f 1474//2051 1527//2051 1475//2051
f 1475//2052 1527//2052 1528//2052
f 1475//2053 1528//2053 1476//2053
f 1476//2054 1528//2054 1529//2054
f 1476//2055 1529//2055 1477//2055
f 1477//2056 1529//2056 1530//2056
f 1477//2057 1530//2057 1478//2057
f 1478//2058 1530//2058 1531//2058
f 1478//2059 1531//2059 1479//2059
f 1479//2060 1531//2060 1532//2060
f 1479//2061 1532//2061 1480//2061
f 1480//2062 1532//2062 1533//2062
f 1480//2063 1533//2063 1481//2063
f 1481//2064 1533//2064 1534//2064
f 1481//2064 1534//2064 1482//2064
f 1482//2065 1534//2065 1535//2065
f 1482//2066 1535//2066 1483//2066
f 1483//2067 1535//2067 1536//2067
f 1483//2068 1536//2068 1484//2068
f 1484//2069 1536//2069 1537//2069
f 1484//2070 1537//2070 1485//2070
f 1485//2071 1537//2071 1538//2071
f 1485//2072 1538//2072 1486//2072
f 1486//2073 1538//2073 1539//2073
f 1486//2074 1539//2074 1487//2074
f 1487//2075 1539//2075 1540//2075
f 1487//2076 1540//2076 1488//2076
f 1488//2077 1540//2077 1541//2077
f 1488//2078 1541//2078 1489//2078
f 1489//2079 1541//2079 1542//2079
f 1489//2080 1542//2080 1490//2080
f 1490//2081 1542//2081 1543//2081
f 1490//2082 1543//2082 1491//2082
f 1491//2083 1543//2083 1544//2083
f 1491//2084 1544//2084 1492//2084
f 1492//2085 1544//2085 1545//2085
f 1492//2086 1545//2086 1493//2086
f 1493//2087 1545//2087 1546//2087
f 1493//2088 1546//2088 1494//2088
f 1494//2089 1546//2089 1547//2089
f 1494//2089 1547//2089 1495//2089
f 1495//2090 1547//2090 1548//2090
f 1495//2091 1548//2091 1496//2091
f 1496//2092 1548//2092 1549//2092
f 1496//2093 1549//2093 1497//2093
f 1497//2094 1549//2094 1550//2094
f 1497//2095 1550//2095 1498//2095
f 1498//2096 1550//2096 1551//2096
f 1498//2097 1551//2097 1499//2097
f 1499//2098 1551//2098 1552//2098
f 1499//2099 1552//2099 1500//2099
f 1500//2100 1552//2100 1553//2100
f 1500//2101 1553//2101 1501//2101
f 1501//2102 1553//2102 1502//2102
f 1553//2103 1554//2103 1502//2103
f 1502//2104 1554//2104 1555//2104
f 1502//2104 1555//2104 1503//2104
f 1503//2105 1555//2105 1556//2105
f 1503//2105 1556//2105 1504//2105
f 1504//2106 1556//2106 1557//2106
f 1504//2106 1557//2106 1505//2106
f 1505//2107 1557//2107 1558//2107
f 1505//2107 1558//2107 1506//2107
f 1506//2108 1558//2108 1559//2108
f 1506//2108 1559//2108 1507//2108
f 1507//2109 1559//2109 1560//2109
f 1507//2109 1560//2109 1508//2109
f 1508//2110 1560//2110 1561//2110
f 1508//2110 1561//2110 1509//2110
f 1509//2111 1561//2111 1562//2111
f 1509//2111 1562//2111 1510//2111
f 1510//2112 1562//2112 1563//2112
f 1510//2112 1563//2112 1511//2112
f 1511//2113 1563//2113 1564//2113
f 1511//2113 1564//2113 1512//2113
f 1512//2114 1564//2114 1565//2114
f 1512//2114 1565//2114 1513//2114
f 1513//2115 1565//2115 1566//2115
f 1513//2115 1566//2115 1514//2115
f 1514//2116 1566//2116 1567//2116
f 1514//2116 1567//2116 1515//2116
f 1515//2117 1567//2117 1568//2117
f 1515//2117 1568//2117 1516//2117
f 1516//2118 1568//2118 1569//2118
f 1516//2118 1569//2118 1517//2118
f 1517//2119 1569//2119 1570//2119
f 1517//2119 1570//2119 1518//2119
f 1518//2120 1570//2120 1571//2120
f 1518//2120 1571//2120 1519//2120
f 1519//2121 1571//2121 1572//2121
f 1519//2121 1572//2121 1520//2121
f 1520//2122 1572//2122 1573//2122
f 1520//2122 1573//2122 1521//2122
f 1521//2123 1573//2123 1574//2123
f 1521//2123 1574//2123 1522//2123
f 1522//2124 1574//2124 1575//2124
f 1522//2124 1575//2124 1523//2124
f 1523//2125 1575//2125 1576//2125
f 1523//2125 1576//2125 1524//2125
f 1524//2126 1576//2126 1577//2126
f 1524//2126 1577//2126 1525//2126
f 1525//2127 1577//2127 1578//2127
f 1525//2127 1578//2127 1526//2127
f 1526//2128 1578//2128 1579//2128
f 1526//2128 1579//2128 1527//2128
f 1527//2129 1579//2129 1580//2129
f 1527//2129 1580//2129 1528//2129
f 1528//2130 1580//2130 1581//2130
f 1528//2130 1581//2130 1529//2130
f 1529//2131 1581//2131 1582//2131
f 1529//2131 1582//2131 1530//2131
f 1530//2132 1582//2132 1583//2132
f 1530//2132 1583//2132 1531//2132
f 1531//2133 1583//2133 1584//2133
f 1531//2133 1584//2133 1532//2133
f 1532//2134 1584//2134 1585//2134
f 1532//2134 1585//2134 1533//2134
f 1533//2135 1585//2135 1586//2135
f 1533//2135 1586//2135 1534//2135
f 1534//2136 1586//2136 1587//2136
f 1534//2136 1587//2136 1535//2136
f 1535//2137 1587//2137 1588//2137
f 1535//2137 1588//2137 1536//2137
f 1536//2138 1588//2138 1589//2138
f 1536//2138 1589//2138 1537//2138
f 1537//2139 1589//2139 1590//2139
f 1537//2139 1590//2139 1538//2139
f 1538//2140 1590//2140 1591//2140
f 1538//2140 1591//2140 1539//2140
f 1539//2141 1591//2141 1592//2141
f 1539//2141 1592//2141 1540//2141
f 1540//2142 1592//2142 1593//2142
f 1540//2142 1593//2142 1541//2142
f 1541//2143 1593//2143 1594//2143
f 1541//2143 1594//2143 1542//2143
f 1542//2144 1594//2144 1595//2144
f 1542//2144 1595//2144 1543//2144
f 1543//2145 1595//2145 1596//2145
f 1543//2145 1596//2145 1544//2145
f 1544//2146 1596//2146 1597//2146
f 1544//2146 1597//2146 1545//2146
f 1545//2147 1597//2147 1598//2147
f 1545//2147 1598//2147 1546//2147
f 1546//2148 1598//2148 1599//2148
f 1546//2148 1599//2148 1547//2148
f 1547//2149 1599//2149 1600//2149
f 1547//2149 1600//2149 1548//2149
f 1548//2150 1600//2150 1601//2150
f 1548//2150 1601//2150 1549//2150
f 1549//2151 1601//2151 1602//2151
f 1549//2151 1602//2151 1550//2151
f 1550//2152 1602//2152 1603//2152
f 1550//2152 1603//2152 1551//2152
f 1551//2153 1603//2153 1604//2153
f 1551//2153 1604//2153 1552//2153
f 1552//2154 1604//2154 1605//2154
f 1552//2154 1605//2154 1553//2154
f 1553//2103 1605//2103 1554//2103
f 1605//2155 1606//2155 1554//2155
f 1554//2156 1606//2156 1607//2156
f 1554//2157 1607//2157 1555//2157
f 1555//2158 1607//2158 1608//2158
f 1555//2159 1608//2159 1556//2159
f 1556//2160 1608//2160 1609//2160
f 1556//2161 1609//2161 1557//2161
f 1557//2162 1609//2162 1610//2162
f 1557//2163 1610//2163 1558//2163
f 1558//2164 1610//2164 1611//2164
f 1558//2165 1611//2165 1559//2165
f 1559//2166 1611//2166 1612//2166
f 1559//2166 1612//2166 1560//2166
f 1560//2167 1612//2167 1613//2167
f 1560//2168 1613//2168 1561//2168
f 1561//2169 1613//2169 1614//2169
f 1561//2170 1614//2170 1562//2170
f 1562//2171 1614//2171 1615//2171
f 1562//2172 1615//2172 1563//2172
f 1563//2173 1615//2173 1616//2173
f 1563//2174 1616//2174 1564//2174
f 1564//2175 1616//2175 1617//2175
f 1564//2176 1617//2176 1565//2176
f 1565//2177 1617//2177 1618//2177
f 1565//2178 1618//2178 1566//2178
f 1566//2179 1618//2179 1619//2179
f 1566//2180 1619//2180 1567//2180
f 1567//2181 1619//2181 1620//2181
f 1567//2182 1620//2182 1568//2182
f 1568//2183 1620//2183 1621//2183
f 1568//2184 1621//2184 1569//2184
f 1569//2185 1621//2185 1622//2185
f 1569//2186 1622//2186 1570//2186
f 1570//2187 1622//2187 1623//2187
f 1570//2188 1623//2188 1571//2188
f 1571//2189 1623//2189 1624//2189
f 1571//2190 1624//2190 1572//2190
f 1572//2191 1624//2191 1625//2191
f 1572//2191 1625//2191 1573//2191
f 1573//2192 1625//2192 1626//2192
f 1573//2193 1626//2193 1574//2193
f 1574//2194 1626//2194 1627//2194
f 1574//2195 1627//2195 1575//2195
f 1575//2196 1627//2196 1628//2196
f 1575//2197 1628//2197 1576//2197
f 1576//2198 1628//2198 1629//2198
f 1576//2199 1629//2199 1577//2199
f 1577//2200 1629//2200 1630//2200
f 1577//2201 1630//2201 1578//2201
f 1578//2202 1630//2202 1631//2202
f 1578//2203 1631//2203 1579//2203
f 1579//2204 1631//2204 1632//2204
f 1579//2205 1632//2205 1580//2205
f 1580//2206 1632//2206 1633//2206
f 1580//2207 1633//2207 1581//2207
f 1581//2208 1633//2208 1634//2208
f 1581//2209 1634//2209 1582//2209
f 1582//2210 1634//2210 1635//2210
f 1582//2211 1635//2211 1583//2211
f 1583//2212 1635//2212 1636//2212
f 1583//2213 1636//2213 1584//2213
f 1584//2214 1636//2214 1637//2214
f 1584//2215 1637//2215 1585//2215
f 1585//2216 1637//2216 1638//2216
f 1585//2216 1638//2216 1586//2216
f 1586//2217 1638//2217 1639//2217
f 1586//2218 1639//2218 1587//2218
f 1587//2219 1639//2219 1640//2219
f 1587//2220 1640//2220 1588//2220
f 1588//2221 1640//2221 1641//2221
f 1588//2222 1641//2222 1589//2222
f 1589//2223 1641//2223 1642//2223
f 1589//2224 1642//2224 1590//2224
f 1590//2225 1642//2225 1643//2225
f 1590//2226 1643//2226 1591//2226
f 1591//2227 1643//2227 1644//2227
f 1591//2228 1644//2228 1592//2228
f 1592//2229 1644//2229 1645//2229
f 1592//2230 1645//2230 1593//2230
f 1593//2231 1645//2231 1646//2231
f 1593//2232 1646//2232 1594//2232
f 1594//2233 1646//2233 1647//2233
f 1594//2234 1647//2234 1595//2234
f 1595//2235 1647//2235 1648//2235
f 1595//2236 1648//2236 1596//2236
f 1596//2237 1648//2237 1649//2237
f 1596//2238 1649//2238 1597//2238
f 1597//2239 1649//2239 1650//2239
f 1597//2240 1650//2240 1598//2240
f 1598//2241 1650//2241 1651//2241
f 1598//2241 1651//2241 1599//2241
f 1599//2242 1651//2242 1652//2242
f 1599//2243 1652//2243 1600//2243
f 1600//2244 1652//2244 1653//2244
f 1600//2245 1653//2245 1601//2245
f 1601//2246 1653//2246 1654//2246
f 1601//2247 1654//2247 1602//2247
f 1602//2248 1654//2248 1655//2248
f 1602//2249 1655//2249 1603//2249
f 1603//2250 1655//2250 1656//2250
f 1603//2251 1656//2251 1604//2251
f 1604//2252 1656//2252 1657//2252
f 1604//2253 1657//2253 1605//2253
f 1605//2254 1657//2254 1606//2254
f 1657//2255 1658//2255 1606//2255
f 1606//2256 1658//2256 1659//2256
f 1606//2257 1659//2257 1607//2257
f 1607//2258 1659//2258 1660//2258
f 1607//2259 1660//2259 1608//2259
f 1608//2260 1660//2260 1661//2260
f 1608//2261 1661//2261 1609//2261
f 1609//2262 1661//2262 1662//2262
f 1609//2263 1662//2263 1610//2263
f 1610//2264 1662//2264 1663//2264
f 1610//2265 1663//2265 1611//2265
f 1611//2266 1663//2266 1664//2266
f 1611//2266 1664//2266 1612//2266
f 1612//2267 1664//2267 1665//2267
f 1612//2268 1665//2268 1613//2268
f 1613//2269 1665//2269 1666//2269
f 1613//2270 1666//2270 1614//2270
f 1614//2271 1666//2271 1667//2271
f 1614//2272 1667//2272 1615//2272
f 1615//2273 1667//2273 1668//2273
f 1615//2274 1668//2274 1616//2274
f 1616//2275 1668//2275 1669//2275
f 1616//2276 1669//2276 1617//2276
f 1617//2277 1669//2277 1670//2277
f 1617//2278 1670//2278 1618//2278
f 1618//2279 1670//2279 1671//2279
f 1618//2280 1671//2280 1619//2280
f 1619//2281 1671//2281 1672//2281
f 1619//2282 1672//2282 1620//2282
f 1620//2283 1672//2283 1673//2283
f 1620//2284 1673//2284 1621//2284
f 1621//2285 1673//2285 1674//2285
f 1621//2286 1674//2286 1622//2286
f 1622//2287 1674//2287 1675//2287
f 1622//2288 1675//2288 1623//2288
f 1623//2289 1675//2289 1676//2289
f 1623//2290 1676//2290 1624//2290
f 1624//2291 1676//2291 1677//2291
f 1624//2291 1677//2291 1625//2291
f 1625//2292 1677//2292 1678//2292
f 1625//2293 1678//2293 1626//2293
f 1626//2294 1678//2294 1679//2294
f 1626//2295 1679//2295 1627//2295
f 1627//2296 1679//2296 1680//2296
f 1627//2297 1680//2297 1628//2297
f 1628//2298 1680//2298 1681//2298
f 1628//2299 1681//2299 1629//2299
f 1629//2300 1681//2300 1682//2300
f 1629//2301 1682//2301 1630//2301
f 1630//2302 1682//2302 1683//2302
f 1630//2303 1683//2303 1631//2303
f 1631//2304 1683//2304 1684//2304
f 1631//2305 1684//2305 1632//2305
f 1632//2306 1684//2306 1685//2306
f 1632//2307 1685//2307 1633//2307
f 1633//2308 1685//2308 1686//2308
f 1633//2309 1686//2309 1634//2309
f 1634//2310 1686//2310 1687//2310
f 1634//2311 1687//2311 1635//2311
f 1635//2312 1687//2312 1688//2312
f 1635//2313 1688//2313 1636//2313
f 1636//2314 1688//2314 1689//2314
f 1636//2315 1689//2315 1637//2315
f 1637//2316 1689//2316 1690//2316
f 1637//2316 1690//2316 1638//2316
f 1638//2317 1690//2317 1691//2317
f 1638//2318 1691//2318 1639//2318
f 1639//2319 1691//2319 1692//2319
f 1639//2320 1692//2320 1640//2320
f 1640//2321 1692//2321 1693//2321
f 1640//2322 1693//2322 1641//2322
f 1641//2323 1693//2323 1694//2323
f 1641//2324 1694//2324 1642//2324
f 1642//2325 1694//2325 1695//2325
f 1642//2326 1695//2326 1643//2326
f 1643//2327 1695//2327 1696//2327
f 1643//2328 1696//2328 1644//2328
f 1644//2329 1696//2329 1697//2329
f 1644//2330 1697//2330 1645//2330
f 1645//2331 1697//2331 1698//2331
f 1645//2332 1698//2332 1646//2332
f 1646//2333 1698//2333 1699//2333
f 1646//2334 1699//2334 1647//2334
f 1647//2335 1699//2335 1700//2335
f 1647//2336 1700//2336 1648//2336
f 1648//2337 1700//2337 1701//2337
f 1648//2338 1701//2338 1649//2338
f 1649//2339 1701//2339 1702//2339
f 1649//2340 1702//2340 1650//2340
f 1650//2341 1702//2341 1703//2341
f 1650//2341 1703//2341 1651//2341
f 1651//2342 1703//2342 1704//2342
f 1651//2343 1704//2343 1652//2343
f 1652//2344 1704//2344 1705//2344
f 1652//2345 1705//2345 1653//2345
f 1653//2346 1705//2346 1706//2346
f 1653//2347 1706//2347 1654//2347
f 1654//2348 1706//2348 1707//2348
f 1654//2349 1707//2349 1655//2349
f 1655//2350 1707//2350 1708//2350
f 1655//2351 1708//2351 1656//2351
f 1656//2352 1708//2352 1709//2352
f 1656//2353 1709//2353 1657//2353
f 1657//2354 1709//2354 1658//2354
f 1709//2355 1710//2355 1658//2355
f 1658//2356 1710//2356 1711//2356
f 1658//2357 1711//2357 1659//2357
f 1659//2358 1711//2358 1712//2358
f 1659//2359 1712//2359 1660//2359
f 1660//2360 1712//2360 1713//2360
f 1660//2361 1713//2361 1661//2361
f 1661//2362 1713//2362 1714//2362
f 1661//2363 1714//2363 1662//2363
f 1662//2364 1714//2364 1715//2364
f 1662//2365 1715//2365 1663//2365
f 1663//2366 1715//2366 1716//2366
f 1663//2366 1716//2366 1664//2366
f 1664//2367 1716//2367 1717//2367
f 1664//2368 1717//2368 1665//2368
f 1665//2369 1717//2369 1718//2369
f 1665//2370 1718//2370 1666//2370
f 1666//2371 1718//2371 1719//2371
f 1666//2372 1719//2372 1667//2372
f 1667//2373 1719//2373 1720//2373
f 1667//2374 1720//2374 1668//2374
f 1668//2375 1720//2375 1721//2375
f 1668//2376 1721//2376 1669//2376
f 1669//2377 1721//2377 1722//2377
f 1669//2378 1722//2378 1670//2378
f 1670//2379 1722//2379 1723//2379
f 1670//2380 1723//2380 1671//2380
f 1671//2381 1723//2381 1724//2381
f 1671//2382 1724//2382 1672//2382
f 1672//2383 1724//2383 1725//2383
f 1672//2384 1725//2384 1673//2384
f 1673//2385 1725//2385 1726//2385
f 1673//2386 1726//2386 1674//2386
f 1674//2387 1726//2387 1727//2387
f 1674//2388 1727//2388 1675//2388
f 1675//2389 1727//2389 1728//2389
f 1675//2390 1728//2390 1676//2390
f 1676//2391 1728//2391 1729//2391
f 1676//2391 1729//2391 1677//2391
f 1677//2392 1729//2392 1730//2392
f 1677//2393 1730//2393 1678//2393
f 1678//2394 1730//2394 1731//2394
f 1678//2395 1731//2395 1679//2395
f 1679//2396 1731//2396 1732//2396
f 1679//2397 1732//2397 1680//2397
f 1680//2398 1732//2398 1733//2398
f 1680//2399 1733//2399 1681//2399
f 1681//2400 1733//2400 1734//2400
f 1681//2401 1734//2401 1682//2401
f 1682//2402 1734//2402 1735//2402
f 1682//2403 1735//2403 1683//2403
f 1683//2404 1735//2404 1736//2404
f 1683//2405 1736//2405 1684//2405
f 1684//2406 1736//2406 1737//2406
f 1684//2407 1737//2407 1685//2407
f 1685//2408 1737//2408 1738//2408
f 1685//2409 1738//2409 1686//2409
f 1686//2410 1738//2410 1739//2410
f 1686//2411 1739//2411 1687//2411
f 1687//2412 1739//2412 1740//2412
f 1687//2413 1740//2413 1688//2413
f 1688//2414 1740//2414 1741//2414
f 1688//2415 1741//2415 1689//2415
f 1689//2416 1741//2416 1742//2416
f 1689//2416 1742//2416 1690//2416
f 1690//2417 1742//2417 1743//2417
f 1690//2418 1743//2418 1691//2418
f 1691//2419 1743//2419 1744//2419
f 1691//2420 1744//2420 1692//2420
f 1692//2421 1744//2421 1745//2421
f 1692//2422 1745//2422 1693//2422
f 1693//2423 1745//2423 1746//2423
f 1693//2424 1746//2424 1694//2424
f 1694//2425 1746//2425 1747//2425
f 1694//2426 1747//2426 1695//2426
f 1695//2427 1747//2427 1748//2427
f 1695//2428 1748//2428 1696//2428
f 1696//2429 1748//2429 1749//2429
f 1696//2430 1749//2430 1697//2430
f 1697//2431 1749//2431 1750//2431
f 1697//2432 1750//2432 1698//2432
f 1698//2433 1750//2433 1751//2433
f 1698//2434 1751//2434 1699//2434
f 1699//2435 1751//2435 1752//2435
f 1699//2436 1752//2436 1700//2436
f 1700//2437 1752//2437 1753//2437
f 1700//2438 1753//2438 1701//2438
f 1701//2439 1753//2439 1754//2439
f 1701//2440 1754//2440 1702//2440
f 1702//2441 1754//2441 1755//2441
f 1702//2441 1755//2441 1703//2441
f 1703//2442 1755//2442 1756//2442
f 1703//2443 1756//2443 1704//2443
f 1704//2444 1756//2444 1757//2444
f 1704//2445 1757//2445 1705//2445
f 1705//2446 1757//2446 1758//2446
f 1705//2447 1758//2447 1706//2447
f 1706//2448 1758//2448 1759//2448
f 1706//2449 1759//2449 1707//2449
f 1707//2450 1759//2450 1760//2450
f 1707//2451 1760//2451 1708//2451
f 1708//2452 1760//2452 1761//2452
f 1708//2453 1761//2453 1709//2453
f 1709//2454 1761//2454 1710//2454
f 1761//2455 1762//2455 1710//2455
f 1710//2456 1762//2456 1763//2456
f 1710//2457 1763//2457 1711//2457
f 1711//2458 1763//2458 1764//2458
f 1711//2459 1764//2459 1712//2459
f 1712//2460 1764//2460 1765//2460
f 1712//2461 1765//2461 1713//2461
f 1713//2462 1765//2462 1766//2462
f 1713//2463 1766//2463 1714//2463
f 1714//2464 1766//2464 1767//2464
f 1714//2465 1767//2465 1715//2465
f 1715//2466 1767//2466 1768//2466
f 1715//2466 1768//2466 1716//2466
f 1716//2467 1768//2467 1769//2467
f 1716//2468 1769//2468 1717//2468
f 1717//2469 1769//2469 1770//2469
f 1717//2469 1770//2469 1718//2469
f 1718//2470 1770//2470 1771//2470
f 1718//2471 1771//2471 1719//2471
f 1719//2472 1771//2472 1772//2472
f 1719//2473 1772//2473 1720//2473
f 1720//2474 1772//2474 1773//2474
f 1720//2475 1773//2475 1721//2475
f 1721//2476 1773//2476 1774//2476
f 1721//2477 1774//2477 1722//2477
f 1722//2478 1774//2478 1775//2478
f 1722//2479 1775//2479 1723//2479
f 1723//2480 1775//2480 1776//2480
f 1723//2481 1776//2481 1724//2481
f 1724//2482 1776//2482 1777//2482
f 1724//2483 1777//2483 1725//2483
f 1725//2484 1777//2484 1778//2484
f 1725//2485 1778//2485 1726//2485
f 1726//2486 1778//2486 1779//2486
f 1726//2487 1779//2487 1727//2487
f 1727//2488 1779//2488 1780//2488
f 1727//2489 1780//2489 1728//2489
f 1728//2490 1780//2490 1781//2490
f 1728//2490 1781//2490 1729//2490
f 1729//2491 1781//2491 1782//2491
f 1729//2492 1782//2492 1730//2492
f 1730//2493 1782//2493 1783//2493
f 1730//2493 1783//2493 1731//2493
f 1731//2494 1783//2494 1784//2494
f 1731//2495 1784//2495 1732//2495
f 1732//2496 1784//2496 1785//2496
f 1732//2497 1785//2497 1733//2497
f 1733//2498 1785//2498 1786//2498
f 1733//2499 1786//2499 1734//2499
f 1734//2500 1786//2500 1787//2500
f 1734//2501 1787//2501 1735//2501
f 1735//2502 1787//2502 1788//2502
f 1735//2503 1788//2503 1736//2503
f 1736//2504 1788//2504 1789//2504
f 1736//2505 1789//2505 1737//2505
f 1737//2506 1789//2506 1790//2506
f 1737//2507 1790//2507 1738//2507
f 1738//2508 1790//2508 1791//2508
f 1738//2509 1791//2509 1739//2509
f 1739//2510 1791//2510 1792//2510
f 1739//2511 1792//2511 1740//2511
f 1740//2512 1792//2512 1793//2512
f 1740//2513 1793//2513 1741//2513
f 1741//2514 1793//2514 1794//2514
f 1741//2514 1794//2514 1742//2514
f 1742//2515 1794//2515 1795//2515
f 1742//2516 1795//2516 1743//2516
f 1743//2517 1795//2517 1796//2517
f 1743//2517 1796//2517 1744//2517
f 1744//2518 1796//2518 1797//2518
f 1744//2519 1797//2519 1745//2519
f 1745//2520 1797//2520 1798//2520
f 1745//2521 1798//2521 1746//2521
f 1746//2522 1798//2522 1799//2522
f 1746//2523 1799//2523 1747//2523
f 1747//2524 1799//2524 1800//2524
f 1747//2525 1800//2525 1748//2525
f 1748//2526 1800//2526 1801//2526
f 1748//2527 1801//2527 1749//2527
f 1749//2528 1801//2528 1802//2528
f 1749//2529 1802//2529 1750//2529
f 1750//2530 1802//2530 1803//2530
f 1750//2531 1803//2531 1751//2531
f 1751//2532 1803//2532 1804//2532
f 1751//2533 1804//2533 1752//2533
f 1752//2534 1804//2534 1805//2534
f 1752//2535 1805//2535 1753//2535
f 1753//2536 1805//2536 1806//2536
f 1753//2537 1806//2537 1754//2537
f 1754//2538 1806//2538 1807//2538
f 1754//2538 1807//2538 1755//2538
f 1755//2539 1807//2539 1808//2539
f 1755//2540 1808//2540 1756//2540
f 1756//2541 1808//2541 1809//2541
f 1756//2541 1809//2541 1757//2541
f 1757//2542 1809//2542 1810//2542
f 1757//2543 1810//2543 1758//2543
f 1758//2544 1810//2544 1811//2544
f 1758//2545 1811//2545 1759//2545
f 1759//2546 1811//2546 1812//2546
f 1759//2547 1812//2547 1760//2547
f 1760//2548 1812//2548 1813//2548
f 1760//2549 1813//2549 1761//2549
f 1761//2550 1813//2550 1762//2550
f 1813//2551 1814//2551 1762//2551
f 1762//2552 1814//2552 1815//2552
f 1762//2553 1815//2553 1763//2553
f 1763//2554 1815//2554 1816//2554
f 1763//2555 1816//2555 1764//2555
f 1764//2556 1816//2556 1817//2556
f 1764//2557 1817//2557 1765//2557
f 1765//2558 1817//2558 1818//2558
f 1765//2559 1818//2559 1766//2559
f 1766//2560 1818//2560 1819//2560
f 1766//2561 1819//2561 1767//2561
f 1767//2562 1819//2562 1820//2562
f 1767//2562 1820//2562 1768//2562
f 1768//2563 1820//2563 1821//2563
f 1768//2564 1821//2564 1769//2564
f 1769//2565 1821//2565 1822//2565
f 1769//2566 1822//2566 1770//2566
f 1770//2567 1822//2567 1823//2567
f 1770//2568 1823//2568 1771//2568
f 1771//2569 1823//2569 1824//2569
f 1771//2570 1824//2570 1772//2570
f 1772//2571 1824//2571 1825//2571
f 1772//2572 1825//2572 1773//2572
f 1773//2573 1825//2573 1826//2573
f 1773//2574 1826//2574 1774//2574
f 1774//2575 1826//2575 1827//2575
f 1774//2576 1827//2576 1775//2576
f 1775//2577 1827//2577 1828//2577
f 1775//2578 1828//2578 1776//2578
f 1776//2579 1828//2579 1829//2579
f 1776//2580 1829//2580 1777//2580
f 1777//2581 1829//2581 1830//2581
f 1777//2582 1830//2582 1778//2582
f 1778//2583 1830//2583 1831//2583
f 1778//2584 1831//2584 1779//2584
f 1779//2585 1831//2585 1832//2585
f 1779//2586 1832//2586 1780//2586
f 1780//2587 1832//2587 1833//2587
f 1780//2587 1833//2587 1781//2587
f 1781//2588 1833//2588 1834//2588
f 1781//2589 1834//2589 1782//2589
f 1782//2590 1834//2590 1835//2590
f 1782//2591 1835//2591 1783//2591
f 1783//2592 1835//2592 1836//2592
f 1783//2593 1836//2593 1784//2593
f 1784//2594 1836//2594 1837//2594
f 1784//2595 1837//2595 1785//2595
f 1785//2596 1837//2596 1838//2596
f 1785//2597 1838//2597 1786//2597
f 1786//2598 1838//2598 1839//2598
f 1786//2599 1839//2599 1787//2599
f 1787//2600 1839//2600 1840//2600
f 1787//2601 1840//2601 1788//2601
f 1788//2602 1840//2602 1841//2602
f 1788//2603 1841//2603 1789//2603
f 1789//2604 1841//2604 1842//2604
f 1789//2605 1842//2605 1790//2605
f 1790//2606 1842//2606 1843//2606
f 1790//2607 1843//2607 1791//2607
f 1791//2608 1843//2608 1844//2608
f 1791//2609 1844//2609 1792//2609
f 1792//2610 1844//2610 1845//2610
f 1792//2611 1845//2611 1793//2611
f 1793//2612 1845//2612 1846//2612
f 1793//2612 1846//2612 1794//2612
f 1794//2613 1846//2613 1847//2613
f 1794//2614 1847//2614 1795//2614
f 1795//2615 1847//2615 1848//2615
f 1795//2616 1848//2616 1796//2616
f 1796//2617 1848//2617 1849//2617
f 1796//2618 1849//2618 1797//2618
f 1797//2619 1849//2619 1850//2619
f 1797//2620 1850//2620 1798//2620
f 1798//2621 1850//2621 1851//2621
f 1798//2622 1851//2622 1799//2622
f 1799//2623 1851//2623 1852//2623
f 1799//2624 1852//2624 1800//2624
f 1800//2625 1852//2625 1853//2625
f 1800//2626 1853//2626 1801//2626
f 1801//2627 1853//2627 1854//2627
f 1801//2628 1854//2628 1802//2628
f 1802//2629 1854//2629 1855//2629
f 1802//2630 1855//2630 1803//2630
f 1803//2631 1855//2631 1856//2631
f 1803//2632 1856//2632 1804//2632
f 1804//2633 1856//2633 1857//2633
f 1804//2634 1857//2634 1805//2634
f 1805//2635 1857//2635 1858//2635
f 1805//2636 1858//2636 1806//2636
f 1806//2637 1858//2637 1859//2637
f 1806//2637 1859//2637 1807//2637
f 1807//2638 1859//2638 1860//2638
f 1807//2639 1860//2639 1808//2639
f 1808//2640 1860//2640 1861//2640
f 1808//2641 1861//2641 1809//2641
f 1809//2642 1861//2642 1862//2642
f 1809//2643 1862//2643 1810//2643
f 1810//2644 1862//2644 1863//2644
f 1810//2645 1863//2645 1811//2645
f 1811//2646 1863//2646 1864//2646
f 1811//2647 1864//2647 1812//2647
f 1812//2648 1864//2648 1865//2648
f 1812//2649 1865//2649 1813//2649
f 1813//2650 1865//2650 1814//2650
f 1865//2651 1866//2651 1814//2651
f 1814//2652 1866//2652 1867//2652
f 1814//2653 1867//2653 1815//2653
f 1815//2654 1867//2654 1868//2654
f 1815//2655 1868//2655 1816//2655
f 1816//2656 1868//2656 1869//2656
f 1816//2657 1869//2657 1817//2657
f 1817//2658 1869//2658 1870//2658
f 1817//2659 1870//2659 1818//2659
f 1818//2660 1870//2660 1871//2660
f 1818//2661 1871//2661 1819//2661
f 1819//2662 1871//2662 1872//2662
f 1819//2662 1872//2662 1820//2662
f 1820//2663 1872//2663 1873//2663
f 1820//2664 1873//2664 1821//2664
f 1821//2665 1873//2665 1874//2665
f 1821//2666 1874//2666 1822//2666
f 1822//2667 1874//2667 1875//2667
f 1822//2668 1875//2668 1823//2668
f 1823//2669 1875//2669 1876//2669
f 1823//2670 1876//2670 1824//2670
f 1824//2671 1876//2671 1877//2671
f 1824//2672 1877//2672 1825//2672
f 1825//2673 1877//2673 1878//2673
f 1825//2674 1878//2674 1826//2674
f 1826//2675 1878//2675 1879//2675
f 1826//2676 1879//2676 1827//2676
f 1827//2677 1879//2677 1880//2677
f 1827//2678 1880//2678 1828//2678
f 1828//2679 1880//2679 1881//2679
f 1828//2680 1881//2680 1829//2680
f 1829//2681 1881//2681 1882//2681
f 1829//2682 1882//2682 1830//2682
f 1830//2683 1882//2683 1883//2683
f 1830//2684 1883//2684 1831//2684
f 1831//2685 1883//2685 1884//2685
f 1831//2686 1884//2686 1832//2686
f 1832//2687 1884//2687 1885//2687
f 1832//2687 1885//2687 1833//2687
f 1833//2688 1885//2688 1886//2688
f 1833//2689 1886//2689 1834//2689
f 1834//2690 1886//2690 1887//2690
f 1834//2691 1887//2691 1835//2691
f 1835//2692 1887//2692 1888//2692
f 1835//2693 1888//2693 1836//2693
f 1836//2694 1888//2694 1889//2694
f 1836//2695 1889//2695 1837//2695
f 1837//2696 1889//2696 1890//2696
f 1837//2697 1890//2697 1838//2697
f 1838//2698 1890//2698 1891//2698
f 1838//2699 1891//2699 1839//2699
f 1839//2700 1891//2700 1892//2700
f 1839//2701 1892//2701 1840//2701
f 1840//2702 1892//2702 1893//2702
f 1840//2703 1893//2703 1841//2703
f 1841//2704 1893//2704 1894//2704
f 1841//2705 1894//2705 1842//2705
f 1842//2706 1894//2706 1895//2706
f 1842//2707 1895//2707 1843//2707
f 1843//2708 1895//2708 1896//2708
f 1843//2709 1896//2709 1844//2709
f 1844//2710 1896//2710 1897//2710
f 1844//2711 1897//2711 1845//2711
f 1845//2712 1897//2712 1898//2712
f 1845//2712 1898//2712 1846//2712
f 1846//2713 1898//2713 1899//2713
f 1846//2714 1899//2714 1847//2714
f 1847//2715 1899//2715 1900//2715
f 1847//2716 1900//2716 1848//2716
f 1848//2717 1900//2717 1901//2717
f 1848//2718 1901//2718 1849//2718
f 1849//2719 1901//2719 1902//2719
f 1849//2720 1902//2720 1850//2720
f 1850//2721 1902//2721 1903//2721
f 1850//2722 1903//2722 1851//2722
f 1851//2723 1903//2723 1904//2723
f 1851//2724 1904//2724 1852//2724
f 1852//2725 1904//2725 1905//2725
f 1852//2726 1905//2726 1853//2726
f 1853//2727 1905//2727 1906//2727
f 1853//2728 1906//2728 1854//2728
f 1854//2729 1906//2729 1907//2729
f 1854//2730 1907//2730 1855//2730
f 1855//2731 1907//2731 1908//2731
f 1855//2732 1908//2732 1856//2732
f 1856//2733 1908//2733 1909//2733
f 1856//2734 1909//2734 1857//2734
f 1857//2735 1909//2735 1910//2735
f 1857//2736 1910//2736 1858//2736
f 1858//2737 1910//2737 1911//2737
f 1858//2737 1911//2737 1859//2737
f 1859//2738 1911//2738 1912//2738
f 1859//2739 1912//2739 1860//2739
f 1860//2740 1912//2740 1913//2740
f 1860//2741 1913//2741 1861//2741
f 1861//2742 1913//2742 1914//2742
f 1861//2743 1914//2743 1862//2743
f 1862//2744 1914//2744 1915//2744
f 1862//2745 1915//2745 1863//2745
f 1863//2746 1915//2746 1916//2746
f 1863//2747 1916//2747 1864//2747
f 1864//2748 1916//2748 1917//2748
f 1864//2749 1917//2749 1865//2749
f 1865//2750 1917//2750 1866//2750
f 1873//2751 1918//2751 1919//2751
f 1889//2751 1920//2751 1921//2751
f 1922//2751 1875//2751 1919//2751
f 1919//2751 1875//2751 1874//2751
f 1919//2751 1874//2751 1873//2751
f 1923//2751 1877//2751 1922//2751
f 1922//2751 1877//2751 1876//2751
f 1922//2751 1876//2751 1875//2751
f 1924//2751 1879//2751 1923//2751
f 1923//2751 1879//2751 1878//2751
f 1923//2751 1878//2751 1877//2751
f 1925//2751 1881//2751 1924//2751
f 1924//2751 1881//2751 1880//2751
f 1924//2751 1880//2751 1879//2751
f 1926//2751 1891//2751 1921//2751
f 1921//2751 1891//2751 1890//2751
f 1921//2751 1890//2751 1889//2751
f 1927//2751 1893//2751 1926//2751
f 1926//2751 1893//2751 1892//2751
f 1926//2751 1892//2751 1891//2751
f 1905//2751 1928//2751 1929//2751
f 1930//2751 1883//2751 1925//2751
f 1925//2751 1883//2751 1882//2751
f 1925//2751 1882//2751 1881//2751
f 1931//2751 1895//2751 1927//2751
f 1927//2751 1895//2751 1894//2751
f 1927//2751 1894//2751 1893//2751
f 1901//2751 1932//2751 1933//2751
f 1905//2751 1904//2751 1928//2751
f 1928//2751 1904//2751 1903//2751
f 1928//2751 1903//2751 1933//2751
f 1933//2751 1903//2751 1902//2751
f 1933//2751 1902//2751 1901//2751
f 1934//2751 1907//2751 1929//2751
f 1929//2751 1907//2751 1906//2751
f 1929//2751 1906//2751 1905//2751
f 1935//2751 1885//2751 1930//2751
f 1930//2751 1885//2751 1884//2751
f 1930//2751 1884//2751 1883//2751
f 1889//2751 1888//2751 1920//2751
f 1920//2751 1888//2751 1887//2751
f 1920//2751 1887//2751 1935//2751
f 1935//2751 1887//2751 1886//2751
f 1935//2751 1886//2751 1885//2751
f 1936//2751 1897//2751 1931//2751
f 1931//2751 1897//2751 1896//2751
f 1931//2751 1896//2751 1895//2751
f 1901//2751 1900//2751 1932//2751
f 1932//2751 1900//2751 1899//2751
f 1932//2751 1899//2751 1936//2751
f 1936//2751 1899//2751 1898//2751
f 1936//2751 1898//2751 1897//2751
f 1937//2751 1909//2751 1934//2751
f 1934//2751 1909//2751 1908//2751
f 1934//2751 1908//2751 1907//2751
f 1938//2751 1911//2751 1937//2751
f 1937//2751 1911//2751 1910//2751
f 1937//2751 1910//2751 1909//2751
f 1917//2751 1939//2751 1940//2751
f 1941//2751 1913//2751 1938//2751
f 1938//2751 1913//2751 1912//2751
f 1938//2751 1912//2751 1911//2751
f 1917//2751 1916//2751 1939//2751
f 1939//2751 1916//2751 1915//2751
f 1939//2751 1915//2751 1941//2751
f 1941//2751 1915//2751 1914//2751
f 1941//2751 1914//2751 1913//2751
f 1942//2751 1867//2751 1940//2751
f 1940//2751 1867//2751 1866//2751
f 1940//2751 1866//2751 1917//2751
f 1943//2751 1869//2751 1942//2751
f 1942//2751 1869//2751 1868//2751
f 1942//2751 1868//2751 1867//2751
f 1873//2751 1872//2751 1918//2751
f 1918//2751 1872//2751 1871//2751
f 1918//2751 1871//2751 1943//2751
f 1943//2751 1871//2751 1870//2751
f 1943//2751 1870//2751 1869//2751
f 1928//2752 1944//2752 1929//2752
f 1929//2752 1944//2752 1945//2752
f 1929//2753 1945//2753 1934//2753
f 1934//2753 1945//2753 1946//2753
f 1934//2754 1946//2754 1937//2754
f 1937//2754 1946//2754 1947//2754
f 1937//2755 1947//2755 1938//2755
f 1938//2755 1947//2755 1948//2755
f 1938//2756 1948//2756 1941//2756
f 1941//2756 1948//2756 1949//2756
f 1941//2757 1949//2757 1939//2757
f 1939//2757 1949//2757 1950//2757
f 1939//2758 1950//2758 1940//2758
f 1940//2758 1950//2758 1951//2758
f 1940//2759 1951//2759 1942//2759
f 1942//2759 1951//2759 1952//2759
f 1942//2760 1952//2760 1943//2760
f 1943//2760 1952//2760 1953//2760
f 1943//2761 1953//2761 1918//2761
f 1918//2761 1953//2761 1954//2761
f 1918//2762 1954//2762 1919//2762
f 1919//2762 1954//2762 1955//2762
f 1919//2763 1955//2763 1922//2763
f 1922//2763 1955//2763 1956//2763
f 1922//2764 1956//2764 1923//2764
f 1923//2764 1956//2764 1957//2764
f 1923//2765 1957//2765 1924//2765
f 1924//2765 1957//2765 1958//2765
f 1924//2766 1958//2766 1925//2766
f 1925//2766 1958//2766 1959//2766
f 1925//2767 1959//2767 1930//2767
f 1930//2767 1959//2767 1960//2767
f 1930//2768 1960//2768 1935//2768
f 1935//2768 1960//2768 1961//2768
f 1935//2769 1961//2769 1920//2769
f 1920//2769 1961//2769 1962//2769
f 1920//2770 1962//2770 1921//2770
f 1921//2770 1962//2770 1963//2770
f 1921//2771 1963//2771 1926//2771
f 1926//2771 1963//2771 1964//2771
f 1926//2772 1964//2772 1927//2772
f 1927//2772 1964//2772 1965//2772
f 1927//2773 1965//2773 1931//2773
f 1931//2773 1965//2773 1966//2773
f 1931//2774 1966//2774 1936//2774
f 1936//2774 1966//2774 1967//2774
f 1936//2775 1967//2775 1932//2775
f 1932//2775 1967//2775 1968//2775
f 1932//2776 1968//2776 1933//2776
f 1933//2776 1968//2776 1969//2776
f 1933//2777 1969//2777 1928//2777
f 1928//2777 1969//2777 1944//2777
f 1944//2778 1969//2778 1266//2778
f 1968//2778 1262//2778 1969//2778
f 1969//2778 1262//2778 1264//2778
f 1969//2778 1264//2778 1266//2778
f 1963//2778 1962//2778 1238//2778
f 1202//2778 1954//2778 1953//2778
f 1967//2778 1258//2778 1968//2778
f 1968//2778 1258//2778 1260//2778
f 1968//2778 1260//2778 1262//2778
f 1965//2778 1964//2778 1246//2778
f 1238//2778 1240//2778 1963//2778
f 1963//2778 1240//2778 1242//2778
f 1963//2778 1242//2778 1964//2778
f 1964//2778 1242//2778 1244//2778
f 1964//2778 1244//2778 1246//2778
f 1952//2778 1198//2778 1953//2778
f 1953//2778 1198//2778 1200//2778
f 1953//2778 1200//2778 1202//2778
f 1290//2778 1950//2778 1949//2778
f 1948//2778 1286//2778 1949//2778
f 1949//2778 1286//2778 1288//2778
f 1949//2778 1288//2778 1290//2778
f 1966//2778 1254//2778 1967//2778
f 1967//2778 1254//2778 1256//2778
f 1967//2778 1256//2778 1258//2778
f 1246//2778 1248//2778 1965//2778
f 1965//2778 1248//2778 1250//2778
f 1965//2778 1250//2778 1966//2778
f 1966//2778 1250//2778 1252//2778
f 1966//2778 1252//2778 1254//2778
f 1957//2778 1956//2778 1214//2778
f 1947//2778 1282//2778 1948//2778
f 1948//2778 1282//2778 1284//2778
f 1948//2778 1284//2778 1286//2778
f 1946//2778 1278//2778 1947//2778
f 1947//2778 1278//2778 1280//2778
f 1947//2778 1280//2778 1282//2778
f 1945//2778 1274//2778 1946//2778
f 1946//2778 1274//2778 1276//2778
f 1946//2778 1276//2778 1278//2778
f 1961//2778 1234//2778 1962//2778
f 1962//2778 1234//2778 1236//2778
f 1962//2778 1236//2778 1238//2778
f 1960//2778 1230//2778 1961//2778
f 1961//2778 1230//2778 1232//2778
f 1961//2778 1232//2778 1234//2778
f 1959//2778 1226//2778 1960//2778
f 1960//2778 1226//2778 1228//2778
f 1960//2778 1228//2778 1230//2778
f 1955//2778 1210//2778 1956//2778
f 1956//2778 1210//2778 1212//2778
f 1956//2778 1212//2778 1214//2778
f 1202//2778 1204//2778 1954//2778
f 1954//2778 1204//2778 1206//2778
f 1954//2778 1206//2778 1955//2778
f 1955//2778 1206//2778 1208//2778
f 1955//2778 1208//2778 1210//2778
f 1951//2778 1194//2778 1952//2778
f 1952//2778 1194//2778 1196//2778
f 1952//2778 1196//2778 1198//2778
f 1290//2778 1292//2778 1950//2778
f 1950//2778 1292//2778 1190//2778
f 1950//2778 1190//2778 1951//2778
f 1951//2778 1190//2778 1192//2778
f 1951//2778 1192//2778 1194//2778
f 1266//2778 1268//2778 1944//2778
f 1944//2778 1268//2778 1270//2778
f 1944//2778 1270//2778 1945//2778
f 1945//2778 1270//2778 1272//2778
f 1945//2778 1272//2778 1274//2778
f 1958//2778 1222//2778 1959//2778
f 1959//2778 1222//2778 1224//2778
f 1959//2778 1224//2778 1226//2778
f 1214//2778 1216//2778 1957//2778
f 1957//2778 1216//2778 1218//2778
f 1957//2778 1218//2778 1958//2778
f 1958//2778 1218//2778 1220//2778
f 1958//2778 1220//2778 1222//2778
f 1970//2779 1971//2779 1972//2779
f 1972//2779 1971//2779 1973//2779
f 1972//2779 1973//2779 1974//2779
f 1975//2779 1976//2779 1972//2779
f 1972//2779 1976//2779 1977//2779
f 1972//2779 1977//2779 1970//2779
f 1978//2779 1979//2779 1972//2779
f 1972//2779 1979//2779 1980//2779
f 1972//2779 1980//2779 1975//2779
f 1981//2779 1982//2779 1972//2779
f 1972//2779 1982//2779 1983//2779
f 1972//2779 1983//2779 1978//2779
f 1984//2779 1985//2779 1972//2779
f 1972//2779 1985//2779 1986//2779
f 1972//2779 1986//2779 1981//2779
f 1987//2779 1988//2779 1972//2779
f 1972//2779 1988//2779 1989//2779
f 1972//2779 1989//2779 1984//2779
f 1990//2779 1991//2779 1972//2779
f 1972//2779 1991//2779 1992//2779
f 1972//2779 1992//2779 1987//2779
f 1993//2779 1994//2779 1972//2779
f 1972//2779 1994//2779 1995//2779
f 1972//2779 1995//2779 1990//2779
f 1996//2779 1997//2779 1972//2779
f 1972//2779 1997//2779 1998//2779
f 1972//2779 1998//2779 1993//2779
f 1974//2779 1999//2779 1972//2779
f 1972//2779 1999//2779 2000//2779
f 1972//2779 2000//2779 1996//2779
f 2001//2780 2002//2780 2003//2780
f 2003//2781 2002//2781 2004//2781
f 2003//2782 2004//2782 2005//2782
f 2006//2783 2007//2783 2003//2783
f 2003//2784 2007//2784 2008//2784
f 2003//2785 2008//2785 2001//2785
f 2009//2786 2010//2786 2003//2786
f 2003//2787 2010//2787 2011//2787
f 2003//2788 2011//2788 2006//2788
f 2012//2789 2013//2789 2003//2789
f 2003//2790 2013//2790 2014//2790
f 2003//2791 2014//2791 2009//2791
f 2015//2792 2016//2792 2003//2792
f 2003//2793 2016//2793 2017//2793
f 2003//2794 2017//2794 2012//2794
f 2018//2795 2019//2795 2003//2795
f 2003//2796 2019//2796 2020//2796
f 2003//2797 2020//2797 2015//2797
f 2021//2798 2022//2798 2003//2798
f 2003//2799 2022//2799 2023//2799
f 2003//2787 2023//2787 2018//2787
f 2005//2800 2024//2800 2003//2800
f 2003//2801 2024//2801 2025//2801
f 2003//2802 2025//2802 2021//2802
f 2026//2803 2002//2803 2027//2803
f 2027//2804 2002//2804 2001//2804
f 2027//2804 2001//2804 2028//2804
f 2028//2805 2001//2805 2008//2805
f 2028//2805 2008//2805 2029//2805
f 2029//2806 2008//2806 2007//2806
f 2029//2806 2007//2806 2030//2806
f 2030//2807 2007//2807 2006//2807
f 2030//2807 2006//2807 2031//2807
f 2031//2808 2006//2808 2011//2808
f 2031//2809 2011//2809 2032//2809
f 2032//2810 2011//2810 2010//2810
f 2032//2811 2010//2811 2033//2811
f 2033//2812 2010//2812 2009//2812
f 2033//2812 2009//2812 2034//2812
f 2034//2813 2009//2813 2014//2813
f 2034//2813 2014//2813 2035//2813
f 2035//2814 2014//2814 2013//2814
f 2035//2814 2013//2814 2036//2814
f 2036//2815 2013//2815 2012//2815
f 2036//2815 2012//2815 2037//2815
f 2037//2816 2012//2816 2017//2816
f 2037//2816 2017//2816 2038//2816
f 2038//2817 2017//2817 2016//2817
f 2038//2817 2016//2817 2039//2817
f 2039//2818 2016//2818 2015//2818
f 2039//2818 2015//2818 2040//2818
f 2040//2819 2015//2819 2020//2819
f 2040//2819 2020//2819 2041//2819
f 2041//2820 2020//2820 2019//2820
f 2041//2820 2019//2820 2042//2820
f 2042//2821 2019//2821 2018//2821
f 2042//2821 2018//2821 2043//2821
f 2043//2822 2018//2822 2023//2822
f 2043//2823 2023//2823 2044//2823
f 2044//2824 2023//2824 2022//2824
f 2044//2825 2022//2825 2045//2825
f 2045//2826 2022//2826 2021//2826
f 2045//2826 2021//2826 2046//2826
f 2046//2827 2021//2827 2025//2827
f 2046//2827 2025//2827 2047//2827
f 2047//2828 2025//2828 2024//2828
f 2047//2828 2024//2828 2048//2828
f 2048//2829 2024//2829 2005//2829
f 2048//2829 2005//2829 2049//2829
f 2049//2830 2005//2830 2004//2830
f 2049//2830 2004//2830 2026//2830
f 2026//2803 2004//2803 2002//2803
f 2041//2831 2050//2831 2040//2831
f 2040//2831 2050//2831 2051//2831
f 2040//2831 2051//2831 2039//2831
f 2039//2831 2051//2831 2052//2831
f 2039//2831 2052//2831 2038//2831
f 2038//2831 2052//2831 2053//2831
f 2038//2831 2053//2831 2037//2831
f 2045//2831 2054//2831 2044//2831
f 2044//2831 2054//2831 2055//2831
f 2044//2831 2055//2831 2043//2831
f 2043//2831 2055//2831 2056//2831
f 2043//2831 2056//2831 2042//2831
f 2042//2831 2056//2831 2057//2831
f 2042//2831 2057//2831 2041//2831
f 2041//2831 2057//2831 2058//2831
f 2041//2831 2058//2831 2050//2831
f 2049//2831 2059//2831 2048//2831
f 2048//2831 2059//2831 2060//2831
f 2048//2831 2060//2831 2047//2831
f 2047//2831 2060//2831 2061//2831
f 2047//2831 2061//2831 2046//2831
f 2046//2831 2061//2831 2062//2831
f 2046//2831 2062//2831 2045//2831
f 2045//2831 2062//2831 2063//2831
f 2045//2831 2063//2831 2054//2831
f 2029//2831 2064//2831 2028//2831
f 2028//2831 2064//2831 2065//2831
f 2028//2831 2065//2831 2027//2831
f 2027//2831 2065//2831 2066//2831
f 2027//2831 2066//2831 2026//2831
f 2026//2831 2066//2831 2067//2831
f 2026//2831 2067//2831 2049//2831
f 2049//2831 2067//2831 2068//2831
f 2049//2831 2068//2831 2059//2831
f 2033//2831 2069//2831 2032//2831
f 2032//2831 2069//2831 2070//2831
f 2032//2831 2070//2831 2031//2831
f 2031//2831 2070//2831 2071//2831
f 2031//2831 2071//2831 2030//2831
f 2030//2831 2071//2831 2072//2831
f 2030//2831 2072//2831 2029//2831
f 2029//2831 2072//2831 2073//2831
f 2029//2831 2073//2831 2064//2831
f 2053//2831 2074//2831 2037//2831
f 2037//2831 2074//2831 2075//2831
f 2037//2831 2075//2831 2036//2831
f 2036//2831 2075//2831 2076//2831
f 2036//2831 2076//2831 2035//2831
f 2035//2831 2076//2831 2077//2831
f 2035//2831 2077//2831 2034//2831
f 2034//2831 2077//2831 2078//2831
f 2034//2831 2078//2831 2033//2831
f 2033//2831 2078//2831 2079//2831
f 2033//2831 2079//2831 2069//2831
f 1973//2832 2066//2832 1974//2832
f 1974//2833 2066//2833 2065//2833
f 1974//2833 2065//2833 1999//2833
f 1999//2834 2065//2834 2064//2834
f 1999//2834 2064//2834 2000//2834
f 2000//2835 2064//2835 2073//2835
f 2000//2835 2073//2835 1996//2835
f 1996//2836 2073//2836 2072//2836
f 1996//2836 2072//2836 1997//2836
f 1997//2837 2072//2837 2071//2837
f 1997//2837 2071//2837 1998//2837
f 1998//2838 2071//2838 2070//2838
f 1998//2838 2070//2838 1993//2838
f 1993//2839 2070//2839 2069//2839
f 1993//2839 2069//2839 1994//2839
f 1994//2840 2069//2840 2079//2840
f 1994//2840 2079//2840 1995//2840
f 1995//2841 2079//2841 2078//2841
f 1995//2841 2078//2841 1990//2841
f 1990//2842 2078//2842 2077//2842
f 1990//2842 2077//2842 1991//2842
f 1991//2843 2077//2843 2076//2843
f 1991//2843 2076//2843 1992//2843
f 1992//2844 2076//2844 2075//2844
f 1992//2844 2075//2844 1987//2844
f 1987//2845 2075//2845 2074//2845
f 1987//2845 2074//2845 1988//2845
f 1988//2846 2074//2846 2053//2846
f 1988//2846 2053//2846 1989//2846
f 1989//2847 2053//2847 2052//2847
f 1989//2847 2052//2847 1984//2847
f 1984//2848 2052//2848 2051//2848
f 1984//2848 2051//2848 1985//2848
f 1985//2849 2051//2849 2050//2849
f 1985//2849 2050//2849 1986//2849
f 1986//2850 2050//2850 2058//2850
f 1986//2850 2058//2850 1981//2850
f 1981//2851 2058//2851 2057//2851
f 1981//2851 2057//2851 1982//2851
f 1982//2852 2057//2852 2056//2852
f 1982//2852 2056//2852 1983//2852
f 1983//2853 2056//2853 2055//2853
f 1983//2853 2055//2853 1978//2853
f 1978//2854 2055//2854 2054//2854
f 1978//2854 2054//2854 1979//2854
f 1979//2855 2054//2855 2063//2855
f 1979//2855 2063//2855 1980//2855
f 1980//2856 2063//2856 2062//2856
f 1980//2856 2062//2856 1975//2856
f 1975//2857 2062//2857 2061//2857
f 1975//2857 2061//2857 1976//2857
f 1976//2858 2061//2858 2060//2858
f 1976//2858 2060//2858 1977//2858
f 1977//2859 2060//2859 2059//2859
f 1977//2859 2059//2859 1970//2859
f 1970//2860 2059//2860 2068//2860
f 1970//2860 2068//2860 1971//2860
f 1971//2861 2068//2861 2067//2861
f 1971//2861 2067//2861 1973//2861
f 1973//2832 2067//2832 2066//2832
f 2080//2862 2081//2862 2082//2862
f 2083//2862 2084//2862 2085//2862
f 2085//2862 2084//2862 2086//2862
f 2085//2862 2086//2862 2082//2862
f 2082//2862 2086//2862 2087//2862
f 2082//2862 2087//2862 2080//2862
f 2088//2862 2089//2862 2090//2862
f 2090//2862 2089//2862 2091//2862
f 2090//2863 2091//2863 2092//2863
f 2092//2862 2091//2862 2093//2862
f 2092//2863 2093//2863 2083//2863
f 2083//2862 2093//2862 2094//2862
f 2083//2862 2094//2862 2084//2862
f 2095//2862 2096//2862 2097//2862
f 2097//2862 2096//2862 2098//2862
f 2097//2862 2098//2862 2088//2862
f 2088//2862 2098//2862 2099//2862
f 2088//2862 2099//2862 2089//2862
f 2100//2862 2101//2862 2102//2862
f 2102//2862 2101//2862 2103//2862
f 2102//2862 2103//2862 2104//2862
f 2104//2862 2103//2862 2105//2862
f 2104//2862 2105//2862 2106//2862
f 2107//2862 2108//2862 2109//2862
f 2109//2862 2108//2862 2110//2862
f 2109//2862 2110//2862 2111//2862
f 2111//2862 2110//2862 2112//2862
f 2111//2863 2112//2863 2095//2863
f 2095//2862 2112//2862 2113//2862
f 2095//2862 2113//2862 2096//2862
f 2114//2862 2115//2862 2116//2862
f 2116//2862 2115//2862 2117//2862
f 2116//2863 2117//2863 2118//2863
f 2118//2862 2117//2862 2119//2862
f 2118//2862 2119//2862 2120//2862
f 2080//2862 2121//2862 2081//2862
f 2081//2862 2121//2862 2122//2862
f 2081//2862 2122//2862 2123//2862
f 2123//2862 2122//2862 2124//2862
f 2123//2862 2124//2862 2100//2862
f 2100//2862 2124//2862 2125//2862
f 2100//2862 2125//2862 2101//2862
f 2119//2862 2126//2862 2120//2862
f 2120//2862 2126//2862 2127//2862
f 2120//2862 2127//2862 2128//2862
f 2128//2862 2127//2862 2129//2862
f 2128//2862 2129//2862 2107//2862
f 2107//2862 2129//2862 2130//2862
f 2107//2862 2130//2862 2108//2862
f 2131//2862 2132//2862 2133//2862
f 2133//2862 2132//2862 2134//2862
f 2133//2862 2134//2862 2114//2862
f 2114//2862 2134//2862 2135//2862
f 2114//2862 2135//2862 2115//2862
f 2136//2862 2137//2862 2138//2862
f 2138//2862 2137//2862 2139//2862
f 2138//2863 2139//2863 2140//2863
f 2140//2862 2139//2862 2141//2862
f 2140//2862 2141//2862 2131//2862
f 2131//2862 2141//2862 2142//2862
f 2131//2862 2142//2862 2132//2862
f 2105//2862 2143//2862 2106//2862
f 2106//2862 2143//2862 2144//2862
f 2106//2862 2144//2862 2145//2862
f 2145//2862 2144//2862 2146//2862
f 2145//2862 2146//2862 2136//2862
f 2136//2862 2146//2862 2147//2862
f 2136//2862 2147//2862 2137//2862
f 2148//2864 2149//2864 2150//2864
f 2150//2864 2149//2864 2151//2864
f 2150//2865 2151//2865 2152//2865
f 2152//2864 2151//2864 2153//2864
f 2152//2864 2153//2864 2154//2864
f 2155//2864 2156//2864 2157//2864
f 2157//2864 2156//2864 2158//2864
f 2157//2865 2158//2865 2159//2865
f 2159//2864 2158//2864 2160//2864
f 2159//2865 2160//2865 2161//2865
f 2162//2864 2163//2864 2164//2864
f 2164//2864 2163//2864 2165//2864
f 2164//2865 2165//2865 2166//2865
f 2166//2864 2165//2864 2167//2864
f 2166//2864 2167//2864 2168//2864
f 2169//2864 2170//2864 2171//2864
f 2171//2864 2170//2864 2172//2864
f 2171//2864 2172//2864 2173//2864
f 2173//2864 2172//2864 2174//2864
f 2173//2864 2174//2864 2175//2864
f 2153//2864 2176//2864 2154//2864
f 2154//2864 2176//2864 2177//2864
f 2154//2864 2177//2864 2178//2864
f 2178//2864 2177//2864 2179//2864
f 2178//2864 2179//2864 2180//2864
f 2167//2864 2181//2864 2168//2864
f 2168//2864 2181//2864 2182//2864
f 2168//2864 2182//2864 2183//2864
f 2183//2864 2182//2864 2184//2864
f 2183//2864 2184//2864 2148//2864
f 2148//2864 2184//2864 2185//2864
f 2148//2864 2185//2864 2149//2864
f 2186//2864 2187//2864 2188//2864
f 2188//2864 2187//2864 2189//2864
f 2188//2864 2189//2864 2155//2864
f 2155//2864 2189//2864 2190//2864
f 2155//2864 2190//2864 2156//2864
f 2179//2864 2191//2864 2180//2864
f 2180//2864 2191//2864 2192//2864
f 2180//2864 2192//2864 2193//2864
f 2193//2864 2192//2864 2194//2864
f 2193//2864 2194//2864 2195//2864
f 2195//2864 2194//2864 2196//2864
f 2195//2865 2196//2865 2186//2865
f 2186//2864 2196//2864 2197//2864
f 2186//2864 2197//2864 2187//2864
f 2174//2864 2198//2864 2175//2864
f 2175//2864 2198//2864 2199//2864
f 2175//2864 2199//2864 2200//2864
f 2200//2864 2199//2864 2201//2864
f 2200//2864 2201//2864 2162//2864
f 2162//2864 2201//2864 2202//2864
f 2162//2864 2202//2864 2163//2864
f 2203//2864 2204//2864 2205//2864
f 2205//2864 2204//2864 2206//2864
f 2205//2864 2206//2864 2169//2864
f 2169//2864 2206//2864 2207//2864
f 2169//2864 2207//2864 2170//2864
f 2208//2864 2209//2864 2203//2864
f 2203//2864 2209//2864 2210//2864
f 2203//2864 2210//2864 2204//2864
f 2160//2864 2211//2864 2161//2864
f 2161//2864 2211//2864 2212//2864
f 2161//2864 2212//2864 2213//2864
f 2213//2864 2212//2864 2214//2864
f 2213//2864 2214//2864 2208//2864
f 2208//2864 2214//2864 2215//2864
f 2208//2864 2215//2864 2209//2864
f 2122//2866 2121//2866 2210//2866
f 2210//2867 2121//2867 2204//2867
f 2121//2868 2080//2868 2204//2868
f 2204//2869 2080//2869 2087//2869
f 2204//2869 2087//2869 2206//2869
f 2206//2870 2087//2870 2086//2870
f 2206//2870 2086//2870 2207//2870
f 2207//2871 2086//2871 2084//2871
f 2207//2871 2084//2871 2170//2871
f 2170//2872 2084//2872 2094//2872
f 2170//2872 2094//2872 2172//2872
f 2172//2873 2094//2873 2093//2873
f 2172//2873 2093//2873 2174//2873
f 2174//2874 2093//2874 2091//2874
f 2174//2874 2091//2874 2198//2874
f 2198//2875 2091//2875 2089//2875
f 2198//2875 2089//2875 2199//2875
f 2199//2876 2089//2876 2099//2876
f 2199//2876 2099//2876 2201//2876
f 2201//2877 2099//2877 2098//2877
f 2201//2877 2098//2877 2202//2877
f 2202//2878 2098//2878 2096//2878
f 2202//2878 2096//2878 2163//2878
f 2163//2879 2096//2879 2113//2879
f 2163//2879 2113//2879 2165//2879
f 2165//2880 2113//2880 2112//2880
f 2165//2880 2112//2880 2167//2880
f 2167//2881 2112//2881 2110//2881
f 2167//2881 2110//2881 2181//2881
f 2181//2882 2110//2882 2108//2882
f 2181//2882 2108//2882 2182//2882
f 2182//2883 2108//2883 2130//2883
f 2182//2883 2130//2883 2184//2883
f 2184//2884 2130//2884 2129//2884
f 2184//2884 2129//2884 2185//2884
f 2185//2885 2129//2885 2127//2885
f 2185//2885 2127//2885 2149//2885
f 2149//2886 2127//2886 2126//2886
f 2149//2886 2126//2886 2151//2886
f 2151//2887 2126//2887 2119//2887
f 2151//2887 2119//2887 2153//2887
f 2153//2888 2119//2888 2117//2888
f 2153//2888 2117//2888 2176//2888
f 2176//2889 2117//2889 2115//2889
f 2176//2889 2115//2889 2177//2889
f 2177//2890 2115//2890 2135//2890
f 2177//2890 2135//2890 2179//2890
f 2179//2891 2135//2891 2134//2891
f 2179//2891 2134//2891 2191//2891
f 2191//2892 2134//2892 2132//2892
f 2191//2892 2132//2892 2192//2892
f 2192//2893 2132//2893 2142//2893
f 2192//2893 2142//2893 2194//2893
f 2194//2894 2142//2894 2141//2894
f 2194//2894 2141//2894 2196//2894
f 2196//2895 2141//2895 2139//2895
f 2196//2895 2139//2895 2197//2895
f 2197//2896 2139//2896 2137//2896
f 2197//2896 2137//2896 2187//2896
f 2187//2897 2137//2897 2147//2897
f 2187//2897 2147//2897 2189//2897
f 2189//2898 2147//2898 2146//2898
f 2189//2898 2146//2898 2190//2898
f 2190//2899 2146//2899 2144//2899
f 2190//2899 2144//2899 2156//2899
f 2156//2900 2144//2900 2143//2900
f 2156//2900 2143//2900 2158//2900
f 2158//2901 2143//2901 2105//2901
f 2158//2901 2105//2901 2160//2901
f 2160//2902 2105//2902 2103//2902
f 2160//2902 2103//2902 2211//2902
f 2211//2903 2103//2903 2101//2903
f 2211//2903 2101//2903 2212//2903
f 2212//2904 2101//2904 2125//2904
f 2212//2904 2125//2904 2214//2904
f 2214//2905 2125//2905 2124//2905
f 2214//2905 2124//2905 2215//2905
f 2215//2906 2124//2906 2122//2906
f 2215//2906 2122//2906 2209//2906
f 2209//2907 2122//2907 2210//2907
f 2118//2908 2152//2908 2116//2908
f 2116//2908 2152//2908 2154//2908
f 2116//2909 2154//2909 2114//2909
f 2114//2909 2154//2909 2178//2909
f 2114//2910 2178//2910 2133//2910
f 2133//2910 2178//2910 2180//2910
f 2133//2911 2180//2911 2131//2911
f 2131//2911 2180//2911 2193//2911
f 2131//2912 2193//2912 2140//2912
f 2140//2912 2193//2912 2195//2912
f 2140//2913 2195//2913 2138//2913
f 2138//2913 2195//2913 2186//2913
f 2138//2914 2186//2914 2136//2914
f 2136//2914 2186//2914 2188//2914
f 2136//2915 2188//2915 2145//2915
f 2145//2915 2188//2915 2155//2915
f 2145//2916 2155//2916 2106//2916
f 2106//2916 2155//2916 2157//2916
f 2106//2917 2157//2917 2104//2917
f 2104//2917 2157//2917 2159//2917
f 2104//2918 2159//2918 2102//2918
f 2102//2918 2159//2918 2161//2918
f 2102//2919 2161//2919 2100//2919
f 2100//2919 2161//2919 2213//2919
f 2100//2920 2213//2920 2123//2920
f 2123//2920 2213//2920 2208//2920
f 2123//2921 2208//2921 2081//2921
f 2081//2921 2208//2921 2203//2921
f 2081//2922 2203//2922 2082//2922
f 2082//2922 2203//2922 2205//2922
f 2082//2923 2205//2923 2085//2923
f 2085//2923 2205//2923 2169//2923
f 2085//2924 2169//2924 2083//2924
f 2083//2924 2169//2924 2171//2924
f 2083//2925 2171//2925 2092//2925
f 2092//2925 2171//2925 2173//2925
f 2092//2926 2173//2926 2090//2926
f 2090//2926 2173//2926 2175//2926
f 2090//2927 2175//2927 2088//2927
f 2088//2927 2175//2927 2200//2927
f 2088//2928 2200//2928 2097//2928
f 2097//2928 2200//2928 2162//2928
f 2097//2929 2162//2929 2095//2929
f 2095//2929 2162//2929 2164//2929
f 2095//2930 2164//2930 2111//2930
f 2111//2930 2164//2930 2166//2930
f 2111//2931 2166//2931 2109//2931
f 2109//2931 2166//2931 2168//2931
f 2109//2932 2168//2932 2107//2932
f 2107//2932 2168//2932 2183//2932
f 2107//2933 2183//2933 2128//2933
f 2128//2933 2183//2933 2148//2933
f 2128//2934 2148//2934 2120//2934
f 2120//2934 2148//2934 2150//2934
f 2120//2935 2150//2935 2118//2935
f 2118//2935 2150//2935 2152//2935
# Vertices: 2215, normals: 2935, texture coordinates: 0, faces: 4426

