# File generated by ImageToStl.com - Free Image and 3D model conversion tools

o obj1
v 0.08388276 0.02840165 -0.00601561
v 0.08384476 0.02840165 -0.00634897
v 0.08092408 0.02840165 -0.00567831
v 0.08121174 0.02840165 -0.0069463
v 0.0810336 0.02840165 -0.00666197
v 0.08092321 0.02840165 -0.00634513
v 0.08373353 0.02840165 -0.00666552
v 0.08355464 0.02840165 -0.00694938
v 0.08331708 0.02840165 -0.00718632
v 0.08144868 0.02840165 -0.00718387
v 0.08088607 0.02840165 -0.00601167
v 0.08384563 0.02840165 -0.00568215
v 0.08103531 0.02840165 -0.00536176
v 0.0812142 0.02840165 -0.0050779
v 0.08303275 0.02840165 -0.00736445
v 0.08271591 0.02840165 -0.00747485
v 0.08238245 0.02840165 -0.00751198
v 0.08204909 0.02840165 -0.00747398
v 0.08173254 0.02840165 -0.00736275
v 0.08145175 0.02840165 -0.00484096
v 0.08173608 0.02840165 -0.00466283
v 0.08373524 0.02840165 -0.00536531
v 0.0835571 0.02840165 -0.00508098
v 0.08238638 0.02840165 -0.0045153
v 0.08271975 0.02840165 -0.0045533
v 0.08205292 0.02840165 -0.00455243
v 0.0830363 0.02840165 -0.00466453
v 0.08332016 0.02840165 -0.00484341
v 0.08438442 0.02790002 -0.00601627
v 0.08433369 0.02790002 -0.00646124
v 0.08418521 0.02790002 -0.00688377
v 0.08394644 0.02790002 -0.00726267
v 0.08362935 0.02790002 -0.00757894
v 0.08324982 0.02790002 -0.00781672
v 0.0828269 0.02790002 -0.00796408
v 0.08238179 0.02790002 -0.00801364
v 0.08193681 0.02790002 -0.00796291
v 0.08151428 0.02790002 -0.00781444
v 0.08113538 0.02790002 -0.00757566
v 0.08081912 0.02790002 -0.00725857
v 0.08058134 0.02790002 -0.00687904
v 0.08043398 0.02790002 -0.00645612
v 0.08038442 0.02790002 -0.00601101
v 0.08058362 0.0194 -0.00514351
v 0.08043515 0.0194 -0.00556604
v 0.08433486 0.0194 -0.00557116
v 0.08038442 0.0194 -0.00601101
v 0.08043398 0.0194 -0.00645612
v 0.08058134 0.0194 -0.00687904
v 0.08433369 0.0194 -0.00646124
v 0.08438442 0.0194 -0.00601627
v 0.08194194 0.0194 -0.0040632
v 0.08151902 0.0194 -0.00421056
v 0.08081912 0.0194 -0.00725857
v 0.08113538 0.0194 -0.00757566
v 0.08151428 0.0194 -0.00781444
v 0.08113949 0.0194 -0.00444834
v 0.08082239 0.0194 -0.00476461
v 0.08193681 0.0194 -0.00796291
v 0.08238179 0.0194 -0.00801364
v 0.0828269 0.0194 -0.00796408
v 0.08283202 0.0194 -0.00406437
v 0.08394971 0.0194 -0.00476871
v 0.08325455 0.0194 -0.00421284
v 0.08363345 0.0194 -0.00445162
v 0.08418749 0.0194 -0.00514824
v 0.08238705 0.0194 -0.00401364
v 0.08324982 0.0194 -0.00781672
v 0.08362935 0.0194 -0.00757894
v 0.08418521 0.0194 -0.00688377
v 0.08394644 0.0194 -0.00726267
v 0.08043515 0.02790002 -0.00556604
v 0.08058362 0.02790002 -0.00514351
v 0.08082239 0.02790002 -0.00476461
v 0.08113949 0.02790002 -0.00444834
v 0.08151902 0.02790002 -0.00421056
v 0.08194194 0.02790002 -0.0040632
v 0.08238705 0.02790002 -0.00401364
v 0.08283202 0.02790002 -0.00406437
v 0.08325455 0.02790002 -0.00421284
v 0.08363345 0.02790002 -0.00445162
v 0.08394971 0.02790002 -0.00476871
v 0.08418749 0.02790002 -0.00514824
v 0.08433486 0.02790002 -0.00557116
v 0.08058134 0.02790002 -0.00687904
v 0.08418521 0.02790002 -0.00688377
v 0.06309817 0.02840165 -0.00598832
v 0.06306016 0.02840165 -0.00632168
v 0.06013949 0.02840165 -0.00565102
v 0.06010148 0.02840165 -0.00598438
v 0.06013861 0.02840165 -0.00631784
v 0.06294893 0.02840165 -0.00663823
v 0.06277005 0.02840165 -0.00692209
v 0.06253249 0.02840165 -0.00715903
v 0.06224816 0.02840165 -0.00733716
v 0.06193132 0.02840165 -0.00744756
v 0.06253557 0.02840165 -0.00481612
v 0.0627725 0.02840165 -0.00505369
v 0.06295064 0.02840165 -0.00533802
v 0.0612645 0.02840165 -0.00744669
v 0.06094795 0.02840165 -0.00733546
v 0.06066409 0.02840165 -0.00715658
v 0.0604296 0.02840165 -0.00505061
v 0.06066716 0.02840165 -0.00481367
v 0.06306104 0.02840165 -0.00565486
v 0.06095149 0.02840165 -0.00463554
v 0.06126833 0.02840165 -0.00452514
v 0.06159786 0.02840165 -0.00748469
v 0.06042715 0.02840165 -0.00691901
v 0.06024901 0.02840165 -0.00663468
v 0.06025072 0.02840165 -0.00533447
v 0.0616018 0.02840165 -0.00448801
v 0.06193516 0.02840165 -0.00452601
v 0.06225171 0.02840165 -0.00463724
v 0.06359982 0.02790002 -0.00598898
v 0.06354909 0.02790002 -0.00643395
v 0.06340063 0.02790002 -0.00685648
v 0.06316185 0.02790002 -0.00723538
v 0.06284475 0.02790002 -0.00755165
v 0.06246523 0.02790002 -0.00778943
v 0.06204231 0.02790002 -0.00793679
v 0.0615972 0.02790002 -0.00798635
v 0.06115222 0.02790002 -0.00793562
v 0.06072969 0.02790002 -0.00778715
v 0.06035079 0.02790002 -0.00754837
v 0.06003453 0.02790002 -0.00723128
v 0.05979675 0.02790002 -0.00685175
v 0.05964939 0.02790002 -0.00642883
v 0.05959983 0.02790002 -0.00598372
v 0.05964939 0.0194 -0.00642883
v 0.05979675 0.0194 -0.00685175
v 0.06316513 0.0194 -0.00474142
v 0.06003453 0.0194 -0.00723128
v 0.0634029 0.0194 -0.00512095
v 0.06355026 0.0194 -0.00554387
v 0.06359982 0.0194 -0.00598898
v 0.06035079 0.0194 -0.00754837
v 0.06072969 0.0194 -0.00778715
v 0.06115222 0.0194 -0.00793562
v 0.0615972 0.0194 -0.00798635
v 0.06204231 0.0194 -0.00793679
v 0.06284475 0.0194 -0.00755165
v 0.06316185 0.0194 -0.00723538
v 0.06340063 0.0194 -0.00685648
v 0.06246996 0.0194 -0.00418555
v 0.06204743 0.0194 -0.00403708
v 0.05959983 0.0194 -0.00598372
v 0.06160245 0.0194 -0.00398635
v 0.06115735 0.0194 -0.00403591
v 0.0600378 0.0194 -0.00473732
v 0.05965056 0.0194 -0.00553875
v 0.05979903 0.0194 -0.00511622
v 0.06246523 0.0194 -0.00778943
v 0.06354909 0.0194 -0.00643395
v 0.06284886 0.0194 -0.00442433
v 0.06073442 0.0194 -0.00418327
v 0.0603549 0.0194 -0.00442105
v 0.05965056 0.02790002 -0.00553875
v 0.05979903 0.02790002 -0.00511622
v 0.0600378 0.02790002 -0.00473732
v 0.0603549 0.02790002 -0.00442105
v 0.06073442 0.02790002 -0.00418327
v 0.06115735 0.02790002 -0.00403591
v 0.06160245 0.02790002 -0.00398635
v 0.06204743 0.02790002 -0.00403708
v 0.06246996 0.02790002 -0.00418555
v 0.06284886 0.02790002 -0.00442433
v 0.06316513 0.02790002 -0.00474142
v 0.0634029 0.02790002 -0.00512095
v 0.06355026 0.02790002 -0.00554387
v 0.05979675 0.02790002 -0.00685175
v 0.06340063 0.02790002 -0.00685648
v 0.07066665 0.02840165 0.01265187
v 0.07084553 0.02840165 0.01293573
v 0.0735141 0.02840165 0.01199802
v 0.07055542 0.02840165 0.01233532
v 0.07108309 0.02840165 0.01317267
v 0.07136742 0.02840165 0.0133508
v 0.07168426 0.02840165 0.0134612
v 0.07168043 0.02840165 0.01053965
v 0.07051741 0.02840165 0.01200196
v 0.07201379 0.02840165 0.01050165
v 0.07234725 0.02840165 0.01053878
v 0.07266764 0.02840165 0.0133491
v 0.0729515 0.02840165 0.01317022
v 0.07318843 0.02840165 0.01293265
v 0.07336657 0.02840165 0.01264832
v 0.07347697 0.02840165 0.01233148
v 0.07336486 0.02840165 0.01134811
v 0.07318598 0.02840165 0.01106425
v 0.07201772 0.02840165 0.01349833
v 0.07235108 0.02840165 0.01346033
v 0.07347609 0.02840165 0.01166466
v 0.07294842 0.02840165 0.01082731
v 0.07266409 0.02840165 0.01064918
v 0.07084308 0.02840165 0.01106733
v 0.07108001 0.02840165 0.01082976
v 0.07136387 0.02840165 0.01065088
v 0.07066494 0.02840165 0.01135166
v 0.07055454 0.02840165 0.01166849
v 0.07401575 0.02790002 0.01199736
v 0.07396503 0.02790002 0.01155239
v 0.07381655 0.02790002 0.01112986
v 0.07357778 0.02790002 0.01075096
v 0.07326068 0.02790002 0.01043469
v 0.07288115 0.02790002 0.01019691
v 0.07245824 0.02790002 0.01004955
v 0.07201313 0.02790002 0.00999999
v 0.07156815 0.02790002 0.01005072
v 0.07114562 0.02790002 0.01019919
v 0.07076672 0.02790002 0.01043796
v 0.07045045 0.02790002 0.01075506
v 0.07021268 0.02790002 0.01113459
v 0.07006532 0.02790002 0.01155751
v 0.07001576 0.02790002 0.01200262
v 0.07114562 0.0194 0.01019919
v 0.07156815 0.0194 0.01005072
v 0.07157327 0.0194 0.01395043
v 0.07201313 0.0194 0.00999999
v 0.07245824 0.0194 0.01004955
v 0.07246336 0.0194 0.01394926
v 0.07201838 0.0194 0.01399999
v 0.07396503 0.0194 0.01155239
v 0.07381655 0.0194 0.01112986
v 0.07357778 0.0194 0.01075096
v 0.07006532 0.0194 0.01155751
v 0.07021268 0.0194 0.01113459
v 0.07288115 0.0194 0.01019691
v 0.07326068 0.0194 0.01043469
v 0.07401575 0.0194 0.01199736
v 0.07326479 0.0194 0.01356201
v 0.07288589 0.0194 0.01380079
v 0.0739662 0.0194 0.01244247
v 0.07381883 0.0194 0.01286539
v 0.07358105 0.0194 0.01324491
v 0.07077083 0.0194 0.01356529
v 0.07045373 0.0194 0.01324902
v 0.07001576 0.0194 0.01200262
v 0.07021496 0.0194 0.01287012
v 0.07006649 0.0194 0.01244759
v 0.07045045 0.0194 0.01075506
v 0.07076672 0.0194 0.01043796
v 0.07115036 0.0194 0.01380307
v 0.07006649 0.02790002 0.01244759
v 0.07021496 0.02790002 0.01287012
v 0.07045373 0.02790002 0.01324902
v 0.07077083 0.02790002 0.01356529
v 0.07115036 0.02790002 0.01380307
v 0.07157327 0.02790002 0.01395043
v 0.07201838 0.02790002 0.01399999
v 0.07246336 0.02790002 0.01394926
v 0.07288589 0.02790002 0.01380079
v 0.07326479 0.02790002 0.01356201
v 0.07358105 0.02790002 0.01324491
v 0.07381883 0.02790002 0.01286539
v 0.0739662 0.02790002 0.01244247
v 0.07357778 0.02790002 0.01075096
v 0.09783575 -0.0234 -0.00106309
v 0.09745199 -0.01915 -0.00154656
v 0.09705826 -0.0234 -0.00183853
v 0.09705826 -0.01915 -0.00183853
v 0.09599721 -0.0234 -0.00212135
v 0.09599721 -0.01915 -0.00212135
v 0.09493691 -0.0234 -0.00183575
v 0.09493691 -0.01915 -0.00183575
v 0.09416147 -0.0234 -0.00105826
v 0.09416147 -0.01915 -0.00105826
v 0.09387866 -0.0234 2.79E-06
v 0.09387866 -0.01915 2.79E-06
v 0.09416425 -0.0234 0.00106309
v 0.09416425 -0.01915 0.00106309
v 0.09494174 -0.0234 0.00183853
v 0.09494174 -0.01915 0.00183853
v 0.09600279 -0.0234 0.00212135
v 0.09600279 -0.01915 0.00212135
v 0.09706309 -0.0234 0.00183575
v 0.09706309 -0.01915 0.00183575
v 0.09783854 -0.0234 0.00105826
v 0.09745199 -0.01763577 -0.00154656
v 0.09783575 -0.0146 -0.00106309
v 0.09705826 -0.01763577 -0.00183853
v 0.09705826 -0.0146 -0.00183853
v 0.09599721 -0.01763577 -0.00212135
v 0.09599721 -0.0146 -0.00212135
v 0.09493691 -0.01763577 -0.00183575
v 0.09493691 -0.0146 -0.00183575
v 0.09416147 -0.01763577 -0.00105826
v 0.09416147 -0.0146 -0.00105826
v 0.09387866 -0.01763577 2.79E-06
v 0.09387866 -0.0146 2.79E-06
v 0.09416425 -0.01763577 0.00106309
v 0.09416425 -0.0146 0.00106309
v 0.09494174 -0.01763577 0.00183853
v 0.09494174 -0.0146 0.00183853
v 0.09600279 -0.01763577 0.00212135
v 0.09600279 -0.0146 0.00212135
v 0.09706309 -0.01763577 0.00183575
v 0.09706309 -0.0146 0.00183575
v 0.09745198 -0.01763577 0.00154656
v 0.09783854 -0.0146 0.00105826
v 0.09745198 -0.01915 0.00154656
v 0.09812135 -0.0146 -2.79E-06
v 0.09812135 -0.0234 -2.79E-06
v 0.09749893 -0.01915 0
v 0.09749893 -0.01763577 0
v 0.096 -0.0234 0.00145
v 0.096 -0.02415 0.00145
v 0.095275 -0.0234 0.00125574
v 0.095275 -0.02415 0.00125574
v 0.09474427 -0.0234 0.000725
v 0.09474427 -0.02415 0.000725
v 0.09455 -0.0234 -0
v 0.09455 -0.02415 -0
v 0.09474427 -0.0234 -0.000725
v 0.09474427 -0.02415 -0.000725
v 0.095275 -0.0234 -0.00125574
v 0.095275 -0.02415 -0.00125574
v 0.096 -0.0234 -0.00145
v 0.096 -0.02415 -0.00145
v 0.09725574 -0.0234 -0.000725
v 0.096725 -0.0234 -0.00125574
v 0.096725 -0.0234 0.00125574
v 0.09725574 -0.0234 0.000725
v 0.09745 -0.0234 -0
v 0.096725 -0.02415 -0.00125574
v 0.09725574 -0.02415 -0.000725
v 0.09745 -0.02415 -0
v 0.09725574 -0.02415 0.000725
v 0.096725 -0.02415 0.00125574
v 0.096 -0.02482135 -0.00212135
v 0.09706067 -0.02482135 -0.00183714
v 0.09783714 -0.02482135 -0.00106067
v 0.09812135 -0.02482135 0
v 0.09783714 -0.02482135 0.00106067
v 0.09706067 -0.02482135 0.00183714
v 0.096 -0.02482135 0.00212135
v 0.09493933 -0.02482135 0.00183714
v 0.09416286 -0.02482135 0.00106067
v 0.09387865 -0.02482135 -0
v 0.09416286 -0.02482135 -0.00106067
v 0.09493933 -0.02482135 -0.00183714
v 0.09537356 -0.0146 -0.00111322
v 0.09599834 -0.0146 -0.00128151
v 0.09662355 -0.0146 -0.00111486
v 0.09708169 -0.0146 -0.00065793
v 0.09724998 -0.0146 -3.315E-05
v 0.09708333 -0.0146 0.00059207
v 0.0966264 -0.0146 0.0010502
v 0.09600162 -0.0146 0.00121849
v 0.0953764 -0.0146 0.00105184
v 0.09491827 -0.0146 0.00059491
v 0.09474998 -0.0146 -2.987E-05
v 0.09491663 -0.0146 -0.00065509
v 0.09491827 -0.0106 0.00059491
v 0.09474998 -0.0106 -2.987E-05
v 0.09491663 -0.0106 -0.00065509
v 0.09708169 -0.0106 -0.00065793
v 0.09724998 -0.0106 -3.315E-05
v 0.09708333 -0.0106 0.00059207
v 0.09599834 -0.0106 -0.00128151
v 0.09662355 -0.0106 -0.00111486
v 0.09600162 -0.0106 0.00121849
v 0.0953764 -0.0106 0.00105184
v 0.09537356 -0.0106 -0.00111322
v 0.0966264 -0.0106 0.0010502
v 0.09705826 -0.0249 -0.00183853
v 0.0971 -0.0249 -0.00190526
v 0.09783575 -0.0249 -0.00106309
v 0.09790526 -0.0249 -0.0011
v 0.09812135 -0.0249 -2.79E-06
v 0.0982 -0.0249 0
v 0.09783854 -0.0249 0.00105826
v 0.09790526 -0.0249 0.0011
v 0.09706309 -0.0249 0.00183575
v 0.0971 -0.0249 0.00190526
v 0.09600279 -0.0249 0.00212135
v 0.096 -0.0249 0.0022
v 0.09494174 -0.0249 0.00183853
v 0.0949 -0.0249 0.00190526
v 0.09416425 -0.0249 0.00106309
v 0.09409475 -0.0249 0.0011
v 0.09387866 -0.0249 2.79E-06
v 0.0938 -0.0249 -0
v 0.09416147 -0.0249 -0.00105826
v 0.09409475 -0.0249 -0.0011
v 0.09493691 -0.0249 -0.00183575
v 0.0949 -0.0249 -0.00190526
v 0.09599721 -0.0249 -0.00212135
v 0.096 -0.0249 -0.0022
v 0.05019299 0.0224 -0.01127706
v 0.05276632 0.0224 -0.01184976
v 0.05006633 0.0224 -0.01184621
v 0.05263966 0.0224 -0.0124189
v 0.05019149 0.0224 -0.01241569
v 0.05111065 0.0224 -0.01316292
v 0.05056474 0.0224 -0.0128955
v 0.05171854 0.0224 -0.01316372
v 0.05226516 0.0224 -0.01289774
v 0.0511141 0.0224 -0.01053225
v 0.051722 0.0224 -0.01053305
v 0.05056749 0.0224 -0.01079823
v 0.05226791 0.0224 -0.01080046
v 0.05264115 0.0224 -0.01128028
v 0.07080635 0.0224 0.02318227
v 0.07338119 0.0224 0.02374821
v 0.07325452 0.0224 0.02317906
v 0.07172551 0.0224 0.02243504
v 0.0711796 0.0224 0.02270246
v 0.0723334 0.0224 0.02243424
v 0.07288001 0.0224 0.02270022
v 0.07118235 0.0224 0.02479973
v 0.07172897 0.0224 0.02506572
v 0.07080784 0.0224 0.0243209
v 0.07233686 0.0224 0.02506492
v 0.07068118 0.0224 0.02375175
v 0.07325602 0.0224 0.02431769
v 0.07288277 0.0224 0.0247975
v 0.05228491 0.0224 0.01296089
v 0.05266301 0.0224 0.01248942
v 0.05279751 0.0224 0.01190022
v 0.05113467 0.0224 0.01321525
v 0.051739 0.0224 0.01322015
v 0.05228213 0.0224 0.01084091
v 0.05173554 0.0224 0.01058308
v 0.05113122 0.0224 0.01058957
v 0.05266146 0.0224 0.01131138
v 0.05022115 0.0224 0.01133759
v 0.05059029 0.0224 0.01085908
v 0.05009751 0.0224 0.01190377
v 0.05022264 0.0224 0.01246962
v 0.05059303 0.0224 0.01294716
v 0.09135732 0.0224 0.01128358
v 0.09123368 0.0224 0.01184976
v 0.09393368 0.0224 0.01184621
v 0.0934183 0.0224 0.0107869
v 0.09287171 0.0224 0.01052907
v 0.09226739 0.0224 0.01053556
v 0.09135881 0.0224 0.01241561
v 0.0917292 0.0224 0.01289315
v 0.09227084 0.0224 0.01316124
v 0.09379763 0.0224 0.01125737
v 0.09172646 0.0224 0.01080506
v 0.09287517 0.0224 0.01316614
v 0.09342108 0.0224 0.01290688
v 0.09379917 0.0224 0.0124354
v 0.09224682 0.0224 -0.01321693
v 0.0917009 0.0224 -0.01294952
v 0.09285472 0.0224 -0.01321773
v 0.09132766 0.0224 -0.0124697
v 0.09170366 0.0224 -0.01085224
v 0.09225027 0.0224 -0.01058626
v 0.09285817 0.0224 -0.01058706
v 0.09340408 0.0224 -0.01085447
v 0.09377732 0.0224 -0.01133429
v 0.09132916 0.0224 -0.01133107
v 0.09390249 0.0224 -0.01190377
v 0.0912025 0.0224 -0.01190022
v 0.09377583 0.0224 -0.01247292
v 0.09340133 0.0224 -0.01295175
v 0.07319215 0.0224 -0.0243209
v 0.07061882 0.0224 -0.02374821
v 0.07331882 0.0224 -0.02375175
v 0.07074548 0.0224 -0.02317906
v 0.07319365 0.0224 -0.02318227
v 0.07227449 0.0224 -0.02243504
v 0.0728204 0.0224 -0.02270246
v 0.0716666 0.0224 -0.02243424
v 0.07111999 0.0224 -0.02270022
v 0.07227103 0.0224 -0.02506572
v 0.07166314 0.0224 -0.02506492
v 0.07281765 0.0224 -0.02479973
v 0.07111723 0.0224 -0.0247975
v 0.07074399 0.0224 -0.02431769
v 0.05276632 0.02445 -0.01184976
v 0.05263966 0.02445 -0.0124189
v 0.05226516 0.02445 -0.01289774
v 0.05171854 0.02445 -0.01316372
v 0.05111065 0.02445 -0.01316292
v 0.05056474 0.02445 -0.0128955
v 0.05019149 0.02445 -0.01241569
v 0.05006633 0.02445 -0.01184621
v 0.05019299 0.02445 -0.01127706
v 0.05056749 0.02445 -0.01079823
v 0.0511141 0.02445 -0.01053225
v 0.051722 0.02445 -0.01053305
v 0.05226791 0.02445 -0.01080046
v 0.05264115 0.02445 -0.01128028
v 0.07338119 0.02445 0.02374821
v 0.07325452 0.02445 0.02317906
v 0.07288001 0.02445 0.02270022
v 0.0723334 0.02445 0.02243424
v 0.07172551 0.02445 0.02243504
v 0.0711796 0.02445 0.02270246
v 0.07080635 0.02445 0.02318227
v 0.07068118 0.02445 0.02375175
v 0.07080784 0.02445 0.0243209
v 0.07118235 0.02445 0.02479973
v 0.07172897 0.02445 0.02506572
v 0.07233686 0.02445 0.02506492
v 0.07288277 0.02445 0.0247975
v 0.07325602 0.02445 0.02431769
v 0.05009751 0.02445 0.01190377
v 0.05019731 0.02445 0.01241143
v 0.05048967 0.02445 0.01285334
v 0.05059303 0.02445 0.01294716
v 0.05092958 0.02445 0.01314869
v 0.05113467 0.02445 0.01321525
v 0.05144928 0.02445 0.01325199
v 0.051739 0.02445 0.01322015
v 0.05212404 0.02445 0.01307024
v 0.05228491 0.02445 0.01296089
v 0.05261753 0.02445 0.01257546
v 0.05279751 0.02445 0.01190022
v 0.05261575 0.02445 0.01122546
v 0.05228213 0.02445 0.01084091
v 0.05212097 0.02445 0.01073197
v 0.05173554 0.02445 0.01058308
v 0.05144573 0.02445 0.010552
v 0.05113122 0.02445 0.01058957
v 0.05092631 0.02445 0.01065666
v 0.05019598 0.02445 0.01139584
v 0.05048718 0.02445 0.01095317
v 0.05059029 0.02445 0.01085908
v 0.09123368 0.02445 0.01184976
v 0.09133349 0.02445 0.01235742
v 0.09162585 0.02445 0.01279933
v 0.0917292 0.02445 0.01289315
v 0.09206575 0.02445 0.01309468
v 0.09227084 0.02445 0.01316124
v 0.09258545 0.02445 0.01319798
v 0.09287517 0.02445 0.01316614
v 0.09326021 0.02445 0.01301623
v 0.09342108 0.02445 0.01290688
v 0.0937537 0.02445 0.01252145
v 0.09393368 0.02445 0.01184621
v 0.09375192 0.02445 0.01117145
v 0.0934183 0.02445 0.0107869
v 0.09325714 0.02445 0.01067796
v 0.09287171 0.02445 0.01052907
v 0.09258191 0.02445 0.01049798
v 0.09226739 0.02445 0.01053556
v 0.09206248 0.02445 0.01060265
v 0.09133215 0.02445 0.01134183
v 0.09162335 0.02445 0.01089916
v 0.09172646 0.02445 0.01080506
v 0.09390249 0.02445 -0.01190377
v 0.09377583 0.02445 -0.01247292
v 0.09340133 0.02445 -0.01295175
v 0.09285472 0.02445 -0.01321773
v 0.09224682 0.02445 -0.01321693
v 0.0917009 0.02445 -0.01294952
v 0.09132766 0.02445 -0.0124697
v 0.0912025 0.02445 -0.01190022
v 0.09132916 0.02445 -0.01133107
v 0.09170366 0.02445 -0.01085224
v 0.09225027 0.02445 -0.01058626
v 0.09285817 0.02445 -0.01058706
v 0.09340408 0.02445 -0.01085447
v 0.09377732 0.02445 -0.01133429
v 0.07331882 0.02445 -0.02375175
v 0.07319215 0.02445 -0.0243209
v 0.07281765 0.02445 -0.02479973
v 0.07227103 0.02445 -0.02506572
v 0.07166314 0.02445 -0.02506492
v 0.07111723 0.02445 -0.0247975
v 0.07074399 0.02445 -0.02431769
v 0.07061882 0.02445 -0.02374821
v 0.07074548 0.02445 -0.02317906
v 0.07111999 0.02445 -0.02270022
v 0.0716666 0.02445 -0.02243424
v 0.07227449 0.02445 -0.02243504
v 0.0728204 0.02445 -0.02270246
v 0.07319365 0.02445 -0.02318227
v 0.076 0.0234 -5.25E-06
v 0.07560159 0.0234 -0.00174027
v 0.07448985 0.0234 -0.0031306
v 0.07110479 0.0234 -0.00389854
v 0.06950194 0.0234 -0.00312405
v 0.06951015 0.0234 0.0031306
v 0.07289521 0.0234 0.00389854
v 0.07449806 0.0234 0.00312405
v 0.07111504 0.0234 0.00390088
v 0.07560615 0.0234 0.0017308
v 0.07288496 0.0234 -0.00390088
v 0.06839385 0.0234 -0.0017308
v 0.068 0.0234 5.25E-06
v 0.06839841 0.0234 0.00174027
v 0.05263966 0.02445 -0.01241891
v 0.05341632 0.0251 -0.01185061
v 0.04941633 0.0251 -0.01184536
v 0.04960176 0.0251 -0.01268903
v 0.05019149 0.02445 -0.01241569
v 0.04968296 0.0251 -0.01284571
v 0.05111065 0.02445 -0.01316292
v 0.05041405 0.0251 -0.01357872
v 0.05015471 0.0251 -0.01339987
v 0.05171854 0.02445 -0.01316372
v 0.0514137 0.0251 -0.01384798
v 0.05096348 0.0251 -0.01379604
v 0.05241405 0.0251 -0.01358135
v 0.05186405 0.0251 -0.01379722
v 0.05322867 0.0251 -0.01269379
v 0.05314706 0.0251 -0.01285026
v 0.05267385 0.0251 -0.01340317
v 0.05323089 0.0251 -0.01100694
v 0.05314969 0.0251 -0.01085026
v 0.051722 0.02445 -0.01053305
v 0.0524186 0.0251 -0.01011725
v 0.05267793 0.0251 -0.0102961
v 0.0511141 0.02445 -0.01053225
v 0.05141895 0.0251 -0.00984799
v 0.05186917 0.0251 -0.00989993
v 0.0504186 0.0251 -0.01011462
v 0.05096859 0.0251 -0.00989874
v 0.04960397 0.0251 -0.01100218
v 0.04968559 0.0251 -0.01084571
v 0.05015879 0.0251 -0.01029279
v 0.07403118 0.0251 0.02374735
v 0.07003119 0.0251 0.02375261
v 0.07021662 0.0251 0.02290893
v 0.07029782 0.0251 0.02275225
v 0.07102891 0.0251 0.02201924
v 0.07076957 0.0251 0.0221981
v 0.07202855 0.0251 0.02174998
v 0.07157833 0.0251 0.02180192
v 0.07302891 0.0251 0.02201662
v 0.07247891 0.0251 0.02180074
v 0.07384353 0.0251 0.02290417
v 0.07376192 0.0251 0.02274771
v 0.07328872 0.0251 0.02219479
v 0.07384574 0.0251 0.02459102
v 0.07376455 0.0251 0.02474771
v 0.07303346 0.0251 0.02548071
v 0.07329279 0.0251 0.02530186
v 0.07203381 0.0251 0.02574998
v 0.07248403 0.0251 0.02569804
v 0.07103346 0.0251 0.02548334
v 0.07158345 0.0251 0.02569922
v 0.07021883 0.0251 0.02459579
v 0.07030044 0.0251 0.02475225
v 0.07077365 0.0251 0.02530517
v 0.05144488 0.0251 0.009902
v 0.05067537 0.0251 0.01005706
v 0.05044523 0.0251 0.01017126
v 0.0500248 0.0251 0.01049633
v 0.04971414 0.0251 0.01090427
v 0.0495934 0.0251 0.01115214
v 0.04944751 0.0251 0.01190462
v 0.05019732 0.02445 0.01241143
v 0.05068021 0.0251 0.01374895
v 0.05145013 0.0251 0.01390199
v 0.05044978 0.0251 0.01363536
v 0.05002849 0.0251 0.01331139
v 0.05048968 0.02445 0.01285334
v 0.04971677 0.0251 0.01290427
v 0.04959537 0.0251 0.01265671
v 0.05244523 0.0251 0.01016863
v 0.05317824 0.0251 0.01089972
v 0.0534475 0.0251 0.01189937
v 0.05318087 0.0251 0.01289972
v 0.05244978 0.0251 0.01363273
v 0.09258105 0.0251 0.00984799
v 0.09181154 0.0251 0.01000305
v 0.0915814 0.0251 0.01011725
v 0.09116097 0.0251 0.01044232
v 0.09085032 0.0251 0.01085026
v 0.09072956 0.0251 0.01109813
v 0.09058367 0.0251 0.01185061
v 0.09181638 0.0251 0.01369494
v 0.0925863 0.0251 0.01384798
v 0.09158595 0.0251 0.01358135
v 0.09116466 0.0251 0.01325738
v 0.09085294 0.0251 0.01285026
v 0.09073155 0.0251 0.0126027
v 0.0935814 0.0251 0.01011462
v 0.09431441 0.0251 0.01084571
v 0.09458368 0.0251 0.01184536
v 0.09431704 0.0251 0.01284571
v 0.09358595 0.0251 0.01357872
v 0.09377583 0.02445 -0.01247292
v 0.09455249 0.0251 -0.01190462
v 0.09055249 0.0251 -0.01189937
v 0.09073793 0.0251 -0.01274304
v 0.09132766 0.02445 -0.0124697
v 0.09081914 0.0251 -0.01289972
v 0.09224682 0.02445 -0.01321693
v 0.09155022 0.0251 -0.01363273
v 0.09129088 0.0251 -0.01345388
v 0.09285472 0.02445 -0.01321773
v 0.09254987 0.0251 -0.01390199
v 0.09209964 0.0251 -0.01385005
v 0.09355022 0.0251 -0.01363536
v 0.09300023 0.0251 -0.01385124
v 0.09436484 0.0251 -0.0127478
v 0.09428323 0.0251 -0.01290427
v 0.09381002 0.0251 -0.01345719
v 0.09436706 0.0251 -0.01106095
v 0.09428585 0.0251 -0.01090427
v 0.09285817 0.02445 -0.01058706
v 0.09355476 0.0251 -0.01017126
v 0.0938141 0.0251 -0.01035011
v 0.09225027 0.02445 -0.01058626
v 0.09255512 0.0251 -0.009902
v 0.09300534 0.0251 -0.00995394
v 0.09155477 0.0251 -0.01016863
v 0.09210476 0.0251 -0.00995276
v 0.09074014 0.0251 -0.01105619
v 0.09082176 0.0251 -0.01089972
v 0.09129497 0.0251 -0.0103468
v 0.07396881 0.0251 -0.02375261
v 0.06996882 0.0251 -0.02374735
v 0.07015425 0.0251 -0.02459102
v 0.07023545 0.0251 -0.02474771
v 0.07111723 0.02445 -0.0247975
v 0.07096654 0.0251 -0.02548072
v 0.07070721 0.0251 -0.02530186
v 0.07196619 0.0251 -0.02574998
v 0.07151597 0.0251 -0.02569804
v 0.07281765 0.02445 -0.02479973
v 0.07296654 0.0251 -0.02548334
v 0.07241655 0.0251 -0.02569922
v 0.07378116 0.0251 -0.02459579
v 0.07369956 0.0251 -0.02475225
v 0.07322635 0.0251 -0.02530517
v 0.07378338 0.0251 -0.02290893
v 0.07370218 0.0251 -0.02275225
v 0.0728204 0.02445 -0.02270246
v 0.07297109 0.0251 -0.02201924
v 0.07323042 0.0251 -0.0221981
v 0.07197145 0.0251 -0.02174998
v 0.07242166 0.0251 -0.02180192
v 0.07111999 0.02445 -0.02270023
v 0.07097109 0.0251 -0.02201662
v 0.07152108 0.0251 -0.02180074
v 0.07015647 0.0251 -0.02290417
v 0.07023808 0.0251 -0.02274771
v 0.07071128 0.0251 -0.02219479
v 0.06002894 0.0224 0.02205035
v 0.06065088 0.0224 0.019717
v 0.05940372 0.0224 0.0218837
v 0.06002566 0.0224 0.01955035
v 0.05940088 0.0224 0.01971864
v 0.05894395 0.0224 0.02017677
v 0.0587773 0.0224 0.02080199
v 0.05894559 0.0224 0.02142677
v 0.0612773 0.0224 0.02079871
v 0.06110901 0.0224 0.02017393
v 0.06111065 0.0224 0.02142393
v 0.06065372 0.0224 0.02188206
v 0.05997436 0.0224 -0.01951884
v 0.06059914 0.0224 -0.01968713
v 0.0593463 0.0224 -0.02185054
v 0.0605963 0.0224 -0.02185219
v 0.05997108 0.0224 -0.02201883
v 0.06122272 0.0224 -0.02077048
v 0.06105443 0.0224 -0.02139526
v 0.06105607 0.0224 -0.02014526
v 0.05889101 0.0224 -0.02014242
v 0.05934914 0.0224 -0.01968548
v 0.05872272 0.0224 -0.02076719
v 0.05888937 0.0224 -0.02139241
v 0.09708169 0.0224 -0.00065793
v 0.09662355 0.0224 -0.00111486
v 0.09599834 0.0224 -0.00128151
v 0.09708333 0.0224 0.00059207
v 0.09724998 0.0224 -3.315E-05
v 0.09537356 0.0224 -0.00111322
v 0.09600162 0.0224 0.00121849
v 0.09491663 0.0224 -0.00065509
v 0.09474998 0.0224 -2.987E-05
v 0.09491827 0.0224 0.00059491
v 0.0953764 0.0224 0.00105184
v 0.0966264 0.0224 0.0010502
v 0.04908173 0.0224 -0.00059491
v 0.0486236 0.0224 -0.00105184
v 0.04799838 0.0224 -0.00121849
v 0.04691831 0.0224 0.00065793
v 0.04737644 0.0224 0.00111486
v 0.04800166 0.0224 0.00128151
v 0.04675002 0.0224 3.315E-05
v 0.04691667 0.0224 -0.00059207
v 0.0473736 0.0224 -0.0010502
v 0.04925002 0.0224 2.987E-05
v 0.04908337 0.0224 0.00065509
v 0.04862644 0.0224 0.00111322
v 0.08397434 0.0224 -0.01955035
v 0.08459912 0.0224 -0.01971864
v 0.08334628 0.0224 -0.02188206
v 0.08505605 0.0224 -0.02017677
v 0.08459628 0.0224 -0.0218837
v 0.08397106 0.0224 -0.02205035
v 0.08505441 0.0224 -0.02142677
v 0.0852227 0.0224 -0.02080199
v 0.08289099 0.0224 -0.02017393
v 0.08334912 0.0224 -0.019717
v 0.0827227 0.0224 -0.02079871
v 0.08288935 0.0224 -0.02142393
v 0.08402564 0.0224 0.01951884
v 0.08340086 0.0224 0.01968713
v 0.0834037 0.0224 0.02185219
v 0.08465086 0.0224 0.01968548
v 0.08402892 0.0224 0.02201883
v 0.0846537 0.0224 0.02185054
v 0.08294393 0.0224 0.02014526
v 0.08277728 0.0224 0.02077048
v 0.08294557 0.0224 0.02139526
v 0.08511063 0.0224 0.02139241
v 0.08527728 0.0224 0.02076719
v 0.08510899 0.0224 0.02014242
v 0.05350002 0.0244 2.429E-05
v 0.05350002 0.0259 2.429E-05
v 0.05395845 0.0259 -0.00409295
v 0.05395845 0.0244 -0.00409295
v 0.05532155 0.0259 -0.00800496
v 0.05532155 0.0244 -0.00800496
v 0.05752099 0.0259 -0.01151556
v 0.05752099 0.0244 -0.01151556
v 0.06044646 0.0259 -0.01444872
v 0.06044646 0.0244 -0.01444872
v 0.06395128 0.0259 -0.01665737
v 0.06395128 0.0244 -0.01665737
v 0.06785969 0.0259 -0.01803075
v 0.06785969 0.0244 -0.01803075
v 0.07197571 0.0259 -0.01849998
v 0.07197571 0.0244 -0.01849998
v 0.07609295 0.0259 -0.01804155
v 0.07609295 0.0244 -0.01804155
v 0.08000496 0.0259 -0.01667845
v 0.08000496 0.0244 -0.01667845
v 0.08351556 0.0259 -0.01447901
v 0.08351556 0.0244 -0.01447901
v 0.08644872 0.0259 -0.01155354
v 0.08644872 0.0244 -0.01155354
v 0.08865737 0.0259 -0.00804873
v 0.08865737 0.0244 -0.00804873
v 0.09003074 0.0259 -0.00414031
v 0.09003074 0.0244 -0.00414031
v 0.09049998 0.0259 -2.429E-05
v 0.09049998 0.0244 -2.429E-05
v 0.09004156 0.0259 0.00409295
v 0.09004156 0.0244 0.00409295
v 0.08867845 0.0259 0.00800496
v 0.08867845 0.0244 0.00800496
v 0.08647902 0.0259 0.01151556
v 0.08647902 0.0244 0.01151556
v 0.08355355 0.0259 0.01444872
v 0.08355355 0.0244 0.01444872
v 0.08004873 0.0259 0.01665737
v 0.08004873 0.0244 0.01665737
v 0.07614031 0.0259 0.01803075
v 0.07614031 0.0244 0.01803075
v 0.07202429 0.0259 0.01849998
v 0.07202429 0.0244 0.01849998
v 0.06790705 0.0259 0.01804155
v 0.06790705 0.0244 0.01804155
v 0.06399504 0.0259 0.01667845
v 0.06399504 0.0244 0.01667845
v 0.06048444 0.0259 0.01447901
v 0.06048444 0.0244 0.01447901
v 0.05755128 0.0259 0.01155354
v 0.05755128 0.0244 0.01155354
v 0.05534263 0.0259 0.00804873
v 0.05534263 0.0244 0.00804873
v 0.05396925 0.0259 0.00414031
v 0.05396925 0.0244 0.00414031
v 0.068 0.0254 5.25E-06
v 0.0683065 0.0254 0.00153558
v 0.06839841 0.0254 0.00174027
v 0.06917529 0.0254 0.00283214
v 0.06951015 0.0254 0.0031306
v 0.07047412 0.0254 0.00369752
v 0.07111504 0.0254 0.00390088
v 0.07200525 0.0254 0.004
v 0.07289521 0.0254 0.00389854
v 0.07353558 0.0254 0.00369351
v 0.07449806 0.0254 0.00312405
v 0.07483214 0.0254 0.00282471
v 0.076 0.0254 -5.25E-06
v 0.07569753 0.0254 0.00152588
v 0.07560615 0.0254 0.0017308
v 0.0756935 0.0254 -0.00153558
v 0.07560159 0.0254 -0.00174027
v 0.07482471 0.0254 -0.00283214
v 0.07448985 0.0254 -0.0031306
v 0.07352588 0.0254 -0.00369752
v 0.07288496 0.0254 -0.00390088
v 0.07199475 0.0254 -0.004
v 0.07110479 0.0254 -0.00389854
v 0.07046442 0.0254 -0.00369351
v 0.06950194 0.0254 -0.00312405
v 0.06916786 0.0254 -0.00282471
v 0.06830247 0.0254 -0.00152588
v 0.06839385 0.0254 -0.0017308
v 0.08999998 0.0264 -2.363E-05
v 0.08954343 0.0264 -0.00402841
v 0.08820717 0.0264 -0.00783119
v 0.08605822 0.0264 -0.01124128
v 0.08320433 0.0264 -0.01408769
v 0.07978861 0.0264 -0.01622768
v 0.07598233 0.0264 -0.01755395
v 0.07197636 0.0264 -0.01799998
v 0.06797159 0.0264 -0.01754343
v 0.06425455 0.0264 -0.01624832
v 0.0641688 0.0264 -0.01620717
v 0.06075872 0.0264 -0.01405822
v 0.05791231 0.0264 -0.01120433
v 0.05577232 0.0264 -0.00778861
v 0.05444605 0.0264 -0.00398233
v 0.05400002 0.0264 2.363E-05
v 0.05579283 0.0264 0.00783119
v 0.05479966 0.0264 0.00530551
v 0.05445657 0.0264 0.00402841
v 0.08324128 0.0264 0.01405822
v 0.07983119 0.0264 0.01620717
v 0.07602841 0.0264 0.01754343
v 0.07202363 0.0264 0.01799998
v 0.06801767 0.0264 0.01755395
v 0.06421139 0.0264 0.01622768
v 0.06079567 0.0264 0.01408769
v 0.05794178 0.0264 0.01124128
v 0.08822768 0.0264 0.00778861
v 0.08681495 0.0264 0.01022336
v 0.08608769 0.0264 0.01120433
v 0.08955394 0.0264 0.00398233
v 0.06189936 0.0214 0.0036432
v 0.06189936 0.0264 0.0036432
v 0.06285922 0.0214 0.00385833
v 0.06285922 0.0264 0.00385833
v 0.06380554 0.0214 0.00358985
v 0.06380554 0.0264 0.00358985
v 0.06508112 0.0264 0.00285116
v 0.06508112 0.0214 0.00285116
v 0.06567051 0.0214 0.00233146
v 0.06567051 0.0264 0.00233146
v 0.0660142 0.0214 0.00162482
v 0.0660142 0.0264 0.00162482
v 0.06605913 0.0214 0.00084032
v 0.06605913 0.0264 0.00084032
v 0.07098833 0.0264 -0.00888891
v 0.07098833 0.0214 -0.00888891
v 0.07098868 0.0264 -0.00862368
v 0.07099026 0.0214 -0.00741488
v 0.07099026 0.0264 -0.00741488
v 0.07074518 0.0214 -0.00984205
v 0.07074518 0.0264 -0.00984205
v 0.07007704 0.0214 -0.01056399
v 0.07007704 0.0264 -0.01056399
v 0.06892055 0.0264 -0.01180415
v 0.06892055 0.0214 -0.01180415
v 0.06848275 0.0264 -0.01344236
v 0.06848275 0.0214 -0.01344236
v 0.05565215 0.0214 0.00223558
v 0.05565215 0.0264 0.00223558
v 0.05600836 0.0214 0.00313004
v 0.05600836 0.0264 0.00313004
v 0.05674122 0.0214 0.00375443
v 0.05674122 0.0264 0.00375443
v 0.0576809 0.0214 0.00396405
v 0.0576809 0.0264 0.00396405
v 0.05860964 0.0214 0.00371033
v 0.05860964 0.0264 0.00371033
v 0.06024612 0.0264 0.00326607
v 0.06024612 0.0214 0.00326607
v 0.06608339 0.0264 0.0045819
v 0.06480782 0.0264 0.00532059
v 0.06608339 0.0214 0.0045819
v 0.06480782 0.0214 0.00532059
v 0.06410395 0.0214 0.00600774
v 0.06410395 0.0264 0.00600774
v 0.06381279 0.0214 0.00694733
v 0.06381279 0.0264 0.00694733
v 0.06331703 0.0264 0.00856895
v 0.06331703 0.0214 0.00856895
v 0.0621172 0.0264 0.00976721
v 0.0621172 0.0214 0.00976721
v 0.06140471 0.0214 0.010498
v 0.06140471 0.0264 0.010498
v 0.06114558 0.0214 0.01148519
v 0.06114558 0.0264 0.01148519
v 0.08190842 0.0214 0.00974122
v 0.08190842 0.0264 0.00974122
v 0.08070544 0.0264 0.00854612
v 0.08070544 0.0214 0.00854612
v 0.08020542 0.0264 0.00692581
v 0.08020542 0.0214 0.00692581
v 0.07991181 0.0214 0.00598698
v 0.07920613 0.0264 0.00530168
v 0.07920613 0.0214 0.00530168
v 0.07976136 0.0264 0.00577475
v 0.07991181 0.0264 0.00598698
v 0.07792862 0.0264 0.00456634
v 0.07792862 0.0214 0.00456634
v 0.07389522 0.0214 -0.01056901
v 0.07389522 0.0264 -0.01056901
v 0.07322898 0.0214 -0.00984531
v 0.07322898 0.0264 -0.00984531
v 0.07298832 0.0214 -0.00889153
v 0.07298832 0.0264 -0.00889153
v 0.07299026 0.0264 -0.00741751
v 0.07299026 0.0214 -0.00741751
v 0.07298867 0.0264 -0.00862631
v 0.07792407 0.0214 0.00110225
v 0.07792407 0.0264 0.00110225
v 0.07804558 0.0214 0.00178613
v 0.07804558 0.0264 0.00178613
v 0.07839367 0.0214 0.00238721
v 0.07839367 0.0264 0.00238721
v 0.07892634 0.0214 0.00283298
v 0.07892634 0.0264 0.00283298
v 0.08020385 0.0264 0.00356832
v 0.08020385 0.0214 0.00356832
v 0.08115088 0.0214 0.00383431
v 0.08115088 0.0264 0.00383431
v 0.08211017 0.0214 0.00361666
v 0.08211017 0.0264 0.00361666
v 0.08376241 0.0264 0.0032352
v 0.08376241 0.0214 0.0032352
v 0.08540005 0.0264 0.00367515
v 0.08540005 0.0214 0.00367515
v 0.07548194 0.0214 -0.01345155
v 0.07548194 0.0264 -0.01345155
v 0.07504844 0.0264 -0.01181219
v 0.07504844 0.0214 -0.01181219
v 0.0766219 0.0264 0.00190735
v 0.07699999 0.0264 -6.56E-06
v 0.07554017 0.0264 0.00353089
v 0.07391948 0.0264 0.00461688
v 0.07200657 0.0264 0.005
v 0.07009265 0.0264 0.00462191
v 0.06846911 0.0264 0.00354017
v 0.06738312 0.0264 0.00191948
v 0.067 0.0264 6.56E-06
v 0.0673781 0.0264 -0.00190735
v 0.06845982 0.0264 -0.00353089
v 0.07008052 0.0264 -0.00461688
v 0.07199343 0.0264 -0.005
v 0.07390735 0.0264 -0.00462191
v 0.07553089 0.0264 -0.00354017
v 0.07661688 0.0264 -0.00191948
v 0.07823785 0.0214 -0.01527544
v 0.07823785 0.0264 -0.01527544
v 0.07728513 0.0214 -0.01541419
v 0.07728513 0.0264 -0.01541419
v 0.07637796 0.0214 -0.01509171
v 0.07637796 0.0264 -0.01509171
v 0.07572658 0.0214 -0.01438273
v 0.07572658 0.0264 -0.01438273
v 0.08632946 0.0214 0.00392643
v 0.08632946 0.0264 0.00392643
v 0.08726858 0.0214 0.00371435
v 0.08726858 0.0264 0.00371435
v 0.08799981 0.0214 0.00308804
v 0.08799981 0.0264 0.00308804
v 0.08835366 0.0214 0.00219265
v 0.08835366 0.0264 0.00219265
v 0.08627429 0.0214 -0.00481119
v 0.08539916 0.0214 -0.00463344
v 0.08468863 0.0214 -0.00409254
v 0.08843885 0.0214 -0.00141916
v 0.08818679 0.0214 -0.00319963
v 0.08782242 0.0214 -0.00401491
v 0.08713954 0.0214 -0.00459033
v 0.07796901 0.0214 -0.000609
v 0.07794305 0.0214 0.00082471
v 0.07903019 0.0214 -0.00291624
v 0.07824008 0.0214 -0.00202002
v 0.08014598 0.0214 -0.00334345
v 0.0779561 0.0214 -0.00085947
v 0.08133261 0.0214 -0.00320407
v 0.08254373 0.0214 -0.00301787
v 0.08372828 0.0214 -0.00333147
v 0.07794305 0.0264 0.00082471
v 0.07314564 0.0214 -0.00664723
v 0.07314564 0.0264 -0.00664723
v 0.07358576 0.0214 -0.00599627
v 0.07358576 0.0264 -0.00599627
v 0.0742427 0.0214 -0.0055651
v 0.0742427 0.0264 -0.0055651
v 0.08335748 0.0214 -0.01172503
v 0.08283172 0.0214 -0.01244684
v 0.08186503 0.0214 -0.00896834
v 0.08072694 0.0214 -0.0085142
v 0.07986538 0.0214 -0.00764288
v 0.07942407 0.0214 -0.00649976
v 0.08351667 0.0214 -0.01084634
v 0.08327757 0.0214 -0.00998595
v 0.08268783 0.0214 -0.00931539
v 0.07549913 0.0214 -0.00487402
v 0.0814129 0.0214 -0.01355165
v 0.0766703 0.0214 -0.00442137
v 0.07791381 0.0214 -0.00459516
v 0.07891599 0.0214 -0.00535155
v 0.06831425 0.0214 0.00473448
v 0.06831425 0.0264 0.00473448
v 0.06761146 0.0214 0.00438298
v 0.06761146 0.0264 0.00438298
v 0.0668275 0.0214 0.00432937
v 0.0668275 0.0264 0.00432937
v 0.07718385 0.0214 0.00431577
v 0.07718385 0.0264 0.00431577
v 0.07640003 0.0214 0.00437145
v 0.07640003 0.0264 0.00437145
v 0.07569817 0.0214 0.00472478
v 0.07569817 0.0264 0.00472478
v 0.08211 0.0214 0.01303986
v 0.08211 0.0264 0.01303986
v 0.08270652 0.0214 0.01228414
v 0.08270652 0.0264 0.01228414
v 0.08288082 0.0214 0.01133728
v 0.08288082 0.0264 0.01133728
v 0.08259252 0.0214 0.01041868
v 0.08259252 0.0264 0.01041868
v 0.06135136 0.0214 0.01236618
v 0.06135136 0.0264 0.01236618
v 0.06192428 0.0214 0.01306636
v 0.06192428 0.0264 0.01306636
v 0.07468624 0.0214 0.01063306
v 0.07501004 0.0214 0.01181486
v 0.07483429 0.0214 0.01302754
v 0.07447146 0.0214 0.00546735
v 0.07391693 0.0214 0.00967931
v 0.07471332 0.0214 0.0137152
v 0.07493606 0.0214 0.01462983
v 0.07555254 0.0214 0.01534125
v 0.07642618 0.0214 0.01569185
v 0.07736342 0.0214 0.01560396
v 0.07902963 0.0214 0.01492764
v 0.07300124 0.0214 0.00774869
v 0.07324243 0.0214 0.00881676
v 0.07318069 0.0214 0.00681531
v 0.07369558 0.0214 0.00601636
v 0.06954291 0.0214 0.00547382
v 0.07084617 0.0214 0.00866826
v 0.0701085 0.0214 0.00968431
v 0.06930182 0.0214 0.01072149
v 0.06919993 0.0214 0.01303494
v 0.06901576 0.0214 0.01200393
v 0.06500959 0.0214 0.01494605
v 0.06667757 0.0214 0.01561799
v 0.0693131 0.0214 0.01392073
v 0.06902947 0.0214 0.01476749
v 0.06840558 0.0214 0.01540639
v 0.0675658 0.0214 0.01571007
v 0.07099687 0.0214 0.00742174
v 0.07052256 0.0214 0.00625918
v 0.05550002 0.0214 2.166E-05
v 0.05550002 0.0264 2.166E-05
v 0.06823566 0.0214 -0.01437289
v 0.06823566 0.0264 -0.01437289
v 0.06758242 0.0214 -0.01508016
v 0.06758242 0.0264 -0.01508016
v 0.06667442 0.0214 -0.01540026
v 0.06667442 0.0264 -0.01540026
v 0.06572206 0.0214 -0.01525901
v 0.06572206 0.0264 -0.01525901
v 0.06232349 0.0214 -0.0133647
v 0.06113564 0.0214 -0.01241836
v 0.06211145 0.0214 -0.0089424
v 0.06325073 0.0214 -0.00849125
v 0.06411458 0.0214 -0.0076222
v 0.06455889 0.0214 -0.00648024
v 0.06126229 0.0214 -0.00930583
v 0.060667 0.0214 -0.01001206
v 0.06045253 0.0214 -0.01091048
v 0.06063075 0.0214 -0.01173841
v 0.06607415 0.0214 -0.00457961
v 0.06731811 0.0214 -0.00440909
v 0.06506998 0.0214 -0.00533337
v 0.06848808 0.0214 -0.00486481
v 0.0697427 0.0214 -0.00555919
v 0.07039849 0.0214 -0.00599208
v 0.07083691 0.0214 -0.0066442
v 0.0697427 0.0264 -0.00555919
v 0.07039849 0.0264 -0.00599208
v 0.07083691 0.0264 -0.0066442
v 0.06600001 0.0264 7.88E-06
v 0.06600001 0.0214 7.88E-06
v 0.05616709 0.0214 -0.00397335
v 0.05580486 0.0214 -0.00315712
v 0.06602941 0.0214 -0.00059333
v 0.06265901 0.0214 -0.00317955
v 0.06144838 0.0214 -0.00299018
v 0.05684846 0.0214 -0.00455056
v 0.05771313 0.0214 -0.00477369
v 0.05858872 0.0214 -0.00459824
v 0.05930067 0.0214 -0.0040592
v 0.06026302 0.0214 -0.00330066
v 0.06583583 0.0214 -0.00183391
v 0.06506357 0.0214 -0.00282393
v 0.06390742 0.0214 -0.00331365
v 0.07323227 0.0224 -0.01350163
v 0.07323227 0.0264 -0.01350163
v 0.07306398 0.0224 -0.01412641
v 0.07306398 0.0264 -0.01412641
v 0.07260586 0.0224 -0.01458334
v 0.07260586 0.0264 -0.01458334
v 0.07198063 0.0224 -0.01474999
v 0.07198063 0.0264 -0.01474999
v 0.07135586 0.0224 -0.0145817
v 0.07135586 0.0264 -0.0145817
v 0.07089892 0.0224 -0.01412357
v 0.07089892 0.0264 -0.01412357
v 0.07073227 0.0224 -0.01349835
v 0.07073227 0.0264 -0.01349835
v 0.07090057 0.0224 -0.01287357
v 0.07090057 0.0264 -0.01287357
v 0.0713587 0.0224 -0.01241664
v 0.0713587 0.0264 -0.01241664
v 0.07198392 0.0224 -0.01224999
v 0.07198392 0.0264 -0.01224999
v 0.07260869 0.0224 -0.01241828
v 0.07260869 0.0264 -0.01241828
v 0.07306562 0.0224 -0.01287641
v 0.07306562 0.0264 -0.01287641
v 0.07248114 0.0224 -0.01436667
v 0.07198096 0.0224 -0.01449999
v 0.07148114 0.0224 -0.01436536
v 0.07111559 0.0224 -0.01399885
v 0.07098228 0.0224 -0.01349868
v 0.07111691 0.0224 -0.01299885
v 0.07148341 0.0224 -0.01263331
v 0.07198359 0.0224 -0.01249999
v 0.07248341 0.0224 -0.01263462
v 0.07284895 0.0224 -0.01300113
v 0.07298227 0.0224 -0.0135013
v 0.07284764 0.0224 -0.01400113
v 0.07098228 0.02084 -0.01349868
v 0.07111691 0.02084 -0.01299885
v 0.07148341 0.02084 -0.01263331
v 0.07198359 0.02084 -0.01249999
v 0.07248341 0.02084 -0.01263462
v 0.07284895 0.02084 -0.01300113
v 0.07298227 0.02084 -0.0135013
v 0.07284764 0.02084 -0.01400113
v 0.07248114 0.02084 -0.01436667
v 0.07198096 0.02084 -0.01449999
v 0.07148114 0.02084 -0.01436536
v 0.07111559 0.02084 -0.01399885
v 0.06156753 0.0224 0.0067637
v 0.06156753 0.0264 0.0067637
v 0.06139924 0.0224 0.00613892
v 0.06139924 0.0264 0.00613892
v 0.06094111 0.0224 0.00568199
v 0.06094111 0.0264 0.00568199
v 0.06031589 0.0224 0.00551535
v 0.06031589 0.0264 0.00551535
v 0.05969111 0.0224 0.00568363
v 0.05969111 0.0264 0.00568363
v 0.05923418 0.0224 0.00614177
v 0.05923418 0.0264 0.00614177
v 0.05906753 0.0224 0.00676699
v 0.05906753 0.0264 0.00676699
v 0.05923582 0.0224 0.00739177
v 0.05923582 0.0264 0.00739177
v 0.05969395 0.0224 0.0078487
v 0.05969395 0.0264 0.0078487
v 0.06031917 0.0224 0.00801534
v 0.06031917 0.0264 0.00801534
v 0.06094395 0.0224 0.00784705
v 0.06094395 0.0264 0.00784705
v 0.06140088 0.0224 0.00738892
v 0.06140088 0.0264 0.00738892
v 0.0611829 0.0224 0.00626421
v 0.06081639 0.0224 0.00589866
v 0.06031622 0.0224 0.00576535
v 0.05981639 0.0224 0.00589998
v 0.05945085 0.0224 0.00626648
v 0.05931753 0.0224 0.00676666
v 0.05945216 0.0224 0.00726648
v 0.05981867 0.0224 0.00763203
v 0.06031884 0.0224 0.00776534
v 0.06081866 0.0224 0.00763071
v 0.06118421 0.0224 0.00726421
v 0.06131753 0.0224 0.00676403
v 0.05931753 0.02084 0.00676666
v 0.05945216 0.02084 0.00726648
v 0.05981867 0.02084 0.00763203
v 0.06031884 0.02084 0.00776534
v 0.06081866 0.02084 0.00763071
v 0.06118421 0.02084 0.00726421
v 0.06131753 0.02084 0.00676403
v 0.0611829 0.02084 0.00626421
v 0.06081639 0.02084 0.00589866
v 0.06031622 0.02084 0.00576535
v 0.05981639 0.02084 0.00589998
v 0.05945085 0.02084 0.00626648
v 0.06265901 0.0244 -0.00317955
v 0.06144838 0.0244 -0.00299018
v 0.06026302 0.0244 -0.00330066
v 0.05930067 0.0244 -0.0040592
v 0.05858872 0.0244 -0.00459824
v 0.05771313 0.0244 -0.00477369
v 0.05684846 0.0244 -0.00455056
v 0.05616709 0.0244 -0.00397335
v 0.05580486 0.0244 -0.00315712
v 0.06113564 0.0244 -0.01241836
v 0.06232349 0.0264 -0.0133647
v 0.05946299 0.0264 -0.01072723
v 0.05946299 0.0244 -0.01072723
v 0.05729963 0.0244 -0.00749327
v 0.05795804 0.0264 -0.00866449
v 0.05729963 0.0264 -0.00749327
v 0.05595369 0.0244 -0.00384264
v 0.05595369 0.0264 -0.00384264
v 0.06420542 0.0264 -0.01454285
v 0.06063075 0.0244 -0.01173841
v 0.06045253 0.0244 -0.01091048
v 0.060667 0.0244 -0.01001206
v 0.06126229 0.0244 -0.00930583
v 0.06211145 0.0244 -0.0089424
v 0.06325073 0.0244 -0.00849125
v 0.06411458 0.0244 -0.0076222
v 0.06455889 0.0244 -0.00648024
v 0.06506998 0.0244 -0.00533337
v 0.06607415 0.0244 -0.00457961
v 0.06731811 0.0244 -0.00440909
v 0.06848808 0.0244 -0.00486481
v 0.06602941 0.0244 -0.00059333
v 0.06646007 0.0244 -0.00230416
v 0.06646007 0.0264 -0.00230416
v 0.06777531 0.0264 -0.00426051
v 0.06777531 0.0244 -0.00426051
v 0.06583583 0.0244 -0.00183391
v 0.06506357 0.0244 -0.00282393
v 0.06390742 0.0244 -0.00331365
v 0.05986646 0.0244 -0.00698408
v 0.06059755 0.0244 -0.00771709
v 0.05986909 0.0244 -0.00498408
v 0.0606021 0.0244 -0.00425299
v 0.06160245 0.0244 -0.00398635
v 0.0626021 0.0244 -0.00425561
v 0.06333319 0.0244 -0.00498862
v 0.06359982 0.0244 -0.00598898
v 0.05959983 0.0244 -0.00598372
v 0.0615972 0.0244 -0.00798635
v 0.06333056 0.0244 -0.00698862
v 0.06259755 0.0244 -0.00771971
v 0.05959983 0.02084 -0.00598372
v 0.05986909 0.02084 -0.00498408
v 0.0606021 0.02084 -0.00425299
v 0.06160245 0.02084 -0.00398635
v 0.0626021 0.02084 -0.00425561
v 0.06333319 0.02084 -0.00498862
v 0.06359982 0.02084 -0.00598898
v 0.06333056 0.02084 -0.00698862
v 0.06259755 0.02084 -0.00771971
v 0.0615972 0.02084 -0.00798635
v 0.06059755 0.02084 -0.00771709
v 0.05986646 0.02084 -0.00698408
v 0.06919993 0.0244 0.01303494
v 0.06901576 0.0244 0.01200393
v 0.06930182 0.0244 0.01072149
v 0.0701085 0.0244 0.00968431
v 0.07084617 0.0244 0.00866826
v 0.07099687 0.0244 0.00742174
v 0.07052256 0.0244 0.00625918
v 0.06954291 0.0244 0.00547382
v 0.07395966 0.0244 0.00567096
v 0.07447146 0.0244 0.00546735
v 0.0747786 0.0264 0.00531784
v 0.06923538 0.0264 0.00532511
v 0.07005525 0.0244 0.00567608
v 0.07005525 0.0264 0.00567608
v 0.07200788 0.0244 0.00599999
v 0.07200788 0.0264 0.00599999
v 0.07395966 0.0264 0.00567096
v 0.07369558 0.0244 0.00601636
v 0.07318069 0.0244 0.00681531
v 0.07300124 0.0244 0.00774869
v 0.07324243 0.0244 0.00881676
v 0.07391693 0.0244 0.00967931
v 0.07468624 0.0244 0.01063306
v 0.07501004 0.0244 0.01181486
v 0.07483429 0.0244 0.01302754
v 0.07471332 0.0244 0.0137152
v 0.07493606 0.0244 0.01462983
v 0.07555254 0.0244 0.01534125
v 0.07642618 0.0244 0.01569185
v 0.07736342 0.0244 0.01560396
v 0.06667757 0.0244 0.01561799
v 0.06500959 0.0264 0.01494605
v 0.06843005 0.0264 0.01610917
v 0.06843005 0.0244 0.01610917
v 0.07202166 0.0244 0.01649999
v 0.07202166 0.0264 0.01649999
v 0.07561223 0.0244 0.01609974
v 0.07561223 0.0264 0.01609974
v 0.07902963 0.0264 0.01492764
v 0.0675658 0.0244 0.01571007
v 0.06840558 0.0244 0.01540639
v 0.06902947 0.0244 0.01476749
v 0.0693131 0.0244 0.01392073
v 0.07301348 0.0244 0.01026663
v 0.07374649 0.0244 0.01099772
v 0.07401575 0.0244 0.01199736
v 0.07374912 0.0244 0.01299771
v 0.07301803 0.0244 0.01373073
v 0.07201838 0.0244 0.01399999
v 0.07101348 0.0244 0.01026925
v 0.07201313 0.0244 0.00999999
v 0.07101803 0.0244 0.01373335
v 0.07028502 0.0244 0.01300226
v 0.07028239 0.0244 0.01100226
v 0.07001576 0.0244 0.01200262
v 0.07001576 0.02084 0.01200262
v 0.07028502 0.02084 0.01300226
v 0.07101803 0.02084 0.01373335
v 0.07201838 0.02084 0.01399999
v 0.07301803 0.02084 0.01373073
v 0.07374912 0.02084 0.01299771
v 0.07401575 0.02084 0.01199736
v 0.07374649 0.02084 0.01099772
v 0.07301348 0.02084 0.01026663
v 0.07201313 0.02084 0.00999999
v 0.07101348 0.02084 0.01026925
v 0.07028239 0.02084 0.01100226
v 0.07942407 0.0244 -0.00649976
v 0.07986538 0.0244 -0.00764288
v 0.08072694 0.0244 -0.0085142
v 0.08186503 0.0244 -0.00896834
v 0.08268783 0.0244 -0.00931539
v 0.08327757 0.0244 -0.00998595
v 0.08351667 0.0244 -0.01084634
v 0.08335748 0.0244 -0.01172503
v 0.08283172 0.0244 -0.01244684
v 0.08818679 0.0244 -0.00319963
v 0.08843885 0.0264 -0.00141916
v 0.08773593 0.0264 -0.00496292
v 0.08773593 0.0244 -0.00496292
v 0.08678692 0.0264 -0.007321
v 0.08627857 0.0244 -0.00826875
v 0.08627857 0.0264 -0.00826875
v 0.08413667 0.0244 -0.01117816
v 0.08413667 0.0264 -0.01117816
v 0.0814129 0.0264 -0.01355165
v 0.08782242 0.0244 -0.00401491
v 0.08713954 0.0244 -0.00459033
v 0.08627429 0.0244 -0.00481119
v 0.08539916 0.0244 -0.00463344
v 0.08468863 0.0244 -0.00409254
v 0.08372828 0.0244 -0.00333147
v 0.08254373 0.0244 -0.00301787
v 0.08133261 0.0244 -0.00320407
v 0.08014598 0.0244 -0.00334345
v 0.07903019 0.0244 -0.00291624
v 0.07824008 0.0244 -0.00202002
v 0.0779561 0.0244 -0.00085947
v 0.07796901 0.0244 -0.000609
v 0.07549913 0.0244 -0.00487402
v 0.07593137 0.0244 -0.00453259
v 0.07788801 0.0264 -0.00115384
v 0.07719221 0.0244 -0.00300682
v 0.07719221 0.0264 -0.00300682
v 0.07593137 0.0264 -0.00453259
v 0.07788801 0.0244 -0.00115384
v 0.0766703 0.0244 -0.00442137
v 0.07791381 0.0244 -0.00459516
v 0.07891599 0.0244 -0.00535155
v 0.08411778 0.0244 -0.00501591
v 0.08338214 0.0244 -0.007747
v 0.08411516 0.0244 -0.00701591
v 0.08438442 0.0244 -0.00601627
v 0.08338669 0.0244 -0.0042829
v 0.08238705 0.0244 -0.00401364
v 0.08138669 0.0244 -0.00428028
v 0.08065368 0.0244 -0.00501137
v 0.08038442 0.0244 -0.00601101
v 0.08238179 0.0244 -0.00801364
v 0.08138215 0.0244 -0.00774438
v 0.08065105 0.0244 -0.00701137
v 0.08038442 0.02084 -0.00601101
v 0.08065368 0.02084 -0.00501137
v 0.08138669 0.02084 -0.00428028
v 0.08238705 0.02084 -0.00401364
v 0.08338669 0.02084 -0.0042829
v 0.08411778 0.02084 -0.00501591
v 0.08438442 0.02084 -0.00601627
v 0.08411516 0.02084 -0.00701591
v 0.08338214 0.02084 -0.007747
v 0.08238179 0.02084 -0.00801364
v 0.08138215 0.02084 -0.00774438
v 0.08065105 0.02084 -0.00701137
v 0.08670934 0.0264 -0.00864432
v 0.07972756 0.0264 0.00523986
v 0.05728623 0.0264 0.00526932
v 0.05728476 0.0264 0.00414528
v 0.08672608 0.0264 0.00410663
v 0.07970086 0.0264 -0.01509346
v 0.06425953 0.0264 -0.01507318
v 0.05726802 0.0264 -0.00860566
v 0.08672755 0.0264 0.00523067
v 0.08261684 0.0264 0.00611107
v 0.08307377 0.0264 0.00565293
v 0.08369856 0.0264 0.00548464
v 0.08432377 0.0264 0.00565129
v 0.08478191 0.0264 0.00610822
v 0.08495019 0.0264 0.006733
v 0.08478355 0.0264 0.00735822
v 0.08432662 0.0264 0.00781635
v 0.08370183 0.0264 0.00798464
v 0.0824502 0.0264 0.00673629
v 0.08261848 0.0264 0.00736106
v 0.08307662 0.0264 0.00781799
v 0.06428622 0.0264 0.00526013
v 0.06428475 0.0264 0.00413609
v 0.07510519 0.0264 -0.01508742
v 0.07513042 0.0264 0.00412185
v 0.07972609 0.0264 0.00411582
v 0.08495019 0.0224 0.006733
v 0.08478191 0.0224 0.00610822
v 0.08432377 0.0224 0.00565129
v 0.08369856 0.0224 0.00548464
v 0.08307377 0.0224 0.00565293
v 0.08261684 0.0224 0.00611107
v 0.0824502 0.0224 0.00673629
v 0.08261848 0.0224 0.00736106
v 0.08307662 0.0224 0.00781799
v 0.08370183 0.0224 0.00798464
v 0.08432662 0.0224 0.00781635
v 0.08478355 0.0224 0.00735822
v 0.08319906 0.0224 0.00586928
v 0.08283351 0.0224 0.00623578
v 0.08270019 0.0224 0.00673596
v 0.08283482 0.0224 0.00723578
v 0.08320133 0.0224 0.00760132
v 0.08370151 0.0224 0.00773464
v 0.08420134 0.0224 0.00760001
v 0.08456688 0.0224 0.00723351
v 0.0847002 0.0224 0.00673333
v 0.08456556 0.0224 0.00623351
v 0.08419906 0.0224 0.00586796
v 0.08369888 0.0224 0.00573464
v 0.08270019 0.02084 0.00673596
v 0.08283482 0.02084 0.00723578
v 0.08320133 0.02084 0.00760132
v 0.08370151 0.02084 0.00773464
v 0.08420134 0.02084 0.00760001
v 0.08456688 0.02084 0.00723351
v 0.0847002 0.02084 0.00673333
v 0.08456556 0.02084 0.00623351
v 0.08419906 0.02084 0.00586796
v 0.08369888 0.02084 0.00573464
v 0.08319906 0.02084 0.00586928
v 0.08283351 0.02084 0.00623578
v 0.0741696 0.0244 0.02038487
v 0.07836044 0.0244 0.01948833
v 0.0822733 0.0244 0.01774005
v 0.08573717 0.0244 0.01521644
v 0.08860066 0.0244 0.01202781
v 0.09073862 0.0244 0.0083135
v 0.0920576 0.0244 0.00423586
v 0.09249999 0.0244 -2.692E-05
v 0.09204641 0.0244 -0.00428851
v 0.09071672 0.0244 -0.00836268
v 0.08856902 0.0244 -0.01207136
v 0.08569717 0.0244 -0.01525247
v 0.08222668 0.0244 -0.01776696
v 0.07830925 0.0244 -0.01950496
v 0.07411607 0.0244 -0.02039049
v 0.0698304 0.0244 -0.02038487
v 0.06563956 0.0244 -0.01948833
v 0.0617267 0.0244 -0.01774005
v 0.05826283 0.0244 -0.01521644
v 0.05539934 0.0244 -0.01202781
v 0.05326138 0.0244 -0.0083135
v 0.0519424 0.0244 -0.00423586
v 0.05150002 0.0244 2.692E-05
v 0.05195359 0.0244 0.00428851
v 0.05328328 0.0244 0.00836268
v 0.05543099 0.0244 0.01207136
v 0.05830284 0.0244 0.01525247
v 0.06177332 0.0244 0.01776696
v 0.06569076 0.0244 0.01950496
v 0.06988394 0.0244 0.02039049
v 0.04941633 0.0254 -0.01184536
v 0.04968296 0.0254 -0.01284571
v 0.05041405 0.0254 -0.01357872
v 0.0514137 0.0254 -0.01384798
v 0.05241405 0.0254 -0.01358135
v 0.05314706 0.0254 -0.01285026
v 0.05341632 0.0254 -0.01185061
v 0.05314969 0.0254 -0.01085026
v 0.0524186 0.0254 -0.01011725
v 0.05141895 0.0254 -0.00984799
v 0.0504186 0.0254 -0.01011462
v 0.04968559 0.0254 -0.01084571
v 0.07003119 0.0254 0.02375261
v 0.07029782 0.0254 0.02275225
v 0.07102891 0.0254 0.02201924
v 0.07202855 0.0254 0.02174998
v 0.07302891 0.0254 0.02201662
v 0.07376192 0.0254 0.02274771
v 0.07403118 0.0254 0.02374735
v 0.07376455 0.0254 0.02474771
v 0.07303346 0.0254 0.02548071
v 0.07203381 0.0254 0.02574998
v 0.07103346 0.0254 0.02548334
v 0.07030044 0.0254 0.02475225
v 0.04944751 0.0254 0.01190462
v 0.04971414 0.0254 0.01090427
v 0.05044523 0.0254 0.01017126
v 0.05144488 0.0254 0.009902
v 0.05244523 0.0254 0.01016863
v 0.05317824 0.0254 0.01089972
v 0.0534475 0.0254 0.01189937
v 0.05318087 0.0254 0.01289972
v 0.05244978 0.0254 0.01363273
v 0.05145013 0.0254 0.01390199
v 0.05044978 0.0254 0.01363536
v 0.04971677 0.0254 0.01290427
v 0.09058367 0.0254 0.01185061
v 0.09085032 0.0254 0.01085026
v 0.0915814 0.0254 0.01011725
v 0.09258105 0.0254 0.00984799
v 0.0935814 0.0254 0.01011462
v 0.09431441 0.0254 0.01084571
v 0.09458368 0.0254 0.01184536
v 0.09431704 0.0254 0.01284571
v 0.09358595 0.0254 0.01357872
v 0.0925863 0.0254 0.01384798
v 0.09158595 0.0254 0.01358135
v 0.09085294 0.0254 0.01285026
v 0.09055249 0.0254 -0.01189937
v 0.09081914 0.0254 -0.01289972
v 0.09155022 0.0254 -0.01363273
v 0.09254987 0.0254 -0.01390199
v 0.09355022 0.0254 -0.01363536
v 0.09428323 0.0254 -0.01290427
v 0.09455249 0.0254 -0.01190462
v 0.09428585 0.0254 -0.01090427
v 0.09355476 0.0254 -0.01017126
v 0.09255512 0.0254 -0.009902
v 0.09155477 0.0254 -0.01016863
v 0.09082176 0.0254 -0.01089972
v 0.06996882 0.0254 -0.02374735
v 0.07023545 0.0254 -0.02474771
v 0.07096654 0.0254 -0.02548072
v 0.07196619 0.0254 -0.02574998
v 0.07296654 0.0254 -0.02548334
v 0.07369956 0.0254 -0.02475225
v 0.07396881 0.0254 -0.02375261
v 0.07370218 0.0254 -0.02275225
v 0.07297109 0.0254 -0.02201924
v 0.07197145 0.0254 -0.02174998
v 0.07097109 0.0254 -0.02201662
v 0.07023808 0.0254 -0.02274771
v 0.0587773 0.0254 0.02080199
v 0.05894559 0.0254 0.02142677
v 0.05940372 0.0254 0.0218837
v 0.06002894 0.0254 0.02205035
v 0.06065372 0.0254 0.02188206
v 0.06111065 0.0254 0.02142393
v 0.0612773 0.0254 0.02079871
v 0.06110901 0.0254 0.02017393
v 0.06065088 0.0254 0.019717
v 0.06002566 0.0254 0.01955035
v 0.05940088 0.0254 0.01971864
v 0.05894395 0.0254 0.02017677
v 0.05872272 0.0254 -0.02076719
v 0.05889101 0.0254 -0.02014242
v 0.05934914 0.0254 -0.01968548
v 0.05997436 0.0254 -0.01951884
v 0.06059914 0.0254 -0.01968713
v 0.06105607 0.0254 -0.02014526
v 0.06122272 0.0254 -0.02077048
v 0.06105443 0.0254 -0.02139526
v 0.0605963 0.0254 -0.02185219
v 0.05997108 0.0254 -0.02201883
v 0.0593463 0.0254 -0.02185054
v 0.05888937 0.0254 -0.02139241
v 0.09474998 0.0254 -2.987E-05
v 0.09491827 0.0254 0.00059491
v 0.0953764 0.0254 0.00105184
v 0.09600162 0.0254 0.00121849
v 0.0966264 0.0254 0.0010502
v 0.09708333 0.0254 0.00059207
v 0.09724998 0.0254 -3.315E-05
v 0.09708169 0.0254 -0.00065793
v 0.09662355 0.0254 -0.00111486
v 0.09599834 0.0254 -0.00128151
v 0.09537356 0.0254 -0.00111322
v 0.09491663 0.0254 -0.00065509
v 0.04675002 0.0254 3.315E-05
v 0.04691831 0.0254 0.00065793
v 0.04737644 0.0254 0.00111486
v 0.04800166 0.0254 0.00128151
v 0.04862644 0.0254 0.00111322
v 0.04908337 0.0254 0.00065509
v 0.04925002 0.0254 2.987E-05
v 0.04908173 0.0254 -0.00059491
v 0.0486236 0.0254 -0.00105184
v 0.04799838 0.0254 -0.00121849
v 0.0473736 0.0254 -0.0010502
v 0.04691667 0.0254 -0.00059207
v 0.0827227 0.0254 -0.02079871
v 0.08289099 0.0254 -0.02017393
v 0.08334912 0.0254 -0.019717
v 0.08397434 0.0254 -0.01955035
v 0.08459912 0.0254 -0.01971864
v 0.08505605 0.0254 -0.02017677
v 0.0852227 0.0254 -0.02080199
v 0.08505441 0.0254 -0.02142677
v 0.08459628 0.0254 -0.0218837
v 0.08397106 0.0254 -0.02205035
v 0.08334628 0.0254 -0.02188206
v 0.08288935 0.0254 -0.02142393
v 0.08277728 0.0254 0.02077048
v 0.08294557 0.0254 0.02139526
v 0.0834037 0.0254 0.02185219
v 0.08402892 0.0254 0.02201883
v 0.0846537 0.0254 0.02185054
v 0.08511063 0.0254 0.02139241
v 0.08527728 0.0254 0.02076719
v 0.08510899 0.0254 0.02014242
v 0.08465086 0.0254 0.01968548
v 0.08402564 0.0254 0.01951884
v 0.08340086 0.0254 0.01968713
v 0.08294393 0.0254 0.02014526
v 0.05150002 0.0254 2.692E-05
v 0.0519424 0.0254 -0.00423586
v 0.05326138 0.0254 -0.0083135
v 0.05539934 0.0254 -0.01202781
v 0.05826283 0.0254 -0.01521644
v 0.0617267 0.0254 -0.01774005
v 0.06563956 0.0254 -0.01948833
v 0.0698304 0.0254 -0.02038487
v 0.07411607 0.0254 -0.02039049
v 0.07830925 0.0254 -0.01950496
v 0.08222668 0.0254 -0.01776696
v 0.08569717 0.0254 -0.01525247
v 0.08856902 0.0254 -0.01207136
v 0.09071672 0.0254 -0.00836268
v 0.09204641 0.0254 -0.00428851
v 0.09249999 0.0254 -2.692E-05
v 0.0920576 0.0254 0.00423586
v 0.09073862 0.0254 0.0083135
v 0.08860066 0.0254 0.01202781
v 0.08573717 0.0254 0.01521644
v 0.0822733 0.0254 0.01774005
v 0.07836044 0.0254 0.01948833
v 0.0741696 0.0254 0.02038487
v 0.06988394 0.0254 0.02039049
v 0.06569076 0.0254 0.01950496
v 0.06177332 0.0254 0.01776696
v 0.05830284 0.0254 0.01525247
v 0.05543099 0.0254 0.01207136
v 0.05328328 0.0254 0.00836268
v 0.05195359 0.0254 0.00428851
v 0.05575717 0.0254 0.02156781
v 0.0561187 0.0254 0.02114587
v 0.05207066 0.0254 0.01821597
v 0.08829941 0.0254 0.02152508
v 0.08793677 0.0254 0.02110409
v 0.08795665 0.0254 0.02178039
v 0.09352673 0.0254 -0.00559077
v 0.0793548 0.0254 -0.02597897
v 0.07834362 0.0254 -0.02390065
v 0.0840032 0.0254 -0.02418519
v 0.05993334 0.0254 -0.02415359
v 0.06559364 0.0254 -0.02388391
v 0.06457701 0.0254 -0.02595957
v 0.05045866 0.0254 -0.00553422
v 0.05047327 0.0254 0.00559077
v 0.04681047 0.0254 -0.00972046
v 0.04545324 0.0254 -0.00492639
v 0.04683608 0.0254 0.00978657
v 0.04546626 0.0254 0.00499608
v 0.04500002 0.0254 3.545E-05
v 0.04902549 0.0254 -0.01418352
v 0.05202289 0.0254 -0.01816357
v 0.05606903 0.0254 -0.0166839
v 0.05604335 0.0254 -0.02178039
v 0.05570059 0.0254 -0.02152508
v 0.05606322 0.0254 -0.02110409
v 0.06559727 0.0254 -0.02111661
v 0.08824283 0.0254 -0.02156781
v 0.0878813 0.0254 -0.02114587
v 0.09192934 0.0254 -0.01821597
v 0.08788711 0.0254 -0.01672568
v 0.09313864 0.0254 -0.01679755
v 0.09360446 0.0254 -0.01619405
v 0.09467262 0.0254 -0.01466126
v 0.09465173 0.0254 -0.00559225
v 0.09493718 0.0254 -0.0142438
v 0.09716392 0.0254 -0.00978657
v 0.09466634 0.0254 0.00553274
v 0.09718954 0.0254 0.00972046
v 0.09854677 0.0254 0.00492639
v 0.09853373 0.0254 -0.00499608
v 0.09899998 0.0254 -3.545E-05
v 0.0949745 0.0254 0.01418352
v 0.09471104 0.0254 0.01460167
v 0.08793097 0.0254 0.0166839
v 0.09364691 0.0254 0.01613726
v 0.09318268 0.0254 0.01674198
v 0.0919771 0.0254 0.01816357
v 0.07942299 0.0254 0.02595957
v 0.07452654 0.0254 0.02688153
v 0.07840273 0.0254 0.02111661
v 0.06954405 0.0254 0.02688807
v 0.0646452 0.0254 0.02597897
v 0.06565274 0.0254 0.02113335
v 0.05999681 0.0254 0.02418519
v 0.0561129 0.0254 0.01672568
v 0.04906282 0.0254 0.0142438
v 0.06947346 0.0254 -0.02688153
v 0.07445595 0.0254 -0.02688807
v 0.07834726 0.0254 -0.02113335
v 0.08406666 0.0254 0.02415359
v 0.09354134 0.0254 0.00553422
v 0.08429012 0.0249 0.02460087
v 0.07956045 0.0249 0.0264403
v 0.07457333 0.0249 0.02737934
v 0.06949858 0.0249 0.027386
v 0.064509 0.0249 0.02646006
v 0.05977453 0.0249 0.02463306
v 0.05545637 0.0249 0.02196722
v 0.0517016 0.0249 0.0185533
v 0.04863806 0.0249 0.01450757
v 0.04637008 0.0249 0.00996781
v 0.0449749 0.0249 0.0050886
v 0.04450002 0.0249 3.611E-05
v 0.09234706 0.0249 0.01849993
v 0.08860125 0.0249 0.0219237
v 0.09539996 0.0249 0.01444617
v 0.097656 0.0249 0.00990047
v 0.09903837 0.0249 0.00501762
v 0.09949998 0.0249 -3.611E-05
v 0.0990251 0.0249 -0.0050886
v 0.09762992 0.0249 -0.00996781
v 0.09536194 0.0249 -0.01450757
v 0.0922984 0.0249 -0.0185533
v 0.08854362 0.0249 -0.02196722
v 0.08422548 0.0249 -0.02463306
v 0.079491 0.0249 -0.02646006
v 0.07450143 0.0249 -0.027386
v 0.06942667 0.0249 -0.02737934
v 0.06443954 0.0249 -0.0264403
v 0.05970988 0.0249 -0.02460087
v 0.05539875 0.0249 -0.0219237
v 0.05165295 0.0249 -0.01849993
v 0.04860004 0.0249 -0.01444617
v 0.04634399 0.0249 -0.00990047
v 0.04496163 0.0249 -0.00501762
v 0.072 -0.0249 0.0275
v 0.072 -0.02515 0.02743301
v 0.07456706 -0.02515 0.02731264
v 0.072 -0.02533301 0.02725
v 0.07454994 -0.02533301 0.02713043
v 0.072 -0.0254 0.027
v 0.07452654 -0.0254 0.02688153
v 0.07699608 -0.0254 0.02653374
v 0.07704234 -0.02533301 0.02677942
v 0.07942299 -0.0254 0.02595957
v 0.07949172 -0.02533301 0.02619994
v 0.08178657 -0.0254 0.02516392
v 0.08187719 -0.02533301 0.02539692
v 0.08406666 -0.0254 0.02415359
v 0.08417839 -0.02533301 0.02437723
v 0.08624379 -0.0254 0.02293718
v 0.08637568 -0.02533301 0.02314956
v 0.08829941 -0.0254 0.02152508
v 0.08845033 -0.02533301 0.02172439
v 0.09021597 -0.0254 0.01992934
v 0.09038463 -0.02533301 0.02011387
v 0.0919771 -0.0254 0.01816357
v 0.09216208 -0.02533301 0.01833175
v 0.09356781 -0.0254 0.01624283
v 0.09376751 -0.02533301 0.01639323
v 0.0949745 -0.0254 0.01418352
v 0.09518723 -0.02533301 0.01431484
v 0.09618519 -0.0254 0.01200319
v 0.09640913 -0.02533301 0.01211433
v 0.09718954 -0.0254 0.00972046
v 0.09742277 -0.02533301 0.00981046
v 0.09797897 -0.0254 0.0073548
v 0.09821952 -0.02533301 0.0074229
v 0.09854677 -0.0254 0.00492639
v 0.09879257 -0.02533301 0.004972
v 0.09888807 -0.0254 0.00245594
v 0.09913703 -0.02533301 0.00247868
v 0.09899998 -0.0254 -3.545E-05
v 0.09924997 -0.02533301 -3.578E-05
v 0.09888153 -0.0254 -0.00252654
v 0.09913043 -0.02533301 -0.00254994
v 0.09853373 -0.0254 -0.00499608
v 0.09877942 -0.02533301 -0.00504234
v 0.09795957 -0.0254 -0.00742299
v 0.09819993 -0.02533301 -0.00749172
v 0.09716392 -0.0254 -0.00978657
v 0.09739692 -0.02533301 -0.00987719
v 0.09615359 -0.0254 -0.01206666
v 0.09637723 -0.02533301 -0.01217839
v 0.09493718 -0.0254 -0.0142438
v 0.09514956 -0.02533301 -0.01437568
v 0.09352508 -0.0254 -0.01629941
v 0.09372438 -0.02533301 -0.01645033
v 0.09192934 -0.0254 -0.01821597
v 0.09211387 -0.02533301 -0.01838463
v 0.09016357 -0.0254 -0.01997711
v 0.09033175 -0.02533301 -0.02016208
v 0.08824283 -0.0254 -0.02156781
v 0.08839323 -0.02533301 -0.02176751
v 0.08618352 -0.0254 -0.02297451
v 0.08631484 -0.02533301 -0.02318723
v 0.0840032 -0.0254 -0.02418519
v 0.08411434 -0.02533301 -0.02440913
v 0.08172046 -0.0254 -0.02518954
v 0.08181047 -0.02533301 -0.02542277
v 0.0793548 -0.0254 -0.02597897
v 0.0794229 -0.02533301 -0.02621952
v 0.07692639 -0.0254 -0.02654677
v 0.076972 -0.02533301 -0.02679257
v 0.07445595 -0.0254 -0.02688807
v 0.07447869 -0.02533301 -0.02713703
v 0.072 -0.0254 -0.027
v 0.072 -0.02533301 -0.02725
v 0.0770762 -0.02515 0.02695927
v 0.07954204 -0.02515 0.0263759
v 0.08194353 -0.02515 0.02556749
v 0.08426018 -0.02515 0.02454095
v 0.08647224 -0.02515 0.02330504
v 0.08856081 -0.02515 0.02187029
v 0.0905081 -0.02515 0.02024896
v 0.09229749 -0.02515 0.01845487
v 0.0939137 -0.02515 0.01650333
v 0.09534296 -0.02515 0.01441098
v 0.09657306 -0.02515 0.01219569
v 0.09759351 -0.02515 0.00987635
v 0.09839561 -0.02515 0.00747275
v 0.09897251 -0.02515 0.00500539
v 0.09931929 -0.02515 0.00249533
v 0.09943299 -0.02515 -3.602E-05
v 0.09931264 -0.02515 -0.00256706
v 0.09895927 -0.02515 -0.0050762
v 0.09837589 -0.02515 -0.00754204
v 0.09756749 -0.02515 -0.00994353
v 0.09654095 -0.02515 -0.01226018
v 0.09530503 -0.02515 -0.01447223
v 0.09387029 -0.02515 -0.01656081
v 0.09224895 -0.02515 -0.0185081
v 0.09045487 -0.02515 -0.02029749
v 0.08850332 -0.02515 -0.0219137
v 0.08641098 -0.02515 -0.02334296
v 0.0841957 -0.02515 -0.02457306
v 0.08187635 -0.02515 -0.02559351
v 0.07947275 -0.02515 -0.02639561
v 0.07700539 -0.02515 -0.02697251
v 0.07449533 -0.02515 -0.02731929
v 0.072 -0.02515 -0.02743301
v 0.07457333 -0.0249 0.02737934
v 0.0770886 -0.0249 0.0270251
v 0.07956045 -0.0249 0.0264403
v 0.08196781 -0.0249 0.02562992
v 0.08429012 -0.0249 0.02460087
v 0.08650757 -0.0249 0.02336194
v 0.08860125 -0.0249 0.0219237
v 0.0905533 -0.0249 0.0202984
v 0.09234706 -0.0249 0.01849993
v 0.09396721 -0.0249 0.01654362
v 0.09539996 -0.0249 0.01444617
v 0.09663306 -0.0249 0.01222547
v 0.097656 -0.0249 0.00990047
v 0.09846006 -0.0249 0.007491
v 0.09903837 -0.0249 0.00501762
v 0.099386 -0.0249 0.00250142
v 0.09949998 -0.0249 -3.611E-05
v 0.09937934 -0.0249 -0.00257333
v 0.0990251 -0.0249 -0.0050886
v 0.0984403 -0.0249 -0.00756045
v 0.09762992 -0.0249 -0.00996781
v 0.09660088 -0.0249 -0.01229012
v 0.09536194 -0.0249 -0.01450757
v 0.0939237 -0.0249 -0.01660125
v 0.0922984 -0.0249 -0.0185533
v 0.09049993 -0.0249 -0.02034705
v 0.08854362 -0.0249 -0.02196722
v 0.08644617 -0.0249 -0.02339996
v 0.08422548 -0.0249 -0.02463306
v 0.08190047 -0.0249 -0.02565601
v 0.079491 -0.0249 -0.02646006
v 0.07701761 -0.0249 -0.02703837
v 0.07450143 -0.0249 -0.027386
v 0.072 -0.0249 -0.0275
v 0.06949858 -0.0126 0.027386
v 0.06475 -0.0126 0.02652711
v 0.06476064 -0.0126 0.03480351
v 0.07457333 -0.0126 0.02737934
v 0.07904545 -0.0126 0.03478514
v 0.07903491 -0.0126 0.02658496
v 0.06476064 -0.01915 0.03480351
v 0.06475 -0.01915 0.02652711
v 0.07904545 -0.01915 0.03478514
v 0.06466927 -0.0126 -0.03478437
v 0.06466927 -0.01915 -0.03478437
v 0.06468037 -0.0126 -0.02650798
v 0.06468037 -0.01915 -0.02650798
v 0.07457333 -0.0234 0.02737934
v 0.07632957 -0.0234 0.02715704
v 0.07632957 -0.0234 0.02665061
v 0.072 -0.0234 0.0275
v 0.072 -0.0234 0.027
v 0.06949858 -0.0234 0.027386
v 0.06767043 -0.0234 0.02665061
v 0.06767043 -0.0234 0.02715704
v 0.07632957 -0.01915 0.02715704
v 0.07903491 -0.01915 0.02658496
v 0.06767043 -0.01915 0.02715704
v 0.06767043 -0.01915 0.02665061
v 0.072 -0.01915 0.027
v 0.06475 -0.01915 0.02652711
v 0.07632957 -0.01915 0.02665061
v 0.07925 -0.0146 0.02600841
v 0.07925 -0.01915 0.02600841
v 0.07925 -0.01435005 0.0262678
v 0.07925 -0.01915 0.02652711
v 0.07925 -0.0141 0.02652711
v 0.07903425 -0.01915 0.02606759
v 0.07925 -0.01915 0.02652711
v 0.07903491 -0.0141 0.02658496
v 0.07903425 -0.0146 0.02606759
v 0.07925 -0.0141 0.02652711
v 0.07925 -0.0146 0.02600841
v 0.07896508 -0.01915 -0.02660334
v 0.07925 -0.01915 -0.02652711
v 0.07632957 -0.0234 -0.02715704
v 0.07632957 -0.01915 -0.02715704
v 0.07896508 -0.0126 -0.02660334
v 0.07925 -0.0141 -0.02652711
v 0.07896508 -0.0141 -0.02660334
v 0.064509 -0.0249 0.02646006
v 0.06698239 -0.0249 0.02703837
v 0.06949858 -0.0249 0.027386
v 0.072 -0.0249 0.0275
v 0.06942667 -0.0126 -0.02737934
v 0.06767043 -0.01915 -0.02715704
v 0.06767043 -0.0234 -0.02715704
v 0.06443954 -0.0249 -0.0264403
v 0.07450143 -0.0234 -0.027386
v 0.072 -0.0234 -0.0275
v 0.072 -0.0249 -0.0275
v 0.06942667 -0.0234 -0.02737934
v 0.06942667 -0.0249 -0.02737934
v 0.0669114 -0.0249 -0.0270251
v 0.07450143 -0.0126 -0.027386
v 0.0984403 -0.0249 -0.00756045
v 0.09536195 0.0249 -0.01450757
v 0.09536195 -0.0249 -0.01450757
v 0.08644617 -0.0249 -0.02339996
v 0.08422548 0.0249 -0.02463306
v 0.08190047 -0.0249 -0.02565601
v 0.08422548 -0.0249 -0.02463306
v 0.06203219 -0.0249 -0.02562992
v 0.05970988 0.0249 -0.02460088
v 0.05970988 -0.0249 -0.02460088
v 0.05749243 -0.0249 -0.02336194
v 0.05539875 -0.0249 -0.0219237
v 0.0534467 -0.0249 -0.0202984
v 0.05165295 -0.0249 -0.01849993
v 0.05003278 -0.0249 -0.01654362
v 0.04860004 0.0249 -0.01444617
v 0.04860004 -0.0249 -0.01444617
v 0.04736694 -0.0249 -0.01222547
v 0.04634399 0.0249 -0.00990047
v 0.04634399 -0.0249 -0.00990047
v 0.04553993 -0.0249 -0.007491
v 0.04496163 -0.0249 -0.00501762
v 0.044614 -0.0249 -0.00250142
v 0.04450002 -0.0249 3.611E-05
v 0.04462066 -0.0249 0.00257333
v 0.0449749 -0.0249 0.0050886
v 0.0455597 -0.0249 0.00756045
v 0.04637008 0.0249 0.00996781
v 0.04637008 -0.0249 0.00996781
v 0.04739912 -0.0249 0.01229012
v 0.04863806 0.0249 0.01450757
v 0.04863806 -0.0249 0.01450757
v 0.0500763 -0.0249 0.01660125
v 0.0517016 -0.0249 0.0185533
v 0.05350007 -0.0249 0.02034705
v 0.05545637 -0.0249 0.02196722
v 0.05755383 -0.0249 0.02339996
v 0.05977453 0.0249 0.02463306
v 0.06209953 -0.0249 0.02565601
v 0.05977453 -0.0249 0.02463306
v 0.08196781 -0.0249 0.02562992
v 0.08429012 0.0249 0.02460088
v 0.08429012 -0.0249 0.02460088
v 0.08650757 -0.0249 0.02336194
v 0.09539996 0.0249 0.01444617
v 0.09539996 -0.0249 0.01444617
v 0.09765601 0.0249 0.00990047
v 0.09765601 -0.0249 0.00990047
v 0.09846006 -0.0249 0.007491
v 0.07895409 -0.0126 -0.03480352
v 0.07895409 -0.01915 -0.03480352
v 0.07925 -0.01915 -0.02600841
v 0.07925 -0.0146 -0.02600841
v 0.07925 -0.01915 -0.02652711
v 0.07925 -0.01435005 -0.02626781
v 0.07896577 -0.0146 -0.02608597
v 0.07896577 -0.01915 -0.02608597
v 0.07632957 -0.01915 -0.02665061
v 0.072 -0.01915 -0.027
v 0.06767043 -0.01915 -0.02665061
v 0.06767043 -0.0234 -0.02665061
v 0.072 -0.0234 -0.027
v 0.07632957 -0.0234 -0.02665061
v 0.06943294 -0.02515 -0.02731264
v 0.06945007 -0.02533301 -0.02713043
v 0.06947346 -0.0254 -0.02688153
v 0.06700392 -0.0254 -0.02653374
v 0.06695766 -0.02533301 -0.02677942
v 0.06457701 -0.0254 -0.02595957
v 0.06450827 -0.02533301 -0.02619994
v 0.06221343 -0.0254 -0.02516392
v 0.06212281 -0.02533301 -0.02539692
v 0.05993334 -0.0254 -0.02415359
v 0.05982161 -0.02533301 -0.02437723
v 0.0577562 -0.0254 -0.02293718
v 0.05762432 -0.02533301 -0.02314956
v 0.05570059 -0.0254 -0.02152508
v 0.05554967 -0.02533301 -0.02172439
v 0.05378404 -0.0254 -0.01992934
v 0.05361537 -0.02533301 -0.02011387
v 0.05202289 -0.0254 -0.01816357
v 0.05183792 -0.02533301 -0.01833175
v 0.05043219 -0.0254 -0.01624283
v 0.05023249 -0.02533301 -0.01639323
v 0.04902549 -0.0254 -0.01418352
v 0.04881277 -0.02533301 -0.01431484
v 0.04781481 -0.0254 -0.01200319
v 0.04759087 -0.02533301 -0.01211433
v 0.04681047 -0.0254 -0.00972046
v 0.04657723 -0.02533301 -0.00981046
v 0.04602103 -0.0254 -0.0073548
v 0.04578048 -0.02533301 -0.0074229
v 0.04545324 -0.0254 -0.00492639
v 0.04520743 -0.02533301 -0.004972
v 0.04511193 -0.0254 -0.00245594
v 0.04486297 -0.02533301 -0.00247868
v 0.04500002 -0.0254 3.545E-05
v 0.04475002 -0.02533301 3.578E-05
v 0.04511847 -0.0254 0.00252654
v 0.04486957 -0.02533301 0.00254994
v 0.04546626 -0.0254 0.00499608
v 0.04522058 -0.02533301 0.00504234
v 0.04604043 -0.0254 0.00742299
v 0.04580006 -0.02533301 0.00749172
v 0.04683608 -0.0254 0.00978657
v 0.04660308 -0.02533301 0.00987719
v 0.04784641 -0.0254 0.01206666
v 0.04762277 -0.02533301 0.01217839
v 0.04906282 -0.0254 0.0142438
v 0.04885044 -0.02533301 0.01437568
v 0.05047492 -0.0254 0.01629941
v 0.05027561 -0.02533301 0.01645033
v 0.05207066 -0.0254 0.01821597
v 0.05188613 -0.02533301 0.01838463
v 0.05383643 -0.0254 0.01997711
v 0.05366825 -0.02533301 0.02016208
v 0.05575717 -0.0254 0.02156781
v 0.05560677 -0.02533301 0.02176751
v 0.05781648 -0.0254 0.02297451
v 0.05768516 -0.02533301 0.02318723
v 0.05999681 -0.0254 0.02418519
v 0.05988567 -0.02533301 0.02440913
v 0.06227954 -0.0254 0.02518954
v 0.06218953 -0.02533301 0.02542277
v 0.0646452 -0.0254 0.02597897
v 0.0645771 -0.02533301 0.02621952
v 0.06707361 -0.0254 0.02654677
v 0.067028 -0.02533301 0.02679257
v 0.06954405 -0.0254 0.02688807
v 0.06952132 -0.02533301 0.02713703
v 0.0669238 -0.02515 -0.02695927
v 0.06445796 -0.02515 -0.0263759
v 0.06205647 -0.02515 -0.02556749
v 0.05973982 -0.02515 -0.02454095
v 0.05752777 -0.02515 -0.02330504
v 0.05543919 -0.02515 -0.02187029
v 0.0534919 -0.02515 -0.02024896
v 0.05170251 -0.02515 -0.01845487
v 0.0500863 -0.02515 -0.01650333
v 0.04865704 -0.02515 -0.01441098
v 0.04742694 -0.02515 -0.01219569
v 0.04640649 -0.02515 -0.00987635
v 0.04560439 -0.02515 -0.00747275
v 0.04502749 -0.02515 -0.00500539
v 0.04468071 -0.02515 -0.00249533
v 0.04456701 -0.02515 3.602E-05
v 0.04468736 -0.02515 0.00256706
v 0.04504073 -0.02515 0.0050762
v 0.0456241 -0.02515 0.00754204
v 0.04643251 -0.02515 0.00994353
v 0.04745905 -0.02515 0.01226018
v 0.04869496 -0.02515 0.01447223
v 0.05012971 -0.02515 0.01656081
v 0.05175104 -0.02515 0.0185081
v 0.05354513 -0.02515 0.02029749
v 0.05549667 -0.02515 0.0219137
v 0.05758902 -0.02515 0.02334296
v 0.05980431 -0.02515 0.02457306
v 0.06212365 -0.02515 0.02559351
v 0.06452725 -0.02515 0.02639561
v 0.06699461 -0.02515 0.02697251
v 0.06950467 -0.02515 0.02731929
v 0.06203219 -0.0249 -0.02562992
v 0.05970988 -0.0249 -0.02460087
v 0.05749243 -0.0249 -0.02336194
v 0.04860004 -0.0249 -0.01444617
v 0.04634399 -0.0249 -0.00990047
v 0.04553993 -0.0249 -0.007491
v 0.0455597 -0.0249 0.00756045
v 0.04637008 -0.0249 0.00996781
v 0.04739913 -0.0249 0.01229012
v 0.04863806 -0.0249 0.01450757
v 0.05755383 -0.0249 0.02339996
v 0.05977453 -0.0249 0.02463306
v 0.06209953 -0.0249 0.02565601
v 0.06 -0.0249 -0.02298461
v 0.06 -0.0254 -0.02348461
v 0.0611 -0.0249 -0.02268987
v 0.06135 -0.0254 -0.02312288
v 0.06190525 -0.0249 -0.02188461
v 0.06233827 -0.0254 -0.02213461
v 0.0622 -0.0249 -0.02078461
v 0.0627 -0.0254 -0.02078461
v 0.06190526 -0.0249 -0.01968461
v 0.06233827 -0.0254 -0.01943461
v 0.0611 -0.0249 -0.01887935
v 0.06135 -0.0254 -0.01844634
v 0.06 -0.0249 -0.01858461
v 0.06 -0.0254 -0.01808461
v 0.0589 -0.0249 -0.01887935
v 0.05865 -0.0254 -0.01844634
v 0.05809474 -0.0249 -0.01968461
v 0.05766173 -0.0254 -0.01943461
v 0.0578 -0.0249 -0.02078461
v 0.0573 -0.0254 -0.02078461
v 0.05809474 -0.0249 -0.02188461
v 0.05766173 -0.0254 -0.02213461
v 0.0589 -0.0249 -0.02268987
v 0.05865 -0.0254 -0.02312288
v 0.06 -0.0249 0.01858461
v 0.06 -0.0254 0.01808461
v 0.0611 -0.0249 0.01887935
v 0.06135 -0.0254 0.01844634
v 0.06190526 -0.0249 0.01968461
v 0.06233827 -0.0254 0.01943461
v 0.0622 -0.0249 0.02078461
v 0.0627 -0.0254 0.02078461
v 0.06190526 -0.0249 0.02188461
v 0.06233827 -0.0254 0.02213461
v 0.0611 -0.0249 0.02268987
v 0.06135 -0.0254 0.02312288
v 0.06 -0.0249 0.02298461
v 0.06 -0.0254 0.02348461
v 0.0589 -0.0249 0.02268987
v 0.05865 -0.0254 0.02312288
v 0.05809474 -0.0249 0.02188461
v 0.05766173 -0.0254 0.02213461
v 0.0578 -0.0249 0.02078461
v 0.0573 -0.0254 0.02078461
v 0.05809474 -0.0249 0.01968461
v 0.05766173 -0.0254 0.01943461
v 0.0589 -0.0249 0.01887935
v 0.05865 -0.0254 0.01844634
v 0.09465 -0.0254 -0.00233827
v 0.09366173 -0.0254 -0.00135
v 0.0933 -0.0254 -0
v 0.09735 -0.0254 -0.00233827
v 0.096 -0.0254 -0.0027
v 0.09366173 -0.0254 0.00135
v 0.09465 -0.0254 0.00233827
v 0.096 -0.0254 0.0027
v 0.09735 -0.0254 0.00233827
v 0.09833827 -0.0254 0.00135
v 0.0987 -0.0254 0
v 0.09833827 -0.0254 -0.00135
v 0.06219203 -0.0249 -0.02078749
v 0.0618998 -0.0249 -0.01969108
v 0.06109851 -0.0249 -0.01888769
v 0.06000288 -0.0249 -0.01859258
v 0.05890648 -0.0249 -0.01888481
v 0.05810308 -0.0249 -0.0196861
v 0.05780797 -0.0249 -0.02078173
v 0.0581002 -0.0249 -0.02187813
v 0.05890149 -0.0249 -0.02268153
v 0.05999712 -0.0249 -0.02297664
v 0.06109352 -0.0249 -0.02268441
v 0.06189692 -0.0249 -0.02188312
v 0.05810164 -0.02489204 -0.01968859
v 0.05780796 -0.02489204 -0.02078461
v 0.05810164 -0.02489204 -0.02188063
v 0.05890398 -0.02489204 -0.02268297
v 0.06 -0.02489204 -0.02297665
v 0.06109602 -0.02489204 -0.02268297
v 0.06189836 -0.02489204 -0.02188063
v 0.06219204 -0.02489204 -0.02078461
v 0.06189836 -0.02489204 -0.01968859
v 0.06109602 -0.02489204 -0.01888625
v 0.06 -0.02489204 -0.01859257
v 0.05890398 -0.02489204 -0.01888625
v 0.06099521 -0.0249 0.02250315
v 0.06000261 -0.0249 0.02277052
v 0.05900931 -0.0249 0.02250576
v 0.05828146 -0.0249 0.02177982
v 0.05801409 -0.0249 0.02078722
v 0.05827885 -0.0249 0.01979391
v 0.05900479 -0.0249 0.01906607
v 0.05999739 -0.0249 0.0187987
v 0.06099069 -0.0249 0.01906346
v 0.06171854 -0.0249 0.0197894
v 0.06198591 -0.0249 0.020782
v 0.06172115 -0.0249 0.02177531
v 0.05828015 -0.02468591 0.02177756
v 0.05801409 -0.02468591 0.02078461
v 0.05828015 -0.02468591 0.01979166
v 0.05900704 -0.02468591 0.01906476
v 0.06 -0.02468591 0.0187987
v 0.06099295 -0.02468591 0.01906476
v 0.06171985 -0.02468591 0.01979166
v 0.06198591 -0.02468591 0.02078461
v 0.06171985 -0.02468591 0.02177756
v 0.06099296 -0.02468591 0.02250446
v 0.06 -0.02468591 0.02277052
v 0.05900704 -0.02468591 0.02250446
v 0.06 -0.0234 0.02223461
v 0.06 -0.02415 0.02223461
v 0.059275 -0.0234 0.02204035
v 0.059275 -0.02415 0.02204035
v 0.05874426 -0.0234 0.02150961
v 0.05874426 -0.02415 0.02150961
v 0.05855 -0.0234 0.02078461
v 0.05855 -0.02415 0.02078461
v 0.05874426 -0.0234 0.02005961
v 0.05874426 -0.02415 0.02005961
v 0.059275 -0.0234 0.01952887
v 0.059275 -0.02415 0.01952887
v 0.06 -0.0234 0.01933461
v 0.06 -0.02415 0.01933461
v 0.05801409 -0.0234 0.02078722
v 0.05828146 -0.0234 0.02177982
v 0.05900931 -0.0234 0.02250576
v 0.06000261 -0.0234 0.02277052
v 0.060725 -0.0234 0.02204035
v 0.06099521 -0.0234 0.02250315
v 0.06125574 -0.0234 0.02150961
v 0.06172115 -0.0234 0.02177531
v 0.06145 -0.0234 0.02078461
v 0.06198591 -0.0234 0.020782
v 0.06125574 -0.0234 0.02005961
v 0.06171854 -0.0234 0.0197894
v 0.060725 -0.0234 0.01952887
v 0.06099069 -0.0234 0.01906346
v 0.05999739 -0.0234 0.0187987
v 0.05900479 -0.0234 0.01906607
v 0.05827885 -0.0234 0.01979391
v 0.060725 -0.02415 0.01952887
v 0.06125574 -0.02415 0.02005961
v 0.06145 -0.02415 0.02078461
v 0.06125574 -0.02415 0.02150961
v 0.060725 -0.02415 0.02204035
v 0.06 -0.0234 -0.01933461
v 0.06 -0.02415 -0.01933461
v 0.059275 -0.0234 -0.01952887
v 0.059275 -0.02415 -0.01952887
v 0.05874426 -0.0234 -0.02005961
v 0.05874426 -0.02415 -0.02005961
v 0.05855 -0.0234 -0.02078461
v 0.05855 -0.02415 -0.02078461
v 0.05874426 -0.0234 -0.02150961
v 0.05874426 -0.02415 -0.02150961
v 0.059275 -0.0234 -0.02204035
v 0.059275 -0.02415 -0.02204035
v 0.06 -0.0234 -0.02223461
v 0.06 -0.02415 -0.02223461
v 0.06000288 -0.0234 -0.01859258
v 0.060725 -0.0234 -0.01952887
v 0.06109851 -0.0234 -0.01888769
v 0.06125574 -0.0234 -0.02005961
v 0.0618998 -0.0234 -0.01969108
v 0.06145 -0.0234 -0.02078461
v 0.06219203 -0.0234 -0.02078749
v 0.06125574 -0.0234 -0.02150961
v 0.06189692 -0.0234 -0.02188312
v 0.060725 -0.0234 -0.02204035
v 0.06109352 -0.0234 -0.02268441
v 0.05999712 -0.0234 -0.02297664
v 0.05890149 -0.0234 -0.02268153
v 0.0581002 -0.0234 -0.02187813
v 0.05780797 -0.0234 -0.02078173
v 0.05810308 -0.0234 -0.0196861
v 0.05890648 -0.0234 -0.01888481
v 0.060725 -0.02415 -0.02204035
v 0.06125574 -0.02415 -0.02150961
v 0.06145 -0.02415 -0.02078461
v 0.06125574 -0.02415 -0.02005961
v 0.060725 -0.02415 -0.01952887
v 0.07896577 -0.0146 -0.02608597
v 0.07925 -0.0146 -0.02600841
v 0.06042822 -0.01915 0.0227238
v 0.06099521 -0.01915 0.02250315
v 0.06172115 -0.01915 0.02177531
v 0.06198591 -0.01915 0.020782
v 0.06171854 -0.01915 0.0197894
v 0.06099069 -0.01915 0.01906346
v 0.05999739 -0.01915 0.0187987
v 0.05900479 -0.01915 0.01906607
v 0.05827885 -0.01915 0.01979391
v 0.05801409 -0.01915 0.02078722
v 0.06042822 -0.01763577 0.0227238
v 0.06000261 -0.0146 0.02277052
v 0.06099521 -0.01763577 0.02250315
v 0.06099521 -0.0146 0.02250315
v 0.06172115 -0.01763577 0.02177531
v 0.06172115 -0.0146 0.02177531
v 0.06198591 -0.01763577 0.020782
v 0.06198591 -0.0146 0.020782
v 0.06171854 -0.01763577 0.0197894
v 0.06171854 -0.0146 0.0197894
v 0.06099069 -0.01763577 0.01906346
v 0.06099069 -0.0146 0.01906346
v 0.05999739 -0.01763577 0.0187987
v 0.05999739 -0.0146 0.0187987
v 0.05900479 -0.01763577 0.01906607
v 0.05900479 -0.0146 0.01906607
v 0.05827885 -0.01763577 0.01979391
v 0.05827885 -0.0146 0.01979391
v 0.05801409 -0.01763577 0.02078722
v 0.05801409 -0.0146 0.02078722
v 0.05810658 -0.01763577 0.02138359
v 0.05828146 -0.0146 0.02177982
v 0.05810658 -0.01915 0.02138359
v 0.05900931 -0.0146 0.02250576
v 0.05924978 -0.01763577 0.02208422
v 0.05924978 -0.01915 0.02208422
v 0.0587773 -0.0106 0.02080199
v 0.05894395 -0.0106 0.02017677
v 0.05940088 -0.0106 0.01971864
v 0.0612773 -0.0106 0.02079871
v 0.06111065 -0.0106 0.02142393
v 0.06065372 -0.0106 0.02188206
v 0.06065088 -0.0106 0.019717
v 0.06110901 -0.0106 0.02017393
v 0.06002894 -0.0106 0.02205035
v 0.05940372 -0.0106 0.0218837
v 0.06002566 -0.0106 0.01955035
v 0.05894559 -0.0106 0.02142677
v 0.0612773 -0.0146 0.02079871
v 0.06111065 -0.0146 0.02142393
v 0.06065372 -0.0146 0.02188206
v 0.06002894 -0.0146 0.02205035
v 0.05940372 -0.0146 0.0218837
v 0.05894559 -0.0146 0.02142677
v 0.0587773 -0.0146 0.02080199
v 0.05894395 -0.0146 0.02017677
v 0.05940088 -0.0146 0.01971864
v 0.06002566 -0.0146 0.01955035
v 0.06065088 -0.0146 0.019717
v 0.06110901 -0.0146 0.02017393
v 0.05784157 -0.01915 -0.02116699
v 0.05780797 -0.01915 -0.02078173
v 0.05810308 -0.01915 -0.0196861
v 0.05890648 -0.01915 -0.01888481
v 0.06000288 -0.01915 -0.01859258
v 0.06109851 -0.01915 -0.01888769
v 0.0618998 -0.01915 -0.01969108
v 0.06219203 -0.01915 -0.02078749
v 0.06189692 -0.01915 -0.02188312
v 0.06109352 -0.01915 -0.02268441
v 0.05784157 -0.01763577 -0.02116699
v 0.0581002 -0.0146 -0.02187813
v 0.05780797 -0.01763577 -0.02078173
v 0.05780797 -0.0146 -0.02078173
v 0.05810308 -0.01763577 -0.0196861
v 0.05810308 -0.0146 -0.0196861
v 0.05890648 -0.01763577 -0.01888481
v 0.05890648 -0.0146 -0.01888481
v 0.06000288 -0.01763577 -0.01859258
v 0.06000288 -0.0146 -0.01859258
v 0.06109851 -0.01763577 -0.01888769
v 0.06109851 -0.0146 -0.01888769
v 0.0618998 -0.01763577 -0.01969108
v 0.0618998 -0.0146 -0.01969108
v 0.06219203 -0.01763577 -0.02078749
v 0.06219203 -0.0146 -0.02078749
v 0.06189692 -0.01763577 -0.02188312
v 0.06189692 -0.0146 -0.02188312
v 0.06109352 -0.01763577 -0.02268441
v 0.06109352 -0.0146 -0.02268441
v 0.06074606 -0.01763577 -0.02284578
v 0.05999712 -0.0146 -0.02297664
v 0.06074606 -0.01915 -0.02284578
v 0.05890149 -0.0146 -0.02268153
v 0.05926626 -0.01763577 -0.02205407
v 0.05926626 -0.01915 -0.02205407
v 0.0593463 -0.0106 -0.02185054
v 0.06059914 -0.0106 -0.01968713
v 0.05997436 -0.0106 -0.01951884
v 0.05997108 -0.0106 -0.02201883
v 0.0605963 -0.0106 -0.02185219
v 0.06105443 -0.0106 -0.02139525
v 0.05872272 -0.0106 -0.02076719
v 0.05888937 -0.0106 -0.02139241
v 0.05889101 -0.0106 -0.02014241
v 0.05934914 -0.0106 -0.01968548
v 0.06122272 -0.0106 -0.02077048
v 0.06105607 -0.0106 -0.02014526
v 0.06122272 -0.0146 -0.02077048
v 0.06105607 -0.0146 -0.02014526
v 0.06059914 -0.0146 -0.01968713
v 0.05997436 -0.0146 -0.01951884
v 0.05934914 -0.0146 -0.01968548
v 0.05889101 -0.0146 -0.02014241
v 0.05872272 -0.0146 -0.02076719
v 0.05888937 -0.0146 -0.02139241
v 0.0593463 -0.0146 -0.02185054
v 0.05997108 -0.0146 -0.02201883
v 0.0605963 -0.0146 -0.02185219
v 0.06105443 -0.0146 -0.02139525
v 0.07959668 -0.0304 -0.00650311
v 0.08079053 -0.0304 -0.00888688
v 0.07831343 -0.0304 -0.00775504
v 0.07925114 -0.0304 -0.01018189
v 0.07682725 -0.0304 -0.00875772
v 0.07752395 -0.0304 -0.01121321
v 0.07518592 -0.0304 -0.00947892
v 0.07565369 -0.0304 -0.0119541
v 0.0734422 -0.0304 -0.00989546
v 0.07368881 -0.0304 -0.01238539
v 0.07254937 -0.0304 -0.0099849
v 0.07268672 -0.0304 -0.01248112
v 0.07165212 -0.0304 -0.00999395
v 0.07168018 -0.0304 -0.01249591
v 0.06987323 -0.0304 -0.00977122
v 0.06967983 -0.0304 -0.01228279
v 0.06816269 -0.0304 -0.00923445
v 0.06773958 -0.0304 -0.01175155
v 0.06657548 -0.0304 -0.00840087
v 0.07815573 -0.0304 0.0078808
v 0.08052571 -0.0304 0.00914124
v 0.07946398 -0.0304 0.006655
v 0.08188166 -0.0304 0.00765524
v 0.08053233 -0.0304 0.00521531
v 0.08298168 -0.0304 0.00597098
v 0.08132644 -0.0304 0.00360799
v 0.08379729 -0.0304 0.00413207
v 0.08182079 -0.0304 0.00188471
v 0.08430734 -0.0304 0.00218614
v 0.08199949 -0.0304 0.00010085
v 0.08449865 -0.0304 0.0001836
v 0.0818568 -0.0304 -0.00168625
v 0.08436625 -0.0304 -0.00182371
v 0.08139731 -0.0304 -0.00341915
v 0.08391356 -0.0304 -0.00378377
v 0.08063578 -0.0304 -0.00504216
v 0.08315233 -0.0304 -0.00564585
v 0.08210225 -0.0304 -0.00736169
v 0.06385096 -0.0304 0.00579596
v 0.06252288 -0.0304 0.00815072
v 0.06501683 -0.0304 0.00715789
v 0.06395307 -0.0304 0.0095654
v 0.06640714 -0.0304 0.00828975
v 0.06559168 -0.0304 0.01073235
v 0.06797721 -0.0304 0.00915517
v 0.06739625 -0.0304 0.01162134
v 0.06967659 -0.0304 0.00972634
v 0.06932006 -0.0304 0.01220934
v 0.07145063 -0.0304 0.0099849
v 0.07131328 -0.0304 0.01248112
v 0.07324233 -0.0304 0.00992253
v 0.07332429 -0.0304 0.01242965
v 0.0749941 -0.0304 0.00954125
v 0.07530099 -0.0304 0.01205626
v 0.07664964 -0.0304 0.0088533
v 0.07719221 -0.0304 0.01137062
v 0.07894894 -0.0304 0.01039048
v 0.06590968 -0.0304 -0.01091595
v 0.0642375 -0.0304 -0.00979763
v 0.06516262 -0.0304 -0.00729727
v 0.06276637 -0.0304 -0.00842556
v 0.06396952 -0.0304 -0.00595914
v 0.06153439 -0.0304 -0.00683528
v 0.06303453 -0.0304 -0.00442948
v 0.06057346 -0.0304 -0.00506796
v 0.06238769 -0.0304 -0.00275745
v 0.05990847 -0.0304 -0.00316939
v 0.0620498 -0.0304 -0.00099679
v 0.05955665 -0.0304 -0.00118873
v 0.06203172 -0.0304 0.0007959
v 0.0595271 -0.0304 0.00082272
v 0.06233403 -0.0304 0.00256302
v 0.0598206 -0.0304 0.00281286
v 0.06294701 -0.0304 0.00424775
v 0.06042954 -0.0304 0.00473015
v 0.06133814 -0.0304 0.00652493
v 0.07831343 -0.0344 -0.00775504
v 0.08079053 -0.0344 -0.00888688
v 0.07959668 -0.0344 -0.00650311
v 0.08210225 -0.0344 -0.00736169
v 0.08063578 -0.0344 -0.00504216
v 0.08315233 -0.0344 -0.00564585
v 0.08139731 -0.0344 -0.00341915
v 0.08391356 -0.0344 -0.00378377
v 0.0818568 -0.0344 -0.00168625
v 0.08436625 -0.0344 -0.00182371
v 0.08199949 -0.0344 0.00010085
v 0.08449865 -0.0344 0.0001836
v 0.08182079 -0.0344 0.00188471
v 0.08430734 -0.0344 0.00218614
v 0.08132644 -0.0344 0.00360799
v 0.08379729 -0.0344 0.00413207
v 0.08053233 -0.0344 0.00521531
v 0.08298168 -0.0344 0.00597098
v 0.07946398 -0.0344 0.006655
v 0.08188166 -0.0344 0.00765524
v 0.08052571 -0.0344 0.00914124
v 0.07815573 -0.0344 0.0078808
v 0.07894894 -0.0344 0.01039048
v 0.07664964 -0.0344 0.0088533
v 0.07719221 -0.0344 0.01137062
v 0.0749941 -0.0344 0.00954125
v 0.07530099 -0.0344 0.01205626
v 0.07324233 -0.0344 0.00992253
v 0.07332429 -0.0344 0.01242965
v 0.07145063 -0.0344 0.0099849
v 0.07131328 -0.0344 0.01248112
v 0.06967659 -0.0344 0.00972634
v 0.06932006 -0.0344 0.01220934
v 0.06797721 -0.0344 0.00915517
v 0.06739625 -0.0344 0.01162134
v 0.06640714 -0.0344 0.00828975
v 0.06559168 -0.0344 0.01073235
v 0.06501683 -0.0344 0.00715789
v 0.06395307 -0.0344 0.0095654
v 0.06252288 -0.0344 0.00815072
v 0.06385096 -0.0344 0.00579596
v 0.06133814 -0.0344 0.00652493
v 0.06294701 -0.0344 0.00424775
v 0.06042954 -0.0344 0.00473015
v 0.06233403 -0.0344 0.00256302
v 0.0598206 -0.0344 0.00281286
v 0.06203172 -0.0344 0.0007959
v 0.0595271 -0.0344 0.00082272
v 0.0620498 -0.0344 -0.00099679
v 0.05955665 -0.0344 -0.00118873
v 0.06238769 -0.0344 -0.00275745
v 0.05990847 -0.0344 -0.00316939
v 0.06303453 -0.0344 -0.00442948
v 0.06057346 -0.0344 -0.00506796
v 0.06396952 -0.0344 -0.00595914
v 0.06153439 -0.0344 -0.00683528
v 0.06516262 -0.0344 -0.00729727
v 0.06276637 -0.0344 -0.00842556
v 0.0642375 -0.0344 -0.00979763
v 0.06657548 -0.0344 -0.00840087
v 0.06590968 -0.0344 -0.01091595
v 0.06816269 -0.0344 -0.00923445
v 0.06773958 -0.0344 -0.01175155
v 0.06987323 -0.0344 -0.00977122
v 0.06967983 -0.0344 -0.01228279
v 0.07165212 -0.0344 -0.00999395
v 0.07168018 -0.0344 -0.01249591
v 0.07254937 -0.0344 -0.0099849
v 0.07268672 -0.0344 -0.01248112
v 0.0734422 -0.0344 -0.00989546
v 0.07368881 -0.0344 -0.01238539
v 0.07518592 -0.0344 -0.00947892
v 0.07565369 -0.0344 -0.0119541
v 0.07682725 -0.0344 -0.00875772
v 0.07752395 -0.0344 -0.01121321
v 0.07925114 -0.0344 -0.01018189
v 0.07441641 -0.0274 -0.00081257
v 0.07454438 -0.0274 -0.00015947
v 0.07793275 -0.0274 -0.00089581
v 0.07768706 -0.0274 -0.00191241
v 0.07726858 -0.0274 -0.0028709
v 0.07412376 -0.0274 -0.0014103
v 0.07669001 -0.0274 -0.00374217
v 0.07368638 -0.0274 -0.00191191
v 0.07596894 -0.0274 -0.00449973
v 0.07313408 -0.0274 -0.00228324
v 0.06958359 -0.0274 0.00081257
v 0.06673142 -0.0274 0.0028709
v 0.06987624 -0.0274 0.0014103
v 0.06730999 -0.0274 0.00374217
v 0.07031362 -0.0274 0.00191191
v 0.07008809 -0.0274 -0.00168638
v 0.0705897 -0.0274 -0.00212376
v 0.06825783 -0.0274 -0.00469001
v 0.07512727 -0.0274 -0.00512056
v 0.07419059 -0.0274 -0.00558582
v 0.0725045 -0.0274 -0.00249896
v 0.07318734 -0.0274 -0.00588135
v 0.07184052 -0.0274 -0.00254438
v 0.07281257 -0.0274 0.00241641
v 0.0748709 -0.0274 0.00526858
v 0.07341029 -0.0274 0.00212376
v 0.07574216 -0.0274 0.00469001
v 0.07391191 -0.0274 0.00168638
v 0.07649972 -0.0274 0.00396894
v 0.07428323 -0.0274 0.00113408
v 0.06950104 -0.0274 -0.00050449
v 0.06600183 -0.0274 -0.00014801
v 0.06945562 -0.0274 0.00015947
v 0.06606725 -0.0274 0.00089581
v 0.06631294 -0.0274 0.00191241
v 0.06750027 -0.0274 -0.00396894
v 0.06687944 -0.0274 -0.00312727
v 0.06971677 -0.0274 -0.00113408
v 0.06641418 -0.0274 -0.00219058
v 0.06611866 -0.0274 -0.00118734
v 0.07214802 -0.0274 -0.00599817
v 0.07110419 -0.0274 -0.00593275
v 0.07118743 -0.0274 -0.00241641
v 0.07008759 -0.0274 -0.00568706
v 0.06912909 -0.0274 -0.00526858
v 0.07712056 -0.0274 0.00312727
v 0.07758582 -0.0274 0.00219058
v 0.07449896 -0.0274 0.00050449
v 0.07788134 -0.0274 0.00118734
v 0.07799818 -0.0274 0.00014801
v 0.0714955 -0.0274 0.00249896
v 0.07185198 -0.0274 0.00599817
v 0.07215948 -0.0274 0.00254438
v 0.0728958 -0.0274 0.00593275
v 0.0739124 -0.0274 0.00568706
v 0.06803107 -0.0274 0.00449973
v 0.06887273 -0.0274 0.00512056
v 0.07086591 -0.0274 0.00228324
v 0.06980941 -0.0274 0.00558582
v 0.07081266 -0.0274 0.00588135
v 0.07726858 -0.0314 -0.0028709
v 0.07669001 -0.0314 -0.00374217
v 0.07596894 -0.0314 -0.00449973
v 0.07512727 -0.0314 -0.00512056
v 0.07419059 -0.0314 -0.00558582
v 0.07318734 -0.0314 -0.00588135
v 0.07214802 -0.0314 -0.00599817
v 0.07110419 -0.0314 -0.00593275
v 0.07008759 -0.0314 -0.00568706
v 0.06912909 -0.0314 -0.00526858
v 0.06825783 -0.0314 -0.00469001
v 0.06750027 -0.0314 -0.00396894
v 0.06687944 -0.0314 -0.00312727
v 0.06641418 -0.0314 -0.00219058
v 0.06611866 -0.0314 -0.00118734
v 0.06600183 -0.0314 -0.00014801
v 0.06606725 -0.0314 0.00089581
v 0.06631294 -0.0314 0.00191241
v 0.06673142 -0.0314 0.0028709
v 0.06730999 -0.0314 0.00374217
v 0.06803107 -0.0314 0.00449973
v 0.06887273 -0.0314 0.00512056
v 0.06980941 -0.0314 0.00558582
v 0.07081266 -0.0314 0.00588135
v 0.07185198 -0.0314 0.00599817
v 0.0728958 -0.0314 0.00593275
v 0.0739124 -0.0314 0.00568706
v 0.0748709 -0.0314 0.00526858
v 0.07574216 -0.0314 0.00469001
v 0.07649972 -0.0314 0.00396894
v 0.07712056 -0.0314 0.00312727
v 0.07758582 -0.0314 0.00219058
v 0.07788134 -0.0314 0.00118734
v 0.07799818 -0.0314 0.00014801
v 0.07793275 -0.0314 -0.00089581
v 0.07768706 -0.0314 -0.00191241
v 0.06992655 -0.0314 0.00216813
v 0.06946793 -0.0314 0.00160892
v 0.06915647 -0.0314 0.0009562
v 0.06901026 -0.0314 0.00024792
v 0.07329198 -0.0314 0.00270754
v 0.07260648 -0.0314 0.00293806
v 0.07188573 -0.0314 0.00299782
v 0.07117163 -0.0314 0.00288337
v 0.07050566 -0.0314 0.00260134
v 0.07476249 -0.0314 0.00116988
v 0.07440225 -0.0314 0.001797
v 0.0739024 -0.0314 0.00231967
v 0.07407345 -0.0314 -0.00216813
v 0.07453207 -0.0314 -0.00160892
v 0.07484353 -0.0314 -0.0009562
v 0.07498974 -0.0314 -0.00024792
v 0.07496219 -0.0314 0.00047478
v 0.06903781 -0.0314 -0.00047478
v 0.06923751 -0.0314 -0.00116988
v 0.07282837 -0.0314 -0.00288337
v 0.07349434 -0.0314 -0.00260134
v 0.07070802 -0.0314 -0.00270754
v 0.07139352 -0.0314 -0.00293806
v 0.07211427 -0.0314 -0.00299782
v 0.06959775 -0.0314 -0.001797
v 0.0700976 -0.0314 -0.00231967
v 0.07453207 -0.0324 -0.00160892
v 0.07407345 -0.0324 -0.00216813
v 0.07349434 -0.0324 -0.00260134
v 0.07282837 -0.0324 -0.00288337
v 0.07211427 -0.0324 -0.00299782
v 0.07139352 -0.0324 -0.00293806
v 0.07070802 -0.0324 -0.00270754
v 0.0700976 -0.0324 -0.00231967
v 0.06959775 -0.0324 -0.001797
v 0.06923751 -0.0324 -0.00116988
v 0.06903781 -0.0324 -0.00047478
v 0.06901026 -0.0324 0.00024792
v 0.06915647 -0.0324 0.0009562
v 0.06946793 -0.0324 0.00160892
v 0.06992655 -0.0324 0.00216813
v 0.07050566 -0.0324 0.00260134
v 0.07117163 -0.0324 0.00288337
v 0.07188573 -0.0324 0.00299782
v 0.07260648 -0.0324 0.00293806
v 0.07329198 -0.0324 0.00270754
v 0.0739024 -0.0324 0.00231967
v 0.07440225 -0.0324 0.001797
v 0.07476249 -0.0324 0.00116988
v 0.07496219 -0.0324 0.00047478
v 0.07498974 -0.0324 -0.00024792
v 0.07484353 -0.0324 -0.0009562
v 0.07219966 -0.0324 0.00199001
v 0.07160422 -0.0324 0.00196045
v 0.07104395 -0.0324 0.00175669
v 0.07056863 -0.0324 0.00139685
v 0.07022049 -0.0324 0.00091289
v 0.07392539 -0.0324 0.00054118
v 0.07368033 -0.0324 0.00108465
v 0.07328597 -0.0324 0.00153175
v 0.07277735 -0.0324 0.00184275
v 0.07268355 -0.0324 -0.00187956
v 0.07320719 -0.0324 -0.00159458
v 0.07362357 -0.0324 -0.00116791
v 0.07389569 -0.0324 -0.00063747
v 0.07399937 -0.0324 -5.038E-05
v 0.07050009 -0.0324 -0.00132298
v 0.07095668 -0.0324 -0.00170631
v 0.07150598 -0.0324 -0.00193803
v 0.07209917 -0.0324 -0.00199754
v 0.07003047 -0.0324 0.00034781
v 0.07001546 -0.0324 -0.00024817
v 0.07017677 -0.0324 -0.0008221
v 0.07362357 -0.0374 -0.00116791
v 0.07320719 -0.0374 -0.00159458
v 0.07268355 -0.0374 -0.00187956
v 0.07209917 -0.0374 -0.00199754
v 0.07150598 -0.0374 -0.00193803
v 0.07095668 -0.0374 -0.00170631
v 0.07050009 -0.0374 -0.00132298
v 0.07017677 -0.0374 -0.0008221
v 0.07001546 -0.0374 -0.00024817
v 0.07003047 -0.0374 0.00034781
v 0.07022049 -0.0374 0.00091289
v 0.07056863 -0.0374 0.00139685
v 0.07104395 -0.0374 0.00175669
v 0.07160422 -0.0374 0.00196045
v 0.07219966 -0.0374 0.00199001
v 0.07277735 -0.0374 0.00184275
v 0.07328597 -0.0374 0.00153175
v 0.07368033 -0.0374 0.00108465
v 0.07392539 -0.0374 0.00054118
v 0.07399937 -0.0374 -5.038E-05
v 0.07389569 -0.0374 -0.00063747
v 0.072 -0.0374 -0
v 0.07370724 -0.0279 -0.0011337
v 0.07366365 -0.0284 -0.00119674
v 0.07394249 -0.0284 -0.00065321
v 0.07366365 -0.0279 -0.00119674
v 0.07335564 -0.0279 -0.00153694
v 0.07323699 -0.0284 -0.00163395
v 0.07323699 -0.0279 -0.00163395
v 0.07291166 -0.0279 -0.00183543
v 0.07270043 -0.0284 -0.00192596
v 0.07270043 -0.0279 -0.00192596
v 0.07240555 -0.0279 -0.00200885
v 0.07210162 -0.0284 -0.00204685
v 0.07210162 -0.0279 -0.00204685
v 0.0718718 -0.0279 -0.00204536
v 0.07149378 -0.0284 -0.00198587
v 0.07149378 -0.0279 -0.00198587
v 0.0713468 -0.0279 -0.00194249
v 0.07093093 -0.0284 -0.00174843
v 0.07093093 -0.0279 -0.00174843
v 0.0708663 -0.0279 -0.00170724
v 0.07046306 -0.0284 -0.00135564
v 0.07046306 -0.0279 -0.00135564
v 0.07016457 -0.0279 -0.00091166
v 0.07013176 -0.0284 -0.00084239
v 0.07013176 -0.0279 -0.00084239
v 0.06999116 -0.0279 -0.00040555
v 0.06996647 -0.0284 -0.00025429
v 0.06996647 -0.0279 -0.00025429
v 0.06995464 -0.0279 0.0001282
v 0.06998185 -0.0284 0.0003564
v 0.06998185 -0.0279 0.0003564
v 0.07005751 -0.0279 0.00065321
v 0.07017656 -0.0284 0.00093542
v 0.07017656 -0.0279 0.00093542
v 0.07029276 -0.0279 0.0011337
v 0.0705333 -0.0284 0.00143133
v 0.0705333 -0.0279 0.00143133
v 0.07064436 -0.0279 0.00153694
v 0.07102035 -0.0284 0.00180006
v 0.07102035 -0.0279 0.00180006
v 0.07108834 -0.0279 0.00183543
v 0.07159445 -0.0284 0.00200885
v 0.07159445 -0.0279 0.00200885
v 0.0721282 -0.0279 0.00204536
v 0.07220458 -0.0284 0.00203914
v 0.07220458 -0.0279 0.00203914
v 0.0726532 -0.0279 0.00194249
v 0.07279654 -0.0284 0.00188824
v 0.07279654 -0.0279 0.00188824
v 0.0731337 -0.0279 0.00170724
v 0.07331772 -0.0284 0.00156957
v 0.07331772 -0.0279 0.00156957
v 0.07353694 -0.0279 0.00135564
v 0.07372182 -0.0284 0.00111143
v 0.07372182 -0.0279 0.00111143
v 0.07383543 -0.0279 0.00091166
v 0.07397293 -0.0284 0.00055454
v 0.07397293 -0.0279 0.00055454
v 0.07400884 -0.0279 0.00040555
v 0.07404872 -0.0284 -5.163E-05
v 0.07404872 -0.0279 -5.163E-05
v 0.07404536 -0.0279 -0.0001282
v 0.07394249 -0.0279 -0.00065321
v 0.072 -0.0284 -0
v 0.032 0.0184 -0.0035
v 0.032 0.0184 -0.016
v 0.04 0.0184 -0.0035
v 0.04 0.0184 -0.016
v 0.04 0.0035 -0.0265
v 0.04 0.0129 -0.0265
v 0.032 0.0035 -0.0265
v 0.032 0.0129 -0.0265
v 0.04 -0.0184 -0.0035
v 0.04 -0.0184 -0.016
v 0.032 -0.0184 -0.0035
v 0.032 -0.0184 -0.016
v 0.032 0.0035 0.0265
v 0.032 0.0129 0.0265
v 0.04 0.0035 0.0265
v 0.04 0.0129 0.0265
v 0.04 -0.0254 0.0335
v 0.036825 -0.02142894 0.0335
v 0.032 -0.0254 0.0335
v 0.036 -0.02165 0.0335
v 0.035175 -0.02142894 0.0335
v 0.032 -0.01 0.0335
v 0.035175 -0.01857106 0.0335
v 0.04 -0.01 0.0335
v 0.036 -0.01835 0.0335
v 0.036825 -0.01857106 0.0335
v 0.03742894 -0.019175 0.0335
v 0.03765 -0.02 0.0335
v 0.03742894 -0.020825 0.0335
v 0.03457106 -0.020825 0.0335
v 0.03435 -0.02 0.0335
v 0.03457106 -0.019175 0.0335
v 0.035175 -0.0254 -0.02142894
v 0.032 -0.0254 -0.0335
v 0.036 -0.0254 -0.02165
v 0.04 -0.0254 -0.0335
v 0.036825 -0.0254 -0.02142894
v 0.03457106 -0.0254 -0.020825
v 0.03435 -0.0254 -0.02
v 0.032 -0.0254 -0.01
v 0.03457106 -0.0254 -0.019175
v 0.035175 -0.0254 -0.01857106
v 0.04 -0.0254 -0.01
v 0.036 -0.0254 -0.01835
v 0.036825 -0.0254 -0.01857106
v 0.03742894 -0.0254 -0.019175
v 0.03765 -0.0254 -0.02
v 0.03742894 -0.0254 -0.020825
v 0.032 0.01 -0.0335
v 0.035175 0.01857106 -0.0335
v 0.04 0.01 -0.0335
v 0.036 0.01835 -0.0335
v 0.036825 0.01857106 -0.0335
v 0.035175 0.02142894 -0.0335
v 0.032 0.0254 -0.0335
v 0.036 0.02165 -0.0335
v 0.04 0.0254 -0.0335
v 0.036825 0.02142894 -0.0335
v 0.03457106 0.020825 -0.0335
v 0.03435 0.02 -0.0335
v 0.03457106 0.019175 -0.0335
v 0.03742894 0.019175 -0.0335
v 0.03765 0.02 -0.0335
v 0.03742894 0.020825 -0.0335
v 0.03742894 0.0254 0.020825
v 0.04 0.0254 0.0335
v 0.03765 0.0254 0.02
v 0.04 0.0254 0.01
v 0.03742894 0.0254 0.019175
v 0.036825 0.0254 0.01857106
v 0.035175 0.0254 0.02142894
v 0.032 0.0254 0.0335
v 0.036 0.0254 0.02165
v 0.036825 0.0254 0.02142894
v 0.03457106 0.0254 0.020825
v 0.03435 0.0254 0.02
v 0.032 0.0254 0.01
v 0.03457106 0.0254 0.019175
v 0.035175 0.0254 0.01857106
v 0.036 0.0254 0.01835
v 0.035175 -0.02142894 -0.0335
v 0.036 -0.02165 -0.0335
v 0.036825 -0.02142894 -0.0335
v 0.035175 -0.01857106 -0.0335
v 0.032 -0.01 -0.0335
v 0.036 -0.01835 -0.0335
v 0.04 -0.01 -0.0335
v 0.036825 -0.01857106 -0.0335
v 0.03457106 -0.019175 -0.0335
v 0.03435 -0.02 -0.0335
v 0.03457106 -0.020825 -0.0335
v 0.03742894 -0.020825 -0.0335
v 0.03765 -0.02 -0.0335
v 0.03742894 -0.019175 -0.0335
v 0.036825 0.0254 -0.02142894
v 0.036 0.0254 -0.02165
v 0.035175 0.0254 -0.02142894
v 0.03742894 0.0254 -0.020825
v 0.03765 0.0254 -0.02
v 0.04 0.0254 -0.01
v 0.03742894 0.0254 -0.019175
v 0.035175 0.0254 -0.01857106
v 0.032 0.0254 -0.01
v 0.036 0.0254 -0.01835
v 0.036825 0.0254 -0.01857106
v 0.03457106 0.0254 -0.019175
v 0.03435 0.0254 -0.02
v 0.03457106 0.0254 -0.020825
v 0.04 0.01 0.0335
v 0.036825 0.01857106 0.0335
v 0.032 0.01 0.0335
v 0.036 0.01835 0.0335
v 0.035175 0.01857106 0.0335
v 0.03457106 0.019175 0.0335
v 0.03435 0.02 0.0335
v 0.03457106 0.020825 0.0335
v 0.035175 0.02142894 0.0335
v 0.036 0.02165 0.0335
v 0.036825 0.02142894 0.0335
v 0.03742894 0.020825 0.0335
v 0.03765 0.02 0.0335
v 0.03742894 0.019175 0.0335
v 0.03457106 -0.0254 0.019175
v 0.03435 -0.0254 0.02
v 0.032 -0.0254 0.01
v 0.03457106 -0.0254 0.020825
v 0.035175 -0.0254 0.02142894
v 0.036 -0.0254 0.02165
v 0.036825 -0.0254 0.02142894
v 0.03742894 -0.0254 0.020825
v 0.03765 -0.0254 0.02
v 0.04 -0.0254 0.01
v 0.03742894 -0.0254 0.019175
v 0.036825 -0.0254 0.01857106
v 0.036 -0.0254 0.01835
v 0.035175 -0.0254 0.01857106
v 0.04 0.009 -0.0325
v 0.04 0.01419904 -0.02575
v 0.04 0.01365 -0.02629904
v 0.04 -0.00813397 -0.033
v 0.04 -0.008 -0.0335
v 0.04 -0.0035 -0.0265
v 0.04 -0.009 -0.0345
v 0.04 -0.009 -0.0375
v 0.04 -0.0085 -0.03436603
v 0.04 -0.00813397 -0.034
v 0.04 0.00986603 -0.033
v 0.04 -0.009 0.0375
v 0.04 0.00813397 0.034
v 0.04 0.009 0.0375
v 0.04 0.0085 0.03436603
v 0.04 0.009 0.0345
v 0.04 0.0294 0.009
v 0.04 0.0264 0.009
v 0.04 0.02626603 0.0085
v 0.04 0.0259 -0.00813397
v 0.04 0.0294 -0.009
v 0.04 0.02626603 -0.0085
v 0.04 0.0264 -0.009
v 0.04 -0.0259 -0.00813397
v 0.04 -0.0294 0.009
v 0.04 -0.02626603 -0.0085
v 0.04 -0.0294 -0.009
v 0.04 -0.0264 -0.009
v 0.04 -0.0249 -0.00986603
v 0.04 -0.00986603 -0.033
v 0.04 0.01765 0.00220096
v 0.04 0.0244 -0.009
v 0.04 0.02453397 -0.0085
v 0.04 0.0249 0.00986603
v 0.04 -0.00813397 0.033
v 0.04 0.00275 0.02629904
v 0.04 0.00813397 0.033
v 0.04 0.00813397 -0.034
v 0.04 0.008 -0.0335
v 0.04 -0.00275 -0.02629904
v 0.04 -0.008 0.0335
v 0.04 0.008 0.0335
v 0.04 -0.00813397 0.034
v 0.04 -0.0085 0.03436603
v 0.04 -0.009 0.0345
v 0.04 0.01819904 0.00275
v 0.04 0.0249 -0.00813397
v 0.04 0.0184 0.0035
v 0.04 -0.01765 -0.00220096
v 0.04 -0.02453397 0.0085
v 0.04 -0.01819904 -0.00275
v 0.04 -0.0249 0.00813397
v 0.04 -0.0254 0.008
v 0.04 -0.0259 0.00813397
v 0.04 -0.00220096 0.02575
v 0.04 -0.00275 0.02629904
v 0.04 -0.0035 0.0265
v 0.04 -0.0085 0.03263398
v 0.04 -0.0129 0.0265
v 0.04 -0.009 0.0325
v 0.04 -0.01365 0.02629904
v 0.04 -0.01419904 0.02575
v 0.04 0.0085 -0.03436603
v 0.04 0.009 -0.0375
v 0.04 0.009 -0.0345
v 0.04 0.0085 -0.03263398
v 0.04 0.00813397 -0.033
v 0.04 0.00275 -0.02629904
v 0.04 -0.00220096 -0.02575
v 0.04 0.00220096 -0.02575
v 0.04 -0.0249 0.00986603
v 0.04 -0.00986603 0.033
v 0.04 -0.0095 0.03263398
v 0.04 -0.02626603 0.0085
v 0.04 -0.0264 0.009
v 0.04 0.0259 0.00813397
v 0.04 0.0254 -0.008
v 0.04 0.0254 0.008
v 0.04 0.0249 0.00813397
v 0.04 0.00986603 0.033
v 0.04 0.01365 0.02629904
v 0.04 0.01419904 0.02575
v 0.04 0.0249 -0.00986603
v 0.04 0.0095 -0.03263398
v 0.04 0.02453397 0.0095
v 0.04 0.0244 0.009
v 0.04 -0.00275 -0.00220096
v 0.04 -0.00220096 -0.00275
v 0.04 0.00220096 -0.00275
v 0.04 -0.002 -0.0035
v 0.04 -0.0035 0.002
v 0.04 0.00220096 0.00275
v 0.04 -0.00275 0.00220096
v 0.04 -0.00220096 0.00275
v 0.04 -0.01515 0.01770096
v 0.04 -0.01460096 0.01825
v 0.04 -0.0159 0.0175
v 0.04 -0.0144 0.019
v 0.04 -0.0169 0.0175
v 0.04 -0.0144 0.025
v 0.04 -0.0035 -0.002
v 0.04 -0.0169 -0.002
v 0.04 -0.0169 0.002
v 0.04 -0.01765 0.00220096
v 0.04 -0.01819904 0.00275
v 0.04 -0.0244 0.009
v 0.04 -0.0184 0.0035
v 0.04 -0.02453397 0.0095
v 0.04 -0.0184 0.016
v 0.04 -0.01819904 0.01675
v 0.04 -0.01765 0.01729904
v 0.04 -0.0254 -0.008
v 0.04 -0.0249 -0.00813397
v 0.04 -0.0169 -0.0175
v 0.04 -0.01765 -0.01729904
v 0.04 -0.01419904 -0.02575
v 0.04 -0.01819904 -0.01675
v 0.04 0.0159 -0.0175
v 0.04 0.01515 -0.01770096
v 0.04 0.01460096 -0.01825
v 0.04 0.0095 0.03263398
v 0.04 0.009 0.0325
v 0.04 0.0085 0.03263398
v 0.04 -0.0095 -0.03263398
v 0.04 -0.0129 -0.0265
v 0.04 -0.009 -0.0325
v 0.04 -0.0085 -0.03263398
v 0.04 -0.01365 -0.02629904
v 0.04 -0.02453397 -0.0095
v 0.04 -0.0244 -0.009
v 0.04 -0.02453397 -0.0085
v 0.04 0.0169 -0.0175
v 0.04 0.0144 -0.025
v 0.04 0.0144 -0.019
v 0.04 0.0169 0.0175
v 0.04 0.01765 0.01729904
v 0.04 0.01819904 0.01675
v 0.04 0.0184 0.016
v 0.04 0.02453397 0.0085
v 0.04 0.0144 0.019
v 0.04 0.01460096 0.01825
v 0.04 0.01515 0.01770096
v 0.04 -0.002 -0.025
v 0.04 0.002 -0.025
v 0.04 0.002 -0.0035
v 0.04 0.00275 -0.00220096
v 0.04 0.00275 0.00220096
v 0.04 0.0035 -0.002
v 0.04 0.0035 0.002
v 0.04 0.0169 0.002
v 0.04 -0.0144 -0.019
v 0.04 -0.01460096 -0.01825
v 0.04 -0.01515 -0.01770096
v 0.04 0.0144 0.025
v 0.04 0.0159 0.0175
v 0.04 0.0169 -0.002
v 0.04 0.01765 -0.00220096
v 0.04 0.01819904 -0.00275
v 0.04 0.02453397 -0.0095
v 0.04 0.01819904 -0.01675
v 0.04 0.01765 -0.01729904
v 0.04 -0.002 0.0035
v 0.04 0.002 0.0035
v 0.04 -0.002 0.025
v 0.04 0.002 0.025
v 0.04 0.00220096 0.02575
v 0.04 -0.0144 -0.025
v 0.04 -0.0159 -0.0175
v 0.032 0.009 0.0325
v 0.032 0.01419904 0.02575
v 0.032 0.01365 0.02629904
v 0.032 -0.0035 0.0265
v 0.032 -0.00813397 0.033
v 0.032 -0.008 0.0335
v 0.032 0.0085 0.03263398
v 0.032 0.00813397 0.033
v 0.032 0.009 0.0375
v 0.032 0.009 0.0345
v 0.032 0.0085 0.03436603
v 0.032 -0.0249 -0.00986603
v 0.032 -0.00986603 -0.033
v 0.032 -0.009 0.0345
v 0.032 -0.009 0.0375
v 0.032 -0.0085 0.03436603
v 0.032 -0.00813397 0.034
v 0.032 0.0294 -0.009
v 0.032 0.0264 -0.009
v 0.032 0.02626603 -0.0085
v 0.032 0.0259 0.00813397
v 0.032 0.0294 0.009
v 0.032 0.02626603 0.0085
v 0.032 0.0264 0.009
v 0.032 -0.00275 -0.00220096
v 0.032 -0.0035 -0.002
v 0.032 0.00220096 -0.00275
v 0.032 0.00813397 0.034
v 0.032 0.008 0.0335
v 0.032 -0.0294 0.009
v 0.032 -0.0259 -0.00813397
v 0.032 -0.0294 -0.009
v 0.032 -0.02626603 -0.0085
v 0.032 -0.0264 -0.009
v 0.032 -0.00813397 -0.034
v 0.032 0.009 -0.0375
v 0.032 -0.0085 -0.03436603
v 0.032 -0.009 -0.0375
v 0.032 -0.009 -0.0345
v 0.032 -0.0249 0.00986603
v 0.032 -0.00986603 0.033
v 0.032 -0.00275 0.02629904
v 0.032 -0.00220096 0.02575
v 0.032 0.008 -0.0335
v 0.032 0.00813397 -0.034
v 0.032 -0.0264 0.009
v 0.032 -0.02626603 0.0085
v 0.032 0.0249 0.00813397
v 0.032 0.0184 0.0035
v 0.032 0.02453397 0.0085
v 0.032 0.0244 0.009
v 0.032 0.00986603 -0.033
v 0.032 0.01365 -0.02629904
v 0.032 0.01419904 -0.02575
v 0.032 -0.002 0.025
v 0.032 0.002 0.025
v 0.032 0.0085 -0.03436603
v 0.032 0.009 -0.0345
v 0.032 0.00220096 -0.02575
v 0.032 0.00275 -0.02629904
v 0.032 -0.0035 -0.0265
v 0.032 0.00813397 -0.033
v 0.032 -0.00813397 -0.033
v 0.032 -0.008 -0.0335
v 0.032 0.0259 -0.00813397
v 0.032 0.0254 0.008
v 0.032 0.0254 -0.008
v 0.032 0.0249 -0.00813397
v 0.032 0.0144 -0.019
v 0.032 0.01460096 -0.01825
v 0.032 0.01515 -0.01770096
v 0.032 0.0249 -0.00986603
v 0.032 0.02453397 -0.0095
v 0.032 0.0244 -0.009
v 0.032 -0.0244 -0.009
v 0.032 -0.02453397 -0.0085
v 0.032 -0.0249 -0.00813397
v 0.032 0.0144 -0.025
v 0.032 0.0169 -0.0175
v 0.032 0.0159 -0.0175
v 0.032 0.01765 -0.00220096
v 0.032 0.01819904 -0.00275
v 0.032 0.02453397 -0.0085
v 0.032 0.01819904 -0.01675
v 0.032 0.01765 -0.01729904
v 0.032 0.0095 -0.03263398
v 0.032 0.009 -0.0325
v 0.032 0.0085 -0.03263398
v 0.032 0.00275 0.02629904
v 0.032 0.00220096 0.02575
v 0.032 -0.01819904 -0.01675
v 0.032 -0.0144 -0.025
v 0.032 -0.01765 -0.00220096
v 0.032 -0.01765 0.00220096
v 0.032 -0.0169 0.002
v 0.032 -0.00275 0.00220096
v 0.032 -0.00220096 0.00275
v 0.032 0.00220096 0.00275
v 0.032 -0.002 0.0035
v 0.032 -0.0085 -0.03263398
v 0.032 -0.009 -0.0325
v 0.032 -0.0129 -0.0265
v 0.032 -0.0095 -0.03263398
v 0.032 -0.01365 -0.02629904
v 0.032 -0.01419904 -0.02575
v 0.032 -0.02453397 -0.0095
v 0.032 -0.0259 0.00813397
v 0.032 -0.0254 -0.008
v 0.032 -0.0254 0.008
v 0.032 -0.0249 0.00813397
v 0.032 -0.01819904 -0.00275
v 0.032 -0.01819904 0.00275
v 0.032 -0.0184 0.0035
v 0.032 -0.0169 0.0175
v 0.032 -0.01765 0.01729904
v 0.032 -0.01419904 0.02575
v 0.032 -0.01819904 0.01675
v 0.032 0.02453397 0.0095
v 0.032 0.0184 0.016
v 0.032 0.0249 0.00986603
v 0.032 0.01819904 0.01675
v 0.032 0.00986603 0.033
v 0.032 0.0095 0.03263398
v 0.032 -0.0095 0.03263398
v 0.032 -0.0129 0.0265
v 0.032 -0.009 0.0325
v 0.032 -0.0085 0.03263398
v 0.032 -0.01365 0.02629904
v 0.032 -0.02453397 0.0095
v 0.032 -0.0184 0.016
v 0.032 -0.0244 0.009
v 0.032 -0.02453397 0.0085
v 0.032 0.0159 0.0175
v 0.032 0.01515 0.01770096
v 0.032 0.01460096 0.01825
v 0.032 -0.01515 -0.01770096
v 0.032 -0.01460096 -0.01825
v 0.032 -0.0159 -0.0175
v 0.032 -0.0144 -0.019
v 0.032 -0.0169 -0.0175
v 0.032 -0.01765 -0.01729904
v 0.032 -0.0035 0.002
v 0.032 -0.0169 -0.002
v 0.032 0.01765 0.01729904
v 0.032 0.0169 0.0175
v 0.032 0.0144 0.025
v 0.032 0.0144 0.019
v 0.032 0.002 0.0035
v 0.032 0.00275 0.00220096
v 0.032 0.00275 -0.00220096
v 0.032 0.0035 0.002
v 0.032 0.0035 -0.002
v 0.032 0.0169 -0.002
v 0.032 -0.0144 0.019
v 0.032 -0.01460096 0.01825
v 0.032 -0.01515 0.01770096
v 0.032 0.0169 0.002
v 0.032 0.01765 0.00220096
v 0.032 0.01819904 0.00275
v 0.032 -0.00275 -0.02629904
v 0.032 -0.00220096 -0.02575
v 0.032 0.002 -0.025
v 0.032 -0.002 -0.025
v 0.032 0.002 -0.0035
v 0.032 -0.002 -0.0035
v 0.032 -0.00220096 -0.00275
v 0.032 -0.0144 0.025
v 0.032 -0.0159 0.0175
v 0.036 0.01640858 0.02
v 0.03742894 0.0174 0.019175
v 0.036825 0.0174 0.01857106
v 0.03765 0.0174 0.02
v 0.035175 0.0174 0.01857106
v 0.03457106 0.0174 0.019175
v 0.036 0.0174 0.01835
v 0.03457106 0.0174 0.020825
v 0.035175 0.0174 0.02142894
v 0.03435 0.0174 0.02
v 0.036825 0.0174 0.02142894
v 0.03742894 0.0174 0.020825
v 0.036 0.0174 0.02165
v 0.036 0.01640858 -0.02
v 0.03742894 0.0174 -0.020825
v 0.036825 0.0174 -0.02142894
v 0.03765 0.0174 -0.02
v 0.035175 0.0174 -0.02142894
v 0.03457106 0.0174 -0.020825
v 0.036 0.0174 -0.02165
v 0.03457106 0.0174 -0.019175
v 0.035175 0.0174 -0.01857106
v 0.03435 0.0174 -0.02
v 0.036825 0.0174 -0.01857106
v 0.03742894 0.0174 -0.019175
v 0.036 0.0174 -0.01835
v 0.036 -0.01640858 0.02
v 0.03457106 -0.0174 0.019175
v 0.035175 -0.0174 0.01857106
v 0.03435 -0.0174 0.02
v 0.036825 -0.0174 0.01857106
v 0.03742894 -0.0174 0.019175
v 0.036 -0.0174 0.01835
v 0.03742894 -0.0174 0.020825
v 0.036825 -0.0174 0.02142894
v 0.03765 -0.0174 0.02
v 0.035175 -0.0174 0.02142894
v 0.03457106 -0.0174 0.020825
v 0.036 -0.0174 0.02165
v 0.036 -0.01640858 -0.02
v 0.03457106 -0.0174 -0.020825
v 0.035175 -0.0174 -0.02142894
v 0.03435 -0.0174 -0.02
v 0.036825 -0.0174 -0.02142894
v 0.03742894 -0.0174 -0.020825
v 0.036 -0.0174 -0.02165
v 0.03742894 -0.0174 -0.019175
v 0.036825 -0.0174 -0.01857106
v 0.03765 -0.0174 -0.02
v 0.035175 -0.0174 -0.01857106
v 0.03457106 -0.0174 -0.019175
v 0.036 -0.0174 -0.01835
v 0.036 -0.02 -0.02450858
v 0.03457106 -0.019175 -0.0255
v 0.035175 -0.01857106 -0.0255
v 0.03435 -0.02 -0.0255
v 0.036825 -0.01857106 -0.0255
v 0.03742894 -0.019175 -0.0255
v 0.036 -0.01835 -0.0255
v 0.03742894 -0.020825 -0.0255
v 0.036825 -0.02142894 -0.0255
v 0.03765 -0.02 -0.0255
v 0.035175 -0.02142894 -0.0255
v 0.03457106 -0.020825 -0.0255
v 0.036 -0.02165 -0.0255
v 0.036 0.02 -0.02450858
v 0.03457106 0.020825 -0.0255
v 0.035175 0.02142894 -0.0255
v 0.03435 0.02 -0.0255
v 0.036825 0.02142894 -0.0255
v 0.03742894 0.020825 -0.0255
v 0.036 0.02165 -0.0255
v 0.03742894 0.019175 -0.0255
v 0.036825 0.01857106 -0.0255
v 0.03765 0.02 -0.0255
v 0.035175 0.01857106 -0.0255
v 0.03457106 0.019175 -0.0255
v 0.036 0.01835 -0.0255
v 0.036 -0.02 0.02450858
v 0.03742894 -0.019175 0.0255
v 0.036825 -0.01857106 0.0255
v 0.03765 -0.02 0.0255
v 0.035175 -0.01857106 0.0255
v 0.03457106 -0.019175 0.0255
v 0.036 -0.01835 0.0255
v 0.03457106 -0.020825 0.0255
v 0.035175 -0.02142894 0.0255
v 0.03435 -0.02 0.0255
v 0.036825 -0.02142894 0.0255
v 0.03742894 -0.020825 0.0255
v 0.036 -0.02165 0.0255
v 0.036 0.02 0.02450858
v 0.03742894 0.020825 0.0255
v 0.036825 0.02142894 0.0255
v 0.03765 0.02 0.0255
v 0.035175 0.02142894 0.0255
v 0.03457106 0.020825 0.0255
v 0.036 0.02165 0.0255
v 0.03457106 0.019175 0.0255
v 0.035175 0.01857106 0.0255
v 0.03435 0.02 0.0255
v 0.036825 0.01857106 0.0255
v 0.03742894 0.019175 0.0255
v 0.036 0.01835 0.0255
v 0.084 0.0254 -0.01913461
v 0.084 0.0274 -0.01913461
v 0.084825 0.0254 -0.01935567
v 0.084825 0.0274 -0.01935567
v 0.08542894 0.0254 -0.01995961
v 0.08542894 0.0274 -0.01995961
v 0.08565 0.0254 -0.02078461
v 0.08565 0.0274 -0.02078461
v 0.08542894 0.0254 -0.02160961
v 0.08542894 0.0274 -0.02160961
v 0.084825 0.0254 -0.02221355
v 0.084825 0.0274 -0.02221355
v 0.084 0.0254 -0.02243461
v 0.084 0.0274 -0.02243461
v 0.083175 0.0254 -0.02221355
v 0.083175 0.0274 -0.02221355
v 0.08257106 0.0254 -0.02160961
v 0.08257106 0.0274 -0.02160961
v 0.08235 0.0254 -0.02078461
v 0.08235 0.0274 -0.02078461
v 0.08257106 0.0254 -0.01995961
v 0.08257106 0.0274 -0.01995961
v 0.083175 0.0254 -0.01935567
v 0.083175 0.0274 -0.01935567
v 0.06 0.0254 0.02243461
v 0.06 0.0274 0.02243461
v 0.060825 0.0254 0.02221355
v 0.060825 0.0274 0.02221355
v 0.06142894 0.0254 0.02160961
v 0.06142894 0.0274 0.02160961
v 0.06165 0.0254 0.02078461
v 0.06165 0.0274 0.02078461
v 0.06142894 0.0254 0.01995961
v 0.06142894 0.0274 0.01995961
v 0.060825 0.0254 0.01935567
v 0.060825 0.0274 0.01935567
v 0.06 0.0254 0.01913461
v 0.06 0.0274 0.01913461
v 0.059175 0.0254 0.01935567
v 0.059175 0.0274 0.01935567
v 0.05857106 0.0254 0.01995961
v 0.05857106 0.0274 0.01995961
v 0.05835 0.0254 0.02078461
v 0.05835 0.0274 0.02078461
v 0.05857106 0.0254 0.02160961
v 0.05857106 0.0274 0.02160961
v 0.059175 0.0254 0.02221355
v 0.059175 0.0274 0.02221355
v 0.084 0.0254 0.02243461
v 0.084 0.0274 0.02243461
v 0.084825 0.0254 0.02221355
v 0.084825 0.0274 0.02221355
v 0.08542894 0.0254 0.02160961
v 0.08542894 0.0274 0.02160961
v 0.08565 0.0254 0.02078461
v 0.08565 0.0274 0.02078461
v 0.08542894 0.0254 0.01995961
v 0.08542894 0.0274 0.01995961
v 0.084825 0.0254 0.01935567
v 0.084825 0.0274 0.01935567
v 0.084 0.0254 0.01913461
v 0.084 0.0274 0.01913461
v 0.083175 0.0254 0.01935567
v 0.083175 0.0274 0.01935567
v 0.08257106 0.0254 0.01995961
v 0.08257106 0.0274 0.01995961
v 0.08235 0.0254 0.02078461
v 0.08235 0.0274 0.02078461
v 0.08257106 0.0254 0.02160961
v 0.08257106 0.0274 0.02160961
v 0.083175 0.0254 0.02221355
v 0.083175 0.0274 0.02221355
v 0.048 0.0254 0.00165
v 0.048 0.0274 0.00165
v 0.048825 0.0254 0.00142894
v 0.048825 0.0274 0.00142894
v 0.04942894 0.0254 0.000825
v 0.04942894 0.0274 0.000825
v 0.04965 0.0254 -0
v 0.04965 0.0274 -0
v 0.04942894 0.0254 -0.000825
v 0.04942894 0.0274 -0.000825
v 0.048825 0.0254 -0.00142894
v 0.048825 0.0274 -0.00142894
v 0.048 0.0254 -0.00165
v 0.048 0.0274 -0.00165
v 0.047175 0.0254 -0.00142894
v 0.047175 0.0274 -0.00142894
v 0.04657106 0.0254 -0.000825
v 0.04657106 0.0274 -0.000825
v 0.04635 0.0254 -0
v 0.04635 0.0274 -0
v 0.04657106 0.0254 0.000825
v 0.04657106 0.0274 0.000825
v 0.047175 0.0254 0.00142894
v 0.047175 0.0274 0.00142894
v 0.032 0.0294 0.02235
v 0.032 0.0294 0.01005
v 0.032 0.0254 0.01005
v 0.032 0.0254 0.0275
v 0.032 0.0294 0.0275
v 0.032 0.0254 0.025
v 0.032 0.0294 0.02309231
v 0.032 0.0254 0.02231731
v 0.032 0.0254 0.0190673
v 0.051325 0.0254 -0.00835
v 0.05320959 0.0254 0.02075862
v 0.05078068 0.0254 0.01826856
v 0.05594425 0.0254 0.0190673
v 0.05594425 0.0254 -0.0190673
v 0.05594425 0.0254 -0.016425
v 0.051325 0.0254 -0.016425
v 0.08889085 0.0254 0.02170136
v 0.088325 0.0254 0.0190673
v 0.09223241 0.0254 0.01862524
v 0.0401 0.0254 -0.01005
v 0.0396 0.0254 -0.00991603
v 0.0396 0.0254 -0.016425
v 0.05418271 0.0254 0.0065988
v 0.05587576 0.0254 0.01005032
v 0.051325 0.0254 0.00835
v 0.09502207 0.0254 0.01504107
v 0.072 0.0254 0.0190673
v 0.072 0.0254 0.02231731
v 0.05594425 0.0254 0.02231731
v 0.072 0.0254 0.025
v 0.05594425 0.0254 0.025
v 0.036 0.0254 -0.0178
v 0.0371 0.0254 -0.01809474
v 0.0396 0.0254 -0.0190673
v 0.032 0.0254 -0.0190673
v 0.032 0.0254 -0.0275
v 0.03409474 0.0254 -0.0211
v 0.0338 0.0254 -0.02
v 0.03409474 0.0254 -0.0189
v 0.032 0.0254 -0.016425
v 0.0349 0.0254 -0.01809474
v 0.03790526 0.0254 -0.0189
v 0.0382 0.0254 -0.02
v 0.0396 0.0254 -0.0275
v 0.03790526 0.0254 -0.0211
v 0.0371 0.0254 -0.02190526
v 0.036 0.0254 -0.0222
v 0.0349 0.0254 -0.02190526
v 0.0776879 0.0254 -0.01812865
v 0.088325 0.0254 -0.0190673
v 0.08122074 0.0254 -0.01661259
v 0.088325 0.0254 -0.016425
v 0.08437607 0.0254 -0.0144164
v 0.08702474 0.0254 -0.01163001
v 0.09502207 0.0254 -0.01504107
v 0.09718376 0.0254 -0.01104662
v 0.08905829 0.0254 -0.00836749
v 0.095175 0.0254 0.00142894
v 0.096 0.0254 0.00165
v 0.09718376 0.0254 0.01104662
v 0.0986585 0.0254 0.00675085
v 0.096825 0.0254 0.00142894
v 0.09940607 0.0254 0.00227093
v 0.09742894 0.0254 0.000825
v 0.09940607 0.0254 -0.00227093
v 0.09765 0.0254 -0
v 0.09742894 0.0254 -0.000825
v 0.0986585 0.0254 -0.00675085
v 0.096825 0.0254 -0.00142894
v 0.096 0.0254 -0.00165
v 0.095175 0.0254 -0.00142894
v 0.09039346 0.0254 -0.0047624
v 0.09457105 0.0254 -0.000825
v 0.09097561 0.0254 -0.00096233
v 0.09435 0.0254 -0
v 0.0907809 0.0254 0.00287713
v 0.09457105 0.0254 0.000825
v 0.08981729 0.0254 0.0065988
v 0.08904579 0.0254 0.00839292
v 0.08812424 0.0254 0.01005032
v 0.07582467 0.0254 0.01861107
v 0.07949276 0.0254 0.0174602
v 0.08285409 0.0254 0.01559451
v 0.08577106 0.0254 0.01309037
v 0.072 0.0254 0.019
v 0.06817533 0.0254 0.01861107
v 0.06450724 0.0254 0.0174602
v 0.06114591 0.0254 0.01559451
v 0.05494171 0.0254 -0.00836749
v 0.05360654 0.0254 -0.0047624
v 0.05302439 0.0254 -0.00096233
v 0.0532191 0.0254 0.00287713
v 0.07392219 0.0254 -0.01890252
v 0.072 0.0254 -0.019
v 0.072 0.0254 -0.0190673
v 0.0700778 0.0254 -0.01890252
v 0.0663121 0.0254 -0.01812865
v 0.06277926 0.0254 -0.01661259
v 0.05962392 0.0254 -0.0144164
v 0.08508855 0.0254 0.02418553
v 0.033 0.0254 0.00905
v 0.0391 0.0254 0.00905
v 0.03923398 0.0254 0.00955
v 0.03213397 0.0254 0.00955
v 0.0325 0.0254 0.00918397
v 0.0349 0.0254 0.01809474
v 0.03409474 0.0254 0.0211
v 0.0338 0.0254 0.02
v 0.03409474 0.0254 0.0189
v 0.0396 0.0254 0.0190673
v 0.0396 0.0254 0.02231731
v 0.03790526 0.0254 0.0211
v 0.0382 0.0254 0.02
v 0.03790526 0.0254 0.0189
v 0.0396 0.0254 0.00991603
v 0.0371 0.0254 0.01809474
v 0.036 0.0254 0.0178
v 0.0349 0.0254 0.02190526
v 0.036 0.0254 0.0222
v 0.0371 0.0254 0.02190526
v 0.03923398 0.0254 -0.00955
v 0.033 0.0254 -0.00905
v 0.0325 0.0254 -0.00918397
v 0.03213397 0.0254 -0.00955
v 0.0391 0.0254 -0.00905
v 0.032 0.0254 -0.01005
v 0.043675 0.0254 -0.00835
v 0.0406 0.0254 -0.00818397
v 0.04096603 0.0254 -0.00855
v 0.0406 0.0254 -0.00991603
v 0.0415 0.0254 -0.01518397
v 0.0411 0.0254 -0.00905
v 0.04096603 0.0254 -0.00955
v 0.043675 0.0254 -0.01505
v 0.042 0.0254 -0.01505
v 0.0415 0.0254 0.01518397
v 0.0401 0.0254 0.01005
v 0.04096603 0.0254 0.00955
v 0.0411 0.0254 0.00905
v 0.043675 0.0254 0.00835
v 0.04096603 0.0254 0.00855
v 0.0406 0.0254 0.00818397
v 0.042 0.0254 0.01505
v 0.0406 0.0254 0.00991603
v 0.043675 0.0254 0.01505
v 0.08092923 0.0254 0.02600998
v 0.08889085 0.0254 -0.02170136
v 0.09223241 0.0254 -0.01862524
v 0.08508855 0.0254 -0.02418553
v 0.05697526 0.0254 -0.01163001
v 0.0483189 0.0254 -0.01516868
v 0.04784638 0.0254 -0.01505
v 0.041 0.0254 -0.016425
v 0.041 0.0254 -0.01605
v 0.04113397 0.0254 -0.01555
v 0.0415 0.0254 -0.02236602
v 0.04113397 0.0254 -0.022
v 0.041 0.0254 -0.0215
v 0.041 0.0254 -0.0190673
v 0.05347652 0.0254 -0.0211534
v 0.05353041 0.0254 -0.0216269
v 0.05594425 0.0254 -0.0275
v 0.05335905 0.0254 -0.02207158
v 0.05300133 0.0254 -0.02238645
v 0.051325 0.0254 -0.0275
v 0.0525385 0.0254 -0.0225
v 0.051325 0.0254 -0.0225
v 0.043675 0.0254 -0.0275
v 0.043675 0.0254 -0.0225
v 0.042 0.0254 -0.0225
v 0.04867926 0.0254 -0.01549655
v 0.05078068 0.0254 -0.01826856
v 0.05320959 0.0254 -0.02075862
v 0.05300133 0.0254 0.02238645
v 0.05335905 0.0254 0.02207158
v 0.05353041 0.0254 0.0216269
v 0.05347652 0.0254 0.0211534
v 0.051325 0.0254 0.025
v 0.0525385 0.0254 0.0225
v 0.051325 0.0254 0.0225
v 0.043675 0.0254 0.0225
v 0.043675 0.0254 0.025
v 0.042 0.0254 0.0225
v 0.0396 0.0254 0.025
v 0.0415 0.0254 0.02236602
v 0.04113397 0.0254 0.01555
v 0.041 0.0254 0.01605
v 0.041 0.0254 0.0190673
v 0.041 0.0254 0.0215
v 0.04113397 0.0254 0.022
v 0.04867926 0.0254 0.01549655
v 0.05822894 0.0254 0.01309037
v 0.04784638 0.0254 0.01505
v 0.0483189 0.0254 0.01516868
v 0.059175 0.0254 -0.02221355
v 0.05857106 0.0254 -0.02160961
v 0.05835 0.0254 -0.02078461
v 0.05857106 0.0254 -0.01995961
v 0.059175 0.0254 -0.01935567
v 0.06 0.0254 -0.01913461
v 0.060825 0.0254 -0.01935567
v 0.06142894 0.0254 -0.01995961
v 0.06165 0.0254 -0.02078461
v 0.072 0.0254 -0.0275
v 0.07652635 0.0254 -0.02712494
v 0.08092923 0.0254 -0.02600998
v 0.06142894 0.0254 -0.02160961
v 0.060825 0.0254 -0.02221355
v 0.06 0.0254 -0.02243461
v 0.0401 0.0254 -0.00805
v 0.0401 0.0254 0.00805
v 0.07652635 0.0254 0.02712494
v 0.072 0.0254 0.0275
v 0.05594425 0.0254 0.0275
v 0.051325 0.0254 0.0275
v 0.043675 0.0254 0.0275
v 0.0396 0.0254 0.0275
v 0.0396 0.0294 0.02309231
v 0.05320959 0.0294 -0.02075862
v 0.05078068 0.0294 -0.01826856
v 0.05195 0.0294 -0.0178423
v 0.04096603 0.0294 -0.00955
v 0.0411 0.0294 -0.00905
v 0.04305 0.0294 -0.008975
v 0.0401 0.0294 0.01005
v 0.0396 0.0294 0.00991603
v 0.0415 0.0294 0.01518397
v 0.09502207 0.0294 0.01504107
v 0.09718376 0.0294 0.01104662
v 0.08895 0.0294 0.008975
v 0.08122074 0.0294 -0.01661259
v 0.08895 0.0294 -0.016425
v 0.08895 0.0294 -0.0178423
v 0.0396 0.0294 -0.016425
v 0.0396 0.0294 -0.0178423
v 0.036 0.0294 -0.0178
v 0.0349 0.0294 -0.01809474
v 0.032 0.0294 -0.0178423
v 0.032 0.0294 -0.016425
v 0.03409474 0.0294 -0.0189
v 0.0338 0.0294 -0.02
v 0.032 0.0294 -0.0275
v 0.0382 0.0294 -0.02
v 0.03790526 0.0294 -0.0189
v 0.0371 0.0294 -0.01809474
v 0.0371 0.0294 -0.02190526
v 0.03790526 0.0294 -0.0211
v 0.0396 0.0294 -0.0275
v 0.03409474 0.0294 -0.0211
v 0.0349 0.0294 -0.02190526
v 0.036 0.0294 -0.0222
v 0.06 0.0294 -0.01788461
v 0.05531925 0.0294 -0.0178423
v 0.06277926 0.0294 -0.01661259
v 0.05531925 0.0294 -0.016425
v 0.05962392 0.0294 -0.0144164
v 0.05855 0.0294 -0.01827314
v 0.05748853 0.0294 -0.01933461
v 0.0571 0.0294 -0.02078461
v 0.05748853 0.0294 -0.02223461
v 0.05531925 0.0294 -0.0275
v 0.05855 0.0294 -0.02329608
v 0.06 0.0294 -0.02368461
v 0.072 0.0294 -0.0275
v 0.06145 0.0294 -0.02329608
v 0.06251147 0.0294 -0.02223461
v 0.072 0.0294 -0.019
v 0.0629 0.0294 -0.02078461
v 0.0700778 0.0294 -0.01890252
v 0.0663121 0.0294 -0.01812865
v 0.06251147 0.0294 -0.01933461
v 0.06145 0.0294 -0.01827314
v 0.05697526 0.0294 -0.01163001
v 0.05531925 0.0294 -0.008975
v 0.05494171 0.0294 -0.00836749
v 0.05360654 0.0294 -0.0047624
v 0.05195 0.0294 -0.008975
v 0.05302439 0.0294 -0.00096233
v 0.05195 0.0294 0.008975
v 0.0532191 0.0294 0.00287713
v 0.05531925 0.0294 0.02235
v 0.05748853 0.0294 0.02223461
v 0.0571 0.0294 0.02078461
v 0.05531925 0.0294 0.008975
v 0.05748853 0.0294 0.01933461
v 0.05855 0.0294 0.01827314
v 0.08545 0.0294 0.01827314
v 0.08651147 0.0294 0.01933461
v 0.0869 0.0294 0.02078461
v 0.08889085 0.0294 0.02170136
v 0.05418271 0.0294 0.0065988
v 0.05587576 0.0294 0.01005032
v 0.05822894 0.0294 0.01309037
v 0.06 0.0294 0.01788461
v 0.06114591 0.0294 0.01559451
v 0.06145 0.0294 0.01827314
v 0.06450724 0.0294 0.0174602
v 0.06251147 0.0294 0.01933461
v 0.06817533 0.0294 0.01861107
v 0.0629 0.0294 0.02078461
v 0.072 0.0294 0.019
v 0.072 0.0294 0.02235
v 0.07582467 0.0294 0.01861107
v 0.08577106 0.0294 0.01309037
v 0.08285409 0.0294 0.01559451
v 0.08255 0.0294 0.01827314
v 0.08148853 0.0294 0.01933461
v 0.07949276 0.0294 0.0174602
v 0.0811 0.0294 0.02078461
v 0.084 0.0294 0.01788461
v 0.08812424 0.0294 0.01005032
v 0.08903747 0.0294 0.0084098
v 0.08981729 0.0294 0.0065988
v 0.09455 0.0294 0.00251147
v 0.096 0.0294 0.0029
v 0.09745 0.0294 0.00251147
v 0.0986585 0.0294 0.00675085
v 0.09851147 0.0294 0.00145
v 0.09940607 0.0294 0.00227093
v 0.0989 0.0294 -0
v 0.09940607 0.0294 -0.00227093
v 0.09851147 0.0294 -0.00145
v 0.09745 0.0294 -0.00251147
v 0.0986585 0.0294 -0.00675085
v 0.096 0.0294 -0.0029
v 0.09718376 0.0294 -0.01104662
v 0.09455 0.0294 -0.00251147
v 0.08437607 0.0294 -0.0144164
v 0.08702474 0.0294 -0.01163001
v 0.08895 0.0294 -0.008975
v 0.08896672 0.0294 -0.00855164
v 0.08905829 0.0294 -0.00836749
v 0.0869 0.0294 -0.02078461
v 0.08651147 0.0294 -0.01933461
v 0.08545 0.0294 -0.01827314
v 0.084 0.0294 -0.01788461
v 0.08255 0.0294 -0.01827314
v 0.0776879 0.0294 -0.01812865
v 0.08148853 0.0294 -0.01933461
v 0.07392219 0.0294 -0.01890252
v 0.0811 0.0294 -0.02078461
v 0.08148853 0.0294 -0.02223461
v 0.08255 0.0294 -0.02329608
v 0.08092923 0.0294 -0.02600998
v 0.084 0.0294 -0.02368461
v 0.08508855 0.0294 -0.02418553
v 0.08545 0.0294 -0.02329608
v 0.08889085 0.0294 -0.02170136
v 0.08651147 0.0294 -0.02223461
v 0.09223241 0.0294 -0.01862524
v 0.07652635 0.0294 -0.02712494
v 0.09502207 0.0294 -0.01504107
v 0.09289244 0.0294 -0.01788172
v 0.0907809 0.0294 0.00287713
v 0.09348853 0.0294 0.00145
v 0.09097561 0.0294 -0.00096233
v 0.0931 0.0294 -0
v 0.09039346 0.0294 -0.0047624
v 0.09348853 0.0294 -0.00145
v 0.09223241 0.0294 0.01862524
v 0.08651147 0.0294 0.02223461
v 0.08545 0.0294 0.02329608
v 0.08508855 0.0294 0.02418553
v 0.08092923 0.0294 0.02600998
v 0.084 0.0294 0.02368461
v 0.08255 0.0294 0.02329608
v 0.0349 0.0294 0.02190526
v 0.03409474 0.0294 0.0211
v 0.0338 0.0294 0.02
v 0.036 0.0294 0.0222
v 0.0396 0.0294 0.02235
v 0.0371 0.0294 0.02190526
v 0.03790526 0.0294 0.0211
v 0.0382 0.0294 0.02
v 0.03790526 0.0294 0.0189
v 0.0325 0.0294 0.00918397
v 0.03213397 0.0294 0.00955
v 0.033 0.0294 0.00905
v 0.0391 0.0294 0.00905
v 0.03923398 0.0294 0.00955
v 0.03409474 0.0294 0.0189
v 0.0349 0.0294 0.01809474
v 0.036 0.0294 0.0178
v 0.0371 0.0294 0.01809474
v 0.04096603 0.0294 0.00955
v 0.0406 0.0294 0.00991603
v 0.04305 0.0294 0.01505
v 0.0411 0.0294 0.00905
v 0.0415 0.0294 0.02236602
v 0.04113397 0.0294 0.022
v 0.042 0.0294 0.01505
v 0.041 0.0294 0.0215
v 0.041 0.0294 0.01605
v 0.04113397 0.0294 0.01555
v 0.04096603 0.0294 -0.00855
v 0.0406 0.0294 -0.00818397
v 0.04305 0.0294 0.008975
v 0.0401 0.0294 -0.00805
v 0.0401 0.0294 0.00805
v 0.0406 0.0294 0.00818397
v 0.04096603 0.0294 0.00855
v 0.0401 0.0294 -0.01005
v 0.0415 0.0294 -0.01518397
v 0.04113397 0.0294 -0.01555
v 0.042 0.0294 -0.01505
v 0.0406 0.0294 -0.00991603
v 0.04305 0.0294 -0.01505
v 0.033 0.0294 -0.00905
v 0.0391 0.0294 -0.00905
v 0.03923398 0.0294 -0.00955
v 0.03213397 0.0294 -0.00955
v 0.0325 0.0294 -0.00918397
v 0.032 0.0294 -0.01005
v 0.0396 0.0294 -0.00991603
v 0.08148853 0.0294 0.02223461
v 0.072 0.0294 0.02309231
v 0.07652635 0.0294 0.02712494
v 0.072 0.0294 0.0275
v 0.06145 0.0294 0.02329608
v 0.05531925 0.0294 0.0275
v 0.06 0.0294 0.02368461
v 0.05855 0.0294 0.02329608
v 0.06251147 0.0294 0.02223461
v 0.04784638 0.0294 -0.01505
v 0.0483189 0.0294 -0.01516868
v 0.04867926 0.0294 -0.01549655
v 0.0504351 0.0294 -0.01785932
v 0.05195 0.0294 -0.016425
v 0.05335905 0.0294 -0.02207158
v 0.05353041 0.0294 -0.0216269
v 0.05347652 0.0294 -0.0211534
v 0.04305 0.0294 -0.0275
v 0.05195 0.0294 -0.0225
v 0.05195 0.0294 -0.0275
v 0.0525385 0.0294 -0.0225
v 0.05300133 0.0294 -0.02238645
v 0.041 0.0294 -0.0215
v 0.04113397 0.0294 -0.022
v 0.0415 0.0294 -0.02236602
v 0.042 0.0294 -0.0225
v 0.04305 0.0294 -0.0225
v 0.041 0.0294 -0.01605
v 0.041 0.0294 -0.016425
v 0.041 0.0294 -0.0178423
v 0.04305 0.0294 0.02309231
v 0.042 0.0294 0.0225
v 0.04305 0.0294 0.0225
v 0.05195 0.0294 0.02309231
v 0.05195 0.0294 0.0225
v 0.05531925 0.0294 0.02309231
v 0.05353041 0.0294 0.0216269
v 0.05335905 0.0294 0.02207158
v 0.05300133 0.0294 0.02238645
v 0.0525385 0.0294 0.0225
v 0.0483189 0.0294 0.01516868
v 0.04867926 0.0294 0.01549655
v 0.05078068 0.0294 0.01826856
v 0.05320959 0.0294 0.02075862
v 0.05347652 0.0294 0.0211534
v 0.04784638 0.0294 0.01505
v 0.0451 0.0294 -0
v 0.04548853 0.0294 0.00145
v 0.04548853 0.0294 -0.00145
v 0.04655 0.0294 -0.00251147
v 0.048 0.0294 -0.0029
v 0.04945 0.0294 -0.00251147
v 0.05051148 0.0294 0.00145
v 0.0509 0.0294 -0
v 0.05051148 0.0294 -0.00145
v 0.04945 0.0294 0.00251147
v 0.048 0.0294 0.0029
v 0.04655 0.0294 0.00251147
v 0.05195 0.0294 0.0275
v 0.04305 0.0294 0.0275
v 0.0396 0.0294 0.0275
v 0.096 0.0274 0.00165
v 0.096825 0.0274 0.00142894
v 0.09742894 0.0274 0.000825
v 0.09765 0.0274 -0
v 0.09742894 0.0274 -0.000825
v 0.096825 0.0274 -0.00142894
v 0.096 0.0274 -0.00165
v 0.095175 0.0274 -0.00142894
v 0.09457105 0.0274 -0.000825
v 0.09435 0.0274 -0
v 0.09457105 0.0274 0.000825
v 0.095175 0.0274 0.00142894
v 0.06 0.0274 -0.01913461
v 0.060825 0.0274 -0.01935567
v 0.06142894 0.0274 -0.01995961
v 0.06165 0.0274 -0.02078461
v 0.06142894 0.0274 -0.02160961
v 0.060825 0.0274 -0.02221355
v 0.06 0.0274 -0.02243461
v 0.059175 0.0274 -0.02221355
v 0.05857106 0.0274 -0.02160961
v 0.05835 0.0274 -0.02078461
v 0.05857106 0.0274 -0.01995961
v 0.059175 0.0274 -0.01935567
v 0.048 0.0274 -0.0029
v 0.04655 0.0274 -0.00251147
v 0.04548853 0.0274 -0.00145
v 0.0451 0.0274 -0
v 0.04548853 0.0274 0.00145
v 0.04655 0.0274 0.00251147
v 0.048 0.0274 0.0029
v 0.04945 0.0274 0.00251147
v 0.05051148 0.0274 0.00145
v 0.0509 0.0274 -0
v 0.05051148 0.0274 -0.00145
v 0.04945 0.0274 -0.00251147
v 0.08148853 0.0274 0.01933461
v 0.0811 0.0274 0.02078461
v 0.08148853 0.0274 0.02223461
v 0.08255 0.0274 0.02329608
v 0.084 0.0274 0.02368461
v 0.08545 0.0274 0.02329608
v 0.08651147 0.0274 0.02223461
v 0.0869 0.0274 0.02078461
v 0.08651147 0.0274 0.01933461
v 0.08545 0.0274 0.01827314
v 0.084 0.0274 0.01788461
v 0.08255 0.0274 0.01827314
v 0.06145 0.0274 0.02329608
v 0.06251147 0.0274 0.02223461
v 0.0629 0.0274 0.02078461
v 0.06251147 0.0274 0.01933461
v 0.06145 0.0274 0.01827314
v 0.06 0.0274 0.01788461
v 0.05855 0.0274 0.01827314
v 0.05748853 0.0274 0.01933461
v 0.0571 0.0274 0.02078461
v 0.05748853 0.0274 0.02223461
v 0.05855 0.0274 0.02329608
v 0.06 0.0274 0.02368461
v 0.06145 0.0274 -0.01827314
v 0.06251147 0.0274 -0.01933461
v 0.0629 0.0274 -0.02078461
v 0.06251147 0.0274 -0.02223461
v 0.06145 0.0274 -0.02329608
v 0.06 0.0274 -0.02368461
v 0.05855 0.0274 -0.02329608
v 0.05748853 0.0274 -0.02223461
v 0.0571 0.0274 -0.02078461
v 0.05748853 0.0274 -0.01933461
v 0.05855 0.0274 -0.01827314
v 0.06 0.0274 -0.01788461
v 0.08545 0.0274 -0.02329608
v 0.084 0.0274 -0.02368461
v 0.08255 0.0274 -0.02329608
v 0.08148853 0.0274 -0.02223461
v 0.0811 0.0274 -0.02078461
v 0.08148853 0.0274 -0.01933461
v 0.08255 0.0274 -0.01827314
v 0.084 0.0274 -0.01788461
v 0.08545 0.0274 -0.01827314
v 0.08651147 0.0274 -0.01933461
v 0.0869 0.0274 -0.02078461
v 0.08651147 0.0274 -0.02223461
v 0.09455 0.0274 -0.00251147
v 0.09348853 0.0274 -0.00145
v 0.0931 0.0274 -0
v 0.09348853 0.0274 0.00145
v 0.09455 0.0274 0.00251147
v 0.096 0.0274 0.0029
v 0.09745 0.0274 0.00251147
v 0.09851147 0.0274 0.00145
v 0.0989 0.0274 -0
v 0.09851147 0.0274 -0.00145
v 0.09745 0.0274 -0.00251147
v 0.096 0.0274 -0.0029
v 0.04 0.01005 -0.0335
v 0.04 0.01005 -0.0375
v 0.04 0.01650947 -0.0335
v 0.04 0.01650947 -0.0375
v 0.04 0.0238 -0.0335
v 0.04 0.0238 -0.0375
v 0.04 0.0254 -0.0375
v 0.04 -0.0254 -0.0375
v 0.0391 -0.0254 -0.0375
v 0.0391 -0.01650947 -0.0375
v 0.00909327 -0.00525 -0.0375
v 0.00998609 -0.00324468 -0.0375
v 0.01184875 -0.0030375 -0.0375
v -0.00299962 0.00519637 -0.0375
v 0.0037266 0.0090791 -0.0375
v 0.0037266 0.0030375 -0.0375
v 0.0319 -0.0030375 -0.0375
v 0.0319 -0.00805 -0.0375
v 0.03035 -0.0030375 -0.0375
v 0.0314 -0.00818397 -0.0375
v 0.0329 -0.00905 -0.0375
v 0.039 -0.00905 -0.0375
v 0.03276603 -0.00955 -0.0375
v 0.03103397 -0.00955 -0.0375
v 0.03035 -0.01650947 -0.0375
v 0.0309 -0.00905 -0.0375
v 0.03103397 -0.00855 -0.0375
v 0.0314 -0.00991603 -0.0375
v 0.0319 -0.01005 -0.0375
v 0.0324 -0.00991603 -0.0375
v 0.0391 0.01650947 -0.0375
v 0.039 0.00905 -0.0375
v 0.0329 0.00905 -0.0375
v 0.0319 0.00805 -0.0375
v 0.0319 0.0030375 -0.0375
v 0.0314 0.00818397 -0.0375
v 0.03035 0.0030375 -0.0375
v 0.03276603 0.00955 -0.0375
v 0.0324 0.00991603 -0.0375
v 0.03035 0.01650947 -0.0375
v 0.0319 0.01005 -0.0375
v 0.0314 0.00991603 -0.0375
v 0.03103397 0.00955 -0.0375
v 0.0309 0.00905 -0.0375
v 0.03103397 0.00855 -0.0375
v 0.03986603 0.00955 -0.0375
v 0.0395 0.00918397 -0.0375
v 0.03035 0.0238 -0.0375
v 0.02922825 0.0238 -0.0375
v 0.01659855 0.01650947 -0.0375
v 0.0259 0.00331795 -0.0375
v 0.0249 0.00305 -0.0375
v 0.01184875 0.0030375 -0.0375
v 0.01623261 0.00305 -0.0375
v 0.02663205 0.00405 -0.0375
v 0.0269 0.00505 -0.0375
v 0.0269 0.01321894 -0.0375
v 0.02663207 0.01421891 -0.0375
v 0.01432289 0.00445588 -0.0375
v 0.01473517 0.00372422 -0.0375
v 0.0154115 0.00322633 -0.0375
v 0.02590006 0.01495096 -0.0375
v 0.02490011 0.01521894 -0.0375
v 0.02390013 0.01495107 -0.0375
v 0.01184875 0.01376763 -0.0375
v 0.01419762 0.00935027 -0.0375
v 0.01348547 0.00865206 -0.0375
v 0.01319904 0.00769675 -0.0375
v 0.01340955 0.00672189 -0.0375
v 0.00619131 0.00638893 -0.0375
v 0.00730081 0.00647208 -0.0375
v 0.0083365 0.0060656 -0.0375
v 0.00522777 0.00583263 -0.0375
v 0.00460102 0.00491335 -0.0375
v -0.00299962 -0.00519637 -0.0375
v -0.0043981 -0.00408127 -0.0375
v 0.0037266 -0.0030375 -0.0375
v 0 -0.003025 -0.0375
v 0.0013125 -0.00272543 -0.0375
v 0.00236504 0.00188606 -0.0375
v 0.0013125 0.00272543 -0.0375
v 0.00236504 -0.00188606 -0.0375
v 0.00294916 -0.00067313 -0.0375
v 0.00294916 0.00067313 -0.0375
v 0 0.003025 -0.0375
v -0.0043981 0.00408127 -0.0375
v -0.0013125 0.00272543 -0.0375
v -0.00236504 0.00188606 -0.0375
v -0.00540573 0.00260347 -0.0375
v -0.00294916 0.00067313 -0.0375
v -0.00593297 0.00089432 -0.0375
v -0.00593297 -0.00089432 -0.0375
v -0.00294916 -0.00067313 -0.0375
v -0.00540573 -0.00260347 -0.0375
v -0.00236504 -0.00188606 -0.0375
v -0.0013125 -0.00272543 -0.0375
v 0.0037266 -0.0090791 -0.0375
v 0.00443519 -0.00381317 -0.0375
v 0.00460102 -0.00491335 -0.0375
v 0.00522777 -0.00583263 -0.0375
v 0.00619131 -0.00638893 -0.0375
v 0.01184875 -0.01376763 -0.0375
v 0.00730081 -0.00647208 -0.0375
v 0.0083365 -0.0060656 -0.0375
v 0.03035 -0.02444753 -0.0375
v 0.01659855 -0.01650947 -0.0375
v 0.02490011 -0.01521894 -0.0375
v 0.02590006 -0.01495096 -0.0375
v 0.0154115 -0.00322633 -0.0375
v 0.01473517 -0.00372422 -0.0375
v 0.01432289 -0.00445588 -0.0375
v 0.01340955 -0.00672189 -0.0375
v 0.01319904 -0.00769675 -0.0375
v 0.01348547 -0.00865206 -0.0375
v 0.01419762 -0.00935027 -0.0375
v 0.02390013 -0.01495107 -0.0375
v 0.02663207 -0.01421891 -0.0375
v 0.0269 -0.01321894 -0.0375
v 0.0269 -0.00505 -0.0375
v 0.02663205 -0.00405 -0.0375
v 0.0259 -0.00331795 -0.0375
v 0.0249 -0.00305 -0.0375
v 0.01623261 -0.00305 -0.0375
v 0.0371 -0.02190526 -0.0375
v 0.03790526 -0.0211 -0.0375
v 0.0382 -0.02 -0.0375
v 0.03790526 -0.0189 -0.0375
v 0.0349 -0.01809474 -0.0375
v 0.036 -0.0178 -0.0375
v 0.0371 -0.01809474 -0.0375
v 0.03409474 -0.0189 -0.0375
v 0.0338 -0.02 -0.0375
v 0.03409474 -0.0211 -0.0375
v 0.032 -0.0254 -0.0375
v 0.0349 -0.02190526 -0.0375
v 0.036 -0.0222 -0.0375
v 0.0055 -0 -0.0375
v 0.00531259 -0.0014235 -0.0375
v 0.00476314 -0.00275 -0.0375
v 0.00443519 0.00381317 -0.0375
v 0.00476314 0.00275 -0.0375
v 0.00531259 0.0014235 -0.0375
v 0.01044248 -0.00109755 -0.0375
v 0.01044248 0.00109755 -0.0375
v 0.00998609 0.00324468 -0.0375
v 0.00909327 0.00525 -0.0375
v 0.0382 0.02 -0.0375
v 0.03790526 0.0211 -0.0375
v 0.0391 0.0238 -0.0375
v 0.03409474 0.0211 -0.0375
v 0.0338 0.02 -0.0375
v 0.03409474 0.0189 -0.0375
v 0.0349 0.01809474 -0.0375
v 0.036 0.0178 -0.0375
v 0.0371 0.01809474 -0.0375
v 0.03790526 0.0189 -0.0375
v 0.0371 0.02190526 -0.0375
v 0.036 0.0222 -0.0375
v 0.0349 0.02190526 -0.0375
v 0.0395 -0.00918397 -0.0375
v 0.03986603 -0.00955 -0.0375
v 0.04 -0.01005 -0.0375
v 0.04 -0.01650947 -0.0375
v 0.03035 0.02444753 -0.0375
v 0.032 0.0254 -0.0375
v 0.0391 0.0254 -0.0375
v 0.0391 0.0238 -0.0335
v 0.0314 -0.00818397 -0.0335
v 0.0319 -0.00805 -0.0335
v 0.0319 -0.002775 -0.0335
v 0.00443519 -0.00381317 -0.0335
v 0.00476314 -0.00275 -0.0335
v 0.0034641 -0.002775 -0.0335
v 0.0154115 -0.00322633 -0.0335
v 0.01623261 -0.00305 -0.0335
v 0.01184875 -0.002775 -0.0335
v 0.03035 -0.02444753 -0.0335
v 0.03035 -0.01650947 -0.0335
v 0.01659855 -0.01650947 -0.0335
v 0.03790526 -0.0211 -0.0335
v 0.0391 -0.0254 -0.0335
v 0.0382 -0.02 -0.0335
v 0.0391 -0.01650947 -0.0335
v 0.03790526 -0.0189 -0.0335
v 0.03409474 -0.0189 -0.0335
v 0.0349 -0.01809474 -0.0335
v 0.036 -0.0178 -0.0335
v 0.0371 -0.01809474 -0.0335
v 0.0371 -0.02190526 -0.0335
v 0.036 -0.0222 -0.0335
v 0.032 -0.0254 -0.0335
v 0.0349 -0.02190526 -0.0335
v 0.03409474 -0.0211 -0.0335
v 0.0338 -0.02 -0.0335
v 0.0249 -0.00305 -0.0335
v 0.0259 -0.00331795 -0.0335
v 0.03035 -0.002775 -0.0335
v 0.01348547 -0.00865206 -0.0335
v 0.01319904 -0.00769675 -0.0335
v 0.01184875 -0.01376763 -0.0335
v 0.02663205 -0.00405 -0.0335
v 0.0269 -0.00505 -0.0335
v 0.0269 -0.01321894 -0.0335
v 0.02663207 -0.01421891 -0.0335
v 0.01340955 -0.00672189 -0.0335
v 0.01432289 -0.00445588 -0.0335
v 0.01473517 -0.00372422 -0.0335
v 0.02590006 -0.01495096 -0.0335
v 0.02490011 -0.01521894 -0.0335
v 0.02390013 -0.01495107 -0.0335
v 0.01419762 -0.00935027 -0.0335
v 0.00460102 -0.00491335 -0.0335
v 0.00998609 -0.00324468 -0.0335
v 0.00909327 -0.00525 -0.0335
v 0.0083365 -0.0060656 -0.0335
v 0.00730081 -0.00647208 -0.0335
v 0.0034641 -0.00892757 -0.0335
v 0.00619131 -0.00638893 -0.0335
v 0.00522777 -0.00583263 -0.0335
v -0.00299962 -0.00519637 -0.0335
v -0.0043981 -0.00408127 -0.0335
v -0.00299962 0.00519637 -0.0335
v -0.0043981 0.00408127 -0.0335
v 0.0034641 0.002775 -0.0335
v 0.00059829 0.00242735 -0.0335
v 0.00165781 0.00187128 -0.0335
v -0.00233754 0.00088651 -0.0335
v -0.00165781 0.00187128 -0.0335
v -0.00059829 0.00242735 -0.0335
v -0.00248177 -0.00030134 -0.0335
v -0.00540573 -0.00260347 -0.0335
v -0.00205746 -0.00142016 -0.0335
v -0.00116181 -0.00221364 -0.0335
v 0 -0.0025 -0.0335
v 0.00116181 -0.00221364 -0.0335
v 0.00233754 0.00088651 -0.0335
v 0.00248177 -0.00030134 -0.0335
v 0.00205746 -0.00142016 -0.0335
v -0.00540573 0.00260347 -0.0335
v -0.00593297 0.00089432 -0.0335
v -0.00593297 -0.00089432 -0.0335
v 0.00476314 0.00275 -0.0335
v 0.00443519 0.00381317 -0.0335
v 0.0034641 0.00892757 -0.0335
v 0.00460102 0.00491335 -0.0335
v 0.00522777 0.00583263 -0.0335
v 0.00619131 0.00638893 -0.0335
v 0.01184875 0.01376763 -0.0335
v 0.00730081 0.00647208 -0.0335
v 0.0083365 0.0060656 -0.0335
v 0.03035 0.002775 -0.0335
v 0.02663205 0.00405 -0.0335
v 0.0259 0.00331795 -0.0335
v 0.03035 0.01650947 -0.0335
v 0.02490011 0.01521894 -0.0335
v 0.02590006 0.01495096 -0.0335
v 0.01623261 0.00305 -0.0335
v 0.0154115 0.00322633 -0.0335
v 0.01184875 0.002775 -0.0335
v 0.02663207 0.01421891 -0.0335
v 0.0269 0.01321894 -0.0335
v 0.0269 0.00505 -0.0335
v 0.0249 0.00305 -0.0335
v 0.01473517 0.00372422 -0.0335
v 0.01432289 0.00445588 -0.0335
v 0.01340955 0.00672189 -0.0335
v 0.00909327 0.00525 -0.0335
v 0.01319904 0.00769675 -0.0335
v 0.02390013 0.01495107 -0.0335
v 0.01659855 0.01650947 -0.0335
v 0.01419762 0.00935027 -0.0335
v 0.01348547 0.00865206 -0.0335
v 0.03035 0.0238 -0.0335
v 0.02922825 0.0238 -0.0335
v 0.0391 0.0254 -0.0335
v 0.032 0.0254 -0.0335
v 0.03035 0.02444753 -0.0335
v 0.0395 0.00918397 -0.0335
v 0.03986603 0.00955 -0.0335
v 0.039 0.00905 -0.0335
v 0.0319 0.002775 -0.0335
v 0.0319 0.00805 -0.0335
v 0.0314 0.00818397 -0.0335
v 0.0391 0.01650947 -0.0335
v 0.03276603 0.00955 -0.0335
v 0.0329 0.00905 -0.0335
v 0.03103397 0.00955 -0.0335
v 0.0309 0.00905 -0.0335
v 0.03103397 0.00855 -0.0335
v 0.0314 0.00991603 -0.0335
v 0.0319 0.01005 -0.0335
v 0.0324 0.00991603 -0.0335
v 0.039 -0.00905 -0.0335
v 0.0329 -0.00905 -0.0335
v 0.03276603 -0.00955 -0.0335
v 0.0324 -0.00991603 -0.0335
v 0.0319 -0.01005 -0.0335
v 0.0314 -0.00991603 -0.0335
v 0.03103397 -0.00955 -0.0335
v 0.0309 -0.00905 -0.0335
v 0.03103397 -0.00855 -0.0335
v 0.00531259 -0.0014235 -0.0335
v 0.0055 -0 -0.0335
v 0.00531259 0.0014235 -0.0335
v 0.00998609 0.00324468 -0.0335
v 0.01044248 0.00109755 -0.0335
v 0.01044248 -0.00109755 -0.0335
v 0.03986603 -0.00955 -0.0335
v 0.0395 -0.00918397 -0.0335
v 0.04 -0.01005 -0.0335
v 0.04 -0.01650947 -0.0335
v 0.0382 0.02 -0.0335
v 0.03790526 0.0189 -0.0335
v 0.03790526 0.0211 -0.0335
v 0.0371 0.02190526 -0.0335
v 0.036 0.0222 -0.0335
v 0.03409474 0.0189 -0.0335
v 0.0338 0.02 -0.0335
v 0.03409474 0.0211 -0.0335
v 0.0349 0.02190526 -0.0335
v 0.0371 0.01809474 -0.0335
v 0.036 0.0178 -0.0335
v 0.0349 0.01809474 -0.0335
v -0.00108471 -0.00225242 -0.036975
v -0.00116181 -0.00221364 -0.036975
v -0.00195458 -0.00155872 -0.036975
v -0.00205746 -0.00142016 -0.036975
v -0.00243732 -0.0005563 -0.036975
v -0.00248177 -0.00030134 -0.036975
v -0.00243732 0.0005563 -0.036975
v -0.00233754 0.00088651 -0.036975
v -0.00195458 0.00155872 -0.036975
v -0.00165781 0.00187128 -0.036975
v -0.00108471 0.00225242 -0.036975
v -0.00059829 0.00242735 -0.036975
v 0 0.0025 -0.036975
v 0.00059829 0.00242735 -0.036975
v 0.00108471 0.00225242 -0.036975
v 0.00165781 0.00187128 -0.036975
v 0.00195458 0.00155872 -0.036975
v 0.00233754 0.00088651 -0.036975
v 0.00243732 0.0005563 -0.036975
v 0.00248177 -0.00030134 -0.036975
v 0.00243732 -0.0005563 -0.036975
v 0.00205746 -0.00142016 -0.036975
v 0.00195458 -0.00155872 -0.036975
v 0.00116181 -0.00221364 -0.036975
v 0.00108471 -0.00225242 -0.036975
v 0 -0.0025 -0.036975
v 0.01397956 -0.01449823 0.0335
v 0.01398299 -0.01501586 0.0335
v 0.00788111 -0.01556061 0.0335
v 0.006 -0.0158923 0.0335
v 0.03986603 0.00955 0.0335
v 0.0395 0.00918397 0.0335
v 0.039 0.00905 0.0335
v 0.0371 0.01809474 0.0335
v 0.03790526 0.0189 0.0335
v 0.04 0.01005 0.0335
v 0.0382 0.02 0.0335
v 0.03790526 0.0211 0.0335
v 0.0371 0.02190526 0.0335
v 0.032 0.0254 0.0335
v 0.0319 0.01005 0.0335
v 0.0338 0.02 0.0335
v 0.0324 0.00991603 0.0335
v 0.03276603 0.00955 0.0335
v 0.0371 -0.02190526 0.0335
v 0.036 -0.0222 0.0335
v 0.032 -0.0254 0.0335
v 0.0349 -0.02190526 0.0335
v 0.03409474 -0.0211 0.0335
v 0.01978124 -0.00605 0.0335
v 0.03103397 0.00855 0.0335
v 0.0259 -0.00605 0.0335
v 0.0314 0.00818397 0.0335
v 0.0264 -0.00618397 0.0335
v 0.02676602 -0.00655 0.0335
v 0.036 0.0222 0.0335
v 0.0349 0.02190526 0.0335
v 0.03409474 0.0211 0.0335
v 0.03790526 -0.0211 0.0335
v 0.0382 -0.02 0.0335
v 0.04 -0.01005 0.0335
v 0.03790526 -0.0189 0.0335
v 0.0371 -0.01809474 0.0335
v 0.0395 -0.00918397 0.0335
v 0.03986603 -0.00955 0.0335
v 0.039 -0.00905 0.0335
v 0.036 0.0178 0.0335
v 0.0329 0.00905 0.0335
v 0.0349 0.01809474 0.0335
v 0.03409474 0.0189 0.0335
v 0.00852133 0.00046134 0.0335
v 0.0085 0 0.0335
v 0.00841348 0.00120968 0.0335
v -0.00411784 -0.01594243 0.0335
v -0.00275991 -0.01470452 0.0335
v 0.0338 -0.02 0.0335
v 0.0319 0.00805 0.0335
v 0.0319 -0.00805 0.0335
v 0.0314 -0.00818397 0.0335
v 0.03103397 -0.00855 0.0335
v 0.0269 -0.00705 0.0335
v 0.0309 -0.00905 0.0335
v 0.0269 -0.0176079 0.0335
v 0.0319 -0.01005 0.0335
v 0.0324 -0.00991603 0.0335
v 0.03276603 -0.00955 0.0335
v 0.0329 -0.00905 0.0335
v 0.00773187 0.00353103 0.0335
v 0.00689835 0.00496617 0.0335
v 0.00788111 0.005224 0.0335
v -0.00415854 -0.01596736 0.0335
v 0.02609996 -0.01858771 0.0335
v 0.02651138 -0.01839924 0.0335
v 0.036 -0.0178 0.0335
v 0.0267976 -0.01804871 0.0335
v 0.0264 0.00618397 0.0335
v 0.02676602 0.00655 0.0335
v 0.0267976 0.01804871 0.0335
v 0.02651138 0.01839924 0.0335
v 0.01397956 0.01449823 0.0335
v 0.01076314 0.0131423 0.0335
v 0.01398299 0.01501586 0.0335
v 0.00953533 0.01460555 0.0335
v -0.00194087 -0.01305966 0.0335
v 0.00246467 -0.01460555 0.0335
v 0 -0.0085 0.0335
v -0.00227418 -0.00946265 0.0335
v -0.00239473 -0.00815569 0.0335
v -0.00338152 -0.0079963 0.0335
v -0.00425 -0.00736122 0.0335
v 0.0314 -0.00991603 0.0335
v 0.03103397 -0.00955 0.0335
v 0.01938311 -0.00613267 0.0335
v 0.01978124 0.00605 0.0335
v 0.0259 0.00605 0.0335
v 0.0269 0.00705 0.0335
v 0.0314 0.00991603 0.0335
v 0.03103397 0.00955 0.0335
v 0.0309 0.00905 0.0335
v 0.00841348 -0.00120968 0.0335
v 0.00869087 -0.00136831 0.0335
v 0.00085165 -0.00845723 0.0335
v 0.00058356 -0.00943724 0.0335
v -0.00177133 -0.01123 0.0335
v 0.00058356 -0.01134737 0.0335
v 0.00123686 -0.0131423 0.0335
v 0.0269 0.0176079 0.0335
v 0.00773187 -0.00353103 0.0335
v 0.00950991 -0.00301317 0.0335
v 0.00689835 -0.00496617 0.0335
v 0.01883928 -0.00671429 0.0335
v 0.01830913 -0.00136831 0.0335
v 0.01847867 0.00046134 0.0335
v 0.01905081 0.00636702 0.0335
v 0.01686848 0.00369504 0.0335
v 0.01883928 0.00671429 0.0335
v 0.01530621 0.00466236 0.0335
v 0.01905081 -0.00636702 0.0335
v 0.01938311 0.00613267 0.0335
v 0.01797581 0.00222869 0.0335
v 0.01424477 -0.01546242 0.0335
v 0.01469476 -0.01571827 0.0335
v 0.02564758 -0.01857552 0.0335
v 0.00788111 0.01556061 0.0335
v 0.006 0.0158923 0.0335
v 0.01424477 0.01546242 0.0335
v 0.01469476 0.01571827 0.0335
v -0.00415854 0.01596736 0.0335
v -0.00338152 0.01538639 0.0335
v -0.00227418 0.01392003 0.0335
v 0.01423541 0.01404824 0.0335
v 0.0135 0.005 0.0335
v 0.01612148 0.01183629 0.0335
v 0.01766699 0.0093743 0.0335
v 0.0349 -0.01809474 0.0335
v 0.03409474 -0.0189 0.0335
v 0.00411889 -0.01556061 0.0335
v 0.01169379 0.00466236 0.0335
v 0.01076314 0.0076423 0.0335
v 0.01141644 0.00943724 0.0335
v 0.01141644 0.01134737 0.0335
v 0.00902418 0.00222869 0.0335
v 0.01013152 0.00369504 0.0335
v 0.00953533 0.00617906 0.0335
v 0.01612148 -0.01183629 0.0335
v 0.01441875 -0.00491487 0.0335
v 0.01766699 -0.0093743 0.0335
v 0.01613216 -0.00425109 0.0335
v 0.01749009 -0.00301317 0.0335
v -0.00425 0.00736122 0.0335
v -0.00411784 0.00744026 0.0335
v -0.00239473 0.00815569 0.0335
v -0.00275991 0.00867817 0.0335
v 0 0.0085 0.0335
v -0.00194087 0.01032303 0.0335
v 0.00085165 0.00845723 0.0335
v 0.00058356 0.00943724 0.0335
v 0.00058356 0.01134737 0.0335
v -0.00177133 0.01215268 0.0335
v 0.01141644 -0.01134737 0.0335
v 0.01141644 -0.00943724 0.0335
v 0.01258125 -0.00491487 0.0335
v 0.01076314 -0.0076423 0.0335
v 0.01086784 -0.00425109 0.0335
v 0.00953533 -0.00617906 0.0335
v 0.00788111 -0.005224 0.0335
v 0.02609996 0.01858771 0.0335
v 0.02564758 0.01857552 0.0335
v 0.00411889 0.01556061 0.0335
v 0.00246467 0.01460555 0.0335
v 0.00123686 0.0131423 0.0335
v 0.00953533 -0.01460555 0.0335
v 0.01076314 -0.0131423 0.0335
v 0.01423541 -0.01404824 0.0335
v -0.01253008 0.01073532 0.0335
v -0.01174887 0.01158508 0.0335
v -0.01155913 0.01032303 0.0335
v -0.00773187 0.00353103 0.0335
v -0.00775 0.00349106 0.0335
v -0.00846467 0.00421324 0.0335
v -0.01074009 0.00867817 0.0335
v -0.01574538 0.00493285 0.0335
v -0.01443234 0.00799734 0.0335
v -0.00642387 0.00556632 0.0335
v -0.01388111 0.00516831 0.0335
v -0.01553533 0.00421324 0.0335
v -0.01608333 0.00368462 0.0335
v -0.00459545 0.00715066 0.0335
v -0.00583125 0.00677648 0.0335
v -0.00766875 0.00677648 0.0335
v -0.00938216 0.00744026 0.0335
v -0.01011889 0.00516831 0.0335
v -0.012 0.0055 0.0335
v 0.04 -0.01005 0.0375
v 0.04 -0.01286682 0.0375
v 0.04 -0.01557067 0.0375
v 0.04 -0.02040395 0.0375
v 0.04 -0.0254 0.0375
v 0.04 0.0254 0.0375
v 0.0391 0.0254 0.0375
v 0.0391 0.01557067 0.0375
v 0.012675 0.00142894 0.0375
v 0.0135 0.00165 0.0375
v 0.010175 0.004025 0.0375
v -0.00055 0.01690872 0.0375
v -0.00055 0.01557067 0.0375
v 0.00825 0.01557067 0.0375
v -0.00416495 0.01596569 0.0375
v 0.039 -0.00905 0.0375
v 0.0391 -0.00927067 0.0375
v 0.0395 -0.00918397 0.0375
v -0.00532106 -0.01251634 0.0375
v -0.005925 -0.01312029 0.0375
v -0.00055 -0.01286682 0.0375
v 0.00841348 0.00120968 0.0375
v 0.00825 0.004025 0.0375
v 0.00773187 0.00353103 0.0375
v 0.00841348 -0.00120968 0.0375
v 0.00825 -0.001825 0.0375
v 0.010175 -0.001825 0.0375
v 0.007 -0.00866025 0.0375
v 0.00773205 -0.00939231 0.0375
v 0.00825 -0.00927067 0.0375
v 0.00426795 -0.00939231 0.0375
v 0.005 -0.00866025 0.0375
v 0.00459545 -0.00715066 0.0375
v 0.00642387 -0.00556632 0.0375
v 0.006 -0.00839231 0.0375
v 0.00773187 -0.00353103 0.0375
v -0.00055 -0.00927067 0.0375
v 0.00426795 -0.0113923 0.0375
v 0.008 -0.0103923 0.0375
v 0.00773205 -0.0113923 0.0375
v 0.00825 -0.01286682 0.0375
v 0.00239473 -0.00815569 0.0375
v 0.004 -0.0103923 0.0375
v 0.007 -0.01212436 0.0375
v 0.006 -0.0123923 0.0375
v 0.005 -0.01212436 0.0375
v -0.01026795 0.001 0.0375
v -0.01 0 0.0375
v -0.00845 -0.001825 0.0375
v -0.01373205 -0.001 0.0375
v -0.014 0 0.0375
v -0.01641558 0.00166697 0.0375
v -0.01373205 0.001 0.0375
v -0.01574538 0.00493285 0.0375
v -0.013 0.00173205 0.0375
v -0.012 0.002 0.0375
v -0.00845 0.004025 0.0375
v -0.011 0.00173205 0.0375
v -0.01026795 -0.001 0.0375
v -0.011 -0.00173205 0.0375
v -0.00845 -0.004025 0.0375
v -0.012 -0.002 0.0375
v -0.01574538 -0.00493285 0.0375
v -0.013 -0.00173205 0.0375
v -0.01639841 -0.00182813 0.0375
v -0.01641558 -0.00166697 0.0375
v 0.007 0.01212436 0.0375
v 0.00773205 0.0113923 0.0375
v 0.008 0.0103923 0.0375
v 0.00825 0.00722115 0.0375
v 0.00773205 0.00939231 0.0375
v 0.007 0.00866025 0.0375
v -0.00055873 0.00848162 0.0375
v 0.004 0.0103923 0.0375
v 0 0.0085 0.0375
v 0.00426795 0.00939231 0.0375
v 0.00239473 0.00815569 0.0375
v 0.005 0.00866025 0.0375
v 0.00459545 0.00715066 0.0375
v 0.006 0.00839231 0.0375
v 0.00426795 0.0113923 0.0375
v 0.005 0.01212436 0.0375
v 0.006 0.0123923 0.0375
v -0.00239473 0.00815569 0.0375
v -0.00532106 0.01086634 0.0375
v -0.005925 0.0102624 0.0375
v -0.00675 0.01004134 0.0375
v -0.00845 0.00722115 0.0375
v -0.007575 0.0102624 0.0375
v -0.00817894 0.01086634 0.0375
v -0.00459545 0.00715066 0.0375
v -0.0084 0.01169134 0.0375
v -0.01011625 0.01303501 0.0375
v -0.00817894 0.01251634 0.0375
v -0.0072894 0.01480252 0.0375
v -0.007575 0.01312029 0.0375
v -0.00675 0.01334134 0.0375
v -0.005925 0.01312029 0.0375
v -0.00532106 0.01251634 0.0375
v -0.0051 0.01169134 0.0375
v -0.00642387 0.00556632 0.0375
v -0.00773187 0.00353103 0.0375
v -0.00841348 0.00120968 0.0375
v 0 -0.0085 0.0375
v -0.00239473 -0.00815569 0.0375
v -0.00845 -0.00927067 0.0375
v -0.00459545 -0.00715066 0.0375
v -0.00642387 -0.00556632 0.0375
v -0.00773187 -0.00353103 0.0375
v -0.00841348 -0.00120968 0.0375
v 0.00642387 0.00556632 0.0375
v -0.00817894 -0.01086634 0.0375
v -0.007575 -0.0102624 0.0375
v -0.0084 -0.01169134 0.0375
v -0.00845 -0.01286682 0.0375
v -0.00817894 -0.01251634 0.0375
v -0.00675 -0.01004134 0.0375
v -0.005925 -0.0102624 0.0375
v -0.00532106 -0.01086634 0.0375
v -0.0051 -0.01169134 0.0375
v -0.007575 -0.01312029 0.0375
v -0.00849333 -0.01414614 0.0375
v -0.0072894 -0.01480252 0.0375
v 0.0338 -0.02 0.0375
v 0.03409474 -0.0189 0.0375
v 0.03035 -0.01557067 0.0375
v 0.0349 -0.01809474 0.0375
v 0.036 -0.0178 0.0375
v 0.0391 -0.01557067 0.0375
v 0.0371 -0.01809474 0.0375
v 0.03790526 -0.0189 0.0375
v 0.0391 -0.02040395 0.0375
v 0.0382 -0.02 0.0375
v 0.0391 -0.0254 0.0375
v 0.03790526 -0.0211 0.0375
v 0.03409474 -0.0211 0.0375
v 0.03035 -0.02496957 0.0375
v 0.0349 -0.02190526 0.0375
v 0.032 -0.0254 0.0375
v 0.036 -0.0222 0.0375
v 0.0371 -0.02190526 0.0375
v 0.0319 0.00805 0.0375
v 0.0314 0.00818397 0.0375
v 0.03035 0.00722115 0.0375
v 0.0329 0.00905 0.0375
v 0.039 0.00905 0.0375
v 0.03276603 0.00955 0.0375
v 0.03103397 0.00955 0.0375
v 0.03035 0.01557067 0.0375
v 0.0309 0.00905 0.0375
v 0.03103397 0.00855 0.0375
v 0.0314 0.00991603 0.0375
v 0.0319 0.01005 0.0375
v 0.0324 0.00991603 0.0375
v 0.0319 0.00722115 0.0375
v 0.03035 0.004025 0.0375
v 0.0319 0.004025 0.0375
v 0.0319 -0.00805 0.0375
v 0.0319 -0.004025 0.0375
v 0.0314 -0.00818397 0.0375
v 0.03035 -0.004025 0.0375
v 0.03276603 -0.00955 0.0375
v 0.0324 -0.00991603 0.0375
v 0.0391 -0.01286682 0.0375
v 0.0319 -0.01005 0.0375
v 0.0314 -0.00991603 0.0375
v 0.03035 -0.01286682 0.0375
v 0.03103397 -0.00955 0.0375
v 0.03035 -0.00927067 0.0375
v 0.0309 -0.00905 0.0375
v 0.03103397 -0.00855 0.0375
v 0.0329 -0.00905 0.0375
v 0.03986603 -0.00955 0.0375
v 0.01284843 -0.02040395 0.0375
v 0.021025 -0.02253696 0.0375
v 0.021025 -0.02040395 0.0375
v 0.03035 -0.02040395 0.0375
v 0.01469476 -0.01571827 0.0375
v 0.01424477 -0.01546242 0.0375
v 0.010175 -0.01970654 0.0375
v -0.00416495 -0.01596569 0.0375
v -0.00055 -0.01690872 0.0375
v -0.00055 -0.01557067 0.0375
v 0.00825 -0.01920436 0.0375
v 0.00825 -0.01557067 0.0375
v 0.010175 -0.01557067 0.0375
v -0.01443234 -0.00799734 0.0375
v -0.01253008 -0.01073532 0.0375
v -0.01011625 -0.01303501 0.0375
v -0.01443234 0.00799734 0.0375
v -0.01253008 0.01073532 0.0375
v 0.010175 0.01557067 0.0375
v 0.010175 0.01970654 0.0375
v 0.00825 0.01920436 0.0375
v 0.02609996 0.01858771 0.0375
v 0.03035 0.02496957 0.0375
v 0.02564758 0.01857552 0.0375
v 0.021025 0.02253696 0.0375
v 0.01469476 0.01571827 0.0375
v 0.01424477 0.01546242 0.0375
v 0.01398299 0.01501586 0.0375
v 0.02651138 0.01839924 0.0375
v 0.0267976 0.01804871 0.0375
v 0.0269 0.0176079 0.0375
v 0.0371 0.02190526 0.0375
v 0.03790526 0.0211 0.0375
v 0.0382 0.02 0.0375
v 0.03790526 0.0189 0.0375
v 0.0371 0.01809474 0.0375
v 0.036 0.0178 0.0375
v 0.0349 0.01809474 0.0375
v 0.03409474 0.0189 0.0375
v 0.0338 0.02 0.0375
v 0.03409474 0.0211 0.0375
v 0.032 0.0254 0.0375
v 0.0349 0.02190526 0.0375
v 0.036 0.0222 0.0375
v 0.021025 0.004025 0.0375
v 0.021025 0.00605 0.0375
v 0.01978124 0.00605 0.0375
v 0.0259 0.00605 0.0375
v 0.0264 0.00618397 0.0375
v 0.0269 0.01557067 0.0375
v 0.0269 0.00722115 0.0375
v 0.0269 0.00705 0.0375
v 0.02676602 0.00655 0.0375
v 0.01938311 0.00613267 0.0375
v 0.01905081 0.00636702 0.0375
v 0.010175 0.00722115 0.0375
v 0.01883928 0.00671429 0.0375
v 0.01766699 0.0093743 0.0375
v 0.01612148 0.01183629 0.0375
v 0.01423541 0.01404824 0.0375
v 0.01397956 0.01449823 0.0375
v 0.01398299 -0.01501586 0.0375
v 0.01397956 -0.01449823 0.0375
v 0.010175 -0.01286682 0.0375
v 0.01423541 -0.01404824 0.0375
v 0.01612148 -0.01183629 0.0375
v 0.02564758 -0.01857552 0.0375
v 0.02609996 -0.01858771 0.0375
v 0.02651138 -0.01839924 0.0375
v 0.0269 -0.01557067 0.0375
v 0.0269 -0.0176079 0.0375
v 0.0267976 -0.01804871 0.0375
v 0.0269 -0.01286682 0.0375
v 0.0264 -0.00618397 0.0375
v 0.02676602 -0.00655 0.0375
v 0.0269 -0.00705 0.0375
v 0.0269 -0.00927067 0.0375
v 0.021025 -0.004025 0.0375
v 0.021025 -0.00605 0.0375
v 0.0259 -0.00605 0.0375
v 0.01766699 -0.0093743 0.0375
v 0.01883928 -0.00671429 0.0375
v 0.010175 -0.004025 0.0375
v 0.01905081 -0.00636702 0.0375
v 0.01938311 -0.00613267 0.0375
v 0.01978124 -0.00605 0.0375
v 0.00825 -0.004025 0.0375
v 0.010175 -0.00927067 0.0375
v -0.00675 -0.01334134 0.0375
v 0.01207106 -0.000825 0.0375
v 0.01185 0 0.0375
v 0.014325 0.00142894 0.0375
v 0.01492894 0.000825 0.0375
v 0.01515 0 0.0375
v 0.021025 -0.001825 0.0375
v 0.01492894 -0.000825 0.0375
v 0.01207106 0.000825 0.0375
v 0.014325 -0.00142894 0.0375
v 0.0135 -0.00165 0.0375
v 0.012675 -0.00142894 0.0375
v 0.03035 -0.001825 0.0375
v 0.0319 -0.001825 0.0375
v 0.0395 0.00918397 0.0375
v 0.03986603 0.00955 0.0375
v 0.04 0.01005 0.0375
v 0.04 0.01557067 0.0375
v -0.00773187 -0.00353103 0.0335
v -0.00642387 -0.00556632 0.0335
v -0.00675 -0.00669134 0.0335
v -0.00494379 -0.00702898 0.0335
v -0.00459545 -0.00715066 0.0335
v -0.00775 -0.00349106 0.0335
v -0.00846467 -0.00421324 0.0335
v -0.01011889 -0.00516831 0.0335
v -0.00855621 -0.00702898 0.0335
v -0.012 -0.0055 0.0335
v -0.01011848 -0.0079963 0.0335
v -0.01122581 -0.00946265 0.0335
v -0.01388111 -0.00516831 0.0335
v -0.01443234 -0.00799734 0.0335
v -0.01553533 -0.00421324 0.0335
v -0.01574538 -0.00493285 0.0335
v -0.01608333 -0.00368462 0.0335
v -0.01253008 -0.01073532 0.0335
v -0.01172867 -0.01123 0.0335
v -0.01174887 -0.01158508 0.0335
v -0.00416495 0.01596569 0.03349525
v -0.00416495 -0.01596569 0.03349525
v -0.00510721 -0.01568969 0.03282268
v -0.0060672 -0.01534403 0.03221595
v -0.00666812 -0.01509259 0.03190223
v -0.00825 -0.01428942 0.0315
v -0.0072894 -0.01480252 0.03165759
v -0.0093086 -0.01362351 0.0317062
v -0.0083293 -0.01424199 0.0315
v -0.01047256 -0.0127505 0.03237031
v -0.01011625 -0.01303501 0.03212451
v -0.01631118 -0.00248906 0.03297812
v -0.01648107 0.00079013 0.0325502
v -0.0165 7.9E-07 0.0325
v -0.01648107 -0.00079013 0.0325502
v -0.01641558 -0.00166697 0.03271976
v -0.01631118 0.00248906 0.03297812
v -0.01641558 0.00166697 0.03271976
v -0.01121259 0.01210486 0.03298171
v -0.00825 0.01428942 0.0315
v -0.00881004 0.0139511 0.03155782
v -0.00935019 0.013595 0.03172256
v -0.00986871 0.01322341 0.03197471
v -0.01011625 0.01303501 0.03212451
v -0.00521475 0.01565428 0.03274992
v -0.00596983 0.01538217 0.03227239
v -0.00675 0.01505615 0.0318648
v -0.0072894 0.01480252 0.03165759
v -0.00675 0.01004134 0.0295
v -0.007575 0.0102624 0.0295
v -0.00817894 0.01086634 0.0295
v -0.0084 0.01169134 0.0295
v -0.00817894 0.01251634 0.0295
v -0.007575 0.01312029 0.0295
v -0.00675 0.01334134 0.0295
v -0.005925 0.01312029 0.0295
v -0.00532106 0.01251634 0.0295
v -0.0051 0.01169134 0.0295
v -0.00532106 0.01086634 0.0295
v -0.005925 0.0102624 0.0295
v 0.00221416 -0.00820655 0.03237151
v 0.00459722 -0.00714952 0.0315332
v 0.00425 -0.00736122 0.0315
v 0.0037007 -0.00765211 0.03157707
v 0.00303032 -0.00794148 0.03185039
v 0.00238853 -0.00815751 0.032247
v 0.00643437 -0.00555418 0.03285759
v 0.006 -0.0060208 0.03237151
v 0.00543954 -0.00653157 0.0319012
v 0.00477657 -0.00703096 0.03157707
v 0.00477657 0.00703096 0.03157707
v 0.00544049 0.00653078 0.03190185
v 0.006 0.0060208 0.03237151
v 0.00643437 0.00555418 0.03285759
v 0.0037007 0.00765211 0.03157707
v 0.00425 0.00736122 0.0315
v 0.00459722 0.00714952 0.0315332
v 0.00221416 0.00820655 0.03237151
v 0.00239473 0.00815569 0.03224269
v 0.00303171 0.00794095 0.03184966
v -0.00821416 0.00218575 0.03237151
v -0.00821416 -0.00218575 0.03237151
v -0.00841348 -0.00120968 0.03178503
v -0.00847727 -0.00062115 0.03157707
v -0.0085 0 0.0315
v -0.00847727 0.00062115 0.03157707
v -0.00841348 0.00120968 0.03178503
v 0.0135 -0.00165 0.0295
v 0.012675 -0.00142894 0.0295
v 0.01207106 -0.000825 0.0295
v 0.01185 0 0.0295
v 0.01207106 0.000825 0.0295
v 0.012675 0.00142894 0.0295
v 0.0135 0.00165 0.0295
v 0.014325 0.00142894 0.0295
v 0.01492894 0.000825 0.0295
v 0.01515 0 0.0295
v 0.01492894 -0.000825 0.0295
v 0.014325 -0.00142894 0.0295
v -0.00675 -0.01334134 0.0295
v -0.007575 -0.01312029 0.0295
v -0.00817894 -0.01251634 0.0295
v -0.0084 -0.01169134 0.0295
v -0.00817894 -0.01086634 0.0295
v -0.007575 -0.0102624 0.0295
v -0.00675 -0.01004134 0.0295
v -0.005925 -0.0102624 0.0295
v -0.00532106 -0.01086634 0.0295
v -0.0051 -0.01169134 0.0295
v -0.00532106 -0.01251634 0.0295
v -0.005925 -0.01312029 0.0295
v -0.012 -0.002 0.0277
v -0.013 -0.00173205 0.0277
v -0.01373205 -0.001 0.0277
v -0.014 0 0.0277
v -0.01373205 0.001 0.0277
v -0.013 0.00173205 0.0277
v -0.012 0.002 0.0277
v -0.011 0.00173205 0.0277
v -0.01026795 0.001 0.0277
v -0.01 0 0.0277
v -0.01026795 -0.001 0.0277
v -0.011 -0.00173205 0.0277
v 0.006 0.00839231 0.0277
v 0.005 0.00866025 0.0277
v 0.00426795 0.00939231 0.0277
v 0.004 0.0103923 0.0277
v 0.00426795 0.0113923 0.0277
v 0.005 0.01212436 0.0277
v 0.006 0.0123923 0.0277
v 0.007 0.01212436 0.0277
v 0.00773205 0.0113923 0.0277
v 0.008 0.0103923 0.0277
v 0.00773205 0.00939231 0.0277
v 0.007 0.00866025 0.0277
v 0.006 -0.0123923 0.0277
v 0.005 -0.01212436 0.0277
v 0.00426795 -0.0113923 0.0277
v 0.004 -0.0103923 0.0277
v 0.00426795 -0.00939231 0.0277
v 0.005 -0.00866025 0.0277
v 0.006 -0.00839231 0.0277
v 0.007 -0.00866025 0.0277
v 0.00773205 -0.00939231 0.0277
v 0.008 -0.0103923 0.0277
v 0.00773205 -0.0113923 0.0277
v 0.007 -0.01212436 0.0277
v -0.01080293 0.00328892 0.0315
v -0.01048141 0.00315339 0.0275
v -0.012 0.0035 0.0275
v -0.01048141 0.00315339 0.0315
v -0.00975024 0.00268116 0.0315
v -0.00926359 0.00218221 0.0275
v -0.00926359 0.00218221 0.0315
v -0.00896891 0.00175 0.0315
v -0.00858775 0.00077882 0.0275
v -0.00858775 0.00077882 0.0315
v -0.00855317 0.00060777 0.0315
v -0.00855317 -0.00060777 0.0315
v -0.00858775 -0.00077882 0.0275
v -0.00858775 -0.00077882 0.0315
v -0.00896891 -0.00175 0.0315
v -0.00926359 -0.00218221 0.0275
v -0.00926359 -0.00218221 0.0315
v -0.00975024 -0.00268116 0.0315
v -0.01048141 -0.00315339 0.0275
v -0.01048141 -0.00315339 0.0315
v -0.01080293 -0.00328892 0.0315
v -0.012 -0.0035 0.0275
v -0.012 -0.0035 0.0315
v -0.01319707 -0.00328892 0.0315
v -0.01351859 -0.00315339 0.0275
v -0.01351859 -0.00315339 0.0315
v -0.01424976 -0.00268116 0.0315
v -0.01473641 -0.00218221 0.0275
v -0.01541225 -0.00077882 0.0315
v -0.01541225 -0.00077882 0.0275
v -0.01503109 -0.00175 0.0315
v -0.01473641 -0.00218221 0.0315
v -0.01544683 -0.00060777 0.0315
v -0.01544683 0.00060777 0.0315
v -0.01541225 0.00077882 0.0275
v -0.01541225 0.00077882 0.0315
v -0.01503109 0.00175 0.0315
v -0.01473641 0.00218221 0.0275
v -0.01473641 0.00218221 0.0315
v -0.01424976 0.00268116 0.0315
v -0.01351859 0.00315339 0.0275
v -0.01351859 0.00315339 0.0315
v -0.01319707 0.00328892 0.0315
v -0.012 0.0035 0.0315
v -0.00566627 0.01448876 0.0315
v -0.00535583 0.01434771 0.0295
v -0.00675 0.01469134 0.0295
v -0.00535583 0.01434771 0.0315
v -0.00472891 0.01390837 0.0315
v -0.00428105 0.01339554 0.0295
v -0.00377187 0.01205295 0.0315
v -0.00377187 0.01205295 0.0295
v -0.00406451 0.01302856 0.0315
v -0.00428105 0.01339554 0.0315
v -0.0037628 0.01196815 0.0315
v -0.00386452 0.01087035 0.0315
v -0.00394495 0.01062753 0.0295
v -0.00394495 0.01062753 0.0315
v -0.00435595 0.00988344 0.0315
v -0.00476063 0.00944581 0.0295
v -0.00603205 0.00877852 0.0315
v -0.00603205 0.00877852 0.0295
v -0.0051707 0.00914069 0.0315
v -0.00476063 0.00944581 0.0315
v -0.00619875 0.00874242 0.0315
v -0.00730125 0.00874242 0.0315
v -0.00746795 0.00877852 0.0295
v -0.00746795 0.00877852 0.0315
v -0.0083293 0.00914069 0.0315
v -0.00873937 0.00944581 0.0295
v -0.00955505 0.01062753 0.0315
v -0.00955505 0.01062753 0.0295
v -0.00914405 0.00988344 0.0315
v -0.00873937 0.00944581 0.0315
v -0.00963548 0.01087035 0.0315
v -0.0097372 0.01196815 0.0315
v -0.00972813 0.01205295 0.0295
v -0.00921895 0.01339554 0.0315
v -0.00921895 0.01339554 0.0295
v -0.00943549 0.01302856 0.0315
v -0.00972813 0.01205295 0.0315
v -0.00877109 0.01390837 0.0315
v -0.00814417 0.01434771 0.0295
v -0.00814417 0.01434771 0.0315
v -0.00783373 0.01448876 0.0315
v -0.00675 0.01469134 0.0315
v 0.00719707 0.01368123 0.0315
v 0.00751859 0.0135457 0.0275
v 0.006 0.01389231 0.0275
v 0.00751859 0.0135457 0.0315
v 0.00824976 0.01307346 0.0315
v 0.00873641 0.01257452 0.0275
v 0.00941225 0.01117113 0.0315
v 0.00941225 0.01117113 0.0275
v 0.00903109 0.01214231 0.0315
v 0.00873641 0.01257452 0.0315
v 0.00944683 0.01100007 0.0315
v 0.00944683 0.00978454 0.0315
v 0.00941225 0.00961348 0.0275
v 0.00941225 0.00961348 0.0315
v 0.00903109 0.0086423 0.0315
v 0.00873641 0.00821009 0.0275
v 0.00873641 0.00821009 0.0315
v 0.00824976 0.00771115 0.0315
v 0.00751859 0.00723891 0.0275
v 0.00751859 0.00723891 0.0315
v 0.00719707 0.00710338 0.0315
v 0.006 0.0068923 0.0275
v 0.00448141 0.00723891 0.0315
v 0.00448141 0.00723891 0.0275
v 0.00480293 0.00710338 0.0315
v 0.006 0.0068923 0.0315
v 0.00375024 0.00771115 0.0315
v 0.00326359 0.00821009 0.0275
v 0.00258775 0.00961348 0.0315
v 0.00258775 0.00961348 0.0275
v 0.00296891 0.0086423 0.0315
v 0.00326359 0.00821009 0.0315
v 0.00255317 0.00978454 0.0315
v 0.00255317 0.01100007 0.0315
v 0.00258775 0.01117113 0.0275
v 0.00258775 0.01117113 0.0315
v 0.00296891 0.01214231 0.0315
v 0.00326359 0.01257452 0.0275
v 0.00326359 0.01257452 0.0315
v 0.00375024 0.01307346 0.0315
v 0.00448141 0.0135457 0.0275
v 0.00448141 0.0135457 0.0315
v 0.00480293 0.01368123 0.0315
v 0.006 0.01389231 0.0315
v 0.00719707 -0.00710338 0.0315
v 0.00751859 -0.00723891 0.0275
v 0.006 -0.0068923 0.0275
v 0.00751859 -0.00723891 0.0315
v 0.00824976 -0.00771115 0.0315
v 0.00873641 -0.00821009 0.0275
v 0.00941225 -0.00961348 0.0315
v 0.00941225 -0.00961348 0.0275
v 0.00903109 -0.0086423 0.0315
v 0.00873641 -0.00821009 0.0315
v 0.00944683 -0.00978454 0.0315
v 0.00944683 -0.01100007 0.0315
v 0.00941225 -0.01117113 0.0275
v 0.00941225 -0.01117113 0.0315
v 0.00903109 -0.01214231 0.0315
v 0.00873641 -0.01257452 0.0275
v 0.00873641 -0.01257452 0.0315
v 0.00824976 -0.01307346 0.0315
v 0.00751859 -0.0135457 0.0275
v 0.00751859 -0.0135457 0.0315
v 0.00719707 -0.01368123 0.0315
v 0.006 -0.01389231 0.0275
v 0.006 -0.01389231 0.0315
v 0.00480293 -0.01368123 0.0315
v 0.00448141 -0.0135457 0.0275
v 0.00448141 -0.0135457 0.0315
v 0.00375024 -0.01307346 0.0315
v 0.00326359 -0.01257452 0.0275
v 0.00258775 -0.01117113 0.0315
v 0.00258775 -0.01117113 0.0275
v 0.00296891 -0.01214231 0.0315
v 0.00326359 -0.01257452 0.0315
v 0.00255317 -0.01100007 0.0315
v 0.00255317 -0.00978454 0.0315
v 0.00258775 -0.00961348 0.0275
v 0.00326359 -0.00821009 0.0315
v 0.00326359 -0.00821009 0.0275
v 0.00296891 -0.0086423 0.0315
v 0.00258775 -0.00961348 0.0315
v 0.00375024 -0.00771115 0.0315
v 0.00448141 -0.00723891 0.0275
v 0.00448141 -0.00723891 0.0315
v 0.00480293 -0.00710338 0.0315
v 0.006 -0.0068923 0.0315
v 0.01458372 0.00279742 0.0315
v 0.01489417 0.00265637 0.0295
v 0.0135 0.003 0.0295
v 0.01489417 0.00265637 0.0315
v 0.01552109 0.00221703 0.0315
v 0.01596895 0.00170419 0.0295
v 0.01647813 0.00036161 0.0315
v 0.01647813 0.00036161 0.0295
v 0.01618549 0.00133722 0.0315
v 0.01596895 0.00170419 0.0315
v 0.0164872 0.00027681 0.0315
v 0.01638548 -0.00082099 0.0315
v 0.01630505 -0.00106381 0.0295
v 0.01630505 -0.00106381 0.0315
v 0.01589405 -0.0018079 0.0315
v 0.01548937 -0.00224553 0.0295
v 0.01421795 -0.00291283 0.0315
v 0.01421795 -0.00291283 0.0295
v 0.0150793 -0.00255065 0.0315
v 0.01548937 -0.00224553 0.0315
v 0.01405125 -0.00294892 0.0315
v 0.01294875 -0.00294892 0.0315
v 0.01278205 -0.00291283 0.0295
v 0.01278205 -0.00291283 0.0315
v 0.0119207 -0.00255065 0.0315
v 0.01151063 -0.00224553 0.0295
v 0.01069495 -0.00106381 0.0315
v 0.01069495 -0.00106381 0.0295
v 0.01110595 -0.0018079 0.0315
v 0.01151063 -0.00224553 0.0315
v 0.01061452 -0.00082099 0.0315
v 0.0105128 0.00027681 0.0315
v 0.01052187 0.00036161 0.0295
v 0.01052187 0.00036161 0.0315
v 0.01081451 0.00133722 0.0315
v 0.01103105 0.00170419 0.0295
v 0.01103105 0.00170419 0.0315
v 0.01147891 0.00221703 0.0315
v 0.01210583 0.00265637 0.0295
v 0.01210583 0.00265637 0.0315
v 0.01241627 0.00279742 0.0315
v 0.0135 0.003 0.0315
v -0.00566627 -0.00889393 0.0315
v -0.00535583 -0.00903497 0.0295
v -0.00675 -0.00869134 0.0295
v -0.00535583 -0.00903497 0.0315
v -0.00472891 -0.00947432 0.0315
v -0.00428105 -0.00998715 0.0295
v -0.00428105 -0.00998715 0.0315
v -0.00406451 -0.01035413 0.0315
v -0.00377187 -0.01132973 0.0295
v -0.00386452 -0.01251233 0.0315
v -0.00394495 -0.01275516 0.0295
v -0.0037628 -0.01141454 0.0315
v -0.00377187 -0.01132973 0.0315
v -0.00394495 -0.01275516 0.0315
v -0.00435595 -0.01349925 0.0315
v -0.00476063 -0.01393688 0.0295
v -0.00603205 -0.01460417 0.0315
v -0.00603205 -0.01460417 0.0295
v -0.0051707 -0.01424199 0.0315
v -0.00476063 -0.01393688 0.0315
v -0.00619875 -0.01464026 0.0315
v -0.00730125 -0.01464026 0.0315
v -0.00746795 -0.01460417 0.0295
v -0.00746795 -0.01460417 0.0315
v -0.00873937 -0.01393688 0.0295
v -0.00955505 -0.01275516 0.0315
v -0.00955505 -0.01275516 0.0295
v -0.00914405 -0.01349925 0.0315
v -0.00873937 -0.01393688 0.0315
v -0.00963548 -0.01251233 0.0315
v -0.0097372 -0.01141454 0.0315
v -0.00972813 -0.01132973 0.0295
v -0.00972813 -0.01132973 0.0315
v -0.00943549 -0.01035413 0.0315
v -0.00921895 -0.00998715 0.0295
v -0.00921895 -0.00998715 0.0315
v -0.00877109 -0.00947432 0.0315
v -0.00814417 -0.00903497 0.0295
v -0.00814417 -0.00903497 0.0315
v -0.00783373 -0.00889393 0.0315
v -0.00675 -0.00869134 0.0315
v -0.0142 0 0.0275
v -0.01390526 0.0011 0.0275
v -0.0131 0.00190526 0.0275
v -0.012 0.0022 0.0275
v -0.0109 0.00190526 0.0275
v -0.01009474 0.0011 0.0275
v -0.0098 0 0.0275
v -0.01009474 -0.0011 0.0275
v -0.0109 -0.00190526 0.0275
v -0.012 -0.0022 0.0275
v -0.0131 -0.00190526 0.0275
v -0.01390526 -0.0011 0.0275
v 0.0082 0.0103923 0.0275
v 0.00790526 0.0092923 0.0275
v 0.0071 0.00848705 0.0275
v 0.006 0.0081923 0.0275
v 0.0049 0.00848705 0.0275
v 0.00409474 0.0092923 0.0275
v 0.0038 0.0103923 0.0275
v 0.00409474 0.0114923 0.0275
v 0.0049 0.01229756 0.0275
v 0.006 0.0125923 0.0275
v 0.0071 0.01229756 0.0275
v 0.00790526 0.0114923 0.0275
v 0.0082 -0.0103923 0.0275
v 0.00790526 -0.0114923 0.0275
v 0.0071 -0.01229756 0.0275
v 0.006 -0.0125923 0.0275
v 0.0049 -0.01229756 0.0275
v 0.00409474 -0.0114923 0.0275
v 0.0038 -0.0103923 0.0275
v 0.00409474 -0.0092923 0.0275
v 0.0049 -0.00848705 0.0275
v 0.006 -0.0081923 0.0275
v 0.0071 -0.00848705 0.0275
v 0.00790526 -0.0092923 0.0275
v 0.072 -0.0324 0.005
v 0.072 -0.0314 0.005
v 0.07391342 -0.0324 0.0046194
v 0.07391342 -0.0314 0.0046194
v 0.07553554 -0.0324 0.00353553
v 0.07553554 -0.0314 0.00353553
v 0.07661939 -0.0324 0.00191342
v 0.07661939 -0.0314 0.00191342
v 0.077 -0.0324 -0
v 0.077 -0.0314 -0
v 0.07661939 -0.0324 -0.00191342
v 0.07661939 -0.0314 -0.00191342
v 0.07553554 -0.0324 -0.00353553
v 0.07553554 -0.0314 -0.00353553
v 0.07391342 -0.0324 -0.0046194
v 0.07391342 -0.0314 -0.0046194
v 0.072 -0.0324 -0.005
v 0.072 -0.0314 -0.005
v 0.07008658 -0.0324 -0.0046194
v 0.07008658 -0.0314 -0.0046194
v 0.06846447 -0.0324 -0.00353553
v 0.06846447 -0.0314 -0.00353553
v 0.0673806 -0.0324 -0.00191342
v 0.0673806 -0.0314 -0.00191342
v 0.067 -0.0324 -0
v 0.067 -0.0314 -0
v 0.0673806 -0.0324 0.00191342
v 0.0673806 -0.0314 0.00191342
v 0.06846447 -0.0324 0.00353553
v 0.06846447 -0.0314 0.00353553
v 0.07008658 -0.0324 0.0046194
v 0.07008658 -0.0314 0.0046194
v 0.07476098 -0.0334 -0.00940303
v 0.072625 -0.0334 -0.00908253
v 0.072 -0.0334 -0.0098
v 0.072 -0.0334 -0.00925
v 0.06923902 -0.0334 -0.00940303
v 0.06923902 -0.0334 0.00940303
v 0.071375 -0.0334 0.00908253
v 0.072 -0.0334 0.0098
v 0.072 -0.0334 0.00925
v 0.07476098 -0.0334 0.00940303
v 0.080625 -0.0334 -0.00108253
v 0.08091439 -0.0334 -0.00407107
v 0.08108253 -0.0334 -0.000625
v 0.08170025 -0.0334 -0.00139469
v 0.08125 -0.0334 -0
v 0.08170025 -0.0334 0.00139469
v 0.08 -0.0334 -0.00125
v 0.07990234 -0.0334 -0.00124618
v 0.07912927 -0.0334 -0.00362953
v 0.063375 -0.0334 0.00108253
v 0.06308561 -0.0334 0.00407107
v 0.06291747 -0.0334 0.000625
v 0.06229975 -0.0334 0.00139469
v 0.06275 -0.0334 -0
v 0.06229975 -0.0334 -0.00139469
v 0.07325 -0.0334 0.008
v 0.07324618 -0.0334 0.00790234
v 0.07562953 -0.0334 0.00712927
v 0.07075 -0.0334 -0.008
v 0.07075382 -0.0334 -0.00790234
v 0.06837046 -0.0334 -0.00712927
v 0.064 -0.0334 0.00125
v 0.06409766 -0.0334 0.00124618
v 0.06487073 -0.0334 0.00362953
v 0.072625 -0.0334 0.00908253
v 0.07308253 -0.0334 0.008625
v 0.07729828 -0.0334 0.00824428
v 0.07940634 -0.0334 -0.00641764
v 0.07765685 -0.0334 -0.00565685
v 0.07729828 -0.0334 -0.00824428
v 0.07562953 -0.0334 -0.00712927
v 0.07324618 -0.0334 -0.00790234
v 0.07325 -0.0334 -0.008
v 0.07308253 -0.0334 -0.008625
v 0.071375 -0.0334 -0.00908253
v 0.07091746 -0.0334 -0.008625
v 0.06670172 -0.0334 -0.00824428
v 0.07940634 -0.0334 0.00641764
v 0.07765685 -0.0334 0.00565685
v 0.08091439 -0.0334 0.00407107
v 0.07912927 -0.0334 0.00362953
v 0.07990234 -0.0334 0.00124618
v 0.08 -0.0334 0.00125
v 0.080625 -0.0334 0.00108253
v 0.08108253 -0.0334 0.000625
v 0.06459365 -0.0334 -0.00641764
v 0.06634314 -0.0334 -0.00565685
v 0.06308561 -0.0334 -0.00407107
v 0.06487073 -0.0334 -0.00362953
v 0.06409766 -0.0334 -0.00124618
v 0.064 -0.0334 -0.00125
v 0.063375 -0.0334 -0.00108253
v 0.06291747 -0.0334 -0.000625
v 0.06459365 -0.0334 0.00641764
v 0.06634314 -0.0334 0.00565685
v 0.06670172 -0.0334 0.00824428
v 0.06837046 -0.0334 0.00712927
v 0.07075382 -0.0334 0.00790234
v 0.07075 -0.0334 0.008
v 0.07091746 -0.0334 0.008625
v 0.06915299 -0.0296 0.01062518
v 0.06903224 -0.0304 0.01059209
v 0.072 -0.0304 0.011
v 0.06903224 -0.0296 0.01059209
v 0.0665 -0.0296 0.00952628
v 0.06628457 -0.0304 0.00939861
v 0.06628457 -0.0296 0.00939861
v 0.06422182 -0.0296 0.00777817
v 0.06396081 -0.0304 0.00750808
v 0.06396081 -0.0296 0.00750808
v 0.06223326 -0.0304 0.00506072
v 0.06247372 -0.0296 0.0055
v 0.06223326 -0.0296 0.00506072
v 0.06123007 -0.0304 0.00223802
v 0.06137482 -0.0296 0.00284701
v 0.06123007 -0.0296 0.00223802
v 0.06102565 -0.0304 -0.00075067
v 0.061 -0.0296 -0
v 0.06102565 -0.0296 -0.00075067
v 0.06163513 -0.0304 -0.00368368
v 0.06137482 -0.0296 -0.00284701
v 0.06163513 -0.0296 -0.00368368
v 0.06301333 -0.0304 -0.00634348
v 0.06247372 -0.0296 -0.0055
v 0.06301333 -0.0296 -0.00634348
v 0.06505803 -0.0304 -0.00853282
v 0.06422182 -0.0296 -0.00777817
v 0.06505803 -0.0296 -0.00853282
v 0.06761759 -0.0304 -0.01008932
v 0.0665 -0.0296 -0.00952628
v 0.06761759 -0.0296 -0.01008932
v 0.07050217 -0.0304 -0.01089755
v 0.06915299 -0.0296 -0.01062518
v 0.07050217 -0.0296 -0.01089755
v 0.072 -0.0304 -0.011
v 0.072 -0.0296 -0.011
v 0.07349783 -0.0304 -0.01089755
v 0.07349783 -0.0296 -0.01089755
v 0.07484701 -0.0296 -0.01062518
v 0.07638241 -0.0304 -0.01008932
v 0.07638241 -0.0296 -0.01008932
v 0.0775 -0.0296 -0.00952628
v 0.07894196 -0.0304 -0.00853282
v 0.07894196 -0.0296 -0.00853282
v 0.07977817 -0.0296 -0.00777817
v 0.08098667 -0.0304 -0.00634348
v 0.08098667 -0.0296 -0.00634348
v 0.08152628 -0.0296 -0.0055
v 0.08236487 -0.0304 -0.00368368
v 0.08236487 -0.0296 -0.00368368
v 0.08262518 -0.0296 -0.00284701
v 0.08297436 -0.0304 -0.00075067
v 0.08297436 -0.0296 -0.00075067
v 0.083 -0.0296 -0
v 0.08276992 -0.0304 0.00223802
v 0.08276992 -0.0296 0.00223802
v 0.08262518 -0.0296 0.00284701
v 0.08176674 -0.0304 0.00506072
v 0.08176674 -0.0296 0.00506072
v 0.08152628 -0.0296 0.0055
v 0.0800392 -0.0304 0.00750808
v 0.0800392 -0.0296 0.00750808
v 0.07977817 -0.0296 0.00777817
v 0.07771543 -0.0304 0.00939861
v 0.07771543 -0.0296 0.00939861
v 0.0775 -0.0296 0.00952628
v 0.07496776 -0.0304 0.01059209
v 0.07496776 -0.0296 0.01059209
v 0.07484701 -0.0296 0.01062518
v 0.072 -0.0296 0.011
v 0.07405212 -0.0276 0.00563816
v 0.07416745 -0.0314 0.00559483
v 0.072 -0.0314 0.006
v 0.07416745 -0.0276 0.00559483
v 0.07585672 -0.0276 0.00459627
v 0.07604218 -0.0314 0.00443405
v 0.07604218 -0.0276 0.00443405
v 0.07719615 -0.0276 0.003
v 0.07737098 -0.0314 0.00267443
v 0.07737098 -0.0276 0.00267443
v 0.07790884 -0.0276 0.00104189
v 0.0779744 -0.0314 0.00055361
v 0.0779744 -0.0276 0.00055361
v 0.07790884 -0.0276 -0.00104189
v 0.07777096 -0.0314 -0.00164198
v 0.07777096 -0.0276 -0.00164198
v 0.07719615 -0.0276 -0.003
v 0.07678811 -0.0314 -0.00361581
v 0.07678811 -0.0276 -0.00361581
v 0.07585672 -0.0276 -0.00459627
v 0.0751586 -0.0314 -0.0051013
v 0.0751586 -0.0276 -0.0051013
v 0.07405212 -0.0276 -0.00563816
v 0.0731025 -0.0314 -0.00589784
v 0.0731025 -0.0276 -0.00589784
v 0.072 -0.0276 -0.006
v 0.0708975 -0.0314 -0.00589784
v 0.0708975 -0.0276 -0.00589784
v 0.06994788 -0.0276 -0.00563816
v 0.06884141 -0.0314 -0.0051013
v 0.06884141 -0.0276 -0.0051013
v 0.06814327 -0.0276 -0.00459627
v 0.0672119 -0.0314 -0.00361581
v 0.0672119 -0.0276 -0.00361581
v 0.06680385 -0.0276 -0.003
v 0.06622905 -0.0314 -0.00164198
v 0.06622905 -0.0276 -0.00164198
v 0.06609115 -0.0276 -0.00104189
v 0.06602559 -0.0314 0.00055361
v 0.06602559 -0.0276 0.00055361
v 0.06609115 -0.0276 0.00104189
v 0.06662902 -0.0314 0.00267443
v 0.06662902 -0.0276 0.00267443
v 0.06680385 -0.0276 0.003
v 0.06795783 -0.0314 0.00443405
v 0.06795783 -0.0276 0.00443405
v 0.06814327 -0.0276 0.00459627
v 0.06983255 -0.0314 0.00559483
v 0.06983255 -0.0276 0.00559483
v 0.06994788 -0.0276 0.00563816
v 0.072 -0.0276 0.006
v 0.0401 -0.0294 0.00805
v 0.0401 -0.0254 0.00805
v 0.0401 -0.0294 0.00705
v 0.0401 -0.0254 0.0055
v 0.0401 -0.0294 0.0055
v 0.096 -0.0274 0.00165
v 0.096 -0.0254 0.00165
v 0.096825 -0.0274 0.00142894
v 0.096825 -0.0254 0.00142894
v 0.09742894 -0.0274 0.000825
v 0.09742894 -0.0254 0.000825
v 0.09765 -0.0274 -0
v 0.09765 -0.0254 -0
v 0.09742894 -0.0274 -0.000825
v 0.09742894 -0.0254 -0.000825
v 0.096825 -0.0274 -0.00142894
v 0.096825 -0.0254 -0.00142894
v 0.096 -0.0274 -0.00165
v 0.096 -0.0254 -0.00165
v 0.095175 -0.0274 -0.00142894
v 0.095175 -0.0254 -0.00142894
v 0.09457105 -0.0274 -0.000825
v 0.09457105 -0.0254 -0.000825
v 0.09435 -0.0274 -0
v 0.09435 -0.0254 -0
v 0.09457105 -0.0274 0.000825
v 0.09457105 -0.0254 0.000825
v 0.095175 -0.0274 0.00142894
v 0.095175 -0.0254 0.00142894
v 0.084 -0.0274 0.02243461
v 0.084 -0.0254 0.02243461
v 0.084825 -0.0274 0.02221355
v 0.084825 -0.0254 0.02221355
v 0.08542894 -0.0274 0.02160961
v 0.08542894 -0.0254 0.02160961
v 0.08565 -0.0274 0.02078461
v 0.08565 -0.0254 0.02078461
v 0.08542894 -0.0274 0.01995961
v 0.08542894 -0.0254 0.01995961
v 0.084825 -0.0274 0.01935567
v 0.084825 -0.0254 0.01935567
v 0.084 -0.0274 0.01913461
v 0.084 -0.0254 0.01913461
v 0.083175 -0.0274 0.01935567
v 0.083175 -0.0254 0.01935567
v 0.08257106 -0.0274 0.01995961
v 0.08257106 -0.0254 0.01995961
v 0.08235 -0.0274 0.02078461
v 0.08235 -0.0254 0.02078461
v 0.08257106 -0.0274 0.02160961
v 0.08257106 -0.0254 0.02160961
v 0.083175 -0.0274 0.02221355
v 0.083175 -0.0254 0.02221355
v 0.084 -0.0274 -0.01913461
v 0.084 -0.0254 -0.01913461
v 0.084825 -0.0274 -0.01935567
v 0.084825 -0.0254 -0.01935567
v 0.08542894 -0.0274 -0.01995961
v 0.08542894 -0.0254 -0.01995961
v 0.08565 -0.0274 -0.02078461
v 0.08565 -0.0254 -0.02078461
v 0.08542894 -0.0274 -0.02160961
v 0.08542894 -0.0254 -0.02160961
v 0.084825 -0.0274 -0.02221355
v 0.084825 -0.0254 -0.02221355
v 0.084 -0.0274 -0.02243461
v 0.084 -0.0254 -0.02243461
v 0.083175 -0.0274 -0.02221355
v 0.083175 -0.0254 -0.02221355
v 0.08257106 -0.0274 -0.02160961
v 0.08257106 -0.0254 -0.02160961
v 0.08235 -0.0274 -0.02078461
v 0.08235 -0.0254 -0.02078461
v 0.08257106 -0.0274 -0.01995961
v 0.08257106 -0.0254 -0.01995961
v 0.083175 -0.0274 -0.01935567
v 0.083175 -0.0254 -0.01935567
v 0.048 -0.0274 0.00165
v 0.048 -0.0254 0.00165
v 0.048825 -0.0274 0.00142894
v 0.048825 -0.0254 0.00142894
v 0.04942894 -0.0274 0.000825
v 0.04942894 -0.0254 0.000825
v 0.04965 -0.0274 -0
v 0.04965 -0.0254 -0
v 0.04942894 -0.0274 -0.000825
v 0.04942894 -0.0254 -0.000825
v 0.048825 -0.0274 -0.00142894
v 0.048825 -0.0254 -0.00142894
v 0.048 -0.0274 -0.00165
v 0.048 -0.0254 -0.00165
v 0.047175 -0.0274 -0.00142894
v 0.047175 -0.0254 -0.00142894
v 0.04657106 -0.0274 -0.000825
v 0.04657106 -0.0254 -0.000825
v 0.04635 -0.0274 -0
v 0.04635 -0.0254 -0
v 0.04657106 -0.0274 0.000825
v 0.04657106 -0.0254 0.000825
v 0.047175 -0.0274 0.00142894
v 0.047175 -0.0254 0.00142894
v 0.032 -0.0294 0.0275
v 0.032 -0.0254 0.0275
v 0.032 -0.0294 0.02309231
v 0.032 -0.0254 0.025
v 0.032 -0.0294 0.02235
v 0.032 -0.0254 0.02231731
v 0.032 -0.0294 0.01656388
v 0.032 -0.0254 0.01656388
v 0.032 -0.0294 0.01441419
v 0.032 -0.0254 0.01005
v 0.032 -0.0294 0.01005
v 0.032 -0.0254 0.0128892
v 0.032 -0.0254 0.01441419
v 0.041 -0.0294 0.01605
v 0.041 -0.0294 0.01656388
v 0.0396 -0.0294 0.01656388
v 0.09502207 -0.0294 0.01504107
v 0.08985222 -0.0294 0.01656388
v 0.08985222 -0.0294 0.01441419
v 0.0504351 -0.0294 -0.01785932
v 0.05104778 -0.0294 -0.0178423
v 0.05104778 -0.0294 -0.01656388
v 0.05078068 -0.0294 -0.01826856
v 0.06145 -0.0294 0.02329608
v 0.06404209 -0.0294 0.02309231
v 0.06404209 -0.0294 0.0275
v 0.08255 -0.0294 -0.02329608
v 0.08148853 -0.0294 -0.02223461
v 0.08092923 -0.0294 -0.02600998
v 0.0349 -0.0294 -0.02190526
v 0.03409474 -0.0294 -0.0211
v 0.0329 -0.0294 -0.0275
v 0.0396 -0.0294 -0.0178423
v 0.036 -0.0294 -0.0178
v 0.0371 -0.0294 -0.01809474
v 0.0338 -0.0294 -0.02
v 0.03409474 -0.0294 -0.0189
v 0.0329 -0.0294 -0.0178423
v 0.0349 -0.0294 -0.01809474
v 0.03790526 -0.0294 -0.0189
v 0.0382 -0.0294 -0.02
v 0.0396 -0.0294 -0.0275
v 0.03790526 -0.0294 -0.0211
v 0.0371 -0.0294 -0.02190526
v 0.036 -0.0294 -0.0222
v 0.0401 -0.0294 -0.0055
v 0.0401 -0.0294 -0.00805
v 0.0406 -0.0294 -0.00818397
v 0.05104778 -0.0294 -0.01248919
v 0.04096603 -0.0294 -0.00955
v 0.0406 -0.0294 -0.00991603
v 0.0411 -0.0294 -0.00905
v 0.04396603 -0.0294 -0.004
v 0.04096603 -0.0294 -0.00855
v 0.0396 -0.0294 -0.01248919
v 0.05051148 -0.0294 0.00145
v 0.0509 -0.0294 -0
v 0.05104778 -0.0294 -0
v 0.05051148 -0.0294 -0.00145
v 0.04945 -0.0294 -0.00251147
v 0.048 -0.0294 -0.0029
v 0.04655 -0.0294 -0.00251147
v 0.04548853 -0.0294 -0.00145
v 0.0406 -0.0294 -0.00463397
v 0.04023397 -0.0294 -0.005
v 0.0411 -0.0294 -0.0045
v 0.0431 -0.0294 -0.0045
v 0.0436 -0.0294 -0.00436603
v 0.04655 -0.0294 0.00251147
v 0.05104778 -0.0294 0.00705
v 0.048 -0.0294 0.0029
v 0.04945 -0.0294 0.00251147
v 0.04023397 -0.0294 0.005
v 0.0406 -0.0294 0.00463397
v 0.0411 -0.0294 0.0045
v 0.0431 -0.0294 0.0045
v 0.0436 -0.0294 0.00436603
v 0.04396603 -0.0294 0.004
v 0.04548853 -0.0294 0.00145
v 0.0441 -0.0294 0.0035
v 0.0451 -0.0294 -0
v 0.0441 -0.0294 -0
v 0.0441 -0.0294 -0.0035
v 0.08545 -0.0294 -0.01827314
v 0.08651147 -0.0294 -0.01933461
v 0.08985222 -0.0294 -0.0178423
v 0.08255 -0.0294 -0.01827314
v 0.084 -0.0294 -0.01788461
v 0.08154431 -0.0294 -0.0178423
v 0.08889085 -0.0294 -0.02170136
v 0.0869 -0.0294 -0.02078461
v 0.08651147 -0.0294 -0.02223461
v 0.08508855 -0.0294 -0.02418553
v 0.08545 -0.0294 -0.02329608
v 0.084 -0.0294 -0.02368461
v 0.07995791 -0.0294 -0.0178423
v 0.0811 -0.0294 -0.02078461
v 0.08148853 -0.0294 -0.01933461
v 0.06251147 -0.0294 0.01933461
v 0.06404209 -0.0294 0.01656388
v 0.0629 -0.0294 0.02078461
v 0.06404209 -0.0294 0.02235
v 0.06251147 -0.0294 0.02223461
v 0.06145 -0.0294 0.01827314
v 0.06 -0.0294 0.01788461
v 0.05531925 -0.0294 0.01656388
v 0.05855 -0.0294 0.01827314
v 0.05748853 -0.0294 0.01933461
v 0.05531925 -0.0294 0.0275
v 0.05855 -0.0294 0.02329608
v 0.06 -0.0294 0.02368461
v 0.0869 -0.0294 0.02078461
v 0.08651147 -0.0294 0.01933461
v 0.08545 -0.0294 0.01827314
v 0.084 -0.0294 0.01788461
v 0.08154431 -0.0294 0.01656388
v 0.08255 -0.0294 0.01827314
v 0.08148853 -0.0294 0.01933461
v 0.08230259 -0.0294 0.02313594
v 0.08255 -0.0294 0.02329608
v 0.08092923 -0.0294 0.02600998
v 0.084 -0.0294 0.02368461
v 0.08508855 -0.0294 0.02418553
v 0.08545 -0.0294 0.02329608
v 0.08681249 -0.0294 0.02316981
v 0.08651147 -0.0294 0.02223461
v 0.0879377 -0.0294 0.02241071
v 0.08889085 -0.0294 0.02170136
v 0.0811 -0.0294 0.02078461
v 0.08148853 -0.0294 0.02223461
v 0.07995791 -0.0294 0.02235
v 0.0815302 -0.0294 0.02230451
v 0.08154431 -0.0294 0.02235
v 0.08985222 -0.0294 -0
v 0.08937101 -0.0294 -0.00249095
v 0.09103294 -0.0294 -0.00312891
v 0.09279092 -0.0294 -0.00612188
v 0.09253877 -0.0294 -0.00788409
v 0.09718376 -0.0294 -0.01104662
v 0.09455 -0.0294 -0.00251147
v 0.09348853 -0.0294 -0.00145
v 0.0931 -0.0294 -0
v 0.09225349 -0.0294 -0.00442477
v 0.096 -0.0294 -0.0029
v 0.09745 -0.0294 -0.00251147
v 0.0986585 -0.0294 -0.00675085
v 0.09851147 -0.0294 -0.00145
v 0.09940607 -0.0294 -0.00227093
v 0.0989 -0.0294 -0
v 0.09940607 -0.0294 0.00227093
v 0.09851147 -0.0294 0.00145
v 0.09348853 -0.0294 0.00145
v 0.09103294 -0.0294 0.00312891
v 0.09745 -0.0294 0.00251147
v 0.0986585 -0.0294 0.00675085
v 0.096 -0.0294 0.0029
v 0.09225349 -0.0294 0.00442477
v 0.09455 -0.0294 0.00251147
v 0.09279092 -0.0294 0.00612188
v 0.08985222 -0.0294 -0.01441419
v 0.09502207 -0.0294 -0.01504107
v 0.08909721 -0.0294 -0.01384505
v 0.09105256 -0.0294 -0.011
v 0.08154431 -0.0294 -0.01248919
v 0.08208237 -0.0294 -0.01218866
v 0.08209568 -0.0294 -0.01040854
v 0.08759687 -0.0294 -0.00263726
v 0.0832 -0.0294 -0
v 0.0860619 -0.0294 -0.00353885
v 0.08281837 -0.0294 -0.00289877
v 0.08507013 -0.0294 -0.00501715
v 0.08412436 -0.0294 -0.007
v 0.08169948 -0.0294 -0.0056
v 0.08288004 -0.0294 -0.00881049
v 0.08769716 -0.0294 -0.01494452
v 0.0859587 -0.0294 -0.01532765
v 0.08985222 -0.0294 -0.01656388
v 0.08284274 -0.0294 -0.01379826
v 0.08154431 -0.0294 -0.01441419
v 0.08422618 -0.0294 -0.01491856
v 0.08154431 -0.0294 -0.01656388
v 0.06111996 -0.0294 -0.00881049
v 0.06190432 -0.0294 -0.01040854
v 0.0640804 -0.0294 -0.0079196
v 0.06404209 -0.0294 -0.01248919
v 0.0664 -0.0294 -0.00969948
v 0.05987564 -0.0294 -0.007
v 0.06230051 -0.0294 -0.0056
v 0.05892988 -0.0294 -0.00501715
v 0.06118163 -0.0294 -0.00289877
v 0.0579381 -0.0294 -0.00353885
v 0.0608 -0.0294 -0
v 0.05640313 -0.0294 -0.00263726
v 0.05462899 -0.0294 -0.00249095
v 0.05531925 -0.0294 -0
v 0.05296706 -0.0294 -0.00312891
v 0.05490279 -0.0294 -0.01384505
v 0.05294744 -0.0294 -0.011
v 0.05146123 -0.0294 -0.00788409
v 0.05120908 -0.0294 -0.00612188
v 0.05174651 -0.0294 -0.00442477
v 0.05146123 -0.0294 0.00788409
v 0.05294744 -0.0294 0.011
v 0.05104778 -0.0294 0.01441419
v 0.05490279 -0.0294 0.01384505
v 0.05531925 -0.0294 0.01441419
v 0.05174651 -0.0294 0.00442477
v 0.05120908 -0.0294 0.00612188
v 0.0579381 -0.0294 0.00353885
v 0.05640313 -0.0294 0.00263726
v 0.05462899 -0.0294 0.00249095
v 0.05296706 -0.0294 0.00312891
v 0.06118163 -0.0294 0.00289877
v 0.05892988 -0.0294 0.00501715
v 0.06115727 -0.0294 0.01379826
v 0.06191763 -0.0294 0.01218866
v 0.06404209 -0.0294 0.01441419
v 0.05987564 -0.0294 0.007
v 0.06230051 -0.0294 0.0056
v 0.06111996 -0.0294 0.00881049
v 0.0640804 -0.0294 0.0079196
v 0.06190432 -0.0294 0.01040854
v 0.05977382 -0.0294 0.01491856
v 0.05804129 -0.0294 0.01532765
v 0.05630284 -0.0294 0.01494452
v 0.041 -0.0294 -0.01605
v 0.04113397 -0.0294 -0.01555
v 0.0396 -0.0294 -0.01441419
v 0.0415 -0.0294 -0.01518397
v 0.0329 -0.0294 -0.01656388
v 0.0396 -0.0294 -0.01656388
v 0.041 -0.0294 -0.01656388
v 0.0415 -0.0294 -0.02236602
v 0.04113397 -0.0294 -0.022
v 0.041 -0.0294 -0.0215
v 0.041 -0.0294 -0.0178423
v 0.05531925 -0.0294 -0.0275
v 0.05353041 -0.0294 -0.0216269
v 0.05335905 -0.0294 -0.02207158
v 0.05320959 -0.0294 -0.02075862
v 0.05531925 -0.0294 -0.0178423
v 0.05347652 -0.0294 -0.0211534
v 0.05300133 -0.0294 -0.02238645
v 0.0525385 -0.0294 -0.0225
v 0.05104778 -0.0294 -0.0275
v 0.05104778 -0.0294 -0.0225
v 0.042 -0.0294 -0.0225
v 0.042 -0.0294 -0.01505
v 0.04784638 -0.0294 -0.01505
v 0.05104778 -0.0294 -0.01441419
v 0.0483189 -0.0294 -0.01516868
v 0.04867926 -0.0294 -0.01549655
v 0.0406 -0.0294 0.00991603
v 0.0401 -0.0294 0.01005
v 0.0396 -0.0294 0.01441419
v 0.04096603 -0.0294 0.00955
v 0.0411 -0.0294 0.00905
v 0.04096603 -0.0294 0.00855
v 0.0406 -0.0294 0.00818397
v 0.033 -0.0294 0.00905
v 0.0391 -0.0294 0.00905
v 0.0329 -0.0294 0.01441419
v 0.03923398 -0.0294 0.00955
v 0.0396 -0.0294 0.00991603
v 0.03213397 -0.0294 0.00955
v 0.0325 -0.0294 0.00918397
v 0.08157655 -0.0294 0.02237737
v 0.08154431 -0.0294 0.02309231
v 0.07995791 -0.0294 0.02309231
v 0.07652635 -0.0294 0.02712494
v 0.072 -0.0294 0.0275
v 0.09223241 -0.0294 0.01862524
v 0.09223241 -0.0294 -0.01862524
v 0.06519324 -0.0294 -0.01804747
v 0.06404209 -0.0294 -0.0178423
v 0.06570522 -0.0294 -0.01975242
v 0.06404209 -0.0294 -0.0275
v 0.06690624 -0.0294 -0.0210664
v 0.07880676 -0.0294 -0.01804747
v 0.07829478 -0.0294 -0.01975242
v 0.07709376 -0.0294 -0.0210664
v 0.07652635 -0.0294 -0.02712494
v 0.07544155 -0.0294 -0.02172914
v 0.072 -0.0294 -0.0275
v 0.072 -0.0294 -0.022
v 0.06855844 -0.0294 -0.02172914
v 0.032 -0.0294 -0.01248919
v 0.0329 -0.0294 -0.01248919
v 0.032 -0.0294 -0.01005
v 0.033 -0.0294 -0.00905
v 0.03213397 -0.0294 -0.00955
v 0.0325 -0.0294 -0.00918397
v 0.0391 -0.0294 -0.00905
v 0.03923398 -0.0294 -0.00955
v 0.0396 -0.0294 -0.00991603
v 0.0401 -0.0294 -0.01005
v 0.05353041 -0.0294 0.0216269
v 0.05531925 -0.0294 0.02235
v 0.0571 -0.0294 0.02078461
v 0.05078068 -0.0294 0.01826856
v 0.05104778 -0.0294 0.01656388
v 0.05320959 -0.0294 0.02075862
v 0.05347652 -0.0294 0.0211534
v 0.05104778 -0.0294 0.02309231
v 0.05104778 -0.0294 0.0225
v 0.0525385 -0.0294 0.0225
v 0.05531925 -0.0294 0.02309231
v 0.05300133 -0.0294 0.02238645
v 0.05335905 -0.0294 0.02207158
v 0.042 -0.0294 0.0225
v 0.0396 -0.0294 0.02309231
v 0.0415 -0.0294 0.02236602
v 0.041 -0.0294 0.0215
v 0.04113397 -0.0294 0.022
v 0.0396 -0.0294 0.02235
v 0.04113397 -0.0294 0.01555
v 0.04867926 -0.0294 0.01549655
v 0.0483189 -0.0294 0.01516868
v 0.04784638 -0.0294 0.01505
v 0.042 -0.0294 0.01505
v 0.0415 -0.0294 0.01518397
v 0.06570522 -0.0294 0.01975242
v 0.06690624 -0.0294 0.0210664
v 0.07880676 -0.0294 0.01804747
v 0.07995791 -0.0294 0.01656388
v 0.07829478 -0.0294 0.01975242
v 0.07709376 -0.0294 0.0210664
v 0.06855844 -0.0294 0.02172914
v 0.072 -0.0294 0.022
v 0.07544155 -0.0294 0.02172914
v 0.0799196 -0.0294 0.0079196
v 0.07996434 -0.0294 0.0078746
v 0.07995791 -0.0294 0.01441419
v 0.0664 -0.0294 0.00969948
v 0.0776 -0.0294 0.00969948
v 0.06519324 -0.0294 0.01804747
v 0.06547172 -0.0294 0.01628922
v 0.06648549 -0.0294 0.01482591
v 0.06803378 -0.0294 0.01394739
v 0.06910123 -0.0294 0.01081837
v 0.06980991 -0.0294 0.01382764
v 0.072 -0.0294 0.014
v 0.072 -0.0294 0.0112
v 0.07419008 -0.0294 0.01382764
v 0.07489877 -0.0294 0.01081837
v 0.07596622 -0.0294 0.01394739
v 0.07852828 -0.0294 0.01628922
v 0.0775145 -0.0294 0.01482591
v 0.09253877 -0.0294 0.00788409
v 0.09718376 -0.0294 0.01104662
v 0.09105256 -0.0294 0.011
v 0.08909721 -0.0294 0.01384505
v 0.08769716 -0.0294 0.01494452
v 0.0859587 -0.0294 0.01532765
v 0.08422618 -0.0294 0.01491856
v 0.08154431 -0.0294 0.01441419
v 0.08284274 -0.0294 0.01379826
v 0.08412436 -0.0294 0.007
v 0.08288004 -0.0294 0.00881049
v 0.08154431 -0.0294 0.00705
v 0.08209568 -0.0294 0.01040854
v 0.08208237 -0.0294 0.01218866
v 0.08937101 -0.0294 0.00249095
v 0.08759687 -0.0294 0.00263726
v 0.0860619 -0.0294 0.00353885
v 0.08281837 -0.0294 0.00289877
v 0.08507013 -0.0294 0.00501715
v 0.08169948 -0.0294 0.0056
v 0.08156858 -0.0294 0.00582084
v 0.07995791 -0.0294 -0.01441419
v 0.07852828 -0.0294 -0.01628922
v 0.07995791 -0.0294 -0.01656388
v 0.06648549 -0.0294 -0.01482591
v 0.06803378 -0.0294 -0.01394739
v 0.06980991 -0.0294 -0.01382764
v 0.072 -0.0294 -0.014
v 0.07419008 -0.0294 -0.01382764
v 0.07995791 -0.0294 -0.01248919
v 0.07596622 -0.0294 -0.01394739
v 0.0775145 -0.0294 -0.01482591
v 0.06191763 -0.0294 -0.01218866
v 0.06404209 -0.0294 -0.01441419
v 0.06404209 -0.0294 -0.01656388
v 0.06547172 -0.0294 -0.01628922
v 0.0799196 -0.0294 -0.0079196
v 0.0776 -0.0294 -0.00969948
v 0.07489877 -0.0294 -0.01081837
v 0.072 -0.0294 -0.0112
v 0.06910123 -0.0294 -0.01081837
v 0.08065814 -0.0294 0.00710469
v 0.05748853 -0.0294 -0.02223461
v 0.0571 -0.0294 -0.02078461
v 0.05748853 -0.0294 -0.01933461
v 0.05855 -0.0294 -0.01827314
v 0.06 -0.0294 -0.01788461
v 0.06145 -0.0294 -0.01827314
v 0.06251147 -0.0294 -0.02223461
v 0.0629 -0.0294 -0.02078461
v 0.06251147 -0.0294 -0.01933461
v 0.06145 -0.0294 -0.02329608
v 0.06 -0.0294 -0.02368461
v 0.05855 -0.0294 -0.02329608
v 0.05531925 -0.0294 -0.01656388
v 0.05531925 -0.0294 -0.01441419
v 0.0329 -0.0294 0.01656388
v 0.03409474 -0.0294 0.0211
v 0.0329 -0.0294 0.02235
v 0.0338 -0.0294 0.02
v 0.03409474 -0.0294 0.0189
v 0.03790526 -0.0294 0.0211
v 0.0382 -0.0294 0.02
v 0.03790526 -0.0294 0.0189
v 0.0371 -0.0294 0.01809474
v 0.036 -0.0294 0.0178
v 0.0349 -0.0294 0.01809474
v 0.0349 -0.0294 0.02190526
v 0.036 -0.0294 0.0222
v 0.0371 -0.0294 0.02190526
v 0.0329 -0.0294 0.02309231
v 0.032 -0.0294 -0.0275
v 0.032 -0.0294 -0.0178423
v 0.032 -0.0294 -0.01656388
v 0.0329 -0.0294 -0.01441419
v 0.032 -0.0294 -0.01441419
v 0.06115727 -0.0294 -0.01379826
v 0.05977382 -0.0294 -0.01491856
v 0.05804129 -0.0294 -0.01532765
v 0.05630284 -0.0294 -0.01494452
v 0.05748853 -0.0294 0.02223461
v 0.05104778 -0.0294 0.0275
v 0.0396 -0.0294 0.0275
v 0.0329 -0.0294 0.0275
v 0.0329 -0.0254 0.0275
v 0.0329 -0.0254 0.02231731
v 0.084 -0.0254 -0
v 0.08922722 -0.0254 0.00205031
v 0.08922722 -0.0254 -0.00205031
v 0.0775145 -0.0254 -0.01482591
v 0.08040223 -0.0254 -0.01441419
v 0.08040223 -0.0254 -0.01656388
v 0.08209568 -0.0254 0.01040854
v 0.08239231 -0.0254 0.006
v 0.08048528 -0.0254 0.00848528
v 0.04867926 -0.0254 0.01549655
v 0.05042278 -0.0254 0.01656388
v 0.05042278 -0.0254 0.01441419
v 0.05078068 -0.0254 0.01826856
v 0.05294744 -0.0254 -0.011
v 0.05490279 -0.0254 -0.01384505
v 0.05042278 -0.0254 -0.0128892
v 0.08359111 -0.0254 -0.00310583
v 0.0860619 -0.0254 -0.00353885
v 0.08508855 -0.0254 0.02418553
v 0.08216932 -0.0254 0.025
v 0.08092923 -0.0254 0.02600998
v 0.09502207 -0.0254 0.01504107
v 0.08922722 -0.0254 0.01441419
v 0.08922722 -0.0254 0.01656388
v 0.08216932 -0.0254 0.01656388
v 0.08216932 -0.0254 0.02231731
v 0.08889085 -0.0254 0.02170136
v 0.06142894 -0.0254 0.01995961
v 0.06165 -0.0254 0.02078461
v 0.06359778 -0.0254 0.02231731
v 0.05594425 -0.0254 0.01656388
v 0.05594425 -0.0254 0.02231731
v 0.05835 -0.0254 0.02078461
v 0.06359778 -0.0254 0.01656388
v 0.060825 -0.0254 0.01935567
v 0.05857106 -0.0254 0.01995961
v 0.059175 -0.0254 0.01935567
v 0.06 -0.0254 0.01913461
v 0.06142894 -0.0254 0.02160961
v 0.060825 -0.0254 0.02221355
v 0.06359778 -0.0254 0.025
v 0.06 -0.0254 0.02243461
v 0.05594425 -0.0254 0.025
v 0.059175 -0.0254 0.02221355
v 0.05857106 -0.0254 0.02160961
v 0.03790526 -0.0254 -0.0211
v 0.0382 -0.0254 -0.02
v 0.0396 -0.0254 -0.01846731
v 0.03790526 -0.0254 -0.0189
v 0.0371 -0.0254 -0.01809474
v 0.0396 -0.0254 -0.01656388
v 0.036 -0.0254 -0.0178
v 0.0329 -0.0254 -0.01656388
v 0.0349 -0.0254 -0.01809474
v 0.0329 -0.0254 -0.01846731
v 0.03409474 -0.0254 -0.0211
v 0.0329 -0.0254 -0.0275
v 0.0338 -0.0254 -0.02
v 0.03409474 -0.0254 -0.0189
v 0.0349 -0.0254 -0.02190526
v 0.036 -0.0254 -0.0222
v 0.0396 -0.0254 -0.0275
v 0.0371 -0.0254 -0.02190526
v 0.0396 -0.0254 -0.0128892
v 0.0401 -0.0254 -0.01005
v 0.0406 -0.0254 -0.00991603
v 0.0436 -0.0254 -0.00436603
v 0.04396603 -0.0254 -0.004
v 0.05042278 -0.0254 -0.00205031
v 0.04096603 -0.0254 -0.00955
v 0.0411 -0.0254 -0.00905
v 0.0431 -0.0254 -0.0045
v 0.0406 -0.0254 -0.00818397
v 0.04096603 -0.0254 -0.00855
v 0.0401 -0.0254 -0.0055
v 0.04023397 -0.0254 -0.005
v 0.0406 -0.0254 -0.00463397
v 0.0401 -0.0254 -0.00805
v 0.0411 -0.0254 -0.0045
v 0.033 -0.0254 -0.00905
v 0.0391 -0.0254 -0.00905
v 0.0329 -0.0254 -0.0128892
v 0.03923398 -0.0254 -0.00955
v 0.0396 -0.0254 -0.00991603
v 0.03213397 -0.0254 -0.00955
v 0.0325 -0.0254 -0.00918397
v 0.032 -0.0254 -0.01005
v 0.032 -0.0254 -0.0128892
v 0.06570522 -0.0254 -0.01975242
v 0.06690624 -0.0254 -0.0210664
v 0.06359778 -0.0254 -0.0275
v 0.06855844 -0.0254 -0.02172914
v 0.072 -0.0254 -0.0275
v 0.072 -0.0254 -0.022
v 0.07652635 -0.0254 -0.02712494
v 0.07544155 -0.0254 -0.02172914
v 0.08092923 -0.0254 -0.02600998
v 0.08922722 -0.0254 -0.01846731
v 0.08216932 -0.0254 -0.01846731
v 0.08040223 -0.0254 -0.01846731
v 0.08508855 -0.0254 -0.02418553
v 0.08889085 -0.0254 -0.02170136
v 0.09223241 -0.0254 -0.01862524
v 0.09236784 -0.0254 -0.01847704
v 0.08922722 -0.0254 -0.01441419
v 0.09502207 -0.0254 -0.01504107
v 0.08922722 -0.0254 -0.01656388
v 0.08909721 -0.0254 -0.01384505
v 0.09105256 -0.0254 -0.011
v 0.09718376 -0.0254 -0.01104662
v 0.09253877 -0.0254 -0.00788409
v 0.0986585 -0.0254 -0.00675085
v 0.09279092 -0.0254 -0.00612188
v 0.09940607 -0.0254 -0.00227093
v 0.09940607 -0.0254 0.00227093
v 0.09225349 -0.0254 0.00442477
v 0.0986585 -0.0254 0.00675085
v 0.09279092 -0.0254 0.00612188
v 0.09718376 -0.0254 0.01104662
v 0.09223241 -0.0254 0.01862524
v 0.072 -0.0254 0.0275
v 0.07652635 -0.0254 0.02712494
v 0.08040223 -0.0254 0.025
v 0.0329 -0.0254 0.0128892
v 0.033 -0.0254 0.00905
v 0.03213397 -0.0254 0.00955
v 0.0325 -0.0254 0.00918397
v 0.0406 -0.0254 0.00818397
v 0.04096603 -0.0254 0.00855
v 0.0411 -0.0254 0.00905
v 0.05042278 -0.0254 0.0128892
v 0.04096603 -0.0254 0.00955
v 0.0406 -0.0254 0.00991603
v 0.0396 -0.0254 0.0128892
v 0.0391 -0.0254 0.00905
v 0.03923398 -0.0254 0.00955
v 0.0396 -0.0254 0.00991603
v 0.0401 -0.0254 0.01005
v 0.0406 -0.0254 0.00463397
v 0.04023397 -0.0254 0.005
v 0.0411 -0.0254 0.0045
v 0.0431 -0.0254 0.0045
v 0.04396603 -0.0254 0.004
v 0.05042278 -0.0254 0.00205031
v 0.0441 -0.0254 0.0035
v 0.0441 -0.0254 0.00205031
v 0.0441 -0.0254 -0.00205031
v 0.0441 -0.0254 -0.0035
v 0.09225349 -0.0254 -0.00442477
v 0.09103294 -0.0254 -0.00312891
v 0.08937101 -0.0254 -0.00249095
v 0.08759687 -0.0254 -0.00263726
v 0.08507013 -0.0254 -0.00501715
v 0.08412436 -0.0254 -0.007
v 0.08239231 -0.0254 -0.006
v 0.08769716 -0.0254 -0.01494452
v 0.0859587 -0.0254 -0.01532765
v 0.08216932 -0.0254 -0.01656388
v 0.08422618 -0.0254 -0.01491856
v 0.08216932 -0.0254 -0.01441419
v 0.08284274 -0.0254 -0.01379826
v 0.08216932 -0.0254 -0.0128892
v 0.08208237 -0.0254 -0.01218866
v 0.08288004 -0.0254 -0.00881049
v 0.08209568 -0.0254 -0.01040854
v 0.08048528 -0.0254 -0.00848528
v 0.08040223 -0.0254 -0.0128892
v 0.078 -0.0254 -0.0103923
v 0.06040889 -0.0254 -0.00310583
v 0.0616077 -0.0254 -0.006
v 0.05987564 -0.0254 -0.007
v 0.06111996 -0.0254 -0.00881049
v 0.06351472 -0.0254 -0.00848528
v 0.06190432 -0.0254 -0.01040854
v 0.06191763 -0.0254 -0.01218866
v 0.06359778 -0.0254 -0.0128892
v 0.06115727 -0.0254 -0.01379826
v 0.06359778 -0.0254 -0.01441419
v 0.05977382 -0.0254 -0.01491856
v 0.06359778 -0.0254 -0.01656388
v 0.05804129 -0.0254 -0.01532765
v 0.05594425 -0.0254 -0.01656388
v 0.05630284 -0.0254 -0.01494452
v 0.0579381 -0.0254 -0.00353885
v 0.05640313 -0.0254 -0.00263726
v 0.05594425 -0.0254 -0.00205031
v 0.05462899 -0.0254 -0.00249095
v 0.05296706 -0.0254 -0.00312891
v 0.05174651 -0.0254 -0.00442477
v 0.05120908 -0.0254 -0.00612188
v 0.05146123 -0.0254 -0.00788409
v 0.066 -0.0254 0.0103923
v 0.06351472 -0.0254 0.00848528
v 0.06359778 -0.0254 0.0128892
v 0.06190432 -0.0254 0.01040854
v 0.05120908 -0.0254 0.00612188
v 0.05174651 -0.0254 0.00442477
v 0.05296706 -0.0254 0.00312891
v 0.05462899 -0.0254 0.00249095
v 0.05594425 -0.0254 0.00205031
v 0.05640313 -0.0254 0.00263726
v 0.06 -0.0254 -0
v 0.0579381 -0.0254 0.00353885
v 0.06040889 -0.0254 0.00310583
v 0.05892988 -0.0254 0.00501715
v 0.0616077 -0.0254 0.006
v 0.05987564 -0.0254 0.007
v 0.06111996 -0.0254 0.00881049
v 0.05146123 -0.0254 0.00788409
v 0.05294744 -0.0254 0.011
v 0.05490279 -0.0254 0.01384505
v 0.0436 -0.0254 0.00436603
v 0.05630284 -0.0254 0.01494452
v 0.05804129 -0.0254 0.01532765
v 0.05977382 -0.0254 0.01491856
v 0.06359778 -0.0254 0.01441419
v 0.06115727 -0.0254 0.01379826
v 0.06191763 -0.0254 0.01218866
v 0.0415 -0.0254 -0.01518397
v 0.04113397 -0.0254 -0.01555
v 0.0396 -0.0254 -0.01441419
v 0.05042278 -0.0254 -0.01441419
v 0.04784638 -0.0254 -0.01505
v 0.042 -0.0254 -0.01505
v 0.05300133 -0.0254 -0.02238645
v 0.05335905 -0.0254 -0.02207158
v 0.05594425 -0.0254 -0.0275
v 0.05353041 -0.0254 -0.0216269
v 0.05347652 -0.0254 -0.0211534
v 0.05594425 -0.0254 -0.01846731
v 0.05320959 -0.0254 -0.02075862
v 0.05078068 -0.0254 -0.01826856
v 0.041 -0.0254 -0.0215
v 0.04113397 -0.0254 -0.022
v 0.0415 -0.0254 -0.02236602
v 0.042 -0.0254 -0.0225
v 0.05042278 -0.0254 -0.0275
v 0.05042278 -0.0254 -0.0225
v 0.0525385 -0.0254 -0.0225
v 0.041 -0.0254 -0.01605
v 0.041 -0.0254 -0.01656388
v 0.041 -0.0254 -0.01846731
v 0.0396 -0.0254 0.02231731
v 0.0415 -0.0254 0.02236602
v 0.04113397 -0.0254 0.022
v 0.0396 -0.0254 0.025
v 0.042 -0.0254 0.0225
v 0.05042278 -0.0254 0.0225
v 0.05042278 -0.0254 0.025
v 0.0525385 -0.0254 0.0225
v 0.05300133 -0.0254 0.02238645
v 0.05335905 -0.0254 0.02207158
v 0.05320959 -0.0254 0.02075862
v 0.05347652 -0.0254 0.0211534
v 0.05353041 -0.0254 0.0216269
v 0.04113397 -0.0254 0.01555
v 0.0415 -0.0254 0.01518397
v 0.0396 -0.0254 0.01441419
v 0.041 -0.0254 0.01605
v 0.041 -0.0254 0.0215
v 0.041 -0.0254 0.01656388
v 0.0396 -0.0254 0.01656388
v 0.042 -0.0254 0.01505
v 0.04784638 -0.0254 0.01505
v 0.0483189 -0.0254 0.01516868
v 0.08040223 -0.0254 0.01441419
v 0.08040223 -0.0254 0.0128892
v 0.07596622 -0.0254 0.01394739
v 0.06648549 -0.0254 0.01482591
v 0.06803378 -0.0254 0.01394739
v 0.06980991 -0.0254 0.01382764
v 0.07419008 -0.0254 0.01382764
v 0.072 -0.0254 0.014
v 0.06519324 -0.0254 0.01804747
v 0.06547172 -0.0254 0.01628922
v 0.06570522 -0.0254 0.01975242
v 0.08040223 -0.0254 0.02231731
v 0.07709376 -0.0254 0.0210664
v 0.07544155 -0.0254 0.02172914
v 0.072 -0.0254 0.022
v 0.06855844 -0.0254 0.02172914
v 0.06690624 -0.0254 0.0210664
v 0.0775145 -0.0254 0.01482591
v 0.07852828 -0.0254 0.01628922
v 0.08040223 -0.0254 0.01656388
v 0.07880676 -0.0254 0.01804747
v 0.07829478 -0.0254 0.01975242
v 0.08359111 -0.0254 0.00310583
v 0.0860619 -0.0254 0.00353885
v 0.08759687 -0.0254 0.00263726
v 0.08937101 -0.0254 0.00249095
v 0.09103294 -0.0254 0.00312891
v 0.08288004 -0.0254 0.00881049
v 0.08412436 -0.0254 0.007
v 0.08507013 -0.0254 0.00501715
v 0.09253877 -0.0254 0.00788409
v 0.09105256 -0.0254 0.011
v 0.08909721 -0.0254 0.01384505
v 0.08769716 -0.0254 0.01494452
v 0.0859587 -0.0254 0.01532765
v 0.08422618 -0.0254 0.01491856
v 0.08216932 -0.0254 0.01441419
v 0.08284274 -0.0254 0.01379826
v 0.08216932 -0.0254 0.0128892
v 0.07596622 -0.0254 -0.01394739
v 0.07419008 -0.0254 -0.01382764
v 0.072 -0.0254 -0.014
v 0.06980991 -0.0254 -0.01382764
v 0.07709376 -0.0254 -0.0210664
v 0.07829478 -0.0254 -0.01975242
v 0.07880676 -0.0254 -0.01804747
v 0.07852828 -0.0254 -0.01628922
v 0.06547172 -0.0254 -0.01628922
v 0.06519324 -0.0254 -0.01804747
v 0.06803378 -0.0254 -0.01394739
v 0.06648549 -0.0254 -0.01482591
v 0.078 -0.0254 0.0103923
v 0.08208237 -0.0254 0.01218866
v 0.07510583 -0.0254 0.01159111
v 0.072 -0.0254 0.012
v 0.06889417 -0.0254 0.01159111
v 0.066 -0.0254 -0.0103923
v 0.06889417 -0.0254 -0.01159111
v 0.072 -0.0254 -0.012
v 0.07510583 -0.0254 -0.01159111
v 0.032 -0.0254 -0.01656388
v 0.032 -0.0254 -0.01846731
v 0.032 -0.0254 -0.0275
v 0.0329 -0.0254 -0.01441419
v 0.032 -0.0254 -0.01441419
v 0.0329 -0.0254 0.01441419
v 0.0329 -0.0254 0.01656388
v 0.03409474 -0.0254 0.0211
v 0.0338 -0.0254 0.02
v 0.0382 -0.0254 0.02
v 0.03790526 -0.0254 0.0211
v 0.03409474 -0.0254 0.0189
v 0.03790526 -0.0254 0.0189
v 0.0371 -0.0254 0.02190526
v 0.036 -0.0254 0.0222
v 0.0349 -0.0254 0.02190526
v 0.0349 -0.0254 0.01809474
v 0.036 -0.0254 0.0178
v 0.0371 -0.0254 0.01809474
v 0.0329 -0.0254 0.025
v 0.05042278 -0.0254 -0.01656388
v 0.05892988 -0.0254 -0.00501715
v 0.06165 -0.0254 -0.02078461
v 0.06142894 -0.0254 -0.01995961
v 0.06359778 -0.0254 -0.01846731
v 0.060825 -0.0254 -0.01935567
v 0.06 -0.0254 -0.01913461
v 0.059175 -0.0254 -0.01935567
v 0.05857106 -0.0254 -0.01995961
v 0.05835 -0.0254 -0.02078461
v 0.06142894 -0.0254 -0.02160961
v 0.060825 -0.0254 -0.02221355
v 0.05857106 -0.0254 -0.02160961
v 0.059175 -0.0254 -0.02221355
v 0.06 -0.0254 -0.02243461
v 0.04867926 -0.0254 -0.01549655
v 0.0483189 -0.0254 -0.01516868
v 0.0396 -0.0254 0.0275
v 0.05042278 -0.0254 0.0275
v 0.05594425 -0.0254 0.0275
v 0.06359778 -0.0254 0.0275
v 0.06932069 -0.0266375 -0.0275
v 0.0687625 -0.02607931 -0.0275
v 0.068 -0.025875 -0.0275
v 0.069525 -0.0274 -0.0275
v 0.06932069 -0.0281625 -0.0275
v 0.066475 -0.0274 -0.0275
v 0.06667931 -0.0281625 -0.0275
v 0.0672375 -0.02872069 -0.0275
v 0.068 -0.028925 -0.0275
v 0.0687625 -0.02872069 -0.0275
v 0.0672375 -0.02607931 -0.0275
v 0.06667931 -0.0266375 -0.0275
v 0.06 -0.0274 -0.01913461
v 0.060825 -0.0274 -0.01935567
v 0.06142894 -0.0274 -0.01995961
v 0.06165 -0.0274 -0.02078461
v 0.06142894 -0.0274 -0.02160961
v 0.060825 -0.0274 -0.02221355
v 0.06 -0.0274 -0.02243461
v 0.059175 -0.0274 -0.02221355
v 0.05857106 -0.0274 -0.02160961
v 0.05835 -0.0274 -0.02078461
v 0.05857106 -0.0274 -0.01995961
v 0.059175 -0.0274 -0.01935567
v 0.06 -0.0274 0.02243461
v 0.060825 -0.0274 0.02221355
v 0.06142894 -0.0274 0.02160961
v 0.06165 -0.0274 0.02078461
v 0.06142894 -0.0274 0.01995961
v 0.060825 -0.0274 0.01935567
v 0.06 -0.0274 0.01913461
v 0.059175 -0.0274 0.01935567
v 0.05857106 -0.0274 0.01995961
v 0.05835 -0.0274 0.02078461
v 0.05857106 -0.0274 0.02160961
v 0.059175 -0.0274 0.02221355
v 0.04945 -0.0274 -0.00251147
v 0.05051148 -0.0274 -0.00145
v 0.0509 -0.0274 -0
v 0.05051148 -0.0274 0.00145
v 0.04945 -0.0274 0.00251147
v 0.048 -0.0274 0.0029
v 0.04655 -0.0274 0.00251147
v 0.04548853 -0.0274 0.00145
v 0.0451 -0.0274 -0
v 0.04548853 -0.0274 -0.00145
v 0.04655 -0.0274 -0.00251147
v 0.048 -0.0274 -0.0029
v 0.084 -0.0274 -0.01788461
v 0.08255 -0.0274 -0.01827314
v 0.08148853 -0.0274 -0.01933461
v 0.0811 -0.0274 -0.02078461
v 0.08148853 -0.0274 -0.02223461
v 0.08255 -0.0274 -0.02329608
v 0.084 -0.0274 -0.02368461
v 0.08545 -0.0274 -0.02329608
v 0.08651147 -0.0274 -0.02223461
v 0.0869 -0.0274 -0.02078461
v 0.08651147 -0.0274 -0.01933461
v 0.08545 -0.0274 -0.01827314
v 0.06251147 -0.0274 -0.02223461
v 0.0629 -0.0274 -0.02078461
v 0.06251147 -0.0274 -0.01933461
v 0.06145 -0.0274 -0.01827314
v 0.06 -0.0274 -0.01788461
v 0.05855 -0.0274 -0.01827314
v 0.05748853 -0.0274 -0.01933461
v 0.0571 -0.0274 -0.02078461
v 0.05748853 -0.0274 -0.02223461
v 0.05855 -0.0274 -0.02329608
v 0.06 -0.0274 -0.02368461
v 0.06145 -0.0274 -0.02329608
v 0.06251147 -0.0274 0.01933461
v 0.0629 -0.0274 0.02078461
v 0.06251147 -0.0274 0.02223461
v 0.06145 -0.0274 0.02329608
v 0.06 -0.0274 0.02368461
v 0.05855 -0.0274 0.02329608
v 0.05748853 -0.0274 0.02223461
v 0.0571 -0.0274 0.02078461
v 0.05748853 -0.0274 0.01933461
v 0.05855 -0.0274 0.01827314
v 0.06 -0.0274 0.01788461
v 0.06145 -0.0274 0.01827314
v 0.08545 -0.0274 0.02329608
v 0.084 -0.0274 0.02368461
v 0.08255 -0.0274 0.02329608
v 0.08148853 -0.0274 0.02223461
v 0.0811 -0.0274 0.02078461
v 0.08148853 -0.0274 0.01933461
v 0.08255 -0.0274 0.01827314
v 0.084 -0.0274 0.01788461
v 0.08545 -0.0274 0.01827314
v 0.08651147 -0.0274 0.01933461
v 0.0869 -0.0274 0.02078461
v 0.08651147 -0.0274 0.02223461
v 0.09745 -0.0274 0.00251147
v 0.096 -0.0274 0.0029
v 0.09455 -0.0274 0.00251147
v 0.09348853 -0.0274 0.00145
v 0.0931 -0.0274 -0
v 0.09348853 -0.0274 -0.00145
v 0.09455 -0.0274 -0.00251147
v 0.096 -0.0274 -0.0029
v 0.09745 -0.0274 -0.00251147
v 0.09851147 -0.0274 -0.00145
v 0.0989 -0.0274 -0
v 0.09851147 -0.0274 0.00145
v 0.06888339 -0.02651563 -0.02177813
v 0.06908253 -0.026775 -0.0218057
v 0.068625 -0.02631747 -0.02173958
v 0.06855844 -0.02628168 -0.02172914
v 0.06920736 -0.02707629 -0.02182203
v 0.06925 -0.0274 -0.02182745
v 0.0692073 -0.02772391 -0.02182203
v 0.06908253 -0.028025 -0.0218057
v 0.06888389 -0.02828388 -0.0217782
v 0.06862487 -0.02848261 -0.02173956
v 0.06855844 -0.02851832 -0.02172914
v 0.06691747 -0.026775 -0.02107415
v 0.067375 -0.02631747 -0.02134586
v 0.068 -0.02615 -0.02159909
v 0.06679097 -0.02771739 -0.02098347
v 0.06690624 -0.02800514 -0.0210664
v 0.067375 -0.02848253 -0.02134586
v 0.06679077 -0.02708333 -0.02098333
v 0.06675 -0.0274 -0.02095247
v 0.068 -0.02865 -0.02159909
v 0.06810713 -0.0274 0.01135101
v 0.066 -0.0274 0.0103923
v 0.06351472 -0.0274 0.00848528
v 0.0616077 -0.0274 0.006
v 0.06040889 -0.0274 0.00310583
v 0.06 -0.0274 -0
v 0.06040889 -0.0274 -0.00310583
v 0.0616077 -0.0274 -0.006
v 0.06351472 -0.0274 -0.00848528
v 0.066 -0.0274 -0.0103923
v 0.06889417 -0.0274 -0.01159111
v 0.072 -0.0274 -0.012
v 0.07510583 -0.0274 -0.01159111
v 0.078 -0.0274 -0.0103923
v 0.08048528 -0.0274 -0.00848528
v 0.08239231 -0.0274 -0.006
v 0.08335102 -0.0274 -0.00389287
v 0.08359111 -0.0274 -0.00310583
v 0.084 -0.0274 -0
v 0.08359111 -0.0274 0.00310583
v 0.08239231 -0.0274 0.006
v 0.08048528 -0.0274 0.00848528
v 0.078 -0.0274 0.0103923
v 0.07510583 -0.0274 0.01159111
v 0.072 -0.0274 0.012
v 0.06889417 -0.0274 0.01159111
v 0.07067931 -0.0274 0.0087625
v 0.070475 -0.0274 0.008
v 0.06812584 -0.0274 0.00484055
v 0.07067931 -0.0274 0.0072375
v 0.06987947 -0.0274 0.00582609
v 0.0712375 -0.0274 0.00667931
v 0.072 -0.0274 0.0062
v 0.072 -0.0274 0.006475
v 0.07412052 -0.0274 0.00582609
v 0.0727625 -0.0274 0.00667931
v 0.07598528 -0.0274 0.00474948
v 0.07332069 -0.0274 0.0072375
v 0.08 -0.0274 0.001525
v 0.0807625 -0.0274 0.00132069
v 0.08132069 -0.0274 0.0007625
v 0.081525 -0.0274 -0
v 0.08132069 -0.0274 -0.0007625
v 0.0807625 -0.0274 -0.00132069
v 0.08 -0.0274 -0.001525
v 0.0712375 -0.0274 0.00932069
v 0.072 -0.0274 0.009525
v 0.0727625 -0.0274 0.00932069
v 0.07332069 -0.0274 0.0087625
v 0.073525 -0.0274 0.008
v 0.0792375 -0.0274 0.00132069
v 0.07736935 -0.0274 0.0031
v 0.07867931 -0.0274 0.0007625
v 0.07810581 -0.0274 0.00107662
v 0.078475 -0.0274 -0
v 0.07810581 -0.0274 -0.00107662
v 0.07867931 -0.0274 -0.0007625
v 0.07736935 -0.0274 -0.0031
v 0.0792375 -0.0274 -0.00132069
v 0.07680129 -0.0274 -0.0039227
v 0.06589419 -0.0274 -0.00107662
v 0.06532069 -0.0274 -0.0007625
v 0.065525 -0.0274 -0
v 0.06801472 -0.0274 0.00474948
v 0.06663064 -0.0274 0.0031
v 0.064 -0.0274 -0.001525
v 0.0647625 -0.0274 -0.00132069
v 0.06801472 -0.0274 -0.00474948
v 0.06589419 -0.0274 0.00107662
v 0.06532069 -0.0274 0.0007625
v 0.0647625 -0.0274 0.00132069
v 0.0632375 -0.0274 -0.00132069
v 0.06267931 -0.0274 -0.0007625
v 0.062475 -0.0274 -0
v 0.06267931 -0.0274 0.0007625
v 0.0632375 -0.0274 0.00132069
v 0.064 -0.0274 0.001525
v 0.06663064 -0.0274 -0.0031
v 0.07067931 -0.0274 -0.0072375
v 0.06987947 -0.0274 -0.00582609
v 0.0712375 -0.0274 -0.00667931
v 0.072 -0.0274 -0.006475
v 0.072 -0.0274 -0.0062
v 0.0727625 -0.0274 -0.00667931
v 0.07598528 -0.0274 -0.00474948
v 0.07412052 -0.0274 -0.00582609
v 0.07332069 -0.0274 -0.0072375
v 0.073525 -0.0274 -0.008
v 0.07332069 -0.0274 -0.0087625
v 0.0727625 -0.0274 -0.00932069
v 0.072 -0.0274 -0.009525
v 0.0712375 -0.0274 -0.00932069
v 0.07067931 -0.0274 -0.0087625
v 0.070475 -0.0274 -0.008
v 0.07075382 -0.0324 -0.00790234
v 0.07325 -0.027675 -0.008
v 0.07324618 -0.0324 -0.00790234
v 0.07308253 -0.027675 -0.007375
v 0.07308253 -0.0324 -0.007375
v 0.072625 -0.027675 -0.00691747
v 0.072625 -0.0324 -0.00691747
v 0.072 -0.027675 -0.00675
v 0.072 -0.0324 -0.00675
v 0.071375 -0.027675 -0.00691747
v 0.071375 -0.0324 -0.00691747
v 0.07091746 -0.027675 -0.007375
v 0.07091746 -0.0324 -0.007375
v 0.07075 -0.027675 -0.008
v 0.07308253 -0.027675 -0.008625
v 0.072625 -0.027675 -0.00908253
v 0.072 -0.027675 -0.00925
v 0.071375 -0.027675 -0.00908253
v 0.07091746 -0.027675 -0.008625
v 0.06409766 -0.0324 0.00124618
v 0.064 -0.027675 -0.00125
v 0.06409766 -0.0324 -0.00124618
v 0.064625 -0.027675 -0.00108253
v 0.064625 -0.0324 -0.00108253
v 0.06508253 -0.027675 -0.000625
v 0.06508253 -0.0324 -0.000625
v 0.06525 -0.027675 -0
v 0.06525 -0.0324 -0
v 0.06508253 -0.027675 0.000625
v 0.06508253 -0.0324 0.000625
v 0.064625 -0.027675 0.00108253
v 0.064625 -0.0324 0.00108253
v 0.064 -0.027675 0.00125
v 0.063375 -0.027675 -0.00108253
v 0.06291747 -0.027675 -0.000625
v 0.06275 -0.027675 -0
v 0.06291747 -0.027675 0.000625
v 0.063375 -0.027675 0.00108253
v 0.07324618 -0.0324 0.00790234
v 0.07075 -0.027675 0.008
v 0.07075382 -0.0324 0.00790234
v 0.07091746 -0.027675 0.007375
v 0.07091746 -0.0324 0.007375
v 0.071375 -0.027675 0.00691747
v 0.071375 -0.0324 0.00691747
v 0.072 -0.027675 0.00675
v 0.072 -0.0324 0.00675
v 0.072625 -0.027675 0.00691747
v 0.072625 -0.0324 0.00691747
v 0.07308253 -0.027675 0.007375
v 0.07308253 -0.0324 0.007375
v 0.07325 -0.027675 0.008
v 0.07091746 -0.027675 0.008625
v 0.071375 -0.027675 0.00908253
v 0.072 -0.027675 0.00925
v 0.072625 -0.027675 0.00908253
v 0.07308253 -0.027675 0.008625
v 0.07990234 -0.0324 -0.00124618
v 0.08 -0.027675 0.00125
v 0.07990234 -0.0324 0.00124618
v 0.079375 -0.027675 0.00108253
v 0.079375 -0.0324 0.00108253
v 0.07891747 -0.027675 0.000625
v 0.07891747 -0.0324 0.000625
v 0.07875 -0.027675 -0
v 0.07875 -0.0324 -0
v 0.07891747 -0.027675 -0.000625
v 0.07891747 -0.0324 -0.000625
v 0.079375 -0.027675 -0.00108253
v 0.079375 -0.0324 -0.00108253
v 0.08 -0.027675 -0.00125
v 0.080625 -0.027675 0.00108253
v 0.08108253 -0.027675 0.000625
v 0.08125 -0.027675 -0
v 0.08108253 -0.027675 -0.000625
v 0.080625 -0.027675 -0.00108253
v 0.068625 -0.02631747 -0.027225
v 0.06908253 -0.026775 -0.027225
v 0.068 -0.02615 -0.027225
v 0.06908253 -0.028025 -0.027225
v 0.06925 -0.0274 -0.027225
v 0.068625 -0.02848253 -0.027225
v 0.06691747 -0.028025 -0.027225
v 0.067375 -0.02848253 -0.027225
v 0.068 -0.02865 -0.027225
v 0.06675 -0.0274 -0.027225
v 0.067375 -0.02631747 -0.027225
v 0.06691747 -0.026775 -0.027225
v 0.072 -0.0304 -0.01
v 0.07481732 -0.0304 -0.00959493
v 0.07740641 -0.0304 -0.00841254
v 0.07955749 -0.0304 -0.00654861
v 0.08109632 -0.0304 -0.00415415
v 0.08189821 -0.0304 -0.00142315
v 0.08189821 -0.0304 0.00142315
v 0.08109632 -0.0304 0.00415415
v 0.07955749 -0.0304 0.00654861
v 0.07740641 -0.0304 0.00841254
v 0.07481732 -0.0304 0.00959493
v 0.072 -0.0304 0.01
v 0.06918267 -0.0304 0.00959493
v 0.06659359 -0.0304 0.00841254
v 0.0644425 -0.0304 0.00654861
v 0.06290368 -0.0304 0.00415415
v 0.06210179 -0.0304 0.00142315
v 0.06210179 -0.0304 -0.00142315
v 0.06290368 -0.0304 -0.00415415
v 0.0644425 -0.0304 -0.00654861
v 0.06659359 -0.0304 -0.00841254
v 0.06918267 -0.0304 -0.00959493
v 0.072 -0.0332 -0.01
v 0.07481732 -0.0332 -0.00959493
v 0.07740641 -0.0332 -0.00841254
v 0.07955749 -0.0332 -0.00654861
v 0.08109632 -0.0332 -0.00415415
v 0.08189821 -0.0332 -0.00142315
v 0.08189821 -0.0332 0.00142315
v 0.08109632 -0.0332 0.00415415
v 0.07955749 -0.0332 0.00654861
v 0.07740641 -0.0332 0.00841254
v 0.07481732 -0.0332 0.00959493
v 0.072 -0.0332 0.01
v 0.06918267 -0.0332 0.00959493
v 0.06659359 -0.0332 0.00841254
v 0.0644425 -0.0332 0.00654861
v 0.06290368 -0.0332 0.00415415
v 0.06210179 -0.0332 0.00142315
v 0.06210179 -0.0332 -0.00142315
v 0.06290368 -0.0332 -0.00415415
v 0.0644425 -0.0332 -0.00654861
v 0.06659359 -0.0332 -0.00841254
v 0.06918267 -0.0332 -0.00959493
v 0.07562953 -0.0324 -0.00712927
v 0.07765685 -0.0324 -0.00565685
v 0.07912927 -0.0324 -0.00362953
v 0.06487073 -0.0324 -0.00362953
v 0.06634314 -0.0324 -0.00565685
v 0.06837046 -0.0324 -0.00712927
v 0.06837046 -0.0324 0.00712927
v 0.06634314 -0.0324 0.00565685
v 0.06487073 -0.0324 0.00362953
v 0.07912927 -0.0324 0.00362953
v 0.07765685 -0.0324 0.00565685
v 0.07562953 -0.0324 0.00712927
v 0.0608 -0.0294 -0
vn 0 1 0
vn 0.70475 0.70489 -0.08034
vn 0.70475 0.70489 -0.08034
vn 0.6692 0.70489 -0.23515
vn 0.6692 0.70489 -0.23515
vn 0.6001 0.70489 -0.37817
vn 0.6001 0.70489 -0.37817
vn 0.5009 0.70489 -0.50222
vn 0.50091 0.70489 -0.50222
vn 0.37659 0.70489 -0.60109
vn 0.37659 0.70489 -0.60109
vn 0.23339 0.70489 -0.66982
vn 0.23339 0.70489 -0.66982
vn 0.07849 0.70489 -0.70496
vn 0.07849 0.70489 -0.70496
vn -0.08034 0.70489 -0.70475
vn -0.08034 0.70489 -0.70475
vn -0.23515 0.70489 -0.6692
vn -0.23515 0.70489 -0.6692
vn -0.37817 0.70489 -0.6001
vn -0.37817 0.70489 -0.6001
vn -0.50222 0.70489 -0.5009
vn -0.50222 0.70489 -0.5009
vn -0.60109 0.70489 -0.37659
vn -0.60109 0.70489 -0.37659
vn -0.66982 0.70489 -0.23339
vn -0.66982 0.70489 -0.23339
vn -0.70496 0.70489 -0.07849
vn -0.70496 0.70489 -0.07849
vn -0 -1 -0
vn -0.70475 0.70489 0.08034
vn -0.70475 0.70489 0.08034
vn -0.6692 0.70489 0.23515
vn -0.6692 0.70489 0.23515
vn -0.6001 0.70489 0.37817
vn -0.6001 0.70489 0.37817
vn -0.5009 0.70489 0.50222
vn -0.5009 0.70489 0.50222
vn -0.37659 0.70489 0.60109
vn -0.37659 0.70489 0.60109
vn -0.23339 0.70489 0.66982
vn -0.23339 0.70489 0.66982
vn -0.07849 0.70489 0.70496
vn -0.07849 0.70489 0.70496
vn 0.08034 0.70489 0.70475
vn 0.08034 0.70489 0.70475
vn 0.23515 0.70489 0.6692
vn 0.23515 0.70489 0.6692
vn 0.37817 0.70489 0.6001
vn 0.37817 0.70489 0.6001
vn 0.50222 0.70489 0.5009
vn 0.50222 0.70489 0.5009
vn 0.60109 0.70489 0.37659
vn 0.60109 0.70489 0.37659
vn 0.66982 0.70489 0.23339
vn 0.66982 0.70489 0.23339
vn 0.70496 0.70489 0.07849
vn 0.70496 0.70489 0.07849
vn -0.99386 0 -0.11066
vn -0.94432 0 -0.32904
vn -0.84742 0 -0.53092
vn -0.70804 0 -0.70618
vn -0.53314 0 -0.84603
vn -0.33152 0 -0.94345
vn -0.11327 0 -0.99356
vn 0.11066 -0 -0.99386
vn 0.32904 -0 -0.94432
vn 0.53092 -0 -0.84742
vn 0.70618 -0 -0.70803
vn 0.84603 -0 -0.53314
vn 0.94345 -0 -0.33152
vn 0.99356 -0 -0.11327
vn 0.99386 -0 0.11066
vn 0.94432 -0 0.32904
vn 0.84742 -0 0.53092
vn 0.70803 -0 0.70618
vn 0.53314 -0 0.84603
vn 0.33152 -0 0.94345
vn 0.11327 -0 0.99356
vn -0.11066 0 0.99386
vn -0.32904 0 0.94432
vn -0.53092 0 0.84742
vn -0.70618 0 0.70803
vn -0.84602 0 0.53314
vn -0.94345 0 0.33152
vn -0.99356 0 0.11327
vn 0.70475 0.70489 -0.08034
vn 0.70475 0.70489 -0.08034
vn 0.6692 0.70489 -0.23515
vn 0.6692 0.70489 -0.23515
vn 0.6001 0.70489 -0.37817
vn 0.23339 0.70489 -0.66982
vn 0.23339 0.70489 -0.66982
vn 0.07849 0.70489 -0.70496
vn 0.07849 0.70489 -0.70496
vn -0.08034 0.70489 -0.70475
vn -0.23515 0.70489 -0.6692
vn -0.60109 0.70489 -0.37659
vn -0.60109 0.70489 -0.37659
vn -0.66982 0.70489 -0.23339
vn -0.66982 0.70489 -0.23339
vn -0.70496 0.70489 -0.07849
vn -0.70496 0.70489 -0.07849
vn -0.70475 0.70489 0.08034
vn -0.70475 0.70489 0.08034
vn -0.6692 0.70489 0.23515
vn -0.6692 0.70489 0.23515
vn -0.6001 0.70489 0.37817
vn -0.23339 0.70489 0.66982
vn -0.23339 0.70489 0.66982
vn -0.07849 0.70489 0.70496
vn -0.07849 0.70489 0.70496
vn 0.08034 0.70489 0.70475
vn 0.23515 0.70489 0.6692
vn 0.60109 0.70489 0.37659
vn 0.60109 0.70489 0.37659
vn 0.66982 0.70489 0.23339
vn 0.66982 0.70489 0.23339
vn 0.70496 0.70489 0.07849
vn 0.70496 0.70489 0.07849
vn -0.99386 0 -0.11066
vn -0.84742 0 -0.53092
vn -0.33152 0 -0.94345
vn 0.32904 -0 -0.94432
vn 0.84602 -0 -0.53314
vn 0.99356 -0 -0.11327
vn 0.99386 -0 0.11066
vn 0.84742 -0 0.53092
vn 0.33152 -0 0.94345
vn -0.32904 0 0.94432
vn -0.84603 0 0.53314
vn -0.99356 0 0.11327
vn 0.70475 0.70489 -0.08034
vn 0.70475 0.70489 -0.08034
vn 0.6692 0.70489 -0.23515
vn 0.6692 0.70489 -0.23515
vn 0.6001 0.70489 -0.37817
vn 0.6001 0.70489 -0.37817
vn 0.5009 0.70489 -0.50222
vn 0.5009 0.70489 -0.50222
vn 0.37659 0.70489 -0.60109
vn 0.37659 0.70489 -0.60109
vn 0.23339 0.70489 -0.66982
vn 0.23339 0.70489 -0.66982
vn 0.07849 0.70489 -0.70496
vn 0.07849 0.70489 -0.70496
vn -0.08034 0.70489 -0.70475
vn -0.08034 0.70489 -0.70475
vn -0.23515 0.70489 -0.6692
vn -0.23515 0.70489 -0.6692
vn -0.37817 0.70489 -0.6001
vn -0.37817 0.70489 -0.6001
vn -0.50222 0.70489 -0.5009
vn -0.50222 0.70489 -0.5009
vn -0.60109 0.70489 -0.37659
vn -0.60109 0.70489 -0.37659
vn -0.66982 0.70489 -0.23339
vn -0.66982 0.70489 -0.23339
vn -0.70496 0.70489 -0.07849
vn -0.70496 0.70489 -0.07849
vn -0.70475 0.70489 0.08034
vn -0.70475 0.70489 0.08034
vn -0.6692 0.70489 0.23515
vn -0.6692 0.70489 0.23515
vn -0.6001 0.70489 0.37817
vn -0.6001 0.70489 0.37817
vn -0.5009 0.70489 0.50222
vn -0.5009 0.70489 0.50222
vn -0.37659 0.70489 0.60109
vn -0.37659 0.70489 0.60109
vn -0.23339 0.70489 0.66982
vn -0.23339 0.70489 0.66982
vn -0.07849 0.70489 0.70496
vn -0.07849 0.70489 0.70496
vn 0.08034 0.70489 0.70475
vn 0.08034 0.70489 0.70475
vn 0.23515 0.70489 0.6692
vn 0.23515 0.70489 0.6692
vn 0.37817 0.70489 0.6001
vn 0.37817 0.70489 0.6001
vn 0.50222 0.70489 0.5009
vn 0.50222 0.70489 0.5009
vn 0.60109 0.70489 0.37659
vn 0.60109 0.70489 0.37659
vn 0.66982 0.70489 0.23339
vn 0.66982 0.70489 0.23339
vn 0.70496 0.70489 0.07849
vn 0.70496 0.70489 0.07849
vn -0.99386 0 -0.11066
vn -0.94432 0 -0.32904
vn -0.84742 0 -0.53092
vn -0.70804 0 -0.70618
vn -0.53314 0 -0.84603
vn -0.33152 0 -0.94345
vn -0.11327 0 -0.99356
vn -0.11327 0 -0.99356
vn 0.11066 -0 -0.99386
vn 0.11066 -0 -0.99386
vn 0.32904 -0 -0.94432
vn 0.53092 -0 -0.84742
vn 0.70618 -0 -0.70803
vn 0.84602 -0 -0.53314
vn 0.94345 -0 -0.33152
vn 0.99356 -0 -0.11327
vn 0.99386 -0 0.11066
vn 0.94432 -0 0.32904
vn 0.84742 -0 0.53092
vn 0.70803 -0 0.70618
vn 0.53314 -0 0.84602
vn 0.33152 -0 0.94345
vn 0.11327 -0 0.99356
vn 0.11327 -0 0.99356
vn -0.11066 0 0.99386
vn -0.11066 0 0.99386
vn -0.32904 0 0.94432
vn -0.53092 0 0.84742
vn -0.70618 0 0.70803
vn -0.84602 0 0.53314
vn -0.94345 0 0.33152
vn -0.99356 0 0.11327
vn -0.70608 0.01678 0.70794
vn -0.59565 0 0.80324
vn -0.25755 0 0.96626
vn 0.26009 -0 0.96559
vn 0.70803 -0 0.70618
vn 0.96626 -0 0.25755
vn 0.96559 -0 -0.26009
vn 0.70618 -0 -0.70803
vn 0.25755 -0 -0.96626
vn -0.26009 0 -0.96559
vn -0.70803 0 -0.70618
vn -0.59483 -0.05255 0.80213
vn -0.70618 0 0.70803
vn -0.59671 0 -0.80246
vn -0.70784 -0.02343 -0.70598
vn -0.78407 0 -0.62068
vn -0.78325 0 0.62171
vn -0.96559 0 0.26009
vn -0.96626 0 -0.25755
vn -0.59628 0.0379 -0.80188
vn 0.99954 -0 -0.03034
vn 0.99954 -0 0.03034
vn 0.25882 -0 -0.96593
vn 0.70711 -0 -0.70711
vn 0.96593 -0 -0.25882
vn 0.96593 -0 0.25882
vn 0.70711 -0 0.70711
vn 0.25882 -0 0.96593
vn -0.25882 0 0.96593
vn -0.70711 0 0.70711
vn -0.96593 0 0.25882
vn -0.96593 0 -0.25882
vn -0.70711 0 -0.70711
vn -0.25882 0 -0.96593
vn -0.18616 -0.69475 0.69475
vn -0.18616 -0.69475 0.69475
vn -0.50859 -0.69475 0.50859
vn -0.50859 -0.69475 0.50859
vn -0.69475 -0.69475 0.18616
vn -0.69475 -0.69475 0.18616
vn -0.69475 -0.69475 -0.18616
vn -0.69475 -0.69475 -0.18616
vn -0.50859 -0.69475 -0.50859
vn -0.50859 -0.69475 -0.50859
vn -0.18616 -0.69475 -0.69475
vn -0.18616 -0.69475 -0.69475
vn 0.18616 -0.69475 -0.69475
vn 0.18616 -0.69475 -0.69475
vn 0.50859 -0.69475 -0.50859
vn 0.50859 -0.69475 -0.50859
vn 0.69475 -0.69475 -0.18616
vn 0.69475 -0.69475 -0.18616
vn 0.69475 -0.69475 0.18616
vn 0.69475 -0.69475 0.18616
vn 0.50859 -0.69475 0.50859
vn 0.50859 -0.69475 0.50859
vn 0.18616 -0.69475 0.69475
vn 0.18616 -0.69475 0.69475
vn 0.96626 -0 0.25755
vn 0.70803 -0 0.70618
vn 0.26009 -0 0.96559
vn -0.25755 0 0.96626
vn -0.70618 0 0.70804
vn -0.96559 0 0.26009
vn -0.96626 0 -0.25755
vn -0.70803 0 -0.70618
vn -0.26009 0 -0.96559
vn 0.25755 -0 -0.96626
vn 0.70618 -0 -0.70804
vn 0.96559 -0 -0.26009
vn 0.96589 -0.00914 -0.25881
vn 0.96622 0.00914 0.25754
vn 0.96589 -0.00913 0.25881
vn 0.708 0.00915 0.70615
vn 0.70708 -0.00913 0.70708
vn 0.26008 0.00915 0.96554
vn 0.25881 -0.00914 0.96589
vn -0.25754 0.00914 0.96622
vn -0.25881 -0.00915 0.96589
vn -0.70615 0.00913 0.70801
vn -0.70708 -0.00916 0.70708
vn -0.96555 0.00912 0.26008
vn -0.96589 -0.00914 0.25881
vn -0.96622 0.00914 -0.25754
vn -0.96589 -0.00915 -0.25881
vn -0.708 0.00914 -0.70615
vn -0.70708 -0.00915 -0.70708
vn -0.26008 0.00914 -0.96554
vn -0.25881 -0.00915 -0.96589
vn 0.25754 0.00915 -0.96622
vn 0.25881 -0.00914 -0.96589
vn 0.70615 0.00915 -0.70801
vn 0.70708 -0.00914 -0.70708
vn 0.96554 0.00915 -0.26008
vn -0.97612 0 0.21724
vn -0.78769 0 0.61607
vn -0.43755 0 0.89919
vn 0.00131 -0 1
vn 0.43991 -0 0.89804
vn 0.78931 -0 0.614
vn 0.97669 -0 0.21467
vn 0.97612 -0 -0.21724
vn 0.78769 -0 -0.61607
vn 0.43755 -0 -0.89919
vn -0.00131 0 -1
vn -0.43991 0 -0.89804
vn -0.78931 0 -0.614
vn -0.97669 0 -0.21467
vn -0.97612 0 0.21723
vn -0.78769 0 0.61607
vn -0.43755 0 0.8992
vn 0.43991 -0 0.89804
vn 0.78931 -0 0.614
vn 0.97669 -0 0.21467
vn 0.97612 -0 -0.21723
vn 0.78769 -0 -0.61607
vn 0.43755 -0 -0.89919
vn -0.43991 0 -0.89804
vn -0.78931 0 -0.614
vn -0.97669 0 -0.21467
vn 0.97641 -0 -0.21592
vn 0.98119 0.00664 -0.19291
vn 0.83399 -0.00536 -0.55175
vn 0.79012 0.01179 -0.61284
vn 0.67212 -0 -0.74044
vn 0.51375 -0 -0.85794
vn 0.44354 0.01528 -0.89612
vn 0.30868 -0 -0.95117
vn 0.11601 -0 -0.99325
vn 0.00811 0.01668 -0.99983
vn -0.10925 0 -0.99401
vn -0.3628 0 -0.93187
vn -0.42895 0.01452 -0.90321
vn -0.56218 0 -0.82702
vn -0.75707 0 -0.65333
vn -0.7801 0.00895 -0.62559
vn -0.96621 -0.01063 -0.25754
vn -0.97492 0 -0.22255
vn -0.96558 0 0.26009
vn -0.97426 -0.01229 0.2251
vn -0.75531 0.01063 0.65528
vn -0.77848 0 0.62766
vn -0.56001 0 0.82849
vn -0.42658 0.01452 0.90434
vn -0.36035 0 0.93282
vn -0.10665 0 0.9943
vn 0.01074 0.01668 0.9998
vn 0.11862 -0 0.99294
vn 0.31117 -0 0.95035
vn 0.44589 0.01528 0.89496
vn 0.98172 -0 0.19034
vn 0.97696 0.00593 0.21335
vn 0.83544 -0.00536 0.54956
vn 0.79173 0.01179 0.61076
vn 0.67407 -0 0.73867
vn 0.516 -0 0.85659
vn 0.98119 0.00664 -0.19291
vn 0.83399 -0.00536 -0.55175
vn 0.79012 0.01179 -0.61284
vn 0.11601 -0 -0.99325
vn 0.00811 0.01668 -0.99983
vn -0.10925 0 -0.99401
vn -0.3628 0 -0.93187
vn -0.42895 0.01452 -0.90321
vn -0.75707 0 -0.65333
vn -0.7801 0.00895 -0.62559
vn -0.96621 -0.01063 -0.25753
vn -0.42658 0.01452 0.90433
vn -0.36035 0 0.93282
vn -0.10664 0 0.9943
vn 0.01074 0.01668 0.9998
vn 0.31117 -0 0.95035
vn 0.44589 0.01528 0.89496
vn 0.97696 0.00593 0.21335
vn 0.83544 -0.00536 0.54956
vn 0.79173 0.01179 0.61076
vn 0.67406 -0 0.73867
vn -0.78769 0 0.61607
vn -0.43755 0 0.89919
vn 0.43991 -0 0.89804
vn 0.78931 -0 0.614
vn 0.78769 -0 -0.61607
vn 0.43755 -0 -0.8992
vn -0.43991 0 -0.89804
vn -0.78931 0 -0.614
vn -0.69841 0.69861 0.15543
vn 0.69882 0.69861 0.1536
vn 0.69882 0.69862 0.1536
vn 0.62811 0.70676 0.32553
vn 0.55155 0.71535 0.42904
vn 0.30401 0.72279 0.6206
vn 0.40207 0.70601 0.583
vn 0.54294 0.70113 0.4622
vn 0.0009 0.72523 0.68851
vn 0.0813 0.70482 0.70471
vn 0.26151 0.7032 0.66115
vn -0.30237 0.72279 0.6214
vn -0.25978 0.7032 0.66184
vn -0.07945 0.70482 0.70492
vn -0.69841 0.69862 0.15543
vn -0.62725 0.70676 0.32718
vn -0.55042 0.71535 0.43049
vn -0.54172 0.70113 0.46363
vn -0.40054 0.70601 0.58406
vn 0.69841 0.69861 -0.15543
vn -0.69882 0.69861 -0.1536
vn -0.69882 0.69861 -0.1536
vn -0.62811 0.70676 -0.32553
vn -0.55155 0.71535 -0.42904
vn -0.304 0.72279 -0.6206
vn -0.40207 0.70601 -0.583
vn -0.54294 0.70113 -0.4622
vn -0.0009 0.72523 -0.68851
vn -0.0813 0.70482 -0.70471
vn -0.26151 0.7032 -0.66115
vn 0.30237 0.72279 -0.6214
vn 0.25978 0.7032 -0.66184
vn 0.07945 0.70482 -0.70492
vn 0.69841 0.69862 -0.15543
vn 0.62725 0.70676 -0.32718
vn 0.55042 0.71535 -0.43049
vn 0.54172 0.70113 -0.46363
vn 0.40054 0.70601 -0.58406
vn -0.69841 0.69862 0.15543
vn 0.69882 0.69862 0.1536
vn 0.69882 0.69862 0.1536
vn 0.62811 0.70676 0.32553
vn 0.55155 0.71535 0.42904
vn 0.304 0.72279 0.6206
vn 0.40207 0.70601 0.583
vn 0.54294 0.70113 0.4622
vn 0.0009 0.72523 0.68851
vn 0.0813 0.70482 0.70471
vn 0.26151 0.7032 0.66115
vn -0.30237 0.72279 0.6214
vn -0.25978 0.7032 0.66184
vn -0.07945 0.70482 0.70492
vn -0.69841 0.69862 0.15543
vn -0.62725 0.70676 0.32718
vn -0.55042 0.71535 0.43049
vn -0.54172 0.70113 0.46363
vn -0.40054 0.70601 0.58406
vn 0.69841 0.69862 -0.15543
vn -0.69882 0.69862 -0.1536
vn -0.69882 0.69862 -0.1536
vn -0.62811 0.70676 -0.32553
vn -0.55155 0.71535 -0.42904
vn -0.30401 0.72279 -0.6206
vn -0.40207 0.70601 -0.583
vn -0.54294 0.70113 -0.4622
vn -0.0009 0.72523 -0.68851
vn -0.0813 0.70482 -0.70471
vn -0.26152 0.7032 -0.66115
vn 0.30238 0.72279 -0.6214
vn 0.25978 0.7032 -0.66184
vn 0.07945 0.70482 -0.70492
vn 0.69841 0.69862 -0.15543
vn 0.62725 0.70676 -0.32717
vn 0.55042 0.71535 -0.43049
vn 0.54172 0.70113 -0.46363
vn 0.40054 0.70601 -0.58406
vn 0.08417 0.70465 0.70454
vn 0.14381 0.68554 0.71369
vn 0.22038 0.70598 0.67308
vn 0.31465 0.70638 0.63406
vn 0.36095 0.71461 0.5992
vn 0.43825 0.6976 0.56682
vn 0.47696 0.70663 0.52267
vn 0.56489 0.70417 0.43017
vn 0.58053 0.71914 0.38187
vn 0.63645 0.70626 0.31004
vn 0.70064 0.70046 0.13584
vn 0.70064 0.70046 0.13584
vn 0.70028 0.70046 -0.13768
vn 0.1392 0.70013 -0.70031
vn 0.08637 0.66759 -0.73951
vn 0.21862 0.70598 -0.67365
vn 0.31298 0.70638 -0.63488
vn 0.35938 0.71461 -0.60015
vn 0.43676 0.6976 -0.56797
vn 0.47558 0.70663 -0.52392
vn 0.56375 0.70417 -0.43165
vn 0.57952 0.71914 -0.3834
vn 0.63563 0.70626 -0.31171
vn 0.70028 0.70046 -0.13768
vn -0.07563 0.70503 0.70513
vn -0.19169 0.66786 0.71918
vn -0.25631 0.70291 0.6635
vn -0.3965 0.70619 0.58659
vn -0.52242 0.67284 0.5238
vn -0.53893 0.70068 0.46755
vn -0.6945 0.69475 0.18707
vn -0.6945 0.69475 0.18707
vn -0.69499 0.69475 -0.18525
vn -0.69499 0.69475 -0.18525
vn -0.50926 0.69475 -0.50792
vn -0.57193 0.65521 -0.49356
vn -0.39804 0.70619 -0.58555
vn -0.18707 0.69475 -0.6945
vn -0.28105 0.63236 -0.7219
vn -0.07748 0.70503 -0.70493
vn 0.14381 0.68554 0.71369
vn 0.22038 0.70598 0.67307
vn 0.31465 0.70638 0.63406
vn 0.36095 0.71461 0.5992
vn 0.43825 0.6976 0.56682
vn 0.47695 0.70663 0.52267
vn 0.56489 0.70417 0.43017
vn 0.58053 0.71914 0.38188
vn 0.63645 0.70626 0.31004
vn 0.1392 0.70013 -0.70031
vn 0.08637 0.66759 -0.7395
vn 0.31298 0.70638 -0.63488
vn 0.35938 0.71461 -0.60015
vn 0.43676 0.6976 -0.56797
vn 0.47558 0.70663 -0.52392
vn 0.56376 0.70417 -0.43165
vn 0.57952 0.71914 -0.3834
vn 0.63563 0.70626 -0.31171
vn -0.07563 0.70503 0.70513
vn -0.19169 0.66786 0.71918
vn -0.25631 0.70291 0.6635
vn -0.52242 0.67284 0.5238
vn -0.53893 0.70068 0.46755
vn -0.6945 0.69475 0.18707
vn -0.69499 0.69475 -0.18524
vn -0.69499 0.69475 -0.18525
vn -0.50926 0.69475 -0.50792
vn -0.28106 0.63236 -0.7219
vn -0.07748 0.70503 -0.70493
vn 0.69882 0.69861 0.1536
vn 0.69882 0.69861 0.1536
vn 0.62811 0.70676 0.32553
vn 0.55155 0.71535 0.42904
vn 0.54294 0.70113 0.4622
vn -0.62725 0.70676 0.32717
vn -0.55042 0.71535 0.43049
vn -0.54172 0.70113 0.46363
vn -0.69882 0.69861 -0.1536
vn -0.69882 0.69862 -0.1536
vn -0.62811 0.70676 -0.32553
vn -0.55155 0.71535 -0.42904
vn -0.54294 0.70113 -0.4622
vn 0.69841 0.69861 -0.15543
vn 0.62725 0.70676 -0.32718
vn 0.55042 0.71535 -0.43049
vn 0.54173 0.70113 -0.46363
vn 0.69882 0.69862 0.1536
vn 0.69882 0.69862 0.1536
vn 0.62811 0.70676 0.32553
vn 0.55155 0.71535 0.42904
vn 0.40207 0.70601 0.583
vn 0.54294 0.70113 0.4622
vn 0.0813 0.70482 0.70471
vn 0.26151 0.7032 0.66115
vn -0.30237 0.72279 0.6214
vn -0.25978 0.7032 0.66184
vn -0.07945 0.70482 0.70492
vn -0.55042 0.71535 0.43049
vn -0.54172 0.70113 0.46363
vn -0.40054 0.70601 0.58406
vn -0.30401 0.72279 -0.6206
vn -0.40208 0.70601 -0.583
vn -0.0813 0.70482 -0.70471
vn -0.26151 0.7032 -0.66115
vn 0.30237 0.72279 -0.6214
vn 0.25978 0.7032 -0.66184
vn 0.07945 0.70482 -0.70492
vn 0.40054 0.70601 -0.58406
vn -0.99386 0 -0.11066
vn -0.99386 0 -0.11066
vn -0.94432 0 -0.32904
vn -0.84742 0 -0.53092
vn -0.70803 0 -0.70618
vn -0.53314 0 -0.84602
vn -0.33152 0 -0.94345
vn -0.11327 0 -0.99356
vn 0.11066 -0 -0.99386
vn 0.53092 -0 -0.84742
vn 0.70618 -0 -0.70803
vn 0.84602 -0 -0.53314
vn 0.94345 -0 -0.33152
vn 0.99356 -0 -0.11327
vn 0.99386 -0 0.11066
vn 0.99386 -0 0.11066
vn 0.94432 -0 0.32904
vn 0.84742 -0 0.53092
vn 0.53314 -0 0.84602
vn 0.33152 -0 0.94345
vn 0.11327 -0 0.99356
vn -0.11066 0 0.99386
vn -0.53092 0 0.84742
vn -0.84602 0 0.53314
vn -0.94345 0 0.33152
vn -0.99356 0 0.11327
vn 0.98053 -0 -0.19638
vn 0.9744 0.02188 -0.22375
vn 0.91225 -0 -0.40964
vn 0.8148 -0 -0.57974
vn 0.78046 0.03754 -0.62408
vn 0.66537 -0 -0.74652
vn 0.50694 -0 -0.86198
vn 0.43222 0.04695 -0.90054
vn 0.30243 -0 -0.95317
vn 0.11066 -0 -0.99386
vn -0.00131 0.05008 -0.99874
vn -0.11327 0 -0.99356
vn -0.30493 0 -0.95238
vn -0.43459 0.04695 -0.89941
vn -0.50921 0 -0.86064
vn -0.66733 0 -0.74477
vn -0.7821 0.03754 -0.62202
vn -0.98104 0 -0.1938
vn -0.97499 0.02188 -0.22119
vn -0.91332 0 -0.40725
vn -0.81632 0 -0.5776
vn -0.98053 0 0.19638
vn -0.9744 0.02188 0.22375
vn -0.91225 0 0.40964
vn -0.8148 0 0.57974
vn -0.78046 0.03754 0.62408
vn -0.66537 0 0.74652
vn -0.50694 0 0.86198
vn -0.43222 0.04695 0.90054
vn -0.30243 0 0.95317
vn -0.11066 0 0.99386
vn 0.00131 0.05008 0.99874
vn 0.11327 -0 0.99356
vn 0.30493 -0 0.95238
vn 0.43459 0.04695 0.89941
vn 0.50921 -0 0.86064
vn 0.66733 -0 0.74477
vn 0.7821 0.03754 0.62202
vn 0.98104 -0 0.1938
vn 0.97499 0.02188 0.22119
vn 0.91332 -0 0.40725
vn 0.81632 -0 0.5776
vn 0.70477 0.70487 -0.08035
vn 0.70477 0.70487 -0.08035
vn 0.66922 0.70487 -0.23516
vn 0.66922 0.70487 -0.23516
vn 0.60011 0.70487 -0.37818
vn 0.60011 0.70487 -0.37818
vn 0.50092 0.70487 -0.50223
vn 0.3766 0.70487 -0.60111
vn 0.3766 0.70487 -0.60111
vn 0.2334 0.70487 -0.66984
vn 0.2334 0.70487 -0.66984
vn 0.07849 0.70487 -0.70498
vn 0.07849 0.70487 -0.70498
vn -0.08035 0.70487 -0.70477
vn -0.08035 0.70487 -0.70477
vn -0.23335 0.70498 -0.66974
vn -0.23761 0.69733 -0.67621
vn -0.30595 0.7071 -0.63749
vn -0.37818 0.70487 -0.60011
vn -0.37818 0.70487 -0.60011
vn -0.50223 0.70487 -0.50092
vn -0.60111 0.70487 -0.3766
vn -0.60111 0.70487 -0.3766
vn -0.66984 0.70487 -0.2334
vn -0.66984 0.70487 -0.2334
vn -0.70498 0.70487 -0.07849
vn -0.70498 0.70487 -0.07849
vn -0.70477 0.70487 0.08035
vn -0.76498 0.56949 0.30081
vn -0.68312 0.70687 0.18352
vn -0.70477 0.70487 0.08035
vn 0.50223 0.70487 0.50092
vn 0.37818 0.70487 0.60011
vn 0.37818 0.70487 0.60011
vn 0.23516 0.70487 0.66922
vn 0.23516 0.70487 0.66922
vn 0.08035 0.70487 0.70477
vn 0.08035 0.70487 0.70477
vn -0.07849 0.70487 0.70498
vn -0.07849 0.70487 0.70498
vn -0.2334 0.70487 0.66984
vn -0.2334 0.70487 0.66984
vn -0.3766 0.70487 0.60111
vn -0.3766 0.70487 0.60111
vn -0.50092 0.70487 0.50223
vn -0.60011 0.70487 0.37818
vn -0.60011 0.70487 0.37818
vn -0.66922 0.70487 0.23516
vn 0.7033 0.5821 0.40808
vn 0.56819 0.7069 0.42124
vn 0.60111 0.70487 0.3766
vn 0.66984 0.70487 0.2334
vn 0.66984 0.70487 0.2334
vn 0.70498 0.70487 0.07849
vn 0.70498 0.70487 0.07849
vn 0.2187 -0 -0.97579
vn -0.27294 0 -0.96203
vn -0.50114 0 -0.86537
vn -0.66137 0 -0.75006
vn -0.89928 0 -0.43738
vn -0.99836 0 -0.05719
vn -1 0 0.00131
vn -0.96897 0 0.24719
vn -0.73393 0 0.67923
vn -0.73135 0 0.682
vn -0.9661 0 0.25819
vn 0.92904 -0 -0.36998
vn 0.64853 -0 -0.76119
vn 0.21773 -0 -0.97601
vn -0.26353 0 -0.96465
vn -0.26199 0 -0.96507
vn 0.2224 -0 -0.97496
vn 0.50114 -0 0.86537
vn 0.69856 -0 0.71556
vn 0.95519 -0 0.29598
vn 0.95631 -0 0.29236
vn 0.70664 -0 0.70757
vn 0.71601 -0 0.69809
vn 0.96723 -0 0.25389
vn -0.70478 0 0.70942
vn -0.95554 0 0.29487
vn -0.95441 0 0.29849
vn -0.64854 0 0.76118
vn -0.69664 0.00949 0.71735
vn -0.81581 0 0.57832
vn -0.49886 0 0.86668
vn 0.73571 -0 0.6773
vn 0.96961 -0 0.24464
vn 1 -0 -0.00131
vn 0.98458 -0 -0.17494
vn 0.86537 -0 -0.50114
vn 0.64178 -0 -0.76689
vn 0.49886 -0 -0.86668
vn 0.27041 -0 -0.96275
vn -0.22127 0 -0.97521
vn -0.22496 0 -0.97437
vn 0.25945 -0 -0.96576
vn 0.96677 -0 0.25565
vn 0.73314 -0 0.68008
vn -0.7004 0.70021 -0.13836
vn -0.7004 0.70021 -0.13836
vn -0.64594 0.70697 -0.28802
vn -0.6054 0.68614 -0.40336
vn -0.58132 0.70206 -0.41132
vn -0.47224 0.70655 -0.52704
vn -0.41006 0.67629 -0.61195
vn -0.36184 0.70361 -0.61156
vn -0.216 0.70585 -0.67462
vn -0.14557 0.67121 -0.72683
vn -0.08035 0.70487 -0.70477
vn 0.13836 0.70021 -0.7004
vn 0.08516 0.63855 -0.76485
vn 0.21423 0.70585 -0.67519
vn 0.39586 0.70021 -0.59413
vn 0.38042 0.66096 -0.64685
vn 0.47086 0.70655 -0.52828
vn 0.59309 0.70021 -0.39742
vn 0.70003 0.70021 -0.1402
vn 0.70003 0.70021 -0.1402
vn 0.64518 0.70697 -0.28972
vn 0.59631 0.68147 -0.42428
vn 0.7004 0.70021 0.13836
vn 0.7004 0.70021 0.13836
vn 0.64594 0.70697 0.28802
vn 0.6054 0.68614 0.40336
vn 0.58132 0.70206 0.41132
vn 0.47224 0.70655 0.52704
vn 0.41006 0.67629 0.61195
vn 0.36184 0.70361 0.61156
vn 0.216 0.70585 0.67462
vn 0.14557 0.67121 0.72683
vn 0.08035 0.70487 0.70477
vn -0.13836 0.70021 0.7004
vn -0.08516 0.63855 0.76485
vn -0.21423 0.70585 0.67519
vn -0.39586 0.70021 0.59413
vn -0.38042 0.66096 0.64685
vn -0.47086 0.70655 0.52828
vn -0.59309 0.70021 0.39742
vn -0.70003 0.70021 0.1402
vn -0.70003 0.70021 0.1402
vn -0.64518 0.70697 0.28972
vn -0.59631 0.68147 0.42428
vn -0.14411 0 0.98956
vn 0.33495 -0 0.94224
vn 0.73639 -0 0.67656
vn 0.96718 -0 0.2541
vn 0.261 -0 -0.96534
vn -0.22029 0 -0.97543
vn -0.65052 0 -0.75949
vn -0.93001 0 -0.36754
vn 0.99767 -0 0.06823
vn 0.98026 -0 -0.19773
vn 0.82842 -0 -0.56011
vn 0.54871 -0 -0.83601
vn -0.44731 0 0.89438
vn -0.06824 -0 0.99767
vn 0.32137 -0 0.94695
vn -0.31888 0 0.94779
vn 0.07085 -0 0.99749
vn 0.44966 -0 0.8932
vn -0.78493 0 -0.61958
vn -0.98348 0 -0.18104
vn -0.95411 0 0.29945
vn -0.70365 0 0.71055
vn 0.97379 -0 -0.22746
vn 0.77393 -0 -0.63327
vn 0.99765 -0 -0.06856
vn 0.99765 -0 -0.06856
vn -0.96651 0 0.25664
vn -0.73461 0 0.67849
vn -0.33247 0 0.94311
vn 0.1467 -0 0.98918
vn -0.5509 0 -0.83457
vn -0.82989 0 -0.55793
vn -0.98077 0 -0.19516
vn -0.99749 0 0.07085
vn -0.99749 0 0.07085
vn -0.96559 0 0.26009
vn -0.25755 0 0.96626
vn -0.25755 0 0.96626
vn 0.26009 -0 0.96559
vn 0.26009 -0 0.96559
vn 0.96626 -0 0.25755
vn 0.96559 -0 -0.26009
vn 0.25755 -0 -0.96626
vn 0.25755 -0 -0.96626
vn -0.26009 0 -0.96559
vn -0.26009 0 -0.96559
vn -0.96626 0 -0.25755
vn 0.96559 -0 -0.26009
vn 0.70618 -0 -0.70803
vn 0.25755 -0 -0.96626
vn -0.26009 0 -0.96559
vn -0.70803 0 -0.70618
vn -0.96626 0 -0.25755
vn -0.96559 0 0.26009
vn -0.70618 0 0.70804
vn -0.25755 0 0.96626
vn 0.26009 -0 0.96559
vn 0.70803 -0 0.70618
vn 0.96626 -0 0.25755
vn -0.96559 0 0.26009
vn -0.25755 0 0.96626
vn 0.26009 -0 0.96559
vn 0.96627 -0 0.25755
vn 0.96559 -0 -0.26009
vn 0.25755 -0 -0.96626
vn -0.26009 0 -0.96559
vn -0.96627 0 -0.25755
vn 0.96559 -0 -0.26009
vn 0.25755 -0 -0.96626
vn -0.26009 0 -0.96559
vn -0.96626 0 -0.25755
vn -0.96559 0 0.26009
vn -0.25755 0 0.96626
vn 0.26009 -0 0.96559
vn 0.96626 -0 0.25755
vn 0.15455 -0 0.98799
vn -0.25338 0 0.96737
vn -0.61904 0 0.78536
vn -0.60363 0 0.79726
vn -0.19647 0 0.98051
vn 0.24986 -0 0.96828
vn 0.64638 -0 0.76302
vn 0.91404 -0 0.40563
vn 0.62311 -0 0.78213
vn 0.67786 -0 0.73519
vn 0.83117 -0 0.55601
vn 0.80532 0.07896 0.58755
vn 0.8717 -0 0.49004
vn 0.93826 -0 0.34593
vn 0.97723 -0 0.21216
vn 0.99261 -0.03392 0.11653
vn 0.99543 -0 0.09546
vn 0.70815 -0.08918 0.70041
vn 0.53063 -0 0.8476
vn 0.48674 0.02256 0.87326
vn 0.42699 -0 0.90426
vn 0.80287 -0 0.59616
vn 0.97761 -0 0.21044
vn 0.97267 -0 -0.23219
vn 0.76461 -0 -0.6445
vn 0.39346 -0 -0.91934
vn 0.36818 -0 -0.92975
vn 0.70922 -0 -0.70498
vn 0.93194 -0 -0.3626
vn 0.91341 -0 -0.40705
vn 0.60032 -0 -0.79976
vn 0.13581 -0 -0.99073
vn -0.36296 0 -0.93181
vn -0.99881 0 -0.04885
vn -0.96806 0.05902 -0.24368
vn -0.98077 0 -0.19516
vn -0.82989 0 -0.55793
vn -0.48424 0 -0.87494
vn -0.55004 0.05575 -0.83327
vn -0.64668 0 -0.76276
vn -0.98804 0 0.15417
vn -0.78848 0 0.61506
vn -0.39003 0 0.9208
vn 0.1068 -0 0.99428
vn 0.96559 -0 -0.26009
vn -0.26009 0 -0.96559
vn -0.70803 0 -0.70618
vn -0.96626 0 -0.25755
vn -0.25755 0 0.96626
vn 0.26009 -0 0.96559
vn 0.70803 -0 0.70618
vn -0.98442 0 0.17585
vn -0.97601 0 -0.21771
vn -0.78936 0 -0.61393
vn -0.80922 0 -0.58751
vn -0.99277 0 -0.12002
vn -0.92591 0 0.37775
vn -0.62549 0 0.78023
vn 0.36962 0.01269 0.9291
vn 0.51785 -0 0.85547
vn 0.54188 -0.02041 0.84021
vn -0.5156 0 0.85683
vn -0.53967 -0.02041 0.84163
vn -0.36718 0.01269 0.93006
vn -0.39354 0 0.91931
vn -0.16365 0 0.98652
vn -0.16365 0 0.98652
vn 0.16624 -0 0.98609
vn 0.16624 -0 0.98609
vn 0.39595 -0 0.91827
vn 0.57762 -0 0.81631
vn 0.84057 -0 0.54171
vn 0.98201 -0 0.18881
vn 0.97544 -0 -0.22027
vn 0.78774 -0 -0.616
vn 0.77835 -0 -0.62783
vn 0.96446 -0 -0.26425
vn 0.98966 -0 0.14343
vn 0.98488 -0 0.17326
vn 0.9716 -0 -0.23662
vn 0.75573 -0 -0.65488
vn 0.37244 -0 -0.92806
vn -0.09337 0 -0.99563
vn 0.37367 -0 -0.92756
vn 0.32195 -0 -0.94676
vn 0.10817 -0 -0.99413
vn 0.10817 -0 -0.99413
vn -0.11078 0 -0.99384
vn -0.11078 0 -0.99384
vn -0.2724 0 -0.96218
vn -0.32403 -0.04953 -0.94475
vn -0.37611 0 -0.92658
vn 0.52028 -0 -0.85399
vn 0.26858 -0.09796 -0.95826
vn -0.52252 0 -0.85262
vn 0.10312 -0 -0.99467
vn -0.34007 0 -0.9404
vn -0.71546 0 -0.69865
vn -0.94822 0 -0.31762
vn -0.99194 0 0.12673
vn 0.25755 -0 -0.96626
vn 0.25755 -0 -0.96626
vn -0.26009 0 -0.96558
vn -0.26009 0 -0.96558
vn -0.70618 0 0.70803
vn -0.25755 0 0.96626
vn 0.26009 -0 0.96559
vn 0.70803 -0 0.70618
vn -0.93289 0 -0.36015
vn -0.71107 0 -0.70312
vn -0.37062 0 -0.92878
vn -0.38864 0 -0.92139
vn -0.75091 0 -0.6604
vn -0.96349 0 -0.26775
vn -0.98398 0 0.17827
vn -0.80831 0 0.58876
vn -0.99013 0 0.14017
vn -0.98089 0 0.19457
vn -0.92769 0 0.37335
vn -0.91425 0.04138 0.40304
vn -0.88124 0 0.47267
vn -0.8053 0 0.59286
vn -0.69707 0 0.717
vn -0.65616 -0.04953 0.75299
vn -0.61439 0 0.78901
vn -0.99972 0 -0.02358
vn -0.96417 -0.09796 0.24654
vn -0.47713 0 0.87883
vn -0.91297 0 0.40803
vn -0.64437 0 0.76471
vn -0.24732 0 0.96893
vn 0.19904 -0 0.97999
vn 0.60572 -0 0.79568
vn 0.6211 -0 0.78373
vn 0.25592 -0 0.9667
vn -0.15195 0 0.98839
vn -0.11666 0 0.99317
vn 0.35756 -0 0.93389
vn 0.75012 -0 0.66131
vn 0.97134 -0 0.23768
vn 0.99867 -0 -0.05147
vn 0.48194 -0 -0.8762
vn 0.61557 0.11744 -0.77928
vn 0.93617 -0 -0.35154
vn 0.77086 -0 -0.63701
vn 0.52165 -0 -0.85316
vn 0.99984 -0 0.01811
vn 0.99907 0.03289 -0.02779
vn 0.98913 -0 -0.14706
vn 0.36051 -0 -0.93276
vn -0.13841 0 -0.99037
vn -0.60242 0 -0.79818
vn -0.91447 0 -0.40465
vn 0.25755 -0 -0.96626
vn 0.26009 -0 0.96559
vn 0.97669 -0 0.21467
vn 0.95856 -0.12602 0.2555
vn 0.88785 -0 0.46014
vn 0.7348 -0.26227 0.62553
vn 0.56773 -0 0.82321
vn 0.34256 -0.36415 0.86605
vn 0.11461 -0 0.99341
vn -0.112 0 0.99371
vn -0.25137 -0.21779 0.94307
vn -0.36537 0 0.93086
vn -0.56557 0 0.8247
vn -0.69363 -0.18766 0.69545
vn -0.97612 0 0.21723
vn -0.95789 -0.12602 0.25801
vn -0.88663 0 0.46248
vn -0.75975 0 0.65022
vn -0.97669 0 -0.21467
vn -0.95856 -0.12602 -0.2555
vn -0.88785 0 -0.46014
vn -0.70804 0 -0.70618
vn -0.7348 -0.26228 -0.62553
vn -0.56773 0 -0.82321
vn -0.34256 -0.36415 -0.86605
vn -0.11461 0 -0.99341
vn 0.112 -0 -0.99371
vn 0.25137 -0.21779 -0.94307
vn 0.36537 -0 -0.93086
vn 0.56557 -0 -0.8247
vn 0.69363 -0.18766 -0.69546
vn 0.97612 -0 -0.21723
vn 0.95789 -0.12602 -0.25801
vn 0.88663 -0 -0.46247
vn 0.75975 -0 -0.65022
vn 0.97669 -0 0.21467
vn 0.95856 -0.12602 0.2555
vn 0.88785 -0 0.46014
vn 0.7348 -0.26227 0.62553
vn 0.34256 -0.36415 0.86605
vn 0.11461 -0 0.99341
vn -0.112 0 0.99371
vn -0.25137 -0.21779 0.94307
vn -0.36537 0 0.93086
vn -0.56557 0 0.8247
vn -0.69363 -0.18766 0.69545
vn -0.97612 0 0.21723
vn -0.95789 -0.12602 0.25801
vn -0.88663 0 0.46247
vn -0.75975 0 0.65022
vn -0.97669 0 -0.21467
vn -0.95856 -0.12602 -0.2555
vn -0.88785 0 -0.46014
vn -0.7348 -0.26227 -0.62553
vn -0.56773 0 -0.82321
vn -0.26009 0 -0.96558
vn -0.34256 -0.36415 -0.86605
vn -0.11461 0 -0.99341
vn 0.112 -0 -0.99371
vn 0.25137 -0.21779 -0.94307
vn 0.36537 -0 -0.93086
vn 0.56557 -0 -0.8247
vn 0.69363 -0.18766 -0.69546
vn 0.97612 -0 -0.21723
vn 0.95789 -0.12602 -0.25801
vn 0.88663 -0 -0.46247
vn 0.75975 -0 -0.65022
vn 0.95507 -0.23141 0.18517
vn 0.89901 -0 0.43794
vn 0.79558 -0 0.60585
vn 0.69046 -0.22145 0.68864
vn 0.61167 -0 0.79111
vn 0.44452 -0 0.89577
vn 0.25649 -0.16574 0.95223
vn 0.19753 -0 0.9803
vn -0.70618 0 0.70803
vn -0.96558 0 0.26009
vn -0.96626 0 -0.25755
vn 0.19034 -0.2164 -0.95757
vn 0.44217 -0 -0.89693
vn 0.55748 -0.40456 -0.72495
vn 0.98122 -0 -0.19291
vn 0.95095 -0.17344 -0.25615
vn 0.89785 -0 -0.44029
vn 0.79399 -0 -0.60793
vn 0.96626 -0 0.25755
vn 0.95507 -0.23142 0.18517
vn 0.899 -0 0.43794
vn 0.69046 -0.22145 0.68864
vn 0.61167 -0 0.79111
vn 0.44452 -0 0.89577
vn 0.25649 -0.16573 0.95223
vn 0.19753 -0 0.9803
vn 0.19034 -0.21639 -0.95757
vn 0.44217 -0 -0.89693
vn 0.70618 -0 -0.70803
vn 0.55748 -0.40456 -0.72495
vn 0.95095 -0.17345 -0.25615
vn 0.89785 -0 -0.4403
vn 0.97669 -0 0.21467
vn 0.95856 -0.12602 0.2555
vn 0.70804 -0 0.70618
vn 0.7348 -0.26228 0.62553
vn -0.69363 -0.18766 0.69546
vn -0.95789 -0.12602 0.25801
vn -0.88663 0 0.46247
vn -0.75975 0 0.65022
vn -0.97669 0 -0.21467
vn -0.95856 -0.12602 -0.2555
vn -0.7348 -0.26227 -0.62553
vn 0.69363 -0.18767 -0.69545
vn 0.97612 -0 -0.21724
vn 0.95789 -0.12602 -0.25802
vn 0.75975 -0 -0.65022
vn 0.97669 -0 0.21467
vn 0.95856 -0.12602 0.2555
vn 0.7348 -0.26227 0.62553
vn 0.56773 -0 0.82321
vn 0.34256 -0.36415 0.86605
vn 0.11461 -0 0.99341
vn -0.112 0 0.99371
vn -0.25137 -0.21779 0.94307
vn -0.36537 0 0.93086
vn -0.7348 -0.26227 -0.62553
vn -0.56774 0 -0.82321
vn -0.34256 -0.36415 -0.86605
vn 0.112 -0 -0.99371
vn 0.25137 -0.21779 -0.94307
vn 0.56557 -0 -0.8247
vn 0.69363 -0.18766 -0.69546
vn 0.96559 -0 -0.26009
vn 0.70618 -0 -0.70804
vn -0.70803 0 -0.70618
vn -0.96627 0 -0.25755
vn -0.96559 0 0.26009
vn -0.70618 0 0.70804
vn -0.25755 0 0.96626
vn 0.26009 -0 0.96559
vn 0.70803 -0 0.70618
vn 0.96627 -0 0.25755
vn 0.96559 -0 -0.26009
vn -0.96627 0 -0.25755
vn -0.96559 0 0.26009
vn 0.96627 -0 0.25755
vn 0.96559 -0 -0.26009
vn -0.96626 0 -0.25755
vn -0.96626 0 -0.25755
vn -0.96559 0 0.26009
vn -0.25755 0 0.96626
vn 0.26009 -0 0.96559
vn 0.96626 -0 0.25755
vn 0.99466 -0 0.10322
vn 0.99466 -0 0.10322
vn 0.95146 -0 0.30777
vn 0.86668 -0 0.49886
vn 0.74402 -0 0.66815
vn 0.58885 -0 0.80824
vn 0.40794 -0 0.91301
vn 0.2092 -0 0.97787
vn -0.20663 0 0.97842
vn -0.40554 0 0.91408
vn -0.58672 0 0.80979
vn -0.74227 0 0.67011
vn -0.86537 0 0.50114
vn -0.95065 0 0.31027
vn -0.99438 0 0.10583
vn -0.99438 0 0.10583
vn -0.99466 0 -0.10322
vn -0.99466 0 -0.10322
vn -0.95146 0 -0.30777
vn -0.86668 0 -0.49886
vn -0.74402 0 -0.66815
vn -0.58885 0 -0.80824
vn -0.40794 0 -0.91301
vn -0.2092 0 -0.97787
vn 0.20663 -0 -0.97842
vn 0.40554 -0 -0.91408
vn 0.58672 -0 -0.80979
vn 0.74227 -0 -0.67011
vn 0.86537 -0 -0.50114
vn 0.95065 -0 -0.31027
vn 0.99438 -0 -0.10583
vn 0.99438 -0 -0.10583
vn 0.25685 0.7056 0.66043
vn 0.13112 0.7056 0.69638
vn 0.13112 0.7056 0.69638
vn 0.00093 0.7056 0.70861
vn -0.12929 0.7056 0.69672
vn -0.12929 0.7056 0.69672
vn -0.25511 0.7056 0.6611
vn -0.25511 0.70559 0.6611
vn -0.37225 0.7056 0.60297
vn -0.37225 0.7056 0.60296
vn -0.4767 0.7056 0.5243
vn -0.4767 0.7056 0.5243
vn -0.56493 0.7056 0.42778
vn -0.56493 0.7056 0.42778
vn -0.63391 0.7056 0.31669
vn -0.63391 0.70559 0.31669
vn -0.68131 0.70559 0.19482
vn -0.68131 0.7056 0.19482
vn -0.70551 0.7056 0.06631
vn -0.70551 0.7056 0.06631
vn 0.53945 0.7069 0.45748
vn 0.47808 0.7056 0.52305
vn 0.47808 0.7056 0.52304
vn 0.4224 0.7071 0.56709
vn 0.38754 0.67849 0.62407
vn 0.36892 0.70584 0.60471
vn 0.25685 0.70559 0.66043
vn 0.61479 0.63189 0.47196
vn 0.63413 0.60811 0.47757
vn 0.59431 0.69078 0.41184
vn 0.59827 0.70709 0.37695
vn 0.63474 0.7056 0.31502
vn 0.63474 0.70559 0.31502
vn 0.68182 0.70559 0.19303
vn 0.68182 0.7056 0.19303
vn 0.70568 0.7056 0.06446
vn 0.70568 0.7056 0.06446
vn 0.70551 0.7056 -0.06631
vn 0.70551 0.7056 -0.06631
vn 0.68131 0.7056 -0.19482
vn 0.68131 0.70559 -0.19482
vn 0.63391 0.70559 -0.31669
vn 0.63391 0.7056 -0.31669
vn 0.61355 0.63189 -0.47357
vn 0.63288 0.60811 -0.47923
vn 0.59323 0.69078 -0.4134
vn 0.59728 0.70709 -0.37852
vn 0.53825 0.7069 -0.4589
vn 0.4767 0.7056 -0.5243
vn 0.4767 0.7056 -0.5243
vn 0.37225 0.7056 -0.60296
vn 0.37225 0.7056 -0.60297
vn 0.25511 0.70559 -0.6611
vn 0.25511 0.7056 -0.6611
vn 0.12929 0.7056 -0.69672
vn 0.12929 0.7056 -0.69672
vn -0.00093 0.7056 -0.70861
vn -0.13112 0.7056 -0.69638
vn -0.13112 0.7056 -0.69638
vn -0.25685 0.7056 -0.66043
vn -0.25685 0.70559 -0.66043
vn -0.36892 0.70584 -0.60471
vn -0.38754 0.67849 -0.62407
vn -0.4224 0.7071 -0.56709
vn -0.47808 0.7056 -0.52304
vn -0.47808 0.7056 -0.52305
vn -0.56605 0.7056 -0.42629
vn -0.56605 0.7056 -0.42629
vn -0.63474 0.7056 -0.31502
vn -0.63474 0.70559 -0.31502
vn -0.68182 0.70559 -0.19303
vn -0.68182 0.7056 -0.19303
vn -0.70568 0.7056 -0.06446
vn -0.70568 0.7056 -0.06446
vn 0.04525 -0.25855 0.96494
vn 0.03314 -0.70672 0.70672
vn 0.01214 -0.96585 0.2588
vn 0.01214 -0.96585 0.2588
vn 0.03613 -0.96586 0.25655
vn 0.03613 -0.96586 0.25655
vn 0.05965 -0.96586 0.25212
vn 0.05965 -0.96586 0.25212
vn 0.08265 -0.96586 0.24554
vn 0.08266 -0.96586 0.24554
vn 0.10496 -0.96586 0.23686
vn 0.10496 -0.96586 0.23687
vn 0.12637 -0.96586 0.22617
vn 0.12637 -0.96586 0.22617
vn 0.14669 -0.96586 0.21355
vn 0.14669 -0.96586 0.21355
vn 0.16577 -0.96586 0.1991
vn 0.16577 -0.96586 0.1991
vn 0.18344 -0.96586 0.18295
vn 0.19953 -0.96586 0.16525
vn 0.19953 -0.96586 0.16525
vn 0.21393 -0.96586 0.14613
vn 0.2265 -0.96586 0.12577
vn 0.2265 -0.96586 0.12577
vn 0.23714 -0.96586 0.10434
vn 0.23714 -0.96586 0.10434
vn 0.24575 -0.96586 0.08201
vn 0.24575 -0.96586 0.08201
vn 0.25227 -0.96586 0.05898
vn 0.25227 -0.96586 0.05898
vn 0.25664 -0.96586 0.03546
vn 0.25664 -0.96586 0.03546
vn 0.25882 -0.96586 0.01163
vn 0.25882 -0.96586 0.01163
vn 0.25879 -0.96586 -0.01231
vn 0.25878 -0.96586 -0.0123
vn 0.25655 -0.96586 -0.03613
vn 0.25655 -0.96586 -0.03613
vn 0.25212 -0.96586 -0.05965
vn 0.25212 -0.96586 -0.05965
vn 0.24554 -0.96586 -0.08265
vn 0.24554 -0.96586 -0.08266
vn 0.23686 -0.96586 -0.10496
vn 0.23687 -0.96586 -0.10496
vn 0.22617 -0.96586 -0.12637
vn 0.22617 -0.96586 -0.12637
vn 0.21355 -0.96586 -0.14669
vn 0.21355 -0.96586 -0.14669
vn 0.1991 -0.96586 -0.16577
vn 0.1991 -0.96586 -0.16577
vn 0.18295 -0.96586 -0.18344
vn 0.16525 -0.96586 -0.19953
vn 0.16525 -0.96586 -0.19953
vn 0.14613 -0.96586 -0.21393
vn 0.12577 -0.96586 -0.2265
vn 0.12577 -0.96586 -0.2265
vn 0.10434 -0.96586 -0.23714
vn 0.10434 -0.96586 -0.23714
vn 0.08201 -0.96586 -0.24575
vn 0.08201 -0.96586 -0.24575
vn 0.05898 -0.96586 -0.25227
vn 0.05898 -0.96586 -0.25227
vn 0.03546 -0.96586 -0.25664
vn 0.03546 -0.96586 -0.25664
vn 0.01179 -0.96586 -0.2588
vn 0.01179 -0.96586 -0.2588
vn 0.03314 -0.70672 0.70672
vn 0.09866 -0.70673 0.70057
vn 0.09866 -0.70673 0.70057
vn 0.16288 -0.70673 0.68848
vn 0.16288 -0.70673 0.68848
vn 0.22571 -0.70673 0.67051
vn 0.22571 -0.70673 0.67051
vn 0.28662 -0.70673 0.64683
vn 0.28662 -0.70673 0.64683
vn 0.34508 -0.70673 0.61762
vn 0.34507 -0.70673 0.61762
vn 0.40059 -0.70673 0.58315
vn 0.40059 -0.70673 0.58314
vn 0.45269 -0.70673 0.5437
vn 0.45269 -0.70673 0.5437
vn 0.50093 -0.70673 0.49961
vn 0.54489 -0.70673 0.45126
vn 0.54488 -0.70673 0.45126
vn 0.58419 -0.70673 0.39906
vn 0.58419 -0.70673 0.39906
vn 0.61852 -0.70673 0.34345
vn 0.61852 -0.70673 0.34345
vn 0.64758 -0.70673 0.28492
vn 0.64758 -0.70673 0.28492
vn 0.6711 -0.70673 0.22395
vn 0.6711 -0.70673 0.22395
vn 0.68891 -0.70673 0.16107
vn 0.6889 -0.70673 0.16107
vn 0.70082 -0.70673 0.09682
vn 0.70082 -0.70673 0.09682
vn 0.70677 -0.70673 0.03175
vn 0.70677 -0.70673 0.03175
vn 0.70668 -0.70673 -0.0336
vn 0.70668 -0.70673 -0.0336
vn 0.70057 -0.70673 -0.09866
vn 0.70057 -0.70673 -0.09866
vn 0.68848 -0.70673 -0.16288
vn 0.68848 -0.70673 -0.16288
vn 0.67051 -0.70673 -0.22571
vn 0.67051 -0.70673 -0.22571
vn 0.64683 -0.70673 -0.28662
vn 0.64683 -0.70673 -0.28662
vn 0.61762 -0.70673 -0.34508
vn 0.61762 -0.70673 -0.34507
vn 0.58315 -0.70673 -0.40059
vn 0.58314 -0.70673 -0.40059
vn 0.5437 -0.70673 -0.45269
vn 0.5437 -0.70673 -0.45269
vn 0.49961 -0.70673 -0.50093
vn 0.45126 -0.70673 -0.54489
vn 0.45126 -0.70673 -0.54488
vn 0.39906 -0.70673 -0.58419
vn 0.39906 -0.70673 -0.58419
vn 0.34345 -0.70673 -0.61852
vn 0.34345 -0.70673 -0.61852
vn 0.28492 -0.70673 -0.64758
vn 0.28492 -0.70673 -0.64758
vn 0.22395 -0.70673 -0.6711
vn 0.22395 -0.70673 -0.6711
vn 0.16107 -0.70673 -0.68891
vn 0.16107 -0.70673 -0.6889
vn 0.09682 -0.70673 -0.70082
vn 0.09682 -0.70673 -0.70082
vn 0.03221 -0.70674 -0.70674
vn 0.03221 -0.70674 -0.70674
vn 0.04525 -0.25855 0.96494
vn 0.13471 -0.25856 0.95656
vn 0.13471 -0.25856 0.95656
vn 0.2224 -0.25856 0.94005
vn 0.2224 -0.25856 0.94004
vn 0.30819 -0.25856 0.91551
vn 0.30819 -0.25856 0.91551
vn 0.39135 -0.25856 0.88317
vn 0.39135 -0.25856 0.88317
vn 0.47116 -0.25856 0.8433
vn 0.47117 -0.25856 0.8433
vn 0.54697 -0.25856 0.79623
vn 0.54696 -0.25856 0.79623
vn 0.6181 -0.25856 0.74236
vn 0.6181 -0.25857 0.74236
vn 0.68396 -0.25857 0.68216
vn 0.74398 -0.25857 0.61615
vn 0.74398 -0.25856 0.61615
vn 0.79766 -0.25856 0.54487
vn 0.79766 -0.25856 0.54487
vn 0.84453 -0.25856 0.46895
vn 0.84453 -0.25856 0.46895
vn 0.8842 -0.25856 0.38902
vn 0.8842 -0.25856 0.38902
vn 0.91632 -0.25856 0.30578
vn 0.91632 -0.25856 0.30578
vn 0.94062 -0.25856 0.21993
vn 0.94063 -0.25856 0.21993
vn 0.95691 -0.25856 0.1322
vn 0.95691 -0.25856 0.1322
vn 0.96502 -0.25856 0.04335
vn 0.96502 -0.25856 0.04335
vn 0.96491 -0.25856 -0.04588
vn 0.9649 -0.25856 -0.04588
vn 0.95656 -0.25856 -0.13471
vn 0.95656 -0.25856 -0.13471
vn 0.94005 -0.25856 -0.2224
vn 0.94004 -0.25856 -0.2224
vn 0.91551 -0.25856 -0.30819
vn 0.91551 -0.25856 -0.30819
vn 0.88317 -0.25856 -0.39135
vn 0.88317 -0.25856 -0.39135
vn 0.8433 -0.25856 -0.47116
vn 0.8433 -0.25856 -0.47117
vn 0.79623 -0.25856 -0.54697
vn 0.79623 -0.25856 -0.54696
vn 0.74236 -0.25856 -0.6181
vn 0.74236 -0.25857 -0.6181
vn 0.68216 -0.25857 -0.68396
vn 0.61615 -0.25857 -0.74398
vn 0.61615 -0.25856 -0.74398
vn 0.54487 -0.25856 -0.79766
vn 0.54487 -0.25856 -0.79766
vn 0.46895 -0.25856 -0.84453
vn 0.46895 -0.25856 -0.84453
vn 0.38902 -0.25856 -0.8842
vn 0.38902 -0.25856 -0.8842
vn 0.30578 -0.25856 -0.91632
vn 0.30578 -0.25856 -0.91632
vn 0.21993 -0.25856 -0.94062
vn 0.21993 -0.25856 -0.94063
vn 0.1322 -0.25856 -0.95691
vn 0.1322 -0.25856 -0.95691
vn 0.04398 -0.25857 -0.96499
vn 0.04398 -0.25857 -0.96499
vn -1 0 0.00129
vn -1 0 0.00129
vn 0.00129 -0 1
vn -1 0 0.00134
vn -1 0 -0
vn 1 -0 0
vn -1 0 0
vn -1 0 0
vn -1 0 0
vn 1 -0 -0.00129
vn 1 -0 -0.00129
vn 0.18352 -0.70762 0.68235
vn 0.18518 -0.70675 0.68279
vn 0.18697 -0.70738 0.68165
vn 0.25846 -0.00043 -0.96602
vn 0.2056 -0 -0.97864
vn 0.18246 0.0012 -0.98321
vn 0.25876 6E-05 -0.96594
vn 0.25846 -0 -0.96602
vn 0.20689 -0 0.97836
vn 0.21437 -0.00498 0.97674
vn 0.25973 -0.00056 0.96568
vn 0.26929 -0 0.96306
vn 0.25973 -0 0.96568
vn 0.26023 8E-05 0.96555
vn 0.17529 0.00134 0.98452
vn 0.18504 -0 0.98273
vn -0.21085 0 0.97752
vn -0.2142 -0.00241 0.97679
vn -0.22759 0.02739 0.97337
vn -0.12424 -0.02149 0.99202
vn -0.13686 0 0.99059
vn -0.04553 -0 0.99896
vn 0.04684 -0 0.9989
vn 0.12557 -0 0.99208
vn 0.13944 -0.01653 0.99009
vn 0.23012 0.03089 0.97267
vn -0.18246 0.00059 0.98321
vn -0.17798 0 0.98403
vn -0.18057 0.00062 -0.98356
vn -0.21213 0 -0.97724
vn -0.21548 -0.00247 -0.9765
vn -0.27055 0 -0.96271
vn 0.21309 -0.00485 -0.97702
vn 0.22759 0.02739 -0.97337
vn 0.12424 -0.02149 -0.99202
vn 0.13686 -0 -0.99059
vn 0.04553 0 -0.99896
vn -0.04684 0 -0.9989
vn -0.12557 0 -0.99208
vn -0.13944 -0.01653 -0.99009
vn -0.23012 0.03089 -0.97267
vn -0.18504 0 -0.98273
vn 0.17271 -0 -0.98497
vn 0.99561 0.00236 -0.09358
vn 0.99023 -0 -0.13946
vn 0.97314 -0 -0.23023
vn 0.96146 0.00236 -0.27492
vn 0.94774 -0 -0.31904
vn 0.91426 -0 -0.40512
vn 0.89457 0.00236 -0.44691
vn 0.87298 -0 -0.48775
vn 0.82425 -0 -0.56622
vn 0.79722 0.00236 -0.60368
vn 0.76849 -0 -0.63986
vn 0.67272 0.00236 -0.73989
vn 0.63784 -0 -0.77017
vn 0.56405 -0 -0.82574
vn 0.52531 0.00236 -0.85091
vn 0.26802 -0 -0.96341
vn 0.31655 -0 -0.94858
vn 0.36002 0.00236 -0.93294
vn 0.40272 -0 -0.91532
vn 0.48546 -0 -0.87426
vn -0.31904 0 -0.94774
vn -0.36246 0.00236 -0.93199
vn -0.40512 0 -0.91426
vn -0.48775 0 -0.87298
vn -0.52755 0.00236 -0.84952
vn -0.56622 0 -0.82425
vn -0.63986 0 -0.76849
vn -0.67466 0.00236 -0.73812
vn -0.77017 0 -0.63784
vn -0.79881 0.00236 -0.60158
vn -0.82574 0 -0.56405
vn -0.87426 0 -0.48546
vn -0.89575 0.00236 -0.44456
vn -0.91532 0 -0.40272
vn -0.94858 0 -0.31655
vn -0.96218 0.00236 -0.2724
vn -0.97374 0 -0.22767
vn -0.99059 0 -0.13686
vn -0.99585 0.00236 -0.09096
vn -0.99899 0 -0.04487
vn -0.99887 0 0.0475
vn -0.99561 0.00236 0.09358
vn -0.99023 0 0.13946
vn -0.97314 0 0.23023
vn -0.96146 0.00236 0.27492
vn -0.94774 0 0.31904
vn -0.91426 0 0.40512
vn -0.89457 0.00236 0.44691
vn -0.87298 0 0.48775
vn -0.82425 0 0.56622
vn -0.79722 0.00236 0.60368
vn -0.76849 0 0.63986
vn -0.67272 0.00236 0.73989
vn -0.63784 0 0.77017
vn -0.56405 0 0.82574
vn -0.52531 0.00236 0.85091
vn -0.26802 0 0.96341
vn -0.26802 0 0.96341
vn -0.31655 0 0.94858
vn -0.36002 0.00236 0.93294
vn -0.40272 0 0.91532
vn -0.48546 0 0.87426
vn 0.31904 -0 0.94774
vn 0.36246 0.00236 0.93199
vn 0.40512 -0 0.91426
vn 0.48775 -0 0.87298
vn 0.52755 0.00236 0.84952
vn 0.56622 -0 0.82425
vn 0.63986 -0 0.76849
vn 0.67466 0.00236 0.73812
vn 0.77017 -0 0.63784
vn 0.79881 0.00236 0.60158
vn 0.82574 -0 0.56405
vn 0.87426 -0 0.48546
vn 0.89575 0.00236 0.44456
vn 0.91532 -0 0.40272
vn 0.94858 -0 0.31655
vn 0.96218 0.00236 0.2724
vn 0.97374 -0 0.22767
vn 0.99059 -0 0.13686
vn 0.99585 0.00236 0.09096
vn 0.99899 -0 0.04487
vn 0.99887 -0 -0.0475
vn -0.00134 0 -1
vn -1 -0 0
vn -1 -0 0
vn -1 -0 0
vn 1 -0 -0.00134
vn 1 -0 -0.00134
vn 0.18283 -0.70683 -0.68335
vn 0.18569 -0.70732 -0.68207
vn 0.18605 -0.70751 -0.68177
vn -0.04525 -0.25855 -0.96494
vn -0.03314 -0.70672 -0.70672
vn -0.01214 -0.96585 -0.2588
vn -0.01214 -0.96585 -0.2588
vn -0.03613 -0.96586 -0.25655
vn -0.03613 -0.96586 -0.25655
vn -0.05965 -0.96586 -0.25212
vn -0.05965 -0.96586 -0.25212
vn -0.08265 -0.96586 -0.24554
vn -0.08266 -0.96586 -0.24554
vn -0.10496 -0.96586 -0.23686
vn -0.10496 -0.96586 -0.23687
vn -0.12637 -0.96586 -0.22617
vn -0.12637 -0.96586 -0.22617
vn -0.14669 -0.96586 -0.21355
vn -0.14669 -0.96586 -0.21355
vn -0.16577 -0.96586 -0.1991
vn -0.16577 -0.96586 -0.1991
vn -0.18344 -0.96586 -0.18295
vn -0.19953 -0.96586 -0.16525
vn -0.19953 -0.96586 -0.16525
vn -0.21393 -0.96586 -0.14613
vn -0.2265 -0.96586 -0.12577
vn -0.2265 -0.96586 -0.12577
vn -0.23714 -0.96586 -0.10434
vn -0.23714 -0.96586 -0.10434
vn -0.24575 -0.96586 -0.08201
vn -0.24575 -0.96586 -0.08201
vn -0.25227 -0.96586 -0.05898
vn -0.25227 -0.96586 -0.05898
vn -0.25664 -0.96586 -0.03546
vn -0.25664 -0.96586 -0.03546
vn -0.25882 -0.96586 -0.01163
vn -0.25882 -0.96586 -0.01163
vn -0.25879 -0.96586 0.01231
vn -0.25878 -0.96586 0.0123
vn -0.25655 -0.96586 0.03613
vn -0.25655 -0.96586 0.03613
vn -0.25212 -0.96586 0.05965
vn -0.25212 -0.96586 0.05965
vn -0.24554 -0.96586 0.08265
vn -0.24554 -0.96586 0.08266
vn -0.23686 -0.96586 0.10496
vn -0.23687 -0.96586 0.10496
vn -0.22617 -0.96586 0.12637
vn -0.22617 -0.96586 0.12637
vn -0.21355 -0.96586 0.14669
vn -0.21355 -0.96586 0.14669
vn -0.1991 -0.96586 0.16577
vn -0.1991 -0.96586 0.16577
vn -0.18295 -0.96586 0.18344
vn -0.16525 -0.96586 0.19953
vn -0.16525 -0.96586 0.19953
vn -0.14613 -0.96586 0.21393
vn -0.12577 -0.96586 0.2265
vn -0.12577 -0.96586 0.2265
vn -0.10434 -0.96586 0.23714
vn -0.10434 -0.96586 0.23714
vn -0.08201 -0.96586 0.24575
vn -0.08201 -0.96586 0.24575
vn -0.05898 -0.96586 0.25227
vn -0.05898 -0.96586 0.25227
vn -0.03546 -0.96586 0.25664
vn -0.03546 -0.96586 0.25664
vn -0.01179 -0.96586 0.2588
vn -0.01179 -0.96586 0.2588
vn -0.03314 -0.70672 -0.70672
vn -0.09866 -0.70673 -0.70057
vn -0.09866 -0.70673 -0.70057
vn -0.16288 -0.70673 -0.68848
vn -0.16288 -0.70673 -0.68848
vn -0.22571 -0.70673 -0.67051
vn -0.22571 -0.70673 -0.67051
vn -0.28662 -0.70673 -0.64683
vn -0.28662 -0.70673 -0.64683
vn -0.34508 -0.70673 -0.61762
vn -0.34507 -0.70673 -0.61762
vn -0.40059 -0.70673 -0.58315
vn -0.40059 -0.70673 -0.58314
vn -0.45269 -0.70673 -0.5437
vn -0.45269 -0.70673 -0.5437
vn -0.50093 -0.70673 -0.49961
vn -0.54489 -0.70673 -0.45126
vn -0.54488 -0.70673 -0.45126
vn -0.58419 -0.70673 -0.39906
vn -0.58419 -0.70673 -0.39906
vn -0.61852 -0.70673 -0.34345
vn -0.61852 -0.70673 -0.34345
vn -0.64758 -0.70673 -0.28492
vn -0.64758 -0.70673 -0.28492
vn -0.6711 -0.70673 -0.22395
vn -0.6711 -0.70673 -0.22395
vn -0.68891 -0.70673 -0.16107
vn -0.6889 -0.70673 -0.16107
vn -0.70082 -0.70673 -0.09682
vn -0.70082 -0.70673 -0.09682
vn -0.70677 -0.70673 -0.03175
vn -0.70677 -0.70673 -0.03175
vn -0.70668 -0.70673 0.0336
vn -0.70668 -0.70673 0.0336
vn -0.70057 -0.70673 0.09866
vn -0.70057 -0.70673 0.09866
vn -0.68848 -0.70673 0.16288
vn -0.68848 -0.70673 0.16288
vn -0.67051 -0.70673 0.22571
vn -0.67051 -0.70673 0.22571
vn -0.64683 -0.70673 0.28662
vn -0.64683 -0.70673 0.28662
vn -0.61762 -0.70673 0.34508
vn -0.61762 -0.70673 0.34507
vn -0.58315 -0.70673 0.40059
vn -0.58314 -0.70673 0.40059
vn -0.5437 -0.70673 0.45269
vn -0.5437 -0.70673 0.45269
vn -0.49961 -0.70673 0.50093
vn -0.45126 -0.70673 0.54489
vn -0.45126 -0.70673 0.54488
vn -0.39906 -0.70673 0.58419
vn -0.39906 -0.70673 0.58419
vn -0.34345 -0.70673 0.61852
vn -0.34345 -0.70673 0.61852
vn -0.28492 -0.70673 0.64758
vn -0.28492 -0.70673 0.64758
vn -0.22395 -0.70673 0.6711
vn -0.22395 -0.70673 0.6711
vn -0.16107 -0.70673 0.68891
vn -0.16107 -0.70673 0.6889
vn -0.09682 -0.70673 0.70082
vn -0.09682 -0.70673 0.70082
vn -0.03221 -0.70674 0.70674
vn -0.03221 -0.70674 0.70674
vn -0.04525 -0.25855 -0.96494
vn -0.13471 -0.25856 -0.95656
vn -0.13471 -0.25856 -0.95656
vn -0.2224 -0.25856 -0.94005
vn -0.2224 -0.25856 -0.94004
vn -0.30819 -0.25856 -0.91551
vn -0.30819 -0.25856 -0.91551
vn -0.39135 -0.25856 -0.88317
vn -0.39135 -0.25856 -0.88317
vn -0.47116 -0.25856 -0.8433
vn -0.47117 -0.25856 -0.8433
vn -0.54697 -0.25856 -0.79623
vn -0.54696 -0.25856 -0.79623
vn -0.6181 -0.25856 -0.74236
vn -0.6181 -0.25857 -0.74236
vn -0.68396 -0.25857 -0.68216
vn -0.74398 -0.25857 -0.61615
vn -0.74398 -0.25856 -0.61615
vn -0.79766 -0.25856 -0.54487
vn -0.79766 -0.25856 -0.54487
vn -0.84453 -0.25856 -0.46895
vn -0.84453 -0.25856 -0.46895
vn -0.8842 -0.25856 -0.38902
vn -0.8842 -0.25856 -0.38902
vn -0.91632 -0.25856 -0.30578
vn -0.91632 -0.25856 -0.30578
vn -0.94062 -0.25856 -0.21993
vn -0.94063 -0.25856 -0.21993
vn -0.95691 -0.25856 -0.1322
vn -0.95691 -0.25856 -0.1322
vn -0.96502 -0.25856 -0.04335
vn -0.96502 -0.25856 -0.04335
vn -0.96491 -0.25856 0.04588
vn -0.9649 -0.25856 0.04588
vn -0.95656 -0.25856 0.13471
vn -0.95656 -0.25856 0.13471
vn -0.94005 -0.25856 0.2224
vn -0.94004 -0.25856 0.2224
vn -0.91551 -0.25856 0.30819
vn -0.91551 -0.25856 0.30819
vn -0.88317 -0.25856 0.39135
vn -0.88317 -0.25856 0.39135
vn -0.8433 -0.25856 0.47116
vn -0.8433 -0.25856 0.47117
vn -0.79623 -0.25856 0.54697
vn -0.79623 -0.25856 0.54696
vn -0.74236 -0.25856 0.6181
vn -0.74236 -0.25857 0.6181
vn -0.68216 -0.25857 0.68396
vn -0.61615 -0.25857 0.74398
vn -0.61615 -0.25856 0.74398
vn -0.54487 -0.25856 0.79766
vn -0.54487 -0.25856 0.79766
vn -0.46895 -0.25856 0.84453
vn -0.46895 -0.25856 0.84453
vn -0.38902 -0.25856 0.8842
vn -0.38902 -0.25856 0.8842
vn -0.30578 -0.25856 0.91632
vn -0.30578 -0.25856 0.91632
vn -0.21993 -0.25856 0.94062
vn -0.21993 -0.25856 0.94063
vn -0.1322 -0.25856 0.95691
vn -0.1322 -0.25856 0.95691
vn -0.04398 -0.25857 0.96499
vn -0.04398 -0.25857 0.96499
vn -0.18616 -0.69475 0.69475
vn -0.18616 -0.69475 0.69475
vn -0.50859 -0.69475 0.50859
vn -0.50859 -0.69475 0.50859
vn -0.69475 -0.69475 0.18616
vn -0.69475 -0.69475 0.18616
vn -0.69475 -0.69475 -0.18616
vn -0.69475 -0.69475 -0.18616
vn -0.50859 -0.69475 -0.50859
vn -0.50859 -0.69475 -0.50859
vn -0.18616 -0.69475 -0.69475
vn -0.18616 -0.69475 -0.69475
vn 0.18616 -0.69475 -0.69475
vn 0.18616 -0.69475 -0.69475
vn 0.50859 -0.69475 -0.50859
vn 0.50859 -0.69475 -0.50859
vn 0.69475 -0.69475 -0.18616
vn 0.69475 -0.69475 -0.18616
vn 0.69475 -0.69475 0.18616
vn 0.69475 -0.69475 0.18616
vn 0.50859 -0.69475 0.50859
vn 0.50859 -0.69475 0.50859
vn 0.18616 -0.69475 0.69475
vn 0.18616 -0.69475 0.69475
vn -0.18616 -0.69475 0.69475
vn -0.18616 -0.69475 0.69475
vn -0.50859 -0.69475 0.50859
vn -0.69475 -0.69475 0.18616
vn -0.69475 -0.69475 0.18616
vn -0.69475 -0.69475 -0.18616
vn -0.50859 -0.69475 -0.50859
vn -0.50859 -0.69475 -0.50859
vn -0.18616 -0.69475 -0.69475
vn -0.18616 -0.69475 -0.69475
vn 0.18616 -0.69475 -0.69475
vn 0.18616 -0.69475 -0.69475
vn 0.50859 -0.69475 -0.50859
vn 0.50859 -0.69475 -0.50859
vn 0.69475 -0.69475 -0.18616
vn 0.69475 -0.69475 -0.18616
vn 0.69475 -0.69475 0.18616
vn 0.69475 -0.69475 0.18616
vn 0.50859 -0.69475 0.50859
vn 0.50859 -0.69475 0.50859
vn 0.18616 -0.69475 0.69475
vn 0.18616 -0.69475 0.69475
vn 0 -1 -0
vn 0 -1 -0
vn 0 -1 -0
vn 0 -1 -0
vn 0 -1 -0
vn 0 -1 -0
vn 0 -1 -0
vn 0 -1 -0
vn 0 -1 -0
vn 0 -1 -0
vn 0 -1 -0
vn 0 -1 -0
vn 0 -1 -0
vn 0 -1 -0
vn 0 -1 -0
vn 0 -1 -0
vn 0 -1 -0
vn 0 -1 -0
vn 0 -1 -0
vn 0 -1 -0
vn 0 -1 -0
vn 0 -1 -0
vn 0 -1 -0
vn 0 -1 -0
vn 0 -1 -0
vn 0 -1 -0
vn 0 -1 -0
vn 0 -1 -0
vn 0 -1 -0
vn 0 -1 -0
vn 0 -1 -0
vn 0 -1 -0
vn 0 -1 -0
vn 0 -1 -0
vn 0 -1 -0
vn 0 -1 -0
vn 0 -1 -0
vn 0 -1 -0
vn 0 -1 -0
vn 0 -1 -0
vn 0 -1 -0
vn 0 -1 -0
vn 0 -1 -0
vn 0 -1 -0
vn 0 -1 -0
vn 0 -1 -0
vn 0 -1 -0
vn 0 -1 -0
vn 0 -1 -0
vn 0 -1 -0
vn 0 -1 -0
vn 0 -1 -0
vn 0 -1 -0
vn 0 -1 -0
vn 0 -1 -0
vn 0 -1 -0
vn 0 -1 -0
vn 0 -1 -0
vn 0 -1 -0
vn 0 -1 -0
vn 0 -1 -0
vn 0 -1 -0
vn 0 -1 -0
vn 0 -1 -0
vn 0 -1 -0
vn 0 -1 -0
vn 0 -1 -0
vn 0 -1 -0
vn 0 -1 -0
vn 0 -1 -0
vn 0 -1 -0
vn 0 -1 -0
vn 0 -1 -0
vn 0 -1 -0
vn 0 -1 -0
vn 0 -1 -0
vn 0 -1 -0
vn 0 -1 -0
vn 0 -1 -0
vn 0 -1 -0
vn 0 -1 -0
vn 0 -1 -0
vn 0 -1 -0
vn 0 -1 -0
vn 0 -1 -0
vn 0 -1 -0
vn 0 -1 -0
vn 0 -1 -0
vn 0 -1 -0
vn 0 -1 -0
vn 0 -1 -0
vn 0 -1 -0
vn 0 -1 -0
vn 0 -1 -0
vn 0 -1 -0
vn 0 -1 -0
vn 0 -1 -0
vn 0 -1 -0
vn 0 -1 -0
vn 0 -1 -0
vn 0 -1 -0
vn 0 -1 -0
vn 0 -1 -0
vn 0 -1 -0
vn 0 -1 -0
vn 0 -1 -0
vn 0 -1 -0
vn -0.18616 -0.69475 0.69475
vn -0.18616 -0.69475 0.69475
vn -0.50859 -0.69475 0.50859
vn -0.50859 -0.69475 0.50859
vn -0.69475 -0.69475 0.18616
vn -0.69475 -0.69475 0.18616
vn -0.69475 -0.69475 -0.18616
vn -0.69475 -0.69475 -0.18616
vn -0.50859 -0.69475 -0.50859
vn -0.50859 -0.69475 -0.50859
vn -0.18616 -0.69475 -0.69475
vn -0.18616 -0.69475 -0.69475
vn 0.18616 -0.69475 -0.69475
vn 0.18616 -0.69475 -0.69475
vn 0.50859 -0.69475 -0.50859
vn 0.69475 -0.69475 -0.18616
vn 0.69475 -0.69475 -0.18616
vn 0.69475 -0.69475 0.18616
vn 0.69475 -0.69475 0.18616
vn 0.50859 -0.69475 0.50859
vn 0.50859 -0.69475 0.50859
vn 0.18616 -0.69475 0.69475
vn 0.18616 -0.69475 0.69475
vn 0.96175 -0.0929 -0.2577
vn 0.96209 0.0929 0.25644
vn 0.96176 -0.09279 0.2577
vn 0.70496 0.09304 0.70311
vn 0.70404 -0.093 0.70404
vn 0.25896 0.09276 0.96142
vn 0.2577 -0.09293 0.96175
vn -0.25643 0.09293 0.96208
vn -0.2577 -0.09304 0.96174
vn -0.70313 0.0928 0.70498
vn -0.70405 -0.09292 0.70405
vn -0.9614 0.09295 0.25896
vn -0.96174 -0.09296 0.2577
vn -0.96208 0.09296 -0.25644
vn -0.96174 -0.09296 -0.2577
vn -0.70498 0.0928 -0.70313
vn -0.70405 -0.09284 -0.70405
vn -0.25896 0.09298 -0.9614
vn -0.2577 -0.0929 -0.96175
vn 0.25644 0.0929 -0.96209
vn 0.2577 -0.09279 -0.96176
vn 0.70311 0.09304 -0.70496
vn 0.70405 -0.09292 -0.70405
vn 0.9614 0.09295 -0.25896
vn 0.96592 -0.00314 -0.25882
vn 0.96626 0.00315 0.25755
vn 0.96592 -0.00314 0.25882
vn 0.70803 0.00315 0.70617
vn 0.7071 -0.00314 0.7071
vn 0.26008 0.00314 0.96558
vn 0.25882 -0.00315 0.96592
vn -0.25755 0.00314 0.96626
vn -0.25882 -0.00315 0.96592
vn -0.70617 0.00314 0.70803
vn -0.7071 -0.00314 0.7071
vn -0.96558 0.00315 0.26009
vn -0.96592 -0.00314 0.25882
vn -0.96626 0.00315 -0.25755
vn -0.96592 -0.00314 -0.25882
vn -0.70803 0.00315 -0.70617
vn -0.7071 -0.00314 -0.7071
vn -0.26008 0.00314 -0.96558
vn -0.25882 -0.00315 -0.96592
vn 0.25755 0.00314 -0.96626
vn 0.25882 -0.00315 -0.96592
vn 0.70617 0.00314 -0.70803
vn 0.7071 -0.00314 -0.7071
vn 0.96558 0.00315 -0.26009
vn 0.25882 -0 -0.96593
vn 0.70711 -0 -0.70711
vn 0.96593 -0 -0.25882
vn 0.96593 -0 0.25882
vn 0.70711 -0 0.70711
vn 0.25882 -0 0.96593
vn -0.25882 0 0.96593
vn -0.70711 0 0.70711
vn -0.96593 0 0.25882
vn -0.96593 0 -0.25882
vn -0.70711 0 -0.70711
vn -0.25882 0 -0.96593
vn -0.18616 -0.69475 0.69475
vn -0.18616 -0.69475 0.69475
vn -0.50859 -0.69475 0.50859
vn -0.50859 -0.69475 0.50859
vn -0.69475 -0.69475 0.18616
vn -0.69475 -0.69475 0.18616
vn -0.69475 -0.69475 -0.18616
vn -0.69475 -0.69475 -0.18616
vn -0.50859 -0.69475 -0.50859
vn -0.50859 -0.69475 -0.50859
vn -0.18616 -0.69475 -0.69475
vn -0.18616 -0.69475 -0.69475
vn 0.18616 -0.69475 -0.69475
vn 0.18616 -0.69475 -0.69475
vn 0.50859 -0.69475 -0.50859
vn 0.50859 -0.69475 -0.50859
vn 0.69475 -0.69475 -0.18616
vn 0.69475 -0.69475 -0.18616
vn 0.69475 -0.69475 0.18616
vn 0.69475 -0.69475 0.18616
vn 0.50859 -0.69475 0.50859
vn 0.50859 -0.69475 0.50859
vn 0.18616 -0.69475 0.69475
vn 0.18616 -0.69475 0.69475
vn 0.25882 -0 -0.96593
vn 0.70711 -0 -0.70711
vn 0.96593 -0 0.25882
vn -0.70711 0 0.70711
vn -0.96593 0 -0.25882
vn -0.70711 0 -0.70711
vn -0.25882 0 -0.96593
vn -0.18616 -0.69475 0.69475
vn -0.18616 -0.69475 0.69475
vn -0.50859 -0.69475 0.50859
vn -0.50859 -0.69475 0.50859
vn -0.69475 -0.69475 0.18616
vn -0.69475 -0.69475 0.18616
vn -0.69475 -0.69475 -0.18616
vn -0.69475 -0.69475 -0.18616
vn -0.50859 -0.69475 -0.50859
vn -0.50859 -0.69475 -0.50859
vn -0.18616 -0.69475 -0.69475
vn -0.18616 -0.69475 -0.69475
vn 0.18616 -0.69475 -0.69475
vn 0.18616 -0.69475 -0.69475
vn 0.50859 -0.69475 -0.50859
vn 0.50859 -0.69475 -0.50859
vn 0.69475 -0.69475 -0.18616
vn 0.69475 -0.69475 -0.18616
vn 0.69475 -0.69475 0.18616
vn 0.69475 -0.69475 0.18616
vn 0.50859 -0.69475 0.50859
vn 0.50859 -0.69475 0.50859
vn 0.18616 -0.69475 0.69475
vn 0.18616 -0.69475 0.69475
vn 0.26326 -0 -0.96472
vn 0.26326 0 -0.96472
vn 0.08044 -0 -0.99676
vn -0.08044 0 -0.99676
vn -0.08044 0 0.99676
vn 0.08044 -0 0.99676
vn 0.26453 -0 0.96438
vn 0.26453 0 0.96438
vn -0.26006 0.01543 -0.96547
vn -0.36266 0 -0.93192
vn -0.70804 0 -0.70618
vn -0.96626 0 -0.25755
vn -0.96559 0 0.26009
vn -0.70618 0 0.70803
vn -0.25755 0 0.96627
vn 0.26009 -0 0.96559
vn 0.70804 -0 0.70618
vn 0.96626 -0 0.25755
vn 0.96559 -0 -0.26009
vn -0.36242 -0.03648 -0.9313
vn -0.26009 0 -0.96559
vn 0.98819 -0 -0.15324
vn 0.96536 -0.02167 -0.26003
vn 0.91485 -0 -0.40378
vn -0.10911 0 -0.99403
vn 0.25755 -0 -0.96627
vn 0.70618 -0 -0.70803
vn 0.98784 0.02637 -0.15319
vn -0.52254 0 0.85261
vn -0.477 0 0.8789
vn 0.70804 -0 0.70618
vn 0.26008 -0 0.96559
vn -0.25755 0 0.96627
vn -0.70618 0 0.70803
vn 0.96615 0.0157 0.25752
vn 0.99622 -0 0.0869
vn 0.96559 -0 -0.26009
vn 0.70618 -0 -0.70803
vn 0.25755 -0 -0.96626
vn -0.26009 0 -0.96559
vn -0.70803 0 -0.70618
vn -0.96626 0 -0.25755
vn -0.96559 0 0.26009
vn -0.70618 0 0.70803
vn -0.25755 0 0.96627
vn 0.99415 -0.06438 0.08672
vn 0.96626 -0 0.25755
vn -0.42122 0 0.90696
vn -0.25749 -0.02188 0.96603
vn -0.17213 0 0.98507
vn 0.93978 -0 0.34178
vn 0.70803 -0 0.70618
vn 0.26009 -0 0.96559
vn -0.42077 0.04625 0.90599
vn -0.47174 0 -0.88174
vn -0.52856 0 -0.84889
vn 0 1 0
vn -0 -1 -0
vn 0.01469 0 -0.99989
vn 0.0951 0 -0.99547
vn 0.0951 0 -0.99547
vn 0.2144 0 -0.97675
vn 0.3683 0 -0.92971
vn 0.51267 0 -0.85859
vn 0.64375 0 -0.76523
vn 0.75817 0 -0.65206
vn 0.85295 0 -0.52199
vn 0.92564 0 -0.37841
vn 0.97435 -0 -0.22503
vn 0.99783 -0 -0.06582
vn 0.99547 -0 0.0951
vn 0.96732 -0 0.25355
vn 0.91412 -0 0.40544
vn 0.83725 -0 0.54682
vn 0.73869 -0 0.67405
vn 0.621 -0 0.78381
vn 0.48723 -0 0.87328
vn 0.34083 -0 0.94012
vn 0.18561 -0 0.98262
vn 0.02559 -0 0.99967
vn -0.1351 -0 0.99083
vn -0.29229 -0 0.95633
vn -0.44192 -0 0.89706
vn -0.58009 -0 0.81455
vn -0.70324 -0 0.71095
vn -0.80818 -0 0.58894
vn -0.89219 -0 0.45167
vn -0.95309 0 0.3027
vn -0.9893 0 0.1459
vn -0.99989 0 -0.01469
vn -0.98459 0 -0.17489
vn -0.94378 0 -0.33057
vn -0.87853 0 -0.47768
vn -0.79053 0 -0.61242
vn -0.68206 0 -0.7313
vn -0.55592 0 -0.83124
vn -0.41538 0 -0.90965
vn -0.26408 0 -0.9645
vn -0.10594 0 -0.99437
vn 0.01469 0 -0.99989
vn 0.14422 0 -0.98955
vn 0.31859 0 -0.94789
vn 0.48273 0 -0.87577
vn 0.63134 0 -0.7755
vn 0.75967 0 -0.65031
vn 0.86358 0 -0.50422
vn 0.93973 -0 -0.34191
vn 0.98568 -0 -0.16862
vn 0.99995 -0 0.01009
vn 0.98208 -0 0.18847
vn 0.93264 -0 0.3608
vn 0.85323 -0 0.52153
vn 0.7464 -0 0.6655
vn 0.61557 -0 0.78808
vn 0.46496 -0 0.88533
vn 0.29941 -0 0.95412
vn 0.12423 -0 0.99225
vn -0.01009 -0 0.99995
vn -0.01009 -0 0.99995
vn -0.09968 -0 0.99502
vn -0.09968 -0 0.99502
vn -0.23234 -0 0.97263
vn -0.40228 -0 0.91552
vn -0.55929 -0 0.82897
vn -0.69832 -0 0.71579
vn -0.8149 -0 0.5796
vn -0.9053 -0 0.42478
vn -0.9666 0 0.2563
vn -0.99683 0 0.07959
vn -0.99502 0 -0.09968
vn -0.96123 0 -0.27574
vn -0.89655 0 -0.44295
vn -0.80305 0 -0.59591
vn -0.68374 0 -0.72973
vn -0.54245 0 -0.84009
vn -0.38373 0 -0.92344
vn -0.21268 0 -0.97712
vn -0.03479 0 -0.99939
vn 0 1 0
vn 0.91646 -0 -0.40013
vn 0.83305 -0 -0.55319
vn 0.72434 -0 -0.68945
vn 0.59361 -0 -0.80475
vn 0.44485 -0 -0.89561
vn 0.28257 -0 -0.95925
vn 0.1117 -0 -0.99374
vn -0.06255 0 -0.99804
vn -0.23491 0 -0.97202
vn -0.40013 0 -0.91646
vn -0.55319 0 -0.83305
vn -0.68945 0 -0.72434
vn -0.80475 0 -0.59361
vn -0.89561 0 -0.44485
vn -0.95925 0 -0.28257
vn -0.99374 0 -0.1117
vn -0.99804 0 0.06255
vn -0.97202 0 0.23491
vn -0.91646 0 0.40013
vn -0.83305 0 0.55319
vn -0.72434 0 0.68945
vn -0.59361 0 0.80475
vn -0.44485 0 0.89561
vn -0.28257 0 0.95925
vn -0.1117 0 0.99374
vn 0.06255 -0 0.99804
vn 0.23491 -0 0.97202
vn 0.40013 -0 0.91646
vn 0.55319 -0 0.83305
vn 0.68945 -0 0.72434
vn 0.80475 -0 0.59361
vn 0.89561 -0 0.44485
vn 0.95925 -0 0.28257
vn 0.99374 -0 0.1117
vn 0.99804 -0 -0.06255
vn 0.97202 -0 -0.23491
vn -0 -1 -0
vn 0.90251 -0 -0.43066
vn 0.77322 -0 -0.63413
vn 0.599 -0 -0.80075
vn 0.38996 -0 -0.92083
vn 0.15826 -0 -0.9874
vn -0.08264 0 -0.99658
vn -0.31873 0 -0.94784
vn -0.53631 0 -0.84402
vn -0.72271 0 -0.69115
vn -0.86711 0 -0.49811
vn -0.96112 0 -0.27612
vn -0.99927 0 -0.03809
vn -0.97935 0 0.20216
vn -0.90251 0 0.43066
vn -0.77322 0 0.63413
vn -0.599 0 0.80075
vn -0.38996 0 0.92083
vn -0.15826 0 0.9874
vn 0.08264 -0 0.99658
vn 0.31873 -0 0.94784
vn 0.53631 -0 0.84402
vn 0.72271 -0 0.69115
vn 0.86711 -0 0.49811
vn 0.96112 -0 0.27612
vn 0.99927 -0 0.03809
vn 0.97935 -0 -0.20216
vn 0.88975 -0 -0.45644
vn 0.71568 -0 -0.69842
vn 0.47802 -0 -0.87835
vn 0.19789 -0 -0.98022
vn -0.09983 0 -0.995
vn -0.38868 0 -0.92137
vn -0.64299 0 -0.76588
vn -0.84017 0 -0.54233
vn -0.9627 0 -0.27059
vn -0.99968 0 0.02519
vn -0.94784 0 0.31873
vn -0.81179 0 0.58396
vn -0.6036 0 0.79729
vn -0.34177 0 0.93978
vn -0.04958 -0 0.99877
vn 0.24701 -0 0.96901
vn 0.52166 -0 0.85315
vn 0.74995 -0 0.66149
vn 0.91161 -0 0.41105
vn 0.99227 -0 0.12408
vn 0.98476 -0 -0.17391
vn -0.88957 0.02 0.45635
vn -0.82256 0 0.56867
vn -0.7413 0 0.67118
vn -0.71526 0.0343 0.69801
vn -0.63299 0 0.77416
vn -0.52652 0 0.85016
vn -0.47758 0.04287 0.87754
vn -0.39393 0 0.91914
vn -0.27059 0 0.9627
vn -0.19768 0.04573 0.9792
vn -0.12408 0 0.99227
vn 0.00649 -0 0.99998
vn 0.09974 0.04287 0.99409
vn 0.15546 -0 0.98784
vn 0.28307 -0 0.9591
vn 0.38845 0.0343 0.92083
vn 0.42286 -0 0.9062
vn 0.53752 -0 0.84325
vn 0.64286 0.02 0.76572
vn 0.6572 -0 0.75372
vn 0.82988 -0 0.55794
vn 0.84 0.02 0.54222
vn 0.90377 -0 0.42802
vn 0.9519 -0 0.3064
vn 0.96213 0.0343 0.27043
vn 0.98694 -0 0.1611
vn 0.99952 -0 0.0309
vn 0.99876 0.04287 -0.02517
vn 0.99296 -0 -0.11842
vn 0.96901 -0 -0.24701
vn 0.94685 0.04573 -0.3184
vn 0.92137 -0 -0.38868
vn 0.86276 -0 -0.50561
vn 0.81104 0.04287 -0.58342
vn 0.77777 -0 -0.62855
vn 0.68907 -0 -0.7247
vn 0.60324 0.0343 -0.79682
vn 0.57336 -0 -0.8193
vn 0.46152 -0 -0.88713
vn 0.34171 0.02 -0.93959
vn 0.32414 -0 -0.94601
vn 0.06825 0 -0.99767
vn 0.04957 0.02 -0.99857
vn -0.08121 0 -0.9967
vn -0.21061 0 -0.97757
vn -0.24687 0.0343 -0.96844
vn -0.35395 0 -0.93526
vn -0.473 0 -0.88106
vn -0.52118 0.04287 -0.85237
vn -0.59903 0 -0.80072
vn -0.69842 0 -0.71568
vn -0.74917 0.04573 -0.6608
vn -0.79729 0 -0.6036
vn -0.86925 0 -0.49436
vn -0.91078 0.04287 -0.41067
vn -0.93323 0 -0.35929
vn -0.97214 0 -0.2344
vn -0.99169 0.0343 -0.12401
vn -0.99622 0 -0.0869
vn -0.99904 0 0.04388
vn -0.98457 0.02 0.17387
vn -0.98134 0 0.19229
vn -0.89813 0 0.43973
vn -0.71459 0.69784 -0.04889
vn -0.70665 0.70487 -0.06164
vn -0.68765 0.70686 -0.16581
vn -0.68148 0.69359 -0.2335
vn -0.66133 0.70556 -0.25461
vn -0.61514 0.70655 -0.34984
vn -0.59953 0.69144 -0.40308
vn -0.56456 0.70612 -0.4274
vn -0.4667 0.70406 -0.53524
vn -0.51333 0.67808 -0.52602
vn -0.42391 0.70655 -0.56664
vn -0.31227 0.70406 -0.6378
vn -0.34363 0.68717 -0.64009
vn -0.25037 0.70686 -0.66156
vn -0.13655 0.70406 -0.69689
vn -0.15126 0.69582 -0.70211
vn -0.05743 0.70704 -0.70483
vn 0.04847 0.70406 -0.70848
vn 0.04847 0.70406 -0.70848
vn 0.23019 0.70406 -0.6718
vn 0.23019 0.70406 -0.6718
vn 0.32637 0.70704 -0.62735
vn 0.39963 0.69784 -0.59441
vn 0.4067 0.70487 -0.58116
vn 0.48742 0.70686 -0.51262
vn 0.54296 0.69359 -0.47342
vn 0.55117 0.70556 -0.44543
vn 0.61054 0.70655 -0.3578
vn 0.64884 0.69144 -0.31767
vn 0.65242 0.70612 -0.27522
vn 0.69689 0.70406 -0.13655
vn 0.71221 0.67808 -0.18155
vn 0.70268 0.70655 -0.0838
vn 0.70848 0.70406 0.04847
vn 0.72615 0.68717 0.02245
vn 0.69811 0.70686 0.11395
vn 0.6718 0.70406 0.23019
vn 0.68367 0.69582 0.22006
vn 0.63912 0.70704 0.30268
vn 0.58933 0.70406 0.39622
vn 0.58933 0.70406 0.39622
vn 0.4667 0.70406 0.53524
vn 0.4667 0.70406 0.53524
vn 0.38012 0.70704 0.59632
vn 0.31496 0.69784 0.64329
vn 0.29995 0.70487 0.6428
vn 0.20023 0.70686 0.67842
vn 0.13852 0.69359 0.70693
vn 0.11017 0.70556 0.70004
vn 0.0046 0.70655 0.70765
vn -0.04931 0.69144 0.72075
vn -0.08786 0.70612 0.70262
vn -0.23019 0.70406 0.6718
vn -0.19888 0.67808 0.70757
vn -0.27877 0.70655 0.65044
vn -0.39622 0.70406 0.58933
vn -0.38252 0.68717 0.61764
vn -0.44775 0.70686 0.54761
vn -0.53524 0.70406 0.4667
vn -0.53241 0.69582 0.48205
vn -0.58169 0.70704 0.40215
vn -0.6378 0.70406 0.31227
vn -0.6378 0.70406 0.31227
vn -0.69689 0.70406 0.13655
vn -0.69689 0.70406 0.13655
vn -0.70649 0.70704 0.03103
vn 0 -1 0
vn 0 0 1
vn -0 1 -0
vn -0 -0 -1
vn 1 0 -0
vn -1 -0 0
vn -0.37349 0.84912 0.37349
vn -0.5102 0.84912 0.13671
vn 0.37349 0.84912 0.37349
vn 0.13671 0.84912 0.5102
vn -0.13671 0.84912 0.5102
vn 0.37349 0.84912 -0.37349
vn 0.5102 0.84912 -0.13671
vn 0.5102 0.84912 0.13671
vn -0.37349 0.84912 -0.37349
vn -0.13671 0.84912 -0.5102
vn 0.13671 0.84912 -0.5102
vn -0.5102 0.84912 -0.13671
vn -0.96593 0 0.25882
vn -0.70711 0 0.70711
vn -0.25882 0 0.96593
vn 0.25882 0 0.96593
vn 0.70711 0 0.70711
vn 0.96593 0 0.25882
vn 0.96593 -0 -0.25882
vn 0.70711 -0 -0.70711
vn 0.25882 -0 -0.96593
vn -0.25882 -0 -0.96593
vn -0.70711 -0 -0.70711
vn -0.96593 -0 -0.25882
vn -0.37349 0.84912 0.37349
vn -0.5102 0.84912 0.13671
vn 0.37349 0.84912 0.37349
vn 0.13671 0.84912 0.5102
vn -0.13671 0.84912 0.5102
vn 0.37349 0.84912 -0.37349
vn 0.5102 0.84912 -0.13671
vn 0.5102 0.84912 0.13671
vn -0.37349 0.84912 -0.37349
vn -0.13671 0.84912 -0.5102
vn 0.13671 0.84912 -0.5102
vn -0.5102 0.84912 -0.13671
vn -0.96593 0 0.25882
vn -0.25882 0 0.96593
vn 0.25882 0 0.96593
vn 0.96593 0 0.25882
vn 0.96593 -0 -0.25882
vn 0.25882 -0 -0.96593
vn -0.25882 -0 -0.96593
vn -0.96593 -0 -0.25882
vn 0.37349 -0.84912 0.37349
vn 0.5102 -0.84912 0.13671
vn -0.37349 -0.84912 0.37349
vn -0.13671 -0.84912 0.5102
vn 0.13671 -0.84912 0.5102
vn -0.37349 -0.84912 -0.37349
vn -0.5102 -0.84912 -0.13671
vn -0.5102 -0.84912 0.13671
vn 0.37349 -0.84912 -0.37349
vn 0.13671 -0.84912 -0.5102
vn -0.13671 -0.84912 -0.5102
vn 0.5102 -0.84912 -0.13671
vn 0.37349 -0.84912 0.37349
vn 0.5102 -0.84912 0.13671
vn -0.37349 -0.84912 0.37349
vn -0.13671 -0.84912 0.5102
vn 0.13671 -0.84912 0.5102
vn -0.37349 -0.84912 -0.37349
vn -0.5102 -0.84912 -0.13671
vn -0.5102 -0.84912 0.13671
vn 0.37349 -0.84912 -0.37349
vn 0.13671 -0.84912 -0.5102
vn -0.13671 -0.84912 -0.5102
vn 0.5102 -0.84912 -0.13671
vn 0.37349 -0.37349 -0.84912
vn 0.5102 -0.13671 -0.84912
vn -0.37349 -0.37349 -0.84912
vn -0.13671 -0.5102 -0.84912
vn 0.13671 -0.5102 -0.84912
vn -0.37349 0.37349 -0.84912
vn -0.5102 0.13671 -0.84912
vn -0.5102 -0.13671 -0.84912
vn 0.37349 0.37349 -0.84912
vn 0.13671 0.5102 -0.84912
vn -0.13671 0.5102 -0.84912
vn 0.5102 0.13671 -0.84912
vn 0.96593 -0.25882 -0
vn 0.70711 -0.70711 -0
vn 0.25882 -0.96593 -0
vn -0.25882 -0.96593 0
vn -0.70711 -0.70711 0
vn -0.96593 -0.25882 0
vn -0.96593 0.25882 0
vn -0.70711 0.70711 0
vn -0.25882 0.96593 0
vn 0.25882 0.96593 -0
vn 0.70711 0.70711 -0
vn 0.96593 0.25882 -0
vn 0.37349 -0.37349 -0.84912
vn 0.5102 -0.13671 -0.84912
vn -0.37349 -0.37349 -0.84912
vn -0.13671 -0.5102 -0.84912
vn 0.13671 -0.5102 -0.84912
vn -0.37349 0.37349 -0.84912
vn -0.5102 0.13671 -0.84912
vn -0.5102 -0.13671 -0.84912
vn 0.37349 0.37349 -0.84912
vn 0.13671 0.5102 -0.84912
vn -0.13671 0.5102 -0.84912
vn 0.5102 0.13671 -0.84912
vn 0.96593 -0.25882 -0
vn 0.25882 -0.96593 -0
vn -0.25882 -0.96593 0
vn -0.96593 -0.25882 0
vn -0.96593 0.25882 0
vn -0.25882 0.96593 0
vn 0.25882 0.96593 -0
vn 0.96593 0.25882 -0
vn -0.37349 -0.37349 0.84912
vn -0.5102 -0.13671 0.84912
vn 0.37349 -0.37349 0.84912
vn 0.13671 -0.5102 0.84912
vn -0.13671 -0.5102 0.84912
vn 0.37349 0.37349 0.84912
vn 0.5102 0.13671 0.84912
vn 0.5102 -0.13671 0.84912
vn -0.37349 0.37349 0.84912
vn -0.13671 0.5102 0.84912
vn 0.13671 0.5102 0.84912
vn -0.5102 0.13671 0.84912
vn -0.37349 -0.37349 0.84912
vn -0.5102 -0.13671 0.84912
vn 0.37349 -0.37349 0.84912
vn 0.13671 -0.5102 0.84912
vn -0.13671 -0.5102 0.84912
vn 0.37349 0.37349 0.84912
vn 0.5102 0.13671 0.84912
vn 0.5102 -0.13671 0.84912
vn -0.37349 0.37349 0.84912
vn -0.13671 0.5102 0.84912
vn 0.13671 0.5102 0.84912
vn -0.5102 0.13671 0.84912
vn 0 0.96593 0.25882
vn 0 0.70711 0.70711
vn 0 0.25882 0.96592
vn 0 -0.25882 0.96592
vn 0 -0.70711 0.70711
vn 0 -0.96593 0.25882
vn -0 -0.96593 -0.25882
vn -0 -0.70711 -0.70711
vn -0 -0.25882 -0.96593
vn -0 0.25882 -0.96593
vn -0 0.70711 -0.70711
vn -0 0.96593 -0.25882
vn 0 0.25882 0.96592
vn 0 -0.25882 0.96592
vn 0 -0.25882 0.96593
vn 0 -0.96593 0.25882
vn -0 -0.96593 -0.25882
vn -0 -0.25882 -0.96593
vn -0 0.25882 -0.96593
vn -0 0.70711 -0.70711
vn -0 0.96593 -0.25882
vn 0 0.96593 0.25882
vn 0 0.70711 0.70711
vn 0 0.25882 0.96593
vn 0 -0.96593 0.25882
vn -0 -0.96593 -0.25882
vn 0 -0.25882 0.96593
vn -0 -0.25882 -0.96592
vn -0 0.25882 -0.96592
vn -0 -0.25882 -0.96592
vn -0 0.25882 -0.96592
vn 0 0.25882 0.96593
vn -0 0.25882 -0.96593
vn -0 0.96593 -0.25882
vn 0 0.25882 0.96593
vn 0 -0.25882 0.96593
vn 0 -0.70711 0.70711
vn -0 -0.70711 -0.70711
vn -0 -0.25882 -0.96593
vn 0 0.96593 0.25882
vn -0 -0.70711 -0.70711
vn -0 -0.25882 -0.96593
vn -0 0.96593 -0.25882
vn -0 0.70711 -0.70711
vn 0 -0.25882 0.96593
vn 0 -0.70711 0.70711
vn 0 -0.96593 0.25882
vn -0 -0.96593 -0.25882
vn -0 -0.70711 -0.70711
vn -0 -0.25882 -0.96593
vn 0 0.96593 0.25882
vn 0 0.70711 0.70711
vn 0 -0.70711 0.70711
vn 0 -0.25882 0.96593
vn 0 0.70711 0.70711
vn 0 0.25882 0.96593
vn -0 0.96593 -0.25882
vn -0 0.70711 -0.70711
vn -0 0.25882 -0.96593
vn 0 -0.70711 0.70711
vn 0 -0.96593 0.25882
vn -0 0.70711 -0.70711
vn -0 0.25882 -0.96593
vn 0 0.25882 0.96593
vn 0 0.70711 0.70711
vn 0 0.96593 0.25882
vn -0 -0.70711 -0.70711
vn -0 -0.96593 -0.25882
vn -0 -0.25882 -0.96593
vn -0 -0.96593 -0.25882
vn 0 -0.96593 0.25882
vn 0 -0.25882 0.96593
vn 0 -0.70711 0.70711
vn 0 -0.25882 0.96593
vn 0 -0.70711 0.70711
vn 0 -0.25882 0.96593
vn 0 0.25882 0.96593
vn 0 0.70711 0.70711
vn 0 0.25882 0.96593
vn 0 0.70711 0.70711
vn 0 0.25882 0.96593
vn 0 0.96593 0.25882
vn -0 0.96593 -0.25882
vn -0 0.25882 -0.96593
vn -0 0.70711 -0.70711
vn -0 0.25882 -0.96593
vn -0 0.70711 -0.70711
vn -0 0.25882 -0.96593
vn -0 -0.25882 -0.96593
vn -0 -0.70711 -0.70711
vn -0 -0.25882 -0.96593
vn -0 -0.70711 -0.70711
vn -0.25882 0 -0.96593
vn -0.70711 0 -0.70711
vn -0.96593 0 -0.25882
vn -0.96593 -0 0.25882
vn -0.70711 -0 0.70711
vn -0.25882 -0 0.96593
vn 0.25882 -0 0.96593
vn 0.70711 -0 0.70711
vn 0.96593 -0 0.25882
vn 0.96593 0 -0.25882
vn 0.70711 0 -0.70711
vn 0.25882 0 -0.96593
vn -0.25882 0 -0.96593
vn -0.70711 0 -0.70711
vn -0.96593 0 -0.25882
vn -0.96593 -0 0.25882
vn -0.70711 -0 0.70711
vn -0.25882 -0 0.96593
vn 0.25882 -0 0.96593
vn 0.70711 -0 0.70711
vn 0.96593 -0 0.25882
vn 0.96593 0 -0.25882
vn 0.70711 0 -0.70711
vn 0.25882 0 -0.96593
vn 0.25882 -0 0.96593
vn 0.96593 -0 0.25882
vn 0.96593 0 -0.25882
vn 0.25882 0 -0.96593
vn -0.25882 0 -0.96593
vn -0.70711 0 -0.70711
vn -0.96593 0 -0.25882
vn -0.96593 -0 0.25882
vn -0.70711 -0 0.70711
vn -0.25882 -0 0.96593
vn 0.25882 -0 0.96593
vn 0.70711 -0 0.70711
vn 0.96593 -0 0.25882
vn 0.96593 0 -0.25882
vn 0.70711 0 -0.70711
vn 0.25882 0 -0.96593
vn -1 -0 0
vn -1 -0 0
vn -1 0 0
vn -1 -0 0
vn -1 0 0
vn -1 0 0
vn -1 -0 0
vn 0 -1 -0
vn -0 1 0
vn -1 -0 0
vn -1 -0 0
vn -0 0 -1
vn 0.08258 0 -0.99658
vn 0.24549 0 -0.9694
vn 0.4017 0 -0.91577
vn 0.54695 0 -0.83717
vn 0.67728 0 -0.73572
vn 0.74785 0 -0.66387
vn 0.78904 -0.01604 -0.61413
vn 0.80011 0 -0.59985
vn 0.87947 0 -0.47595
vn 0.94582 0 -0.3247
vn 0.98636 0 -0.1646
vn 1 0 -0
vn 0.98636 -0 0.1646
vn 0.94582 -0 0.3247
vn 0.87947 -0 0.47595
vn 0.78914 -0 0.61421
vn 0.67728 -0 0.73572
vn 0.54695 -0 0.83717
vn 0.4017 -0 0.91577
vn 0.24549 -0 0.9694
vn 0.08258 -0 0.99658
vn 0 -0 1
vn -0.93775 -0 0.3473
vn -0.89541 -0 0.44524
vn -0.84863 0.00492 0.52896
vn -0.84577 -0 0.53355
vn -0.72479 -0 0.68897
vn -0.57127 -0 0.82076
vn -0.39436 -0 0.91896
vn -0.2013 -0 0.97953
vn -0.05065 -0 0.99872
vn 0.05065 -0 0.99872
vn 0.2013 -0 0.97953
vn 0.39436 -0 0.91896
vn 0.57127 -0 0.82076
vn 0.72479 -0 0.68897
vn 0.84864 -0 0.52896
vn 0.93775 -0 0.34731
vn 0.98847 -0 0.15143
vn 0.99872 0 -0.05065
vn 0.96808 0 -0.25065
vn 0.8978 0 -0.44039
vn 0.79078 0 -0.61211
vn 0.65137 0 -0.75876
vn 0.4853 0 -0.87435
vn 0.29936 0 -0.95414
vn 0.10117 0 -0.99487
vn -0.10117 0 -0.99487
vn -0.29936 0 -0.95414
vn -0.4853 0 -0.87435
vn -0.65137 0 -0.75876
vn -0.79078 0 -0.61211
vn -0.87398 0 -0.48595
vn -0.87374 0.00023 -0.48639
vn -0.91866 -0.00024 -0.39504
vn -0.91847 0 -0.3955
vn -0.96808 0 -0.25065
vn -0.99872 0 -0.05065
vn -0.98847 -0 0.15143
vn -0.25882 0 -0.96593
vn -0.70711 0 -0.70711
vn -0.96593 0 -0.25882
vn -0.70711 -0 0.70711
vn -0.25882 -0 0.96593
vn 0.25882 -0 0.96593
vn 0.70711 -0 0.70711
vn 0.96593 -0 0.25882
vn 0.96593 0 -0.25882
vn 0.70711 0 -0.70711
vn 0.25882 0 -0.96593
vn -0.25882 0 -0.96593
vn -0.70711 0 -0.70711
vn -0.96593 0 -0.25882
vn -0.96593 -0 0.25882
vn -0.70711 -0 0.70711
vn -0.25882 -0 0.96593
vn 0.25882 -0 0.96593
vn 0.70711 -0 0.70711
vn 0.96593 -0 0.25882
vn 0.96593 0 -0.25882
vn 0.70711 0 -0.70711
vn -0.25882 0 -0.96593
vn -0.70711 0 -0.70711
vn -0.70711 -0 0.70711
vn -0.25882 -0 0.96593
vn 0.70711 -0 0.70711
vn 0.70711 0 -0.70711
vn 0.25882 0 -0.96593
vn 0.25882 -0 0.96593
vn 0.96593 -0 0.25882
vn 0.96593 0 -0.25882
vn 0.25882 0 -0.96593
vn -1 -0 0
vn 0.96593 -0 0.25882
vn 0.25882 -0 0.96593
vn -0.25882 -0 0.96593
vn -0.70711 -0 0.70711
vn -0.96593 -0 0.25882
vn -0.96593 0 -0.25882
vn -0.70711 0 -0.70711
vn -0.25882 0 -0.96593
vn -0.96593 -0 0.25882
vn -0.96593 0 -0.25882
vn 0.25882 0 -0.96593
vn 0.96593 0 -0.25882
vn -0.25882 0 -0.96593
vn -0.70711 0 -0.70711
vn -0.96593 0 -0.25882
vn -0.96593 -0 0.25882
vn -0.70711 -0 0.70711
vn -0.25882 -0 0.96593
vn 0.25882 -0 0.96593
vn 0.70711 -0 0.70711
vn 0.96593 -0 0.25882
vn 0.96593 0 -0.25882
vn 0.70711 0 -0.70711
vn 0.25882 0 -0.96593
vn -0.25882 0 -0.96593
vn -0.70711 0 -0.70711
vn -0.96593 0 -0.25882
vn -0.96593 -0 0.25882
vn -0.70711 -0 0.70711
vn -0.25882 -0 0.96593
vn 0.25882 -0 0.96593
vn 0.70711 -0 0.70711
vn 0.96593 0 -0.25882
vn 0.70711 0 -0.70711
vn 0.25882 0 -0.96593
vn -0.96593 0 -0.25882
vn -0.96593 -0 0.25882
vn 0.25882 -0 0.96593
vn 0.25882 0 -0.96593
vn -0.96593 0 -0.25882
vn -0.96593 -0 0.25882
vn 0.96593 -0 0.25882
vn -0.96593 0 -0.25882
vn -0.96593 -0 0.25882
vn -0.25882 0 -0.96593
vn -0.70711 0 -0.70711
vn -0.70711 -0 0.70711
vn -0.25882 -0 0.96593
vn 0.25882 -0 0.96593
vn 0.70711 -0 0.70711
vn 0.96593 -0 0.25882
vn 0.96593 0 -0.25882
vn 0.70711 0 -0.70711
vn 0.25882 0 -0.96593
vn -0.71584 0 -0.69826
vn -0.76404 0 -0.64517
vn -0.79688 -0.00704 -0.6041
vn -0.80264 0 -0.59646
vn -0.7969 -0 0.60412
vn -0.71584 -0 0.69826
vn 0.25882 -0 0.96592
vn 0.96593 -0 0.25882
vn 0.96593 0 -0.25882
vn 0.25882 0 -0.96593
vn -0.67298 0 -0.73967
vn -0.2436 0 -0.96988
vn -0.23828 -0 0.9712
vn -0.66072 -0 0.75063
vn -0.93311 -0 0.35959
vn -0.99358 0 -0.1131
vn -0.82841 0 -0.56012
vn 0.25882 -0 0.96593
vn 0.96593 -0 0.25882
vn 0.96593 0 -0.25882
vn 0.25882 0 -0.96592
vn -0.2436 -0 0.96988
vn -0.67298 -0 0.73967
vn -0.82841 -0 0.56012
vn -0.99358 -0 0.1131
vn -0.93311 0 -0.35959
vn -0.66072 0 -0.75063
vn -0.23828 0 -0.9712
vn -0.70711 -0 0.70711
vn -0.96593 -0 0.25882
vn -0.70711 0 -0.70711
vn -0.96593 0 -0.25882
vn 1 0 -0
vn 1 0 -0
vn 1 0 -0
vn -0 0 -1
vn 0 -0 1
vn 0 -1 -0
vn -0.49994 -0.86606 0
vn -0.49994 -0.86606 0
vn -0.49994 -0.86606 0
vn -0.49994 -0.86606 0
vn -0.49994 -0.86606 -0
vn -0.49994 -0.86606 -0
vn -0.62344 -0.78187 0
vn -0.82622 -0.56335 0
vn -0.95557 -0.29478 0
vn -1 -0 0
vn -0.95557 0.29478 0
vn -0.82622 0.56335 0
vn -0.62344 0.78187 0
vn -0.49994 0.86606 0
vn -0.49994 0.86606 -0
vn -0.49994 0.86606 -0
vn -0.49994 0.86606 0
vn -0.49994 0.86606 0
vn -0.49994 0.86606 0
vn -0.49994 0.86606 0
vn -0.49994 0.86606 0
vn -0 1 0
vn 0.25882 -0.96593 -0
vn 0.70711 -0.70711 -0
vn 0.96593 -0.25882 -0
vn 0.96593 0.25882 -0
vn 0.70711 0.70711 -0
vn 0.25882 0.96593 -0
vn -0.25882 0.96593 0
vn -0.70711 0.70711 0
vn -0.96593 0.25882 0
vn -0.96593 -0.25882 0
vn -0.70711 -0.70711 0
vn -0.25882 -0.96593 0
vn 0.25882 -0.96593 -0
vn 0.70711 -0.70711 -0
vn 0.70711 0.70711 -0
vn 0.25882 0.96593 -0
vn -0.25882 0.96593 0
vn -0.70711 0.70711 0
vn -0.70711 -0.70711 0
vn -0.25882 -0.96593 0
vn 1 0 -0
vn -0.96593 0.25882 0
vn -0.70711 0.70711 0
vn -0.25882 0.96593 0
vn 0.25882 0.96593 -0
vn 0.70711 0.70711 -0
vn 0.96593 0.25882 -0
vn 0.96593 -0.25882 -0
vn 0.70711 -0.70711 -0
vn 0.25882 -0.96593 -0
vn 0.96593 0.25882 -0
vn 0.96593 -0.25882 -0
vn -0.25882 -0.96593 0
vn -0.70711 -0.70711 0
vn -0.96593 -0.25882 0
vn 0.25882 0.96593 -0
vn 0.70711 0.70711 -0
vn 0.96593 0.25882 -0
vn 0.25882 -0.96593 -0
vn 0.70711 -0.70711 -0
vn 0.96593 -0.25882 -0
vn 0.9275 -0.37383 -0
vn 0.49994 0.86606 -0
vn 0.9275 0.37383 -0
vn 0.49994 -0.86606 -0
vn 0.95557 -0.29475 -0
vn 0.98883 0.14904 -0
vn 0.82624 0.56332 -0
vn 0.5 0.86603 -0
vn 0.07473 0.9972 -0
vn -0.36534 0.93087 0
vn -0.73305 0.68017 0
vn 0.92388 0.38268 -0
vn 0.99144 0.13053 -0
vn 0.99144 -0.13053 -0
vn 0.92388 -0.38268 -0
vn -0.73305 -0.68017 0
vn -0.36534 -0.93087 0
vn 0.07473 -0.9972 -0
vn 0.5 -0.86603 -0
vn 0.82624 -0.56332 -0
vn 0.98883 -0.14904 -0
vn 0.95557 0.29475 -0
vn -0.91355 0.40674 0
vn -0.97815 0.20791 0
vn -0.97815 -0.20791 0
vn -0.91355 -0.40674 0
vn 0.20996 -0.97771 -0
vn 0.59285 -0.80531 -0
vn 0.87121 -0.49092 -0
vn -0.25882 -0.96593 0
vn -0.70711 -0.70711 0
vn -0.96593 -0.25882 0
vn -0.96593 0.25881 0
vn -0.70713 0.70709 0
vn -0.25886 0.96591 0
vn 0.25876 0.96594 -0
vn 0.70008 -0.71406 -0
vn 0.95787 -0.2872 -0
vn 0.97747 0.21108 -0
vn 0.25876 -0.96594 -0
vn -0.25886 -0.96591 0
vn -0.70713 -0.70709 0
vn -0.96593 -0.25881 0
vn -0.96593 0.25882 0
vn -0.70711 0.70711 0
vn -0.25882 0.96593 0
vn 0.87121 0.49092 -0
vn 0.59285 0.80531 -0
vn 0.20996 0.97771 -0
vn 0.97747 -0.21108 -0
vn 0.95787 0.2872 -0
vn 0.70008 0.71406 -0
vn 0.23931 0.97093 -0.00553
vn 0.44937 0.89335 -0
vn 0.63689 0.77095 -0
vn 0.66309 0.74847 -0.01021
vn 0.80288 0.59613 -0
vn 0.91541 0.40253 -0
vn 0.93492 0.35457 -0.01405
vn 0.98514 0.17176 -0
vn 0.99866 -0.05176 -0
vn 0.99256 -0.12052 -0.01705
vn 0.95725 -0.28925 -0
vn 0.86889 -0.49501 -0
vn 0.82283 -0.56796 -0.01919
vn 0.72518 -0.68856 -0
vn 0.55378 -0.83267 -0
vn 0.46463 -0.88527 -0.02047
vn 0.33841 -0.941 -0
vn 0.12054 -0.99271 -0
vn -0 -0.99978 -0.0209
vn -0.12054 -0.99271 0
vn -0.33841 -0.941 0
vn -0.46463 -0.88527 -0.02047
vn -0.55377 -0.83267 0
vn -0.72518 -0.68856 0
vn -0.82283 -0.56796 -0.01919
vn -0.86889 -0.49501 0
vn -0.95725 -0.28925 0
vn -0.99256 -0.12052 -0.01705
vn -0.99866 -0.05176 0
vn -0.98514 0.17175 0
vn -0.93492 0.35457 -0.01406
vn -0.91541 0.40253 0
vn -0.80288 0.59613 0
vn -0.66309 0.74847 -0.01021
vn -0.63689 0.77095 0
vn -0.44937 0.89335 0
vn -0.23931 0.97093 -0.00553
vn -0.22252 0.97493 0
vn 0.22252 0.97493 -0
vn -0.45404 0.56935 -0.68534
vn -0.45519 0.551 -0.69943
vn -0.5679 0.42166 -0.70689
vn -0.66541 0.32044 -0.6742
vn -0.65313 0.2872 -0.70067
vn -0.69707 0.12153 -0.70663
vn -0.7469 0 -0.66494
vn -0.71143 -0.03687 -0.70179
vn -0.67769 -0.20477 -0.70626
vn -0.67863 -0.32681 -0.65776
vn -0.61811 -0.35214 -0.70281
vn -0.51373 -0.48779 -0.70579
vn -0.47227 -0.59221 -0.65287
vn -0.39345 -0.59159 -0.70372
vn -0.23994 -0.66717 -0.7052
vn -0.16903 -0.74055 -0.6504
vn -0.08554 -0.70451 -0.70451
vn 0.15933 -0.69807 -0.69807
vn 0.09747 -0.80271 -0.58835
vn 0.23994 -0.66717 -0.7052
vn 0.44644 -0.55981 -0.69807
vn 0.43889 -0.65992 -0.60982
vn 0.51373 -0.48779 -0.70579
vn 0.64512 -0.31067 -0.69807
vn 0.67484 -0.38446 -0.62991
vn 0.67769 -0.20477 -0.70626
vn 0.71602 0 -0.69808
vn 0.76001 -0.03939 -0.64871
vn 0.69706 0.12154 -0.70663
vn 0.64512 0.31067 -0.69808
vn 0.68261 0.30016 -0.66629
vn 0.56789 0.42166 -0.7069
vn 0.44643 0.55981 -0.69807
vn 0.46537 0.56332 -0.68272
vn 0.31778 0.63174 -0.70705
vn 0.15933 0.69807 -0.69807
vn 0.15933 0.69807 -0.69807
vn -0.15933 0.69807 -0.69807
vn -0.15933 0.69807 -0.69807
vn -0.31778 0.63174 -0.70705
vn -0 0 -1
vn 0 -0 -1
vn 0 0 -1
vn -0 0 -1
vn -0 0 -1
vn 0 0 -1
vn -0 0 -1
vn -0 -0 -1
vn -0 0 -1
vn -0 -0 -1
vn -0 -0 -1
vn -0 -0 -1
vn -0 0 -1
vn -0 0 -1
vn -0 -0 -1
vn -0 -0 -1
vn 0 0 -1
vn -0 -0 -1
vn -0 0 -1
vn 0 -0 -1
vn 0 0 -1
vn 0 0 -1
vn 0 0 -1
vn 0 -0 -1
vn -0 -0 -1
vn -0 -0 -1
vn -0 -0 -1
vn -0 -0 -1
vn -0 -0 -1
vn -0 0 -1
vn -0 0 -1
vn 0 0 -1
vn 0 0 -1
vn 0 0 -1
vn 0 0 -1
vn 0 0 -1
vn -0 -0 -1
vn -0 -0 -1
vn -0 -0 -1
vn -0 -0 -1
vn -0 -0 -1
vn -0 0 -1
vn -0 0 -1
vn 0 -0 -1
vn -0 0 -1
vn -0 -0 -1
vn -0 0 -1
vn 0 0 -1
vn -0 0 -1
vn -0 -0 -1
vn 0 -0 -1
vn 0 -0 -1
vn 0 -0 -1
vn 0 0 -1
vn -0 -0 -1
vn -0 0 -1
vn 0 0 -1
vn -0 -0 -1
vn -0 0 -1
vn -0 -0 -1
vn -0 -0 -1
vn -0 -0 -1
vn -0 -0 -1
vn -0 -0 -1
vn 0 -0 -1
vn 0 -0 -1
vn -0 0 -1
vn -0 0 -1
vn -0 0 -1
vn 0 -0 -1
vn 0 -0 -1
vn -0 0 -1
vn -0 0 -1
vn -0 0 -1
vn -0 -0 -1
vn -0 0 -1
vn -0 0 -1
vn -0 -0 -1
vn -0 -0 -1
vn 0 0 -1
vn 0 0 -1
vn 1 0 0
vn 1 -0 -0
vn 1 0 0
vn 1 0 -0
vn 1 -0 0
vn 0 -0 1
vn 0 -0 -1
vn -0 -0 -1
vn -0 -0 -1
vn -0 -0 -1
vn 0 -0 -1
vn 0 0 -1
vn 0 -0 -1
vn 0 0 -1
vn 1 -0 -0
vn 1 -0 0
vn 1 -0 0
vn 0 1 0
vn -0.25242 0.96762 0
vn -0.25231 0.96765 0
vn -0.25242 0.96762 -0
vn -0.25242 0.96762 -0
vn -0.25242 0.96762 -0
vn -0.25242 0.96762 -0
vn -0.25242 0.96762 0
vn -0.25242 0.96762 -0
vn -0.2811 -0.95968 0
vn -0.34885 -0.93706 0.01498
vn -0.34751 -0.93755 0.0157
vn -0.38807 -0.92162 0.00469
vn -0.47868 -0.87799 0.00155
vn -0.47115 -0.88205 0
vn -0.42305 -0.90611 0
vn -0.56492 -0.82513 0.00506
vn -0.53414 -0.84539 -0.0011
vn -0.51328 -0.85822 -0.00032
vn -0.73506 -0.67576 0.05507
vn -0.6716 -0.74089 0.00556
vn -0.62396 -0.78145 0
vn -0.5889 -0.8082 0
vn -0.68978 -0.72402 0
vn -0.82125 -0.57058 0
vn -0.91918 -0.39384 0
vn -0.99437 -0.10589 -0.00371
vn -0.98292 -0.18387 0.00791
vn -0.97842 -0.2058 0.01844
vn -0.96525 -0.26134 0
vn -0.99969 0.02339 0.00908
vn -0.99945 -0.02237 0.02433
vn -0.99991 0 0.01323
vn -0.99722 -0.07449 0
vn -0.99203 -0.12598 0
vn -0.96396 0.26099 0.05158
vn -0.9831 0.18276 0.01053
vn -0.99203 0.12598 0
vn -0.99722 0.07449 0
vn -0.97959 0.20102 0
vn -0.91918 0.39384 0
vn -0.82125 0.57058 0
vn -0.73618 0.67679 0
vn -0.68966 0.72389 0.01909
vn -0.68723 0.72624 0.01725
vn -0.51634 0.85633 0.00943
vn -0.5461 0.83749 0.01975
vn -0.57168 0.81983 0.03257
vn -0.53015 0.84789 0.00516
vn -0.60563 0.79574 0
vn -0.64694 0.76254 0
vn -0.34889 0.93716 0
vn -0.30768 0.9508 0.03611
vn -0.34798 0.93736 0.0161
vn -0.38753 0.92185 0.0044
vn -0.42551 0.90495 0
vn -0.47115 0.88205 0
vn -0.25242 -0.96762 0
vn -0.25242 -0.96762 -0
vn -0.25242 -0.96762 0
vn -0.25242 -0.96762 -0
vn -0.25242 -0.96762 -0
vn -0.25242 -0.96762 -0
vn -0.25242 -0.96762 -0
vn -0.25242 -0.96762 -0
vn -0.25231 -0.96765 0
vn -0 -1 -0
vn 0.25882 0.96593 -0
vn 0.70711 0.70711 -0
vn 0.96593 0.25882 -0
vn 0.96593 -0.25882 -0
vn 0.70711 -0.70711 -0
vn 0.25882 -0.96593 -0
vn -0.25882 -0.96593 0
vn -0.70711 -0.70711 0
vn -0.96593 -0.25882 0
vn -0.96593 0.25882 0
vn -0.70711 0.70711 0
vn -0.25882 0.96593 0
vn 0.90747 0.41158 -0.08422
vn 0.95949 0.28173 -0
vn 0.84125 0.54064 -0
vn 0.65486 0.75575 -0
vn 0.52047 0.85388 -0
vn 0.41539 0.90957 -0.01201
vn 0.39365 0.91926 -0
vn 0.14231 0.98982 -0
vn -0.05016 0.99874 0
vn -0.14229 0.98963 -0.01971
vn -0.18357 0.983 -0.00329
vn -0.52057 0.85382 1E-05
vn -0.46844 0.88349 -0.00403
vn -0.40201 0.91548 -0.01678
vn -0.41538 0.90956 -0.01225
vn -0.31898 0.94776 5E-05
vn -0.27077 0.96264 -1E-05
vn -0.65486 0.75575 0.0005
vn -0.71038 0.70269 -0.03974
vn -0.66529 0.74637 -0.01777
vn -0.60097 0.79927 -0.00223
vn -0.55144 0.83421 -0
vn -0.99977 0 -0.02162
vn -0.99745 0.07134 0
vn -0.95949 0.28173 0
vn -0.84125 0.54064 0
vn -0.86441 0.50205 -0.02721
vn -0.78496 0.61955 -0.00016
vn -0.84111 -0.54055 -0.01867
vn -0.86473 -0.50223 0
vn -0.95949 -0.28173 0
vn -0.99745 -0.07134 0
vn -0.60103 -0.79923 -0.00223
vn -0.66533 -0.74633 -0.01779
vn -0.65481 -0.75569 -0.01285
vn -0.73201 -0.68129 0.00013
vn -0.78496 -0.61955 -0.00016
vn -0.46844 -0.88349 -0.00403
vn -0.52057 -0.85382 1E-05
vn -0.55144 -0.83421 -0
vn -0.05008 -0.99718 -0.05585
vn -0.18357 -0.983 -0.00329
vn -0.27113 -0.96254 0
vn -0.41541 -0.90963 0
vn -0.33986 -0.93973 -0.03738
vn -0.40208 -0.91545 -0.01676
vn -0.14232 -0.98982 0
vn 0.03288 -0.99946 -0
vn 0.1423 -0.98971 0.01533
vn 0.17479 -0.98461 -0
vn 0.39365 -0.91926 -0
vn 0.41539 -0.90957 -0.01201
vn 0.52047 -0.85388 -0
vn 0.65486 -0.75575 -0
vn 0.84125 -0.54064 -0
vn 0.91071 -0.41305 -0
vn 0.95949 -0.28173 -0.00153
vn 0.94817 -0.31689 -0.02346
vn 0.94817 0.31689 -0.02346
vn 0.97978 0.20007 -0
vn 0.99418 0.10776 -0
vn 0.99934 0.03567 -0.00722
vn 0.9992 -0.03392 -0.02125
vn 0.99994 -0 -0.01077
vn 0.99418 -0.10776 -0
vn 0.97978 -0.20007 -0
vn 0.25882 0.96593 -0
vn 0.70711 0.70711 -0
vn 0.96593 0.25882 -0
vn 0.96593 -0.25882 -0
vn 0.70711 -0.70711 -0
vn 0.25882 -0.96593 -0
vn -0.25882 -0.96593 0
vn -0.25882 0.96593 0
vn 0.25882 0.96593 -0
vn 0.70711 0.70711 -0
vn 0.96593 0.25882 -0
vn 0.96593 0.25882 -0
vn 0.96593 -0.25882 -0
vn 0.96593 -0.25882 -0
vn 0.70711 -0.70711 -0
vn 0.25882 -0.96593 -0
vn -0.25882 -0.96593 0
vn -0.70711 -0.70711 0
vn -0.96593 -0.25882 0
vn -0.96593 -0.25882 0
vn -0.96593 0.25882 0
vn -0.96593 0.25882 0
vn -0.70711 0.70711 0
vn -0.25882 0.96593 0
vn 0.25882 0.96593 -0
vn 0.25882 -0.96593 -0
vn -0.25882 -0.96593 0
vn -0.70711 -0.70711 0
vn -0.96593 0.25882 0
vn -0.70711 0.70711 0
vn -0.25882 0.96593 0
vn -0.96593 -0.25882 0
vn 0.96593 -0.25882 0
vn 0.96593 0.25882 0
vn 0.76093 0.64883 -0
vn 0.84695 0.53167 -0
vn 0.91508 0.40328 -0
vn 0.25242 -0.96762 -0
vn -1 0 0
vn 0.91508 -0.40328 -0
vn 0.84695 -0.53167 -0
vn 0.76093 -0.64883 -0
vn 0.25242 0.96762 -0
vn 0.02693 -0.99964 -0
vn -0.41647 -0.90915 0
vn -0.77458 -0.63247 0
vn -0.97406 -0.22627 0
vn 0.85404 0.52021 -0
vn 0.57632 0.81723 -0
vn 0.20331 0.97911 -0
vn 0.49426 -0.86931 -0
vn 0.8627 -0.50572 -0
vn 0.99998 -0.00662 -0
vn 0.86931 0.49426 -0
vn -0.97406 0.22627 0
vn -0.77458 0.63247 0
vn -0.41647 0.90915 0
vn 0.02693 0.99964 -0
vn 0.20331 -0.97911 -0
vn 0.57632 -0.81723 -0
vn 0.85404 -0.52021 -0
vn 0.86931 -0.49426 -0
vn 0.99998 0.00662 -0
vn 0.8627 0.50572 -0
vn 0.49426 0.86931 -0
vn 0.2225 0.97482 -0.01515
vn 0.38843 0.92148 -0
vn 0.54255 0.84003 -0
vn 0.62334 0.78165 -0.02166
vn 0.71587 0.69824 -0
vn 0.82624 0.56332 -0
vn 0.9008 0.4338 -0.01949
vn 0.93087 0.36534 -0
vn 0.98017 0.19814 -0
vn 0.99618 0.08715 -0.00488
vn 0.99545 -0.08709 -0.03879
vn 0.99996 -0 -0.00864
vn 0.98017 -0.19814 -0
vn 0.93087 -0.36534 -0
vn 0.9008 -0.4338 -0.01949
vn 0.82624 -0.56332 -0
vn 0.71587 -0.69824 -0
vn 0.62334 -0.78165 -0.02166
vn 0.54255 -0.84003 -0
vn 0.38843 -0.92148 -0
vn 0.2225 -0.97482 -0.01515
vn 0.17365 -0.98481 -0
vn -0.17365 -0.98481 0
vn -0.2225 -0.97482 -0.01515
vn -0.38844 -0.92148 0
vn -0.54255 -0.84003 0
vn -0.62334 -0.78165 -0.02166
vn -0.93087 -0.36534 0
vn -0.9008 -0.4338 -0.01949
vn -0.82624 -0.56332 0
vn -0.71587 -0.69824 0
vn -0.98017 -0.19814 0
vn -0.99996 0 -0.00864
vn -0.98017 0.19814 0
vn -0.93087 0.36534 0
vn -0.9008 0.4338 -0.01949
vn -0.82624 0.56332 0
vn -0.71587 0.69824 0
vn -0.62334 0.78165 -0.02166
vn -0.54255 0.84003 0
vn -0.38844 0.92148 0
vn -0.2225 0.97482 -0.01515
vn -0.17365 0.98481 0
vn 0.17365 0.98481 -0
vn 0.2392 0.97047 -0.03131
vn 0.41365 0.91043 -0
vn 0.5739 0.81893 -0
vn 0.6625 0.74781 -0.04339
vn 0.95784 0.28731 -0
vn 0.93441 0.35437 -0.03614
vn 0.86125 0.50818 -0
vn 0.7532 0.65779 -0
vn 0.99432 0.10644 -0
vn 0.9957 -0.09227 -0.00843
vn 0.99239 -0.1205 -0.02528
vn 0.94928 -0.31442 -0
vn 0.87535 -0.4835 -0
vn 0.82225 -0.56756 -0.04219
vn 0.3876 -0.92183 -0
vn 0.46436 -0.88476 -0.03977
vn 0.59695 -0.80228 -0
vn 0.7342 -0.67893 -0
vn 0.21161 -0.97735 -0
vn -0 -0.99984 -0.01804
vn -0.21161 -0.97735 0
vn -0.3876 -0.92183 0
vn -0.46436 -0.88476 -0.03977
vn -0.87535 -0.4835 0
vn -0.82225 -0.56756 -0.04219
vn -0.7342 -0.67893 0
vn -0.59695 -0.80228 0
vn -0.94928 -0.31442 0
vn -0.99532 -0.09223 -0.02883
vn -0.99266 -0.12053 -0.00962
vn -0.86125 0.50818 0
vn -0.93441 0.35437 -0.03614
vn -0.95784 0.28731 0
vn -0.99432 0.10644 0
vn -0.7532 0.65779 0
vn -0.58863 0.80495 -0.07459
vn -0.66306 0.74845 -0.01327
vn -0.48245 0.87592 0
vn -0.41365 0.91043 0
vn -0.2392 0.97047 -0.03131
vn -0.18375 0.98297 0
vn 0.18375 0.98297 -0
vn 0.2225 0.97482 -0.01515
vn 0.38844 0.92148 -0
vn 0.93087 0.36534 -0
vn 0.9008 0.4338 -0.01949
vn 0.82624 0.56332 -0
vn 0.98017 0.19814 -0
vn 0.98017 -0.19814 -0
vn 0.93087 -0.36534 -0
vn 0.9008 -0.4338 -0.01949
vn 0.82624 -0.56332 -0
vn 0.71587 -0.69824 -0
vn 0.62334 -0.78165 -0.02166
vn 0.38843 -0.92148 -0
vn 0.22249 -0.97482 -0.01515
vn -0.38843 -0.92148 0
vn -0.2225 -0.97482 -0.01515
vn 0.17365 -0.98481 -0
vn -0.46727 -0.88412 0
vn -0.57356 -0.81912 -0.00814
vn -0.62334 -0.78165 -0.02166
vn -0.93087 -0.36534 0
vn -0.9008 -0.4338 -0.01949
vn -0.82624 -0.56332 0
vn -0.71587 -0.69824 0
vn -0.98017 -0.19814 0
vn -0.98017 0.19814 0
vn -0.93087 0.36534 0
vn -0.9008 0.4338 -0.01949
vn -0.82624 0.56332 0
vn -0.38844 0.92148 0
vn -0.2225 0.97482 -0.01515
vn 0.17365 0.98481 -0
vn 0.22249 0.97482 -0.01515
vn 0.38843 0.92148 -0
vn 0.62334 0.78165 -0.02166
vn 0.93087 0.36534 -0
vn 0.9008 0.4338 -0.01949
vn 0.71587 0.69824 -0
vn 0.98017 0.19814 -0
vn 0.98017 -0.19814 -0
vn 0.93087 -0.36534 -0
vn 0.9008 -0.4338 -0.01949
vn 0.38844 -0.92148 -0
vn 0.2225 -0.97482 -0.01515
vn -0.2225 -0.97482 -0.01515
vn -0.38844 -0.92148 0
vn -0.93087 -0.36534 0
vn -0.9008 -0.4338 -0.01949
vn -0.98017 -0.19814 0
vn -0.9008 0.4338 -0.01949
vn -0.93087 0.36534 0
vn -0.98017 0.19814 0
vn -0.71587 0.69824 0
vn -0.57328 0.81872 -0.03238
vn -0.62344 0.78177 -0.01216
vn -0.46727 0.88412 0
vn -0.38843 0.92148 0
vn -0.2225 0.97482 -0.01515
vn 0.2392 0.97047 -0.03131
vn 0.41365 0.91044 -0
vn 0.5739 0.81893 -0
vn 0.6625 0.74781 -0.0434
vn 0.93441 0.35437 -0.03614
vn 0.86125 0.50818 -0
vn 0.75321 0.65779 -0
vn 0.99432 0.10642 -0
vn 0.9957 -0.09227 -0.00843
vn 0.99239 -0.1205 -0.02528
vn 0.94929 -0.31442 -0
vn 0.87535 -0.4835 -0
vn 0.82225 -0.56756 -0.04219
vn 0.3876 -0.92183 -0
vn 0.46436 -0.88476 -0.03977
vn 0.59695 -0.80228 -0
vn 0.7342 -0.67893 -0
vn 0.21162 -0.97735 -0
vn -0 -0.99984 -0.01804
vn -0.21162 -0.97735 0
vn -0.3876 -0.92183 0
vn -0.46436 -0.88476 -0.03977
vn -0.87535 -0.4835 0
vn -0.82225 -0.56756 -0.04219
vn -0.7342 -0.67893 0
vn -0.59695 -0.80228 0
vn -0.94928 -0.31442 0
vn -0.99532 -0.09223 -0.02883
vn -0.99266 -0.12053 -0.00961
vn -0.99432 0.1064 0
vn -0.9344 0.35437 -0.03614
vn -0.86125 0.50819 0
vn -0.75321 0.65779 0
vn -0.6625 0.74781 -0.0434
vn -0.5739 0.81893 0
vn -0.41365 0.91044 0
vn -0.2392 0.97047 -0.03131
vn -0.18375 0.98297 0
vn 0.18375 0.98297 -0
vn 0.2392 0.97047 -0.03131
vn 0.41365 0.91044 -0
vn 0.5739 0.81893 -0
vn 0.6625 0.74781 -0.04339
vn 0.99532 -0.09223 -0.02883
vn 0.99266 -0.12053 -0.00962
vn 0.3876 -0.92183 -0
vn 0.46436 -0.88476 -0.03977
vn 0.21162 -0.97735 -0
vn -0 -0.99984 -0.01804
vn -0.21162 -0.97735 0
vn -0.46472 -0.88546 0
vn -0.37239 -0.92528 -0.07198
vn -0.51311 -0.85794 -0.02568
vn -0.6625 0.74781 -0.04339
vn -0.5739 0.81893 0
vn -0.41365 0.91044 0
vn -0.2392 0.97047 -0.03131
vn -0.18375 0.98297 0
vn 0.18375 0.98297 0
vn -0.64339 0.03661 -0.76466
vn 0.36842 -0.60142 -0.70892
vn -0.54866 -0.73738 -0.39402
vn -0.29946 -0.74406 -0.59724
vn -0.15036 -0.69442 -0.70368
vn -0.04419 -0.69769 -0.71503
vn -0 -0.66451 -0.74728
vn 0.07383 -0.70439 -0.70596
vn 0.14967 -0.69123 -0.70696
vn 0.1952 -0.6868 -0.70015
vn 0.27033 -0.64291 -0.71665
vn 0.57603 0.43499 -0.69208
vn 0.53432 0.46663 -0.70481
vn 0.4186 0.57244 -0.70505
vn 0.40527 0.5783 -0.70805
vn 0.30638 0.6398 -0.70483
vn 0.67155 -0.22243 -0.70678
vn 0.71011 -0.0658 -0.70101
vn 0.71011 -0.0658 -0.70101
vn 0.70313 0.07527 -0.70707
vn 0.68841 0.19587 -0.69837
vn 0.68223 0.20464 -0.70192
vn 0.60977 0.35979 -0.70621
vn 0.63439 -0.3504 -0.68903
vn 0.63839 -0.31788 -0.70101
vn 0.52044 -0.48127 -0.70535
vn 0.48658 -0.53376 -0.69162
vn 0.42288 -0.56833 -0.70582
vn 0.36909 -0.60314 -0.7071
vn 0.31934 -0.63152 -0.70654
vn -0.68593 0.19516 -0.70101
vn -0.6867 0.20598 -0.69715
vn -0.70313 0.07527 -0.70707
vn -0.71011 -0.0658 -0.70101
vn -0.71011 -0.0658 -0.70101
vn -0.66974 -0.22827 -0.70664
vn -0.67328 -0.223 -0.70496
vn -0.61693 -0.34326 -0.70821
vn -0.62209 -0.34361 -0.70352
vn -0.52044 -0.48127 -0.70535
vn 0.29273 0.6443 -0.70653
vn 0.13104 0.70101 -0.70101
vn 0.13104 0.70101 -0.70101
vn -0.13104 0.70101 -0.70101
vn -0.13104 0.70101 -0.70101
vn -0.29273 0.6443 -0.70653
vn -0.37953 0.61296 -0.69299
vn -0.40747 0.58144 -0.7042
vn -0.56911 0.42977 -0.70101
vn -0.55202 0.48209 -0.68034
vn -0.60977 0.35979 -0.70621
vn 0.58506 -0.39888 -0.70612
vn 0.27484 0.65199 -0.70667
vn -0.40635 0.58033 -0.70575
vn 0.17339 0.6609 -0.73017
vn 0.15448 0.69308 -0.70412
vn 0.08464 0.67994 -0.72836
vn 0.12372 0.70167 -0.70167
vn -0.05099 0.70619 -0.70619
vn -0.12083 0.64832 -0.75172
vn -0.12372 0.70168 -0.70167
vn -0.26147 0.65716 -0.70695
vn -0.25788 0.61177 -0.74782
vn -0.37368 0.70704 -0.60038
vn -0.57541 0.40553 -0.71025
vn -0.50309 0.499 -0.70562
vn -0.50321 0.49081 -0.71126
vn -0.58955 0.40195 -0.70062
vn -0.64691 0.17697 -0.74175
vn -0.60694 0.36288 -0.70707
vn -0.66191 0.25978 -0.70312
vn -0.67225 0.25257 -0.69591
vn 0.3944 0.61065 -0.6867
vn 0.35625 0.61704 -0.70167
vn 0.50745 0.49496 -0.70534
vn 0.55296 0.46398 -0.69207
vn 0.58506 0.39888 -0.70612
vn 0.66191 0.25978 -0.70312
vn 0.6739 0.24528 -0.69692
vn 0.6932 0.14013 -0.707
vn 0.7125 -0 -0.70167
vn 0.66953 -0.24369 -0.70167
vn 0.66984 -0.26289 -0.69441
vn 0.6932 -0.14013 -0.707
vn 0.52587 -0.51292 -0.67851
vn 0.54581 -0.45798 -0.70167
vn 0.38513 -0.5963 -0.70435
vn 0.36013 -0.62377 -0.6937
vn 0.27484 -0.65199 -0.70667
vn 0.12372 -0.70167 -0.70167
vn 0.12372 -0.70167 -0.70167
vn -0.12372 -0.70167 -0.70167
vn -0.12372 -0.70167 -0.70167
vn -0.55296 -0.46398 -0.69207
vn -0.50745 -0.49496 -0.70534
vn -0.35625 -0.61704 -0.70167
vn -0.3944 -0.61065 -0.6867
vn -0.27484 -0.65199 -0.70667
vn -0.6932 0.14013 -0.707
vn -0.7125 0 -0.70167
vn -0.7125 0 -0.70167
vn -0.69319 -0.14013 -0.707
vn -0.6739 -0.24528 -0.69692
vn -0.66191 -0.25978 -0.70312
vn -0.58506 -0.39888 -0.70612
vn 0.41824 0.59681 -0.68476
vn 0.37543 0.60633 -0.70101
vn 0.53432 0.46663 -0.70481
vn 0.57603 0.43499 -0.69208
vn 0.67155 -0.22243 -0.70679
vn 0.71011 -0.0658 -0.70101
vn 0.71011 -0.0658 -0.70101
vn 0.70313 0.07526 -0.70707
vn 0.68841 0.19587 -0.69837
vn 0.68223 0.20464 -0.70192
vn 0.60976 0.35979 -0.70621
vn 0.63439 -0.3504 -0.68903
vn 0.52044 -0.48127 -0.70535
vn 0.48658 -0.53376 -0.69162
vn 0.42287 -0.56833 -0.70582
vn 0.27575 -0.65582 -0.70275
vn 0.25934 -0.66942 -0.69614
vn 0.14967 -0.69123 -0.70696
vn -0 -0.71315 -0.70101
vn -0.25762 -0.66499 -0.70101
vn -0.27938 -0.66444 -0.69316
vn -0.14967 -0.69123 -0.70696
vn -0.68593 0.19516 -0.70101
vn -0.6867 0.20598 -0.69715
vn -0.70313 0.07524 -0.70707
vn -0.70673 0.03268 -0.70673
vn -0.69887 -0.06476 -0.71231
vn -0.70369 -0.09816 -0.70369
vn -0.67155 -0.22243 -0.70678
vn -0.6442 -0.32077 -0.69435
vn -0.62209 -0.34361 -0.70351
vn -0.48045 -0.52703 -0.70101
vn -0.54119 -0.50045 -0.67577
vn -0.42287 -0.56833 -0.70582
vn 0.29273 0.6443 -0.70653
vn 0.13104 0.70101 -0.70101
vn 0.13104 0.70101 -0.70101
vn -0.13104 0.70101 -0.70101
vn -0.13104 0.70101 -0.70101
vn -0.29273 0.6443 -0.70653
vn -0.37953 0.61296 -0.69299
vn -0.40747 0.58144 -0.7042
vn -0.56911 0.42977 -0.70101
vn -0.55202 0.48209 -0.68034
vn -0.60976 0.3598 -0.70621
vn 0.58506 -0.39888 -0.70612
vn -0.40635 -0.58033 -0.70575
vn -0.64691 -0.17697 -0.74175
vn -0.50746 -0.49496 -0.70534
vn -0.50215 -0.49164 -0.71143
vn -0.58966 -0.40202 -0.70048
vn -0.25788 -0.61177 -0.74782
vn -0.37368 -0.70704 -0.60038
vn -0.11521 -0.65337 -0.74822
vn -0.17299 -0.68754 -0.70524
vn -0.26147 -0.65716 -0.70695
vn 0.12119 -0.68728 -0.71621
vn 0.03166 -0.70675 -0.70675
vn -0.0509 -0.70619 -0.70619
vn 0.50745 0.49496 -0.70534
vn 0.55296 0.46398 -0.69207
vn 0.58506 0.39888 -0.70612
vn 0.66191 0.25978 -0.70312
vn 0.6739 0.24528 -0.69692
vn 0.6932 0.14013 -0.707
vn 0.7125 -0 -0.70167
vn 0.66953 -0.24369 -0.70167
vn 0.66984 -0.26289 -0.69441
vn 0.6932 -0.14013 -0.707
vn 0.52587 -0.51292 -0.67851
vn 0.27484 -0.65199 -0.70667
vn 0.17982 -0.68542 -0.70559
vn 0.12086 -0.68722 -0.71632
vn -0.5751 -0.40567 -0.71042
vn -0.60674 -0.36322 -0.70706
vn -0.66191 -0.25978 -0.70312
vn -0.67225 -0.25257 -0.69591
vn -0.6932 -0.14013 -0.707
vn -0.7125 -0 -0.70167
vn -0.66953 0.24369 -0.70167
vn -0.66984 0.26289 -0.69441
vn -0.69319 0.14013 -0.707
vn 0.27484 0.65199 -0.70667
vn 0.12372 0.70167 -0.70167
vn 0.12372 0.70167 -0.70167
vn -0.12372 0.70167 -0.70167
vn -0.12372 0.70167 -0.70167
vn -0.27484 0.65199 -0.70667
vn -0.36013 0.62377 -0.6937
vn -0.38513 0.5963 -0.70435
vn -0.54581 0.45798 -0.70167
vn -0.52587 0.51292 -0.67851
vn -0.58506 0.39888 -0.70612
vn -0.41861 0.57244 -0.70504
vn -0.48056 0.87248 0.08853
vn 0.4048 0.5414 -0.7369
vn 0.13104 0.70101 -0.70101
vn -0.06073 0.7058 -0.7058
vn -0.11083 0.59289 -0.79762
vn -0.38617 0.84996 -0.35839
vn -0.52739 0.47367 -0.70533
vn -0.52371 0.45737 -0.71871
vn -0.60942 0.37717 -0.69739
vn -0.61065 0.36031 -0.70518
vn -0.64618 0.28658 -0.70734
vn -0.66154 0.19843 -0.72318
vn -0.69298 0.17144 -0.70028
vn -0.64176 -0.09649 -0.76081
vn 0.10368 0.67041 -0.73471
vn 0.20182 0.67889 -0.70596
vn 0.29273 0.64429 -0.70653
vn 0.30977 0.63959 -0.70354
vn 0.40447 0.57716 -0.70943
vn 0.42418 0.56786 -0.70542
vn 0.57603 0.43499 -0.69208
vn 0.68841 0.19587 -0.69837
vn 0.68223 0.20464 -0.70192
vn 0.60977 0.35979 -0.70621
vn 0.48658 -0.53376 -0.69162
vn 0.42288 -0.56833 -0.70582
vn 0.36296 -0.60689 -0.70706
vn 0.27427 -0.65228 -0.70662
vn 0.2485 -0.67199 -0.69762
vn 0.14966 -0.69123 -0.70696
vn -0.27938 -0.66444 -0.69316
vn -0.14966 -0.69123 -0.70696
vn -0.70313 0.07527 -0.70707
vn -0.71011 -0.0658 -0.70101
vn -0.71011 -0.0658 -0.70101
vn -0.67155 -0.22243 -0.70678
vn -0.6442 -0.32077 -0.69435
vn -0.62209 -0.34361 -0.70351
vn -0.54119 -0.50045 -0.67577
vn -0.42288 -0.56833 -0.70582
vn 0.70576 0.06174 -0.70576
vn 0.70576 -0.06174 -0.70576
vn -0.67444 0.2647 -0.68925
vn -0.69319 0.14013 -0.707
vn -0.70575 0.06181 -0.70576
vn -0.66784 -0.06305 -0.74163
vn -0.7125 0 -0.70167
vn -0.69319 -0.14013 -0.707
vn -0.68749 -0.18704 -0.70169
vn -0.64787 -0.25427 -0.71806
vn -0.64012 -0.30315 -0.70594
vn 0.68611 0.17513 -0.7061
vn 0.72899 0.14736 -0.66847
vn 0.61954 0.24315 -0.74635
vn 0.3944 0.61065 -0.6867
vn 0.35625 0.61704 -0.70167
vn 0.50745 0.49496 -0.70534
vn 0.50305 0.49781 -0.70649
vn 0.58601 0.39954 -0.70496
vn 0.58232 0.40322 -0.70591
vn 0.64595 0.29192 -0.70536
vn 0.6932 -0.14013 -0.707
vn 0.71132 -0.16437 -0.68338
vn 0.61954 -0.24315 -0.74635
vn 0.64595 -0.29192 -0.70536
vn 0.58506 -0.39888 -0.70612
vn 0.58422 -0.40186 -0.70512
vn 0.50652 -0.49405 -0.70665
vn 0.50368 -0.49844 -0.70559
vn 0.38513 -0.5963 -0.70435
vn 0.27483 -0.65199 -0.70667
vn 0.12372 -0.70167 -0.70167
vn 0.12372 -0.70167 -0.70167
vn -0.12372 -0.70167 -0.70167
vn -0.12372 -0.70167 -0.70167
vn -0.57342 -0.41709 -0.70514
vn -0.59023 -0.40241 -0.69979
vn -0.48891 -0.50683 -0.70999
vn -0.50745 -0.49496 -0.70534
vn -0.35625 -0.61704 -0.70167
vn -0.3944 -0.61065 -0.6867
vn -0.27484 -0.65199 -0.70667
vn 0.27483 0.65199 -0.70667
vn 0.12372 0.70167 -0.70167
vn 0.12372 0.70167 -0.70167
vn -0.12372 0.70167 -0.70167
vn -0.12372 0.70167 -0.70167
vn -0.27484 0.65199 -0.70667
vn -0.36013 0.62377 -0.6937
vn -0.38513 0.5963 -0.70435
vn -0.49151 0.50952 -0.70626
vn -0.50452 0.4921 -0.70944
vn -0.57772 0.41652 -0.70196
vn -0.58506 0.39888 -0.70612
vn -0.64012 0.30315 -0.70594
vn -0.65538 0.1903 -0.73093
vn 0.50859 0.50859 -0.69475
vn 0.50859 0.50859 -0.69475
vn 0.69474 0.18616 -0.69475
vn 0.69474 0.18616 -0.69475
vn 0.69474 -0.18616 -0.69475
vn 0.69474 -0.18616 -0.69475
vn 0.50859 -0.50859 -0.69475
vn 0.50859 -0.50859 -0.69475
vn 0.18616 -0.69475 -0.69475
vn 0.18616 -0.69475 -0.69475
vn -0.18616 -0.69475 -0.69475
vn -0.18616 -0.69475 -0.69475
vn -0.50859 -0.50859 -0.69474
vn -0.50859 -0.50859 -0.69475
vn -0.69474 -0.18616 -0.69475
vn -0.69475 -0.18616 -0.69475
vn -0.69475 0.18616 -0.69475
vn -0.69474 0.18615 -0.69475
vn -0.50859 0.50859 -0.69475
vn -0.50859 0.50859 -0.69474
vn -0.18616 0.69475 -0.69474
vn -0.18616 0.69475 -0.69475
vn 0.18616 0.69475 -0.69475
vn 0.18616 0.69475 -0.69475
vn 0.50859 0.50859 -0.69475
vn 0.50859 0.50859 -0.69475
vn 0.69474 0.18616 -0.69475
vn 0.69474 -0.18616 -0.69475
vn 0.69474 -0.18616 -0.69475
vn 0.50859 -0.50859 -0.69475
vn 0.50859 -0.50859 -0.69475
vn 0.18616 -0.69475 -0.69475
vn 0.18616 -0.69475 -0.69475
vn -0.18616 -0.69475 -0.69475
vn -0.18616 -0.69475 -0.69474
vn -0.50859 -0.50859 -0.69474
vn -0.50859 -0.50859 -0.69475
vn -0.69474 -0.18616 -0.69475
vn -0.69475 0.18616 -0.69475
vn -0.69474 0.18615 -0.69475
vn -0.50859 0.50859 -0.69475
vn -0.50859 0.50859 -0.69474
vn -0.18616 0.69475 -0.69475
vn -0.18616 0.69475 -0.69475
vn 0.18616 0.69475 -0.69475
vn 0.18616 0.69475 -0.69475
vn 0.50859 0.50859 -0.69475
vn 0.50859 0.50859 -0.69474
vn 0.69475 0.18616 -0.69474
vn 0.69475 0.18616 -0.69475
vn 0.69475 -0.18616 -0.69475
vn 0.69475 -0.18616 -0.69474
vn 0.50859 -0.50859 -0.69474
vn 0.50859 -0.50859 -0.69475
vn 0.18616 -0.69475 -0.69475
vn 0.18616 -0.69475 -0.69475
vn -0.18616 -0.69475 -0.69475
vn -0.18616 -0.69475 -0.69475
vn -0.50859 -0.50859 -0.69474
vn -0.50859 -0.50859 -0.69475
vn -0.69474 -0.18616 -0.69475
vn -0.69475 0.18616 -0.69475
vn -0.69474 0.18615 -0.69475
vn -0.50859 0.50859 -0.69475
vn -0.50859 0.50859 -0.69474
vn -0.18616 0.69475 -0.69475
vn -0.18616 0.69475 -0.69475
vn 0.18616 0.69475 -0.69475
vn 0.18616 0.69475 -0.69475
vn -0.19509 0 -0.98079
vn -0.55557 0 -0.83147
vn -0.83147 0 -0.55557
vn -0.98078 0 -0.19509
vn -0.98078 -0 0.19509
vn -0.83147 -0 0.55557
vn -0.55557 -0 0.83147
vn -0.19509 -0 0.98079
vn 0.19509 -0 0.98079
vn 0.55557 -0 0.83147
vn 0.83147 -0 0.55557
vn 0.98079 -0 0.19509
vn 0.98079 0 -0.19509
vn 0.83147 0 -0.55557
vn 0.55557 0 -0.83147
vn 0.19509 0 -0.98079
vn 0 -1 -0
vn -0.13614 -0.02043 0.99048
vn -0.26432 -0 0.96444
vn -0.38794 -0 0.92169
vn -0.3981 -0.03906 0.91651
vn -0.50983 -0 0.86028
vn -0.61775 -0 0.78637
vn -0.6301 -0.05589 0.7745
vn -0.71908 -0 0.69493
vn -0.81697 -0 0.57668
vn -0.80073 -0.08493 0.59298
vn -0.87718 -0 0.48016
vn -0.94226 -0 0.33488
vn -0.9271 -0.10594 0.35952
vn -0.9729 -0 0.23123
vn -0.99767 -0 0.06824
vn -0.98673 -0.12681 0.10144
vn -0.99942 0 -0.03414
vn -0.97908 0 -0.20346
vn -0.97562 -0.14751 -0.1625
vn -0.95485 0 -0.29709
vn -0.88789 0 -0.46006
vn -0.895 -0.16801 -0.41322
vn -0.84237 0 -0.5389
vn -0.73084 0 -0.68255
vn -0.75114 -0.18829 -0.63272
vn -0.66998 0 -0.74238
vn -0.51958 0 -0.85442
vn -0.5549 -0.20833 -0.80541
vn -0.44993 0 -0.89306
vn -0.2698 0 -0.96292
vn -0.32083 -0.2281 -0.91926
vn -0.19788 0 -0.98023
vn -0.06824 0 -0.99767
vn 0.06824 0 -0.99767
vn 0.19788 0 -0.98023
vn 0.26764 -0.12616 -0.95522
vn 0.32951 0 -0.94415
vn 0.44993 0 -0.89306
vn 0.5156 -0.12355 -0.84787
vn 0.56734 0 -0.82348
vn 0.66998 0 -0.74238
vn 0.72563 -0.1192 -0.67769
vn 0.76482 0 -0.64424
vn 0.84237 0 -0.5389
vn 0.88219 -0.11309 -0.45711
vn 0.9079 0 -0.41918
vn 0.95485 0 -0.29708
vn 0.97365 -0.10522 -0.20233
vn 0.98641 0 -0.1643
vn 0.99942 0 -0.03414
vn 0.9931 -0.09557 0.06793
vn 0.99476 -0 0.10226
vn 0.9729 -0 0.23123
vn 0.93892 -0.08414 0.33369
vn 0.93235 -0 0.36155
vn 0.87718 -0 0.48016
vn 0.81491 -0.07092 0.57523
vn 0.80363 -0 0.59513
vn 0.71908 -0 0.69493
vn 0.6301 -0.05589 0.7745
vn 0.61775 -0 0.78637
vn 0.50982 -0 0.86028
vn 0.3981 -0.03906 0.91651
vn 0.38794 -0 0.92169
vn 0.26432 -0 0.96443
vn 0.13614 -0.02043 0.99048
vn 0.13053 -0 0.99144
vn -0.13053 -0 0.99144
vn -0.18375 0.00563 -0.98296
vn -0.35164 0 -0.93613
vn -0.50887 0 -0.86085
vn -0.5264 0.0106 -0.85017
vn -0.65838 0 -0.75269
vn -0.77908 0 -0.62692
vn -0.79793 0.01492 -0.60257
vn -0.88101 0 -0.47309
vn -0.94978 0 -0.31292
vn -0.96166 0.01857 -0.27361
vn -0.99111 0 -0.13307
vn -0.99916 -0 0.04105
vn -0.9955 0.02156 0.09225
vn -0.9746 -0 0.22395
vn -0.92091 -0 0.38979
vn -0.89491 0.02388 0.44561
vn -0.8336 -0 0.55237
vn -0.72502 -0 0.68873
vn -0.67348 0.02554 0.73877
vn -0.58612 -0 0.81022
vn -0.43652 -0 0.89969
vn -0.36111 0.02654 0.93214
vn -0.26377 -0 0.96458
vn -0.09227 -0 0.99573
vn 0 0.02687 0.99964
vn 0.09227 -0 0.99573
vn 0.26377 -0 0.96458
vn 0.36111 0.02654 0.93214
vn 0.43653 -0 0.89969
vn 0.58612 -0 0.81022
vn 0.67348 0.02555 0.73877
vn 0.72502 -0 0.68873
vn 0.8336 -0 0.55237
vn 0.89491 0.02388 0.44561
vn 0.92091 -0 0.38979
vn 0.9746 -0 0.22395
vn 0.9955 0.02156 0.09225
vn 0.99916 -0 0.04105
vn 0.99111 0 -0.13307
vn 0.96166 0.01857 -0.27362
vn 0.94978 0 -0.31292
vn 0.88101 0 -0.47309
vn 0.79793 0.01492 -0.60257
vn 0.77908 0 -0.62692
vn 0.65838 0 -0.75269
vn 0.5264 0.0106 -0.85017
vn 0.50886 0 -0.86085
vn 0.35165 0 -0.93613
vn 0.18375 0.00563 -0.98296
vn 0.17365 0 -0.98481
vn -0.17365 0 -0.98481
vn -1 -0 0
vn -0.25882 0 -0.96593
vn -0.70711 0 -0.70711
vn -0.96593 0 -0.25882
vn -0.96593 -0 0.25882
vn -0.70711 -0 0.70711
vn -0.25882 -0 0.96593
vn 0.25882 -0 0.96593
vn 0.70711 -0 0.70711
vn 0.96593 -0 0.25882
vn 0.96593 0 -0.25882
vn 0.70711 0 -0.70711
vn 0.25882 0 -0.96593
vn -0.25882 0 -0.96593
vn -0.70711 0 -0.70711
vn -0.96593 0 -0.25882
vn -0.96593 -0 0.25882
vn -0.70711 -0 0.70711
vn -0.25882 -0 0.96593
vn 0.25882 -0 0.96593
vn 0.70711 -0 0.70711
vn 0.96593 -0 0.25882
vn 0.96593 0 -0.25882
vn 0.70711 0 -0.70711
vn 0.25882 0 -0.96593
vn -0.25882 0 -0.96593
vn -0.96593 0 -0.25882
vn -0.96593 -0 0.25882
vn -0.25882 -0 0.96593
vn 0.25882 -0 0.96593
vn 0.96593 -0 0.25882
vn 0.96593 0 -0.25882
vn 0.25882 0 -0.96593
vn -0.25882 0 -0.96593
vn -0.70711 0 -0.70711
vn -0.70711 -0 0.70711
vn -0.25882 -0 0.96593
vn 0.25882 -0 0.96593
vn 0.70711 -0 0.70711
vn 0.96593 -0 0.25882
vn 0.96593 0 -0.25882
vn 0.70711 0 -0.70711
vn 0.25882 0 -0.96593
vn -1 -0 0
vn -1 -0 0
vn -1 0 0
vn -1 -0 0
vn -1 -0 0
vn -1 -0 0
vn -1 -0 0
vn -1 0 0
vn -1 -0 0
vn -0 1 0
vn -1 -0 0
vn -1 0 0
vn -1 0 0
vn -1 -0 0
vn -1 -0 0
vn -1 0 0
vn -1 0 0
vn -0 0 -1
vn 0.08258 0 -0.99658
vn 0.24549 0 -0.9694
vn 0.4017 0 -0.91577
vn 0.54695 0 -0.83717
vn 0.67728 0 -0.73572
vn 0.7382 0 -0.67459
vn 0.78913 -0.00396 -0.61421
vn 0.79138 0 -0.61133
vn 0.87947 0 -0.47595
vn 0.94582 0 -0.3247
vn 0.98636 0 -0.1646
vn 1 0 -0
vn 0.98636 -0 0.1646
vn 0.94582 -0 0.3247
vn 0.87947 -0 0.47595
vn 0.78914 -0 0.61421
vn 0.67728 -0 0.73572
vn 0.59702 -0 0.80222
vn 0.54686 0.01813 0.83703
vn 0.559 0.03051 0.8286
vn 0.50763 -0 0.86158
vn 0.4017 -0 0.91577
vn 0.24549 -0 0.9694
vn 0.08258 -0 0.99658
vn 0 -0 1
vn -0.70711 0 -0.70711
vn -0.70711 -0 0.70711
vn 0.25882 -0 0.96593
vn 0.70711 -0 0.70711
vn 0.96593 -0 0.25882
vn 0.96593 0 -0.25882
vn 0.70711 0 -0.70711
vn 0.25882 0 -0.96593
vn -0.25882 0 -0.96593
vn -0.70711 0 -0.70711
vn -0.96593 0 -0.25882
vn -0.96593 -0 0.25882
vn -0.70711 -0 0.70711
vn -0.25882 -0 0.96593
vn 0.25882 -0 0.96593
vn 0.70711 -0 0.70711
vn 0.96593 -0 0.25882
vn 0.96593 0 -0.25882
vn 0.70711 0 -0.70711
vn -0.25882 0 -0.96593
vn -0.70711 0 -0.70711
vn -0.70711 -0 0.70711
vn -0.25882 -0 0.96593
vn 0.70711 -0 0.70711
vn 0.70711 0 -0.70711
vn 0.25882 0 -0.96593
vn 0.25882 -0 0.96593
vn 0.96593 -0 0.25882
vn 0.96593 0 -0.25882
vn 0.25882 0 -0.96593
vn 0.96593 -0 0.25882
vn 0.25882 -0 0.96593
vn -0.25882 -0 0.96593
vn -0.70711 -0 0.70711
vn -0.96593 -0 0.25882
vn -0.96593 0 -0.25882
vn -0.70711 0 -0.70711
vn -0.25882 0 -0.96593
vn -0.96593 -0 0.25882
vn -0.96593 0 -0.25882
vn 0.25882 0 -0.96593
vn 0.96593 0 -0.25882
vn -0.70711 -0 0.70711
vn -0.96593 -0 0.25882
vn -0.70711 0 -0.70711
vn -0.96593 0 -0.25882
vn -0.25882 -0 0.96593
vn -0.70711 -0 0.70711
vn -0.96593 -0 0.25882
vn -0.96593 0 -0.25882
vn -0.70711 0 -0.70711
vn -0.25882 0 -0.96593
vn 0.25882 0 -0.96593
vn 0.96593 0 -0.25882
vn 0.96593 -0 0.25882
vn 0.25882 -0 0.96593
vn -0.25882 -0 0.96593
vn -0.70711 -0 0.70711
vn -0.96593 -0 0.25882
vn -0.96593 0 -0.25882
vn -0.70711 0 -0.70711
vn -0.25882 0 -0.96593
vn 0.25882 0 -0.96593
vn 0.70711 0 -0.70711
vn 0.96593 -0 0.25882
vn 0.70711 -0 0.70711
vn 0.25882 -0 0.96593
vn -0.96593 -0 0.25882
vn -0.96593 0 -0.25882
vn 0.25882 0 -0.96593
vn 0.25882 -0 0.96593
vn -0.96593 -0 0.25882
vn -0.96593 0 -0.25882
vn 0.96593 0 -0.25882
vn 0.70677 -0.03084 -0.70677
vn 0.72232 -0.01756 -0.69134
vn 0.84376 -0.00118 -0.53672
vn 0.85893 0 -0.5121
vn -0.96593 -0 0.25882
vn -0.96593 0 -0.25882
vn 0.54337 0 -0.83949
vn -0.25882 -0 0.96593
vn -0.70711 -0 0.70711
vn -0.70711 0 -0.70711
vn -0.25882 0 -0.96593
vn 0.25882 0 -0.96593
vn 0.70711 0 -0.70711
vn 0.96593 0 -0.25882
vn 0.96593 -0 0.25882
vn 0.70711 -0 0.70711
vn 0.25882 -0 0.96593
vn 0.8977 0 -0.44061
vn 0.99997 0 -0.00748
vn 0.90419 -0 0.42713
vn 0.62932 -0 0.77715
vn 0.22981 -0 0.97324
vn -0.21522 -0 0.97657
vn -0.61762 -0 0.78647
vn 0.90259 0 -0.43051
vn 0.82413 0 -0.56641
vn -0.98992 -0 0.14164
vn -0.95334 0 -0.30189
vn -0.72794 0 -0.68564
vn -0.35837 0 -0.93358
vn 0.08219 0 -0.99662
vn 0.50646 0 -0.86226
vn 0.83043 0 -0.55713
vn -0.82413 -0 0.56641
vn -0.90259 -0 0.43051
vn 0.90259 -0 0.43051
vn 0.82413 -0 0.56641
vn -0.83043 0 -0.55712
vn -0.50646 0 -0.86226
vn -0.08219 0 -0.99662
vn 0.35837 0 -0.93358
vn 0.72794 0 -0.68564
vn 0.95334 0 -0.30189
vn 0.98992 -0 0.14164
vn -0.82413 0 -0.56641
vn -0.90259 0 -0.43051
vn 0.61762 -0 0.78647
vn 0.21522 -0 0.97657
vn -0.22981 -0 0.97324
vn -0.62932 -0 0.77715
vn -0.90419 -0 0.42713
vn -0.99997 0 -0.00748
vn -0.8977 0 -0.44061
vn 0.82413 0 -0.56641
vn 0.90259 0 -0.43051
vn -0.8977 -0 0.44061
vn -0.99997 -0 0.00748
vn -0.90419 0 -0.42713
vn -0.62932 0 -0.77715
vn -0.22981 0 -0.97324
vn 0.21522 0 -0.97657
vn 0.61762 0 -0.78647
vn -0.90259 -0 0.43051
vn -0.82413 -0 0.56641
vn 0.98992 0 -0.14164
vn 0.95334 -0 0.30189
vn 0.72794 -0 0.68564
vn 0.35837 -0 0.93358
vn -0.08219 -0 0.99662
vn -0.50646 -0 0.86226
vn -0.83043 -0 0.55712
vn -0.80264 0 -0.59646
vn -0.79688 0.00704 -0.6041
vn -0.76404 0 -0.64517
vn -0.71584 0 -0.69826
vn -0.7969 -0 0.60412
vn -0.71584 -0 0.69826
vn -0.07846 0 -0.99692
vn 0.07846 0 -0.99692
vn -0.06727 -0 0.99773
vn -0.49351 -0 0.86974
vn -0.822 -0 0.56948
vn -0.98769 -0 0.15643
vn -0.95775 0 -0.2876
vn -0.73812 0 -0.67467
vn -0.37229 0 -0.92812
vn -0.07846 -0 0.99692
vn 0.07846 -0 0.99692
vn 0.37229 0 -0.92812
vn 0.73812 0 -0.67467
vn 0.95775 0 -0.2876
vn 0.98769 -0 0.15643
vn 0.822 -0 0.56948
vn 0.49351 -0 0.86974
vn 0.06727 -0 0.99773
vn -0.90259 0 -0.43051
vn -0.82413 0 -0.56641
vn 0.83043 -0 0.55713
vn 0.50646 -0 0.86226
vn 0.08219 -0 0.99662
vn -0.35837 -0 0.93358
vn -0.72794 -0 0.68564
vn -0.95334 -0 0.30189
vn -0.98992 0 -0.14164
vn 0.82413 -0 0.56641
vn 0.90259 -0 0.43051
vn -0.61762 0 -0.78647
vn -0.21522 0 -0.97657
vn 0.22981 0 -0.97324
vn 0.62932 0 -0.77715
vn 0.90419 0 -0.42713
vn 0.99997 -0 0.00748
vn 0.8977 -0 0.44061
vn 0.08531 -0.04033 0.99554
vn 0.09534 -0.06884 0.99306
vn 0.07846 -0.00565 0.9969
vn 0.15493 -0 0.98793
vn 0.05585 -0.00934 0.9984
vn 0.0682 0.00771 0.99764
vn 0.07686 0.02221 0.99679
vn 0.0853 0.0403 0.99554
vn 0.07844 0.02093 0.9967
vn 0.1471 0.00058 0.98912
vn 0.15493 -0 0.98793
vn 0.07685 -0.02221 0.99679
vn 0.0636 -0 0.99798
vn -0.07846 -0 0.99692
vn 0.51111 -0.00067 0.85951
vn 0.37071 -0.0921 0.92417
vn 0.40461 -0.14469 0.90297
vn 0.22682 -0 0.97394
vn 0.69626 0.07314 0.71405
vn 0.73812 -0 0.67467
vn 0.51208 -0 0.85894
vn 0.58234 0.00017 0.81295
vn 0.73801 -0.01733 0.67457
vn 0.73068 -0.02761 0.68216
vn 0.39238 0.07867 0.91643
vn 0.3698 0.11548 0.92191
vn 0.06727 0 -0.99773
vn 0.49351 0 -0.86974
vn 0.822 0 -0.56948
vn 0.98769 0 -0.15643
vn 0.95775 -0 0.2876
vn 0.75421 -0 0.65663
vn 0.73063 0.02767 0.68222
vn 0.07846 0 -0.99692
vn -0.07846 0 -0.99692
vn -0.37229 -0 0.92812
vn -0.73812 -0 0.67467
vn -0.95775 -0 0.2876
vn -0.98769 0 -0.15643
vn -0.822 0 -0.56948
vn -0.49351 0 -0.86974
vn -0.06727 0 -0.99773
vn 0.25882 -0 0.96592
vn 0.96593 -0 0.25882
vn 0.96593 0 -0.25882
vn 0.25882 0 -0.96593
vn -0.23828 -0 0.9712
vn -0.66072 -0 0.75063
vn -0.93311 -0 0.35959
vn -0.99358 0 -0.1131
vn -0.82841 0 -0.56012
vn -0.67298 0 -0.73967
vn -0.2436 0 -0.96988
vn 0.25882 -0 0.96593
vn 0.96593 -0 0.25882
vn 0.96593 0 -0.25882
vn 0.25882 0 -0.96592
vn -0.2436 -0 0.96988
vn -0.67298 -0 0.73967
vn -0.82841 -0 0.56012
vn -0.99358 -0 0.1131
vn -0.93311 0 -0.35959
vn -0.66072 0 -0.75063
vn -0.23828 0 -0.9712
vn 0.38238 -0.03965 -0.92315
vn 0.41413 0 -0.91022
vn 0.60876 0 -0.79335
vn 0.79335 0 -0.60876
vn 0.92388 0 -0.38268
vn 0.99144 0 -0.13053
vn 0.99144 -0 0.13053
vn 0.92388 -0 0.38268
vn 0.79335 -0 0.60876
vn 0.60876 -0 0.79335
vn 0.38268 -0 0.92388
vn 0.13053 -0 0.99144
vn -0.13053 -0 0.99144
vn -0.38268 -0 0.92388
vn -0.60876 -0 0.79335
vn -0.79335 -0 0.60876
vn -0.91022 -0 0.41413
vn -0.92315 -0.03965 0.38238
vn -0.95648 -0 0.29178
vn -0.99144 -0 0.13053
vn -0.99144 0 -0.13053
vn -0.92388 0 -0.38268
vn -0.79335 0 -0.60876
vn -0.60876 0 -0.79335
vn -0.38268 0 -0.92388
vn -0.13053 0 -0.99144
vn 0.13053 0 -0.99144
vn 0.29178 0 -0.95648
vn 0.99924 0 -0.03907
vn -0.96591 -0.00457 -0.25882
vn -0.95507 0 -0.29638
vn -0.25882 0 -0.96593
vn 0.25882 0 -0.96593
vn 0.70711 0 -0.70711
vn 0.96593 0 -0.25882
vn -0.99923 0 -0.03911
vn -0.96592 -0 0.25882
vn -0.25882 -0 0.96593
vn 0.25882 -0 0.96593
vn 0.70711 -0 0.70711
vn 0.96593 -0 0.25882
vn 0.95506 -0.00535 -0.29638
vn -0.50859 0.69475 -0.50859
vn -0.50859 0.69475 -0.50859
vn -0.69474 0.69475 -0.18616
vn -0.69475 0.69474 -0.18616
vn -0.69475 0.69474 0.18616
vn -0.69475 0.69475 0.18616
vn -0.50859 0.69475 0.50859
vn -0.50859 0.69475 0.50859
vn -0.18616 0.69475 0.69475
vn -0.18616 0.69475 0.69475
vn 0.18616 0.69475 0.69475
vn 0.18616 0.69475 0.69475
vn 0.50859 0.69475 0.50859
vn 0.50859 0.69474 0.50859
vn 0.69475 0.69474 0.18616
vn 0.69475 0.69475 0.18616
vn 0.69475 0.69475 -0.18615
vn 0.69475 0.69474 -0.18616
vn 0.50859 0.69474 -0.50859
vn 0.50859 0.69475 -0.50859
vn 0.18616 0.69475 -0.69475
vn 0.18616 0.69475 -0.69475
vn -0.18616 0.69475 -0.69475
vn -0.18616 0.69475 -0.69475
vn -0.03909 0 -0.99924
vn -0.25882 -0.00457 0.96592
vn -0.29638 -0 0.95507
vn -0.70711 -0 0.7071
vn -0.96592 -0 0.25882
vn -0.96592 0 -0.25882
vn -0.70711 0 -0.7071
vn -0.25882 0 -0.96593
vn -0.03909 -0 0.99924
vn 0.25882 -0 0.96593
vn 0.70711 -0 0.70711
vn 0.96593 -0 0.25882
vn 0.96593 0 -0.25882
vn 0.70711 0 -0.70711
vn 0.25882 0 -0.96593
vn -0.29638 -0.00535 -0.95506
vn -0.50859 0.69475 -0.50859
vn -0.50859 0.69475 -0.50859
vn -0.69474 0.69475 -0.18616
vn -0.69475 0.69475 -0.18616
vn -0.69475 0.69475 0.18616
vn -0.69474 0.69475 0.18616
vn -0.50859 0.69475 0.50859
vn -0.50859 0.69475 0.50859
vn -0.18616 0.69475 0.69475
vn -0.18616 0.69475 0.69475
vn 0.18616 0.69475 0.69475
vn 0.18616 0.69475 0.69475
vn 0.50859 0.69475 0.50859
vn 0.50859 0.69475 0.50859
vn 0.69475 0.69475 0.18616
vn 0.69475 0.69475 0.18616
vn 0.69475 0.69475 -0.18615
vn 0.69475 0.69475 -0.18616
vn 0.50859 0.69475 -0.50859
vn 0.50859 0.69475 -0.50859
vn 0.18616 0.69475 -0.69475
vn 0.18616 0.69475 -0.69475
vn -0.18616 0.69475 -0.69475
vn -0.18616 0.69475 -0.69475
vn -0.99923 -0 0.03911
vn 0.96592 -0.00457 0.25881
vn 0.95507 -0 0.29638
vn 0.25882 -0 0.96593
vn -0.25882 -0 0.96593
vn -0.96593 -0 0.25882
vn 0.99924 -0 0.03907
vn 0.96593 0 -0.25882
vn 0.25882 0 -0.96593
vn -0.25882 0 -0.96593
vn -0.96592 0 -0.25882
vn -0.95506 -0.00535 0.29638
vn -0.50859 0.69475 -0.50859
vn -0.69474 0.69475 -0.18616
vn -0.69475 0.69474 -0.18616
vn -0.69475 0.69474 0.18616
vn -0.69475 0.69475 0.18616
vn -0.50859 0.69475 0.50859
vn -0.50859 0.69475 0.50859
vn -0.18616 0.69475 0.69475
vn 0.18616 0.69475 0.69475
vn 0.18616 0.69475 0.69475
vn 0.50859 0.69474 0.50859
vn 0.69475 0.69474 0.18616
vn 0.69475 0.69475 0.18616
vn 0.69475 0.69475 -0.18615
vn 0.69475 0.69474 -0.18616
vn 0.50859 0.69474 -0.50859
vn 0.50859 0.69475 -0.50859
vn 0.18616 0.69475 -0.69475
vn 0.18616 0.69475 -0.69475
vn -0.18616 0.69475 -0.69475
vn -0.18616 0.69475 -0.69475
vn 0.03909 -0 0.99924
vn 0.25882 -0.00457 -0.96592
vn 0.29638 0 -0.95507
vn 0.25882 -0 0.96593
vn 0.03909 0 -0.99924
vn -0.96593 0 -0.25882
vn -0.96593 -0 0.25882
vn -0.25882 -0 0.96593
vn 0.29638 -0.00535 0.95506
vn -0.50859 0.69475 -0.50859
vn -0.50859 0.69475 -0.50859
vn -0.69475 0.69475 -0.18615
vn -0.69475 0.69475 -0.18616
vn -0.69475 0.69475 0.18615
vn -0.69475 0.69475 0.18616
vn -0.50859 0.69475 0.50859
vn 0.18616 0.69475 0.69475
vn 0.18616 0.69475 0.69475
vn 0.50859 0.69475 0.50859
vn 0.50859 0.69475 0.50859
vn 0.69475 0.69475 0.18615
vn 0.69475 0.69475 0.18616
vn 0.69475 0.69475 -0.18616
vn 0.50859 0.69475 -0.50859
vn 0.50859 0.69475 -0.50859
vn 0.18616 0.69475 -0.69475
vn -0.70711 -0.7071 -0
vn -0.47017 -0.88217 0.02664
vn -0.25882 -0.96593 -0
vn -0.60855 -0.79352 -0
vn -0.7923 -0.60994 0.0154
vn -0.96589 0.25881 0.00788
vn -0.99142 0.13069 0
vn -0.96592 -0.25882 0
vn -0.99128 -0.13084 0.01561
vn -0.92385 -0.38276 0
vn -0.70709 0.70708 0.00782
vn -0.79336 0.60876 0
vn -0.92382 0.38283 0
vn 0.70711 0.7071 0
vn 0.25882 0.96593 0
vn -0.2295 0.97331 0
vn -0.25882 0.96592 0.00316
vn -0.47354 0.88077 0
vn -0.60872 0.79339 -0
vn 0.9659 0.25882 0.00682
vn 0.92833 0.37176 0.00049
vn 0.71325 0.70091 -0.00096
vn -0.2295 -0.97331 -0
vn 0.25882 -0.96593 -0
vn 0.70711 -0.7071 -0
vn 0.92496 -0.38007 -0
vn 0.9659 -0.25882 0.00682
vn 0.99181 -0.12771 -0
vn 0.99177 0.12801 -0
vn -0.50859 -0.50859 -0.69474
vn -0.50859 -0.50859 -0.69475
vn -0.69474 -0.18616 -0.69475
vn -0.69475 -0.18616 -0.69474
vn -0.69475 0.18616 -0.69474
vn -0.69474 0.18616 -0.69475
vn -0.50859 0.50859 -0.69475
vn -0.50859 0.50859 -0.69474
vn -0.18616 0.69475 -0.69475
vn -0.18616 0.69475 -0.69475
vn 0.18616 0.69475 -0.69475
vn 0.18616 0.69475 -0.69475
vn 0.50859 0.50859 -0.69475
vn 0.50859 0.50859 -0.69475
vn 0.69474 0.18616 -0.69475
vn 0.69474 0.18616 -0.69475
vn 0.69474 -0.18616 -0.69475
vn 0.69474 -0.18616 -0.69475
vn 0.50859 -0.50859 -0.69475
vn 0.50859 -0.50859 -0.69475
vn 0.18616 -0.69475 -0.69475
vn 0.18616 -0.69475 -0.69475
vn -0.18616 -0.69475 -0.69475
vn -0.18616 -0.69475 -0.69475
vn 0.14231 0 -0.98982
vn 0.41541 0 -0.90963
vn 0.65486 0 -0.75575
vn 0.84125 0 -0.54064
vn 0.95949 0 -0.28173
vn 0.95949 -0 0.28173
vn 0.84125 -0 0.54064
vn 0.65486 -0 0.75575
vn 0.41541 -0 0.90963
vn 0.14231 -0 0.98982
vn -0.14231 -0 0.98982
vn -0.41542 -0 0.90963
vn -0.65486 -0 0.75575
vn -0.84125 -0 0.54064
vn -0.95949 -0 0.28173
vn -0.95949 0 -0.28173
vn -0.84125 0 -0.54064
vn -0.65486 0 -0.75575
vn -0.41542 0 -0.90963
vn -0.14231 0 -0.98982
vn -0.25882 -0 0.96593
vn -0.70711 -0 0.70711
vn -0.96593 -0 0.25882
vn -0.25882 0 -0.96593
vn -0.70711 0 -0.70711
vn -0.96593 0 -0.25882
vn -0.30854 -0 0.95121
vn -0.58765 -0 0.80912
vn -0.80911 -0 0.58765
vn -0.95121 -0 0.30854
vn 0.95121 -0 0.30854
vn 0.80912 -0 0.58765
vn 0.58765 -0 0.80912
vn 0.30854 -0 0.95121
vn 0.30854 0 -0.95121
vn 0.58765 0 -0.80912
vn 0.80912 0 -0.58765
vn 0.95121 0 -0.30854
vn -0.95121 0 -0.30854
vn -0.80911 0 -0.58765
vn -0.58765 0 -0.80912
vn -0.30854 0 -0.95121
vn -0.68808 -0.70696 0.16354
vn -0.43231 -0.70406 0.56339
vn -0.28707 -0.67263 0.68203
vn -0.27176 -0.70406 0.65608
vn -0.36052 -0.70708 0.60833
vn -0.47617 -0.63706 0.60615
vn -0.65608 -0.70406 0.27176
vn -0.77765 -0.55165 0.30156
vn -0.62034 -0.70702 0.33957
vn -0.56339 -0.70406 0.4323
vn -0.64478 -0.59688 0.47749
vn -0.5085 -0.70705 0.49143
vn -0.86094 -0.50095 0.08851
vn -0.70406 -0.70406 0.09269
vn -0.7069 -0.7069 -0.02415
vn -0.83936 -0.53223 -0.1105
vn -0.69913 -0.70545 -0.11645
vn -0.67545 -0.70683 -0.21015
vn -0.79465 -0.51009 -0.32915
vn -0.64332 -0.70564 -0.29702
vn -0.59595 -0.70674 -0.38126
vn -0.69086 -0.49162 -0.53012
vn -0.5418 -0.70581 -0.45638
vn -0.47406 -0.70664 -0.52529
vn -0.53494 -0.47731 -0.69715
vn -0.40181 -0.70598 -0.58321
vn -0.31841 -0.70653 -0.632
vn -0.33828 -0.46755 -0.81668
vn -0.23332 -0.70614 -0.66853
vn -0.14006 -0.70641 -0.6938
vn -0.11572 -0.46261 -0.87898
vn -0.04831 -0.70628 -0.70628
vn 0.04831 -0.70628 -0.70628
vn 0.11572 -0.46261 -0.87898
vn 0.14006 -0.70641 -0.6938
vn 0.23332 -0.70614 -0.66853
vn 0.33828 -0.46756 -0.81667
vn 0.3184 -0.70653 -0.632
vn 0.40181 -0.70598 -0.58321
vn 0.53494 -0.47732 -0.69714
vn 0.47405 -0.70664 -0.52529
vn 0.5418 -0.70582 -0.45638
vn 0.69086 -0.49162 -0.53012
vn 0.59595 -0.70674 -0.38125
vn 0.64331 -0.70564 -0.29702
vn 0.79465 -0.51009 -0.32915
vn 0.67545 -0.70683 -0.21015
vn 0.69913 -0.70545 -0.11645
vn 0.83937 -0.53222 -0.1105
vn 0.7069 -0.7069 -0.02415
vn 0.70525 -0.70525 0.0725
vn 0.82314 -0.5574 0.10837
vn 0.68808 -0.70697 0.16354
vn 0.6612 -0.70503 0.2564
vn 0.74933 -0.58495 0.31038
vn 0.62034 -0.70702 0.33957
vn 0.6083 -0.70709 0.36056
vn 0.53398 -0.74732 0.39544
vn 0.48376 -0.80516 0.34306
vn 0.53892 -0.68827 0.48564
vn 0.50736 -0.70865 0.49032
vn 0.50143 -0.70711 0.49857
vn 0.43838 -0.70457 0.55803
vn 0.46564 -0.64416 0.60683
vn -0.1869 -0.7071 0.68196
vn -0.09269 -0.70406 0.70406
vn -0.09269 -0.70406 0.70406
vn 0.09269 -0.70406 0.70406
vn 0.09269 -0.70406 0.70406
vn 0.18691 -0.7071 0.68196
vn 0.28257 -0.67436 0.68219
vn 0.27539 -0.70432 0.65429
vn 0.36051 -0.70709 0.60833
vn 0.36542 0.66611 -0.65021
vn 0.34302 0.73866 -0.58028
vn 0.44823 0.70708 -0.54693
vn 0.46559 0.70703 -0.53229
vn 0.5994 0.62271 -0.50295
vn 0.55416 0.70289 -0.44593
vn 0.62311 0.70694 -0.33461
vn 0.76254 0.58439 -0.27754
vn 0.67507 0.70343 -0.22241
vn 0.70112 0.70681 -0.09413
vn 0.83576 0.5491 -0
vn 0.70966 0.70394 0.02916
vn 0.6896 0.70664 0.15846
vn 0.80347 0.51857 0.29244
vn 0.65365 0.70442 0.27667
vn 0.59 0.70644 0.39095
vn 0.66593 0.49426 0.55878
vn 0.5143 0.70484 0.48856
vn 0.41499 0.70619 0.57365
vn 0.43935 0.47737 0.76098
vn -0.15339 0.46872 0.86993
vn 0.30948 0.70524 0.63786
vn 0.18683 0.70591 0.68321
vn 0.15339 0.46872 0.86993
vn 0.06538 0.70559 0.70559
vn -0.06538 0.70559 0.70559
vn -0.18683 0.70591 0.68321
vn -0.30948 0.70524 0.63786
vn -0.43935 0.47737 0.76098
vn -0.41499 0.7062 0.57365
vn -0.50437 0.70555 0.4978
vn -0.48658 0.74135 0.46222
vn -0.60374 0.67949 0.41687
vn -0.59001 0.70643 0.39095
vn -0.65365 0.70441 0.27667
vn -0.80347 0.51856 0.29244
vn -0.6896 0.70664 0.15846
vn -0.71249 0.70168 0
vn -0.8758 0.48132 0.03599
vn -0.70111 0.70681 -0.09413
vn -0.66953 0.70168 -0.24369
vn -0.79338 0.54975 -0.26139
vn -0.62312 0.70694 -0.33461
vn -0.54581 0.70167 -0.45799
vn -0.61815 0.60866 -0.49742
vn -0.46559 0.70704 -0.53228
vn -0.35625 0.70168 -0.61704
vn -0.38277 0.65893 -0.64753
vn -0.24866 0.70709 -0.66196
vn -0.12372 0.70167 -0.70167
vn -0.12372 0.70167 -0.70167
vn 0.12372 0.70167 -0.70167
vn 0.12372 0.70167 -0.70167
vn 0.24866 0.70709 -0.66196
vn 0.10115 -0.70348 0.70348
vn 0.29524 -0.70348 0.64649
vn 0.29524 -0.70348 0.64649
vn 0.46542 -0.70348 0.53712
vn 0.46542 -0.70348 0.53712
vn 0.59789 -0.70348 0.38424
vn 0.59789 -0.70348 0.38424
vn 0.68193 -0.70348 0.20023
vn 0.68192 -0.70348 0.20023
vn 0.71071 -0.70348 -0
vn 0.68192 -0.70348 -0.20023
vn 0.68193 -0.70348 -0.20023
vn 0.59789 -0.70348 -0.38424
vn 0.59789 -0.70348 -0.38424
vn 0.46542 -0.70348 -0.53712
vn 0.46542 -0.70348 -0.53712
vn 0.29524 -0.70348 -0.64649
vn 0.29524 -0.70348 -0.64649
vn 0.10115 -0.70348 -0.70348
vn 0.10115 -0.70348 -0.70348
vn -0.10115 -0.70348 -0.70348
vn -0.10115 -0.70348 -0.70348
vn -0.29524 -0.70348 -0.64649
vn -0.29524 -0.70348 -0.64649
vn -0.46542 -0.70348 -0.53712
vn -0.46542 -0.70348 -0.53712
vn -0.59789 -0.70348 -0.38424
vn -0.59789 -0.70348 -0.38424
vn -0.68193 -0.70348 -0.20023
vn -0.68193 -0.70348 -0.20023
vn -0.71072 -0.70348 -0
vn -0.68193 -0.70348 0.20023
vn -0.68193 -0.70348 0.20023
vn -0.59789 -0.70348 0.38424
vn -0.59789 -0.70348 0.38424
vn -0.46542 -0.70348 0.53712
vn -0.46542 -0.70348 0.53712
vn -0.29524 -0.70348 0.64649
vn -0.29524 -0.70348 0.64649
vn -0.10115 -0.70348 0.70348
vn -0.10115 -0.70348 0.70348
vn 0.10115 -0.70348 0.70348
f 1//1 2//1 3//1
f 4//1 5//1 6//1
f 2//1 7//1 3//1
f 3//1 7//1 8//1
f 3//1 8//1 9//1
f 4//1 6//1 10//1
f 10//1 6//1 11//1
f 10//1 11//1 3//1
f 1//1 3//1 12//1
f 12//1 3//1 13//1
f 12//1 13//1 14//1
f 9//1 15//1 3//1
f 3//1 15//1 16//1
f 3//1 16//1 17//1
f 17//1 18//1 3//1
f 3//1 18//1 19//1
f 3//1 19//1 10//1
f 14//1 20//1 12//1
f 12//1 20//1 21//1
f 12//1 21//1 22//1
f 22//1 21//1 23//1
f 24//1 25//1 26//1
f 26//1 25//1 27//1
f 26//1 27//1 21//1
f 21//1 27//1 28//1
f 21//1 28//1 23//1
f 1//2 29//2 30//2
f 1//3 30//3 2//3
f 2//4 30//4 31//4
f 2//5 31//5 7//5
f 7//6 31//6 32//6
f 7//7 32//7 8//7
f 8//8 32//8 33//8
f 8//9 33//9 9//9
f 9//10 33//10 34//10
f 9//11 34//11 15//11
f 15//12 34//12 35//12
f 15//13 35//13 16//13
f 16//14 35//14 36//14
f 16//15 36//15 17//15
f 17//16 36//16 37//16
f 17//17 37//17 18//17
f 18//18 37//18 38//18
f 18//19 38//19 19//19
f 19//20 38//20 39//20
f 19//21 39//21 10//21
f 10//22 39//22 40//22
f 10//23 40//23 4//23
f 4//24 40//24 41//24
f 4//25 41//25 5//25
f 5//26 41//26 42//26
f 5//27 42//27 6//27
f 6//28 42//28 43//28
f 6//29 43//29 11//29
f 44//30 45//30 46//30
f 46//30 45//30 47//30
f 46//30 47//30 48//30
f 49//30 50//30 48//30
f 48//30 50//30 51//30
f 48//30 51//30 46//30
f 46//30 52//30 53//30
f 49//30 54//30 50//30
f 50//30 54//30 55//30
f 50//30 55//30 56//30
f 53//30 57//30 46//30
f 46//30 57//30 58//30
f 46//30 58//30 44//30
f 56//30 59//30 50//30
f 50//30 59//30 60//30
f 50//30 60//30 61//30
f 62//30 63//30 64//30
f 64//30 63//30 65//30
f 46//30 66//30 52//30
f 52//30 66//30 63//30
f 52//30 63//30 67//30
f 67//30 63//30 62//30
f 61//30 68//30 50//30
f 50//30 68//30 69//30
f 50//30 69//30 70//30
f 70//30 69//30 71//30
f 11//31 43//31 72//31
f 11//32 72//32 3//32
f 3//33 72//33 73//33
f 3//34 73//34 13//34
f 13//35 73//35 74//35
f 13//36 74//36 14//36
f 14//37 74//37 75//37
f 14//38 75//38 20//38
f 20//39 75//39 76//39
f 20//40 76//40 21//40
f 21//41 76//41 77//41
f 21//42 77//42 26//42
f 26//43 77//43 78//43
f 26//44 78//44 24//44
f 24//45 78//45 79//45
f 24//46 79//46 25//46
f 25//47 79//47 80//47
f 25//48 80//48 27//48
f 27//49 80//49 81//49
f 27//50 81//50 28//50
f 28//51 81//51 82//51
f 28//52 82//52 23//52
f 23//53 82//53 83//53
f 23//54 83//54 22//54
f 22//55 83//55 84//55
f 22//56 84//56 12//56
f 12//57 84//57 29//57
f 12//58 29//58 1//58
f 47//59 43//59 42//59
f 47//59 42//59 48//59
f 48//60 42//60 85//60
f 48//60 85//60 49//60
f 49//61 85//61 40//61
f 49//61 40//61 54//61
f 54//62 40//62 39//62
f 54//62 39//62 55//62
f 55//63 39//63 38//63
f 55//63 38//63 56//63
f 56//64 38//64 37//64
f 56//64 37//64 59//64
f 59//65 37//65 36//65
f 59//65 36//65 60//65
f 60//66 36//66 35//66
f 60//66 35//66 61//66
f 61//67 35//67 34//67
f 61//67 34//67 68//67
f 68//68 34//68 33//68
f 68//68 33//68 69//68
f 69//69 33//69 32//69
f 69//69 32//69 71//69
f 71//70 32//70 86//70
f 71//70 86//70 70//70
f 70//71 86//71 30//71
f 70//71 30//71 50//71
f 50//72 30//72 29//72
f 50//72 29//72 51//72
f 51//73 29//73 84//73
f 51//73 84//73 46//73
f 46//74 84//74 83//74
f 46//74 83//74 66//74
f 66//75 83//75 82//75
f 66//75 82//75 63//75
f 63//76 82//76 81//76
f 63//76 81//76 65//76
f 65//77 81//77 80//77
f 65//77 80//77 64//77
f 64//78 80//78 79//78
f 64//78 79//78 62//78
f 62//79 79//79 78//79
f 62//79 78//79 67//79
f 67//80 78//80 77//80
f 67//80 77//80 52//80
f 52//81 77//81 76//81
f 52//81 76//81 53//81
f 53//82 76//82 75//82
f 53//82 75//82 57//82
f 57//83 75//83 74//83
f 57//83 74//83 58//83
f 58//84 74//84 73//84
f 58//84 73//84 44//84
f 44//85 73//85 72//85
f 44//85 72//85 45//85
f 45//86 72//86 43//86
f 45//86 43//86 47//86
f 87//1 88//1 89//1
f 89//1 88//1 90//1
f 90//1 88//1 91//1
f 91//1 88//1 92//1
f 91//1 92//1 93//1
f 94//1 95//1 96//1
f 97//1 98//1 99//1
f 100//1 101//1 93//1
f 93//1 101//1 102//1
f 103//1 104//1 105//1
f 105//1 104//1 106//1
f 105//1 106//1 107//1
f 94//1 96//1 93//1
f 93//1 96//1 108//1
f 93//1 108//1 100//1
f 102//1 109//1 93//1
f 93//1 109//1 110//1
f 93//1 110//1 91//1
f 87//1 89//1 105//1
f 105//1 89//1 111//1
f 105//1 111//1 103//1
f 107//1 112//1 105//1
f 105//1 112//1 113//1
f 105//1 113//1 99//1
f 99//1 113//1 114//1
f 99//1 114//1 97//1
f 87//87 115//87 116//87
f 87//88 116//88 88//88
f 88//89 116//89 117//89
f 88//90 117//90 92//90
f 92//91 117//91 118//91
f 92//7 118//7 93//7
f 93//8 118//8 119//8
f 93//9 119//9 94//9
f 94//10 119//10 120//10
f 94//11 120//11 95//11
f 95//92 120//92 121//92
f 95//93 121//93 96//93
f 96//94 121//94 122//94
f 96//95 122//95 108//95
f 108//16 122//16 123//16
f 108//96 123//96 100//96
f 100//97 123//97 124//97
f 100//19 124//19 101//19
f 101//20 124//20 125//20
f 101//21 125//21 102//21
f 102//22 125//22 126//22
f 102//23 126//23 109//23
f 109//98 126//98 127//98
f 109//99 127//99 110//99
f 110//100 127//100 128//100
f 110//101 128//101 91//101
f 91//102 128//102 129//102
f 91//103 129//103 90//103
f 130//30 131//30 132//30
f 132//30 131//30 133//30
f 132//30 133//30 134//30
f 134//30 133//30 135//30
f 135//30 133//30 136//30
f 136//30 133//30 137//30
f 136//30 137//30 138//30
f 138//30 139//30 136//30
f 136//30 139//30 140//30
f 136//30 140//30 141//30
f 142//30 143//30 144//30
f 145//30 146//30 147//30
f 147//30 146//30 148//30
f 147//30 148//30 149//30
f 147//30 150//30 151//30
f 151//30 150//30 152//30
f 141//30 153//30 136//30
f 136//30 153//30 142//30
f 136//30 142//30 154//30
f 154//30 142//30 144//30
f 130//30 132//30 147//30
f 147//30 132//30 155//30
f 147//30 155//30 145//30
f 149//30 156//30 147//30
f 147//30 156//30 157//30
f 147//30 157//30 150//30
f 90//104 129//104 158//104
f 90//105 158//105 89//105
f 89//106 158//106 159//106
f 89//107 159//107 111//107
f 111//108 159//108 160//108
f 111//36 160//36 103//36
f 103//37 160//37 161//37
f 103//38 161//38 104//38
f 104//39 161//39 162//39
f 104//40 162//40 106//40
f 106//109 162//109 163//109
f 106//110 163//110 107//110
f 107//111 163//111 164//111
f 107//112 164//112 112//112
f 112//45 164//45 165//45
f 112//113 165//113 113//113
f 113//114 165//114 166//114
f 113//48 166//48 114//48
f 114//49 166//49 167//49
f 114//50 167//50 97//50
f 97//51 167//51 168//51
f 97//52 168//52 98//52
f 98//115 168//115 169//115
f 98//116 169//116 99//116
f 99//117 169//117 170//117
f 99//118 170//118 105//118
f 105//119 170//119 115//119
f 105//120 115//120 87//120
f 147//121 129//121 128//121
f 147//121 128//121 130//121
f 130//60 128//60 171//60
f 130//60 171//60 131//60
f 131//122 171//122 126//122
f 131//122 126//122 133//122
f 133//62 126//62 125//62
f 133//62 125//62 137//62
f 137//63 125//63 124//63
f 137//63 124//63 138//63
f 138//123 124//123 123//123
f 138//123 123//123 139//123
f 139//65 123//65 122//65
f 139//65 122//65 140//65
f 140//66 122//66 121//66
f 140//66 121//66 141//66
f 141//124 121//124 120//124
f 141//124 120//124 153//124
f 153//68 120//68 119//68
f 153//68 119//68 142//68
f 142//69 119//69 118//69
f 142//69 118//69 143//69
f 143//125 118//125 172//125
f 143//125 172//125 144//125
f 144//71 172//71 116//71
f 144//71 116//71 154//71
f 154//126 116//126 115//126
f 154//126 115//126 136//126
f 136//127 115//127 170//127
f 136//127 170//127 135//127
f 135//74 170//74 169//74
f 135//74 169//74 134//74
f 134//128 169//128 168//128
f 134//128 168//128 132//128
f 132//76 168//76 167//76
f 132//76 167//76 155//76
f 155//77 167//77 166//77
f 155//77 166//77 145//77
f 145//129 166//129 165//129
f 145//129 165//129 146//129
f 146//79 165//79 164//79
f 146//79 164//79 148//79
f 148//80 164//80 163//80
f 148//80 163//80 149//80
f 149//130 163//130 162//130
f 149//130 162//130 156//130
f 156//82 162//82 161//82
f 156//82 161//82 157//82
f 157//83 161//83 160//83
f 157//83 160//83 150//83
f 150//131 160//131 159//131
f 150//131 159//131 152//131
f 152//85 159//85 158//85
f 152//85 158//85 151//85
f 151//132 158//132 129//132
f 151//132 129//132 147//132
f 173//1 174//1 175//1
f 173//1 175//1 176//1
f 174//1 177//1 175//1
f 175//1 177//1 178//1
f 175//1 178//1 179//1
f 180//1 181//1 182//1
f 182//1 181//1 183//1
f 175//1 184//1 185//1
f 185//1 186//1 175//1
f 175//1 186//1 187//1
f 175//1 187//1 188//1
f 189//1 190//1 181//1
f 179//1 191//1 175//1
f 175//1 191//1 192//1
f 175//1 192//1 184//1
f 176//1 175//1 181//1
f 181//1 175//1 193//1
f 181//1 193//1 189//1
f 190//1 194//1 181//1
f 181//1 194//1 195//1
f 181//1 195//1 183//1
f 196//1 180//1 197//1
f 197//1 180//1 198//1
f 196//1 199//1 180//1
f 180//1 199//1 200//1
f 180//1 200//1 181//1
f 175//133 201//133 202//133
f 175//134 202//134 193//134
f 193//135 202//135 203//135
f 193//136 203//136 189//136
f 189//137 203//137 204//137
f 189//138 204//138 190//138
f 190//139 204//139 205//139
f 190//140 205//140 194//140
f 194//141 205//141 206//141
f 194//142 206//142 195//142
f 195//143 206//143 207//143
f 195//144 207//144 183//144
f 183//145 207//145 208//145
f 183//146 208//146 182//146
f 182//147 208//147 209//147
f 182//148 209//148 180//148
f 180//149 209//149 210//149
f 180//150 210//150 198//150
f 198//151 210//151 211//151
f 198//152 211//152 197//152
f 197//153 211//153 212//153
f 197//154 212//154 196//154
f 196//155 212//155 213//155
f 196//156 213//156 199//156
f 199//157 213//157 214//157
f 199//158 214//158 200//158
f 200//159 214//159 215//159
f 200//160 215//160 181//160
f 216//30 217//30 218//30
f 219//30 220//30 221//30
f 219//30 221//30 217//30
f 217//30 221//30 222//30
f 217//30 222//30 218//30
f 223//30 221//30 224//30
f 224//30 221//30 225//30
f 218//30 226//30 227//30
f 220//30 228//30 221//30
f 221//30 228//30 229//30
f 221//30 229//30 225//30
f 230//30 231//30 223//30
f 223//30 231//30 232//30
f 223//30 232//30 221//30
f 230//30 233//30 231//30
f 231//30 233//30 234//30
f 231//30 234//30 235//30
f 236//30 237//30 238//30
f 238//30 237//30 239//30
f 238//30 239//30 240//30
f 227//30 241//30 218//30
f 218//30 241//30 242//30
f 218//30 242//30 216//30
f 226//30 218//30 238//30
f 238//30 218//30 243//30
f 238//30 243//30 236//30
f 181//161 215//161 244//161
f 181//162 244//162 176//162
f 176//163 244//163 245//163
f 176//164 245//164 173//164
f 173//165 245//165 246//165
f 173//166 246//166 174//166
f 174//167 246//167 247//167
f 174//168 247//168 177//168
f 177//169 247//169 248//169
f 177//170 248//170 178//170
f 178//171 248//171 249//171
f 178//172 249//172 179//172
f 179//173 249//173 250//173
f 179//174 250//174 191//174
f 191//175 250//175 251//175
f 191//176 251//176 192//176
f 192//177 251//177 252//177
f 192//178 252//178 184//178
f 184//179 252//179 253//179
f 184//180 253//180 185//180
f 185//181 253//181 254//181
f 185//182 254//182 186//182
f 186//183 254//183 255//183
f 186//184 255//184 187//184
f 187//185 255//185 256//185
f 187//186 256//186 188//186
f 188//187 256//187 201//187
f 188//188 201//188 175//188
f 238//189 215//189 214//189
f 238//189 214//189 226//189
f 226//190 214//190 213//190
f 226//190 213//190 227//190
f 227//191 213//191 212//191
f 227//191 212//191 241//191
f 241//192 212//192 211//192
f 241//192 211//192 242//192
f 242//193 211//193 210//193
f 242//193 210//193 216//193
f 216//194 210//194 209//194
f 216//194 209//194 217//194
f 217//195 209//195 208//195
f 217//196 208//196 219//196
f 219//197 208//197 207//197
f 219//198 207//198 220//198
f 220//199 207//199 206//199
f 220//199 206//199 228//199
f 228//200 206//200 205//200
f 228//200 205//200 229//200
f 229//201 205//201 257//201
f 229//201 257//201 225//201
f 225//202 257//202 203//202
f 225//202 203//202 224//202
f 224//203 203//203 202//203
f 224//203 202//203 223//203
f 223//204 202//204 201//204
f 223//204 201//204 230//204
f 230//205 201//205 256//205
f 230//205 256//205 233//205
f 233//206 256//206 255//206
f 233//206 255//206 234//206
f 234//207 255//207 254//207
f 234//207 254//207 235//207
f 235//208 254//208 253//208
f 235//208 253//208 231//208
f 231//209 253//209 252//209
f 231//209 252//209 232//209
f 232//210 252//210 251//210
f 232//210 251//210 221//210
f 221//211 251//211 250//211
f 221//212 250//212 222//212
f 222//213 250//213 249//213
f 222//214 249//214 218//214
f 218//215 249//215 248//215
f 218//215 248//215 243//215
f 243//216 248//216 247//216
f 243//216 247//216 236//216
f 236//217 247//217 246//217
f 236//217 246//217 237//217
f 237//218 246//218 245//218
f 237//218 245//218 239//218
f 239//219 245//219 244//219
f 239//219 244//219 240//219
f 240//220 244//220 215//220
f 240//220 215//220 238//220
f 258//221 259//221 260//221
f 260//222 259//222 261//222
f 260//223 261//223 262//223
f 262//223 261//223 263//223
f 262//224 263//224 264//224
f 264//224 263//224 265//224
f 264//225 265//225 266//225
f 266//225 265//225 267//225
f 266//226 267//226 268//226
f 268//226 267//226 269//226
f 268//227 269//227 270//227
f 270//227 269//227 271//227
f 270//228 271//228 272//228
f 272//228 271//228 273//228
f 272//229 273//229 274//229
f 274//229 273//229 275//229
f 274//230 275//230 276//230
f 276//230 275//230 277//230
f 276//231 277//231 278//231
f 279//232 280//232 281//232
f 281//233 280//233 282//233
f 281//223 282//223 283//223
f 283//223 282//223 284//223
f 283//224 284//224 285//224
f 285//224 284//224 286//224
f 285//225 286//225 287//225
f 287//225 286//225 288//225
f 287//226 288//226 289//226
f 289//226 288//226 290//226
f 289//227 290//227 291//227
f 291//227 290//227 292//227
f 291//228 292//228 293//228
f 293//228 292//228 294//228
f 293//229 294//229 295//229
f 295//229 294//229 296//229
f 295//230 296//230 297//230
f 297//230 296//230 298//230
f 297//234 298//234 299//234
f 299//235 298//235 300//235
f 299//236 300//236 301//236
f 279//237 259//237 280//237
f 280//237 259//237 258//237
f 280//238 258//238 302//238
f 302//238 258//238 303//238
f 302//239 303//239 300//239
f 300//239 303//239 278//239
f 300//236 278//236 301//236
f 301//240 278//240 277//240
f 259//241 279//241 304//241
f 304//241 279//241 305//241
f 304//242 305//242 301//242
f 301//242 305//242 299//242
f 273//30 271//30 269//30
f 269//30 267//30 265//30
f 259//30 304//30 261//30
f 261//30 304//30 269//30
f 261//30 269//30 263//30
f 263//30 269//30 265//30
f 275//30 273//30 277//30
f 277//30 273//30 269//30
f 277//30 269//30 301//30
f 301//30 269//30 304//30
f 297//1 299//1 305//1
f 293//1 295//1 297//1
f 289//1 305//1 279//1
f 305//1 289//1 297//1
f 297//1 289//1 291//1
f 297//1 291//1 293//1
f 285//1 287//1 283//1
f 283//1 287//1 289//1
f 283//1 289//1 281//1
f 281//1 289//1 279//1
f 306//243 307//243 308//243
f 308//243 307//243 309//243
f 308//244 309//244 310//244
f 310//244 309//244 311//244
f 310//245 311//245 312//245
f 312//245 311//245 313//245
f 312//246 313//246 314//246
f 314//246 313//246 315//246
f 314//247 315//247 316//247
f 316//247 315//247 317//247
f 316//248 317//248 318//248
f 318//248 317//248 319//248
f 320//1 258//1 321//1
f 321//1 258//1 260//1
f 321//1 260//1 318//1
f 318//1 260//1 262//1
f 318//1 262//1 316//1
f 316//1 262//1 264//1
f 316//1 264//1 314//1
f 314//1 264//1 266//1
f 314//1 266//1 312//1
f 312//1 266//1 268//1
f 312//1 268//1 310//1
f 310//1 268//1 270//1
f 310//1 270//1 308//1
f 308//1 270//1 272//1
f 308//1 272//1 306//1
f 306//1 272//1 274//1
f 306//1 274//1 322//1
f 322//1 274//1 276//1
f 322//1 276//1 323//1
f 323//1 276//1 278//1
f 323//1 278//1 324//1
f 324//1 278//1 303//1
f 324//1 303//1 320//1
f 320//1 303//1 258//1
f 318//249 319//249 321//249
f 321//249 319//249 325//249
f 321//250 325//250 320//250
f 320//250 325//250 326//250
f 320//251 326//251 324//251
f 324//251 326//251 327//251
f 324//252 327//252 323//252
f 323//252 327//252 328//252
f 323//253 328//253 322//253
f 322//253 328//253 329//253
f 322//254 329//254 306//254
f 306//254 329//254 307//254
f 319//255 330//255 325//255
f 325//256 330//256 331//256
f 325//257 331//257 326//257
f 326//258 331//258 332//258
f 326//259 332//259 327//259
f 327//260 332//260 333//260
f 327//261 333//261 328//261
f 328//262 333//262 334//262
f 328//263 334//263 329//263
f 329//264 334//264 335//264
f 329//265 335//265 307//265
f 307//266 335//266 336//266
f 307//267 336//267 309//267
f 309//268 336//268 337//268
f 309//269 337//269 311//269
f 311//270 337//270 338//270
f 311//271 338//271 313//271
f 313//272 338//272 339//272
f 313//273 339//273 315//273
f 315//274 339//274 340//274
f 315//275 340//275 317//275
f 317//276 340//276 341//276
f 317//277 341//277 319//277
f 319//278 341//278 330//278
f 342//30 286//30 343//30
f 343//30 286//30 284//30
f 343//30 284//30 344//30
f 344//30 284//30 282//30
f 344//30 282//30 345//30
f 345//30 282//30 280//30
f 345//30 280//30 346//30
f 346//30 280//30 302//30
f 346//30 302//30 347//30
f 347//30 302//30 300//30
f 347//30 300//30 348//30
f 348//30 300//30 298//30
f 348//30 298//30 349//30
f 349//30 298//30 296//30
f 349//30 296//30 350//30
f 350//30 296//30 294//30
f 350//30 294//30 351//30
f 351//30 294//30 292//30
f 351//30 292//30 352//30
f 352//30 292//30 290//30
f 352//30 290//30 353//30
f 353//30 290//30 288//30
f 353//30 288//30 342//30
f 342//30 288//30 286//30
f 354//30 355//30 356//30
f 357//30 358//30 359//30
f 360//30 361//30 357//30
f 362//30 363//30 354//30
f 356//30 364//30 360//30
f 360//30 357//30 356//30
f 356//30 357//30 359//30
f 356//30 359//30 354//30
f 354//30 359//30 365//30
f 354//30 365//30 362//30
f 355//279 352//279 356//279
f 356//279 352//279 353//279
f 356//280 353//280 364//280
f 364//280 353//280 342//280
f 364//281 342//281 360//281
f 360//281 342//281 343//281
f 360//282 343//282 361//282
f 361//282 343//282 344//282
f 361//283 344//283 357//283
f 357//283 344//283 345//283
f 357//284 345//284 358//284
f 358//284 345//284 346//284
f 358//285 346//285 359//285
f 359//285 346//285 347//285
f 359//286 347//286 365//286
f 365//286 347//286 348//286
f 365//287 348//287 362//287
f 362//287 348//287 349//287
f 362//288 349//288 363//288
f 363//288 349//288 350//288
f 363//289 350//289 354//289
f 354//289 350//289 351//289
f 354//290 351//290 355//290
f 355//290 351//290 352//290
f 366//30 367//30 368//30
f 368//30 367//30 369//30
f 368//30 369//30 370//30
f 370//30 369//30 371//30
f 370//30 371//30 372//30
f 372//30 371//30 373//30
f 372//30 373//30 374//30
f 374//30 373//30 375//30
f 374//30 375//30 376//30
f 376//30 375//30 377//30
f 376//30 377//30 378//30
f 378//30 377//30 379//30
f 378//30 379//30 380//30
f 380//30 379//30 381//30
f 380//30 381//30 382//30
f 382//30 381//30 383//30
f 382//30 383//30 384//30
f 384//30 383//30 385//30
f 384//30 385//30 386//30
f 386//30 385//30 387//30
f 386//30 387//30 388//30
f 388//30 387//30 389//30
f 388//30 389//30 366//30
f 366//30 389//30 367//30
f 338//291 382//291 339//291
f 339//292 382//292 384//292
f 339//293 384//293 340//293
f 340//294 384//294 386//294
f 340//295 386//295 341//295
f 341//296 386//296 388//296
f 341//297 388//297 330//297
f 330//298 388//298 366//298
f 330//299 366//299 331//299
f 331//300 366//300 368//300
f 331//301 368//301 332//301
f 332//302 368//302 370//302
f 332//303 370//303 333//303
f 333//304 370//304 372//304
f 333//305 372//305 334//305
f 334//306 372//306 374//306
f 334//307 374//307 335//307
f 335//308 374//308 376//308
f 335//309 376//309 336//309
f 336//310 376//310 378//310
f 336//311 378//311 337//311
f 337//312 378//312 380//312
f 337//313 380//313 338//313
f 338//314 380//314 382//314
f 390//1 391//1 392//1
f 392//1 391//1 393//1
f 392//1 393//1 394//1
f 395//1 396//1 397//1
f 397//1 396//1 394//1
f 397//1 394//1 398//1
f 398//1 394//1 393//1
f 399//1 400//1 401//1
f 401//1 400//1 402//1
f 401//1 402//1 390//1
f 390//1 402//1 403//1
f 390//1 403//1 391//1
f 404//1 405//1 406//1
f 407//1 408//1 409//1
f 409//1 408//1 404//1
f 409//1 404//1 410//1
f 410//1 404//1 406//1
f 411//1 412//1 413//1
f 413//1 412//1 414//1
f 404//1 415//1 405//1
f 405//1 415//1 413//1
f 405//1 413//1 416//1
f 416//1 413//1 414//1
f 416//1 414//1 417//1
f 418//1 419//1 420//1
f 421//1 422//1 418//1
f 423//1 424//1 425//1
f 420//1 426//1 427//1
f 427//1 426//1 423//1
f 427//1 423//1 428//1
f 428//1 423//1 425//1
f 427//1 429//1 420//1
f 420//1 429//1 430//1
f 420//1 430//1 418//1
f 418//1 430//1 431//1
f 418//1 431//1 421//1
f 432//1 433//1 434//1
f 435//1 436//1 437//1
f 433//1 438//1 434//1
f 434//1 438//1 439//1
f 434//1 439//1 440//1
f 434//1 441//1 432//1
f 432//1 441//1 435//1
f 432//1 435//1 442//1
f 442//1 435//1 437//1
f 440//1 443//1 434//1
f 434//1 443//1 444//1
f 434//1 444//1 445//1
f 446//1 447//1 448//1
f 448//1 447//1 449//1
f 450//1 451//1 452//1
f 452//1 453//1 450//1
f 450//1 453//1 454//1
f 450//1 454//1 455//1
f 455//1 454//1 456//1
f 455//1 456//1 457//1
f 457//1 456//1 458//1
f 457//1 458//1 449//1
f 449//1 458//1 459//1
f 449//1 459//1 448//1
f 460//1 461//1 462//1
f 462//1 461//1 463//1
f 462//1 463//1 464//1
f 465//1 466//1 467//1
f 467//1 466//1 464//1
f 467//1 464//1 468//1
f 468//1 464//1 463//1
f 469//1 470//1 471//1
f 471//1 470//1 472//1
f 471//1 472//1 460//1
f 460//1 472//1 473//1
f 460//1 473//1 461//1
f 391//315 474//315 393//315
f 393//315 474//315 475//315
f 393//316 475//316 398//316
f 398//316 475//316 476//316
f 398//317 476//317 397//317
f 397//317 476//317 477//317
f 397//318 477//318 395//318
f 395//318 477//318 478//318
f 395//319 478//319 396//319
f 396//319 478//319 479//319
f 396//320 479//320 394//320
f 394//320 479//320 480//320
f 394//321 480//321 392//321
f 392//321 480//321 481//321
f 392//322 481//322 390//322
f 390//322 481//322 482//322
f 390//323 482//323 401//323
f 401//323 482//323 483//323
f 401//324 483//324 399//324
f 399//324 483//324 484//324
f 399//325 484//325 400//325
f 400//325 484//325 485//325
f 400//326 485//326 402//326
f 402//326 485//326 486//326
f 402//327 486//327 403//327
f 403//327 486//327 487//327
f 403//328 487//328 391//328
f 391//328 487//328 474//328
f 405//329 488//329 406//329
f 406//329 488//329 489//329
f 406//330 489//330 410//330
f 410//330 489//330 490//330
f 410//331 490//331 409//331
f 409//331 490//331 491//331
f 409//318 491//318 407//318
f 407//318 491//318 492//318
f 407//332 492//332 408//332
f 408//332 492//332 493//332
f 408//333 493//333 404//333
f 404//333 493//333 494//333
f 404//334 494//334 415//334
f 415//334 494//334 495//334
f 415//335 495//335 413//335
f 413//335 495//335 496//335
f 413//336 496//336 411//336
f 411//336 496//336 497//336
f 411//337 497//337 412//337
f 412//337 497//337 498//337
f 412//325 498//325 414//325
f 414//325 498//325 499//325
f 414//338 499//338 417//338
f 417//338 499//338 500//338
f 417//339 500//339 416//339
f 416//339 500//339 501//339
f 416//340 501//340 405//340
f 405//340 501//340 488//340
f 430//341 429//341 502//341
f 502//342 503//342 430//342
f 430//343 503//343 504//343
f 430//344 504//344 431//344
f 504//345 505//345 431//345
f 431//346 505//346 506//346
f 431//347 506//347 421//347
f 506//348 507//348 421//348
f 421//349 507//349 508//349
f 421//350 508//350 422//350
f 508//351 509//351 422//351
f 422//352 509//352 510//352
f 422//353 510//353 418//353
f 510//354 511//354 418//354
f 418//355 511//355 512//355
f 418//356 512//356 419//356
f 419//357 512//357 513//357
f 419//358 513//358 420//358
f 420//359 513//359 514//359
f 420//360 514//360 426//360
f 426//361 514//361 515//361
f 426//362 515//362 423//362
f 423//363 515//363 516//363
f 423//364 516//364 424//364
f 516//365 517//365 424//365
f 424//366 517//366 518//366
f 424//367 518//367 425//367
f 518//368 519//368 425//368
f 425//369 519//369 520//369
f 425//370 520//370 428//370
f 502//371 429//371 521//371
f 521//372 429//372 427//372
f 521//373 427//373 522//373
f 522//374 427//374 428//374
f 522//375 428//375 523//375
f 523//376 428//376 520//376
f 438//341 433//341 524//341
f 524//377 525//377 438//377
f 438//378 525//378 526//378
f 438//379 526//379 439//379
f 526//345 527//345 439//345
f 439//346 527//346 528//346
f 439//347 528//347 440//347
f 528//348 529//348 440//348
f 440//380 529//380 530//380
f 440//381 530//381 443//381
f 530//382 531//382 443//382
f 443//383 531//383 532//383
f 443//384 532//384 444//384
f 532//354 533//354 444//354
f 444//385 533//385 534//385
f 444//386 534//386 445//386
f 445//387 534//387 535//387
f 445//358 535//358 434//358
f 434//359 535//359 536//359
f 434//360 536//360 441//360
f 441//361 536//361 537//361
f 441//362 537//362 435//362
f 435//363 537//363 538//363
f 435//388 538//388 436//388
f 538//389 539//389 436//389
f 436//390 539//390 540//390
f 436//391 540//391 437//391
f 540//368 541//368 437//368
f 437//392 541//392 542//392
f 437//393 542//393 442//393
f 524//371 433//371 543//371
f 543//394 433//394 432//394
f 543//395 432//395 544//395
f 544//396 432//396 442//396
f 544//397 442//397 545//397
f 545//376 442//376 542//376
f 456//315 546//315 458//315
f 458//315 546//315 547//315
f 458//316 547//316 459//316
f 459//316 547//316 548//316
f 459//317 548//317 448//317
f 448//317 548//317 549//317
f 448//318 549//318 446//318
f 446//318 549//318 550//318
f 446//319 550//319 447//319
f 447//319 550//319 551//319
f 447//320 551//320 449//320
f 449//320 551//320 552//320
f 449//321 552//321 457//321
f 457//321 552//321 553//321
f 457//322 553//322 455//322
f 455//322 553//322 554//322
f 455//323 554//323 450//323
f 450//323 554//323 555//323
f 450//324 555//324 451//324
f 451//324 555//324 556//324
f 451//325 556//325 452//325
f 452//325 556//325 557//325
f 452//326 557//326 453//326
f 453//326 557//326 558//326
f 453//327 558//327 454//327
f 454//327 558//327 559//327
f 454//328 559//328 456//328
f 456//328 559//328 546//328
f 462//329 560//329 460//329
f 460//329 560//329 561//329
f 460//398 561//398 471//398
f 471//398 561//398 562//398
f 471//399 562//399 469//399
f 469//399 562//399 563//399
f 469//318 563//318 470//318
f 470//318 563//318 564//318
f 470//400 564//400 472//400
f 472//400 564//400 565//400
f 472//401 565//401 473//401
f 473//401 565//401 566//401
f 473//334 566//334 461//334
f 461//334 566//334 567//334
f 461//335 567//335 463//335
f 463//335 567//335 568//335
f 463//402 568//402 468//402
f 468//402 568//402 569//402
f 468//403 569//403 467//403
f 467//403 569//403 570//403
f 467//325 570//325 465//325
f 465//325 570//325 571//325
f 465//404 571//404 466//404
f 466//404 571//404 572//404
f 466//405 572//405 464//405
f 464//405 572//405 573//405
f 464//340 573//340 462//340
f 462//340 573//340 560//340
f 574//1 575//1 576//1
f 577//1 578//1 579//1
f 580//1 581//1 582//1
f 582//1 581//1 583//1
f 582//1 583//1 579//1
f 579//1 583//1 574//1
f 574//1 576//1 579//1
f 579//1 576//1 584//1
f 579//1 584//1 577//1
f 578//1 585//1 579//1
f 579//1 585//1 586//1
f 579//1 586//1 587//1
f 588//406 474//406 589//406
f 590//407 481//407 591//407
f 591//408 481//408 592//408
f 591//409 592//409 593//409
f 593//410 592//410 479//410
f 594//411 595//411 479//411
f 479//412 595//412 596//412
f 479//413 596//413 593//413
f 597//414 598//414 594//414
f 594//415 598//415 599//415
f 594//416 599//416 595//416
f 476//417 600//417 597//417
f 597//418 600//418 601//418
f 597//419 601//419 598//419
f 589//420 602//420 588//420
f 588//421 602//421 603//421
f 588//422 603//422 476//422
f 476//423 603//423 604//423
f 476//424 604//424 600//424
f 482//425 481//425 590//425
f 589//426 474//426 605//426
f 605//427 474//427 487//427
f 605//428 487//428 606//428
f 606//429 487//429 486//429
f 607//430 608//430 486//430
f 486//431 608//431 609//431
f 486//432 609//432 606//432
f 610//433 611//433 607//433
f 607//434 611//434 612//434
f 607//435 612//435 608//435
f 483//436 613//436 610//436
f 610//437 613//437 614//437
f 610//438 614//438 611//438
f 590//439 615//439 482//439
f 482//440 615//440 616//440
f 482//441 616//441 483//441
f 483//442 616//442 617//442
f 483//443 617//443 613//443
f 489//444 488//444 618//444
f 619//445 495//445 620//445
f 620//446 495//446 494//446
f 620//447 494//447 621//447
f 621//448 494//448 493//448
f 492//449 622//449 493//449
f 493//450 622//450 623//450
f 493//451 623//451 621//451
f 491//452 624//452 492//452
f 492//453 624//453 625//453
f 492//454 625//454 622//454
f 490//455 626//455 491//455
f 491//456 626//456 627//456
f 491//457 627//457 624//457
f 618//458 628//458 489//458
f 489//459 628//459 629//459
f 489//460 629//460 490//460
f 490//461 629//461 630//461
f 490//462 630//462 626//462
f 496//463 495//463 619//463
f 618//464 488//464 631//464
f 631//465 488//465 501//465
f 631//466 501//466 632//466
f 632//467 501//467 500//467
f 499//468 633//468 500//468
f 500//469 633//469 634//469
f 500//470 634//470 632//470
f 498//471 635//471 499//471
f 499//472 635//472 636//472
f 499//473 636//473 633//473
f 497//474 637//474 498//474
f 498//475 637//475 638//475
f 498//476 638//476 635//476
f 619//477 639//477 496//477
f 496//478 639//478 640//478
f 496//479 640//479 497//479
f 497//480 640//480 641//480
f 497//481 641//481 637//481
f 518//482 642//482 519//482
f 519//483 642//483 643//483
f 519//484 643//484 520//484
f 520//485 643//485 644//485
f 520//486 644//486 523//486
f 523//487 644//487 645//487
f 523//488 645//488 522//488
f 522//489 645//489 646//489
f 522//490 646//490 521//490
f 521//491 646//491 647//491
f 521//492 647//492 502//492
f 502//493 647//493 648//493
f 649//494 502//494 648//494
f 650//495 651//495 508//495
f 508//496 507//496 650//496
f 650//497 507//497 506//497
f 650//498 506//498 652//498
f 652//499 506//499 505//499
f 652//500 505//500 653//500
f 653//501 505//501 654//501
f 653//502 654//502 655//502
f 655//503 654//503 649//503
f 655//504 649//504 656//504
f 656//505 649//505 648//505
f 642//506 518//506 517//506
f 642//507 517//507 657//507
f 517//508 516//508 657//508
f 657//509 516//509 515//509
f 657//510 515//510 658//510
f 658//511 515//511 514//511
f 658//512 514//512 659//512
f 659//513 514//513 513//513
f 659//514 513//514 660//514
f 660//515 513//515 512//515
f 660//516 512//516 661//516
f 512//517 511//517 661//517
f 661//518 511//518 510//518
f 661//519 510//519 651//519
f 651//520 510//520 509//520
f 651//521 509//521 508//521
f 540//482 662//482 541//482
f 541//522 662//522 663//522
f 541//523 663//523 542//523
f 542//524 663//524 664//524
f 542//525 664//525 545//525
f 545//526 664//526 665//526
f 545//527 665//527 544//527
f 544//528 665//528 666//528
f 544//529 666//529 543//529
f 543//530 666//530 667//530
f 543//492 667//492 524//492
f 524//493 667//493 668//493
f 525//494 524//494 668//494
f 669//531 670//531 530//531
f 530//532 529//532 669//532
f 669//497 529//497 528//497
f 669//533 528//533 671//533
f 671//534 528//534 527//534
f 671//535 527//535 672//535
f 672//536 527//536 526//536
f 672//537 526//537 673//537
f 673//538 526//538 525//538
f 673//539 525//539 674//539
f 674//505 525//505 668//505
f 662//540 540//540 539//540
f 662//541 539//541 675//541
f 539//542 538//542 675//542
f 675//509 538//509 537//509
f 675//543 537//543 676//543
f 676//544 537//544 536//544
f 676//545 536//545 677//545
f 677//513 536//513 535//513
f 677//546 535//546 678//546
f 678//547 535//547 534//547
f 678//548 534//548 679//548
f 534//517 533//517 679//517
f 679//518 533//518 532//518
f 679//519 532//519 670//519
f 670//549 532//549 531//549
f 670//550 531//550 530//550
f 680//406 546//406 681//406
f 682//551 553//551 683//551
f 683//552 553//552 684//552
f 683//553 684//553 685//553
f 685//554 684//554 551//554
f 686//411 687//411 551//411
f 551//412 687//412 688//412
f 551//555 688//555 685//555
f 689//414 690//414 686//414
f 686//415 690//415 691//415
f 686//416 691//416 687//416
f 548//417 692//417 689//417
f 689//418 692//418 693//418
f 689//419 693//419 690//419
f 681//420 694//420 680//420
f 680//556 694//556 695//556
f 680//557 695//557 548//557
f 548//558 695//558 696//558
f 548//424 696//424 692//424
f 554//425 553//425 682//425
f 681//559 546//559 697//559
f 697//560 546//560 559//560
f 697//561 559//561 698//561
f 698//562 559//562 558//562
f 699//430 700//430 558//430
f 558//431 700//431 701//431
f 558//563 701//563 698//563
f 702//433 703//433 699//433
f 699//434 703//434 704//434
f 699//435 704//435 700//435
f 555//436 705//436 702//436
f 702//437 705//437 706//437
f 702//438 706//438 703//438
f 682//564 707//564 554//564
f 554//565 707//565 708//565
f 554//566 708//566 555//566
f 555//567 708//567 709//567
f 555//443 709//443 705//443
f 561//444 560//444 710//444
f 711//568 567//568 712//568
f 712//569 567//569 566//569
f 712//570 566//570 713//570
f 713//571 566//571 714//571
f 564//449 715//449 714//449
f 714//572 715//572 716//572
f 714//573 716//573 713//573
f 563//452 717//452 564//452
f 564//574 717//574 718//574
f 564//575 718//575 715//575
f 719//576 720//576 563//576
f 563//577 720//577 721//577
f 563//578 721//578 717//578
f 710//458 722//458 561//458
f 561//459 722//459 723//459
f 561//579 723//579 719//579
f 719//580 723//580 724//580
f 719//581 724//581 720//581
f 568//463 567//463 711//463
f 710//464 560//464 725//464
f 725//465 560//465 573//465
f 725//466 573//466 726//466
f 726//467 573//467 727//467
f 571//582 728//582 727//582
f 727//583 728//583 729//583
f 727//470 729//470 726//470
f 570//471 730//471 571//471
f 571//584 730//584 731//584
f 571//585 731//585 728//585
f 732//586 733//586 570//586
f 570//587 733//587 734//587
f 570//588 734//588 730//588
f 711//477 735//477 568//477
f 568//478 735//478 736//478
f 568//479 736//479 732//479
f 732//480 736//480 737//480
f 732//589 737//589 733//589
f 738//1 739//1 740//1
f 740//1 739//1 741//1
f 740//1 741//1 742//1
f 742//1 743//1 740//1
f 740//1 743//1 744//1
f 740//1 744//1 745//1
f 746//1 747//1 748//1
f 748//1 747//1 739//1
f 748//1 739//1 749//1
f 749//1 739//1 738//1
f 750//1 751//1 752//1
f 753//1 754//1 752//1
f 755//1 756//1 753//1
f 752//1 751//1 753//1
f 753//1 751//1 757//1
f 753//1 757//1 755//1
f 758//1 759//1 760//1
f 760//1 759//1 750//1
f 760//1 750//1 761//1
f 761//1 750//1 752//1
f 762//1 763//1 764//1
f 765//1 766//1 762//1
f 764//1 767//1 768//1
f 768//1 767//1 769//1
f 769//1 770//1 768//1
f 768//1 770//1 771//1
f 768//1 771//1 772//1
f 764//1 768//1 762//1
f 762//1 768//1 773//1
f 762//1 773//1 765//1
f 774//1 775//1 776//1
f 777//1 778//1 779//1
f 780//1 777//1 781//1
f 781//1 777//1 779//1
f 781//1 779//1 782//1
f 782//1 779//1 776//1
f 783//1 774//1 784//1
f 784//1 774//1 776//1
f 784//1 776//1 785//1
f 785//1 776//1 779//1
f 786//1 787//1 788//1
f 788//1 787//1 789//1
f 790//1 791//1 792//1
f 792//1 791//1 788//1
f 792//1 788//1 793//1
f 793//1 788//1 789//1
f 794//1 795//1 796//1
f 796//1 795//1 786//1
f 796//1 786//1 797//1
f 797//1 786//1 788//1
f 798//1 799//1 800//1
f 798//1 800//1 801//1
f 801//1 800//1 802//1
f 801//1 802//1 803//1
f 799//1 804//1 800//1
f 800//1 804//1 805//1
f 800//1 805//1 806//1
f 803//1 807//1 801//1
f 801//1 807//1 808//1
f 801//1 808//1 809//1
f 810//590 811//590 812//590
f 810//591 812//591 813//591
f 813//592 812//592 814//592
f 813//592 814//592 815//592
f 815//593 814//593 816//593
f 815//593 816//593 817//593
f 817//594 816//594 818//594
f 817//594 818//594 819//594
f 819//595 818//595 820//595
f 819//595 820//595 821//595
f 821//596 820//596 822//596
f 821//596 822//596 823//596
f 823//597 822//597 824//597
f 823//597 824//597 825//597
f 825//598 824//598 826//598
f 825//598 826//598 827//598
f 827//67 826//67 828//67
f 827//67 828//67 829//67
f 829//599 828//599 830//599
f 829//599 830//599 831//599
f 831//600 830//600 832//600
f 831//600 832//600 833//600
f 833//601 832//601 834//601
f 833//601 834//601 835//601
f 835//602 834//602 836//602
f 835//602 836//602 837//602
f 837//603 836//603 838//603
f 837//603 838//603 839//603
f 839//604 838//604 840//604
f 839//605 840//605 841//605
f 841//606 840//606 842//606
f 841//606 842//606 843//606
f 843//607 842//607 844//607
f 843//607 844//607 845//607
f 845//76 844//76 846//76
f 845//76 846//76 847//76
f 847//608 846//608 848//608
f 847//608 848//608 849//608
f 849//609 848//609 850//609
f 849//609 850//609 851//609
f 851//610 850//610 852//610
f 851//610 852//610 853//610
f 853//611 852//611 854//611
f 853//611 854//611 855//611
f 855//130 854//130 856//130
f 855//130 856//130 857//130
f 857//612 856//612 858//612
f 857//612 858//612 859//612
f 859//83 858//83 860//83
f 859//83 860//83 861//83
f 861//613 860//613 862//613
f 861//613 862//613 863//613
f 863//614 862//614 864//614
f 863//614 864//614 865//614
f 865//615 864//615 811//615
f 865//615 811//615 810//615
f 866//616 867//616 586//616
f 586//617 867//617 587//617
f 867//618 868//618 587//618
f 587//619 868//619 869//619
f 587//620 869//620 579//620
f 869//621 870//621 579//621
f 579//622 870//622 871//622
f 579//623 871//623 582//623
f 871//624 872//624 582//624
f 582//625 872//625 873//625
f 582//626 873//626 580//626
f 873//627 874//627 580//627
f 580//628 874//628 875//628
f 580//629 875//629 581//629
f 875//630 876//630 581//630
f 581//631 876//631 877//631
f 581//632 877//632 583//632
f 878//633 574//633 879//633
f 879//634 574//634 583//634
f 879//635 583//635 880//635
f 880//636 583//636 877//636
f 878//637 881//637 574//637
f 574//638 881//638 575//638
f 881//639 882//639 575//639
f 575//640 882//640 883//640
f 575//641 883//641 576//641
f 883//642 884//642 576//642
f 576//643 884//643 885//643
f 576//644 885//644 584//644
f 885//645 886//645 584//645
f 584//646 886//646 887//646
f 584//647 887//647 577//647
f 887//648 888//648 577//648
f 577//649 888//649 889//649
f 577//650 889//650 578//650
f 889//651 890//651 578//651
f 578//652 890//652 891//652
f 578//653 891//653 585//653
f 866//654 586//654 892//654
f 892//655 586//655 585//655
f 892//656 585//656 893//656
f 893//657 585//657 891//657
f 894//658 838//658 836//658
f 894//659 836//659 895//659
f 895//660 836//660 834//660
f 895//661 834//661 896//661
f 896//662 834//662 832//662
f 896//663 832//663 897//663
f 897//664 832//664 830//664
f 897//664 830//664 898//664
f 898//665 830//665 828//665
f 898//666 828//666 899//666
f 899//667 828//667 826//667
f 899//668 826//668 900//668
f 900//669 826//669 824//669
f 900//670 824//670 901//670
f 901//671 824//671 822//671
f 901//672 822//672 902//672
f 902//673 822//673 903//673
f 903//674 822//674 820//674
f 903//675 820//675 904//675
f 904//676 820//676 818//676
f 904//677 818//677 905//677
f 905//678 818//678 816//678
f 905//678 816//678 906//678
f 906//679 816//679 814//679
f 906//680 814//680 907//680
f 907//681 814//681 812//681
f 907//682 812//682 908//682
f 908//683 812//683 811//683
f 908//684 811//684 909//684
f 909//685 811//685 864//685
f 910//686 911//686 864//686
f 864//687 911//687 912//687
f 864//688 912//688 909//688
f 844//689 913//689 846//689
f 846//690 913//690 914//690
f 846//691 914//691 848//691
f 848//692 914//692 915//692
f 848//693 915//693 850//693
f 850//694 915//694 916//694
f 850//695 916//695 852//695
f 852//696 916//696 917//696
f 852//697 917//697 854//697
f 854//698 917//698 918//698
f 854//699 918//699 856//699
f 856//700 918//700 919//700
f 856//701 919//701 858//701
f 858//702 919//702 920//702
f 858//702 920//702 860//702
f 860//703 920//703 910//703
f 860//704 910//704 862//704
f 862//705 910//705 864//705
f 921//706 922//706 844//706
f 844//707 922//707 923//707
f 844//689 923//689 913//689
f 844//708 842//708 921//708
f 921//709 842//709 840//709
f 921//710 840//710 924//710
f 924//711 840//711 838//711
f 924//712 838//712 894//712
f 925//713 926//713 927//713
f 927//713 926//713 928//713
f 927//714 928//714 929//714
f 929//714 928//714 930//714
f 930//715 931//715 929//715
f 929//715 931//715 932//715
f 932//716 931//716 933//716
f 933//716 931//716 934//716
f 933//717 934//717 935//717
f 935//717 934//717 936//717
f 935//718 936//718 937//718
f 937//718 936//718 938//718
f 939//719 940//719 941//719
f 941//719 940//719 942//719
f 941//719 942//719 943//719
f 940//720 939//720 944//720
f 944//720 939//720 945//720
f 944//721 945//721 946//721
f 946//721 945//721 947//721
f 946//722 947//722 948//722
f 946//722 948//722 949//722
f 949//723 948//723 950//723
f 949//723 950//723 951//723
f 952//724 953//724 954//724
f 954//724 953//724 955//724
f 954//725 955//725 956//725
f 956//725 955//725 957//725
f 956//726 957//726 958//726
f 958//726 957//726 959//726
f 958//727 959//727 960//727
f 960//727 959//727 961//727
f 960//728 961//728 962//728
f 960//728 962//728 963//728
f 963//729 962//729 926//729
f 963//729 926//729 925//729
f 964//730 965//730 966//730
f 966//730 965//730 967//730
f 967//731 965//731 968//731
f 968//731 965//731 969//731
f 968//732 969//732 970//732
f 970//732 969//732 971//732
f 970//733 971//733 972//733
f 970//733 972//733 973//733
f 973//734 972//734 974//734
f 973//734 974//734 975//734
f 975//735 974//735 976//735
f 976//735 974//735 977//735
f 976//736 977//736 978//736
f 978//736 977//736 979//736
f 980//737 981//737 982//737
f 980//737 982//737 983//737
f 983//738 982//738 984//738
f 983//738 984//738 985//738
f 986//739 985//739 984//739
f 987//740 988//740 989//740
f 989//741 988//741 986//741
f 989//742 986//742 990//742
f 990//739 986//739 984//739
f 987//743 991//743 988//743
f 988//743 991//743 992//743
f 993//744 994//744 995//744
f 995//744 994//744 996//744
f 995//745 996//745 997//745
f 997//745 996//745 998//745
f 999//746 1000//746 1001//746
f 1001//746 1000//746 997//746
f 1001//746 997//746 998//746
f 1002//747 1003//747 1004//747
f 1004//747 1003//747 1005//747
f 1004//748 1005//748 1006//748
f 1006//748 1005//748 1007//748
f 1006//749 1007//749 1008//749
f 1008//749 1007//749 1009//749
f 1009//750 1010//750 1008//750
f 1008//750 1010//750 1011//750
f 1011//751 1010//751 1012//751
f 1012//751 1010//751 1013//751
f 1012//752 1013//752 1014//752
f 1014//752 1013//752 1015//752
f 1014//753 1015//753 1016//753
f 1014//753 1016//753 1017//753
f 1017//754 1016//754 1018//754
f 1017//754 1018//754 1019//754
f 1020//755 1021//755 1022//755
f 1020//755 1022//755 1023//755
f 1023//756 1022//756 994//756
f 1023//756 994//756 993//756
f 1024//757 1025//757 878//757
f 878//758 879//758 1024//758
f 1024//759 879//759 880//759
f 1024//760 880//760 1026//760
f 880//761 877//761 1026//761
f 1026//762 877//762 876//762
f 1026//763 876//763 1027//763
f 876//764 875//764 1027//764
f 1027//765 875//765 874//765
f 1027//766 874//766 1028//766
f 1028//767 874//767 873//767
f 1028//768 873//768 1029//768
f 873//769 872//769 1029//769
f 1029//770 872//770 871//770
f 1029//771 871//771 1030//771
f 871//772 870//772 1030//772
f 1030//773 870//773 869//773
f 1030//774 869//774 1031//774
f 866//775 1032//775 867//775
f 867//776 1032//776 1031//776
f 867//777 1031//777 868//777
f 868//778 1031//778 869//778
f 1033//779 1032//779 866//779
f 866//780 892//780 1033//780
f 1033//781 892//781 893//781
f 1033//782 893//782 1034//782
f 893//783 891//783 1034//783
f 1034//784 891//784 890//784
f 1034//785 890//785 1035//785
f 890//786 889//786 1035//786
f 1035//787 889//787 888//787
f 1035//788 888//788 1036//788
f 1036//789 888//789 887//789
f 1036//790 887//790 1037//790
f 887//791 886//791 1037//791
f 1037//792 886//792 885//792
f 1037//793 885//793 1038//793
f 885//794 884//794 1038//794
f 1038//795 884//795 883//795
f 1038//796 883//796 1039//796
f 878//797 1025//797 881//797
f 881//798 1025//798 1039//798
f 881//799 1039//799 882//799
f 882//800 1039//800 883//800
f 1040//801 1041//801 1042//801
f 1042//801 1041//801 1043//801
f 1042//802 1043//802 1044//802
f 1044//802 1043//802 1045//802
f 1044//803 1045//803 1046//803
f 1046//803 1045//803 1047//803
f 1046//804 1047//804 1020//804
f 1020//804 1047//804 1021//804
f 1019//805 1018//805 1048//805
f 1048//805 1018//805 1049//805
f 1048//806 1049//806 1050//806
f 1050//806 1049//806 1051//806
f 1050//807 1051//807 1052//807
f 1052//807 1051//807 1053//807
f 1052//808 1053//808 1054//808
f 1054//808 1053//808 1055//808
f 1056//1 1057//1 1058//1
f 1050//1 1052//1 1054//1
f 1059//1 1060//1 1019//1
f 1019//1 1060//1 1061//1
f 1019//1 1061//1 1062//1
f 1063//1 1064//1 1014//1
f 1059//1 1019//1 1054//1
f 1054//1 1019//1 1048//1
f 1054//1 1048//1 1050//1
f 1065//1 1066//1 1067//1
f 1067//1 1066//1 1068//1
f 1067//1 1068//1 1069//1
f 1069//1 1068//1 1063//1
f 1069//1 1063//1 1070//1
f 1070//1 1063//1 1014//1
f 1070//1 1014//1 1071//1
f 1071//1 1014//1 1017//1
f 1071//1 1017//1 1058//1
f 1058//1 1017//1 1019//1
f 1058//1 1019//1 1056//1
f 1056//1 1019//1 1062//1
f 1012//1 1014//1 1011//1
f 1011//1 1014//1 1064//1
f 1011//1 1064//1 1008//1
f 1008//1 1064//1 1002//1
f 1008//1 1002//1 1006//1
f 1006//1 1002//1 1004//1
f 1064//809 1072//809 1002//809
f 1002//809 1072//809 1003//809
f 1000//810 999//810 1073//810
f 1073//810 999//810 1074//810
f 1073//811 1074//811 1075//811
f 1075//811 1074//811 1076//811
f 1075//812 1076//812 1077//812
f 1077//812 1076//812 1078//812
f 1044//1 1046//1 1020//1
f 1020//1 1079//1 1080//1
f 1081//1 1020//1 1082//1
f 1082//1 1020//1 1023//1
f 1082//1 1023//1 1083//1
f 997//1 1084//1 995//1
f 995//1 1084//1 1083//1
f 995//1 1083//1 993//1
f 993//1 1083//1 1023//1
f 1085//1 1079//1 1086//1
f 1086//1 1079//1 1020//1
f 1086//1 1020//1 1087//1
f 1087//1 1020//1 1081//1
f 1084//1 1077//1 1088//1
f 1042//1 1044//1 1040//1
f 1040//1 1044//1 1020//1
f 1040//1 1020//1 1089//1
f 1089//1 1020//1 1080//1
f 1075//1 1077//1 1073//1
f 1073//1 1077//1 1084//1
f 1073//1 1084//1 1000//1
f 1000//1 1084//1 997//1
f 1088//1 1090//1 1084//1
f 1084//1 1090//1 1091//1
f 1084//1 1091//1 1092//1
f 1093//813 1094//813 1095//813
f 1095//813 1094//813 1096//813
f 1095//814 1096//814 1097//814
f 1097//814 1096//814 1098//814
f 1097//815 1098//815 966//815
f 966//815 1098//815 964//815
f 992//816 991//816 1099//816
f 1099//816 991//816 1100//816
f 1099//817 1100//817 1101//817
f 1101//817 1100//817 1102//817
f 1101//818 1102//818 1103//818
f 1103//818 1102//818 1104//818
f 1105//819 1106//819 1107//819
f 1107//819 1106//819 1108//819
f 1107//820 1108//820 1109//820
f 1109//820 1108//820 1110//820
f 1109//821 1110//821 1111//821
f 1111//821 1110//821 1112//821
f 1111//822 1112//822 980//822
f 980//822 1112//822 981//822
f 978//823 979//823 1113//823
f 1113//823 979//823 1114//823
f 1113//824 1114//824 1115//824
f 1115//824 1114//824 1116//824
f 1117//1 1118//1 983//1
f 983//1 1118//1 980//1
f 980//1 1118//1 1119//1
f 980//1 1119//1 1111//1
f 1103//1 1120//1 1121//1
f 1105//1 1107//1 1119//1
f 1119//1 1107//1 1109//1
f 1119//1 1109//1 1111//1
f 1122//1 1123//1 1124//1
f 983//1 985//1 1117//1
f 1117//1 985//1 986//1
f 1117//1 986//1 1121//1
f 1121//1 986//1 988//1
f 1121//1 988//1 992//1
f 1124//1 1125//1 1122//1
f 1122//1 1125//1 1126//1
f 1122//1 1126//1 1119//1
f 1119//1 1126//1 1127//1
f 1119//1 1127//1 1105//1
f 1128//1 1129//1 1130//1
f 1130//1 1129//1 1121//1
f 1130//1 1121//1 1131//1
f 1131//1 1121//1 1120//1
f 992//1 1099//1 1121//1
f 1121//1 1099//1 1101//1
f 1121//1 1101//1 1103//1
f 1132//1 1093//1 970//1
f 1133//1 970//1 1134//1
f 1134//1 970//1 973//1
f 1134//1 973//1 1135//1
f 975//1 1136//1 973//1
f 973//1 1136//1 1137//1
f 973//1 1137//1 1135//1
f 1115//1 1138//1 975//1
f 975//1 1138//1 1139//1
f 1093//1 1095//1 1097//1
f 1140//1 1136//1 1141//1
f 1141//1 1136//1 975//1
f 1141//1 975//1 1142//1
f 1142//1 975//1 1139//1
f 1142//1 1139//1 1143//1
f 976//1 978//1 975//1
f 975//1 978//1 1113//1
f 975//1 1113//1 1115//1
f 1133//1 1144//1 970//1
f 970//1 1144//1 1145//1
f 970//1 1145//1 1132//1
f 968//1 970//1 967//1
f 967//1 970//1 1093//1
f 967//1 1093//1 966//1
f 966//1 1093//1 1097//1
f 1146//825 1147//825 952//825
f 952//826 1147//826 953//826
f 951//827 950//827 1148//827
f 1148//827 950//827 1149//827
f 1148//828 1149//828 1150//828
f 1150//828 1149//828 1151//828
f 1150//829 1151//829 1152//829
f 1152//829 1151//829 1153//829
f 1152//830 1153//830 1154//830
f 1154//830 1153//830 1155//830
f 1154//1 1156//1 951//1
f 951//1 1156//1 1157//1
f 951//1 1158//1 949//1
f 949//1 1158//1 1159//1
f 949//1 1159//1 946//1
f 946//1 1159//1 1160//1
f 946//1 1160//1 944//1
f 944//1 1160//1 1161//1
f 944//1 1161//1 940//1
f 940//1 1161//1 942//1
f 1162//1 1158//1 1163//1
f 1163//1 1158//1 951//1
f 1163//1 951//1 1164//1
f 1164//1 951//1 1157//1
f 1164//1 1157//1 1165//1
f 1148//1 1150//1 951//1
f 951//1 1150//1 1152//1
f 951//1 1152//1 1154//1
f 1166//1 1167//1 1168//1
f 1168//1 1167//1 1169//1
f 1168//1 1169//1 1161//1
f 1161//1 1169//1 1170//1
f 1170//1 1171//1 1161//1
f 1161//1 1171//1 1172//1
f 1161//1 1172//1 942//1
f 1170//831 1173//831 1171//831
f 1171//831 1173//831 1174//831
f 1171//832 1174//832 1172//832
f 1172//832 1174//832 1175//832
f 1172//833 1175//833 942//833
f 942//833 1175//833 943//833
f 938//834 1176//834 937//834
f 937//835 1176//835 1177//835
f 960//1 1178//1 1179//1
f 952//1 954//1 956//1
f 1180//1 1181//1 1177//1
f 1177//1 1181//1 1182//1
f 1177//1 1182//1 937//1
f 1179//1 1146//1 960//1
f 960//1 1146//1 952//1
f 960//1 952//1 958//1
f 958//1 952//1 956//1
f 1183//1 1178//1 1184//1
f 1184//1 1178//1 960//1
f 1184//1 960//1 1185//1
f 1185//1 960//1 1186//1
f 933//1 935//1 932//1
f 932//1 935//1 937//1
f 932//1 937//1 929//1
f 1186//1 960//1 1187//1
f 1187//1 960//1 963//1
f 1187//1 963//1 1182//1
f 1182//1 963//1 925//1
f 1182//1 925//1 937//1
f 937//1 925//1 927//1
f 937//1 927//1 929//1
f 1180//1 1188//1 1181//1
f 1181//1 1188//1 1189//1
f 1181//1 1189//1 1190//1
f 1191//836 1192//836 1193//836
f 1193//836 1192//836 1194//836
f 1193//83 1194//83 1195//83
f 1195//83 1194//83 1196//83
f 1195//837 1196//837 1197//837
f 1197//838 1196//838 1198//838
f 1197//839 1198//839 1199//839
f 1199//840 1198//840 1200//840
f 1199//76 1200//76 1201//76
f 1201//76 1200//76 1202//76
f 1201//841 1202//841 1203//841
f 1203//841 1202//841 1204//841
f 1203//842 1204//842 1205//842
f 1205//842 1204//842 1206//842
f 1205//600 1206//600 1207//600
f 1207//600 1206//600 1208//600
f 1207//843 1208//843 1209//843
f 1209//844 1208//844 1210//844
f 1209//845 1210//845 1211//845
f 1211//846 1210//846 1212//846
f 1211//594 1212//594 1213//594
f 1213//594 1212//594 1214//594
f 1213//847 1214//847 1191//847
f 1191//847 1214//847 1192//847
f 1215//1 1195//1 1216//1
f 1216//1 1195//1 1197//1
f 1216//1 1197//1 1217//1
f 1217//1 1197//1 1199//1
f 1217//1 1199//1 1218//1
f 1218//1 1199//1 1201//1
f 1218//1 1201//1 1219//1
f 1219//1 1201//1 1203//1
f 1219//1 1203//1 1220//1
f 1220//1 1203//1 1205//1
f 1220//1 1205//1 1221//1
f 1221//1 1205//1 1207//1
f 1221//1 1207//1 1222//1
f 1222//1 1207//1 1209//1
f 1222//1 1209//1 1223//1
f 1223//1 1209//1 1211//1
f 1223//1 1211//1 1224//1
f 1224//1 1211//1 1213//1
f 1224//1 1213//1 1225//1
f 1225//1 1213//1 1191//1
f 1225//1 1191//1 1226//1
f 1226//1 1191//1 1193//1
f 1226//1 1193//1 1215//1
f 1215//1 1193//1 1195//1
f 1227//848 1219//848 1228//848
f 1228//848 1219//848 1220//848
f 1228//849 1220//849 1229//849
f 1229//849 1220//849 1221//849
f 1229//850 1221//850 1230//850
f 1230//850 1221//850 1222//850
f 1230//851 1222//851 1231//851
f 1231//851 1222//851 1223//851
f 1231//852 1223//852 1232//852
f 1232//852 1223//852 1224//852
f 1232//853 1224//853 1233//853
f 1233//853 1224//853 1225//853
f 1233//854 1225//854 1234//854
f 1234//854 1225//854 1226//854
f 1234//855 1226//855 1235//855
f 1235//855 1226//855 1215//855
f 1235//856 1215//856 1236//856
f 1236//856 1215//856 1216//856
f 1236//857 1216//857 1237//857
f 1237//857 1216//857 1217//857
f 1237//858 1217//858 1238//858
f 1238//858 1217//858 1218//858
f 1238//859 1218//859 1227//859
f 1227//859 1218//859 1219//859
f 1239//860 1240//860 1241//860
f 1241//860 1240//860 1242//860
f 1241//83 1242//83 1243//83
f 1243//83 1242//83 1244//83
f 1243//861 1244//861 1245//861
f 1245//861 1244//861 1246//861
f 1245//862 1246//862 1247//862
f 1247//862 1246//862 1248//862
f 1247//76 1248//76 1249//76
f 1249//76 1248//76 1250//76
f 1249//863 1250//863 1251//863
f 1251//863 1250//863 1252//863
f 1251//864 1252//864 1253//864
f 1253//864 1252//864 1254//864
f 1253//600 1254//600 1255//600
f 1255//600 1254//600 1256//600
f 1255//865 1256//865 1257//865
f 1257//865 1256//865 1258//865
f 1257//866 1258//866 1259//866
f 1259//866 1258//866 1260//866
f 1259//594 1260//594 1261//594
f 1261//594 1260//594 1262//594
f 1261//867 1262//867 1239//867
f 1239//867 1262//867 1240//867
f 1263//1 1241//1 1264//1
f 1264//1 1241//1 1243//1
f 1264//1 1243//1 1265//1
f 1265//1 1243//1 1245//1
f 1265//1 1245//1 1266//1
f 1266//1 1245//1 1247//1
f 1266//1 1247//1 1267//1
f 1267//1 1247//1 1249//1
f 1267//1 1249//1 1268//1
f 1268//1 1249//1 1251//1
f 1268//1 1251//1 1269//1
f 1269//1 1251//1 1253//1
f 1269//1 1253//1 1270//1
f 1270//1 1253//1 1255//1
f 1270//1 1255//1 1271//1
f 1271//1 1255//1 1257//1
f 1271//1 1257//1 1272//1
f 1272//1 1257//1 1259//1
f 1272//1 1259//1 1273//1
f 1273//1 1259//1 1261//1
f 1273//1 1261//1 1274//1
f 1274//1 1261//1 1239//1
f 1274//1 1239//1 1263//1
f 1263//1 1239//1 1241//1
f 1275//868 1268//868 1276//868
f 1276//868 1268//868 1269//868
f 1276//600 1269//600 1277//600
f 1277//600 1269//600 1270//600
f 1277//869 1270//869 1278//869
f 1278//869 1270//869 1271//869
f 1278//870 1271//870 1279//870
f 1279//870 1271//870 1272//870
f 1279//594 1272//594 1280//594
f 1280//594 1272//594 1273//594
f 1280//871 1273//871 1281//871
f 1281//871 1273//871 1274//871
f 1281//872 1274//872 1282//872
f 1282//872 1274//872 1263//872
f 1282//83 1263//83 1283//83
f 1283//83 1263//83 1264//83
f 1283//873 1264//873 1284//873
f 1284//873 1264//873 1265//873
f 1284//874 1265//874 1285//874
f 1285//874 1265//874 1266//874
f 1285//76 1266//76 1286//76
f 1286//76 1266//76 1267//76
f 1286//875 1267//875 1275//875
f 1275//875 1267//875 1268//875
f 1181//876 1287//876 1288//876
f 1181//876 1288//876 1182//876
f 1182//877 1288//877 1289//877
f 1182//877 1289//877 1187//877
f 1187//878 1289//878 1290//878
f 1187//878 1290//878 1186//878
f 1186//879 1290//879 1185//879
f 1185//879 1290//879 1291//879
f 1185//880 1291//880 1184//880
f 1184//880 1291//880 1292//880
f 1184//881 1292//881 1183//881
f 1183//881 1292//881 1293//881
f 1183//882 1293//882 1178//882
f 1178//882 1293//882 1294//882
f 1178//883 1294//883 1179//883
f 1179//883 1294//883 1295//883
f 1296//884 1157//884 1156//884
f 1297//885 1298//885 1299//885
f 1299//886 1298//886 1300//886
f 1298//887 1301//887 1300//887
f 1300//888 1301//888 1302//888
f 1300//889 1302//889 1303//889
f 1303//889 1302//889 1304//889
f 1303//890 1304//890 1295//890
f 1295//891 1304//891 1147//891
f 1295//892 1147//892 1179//892
f 1179//892 1147//892 1146//892
f 1299//893 1296//893 1297//893
f 1297//884 1296//884 1156//884
f 1297//894 1156//894 1305//894
f 1305//895 1156//895 1154//895
f 1305//896 1154//896 1155//896
f 1157//897 1296//897 1165//897
f 1165//897 1296//897 1306//897
f 1165//898 1306//898 1164//898
f 1164//898 1306//898 1307//898
f 1164//899 1307//899 1163//899
f 1163//899 1307//899 1308//899
f 1163//900 1308//900 1162//900
f 1162//900 1308//900 1309//900
f 1162//901 1309//901 1158//901
f 1158//901 1309//901 1310//901
f 1158//902 1310//902 1311//902
f 1158//902 1311//902 1159//902
f 1159//903 1311//903 1312//903
f 1159//903 1312//903 1160//903
f 1160//904 1312//904 1313//904
f 1160//904 1313//904 1161//904
f 1161//905 1313//905 1168//905
f 1168//905 1313//905 1314//905
f 1168//906 1314//906 1166//906
f 1166//906 1314//906 1315//906
f 1166//907 1315//907 1167//907
f 1167//907 1315//907 1316//907
f 1167//908 1316//908 1169//908
f 1169//908 1316//908 1317//908
f 1180//909 1177//909 1318//909
f 1318//909 1177//909 1176//909
f 1318//910 1176//910 1319//910
f 1319//911 1176//911 1320//911
f 1319//912 1320//912 1321//912
f 1170//913 1169//913 1173//913
f 1173//913 1169//913 1317//913
f 1173//914 1317//914 1321//914
f 1321//915 1317//915 1322//915
f 1321//912 1322//912 1319//912
f 1180//916 1318//916 1188//916
f 1188//916 1318//916 1323//916
f 1188//917 1323//917 1189//917
f 1189//917 1323//917 1324//917
f 1189//918 1324//918 1190//918
f 1190//918 1324//918 1325//918
f 1190//919 1325//919 1181//919
f 1181//919 1325//919 1287//919
f 1315//1 1319//1 1316//1
f 1316//1 1319//1 1322//1
f 1316//1 1322//1 1317//1
f 1323//1 1318//1 1319//1
f 1323//1 1319//1 1324//1
f 1326//1 1327//1 1299//1
f 1328//1 1290//1 1329//1
f 1329//1 1290//1 1289//1
f 1329//1 1289//1 1330//1
f 1330//1 1289//1 1288//1
f 1330//1 1288//1 1331//1
f 1331//1 1288//1 1287//1
f 1331//1 1287//1 1325//1
f 1325//1 1324//1 1331//1
f 1331//1 1324//1 1319//1
f 1331//1 1319//1 1332//1
f 1332//1 1319//1 1315//1
f 1332//1 1315//1 1333//1
f 1293//1 1300//1 1294//1
f 1294//1 1300//1 1303//1
f 1294//1 1303//1 1295//1
f 1299//1 1300//1 1326//1
f 1326//1 1300//1 1293//1
f 1326//1 1293//1 1334//1
f 1334//1 1293//1 1292//1
f 1334//1 1292//1 1328//1
f 1328//1 1292//1 1291//1
f 1328//1 1291//1 1290//1
f 1327//1 1335//1 1299//1
f 1299//1 1335//1 1309//1
f 1299//1 1309//1 1308//1
f 1308//1 1307//1 1299//1
f 1299//1 1307//1 1306//1
f 1299//1 1306//1 1296//1
f 1315//1 1314//1 1333//1
f 1333//1 1314//1 1313//1
f 1333//1 1313//1 1336//1
f 1336//1 1313//1 1312//1
f 1336//1 1312//1 1337//1
f 1337//1 1312//1 1311//1
f 1337//1 1311//1 1335//1
f 1335//1 1311//1 1310//1
f 1335//1 1310//1 1309//1
f 1338//920 1334//920 1339//920
f 1339//920 1334//920 1328//920
f 1339//228 1328//228 1340//228
f 1340//228 1328//228 1329//228
f 1340//869 1329//869 1341//869
f 1341//869 1329//869 1330//869
f 1341//921 1330//921 1342//921
f 1342//921 1330//921 1331//921
f 1342//922 1331//922 1343//922
f 1343//922 1331//922 1332//922
f 1343//923 1332//923 1344//923
f 1344//923 1332//923 1333//923
f 1344//872 1333//872 1345//872
f 1345//872 1333//872 1336//872
f 1345//233 1336//233 1346//233
f 1346//233 1336//233 1337//233
f 1346//924 1337//924 1347//924
f 1347//924 1337//924 1335//924
f 1347//925 1335//925 1348//925
f 1348//925 1335//925 1327//925
f 1348//926 1327//926 1349//926
f 1349//926 1327//926 1326//926
f 1349//875 1326//875 1338//875
f 1338//875 1326//875 1334//875
f 1350//927 1351//927 1136//927
f 1136//927 1351//927 1137//927
f 1137//928 1351//928 1352//928
f 1137//928 1352//928 1135//928
f 1135//929 1352//929 1353//929
f 1135//929 1353//929 1134//929
f 1134//930 1353//930 1133//930
f 1133//930 1353//930 1354//930
f 1133//931 1354//931 1144//931
f 1144//931 1354//931 1355//931
f 1144//932 1355//932 1145//932
f 1145//932 1355//932 1356//932
f 1145//933 1356//933 1132//933
f 1132//933 1356//933 1357//933
f 1358//934 1359//934 1360//934
f 1120//935 1103//935 1359//935
f 1359//935 1103//935 1104//935
f 1359//936 1104//936 1360//936
f 1093//937 1132//937 1094//937
f 1094//937 1132//937 1357//937
f 1094//938 1357//938 1361//938
f 1361//939 1357//939 1362//939
f 1361//940 1362//940 1363//940
f 1363//941 1362//941 1364//941
f 1363//942 1364//942 1365//942
f 1365//943 1364//943 1358//943
f 1365//944 1358//944 1366//944
f 1366//945 1358//945 1360//945
f 1120//946 1359//946 1131//946
f 1131//946 1359//946 1367//946
f 1131//947 1367//947 1130//947
f 1130//947 1367//947 1368//947
f 1130//948 1368//948 1128//948
f 1128//948 1368//948 1369//948
f 1128//949 1369//949 1129//949
f 1129//949 1369//949 1370//949
f 1129//950 1370//950 1121//950
f 1121//950 1370//950 1371//950
f 1121//951 1371//951 1372//951
f 1121//951 1372//951 1117//951
f 1117//952 1372//952 1373//952
f 1117//952 1373//952 1118//952
f 1118//953 1373//953 1374//953
f 1118//953 1374//953 1119//953
f 1119//954 1374//954 1122//954
f 1122//954 1374//954 1375//954
f 1122//955 1375//955 1123//955
f 1123//955 1375//955 1376//955
f 1123//956 1376//956 1124//956
f 1124//956 1376//956 1377//956
f 1124//957 1377//957 1125//957
f 1125//957 1377//957 1378//957
f 1125//958 1378//958 1126//958
f 1126//958 1378//958 1379//958
f 1380//959 1139//959 1138//959
f 1381//960 1382//960 1383//960
f 1383//961 1382//961 1384//961
f 1384//962 1382//962 1385//962
f 1384//963 1385//963 1386//963
f 1386//964 1385//964 1387//964
f 1386//965 1387//965 1379//965
f 1379//966 1387//966 1388//966
f 1379//967 1388//967 1126//967
f 1115//968 1116//968 1138//968
f 1138//968 1116//968 1381//968
f 1138//959 1381//959 1380//959
f 1380//969 1381//969 1383//969
f 1106//970 1105//970 1388//970
f 1388//970 1105//970 1127//970
f 1388//967 1127//967 1126//967
f 1139//971 1380//971 1143//971
f 1143//971 1380//971 1389//971
f 1143//972 1389//972 1142//972
f 1142//972 1389//972 1390//972
f 1142//973 1390//973 1141//973
f 1141//973 1390//973 1391//973
f 1141//974 1391//974 1140//974
f 1140//974 1391//974 1392//974
f 1140//975 1392//975 1136//975
f 1136//975 1392//975 1350//975
f 1393//1 1394//1 1372//1
f 1372//1 1394//1 1373//1
f 1373//1 1394//1 1395//1
f 1373//1 1395//1 1374//1
f 1374//1 1395//1 1396//1
f 1374//1 1396//1 1375//1
f 1386//1 1379//1 1378//1
f 1375//1 1396//1 1376//1
f 1376//1 1396//1 1397//1
f 1376//1 1397//1 1377//1
f 1378//1 1377//1 1386//1
f 1386//1 1377//1 1397//1
f 1386//1 1397//1 1384//1
f 1384//1 1397//1 1398//1
f 1384//1 1398//1 1383//1
f 1399//1 1400//1 1355//1
f 1355//1 1400//1 1364//1
f 1355//1 1364//1 1356//1
f 1356//1 1364//1 1362//1
f 1356//1 1362//1 1357//1
f 1372//1 1371//1 1393//1
f 1393//1 1371//1 1370//1
f 1393//1 1370//1 1400//1
f 1400//1 1370//1 1369//1
f 1400//1 1369//1 1364//1
f 1391//1 1390//1 1383//1
f 1383//1 1390//1 1389//1
f 1383//1 1389//1 1380//1
f 1369//1 1368//1 1364//1
f 1364//1 1368//1 1367//1
f 1364//1 1367//1 1358//1
f 1358//1 1367//1 1359//1
f 1398//1 1401//1 1383//1
f 1383//1 1401//1 1402//1
f 1383//1 1402//1 1391//1
f 1391//1 1402//1 1392//1
f 1355//1 1354//1 1399//1
f 1399//1 1354//1 1353//1
f 1399//1 1353//1 1403//1
f 1403//1 1353//1 1352//1
f 1403//1 1352//1 1404//1
f 1404//1 1352//1 1351//1
f 1404//1 1351//1 1402//1
f 1402//1 1351//1 1350//1
f 1402//1 1350//1 1392//1
f 1405//848 1404//848 1406//848
f 1406//848 1404//848 1402//848
f 1406//228 1402//228 1407//228
f 1407//228 1402//228 1401//228
f 1407//976 1401//976 1408//976
f 1408//977 1401//977 1398//977
f 1408//978 1398//978 1409//978
f 1409//979 1398//979 1397//979
f 1409//922 1397//922 1410//922
f 1410//922 1397//922 1396//922
f 1410//853 1396//853 1411//853
f 1411//853 1396//853 1395//853
f 1411//854 1395//854 1412//854
f 1412//854 1395//854 1394//854
f 1412//980 1394//980 1413//980
f 1413//980 1394//980 1393//980
f 1413//856 1393//856 1414//856
f 1414//981 1393//981 1400//981
f 1414//982 1400//982 1415//982
f 1415//857 1400//857 1399//857
f 1415//983 1399//983 1416//983
f 1416//983 1399//983 1403//983
f 1416//859 1403//859 1405//859
f 1405//859 1403//859 1404//859
f 1084//984 1417//984 1418//984
f 1084//984 1418//984 1083//984
f 1083//985 1418//985 1419//985
f 1083//985 1419//985 1082//985
f 1082//986 1419//986 1420//986
f 1082//986 1420//986 1081//986
f 1081//987 1420//987 1087//987
f 1087//987 1420//987 1421//987
f 1087//988 1421//988 1086//988
f 1086//988 1421//988 1422//988
f 1086//989 1422//989 1085//989
f 1085//989 1422//989 1423//989
f 1085//990 1423//990 1079//990
f 1079//990 1423//990 1424//990
f 1079//991 1424//991 1080//991
f 1080//991 1424//991 1425//991
f 1426//992 1060//992 1059//992
f 1427//993 1428//993 1429//993
f 1429//994 1428//994 1430//994
f 1429//995 1430//995 1431//995
f 1431//996 1430//996 1432//996
f 1431//997 1432//997 1433//997
f 1433//997 1432//997 1434//997
f 1433//998 1434//998 1425//998
f 1425//999 1434//999 1435//999
f 1425//1000 1435//1000 1080//1000
f 1054//1001 1055//1001 1059//1001
f 1059//1001 1055//1001 1427//1001
f 1059//992 1427//992 1426//992
f 1426//1002 1427//1002 1429//1002
f 1041//1003 1040//1003 1435//1003
f 1435//1003 1040//1003 1089//1003
f 1435//1000 1089//1000 1080//1000
f 1060//1004 1426//1004 1061//1004
f 1061//1004 1426//1004 1436//1004
f 1061//1005 1436//1005 1062//1005
f 1062//1005 1436//1005 1437//1005
f 1062//1006 1437//1006 1056//1006
f 1056//1006 1437//1006 1438//1006
f 1056//1007 1438//1007 1057//1007
f 1057//1007 1438//1007 1439//1007
f 1057//1008 1439//1008 1058//1008
f 1058//1008 1439//1008 1440//1008
f 1058//1009 1440//1009 1441//1009
f 1058//1009 1441//1009 1071//1009
f 1071//1010 1441//1010 1442//1010
f 1071//1010 1442//1010 1070//1010
f 1070//1011 1442//1011 1443//1011
f 1070//1011 1443//1011 1069//1011
f 1069//1012 1443//1012 1067//1012
f 1067//1012 1443//1012 1444//1012
f 1067//1013 1444//1013 1065//1013
f 1065//1013 1444//1013 1445//1013
f 1065//1014 1445//1014 1066//1014
f 1066//1014 1445//1014 1446//1014
f 1066//1015 1446//1015 1068//1015
f 1068//1015 1446//1015 1447//1015
f 1068//1016 1447//1016 1063//1016
f 1063//1016 1447//1016 1448//1016
f 1088//1017 1077//1017 1449//1017
f 1449//1017 1077//1017 1078//1017
f 1449//1018 1078//1018 1450//1018
f 1451//1019 1452//1019 1453//1019
f 1453//1020 1452//1020 1450//1020
f 1453//1020 1450//1020 1454//1020
f 1454//1021 1450//1021 1078//1021
f 1064//1022 1063//1022 1072//1022
f 1072//1022 1063//1022 1448//1022
f 1072//1023 1448//1023 1451//1023
f 1451//1024 1448//1024 1455//1024
f 1451//1019 1455//1019 1452//1019
f 1088//1025 1449//1025 1090//1025
f 1090//1025 1449//1025 1456//1025
f 1090//1026 1456//1026 1091//1026
f 1091//1026 1456//1026 1457//1026
f 1091//1027 1457//1027 1092//1027
f 1092//1027 1457//1027 1458//1027
f 1092//1028 1458//1028 1084//1028
f 1084//1028 1458//1028 1417//1028
f 1436//1 1426//1 1429//1
f 1440//1 1439//1 1459//1
f 1459//1 1439//1 1438//1
f 1459//1 1438//1 1429//1
f 1429//1 1438//1 1437//1
f 1429//1 1437//1 1436//1
f 1445//1 1452//1 1446//1
f 1446//1 1452//1 1455//1
f 1446//1 1455//1 1447//1
f 1447//1 1455//1 1448//1
f 1433//1 1460//1 1431//1
f 1431//1 1460//1 1461//1
f 1431//1 1461//1 1429//1
f 1429//1 1461//1 1462//1
f 1429//1 1462//1 1459//1
f 1440//1 1459//1 1441//1
f 1441//1 1459//1 1463//1
f 1441//1 1463//1 1442//1
f 1442//1 1463//1 1464//1
f 1442//1 1464//1 1443//1
f 1443//1 1464//1 1465//1
f 1443//1 1465//1 1444//1
f 1449//1 1450//1 1456//1
f 1456//1 1450//1 1452//1
f 1456//1 1452//1 1457//1
f 1466//1 1467//1 1458//1
f 1444//1 1465//1 1445//1
f 1445//1 1465//1 1466//1
f 1445//1 1466//1 1452//1
f 1452//1 1466//1 1458//1
f 1452//1 1458//1 1457//1
f 1468//1 1420//1 1469//1
f 1469//1 1420//1 1419//1
f 1469//1 1419//1 1470//1
f 1470//1 1419//1 1418//1
f 1470//1 1418//1 1467//1
f 1467//1 1418//1 1417//1
f 1467//1 1417//1 1458//1
f 1425//1 1424//1 1433//1
f 1433//1 1424//1 1423//1
f 1433//1 1423//1 1460//1
f 1460//1 1423//1 1422//1
f 1460//1 1422//1 1468//1
f 1468//1 1422//1 1421//1
f 1468//1 1421//1 1420//1
f 1471//920 1467//920 1472//920
f 1472//920 1467//920 1466//920
f 1472//228 1466//228 1473//228
f 1473//228 1466//228 1465//228
f 1473//1029 1465//1029 1474//1029
f 1474//1029 1465//1029 1464//1029
f 1474//870 1464//870 1475//870
f 1475//870 1464//870 1463//870
f 1475//922 1463//922 1476//922
f 1476//922 1463//922 1459//922
f 1476//923 1459//923 1477//923
f 1477//923 1459//923 1462//923
f 1477//872 1462//872 1478//872
f 1478//872 1462//872 1461//872
f 1478//233 1461//233 1479//233
f 1479//233 1461//233 1460//233
f 1479//223 1460//223 1480//223
f 1480//223 1460//223 1468//223
f 1480//1030 1468//1030 1481//1030
f 1481//1030 1468//1030 1469//1030
f 1481//926 1469//926 1482//926
f 1482//926 1469//926 1470//926
f 1482//875 1470//875 1471//875
f 1471//875 1470//875 1467//875
f 1430//1 1483//1 1432//1
f 989//1 1484//1 987//1
f 911//1 1485//1 1486//1
f 1485//1 911//1 910//1
f 1051//1 1049//1 1487//1
f 1432//1 1483//1 1434//1
f 899//1 1488//1 898//1
f 903//1 904//1 1489//1
f 1489//1 904//1 905//1
f 907//1 1490//1 906//1
f 959//1 957//1 912//1
f 1302//1 907//1 908//1
f 957//1 955//1 912//1
f 912//1 955//1 953//1
f 912//1 953//1 909//1
f 909//1 953//1 1147//1
f 909//1 1147//1 908//1
f 908//1 1147//1 1304//1
f 908//1 1304//1 1302//1
f 907//1 1302//1 1490//1
f 1490//1 1302//1 1301//1
f 1490//1 1301//1 906//1
f 906//1 1301//1 1298//1
f 906//1 1298//1 905//1
f 1298//1 1297//1 905//1
f 905//1 1297//1 1305//1
f 905//1 1305//1 1489//1
f 1489//1 1305//1 1155//1
f 1489//1 1155//1 903//1
f 903//1 1155//1 902//1
f 1155//1 1153//1 902//1
f 902//1 1153//1 1151//1
f 902//1 1151//1 901//1
f 1435//1 1434//1 897//1
f 897//1 1434//1 1483//1
f 897//1 1483//1 896//1
f 896//1 1483//1 1430//1
f 896//1 1430//1 895//1
f 895//1 1430//1 1428//1
f 895//1 1428//1 894//1
f 894//1 1428//1 1427//1
f 894//1 1427//1 924//1
f 924//1 1427//1 1055//1
f 924//1 1055//1 1053//1
f 922//1 921//1 1491//1
f 1491//1 921//1 924//1
f 1492//1 1493//1 1484//1
f 1484//1 1493//1 1494//1
f 1484//1 1494//1 1491//1
f 1491//1 1494//1 1495//1
f 1495//1 1496//1 1491//1
f 1491//1 1496//1 1497//1
f 1491//1 1497//1 922//1
f 922//1 1497//1 1498//1
f 922//1 1498//1 923//1
f 923//1 1498//1 1499//1
f 923//1 1499//1 913//1
f 913//1 1499//1 1500//1
f 913//1 1500//1 1110//1
f 1484//1 989//1 1492//1
f 1492//1 989//1 990//1
f 1492//1 990//1 1501//1
f 1501//1 990//1 984//1
f 1501//1 984//1 1502//1
f 1502//1 984//1 982//1
f 1502//1 982//1 1503//1
f 1503//1 982//1 981//1
f 1503//1 981//1 1500//1
f 1500//1 981//1 1112//1
f 1500//1 1112//1 1110//1
f 1110//1 1108//1 913//1
f 913//1 1108//1 1106//1
f 913//1 1106//1 914//1
f 914//1 1106//1 1388//1
f 914//1 1388//1 1387//1
f 1116//1 919//1 1381//1
f 1381//1 919//1 918//1
f 1381//1 918//1 1382//1
f 1382//1 918//1 917//1
f 1382//1 917//1 1385//1
f 1385//1 917//1 916//1
f 1385//1 916//1 1387//1
f 1387//1 916//1 915//1
f 1387//1 915//1 914//1
f 919//1 1258//1 920//1
f 920//1 1258//1 1256//1
f 920//1 1256//1 910//1
f 1256//1 1254//1 910//1
f 910//1 1254//1 1252//1
f 910//1 1252//1 1485//1
f 1485//1 1252//1 1250//1
f 1485//1 1250//1 1248//1
f 1246//1 1244//1 1504//1
f 1504//1 1244//1 1242//1
f 1116//1 1114//1 919//1
f 919//1 1114//1 979//1
f 919//1 979//1 1258//1
f 1258//1 979//1 977//1
f 1258//1 977//1 1260//1
f 1260//1 977//1 974//1
f 1260//1 974//1 1262//1
f 1262//1 974//1 972//1
f 1262//1 972//1 1240//1
f 1240//1 972//1 971//1
f 1240//1 971//1 1242//1
f 1242//1 971//1 969//1
f 1242//1 969//1 1504//1
f 1486//1 928//1 926//1
f 962//1 961//1 926//1
f 926//1 961//1 959//1
f 926//1 959//1 1486//1
f 1486//1 959//1 912//1
f 1486//1 912//1 911//1
f 1030//1 1031//1 936//1
f 1001//1 941//1 999//1
f 999//1 941//1 943//1
f 999//1 943//1 1074//1
f 930//1 1505//1 931//1
f 931//1 1505//1 1030//1
f 931//1 1030//1 934//1
f 934//1 1030//1 936//1
f 1036//1 1174//1 1035//1
f 1035//1 1174//1 1173//1
f 1035//1 1173//1 1034//1
f 1034//1 1173//1 1321//1
f 1034//1 1321//1 1033//1
f 1033//1 1321//1 1320//1
f 1033//1 1320//1 1032//1
f 1032//1 1320//1 1176//1
f 1032//1 1176//1 1031//1
f 1031//1 1176//1 938//1
f 1031//1 938//1 936//1
f 900//1 901//1 1506//1
f 1506//1 901//1 1151//1
f 1506//1 1151//1 1198//1
f 1198//1 1151//1 1200//1
f 1198//1 1196//1 1506//1
f 1506//1 1196//1 1194//1
f 1506//1 1194//1 1021//1
f 1021//1 1194//1 1192//1
f 1021//1 1192//1 1022//1
f 1022//1 1192//1 1214//1
f 1022//1 1214//1 994//1
f 994//1 1214//1 1212//1
f 994//1 1212//1 996//1
f 996//1 1212//1 1210//1
f 996//1 1210//1 998//1
f 998//1 1210//1 1001//1
f 1200//1 1151//1 1202//1
f 1202//1 1151//1 1149//1
f 1202//1 1149//1 1204//1
f 1204//1 1149//1 950//1
f 1204//1 950//1 1206//1
f 1206//1 950//1 948//1
f 1206//1 948//1 1208//1
f 1208//1 948//1 947//1
f 1208//1 947//1 1210//1
f 1210//1 947//1 945//1
f 1210//1 945//1 1001//1
f 1001//1 945//1 939//1
f 1001//1 939//1 941//1
f 1360//1 1104//1 1507//1
f 969//1 965//1 1504//1
f 1504//1 965//1 964//1
f 1504//1 964//1 1505//1
f 1505//1 964//1 1098//1
f 1505//1 1098//1 1030//1
f 1508//1 1026//1 1507//1
f 1507//1 1026//1 1027//1
f 1507//1 1027//1 1360//1
f 1360//1 1027//1 1028//1
f 1361//1 1029//1 1094//1
f 1094//1 1029//1 1030//1
f 1094//1 1030//1 1096//1
f 1096//1 1030//1 1098//1
f 1104//1 1102//1 1507//1
f 1507//1 1102//1 1100//1
f 1507//1 1100//1 1508//1
f 1508//1 1100//1 991//1
f 1365//1 1366//1 1363//1
f 1363//1 1366//1 1360//1
f 1363//1 1360//1 1361//1
f 1361//1 1360//1 1028//1
f 1361//1 1028//1 1029//1
f 943//1 1175//1 1074//1
f 1074//1 1175//1 1174//1
f 1074//1 1174//1 1076//1
f 1076//1 1174//1 1036//1
f 1076//1 1036//1 1078//1
f 1078//1 1036//1 1037//1
f 1078//1 1037//1 1454//1
f 1454//1 1037//1 1038//1
f 1454//1 1038//1 1453//1
f 1453//1 1038//1 1039//1
f 1453//1 1039//1 1451//1
f 1451//1 1039//1 1025//1
f 1007//1 1005//1 1024//1
f 1024//1 1005//1 1003//1
f 1024//1 1003//1 1025//1
f 1025//1 1003//1 1072//1
f 1025//1 1072//1 1451//1
f 1018//1 1016//1 1015//1
f 1007//1 1024//1 1009//1
f 1009//1 1024//1 1026//1
f 1009//1 1026//1 1010//1
f 1010//1 1026//1 1508//1
f 1010//1 1508//1 1013//1
f 1013//1 1508//1 1487//1
f 1013//1 1487//1 1015//1
f 1015//1 1487//1 1049//1
f 1015//1 1049//1 1018//1
f 897//1 898//1 1435//1
f 1435//1 898//1 1488//1
f 1435//1 1488//1 1041//1
f 1041//1 1488//1 899//1
f 1041//1 899//1 1043//1
f 1043//1 899//1 900//1
f 1043//1 900//1 1045//1
f 1045//1 900//1 1506//1
f 1045//1 1506//1 1047//1
f 1047//1 1506//1 1021//1
f 1248//1 1246//1 1485//1
f 1485//1 1246//1 1504//1
f 1485//1 1504//1 1486//1
f 1486//1 1504//1 1505//1
f 1486//1 1505//1 928//1
f 928//1 1505//1 930//1
f 1053//1 1051//1 924//1
f 924//1 1051//1 1487//1
f 924//1 1487//1 1491//1
f 1491//1 1487//1 1508//1
f 1491//1 1508//1 1484//1
f 1484//1 1508//1 991//1
f 1484//1 991//1 987//1
f 1509//860 1497//860 1510//860
f 1510//860 1497//860 1496//860
f 1510//83 1496//83 1511//83
f 1511//83 1496//83 1495//83
f 1511//861 1495//861 1512//861
f 1512//861 1495//861 1494//861
f 1512//862 1494//862 1513//862
f 1513//862 1494//862 1493//862
f 1513//76 1493//76 1514//76
f 1514//76 1493//76 1492//76
f 1514//863 1492//863 1515//863
f 1515//863 1492//863 1501//863
f 1515//864 1501//864 1516//864
f 1516//864 1501//864 1502//864
f 1516//600 1502//600 1517//600
f 1517//600 1502//600 1503//600
f 1517//865 1503//865 1518//865
f 1518//865 1503//865 1500//865
f 1518//866 1500//866 1519//866
f 1519//866 1500//866 1499//866
f 1519//594 1499//594 1520//594
f 1520//594 1499//594 1498//594
f 1520//867 1498//867 1509//867
f 1509//867 1498//867 1497//867
f 1521//1 1513//1 1522//1
f 1522//1 1513//1 1514//1
f 1522//1 1514//1 1523//1
f 1523//1 1514//1 1515//1
f 1523//1 1515//1 1524//1
f 1524//1 1515//1 1516//1
f 1524//1 1516//1 1525//1
f 1525//1 1516//1 1517//1
f 1525//1 1517//1 1526//1
f 1526//1 1517//1 1518//1
f 1526//1 1518//1 1527//1
f 1527//1 1518//1 1519//1
f 1527//1 1519//1 1528//1
f 1528//1 1519//1 1520//1
f 1528//1 1520//1 1529//1
f 1529//1 1520//1 1509//1
f 1529//1 1509//1 1530//1
f 1530//1 1509//1 1510//1
f 1530//1 1510//1 1531//1
f 1531//1 1510//1 1511//1
f 1531//1 1511//1 1532//1
f 1532//1 1511//1 1512//1
f 1532//1 1512//1 1521//1
f 1521//1 1512//1 1513//1
f 1533//868 1523//868 1534//868
f 1534//868 1523//868 1524//868
f 1534//600 1524//600 1535//600
f 1535//600 1524//600 1525//600
f 1535//869 1525//869 1536//869
f 1536//869 1525//869 1526//869
f 1536//870 1526//870 1537//870
f 1537//870 1526//870 1527//870
f 1537//594 1527//594 1538//594
f 1538//594 1527//594 1528//594
f 1538//871 1528//871 1539//871
f 1539//871 1528//871 1529//871
f 1539//872 1529//872 1540//872
f 1540//872 1529//872 1530//872
f 1540//83 1530//83 1541//83
f 1541//83 1530//83 1531//83
f 1541//873 1531//873 1542//873
f 1542//873 1531//873 1532//873
f 1542//874 1532//874 1543//874
f 1543//874 1532//874 1521//874
f 1543//76 1521//76 1544//76
f 1544//76 1521//76 1522//76
f 1544//875 1522//875 1533//875
f 1533//875 1522//875 1523//875
f 853//1 1545//1 851//1
f 851//1 1545//1 1546//1
f 851//1 1546//1 849//1
f 849//1 1546//1 1547//1
f 849//1 1547//1 847//1
f 847//1 1547//1 1548//1
f 847//1 1548//1 845//1
f 845//1 1548//1 1549//1
f 845//1 1549//1 843//1
f 843//1 1549//1 1550//1
f 843//1 1550//1 841//1
f 841//1 1550//1 1551//1
f 841//1 1551//1 839//1
f 839//1 1551//1 1552//1
f 839//1 1552//1 837//1
f 837//1 1552//1 1553//1
f 837//1 1553//1 835//1
f 835//1 1553//1 1554//1
f 835//1 1554//1 833//1
f 833//1 1554//1 1555//1
f 833//1 1555//1 831//1
f 831//1 1555//1 1556//1
f 831//1 1556//1 829//1
f 829//1 1556//1 1557//1
f 829//1 1557//1 827//1
f 827//1 1557//1 1558//1
f 827//1 1558//1 825//1
f 1558//1 1559//1 825//1
f 825//1 1559//1 1560//1
f 825//1 1560//1 823//1
f 823//1 1560//1 1561//1
f 823//1 1561//1 821//1
f 821//1 1561//1 1562//1
f 821//1 1562//1 819//1
f 819//1 1562//1 1563//1
f 819//1 1563//1 817//1
f 817//1 1563//1 1564//1
f 817//1 1564//1 815//1
f 815//1 1564//1 1565//1
f 815//1 1565//1 813//1
f 813//1 1565//1 1566//1
f 813//1 1566//1 810//1
f 810//1 1566//1 1567//1
f 810//1 1567//1 865//1
f 865//1 1567//1 1568//1
f 865//1 1568//1 863//1
f 863//1 1568//1 1569//1
f 863//1 1569//1 861//1
f 861//1 1569//1 1570//1
f 861//1 1570//1 859//1
f 859//1 1570//1 1571//1
f 859//1 1571//1 857//1
f 857//1 1571//1 1572//1
f 857//1 1572//1 855//1
f 855//1 1572//1 1573//1
f 855//1 1573//1 853//1
f 853//1 1573//1 1574//1
f 853//1 1574//1 1545//1
f 1575//1031 590//1031 591//1031
f 1575//1032 591//1032 1576//1032
f 1576//1033 591//1033 593//1033
f 1576//76 593//76 1577//76
f 593//1034 596//1034 1577//1034
f 1577//1035 596//1035 595//1035
f 1577//874 595//874 1578//874
f 1578//1036 595//1036 599//1036
f 599//1037 598//1037 1578//1037
f 1578//1038 598//1038 601//1038
f 1578//1039 601//1039 1579//1039
f 601//1040 600//1040 1579//1040
f 1579//1041 600//1041 604//1041
f 1579//1042 604//1042 1580//1042
f 589//1043 1581//1043 602//1043
f 602//1044 1581//1044 1580//1044
f 602//1045 1580//1045 603//1045
f 603//1046 1580//1046 604//1046
f 1581//1047 589//1047 605//1047
f 1581//1048 605//1048 1582//1048
f 1582//1049 605//1049 606//1049
f 1582//1050 606//1050 1583//1050
f 606//1051 609//1051 1583//1051
f 1583//1052 609//1052 608//1052
f 1583//870 608//870 1584//870
f 1584//1053 608//1053 612//1053
f 612//1054 611//1054 1584//1054
f 1584//1055 611//1055 614//1055
f 1584//1056 614//1056 1585//1056
f 614//1057 613//1057 1585//1057
f 1585//1058 613//1058 617//1058
f 1585//1059 617//1059 1586//1059
f 590//1060 1575//1060 615//1060
f 615//1061 1575//1061 1586//1061
f 615//1062 1586//1062 616//1062
f 616//1063 1586//1063 617//1063
f 1587//1064 619//1064 620//1064
f 1587//1065 620//1065 1588//1065
f 1588//1066 620//1066 621//1066
f 1588//983 621//983 1589//983
f 621//1067 623//1067 1589//1067
f 1589//1035 623//1035 622//1035
f 1589//857 622//857 1590//857
f 1590//1068 622//1068 625//1068
f 625//1069 624//1069 1590//1069
f 1590//1070 624//1070 627//1070
f 1590//1071 627//1071 1591//1071
f 627//1072 626//1072 1591//1072
f 1591//1073 626//1073 630//1073
f 1591//1074 630//1074 1592//1074
f 618//1075 1593//1075 628//1075
f 628//1076 1593//1076 1592//1076
f 628//1077 1592//1077 629//1077
f 629//1078 1592//1078 630//1078
f 1593//1079 618//1079 631//1079
f 1593//1080 631//1080 1594//1080
f 1594//1081 631//1081 632//1081
f 1594//286 632//286 1595//286
f 632//1082 634//1082 1595//1082
f 1595//1083 634//1083 633//1083
f 1595//1084 633//1084 1596//1084
f 1596//1085 633//1085 636//1085
f 636//1086 635//1086 1596//1086
f 1596//1087 635//1087 638//1087
f 1596//1088 638//1088 1597//1088
f 638//1089 637//1089 1597//1089
f 1597//1090 637//1090 641//1090
f 1597//1091 641//1091 1598//1091
f 619//1092 1587//1092 639//1092
f 639//1093 1587//1093 1598//1093
f 639//1094 1598//1094 640//1094
f 640//1095 1598//1095 641//1095
f 1599//875 648//875 1600//875
f 1600//1096 648//1096 647//1096
f 647//1097 646//1097 1600//1097
f 1600//1098 646//1098 645//1098
f 1600//1099 645//1099 1601//1099
f 645//1100 644//1100 1601//1100
f 1601//1101 644//1101 643//1101
f 1601//1102 643//1102 1602//1102
f 1602//1103 643//1103 642//1103
f 1602//873 642//873 1603//873
f 1603//873 642//873 657//873
f 1603//1104 657//1104 1604//1104
f 1604//1104 657//1104 658//1104
f 1604//1105 658//1105 1605//1105
f 1605//1105 658//1105 659//1105
f 1605//1106 659//1106 1606//1106
f 1606//1106 659//1106 660//1106
f 1606//1050 660//1050 1607//1050
f 1607//1050 660//1050 661//1050
f 1607//870 661//870 1608//870
f 1608//870 661//870 651//870
f 1608//869 651//869 1609//869
f 651//1107 650//1107 1609//1107
f 1609//1108 650//1108 652//1108
f 1609//600 652//600 1610//600
f 1610//1109 652//1109 653//1109
f 648//1110 1599//1110 656//1110
f 656//1111 1599//1111 1610//1111
f 656//1112 1610//1112 655//1112
f 655//1113 1610//1113 653//1113
f 1611//1114 668//1114 1612//1114
f 1612//1115 668//1115 667//1115
f 667//1116 666//1116 1612//1116
f 1612//1098 666//1098 665//1098
f 1612//1117 665//1117 1613//1117
f 665//1118 664//1118 1613//1118
f 1613//1119 664//1119 663//1119
f 1613//1120 663//1120 1614//1120
f 1614//1121 663//1121 662//1121
f 1614//873 662//873 1615//873
f 1615//873 662//873 675//873
f 1615//83 675//83 1616//83
f 1616//83 675//83 676//83
f 1616//872 676//872 1617//872
f 1617//872 676//872 677//872
f 1617//871 677//871 1618//871
f 1618//871 677//871 678//871
f 1618//594 678//594 1619//594
f 1619//594 678//594 679//594
f 1619//870 679//870 1620//870
f 1620//870 679//870 670//870
f 1620//869 670//869 1621//869
f 670//1122 669//1122 1621//1122
f 1621//1123 669//1123 671//1123
f 1621//1124 671//1124 1622//1124
f 1622//1125 671//1125 672//1125
f 668//1110 1611//1110 674//1110
f 674//1126 1611//1126 1622//1126
f 674//1127 1622//1127 673//1127
f 673//1113 1622//1113 672//1113
f 1623//1128 682//1128 683//1128
f 1623//1129 683//1129 1624//1129
f 1624//1033 683//1033 685//1033
f 1624//1130 685//1130 1625//1130
f 685//1131 688//1131 1625//1131
f 1625//1035 688//1035 687//1035
f 1625//874 687//874 1626//874
f 1626//1036 687//1036 691//1036
f 691//1037 690//1037 1626//1037
f 1626//1038 690//1038 693//1038
f 1626//1039 693//1039 1627//1039
f 693//1040 692//1040 1627//1040
f 1627//1041 692//1041 696//1041
f 1627//1132 696//1132 1628//1132
f 681//1043 1629//1043 694//1043
f 694//1133 1629//1133 1628//1133
f 694//1134 1628//1134 695//1134
f 695//1135 1628//1135 696//1135
f 1629//1136 681//1136 697//1136
f 1629//1137 697//1137 1630//1137
f 1630//1049 697//1049 698//1049
f 1630//594 698//594 1631//594
f 698//1138 701//1138 1631//1138
f 1631//1052 701//1052 700//1052
f 1631//870 700//870 1632//870
f 1632//1053 700//1053 704//1053
f 704//1054 703//1054 1632//1054
f 1632//1055 703//1055 706//1055
f 1632//1056 706//1056 1633//1056
f 706//1057 705//1057 1633//1057
f 1633//1058 705//1058 709//1058
f 1633//1139 709//1139 1634//1139
f 682//1140 1623//1140 707//1140
f 707//1141 1623//1141 1634//1141
f 707//1062 1634//1062 708//1062
f 708//1142 1634//1142 709//1142
f 1635//1143 711//1143 712//1143
f 1635//1144 712//1144 1636//1144
f 1636//1033 712//1033 713//1033
f 1636//983 713//983 1637//983
f 713//1145 716//1145 1637//1145
f 1637//1146 716//1146 715//1146
f 1637//857 715//857 1638//857
f 1638//1147 715//1147 718//1147
f 718//1148 717//1148 1638//1148
f 1638//1149 717//1149 721//1149
f 1638//1150 721//1150 1639//1150
f 721//1151 720//1151 1639//1151
f 1639//1073 720//1073 724//1073
f 1639//1074 724//1074 1640//1074
f 710//1075 1641//1075 722//1075
f 722//1076 1641//1076 1640//1076
f 722//1077 1640//1077 723//1077
f 723//1078 1640//1078 724//1078
f 1641//1079 710//1079 725//1079
f 1641//1080 725//1080 1642//1080
f 1642//1081 725//1081 726//1081
f 1642//852 726//852 1643//852
f 726//1152 729//1152 1643//1152
f 1643//1153 729//1153 728//1153
f 1643//851 728//851 1644//851
f 1644//1154 728//1154 731//1154
f 731//1054 730//1054 1644//1054
f 1644//1155 730//1155 734//1155
f 1644//1156 734//1156 1645//1156
f 734//1089 733//1089 1645//1089
f 1645//1157 733//1157 737//1157
f 1645//1158 737//1158 1646//1158
f 711//1092 1635//1092 735//1092
f 735//1093 1635//1093 1646//1093
f 735//1094 1646//1094 736//1094
f 736//1095 1646//1095 737//1095
f 744//1159 1647//1159 745//1159
f 745//1159 1647//1159 1648//1159
f 745//1160 1648//1160 740//1160
f 740//1160 1648//1160 1649//1160
f 740//865 1649//865 738//865
f 738//865 1649//865 1650//865
f 738//866 1650//866 749//866
f 749//866 1650//866 1651//866
f 749//1161 1651//1161 748//1161
f 748//1161 1651//1161 1652//1161
f 748//1162 1652//1162 746//1162
f 746//1162 1652//1162 1653//1162
f 746//1163 1653//1163 747//1163
f 747//1163 1653//1163 1654//1163
f 747//1164 1654//1164 739//1164
f 739//1164 1654//1164 1655//1164
f 739//1165 1655//1165 741//1165
f 741//1165 1655//1165 1656//1165
f 741//1166 1656//1166 742//1166
f 742//1166 1656//1166 1657//1166
f 742//1167 1657//1167 743//1167
f 743//1167 1657//1167 1658//1167
f 743//1168 1658//1168 744//1168
f 744//1168 1658//1168 1647//1168
f 760//1169 1659//1169 758//1169
f 758//1169 1659//1169 1660//1169
f 758//1160 1660//1160 759//1160
f 759//1160 1660//1160 1661//1160
f 759//865 1661//865 750//865
f 750//865 1661//865 1662//865
f 750//866 1662//866 751//866
f 751//866 1662//866 1663//866
f 751//1161 1663//1161 757//1161
f 757//1161 1663//1161 1664//1161
f 757//1170 1664//1170 755//1170
f 755//1170 1664//1170 1665//1170
f 755//1171 1665//1171 756//1171
f 756//1171 1665//1171 1666//1171
f 756//1164 1666//1164 753//1164
f 753//1164 1666//1164 1667//1164
f 753//1165 1667//1165 754//1165
f 754//1165 1667//1165 1668//1165
f 754//1166 1668//1166 752//1166
f 752//1166 1668//1166 1669//1166
f 752//1167 1669//1167 761//1167
f 761//1167 1669//1167 1670//1167
f 761//1172 1670//1172 760//1172
f 760//1172 1670//1172 1659//1172
f 770//1173 1671//1173 771//1173
f 771//290 1671//290 1672//290
f 771//1160 1672//1160 772//1160
f 772//1160 1672//1160 1673//1160
f 772//288 1673//288 768//288
f 768//288 1673//288 1674//288
f 768//287 1674//287 773//287
f 773//287 1674//287 1675//287
f 773//1161 1675//1161 765//1161
f 765//1161 1675//1161 1676//1161
f 765//1174 1676//1174 766//1174
f 766//1175 1676//1175 1677//1175
f 766//1176 1677//1176 762//1176
f 762//284 1677//284 1678//284
f 762//1164 1678//1164 763//1164
f 763//1164 1678//1164 1679//1164
f 763//1177 1679//1177 764//1177
f 764//1177 1679//1177 1680//1177
f 764//1178 1680//1178 767//1178
f 767//1178 1680//1178 1681//1178
f 767//1167 1681//1167 769//1167
f 769//1167 1681//1167 1682//1167
f 769//279 1682//279 770//279
f 770//1179 1682//1179 1671//1179
f 780//1173 1683//1173 777//1173
f 777//290 1683//290 1684//290
f 777//1160 1684//1160 778//1160
f 778//1160 1684//1160 1685//1160
f 778//288 1685//288 779//288
f 779//288 1685//288 1686//288
f 779//287 1686//287 785//287
f 785//287 1686//287 1687//287
f 785//1161 1687//1161 784//1161
f 784//1161 1687//1161 1688//1161
f 784//1174 1688//1174 783//1174
f 783//1175 1688//1175 1689//1175
f 783//1176 1689//1176 774//1176
f 774//284 1689//284 1690//284
f 774//1164 1690//1164 775//1164
f 775//1164 1690//1164 1691//1164
f 775//1177 1691//1177 776//1177
f 776//1177 1691//1177 1692//1177
f 776//1178 1692//1178 782//1178
f 782//1178 1692//1178 1693//1178
f 782//1167 1693//1167 781//1167
f 781//1167 1693//1167 1694//1167
f 781//279 1694//279 780//279
f 780//1179 1694//1179 1683//1179
f 796//1169 1695//1169 794//1169
f 794//1169 1695//1169 1696//1169
f 794//1160 1696//1160 795//1160
f 795//1160 1696//1160 1697//1160
f 795//865 1697//865 786//865
f 786//865 1697//865 1698//865
f 786//866 1698//866 787//866
f 787//866 1698//866 1699//866
f 787//1161 1699//1161 789//1161
f 789//1161 1699//1161 1700//1161
f 789//1170 1700//1170 793//1170
f 793//1170 1700//1170 1701//1170
f 793//1171 1701//1171 792//1171
f 792//1171 1701//1171 1702//1171
f 792//1164 1702//1164 790//1164
f 790//1164 1702//1164 1703//1164
f 790//1165 1703//1165 791//1165
f 791//1165 1703//1165 1704//1165
f 791//1166 1704//1166 788//1166
f 788//1166 1704//1166 1705//1166
f 788//1167 1705//1167 797//1167
f 797//1167 1705//1167 1706//1167
f 797//1172 1706//1172 796//1172
f 796//1172 1706//1172 1695//1172
f 805//1159 1707//1159 806//1159
f 806//1159 1707//1159 1708//1159
f 806//1160 1708//1160 800//1160
f 800//1160 1708//1160 1709//1160
f 800//865 1709//865 802//865
f 802//865 1709//865 1710//865
f 802//866 1710//866 803//866
f 803//866 1710//866 1711//866
f 803//1161 1711//1161 807//1161
f 807//1161 1711//1161 1712//1161
f 807//1162 1712//1162 808//1162
f 808//1162 1712//1162 1713//1162
f 808//1163 1713//1163 809//1163
f 809//1163 1713//1163 1714//1163
f 809//1164 1714//1164 801//1164
f 801//1164 1714//1164 1715//1164
f 801//1165 1715//1165 798//1165
f 798//1165 1715//1165 1716//1165
f 798//1166 1716//1166 799//1166
f 799//1166 1716//1166 1717//1166
f 799//1167 1717//1167 804//1167
f 804//1167 1717//1167 1718//1167
f 804//1168 1718//1168 805//1168
f 805//1168 1718//1168 1707//1168
f 1719//1180 1567//1180 1720//1180
f 1720//1181 1567//1181 1566//1181
f 1720//1182 1566//1182 1721//1182
f 1721//1182 1566//1182 1565//1182
f 1721//1183 1565//1183 1722//1183
f 1722//1183 1565//1183 1564//1183
f 1722//1184 1564//1184 1723//1184
f 1723//1184 1564//1184 1563//1184
f 1723//1185 1563//1185 1724//1185
f 1724//1185 1563//1185 1562//1185
f 1724//1186 1562//1186 1725//1186
f 1725//1186 1562//1186 1561//1186
f 1725//1187 1561//1187 1726//1187
f 1726//1187 1561//1187 1560//1187
f 1726//318 1560//318 1727//318
f 1727//318 1560//318 1559//318
f 1727//1188 1559//1188 1728//1188
f 1728//1188 1559//1188 1558//1188
f 1728//1189 1558//1189 1729//1189
f 1729//1189 1558//1189 1557//1189
f 1729//1190 1557//1190 1730//1190
f 1730//1190 1557//1190 1556//1190
f 1730//1191 1556//1191 1731//1191
f 1731//1191 1556//1191 1555//1191
f 1731//1192 1555//1192 1732//1192
f 1732//1192 1555//1192 1554//1192
f 1732//1193 1554//1193 1733//1193
f 1733//1193 1554//1193 1553//1193
f 1733//1194 1553//1194 1734//1194
f 1734//1195 1553//1195 1552//1195
f 1734//1196 1552//1196 1735//1196
f 1735//1197 1552//1197 1551//1197
f 1735//1198 1551//1198 1736//1198
f 1736//1198 1551//1198 1550//1198
f 1736//1199 1550//1199 1737//1199
f 1737//1199 1550//1199 1549//1199
f 1737//1200 1549//1200 1738//1200
f 1738//1200 1549//1200 1548//1200
f 1738//1201 1548//1201 1739//1201
f 1739//1201 1548//1201 1547//1201
f 1739//1202 1547//1202 1740//1202
f 1740//1202 1547//1202 1546//1202
f 1740//1203 1546//1203 1741//1203
f 1741//1203 1546//1203 1545//1203
f 1741//325 1545//325 1742//325
f 1742//325 1545//325 1574//325
f 1742//1204 1574//1204 1743//1204
f 1743//1204 1574//1204 1573//1204
f 1743//1205 1573//1205 1744//1205
f 1744//1205 1573//1205 1572//1205
f 1744//1206 1572//1206 1745//1206
f 1745//1206 1572//1206 1571//1206
f 1745//1207 1571//1207 1746//1207
f 1746//1207 1571//1207 1570//1207
f 1746//1208 1570//1208 1747//1208
f 1747//1208 1570//1208 1569//1208
f 1747//1209 1569//1209 1748//1209
f 1748//1209 1569//1209 1568//1209
f 1748//1210 1568//1210 1719//1210
f 1719//1211 1568//1211 1567//1211
f 1749//1 1750//1 1751//1
f 1752//1 1753//1 1754//1
f 1630//1 1631//1 1755//1
f 1756//1 1757//1 1758//1
f 1759//1 1760//1 1761//1
f 1692//1 1691//1 1762//1
f 1691//1 1690//1 1762//1
f 1762//1 1690//1 1689//1
f 1762//1 1689//1 1763//1
f 1764//1 1765//1 1693//1
f 1689//1 1688//1 1763//1
f 1763//1 1688//1 1687//1
f 1763//1 1687//1 1766//1
f 1766//1 1687//1 1686//1
f 1766//1 1686//1 1767//1
f 1686//1 1685//1 1767//1
f 1767//1 1685//1 1684//1
f 1767//1 1684//1 1768//1
f 1768//1 1684//1 1683//1
f 1768//1 1683//1 1765//1
f 1765//1 1683//1 1694//1
f 1765//1 1694//1 1693//1
f 1584//1 1585//1 1762//1
f 1762//1 1585//1 1764//1
f 1762//1 1764//1 1692//1
f 1692//1 1764//1 1693//1
f 1585//1 1586//1 1764//1
f 1764//1 1586//1 1575//1
f 1764//1 1575//1 1769//1
f 1575//1 1576//1 1769//1
f 1769//1 1576//1 1577//1
f 1769//1 1577//1 1770//1
f 1770//1 1577//1 1578//1
f 1771//1 1579//1 1580//1
f 1771//1 1580//1 1722//1
f 1580//1 1581//1 1722//1
f 1722//1 1581//1 1582//1
f 1722//1 1582//1 1721//1
f 1721//1 1582//1 1583//1
f 1721//1 1583//1 1720//1
f 1772//1 1773//1 1774//1
f 1774//1 1773//1 1770//1
f 1774//1 1770//1 1771//1
f 1771//1 1770//1 1578//1
f 1771//1 1578//1 1579//1
f 1774//1 1670//1 1772//1
f 1772//1 1670//1 1669//1
f 1772//1 1669//1 1759//1
f 1759//1 1669//1 1668//1
f 1759//1 1668//1 1760//1
f 1760//1 1668//1 1667//1
f 1760//1 1667//1 1775//1
f 1758//1 1703//1 1776//1
f 1776//1 1703//1 1777//1
f 1776//1 1777//1 1778//1
f 1778//1 1777//1 1779//1
f 1778//1 1779//1 1780//1
f 1732//1 1733//1 1632//1
f 1632//1 1633//1 1732//1
f 1732//1 1633//1 1634//1
f 1732//1 1634//1 1731//1
f 1623//1 1624//1 1779//1
f 1779//1 1624//1 1625//1
f 1779//1 1625//1 1780//1
f 1780//1 1625//1 1626//1
f 1780//1 1626//1 1781//1
f 1781//1 1626//1 1627//1
f 1781//1 1627//1 1782//1
f 1782//1 1627//1 1628//1
f 1628//1 1629//1 1782//1
f 1782//1 1629//1 1783//1
f 1782//1 1783//1 1784//1
f 1784//1 1783//1 1785//1
f 1674//1 1673//1 1786//1
f 1787//1 1788//1 1675//1
f 1673//1 1672//1 1786//1
f 1786//1 1672//1 1671//1
f 1786//1 1671//1 1783//1
f 1671//1 1682//1 1783//1
f 1783//1 1682//1 1681//1
f 1783//1 1681//1 1785//1
f 1785//1 1681//1 1680//1
f 1785//1 1680//1 1789//1
f 1680//1 1679//1 1789//1
f 1789//1 1679//1 1678//1
f 1789//1 1678//1 1790//1
f 1790//1 1678//1 1677//1
f 1790//1 1677//1 1788//1
f 1788//1 1677//1 1676//1
f 1788//1 1676//1 1675//1
f 1675//1 1674//1 1787//1
f 1787//1 1674//1 1786//1
f 1787//1 1786//1 1791//1
f 1791//1 1786//1 1792//1
f 1737//1 1793//1 1622//1
f 1622//1 1611//1 1737//1
f 1737//1 1611//1 1612//1
f 1737//1 1612//1 1736//1
f 1736//1 1612//1 1613//1
f 1736//1 1613//1 1735//1
f 1615//1 1616//1 1786//1
f 1786//1 1616//1 1617//1
f 1786//1 1617//1 1792//1
f 1792//1 1617//1 1618//1
f 1792//1 1618//1 1794//1
f 1794//1 1618//1 1619//1
f 1794//1 1619//1 1795//1
f 1795//1 1619//1 1620//1
f 1795//1 1620//1 1793//1
f 1793//1 1620//1 1621//1
f 1793//1 1621//1 1622//1
f 1753//1 1752//1 1793//1
f 1793//1 1752//1 1796//1
f 1793//1 1796//1 1795//1
f 1797//1 1593//1 1594//1
f 1797//1 1594//1 1798//1
f 1593//1 1797//1 1592//1
f 1592//1 1797//1 1799//1
f 1592//1 1799//1 1591//1
f 1594//1 1595//1 1798//1
f 1798//1 1595//1 1596//1
f 1798//1 1596//1 1800//1
f 1800//1 1596//1 1597//1
f 1800//1 1597//1 1801//1
f 1591//1 1799//1 1590//1
f 1590//1 1799//1 1802//1
f 1590//1 1802//1 1589//1
f 1597//1 1598//1 1801//1
f 1801//1 1598//1 1587//1
f 1801//1 1587//1 1802//1
f 1802//1 1587//1 1588//1
f 1802//1 1588//1 1589//1
f 1648//1 1750//1 1649//1
f 1649//1 1750//1 1749//1
f 1649//1 1749//1 1803//1
f 1606//1 1607//1 1804//1
f 1747//1 1748//1 1602//1
f 1602//1 1603//1 1747//1
f 1747//1 1603//1 1604//1
f 1747//1 1604//1 1746//1
f 1606//1 1804//1 1605//1
f 1805//1 1751//1 1608//1
f 1608//1 1609//1 1805//1
f 1805//1 1609//1 1610//1
f 1805//1 1610//1 1766//1
f 1601//1 1763//1 1600//1
f 1600//1 1763//1 1766//1
f 1600//1 1766//1 1599//1
f 1599//1 1766//1 1610//1
f 1806//1 1638//1 1807//1
f 1807//1 1638//1 1639//1
f 1807//1 1639//1 1756//1
f 1756//1 1639//1 1640//1
f 1756//1 1640//1 1757//1
f 1757//1 1640//1 1641//1
f 1757//1 1641//1 1808//1
f 1808//1 1641//1 1642//1
f 1775//1 1646//1 1760//1
f 1760//1 1646//1 1635//1
f 1760//1 1635//1 1761//1
f 1761//1 1635//1 1636//1
f 1761//1 1636//1 1806//1
f 1806//1 1636//1 1637//1
f 1806//1 1637//1 1638//1
f 1642//1 1643//1 1808//1
f 1808//1 1643//1 1644//1
f 1808//1 1644//1 1775//1
f 1775//1 1644//1 1645//1
f 1775//1 1645//1 1646//1
f 1654//1 1653//1 1802//1
f 1802//1 1653//1 1652//1
f 1802//1 1652//1 1801//1
f 1801//1 1652//1 1651//1
f 1801//1 1651//1 1803//1
f 1803//1 1651//1 1650//1
f 1803//1 1650//1 1649//1
f 1648//1 1647//1 1750//1
f 1750//1 1647//1 1804//1
f 1750//1 1804//1 1751//1
f 1751//1 1804//1 1607//1
f 1751//1 1607//1 1608//1
f 1647//1 1658//1 1804//1
f 1804//1 1658//1 1657//1
f 1804//1 1657//1 1744//1
f 1657//1 1656//1 1744//1
f 1744//1 1656//1 1655//1
f 1744//1 1655//1 1743//1
f 1662//1 1661//1 1771//1
f 1771//1 1661//1 1660//1
f 1771//1 1660//1 1774//1
f 1774//1 1660//1 1659//1
f 1774//1 1659//1 1670//1
f 1663//1 1724//1 1664//1
f 1664//1 1724//1 1725//1
f 1664//1 1725//1 1665//1
f 1665//1 1725//1 1775//1
f 1665//1 1775//1 1666//1
f 1666//1 1775//1 1667//1
f 1696//1 1695//1 1808//1
f 1808//1 1695//1 1706//1
f 1808//1 1706//1 1757//1
f 1757//1 1706//1 1705//1
f 1757//1 1705//1 1758//1
f 1758//1 1705//1 1704//1
f 1758//1 1704//1 1703//1
f 1728//1 1729//1 1697//1
f 1779//1 1699//1 1729//1
f 1729//1 1699//1 1698//1
f 1729//1 1698//1 1697//1
f 1703//1 1702//1 1777//1
f 1777//1 1702//1 1701//1
f 1777//1 1701//1 1779//1
f 1779//1 1701//1 1700//1
f 1779//1 1700//1 1699//1
f 1799//1 1707//1 1740//1
f 1740//1 1707//1 1718//1
f 1740//1 1718//1 1739//1
f 1739//1 1718//1 1717//1
f 1716//1 1715//1 1793//1
f 1793//1 1715//1 1714//1
f 1793//1 1714//1 1753//1
f 1714//1 1713//1 1753//1
f 1753//1 1713//1 1712//1
f 1753//1 1712//1 1754//1
f 1754//1 1712//1 1711//1
f 1754//1 1711//1 1809//1
f 1809//1 1711//1 1710//1
f 1809//1 1710//1 1797//1
f 1797//1 1710//1 1709//1
f 1797//1 1709//1 1799//1
f 1799//1 1709//1 1708//1
f 1799//1 1708//1 1707//1
f 1613//1 1614//1 1735//1
f 1735//1 1614//1 1810//1
f 1735//1 1810//1 1734//1
f 1734//1 1810//1 1755//1
f 1734//1 1755//1 1733//1
f 1733//1 1755//1 1631//1
f 1733//1 1631//1 1632//1
f 1634//1 1623//1 1731//1
f 1731//1 1623//1 1779//1
f 1731//1 1779//1 1730//1
f 1730//1 1779//1 1729//1
f 1725//1 1726//1 1775//1
f 1775//1 1726//1 1727//1
f 1775//1 1727//1 1808//1
f 1808//1 1727//1 1728//1
f 1808//1 1728//1 1696//1
f 1696//1 1728//1 1697//1
f 1663//1 1662//1 1724//1
f 1724//1 1662//1 1771//1
f 1724//1 1771//1 1723//1
f 1723//1 1771//1 1722//1
f 1583//1 1584//1 1720//1
f 1720//1 1584//1 1762//1
f 1720//1 1762//1 1719//1
f 1719//1 1762//1 1763//1
f 1719//1 1763//1 1748//1
f 1748//1 1763//1 1601//1
f 1748//1 1601//1 1602//1
f 1604//1 1605//1 1746//1
f 1746//1 1605//1 1804//1
f 1746//1 1804//1 1745//1
f 1745//1 1804//1 1744//1
f 1740//1 1741//1 1799//1
f 1799//1 1741//1 1742//1
f 1799//1 1742//1 1802//1
f 1802//1 1742//1 1743//1
f 1802//1 1743//1 1654//1
f 1654//1 1743//1 1655//1
f 1717//1 1716//1 1739//1
f 1739//1 1716//1 1793//1
f 1739//1 1793//1 1738//1
f 1738//1 1793//1 1737//1
f 1614//1 1615//1 1810//1
f 1810//1 1615//1 1786//1
f 1810//1 1786//1 1755//1
f 1755//1 1786//1 1783//1
f 1755//1 1783//1 1630//1
f 1630//1 1783//1 1629//1
f 1811//1212 1797//1212 1812//1212
f 1812//1213 1797//1213 1798//1213
f 1812//1214 1798//1214 1813//1214
f 1813//1215 1798//1215 1800//1215
f 1813//1215 1800//1215 1814//1215
f 1814//1216 1800//1216 1801//1216
f 1814//1217 1801//1217 1815//1217
f 1815//1218 1801//1218 1803//1218
f 1815//1219 1803//1219 1816//1219
f 1816//1220 1803//1220 1749//1220
f 1816//1221 1749//1221 1817//1221
f 1817//1222 1749//1222 1751//1222
f 1817//1223 1751//1223 1818//1223
f 1818//1224 1751//1224 1805//1224
f 1818//1225 1805//1225 1819//1225
f 1819//1226 1805//1226 1766//1226
f 1819//1227 1766//1227 1820//1227
f 1820//1228 1766//1228 1767//1228
f 1820//1229 1767//1229 1821//1229
f 1821//1230 1767//1230 1768//1230
f 1821//1231 1768//1231 1822//1231
f 1795//1232 1796//1232 1823//1232
f 1823//1233 1796//1233 1752//1233
f 1823//1234 1752//1234 1824//1234
f 1824//1235 1752//1235 1754//1235
f 1824//1236 1754//1236 1811//1236
f 1811//1237 1754//1237 1809//1237
f 1811//1238 1809//1238 1797//1238
f 1795//1239 1823//1239 1794//1239
f 1794//1240 1823//1240 1825//1240
f 1794//1241 1825//1241 1792//1241
f 1792//1242 1825//1242 1791//1242
f 1791//1243 1825//1243 1826//1243
f 1791//1244 1826//1244 1787//1244
f 1787//1245 1826//1245 1827//1245
f 1787//1246 1827//1246 1788//1246
f 1788//1247 1827//1247 1828//1247
f 1788//1248 1828//1248 1790//1248
f 1790//1249 1828//1249 1829//1249
f 1790//1250 1829//1250 1789//1250
f 1789//1251 1829//1251 1830//1251
f 1789//1252 1830//1252 1785//1252
f 1785//1253 1830//1253 1831//1253
f 1785//1254 1831//1254 1784//1254
f 1832//1255 1780//1255 1781//1255
f 1832//1256 1781//1256 1831//1256
f 1831//1257 1781//1257 1782//1257
f 1831//1258 1782//1258 1784//1258
f 1780//1259 1832//1259 1778//1259
f 1778//1260 1832//1260 1833//1260
f 1778//1261 1833//1261 1776//1261
f 1776//1262 1833//1262 1834//1262
f 1776//1263 1834//1263 1758//1263
f 1758//1264 1834//1264 1835//1264
f 1758//1265 1835//1265 1756//1265
f 1756//1266 1835//1266 1836//1266
f 1756//1267 1836//1267 1807//1267
f 1807//1268 1836//1268 1837//1268
f 1807//1268 1837//1268 1806//1268
f 1806//1269 1837//1269 1838//1269
f 1806//1270 1838//1270 1761//1270
f 1761//1271 1838//1271 1839//1271
f 1761//1272 1839//1272 1759//1272
f 1759//1273 1839//1273 1772//1273
f 1772//1274 1839//1274 1840//1274
f 1772//1275 1840//1275 1773//1275
f 1773//1276 1840//1276 1841//1276
f 1773//1277 1841//1277 1770//1277
f 1770//1278 1841//1278 1842//1278
f 1770//1279 1842//1279 1769//1279
f 1769//1280 1842//1280 1843//1280
f 1769//1281 1843//1281 1764//1281
f 1764//1282 1843//1282 1844//1282
f 1764//1283 1844//1283 1765//1283
f 1765//1284 1844//1284 1822//1284
f 1765//1285 1822//1285 1768//1285
f 1845//1286 1846//1286 1847//1286
f 1846//1287 1848//1287 1849//1287
f 1848//1288 1850//1288 1851//1288
f 1848//1289 1851//1289 1849//1289
f 1849//1290 1851//1290 1852//1290
f 1849//1291 1852//1291 1853//1291
f 1853//1292 1852//1292 1854//1292
f 1853//1293 1854//1293 1855//1293
f 1855//1294 1854//1294 1856//1294
f 1855//1295 1856//1295 1857//1295
f 1857//1296 1856//1296 1858//1296
f 1857//1297 1858//1297 1859//1297
f 1859//1298 1858//1298 1860//1298
f 1859//1299 1860//1299 1861//1299
f 1861//1300 1860//1300 1862//1300
f 1861//1301 1862//1301 1863//1301
f 1863//1302 1862//1302 1864//1302
f 1863//1303 1864//1303 1865//1303
f 1865//1304 1864//1304 1866//1304
f 1865//1304 1866//1304 1867//1304
f 1867//1305 1866//1305 1868//1305
f 1867//1306 1868//1306 1869//1306
f 1869//1307 1868//1307 1870//1307
f 1869//1307 1870//1307 1871//1307
f 1871//1308 1870//1308 1872//1308
f 1871//1309 1872//1309 1873//1309
f 1873//1310 1872//1310 1874//1310
f 1873//1311 1874//1311 1875//1311
f 1875//1312 1874//1312 1876//1312
f 1875//1313 1876//1313 1877//1313
f 1877//1314 1876//1314 1878//1314
f 1877//1315 1878//1315 1879//1315
f 1879//1316 1878//1316 1880//1316
f 1879//1317 1880//1317 1881//1317
f 1881//1318 1880//1318 1882//1318
f 1881//1319 1882//1319 1883//1319
f 1883//1320 1882//1320 1884//1320
f 1883//1321 1884//1321 1885//1321
f 1885//1322 1884//1322 1886//1322
f 1885//1323 1886//1323 1887//1323
f 1887//1324 1886//1324 1888//1324
f 1887//1325 1888//1325 1889//1325
f 1889//1326 1888//1326 1890//1326
f 1889//1327 1890//1327 1891//1327
f 1891//1328 1890//1328 1892//1328
f 1891//1329 1892//1329 1893//1329
f 1893//1330 1892//1330 1894//1330
f 1893//1331 1894//1331 1895//1331
f 1895//1332 1894//1332 1896//1332
f 1895//1333 1896//1333 1897//1333
f 1897//1334 1896//1334 1898//1334
f 1897//1335 1898//1335 1899//1335
f 1899//1336 1898//1336 1900//1336
f 1899//1336 1900//1336 1901//1336
f 1901//1337 1900//1337 1902//1337
f 1901//1338 1902//1338 1903//1338
f 1903//1339 1902//1339 1904//1339
f 1903//1339 1904//1339 1905//1339
f 1905//1340 1904//1340 1906//1340
f 1905//1341 1906//1341 1907//1341
f 1907//1342 1906//1342 1908//1342
f 1907//1343 1908//1343 1909//1343
f 1909//1344 1908//1344 1910//1344
f 1909//1345 1910//1345 1911//1345
f 1911//1346 1910//1346 1912//1346
f 1911//1347 1912//1347 1913//1347
f 1913//1348 1912//1348 1914//1348
f 1913//1349 1914//1349 1915//1349
f 1915//1350 1914//1350 1916//1350
f 1915//1351 1916//1351 1917//1351
f 1846//1352 1849//1352 1847//1352
f 1847//1353 1849//1353 1853//1353
f 1847//1354 1853//1354 1918//1354
f 1918//1355 1853//1355 1855//1355
f 1918//1356 1855//1356 1919//1356
f 1919//1357 1855//1357 1857//1357
f 1919//1358 1857//1358 1920//1358
f 1920//1359 1857//1359 1859//1359
f 1920//1360 1859//1360 1921//1360
f 1921//1361 1859//1361 1861//1361
f 1921//1362 1861//1362 1922//1362
f 1922//1363 1861//1363 1863//1363
f 1922//1364 1863//1364 1923//1364
f 1923//1365 1863//1365 1865//1365
f 1923//1366 1865//1366 1924//1366
f 1924//1367 1865//1367 1867//1367
f 1924//1367 1867//1367 1925//1367
f 1925//1368 1867//1368 1869//1368
f 1925//1369 1869//1369 1926//1369
f 1926//1370 1869//1370 1871//1370
f 1926//1371 1871//1371 1927//1371
f 1927//1372 1871//1372 1873//1372
f 1927//1373 1873//1373 1928//1373
f 1928//1374 1873//1374 1875//1374
f 1928//1375 1875//1375 1929//1375
f 1929//1376 1875//1376 1877//1376
f 1929//1377 1877//1377 1930//1377
f 1930//1378 1877//1378 1879//1378
f 1930//1379 1879//1379 1931//1379
f 1931//1380 1879//1380 1881//1380
f 1931//1381 1881//1381 1932//1381
f 1932//1382 1881//1382 1883//1382
f 1932//1383 1883//1383 1933//1383
f 1933//1384 1883//1384 1885//1384
f 1933//1385 1885//1385 1934//1385
f 1934//1386 1885//1386 1887//1386
f 1934//1387 1887//1387 1935//1387
f 1935//1388 1887//1388 1889//1388
f 1935//1389 1889//1389 1936//1389
f 1936//1390 1889//1390 1891//1390
f 1936//1391 1891//1391 1937//1391
f 1937//1392 1891//1392 1893//1392
f 1937//1393 1893//1393 1938//1393
f 1938//1394 1893//1394 1895//1394
f 1938//1395 1895//1395 1939//1395
f 1939//1396 1895//1396 1897//1396
f 1939//1397 1897//1397 1940//1397
f 1940//1398 1897//1398 1899//1398
f 1940//1399 1899//1399 1941//1399
f 1941//1400 1899//1400 1901//1400
f 1941//1400 1901//1400 1942//1400
f 1942//1401 1901//1401 1903//1401
f 1942//1402 1903//1402 1943//1402
f 1943//1403 1903//1403 1905//1403
f 1943//1404 1905//1404 1944//1404
f 1944//1405 1905//1405 1907//1405
f 1944//1406 1907//1406 1945//1406
f 1945//1407 1907//1407 1909//1407
f 1945//1408 1909//1408 1946//1408
f 1946//1409 1909//1409 1911//1409
f 1946//1410 1911//1410 1947//1410
f 1947//1411 1911//1411 1913//1411
f 1947//1412 1913//1412 1948//1412
f 1948//1413 1913//1413 1915//1413
f 1948//1414 1915//1414 1949//1414
f 1949//1415 1915//1415 1917//1415
f 1949//1416 1917//1416 1950//1416
f 1845//1417 1847//1417 1951//1417
f 1951//1418 1847//1418 1918//1418
f 1951//1419 1918//1419 1952//1419
f 1952//1420 1918//1420 1919//1420
f 1952//1421 1919//1421 1953//1421
f 1953//1422 1919//1422 1920//1422
f 1953//1423 1920//1423 1954//1423
f 1954//1424 1920//1424 1921//1424
f 1954//1425 1921//1425 1955//1425
f 1955//1426 1921//1426 1922//1426
f 1955//1427 1922//1427 1956//1427
f 1956//1428 1922//1428 1923//1428
f 1956//1429 1923//1429 1957//1429
f 1957//1430 1923//1430 1924//1430
f 1957//1431 1924//1431 1958//1431
f 1958//1432 1924//1432 1925//1432
f 1958//1432 1925//1432 1959//1432
f 1959//1433 1925//1433 1926//1433
f 1959//1434 1926//1434 1960//1434
f 1960//1435 1926//1435 1927//1435
f 1960//1436 1927//1436 1961//1436
f 1961//1437 1927//1437 1928//1437
f 1961//1438 1928//1438 1962//1438
f 1962//1439 1928//1439 1929//1439
f 1962//1440 1929//1440 1963//1440
f 1963//1441 1929//1441 1930//1441
f 1963//1442 1930//1442 1964//1442
f 1964//1443 1930//1443 1931//1443
f 1964//1444 1931//1444 1965//1444
f 1965//1445 1931//1445 1932//1445
f 1965//1446 1932//1446 1966//1446
f 1966//1447 1932//1447 1933//1447
f 1966//1448 1933//1448 1967//1448
f 1967//1449 1933//1449 1934//1449
f 1967//1450 1934//1450 1968//1450
f 1968//1451 1934//1451 1935//1451
f 1968//1452 1935//1452 1969//1452
f 1969//1453 1935//1453 1936//1453
f 1969//1454 1936//1454 1970//1454
f 1970//1455 1936//1455 1937//1455
f 1970//1456 1937//1456 1971//1456
f 1971//1457 1937//1457 1938//1457
f 1971//1458 1938//1458 1972//1458
f 1972//1459 1938//1459 1939//1459
f 1972//1460 1939//1460 1973//1460
f 1973//1461 1939//1461 1940//1461
f 1973//1462 1940//1462 1974//1462
f 1974//1463 1940//1463 1941//1463
f 1974//1464 1941//1464 1975//1464
f 1975//1465 1941//1465 1942//1465
f 1975//1465 1942//1465 1976//1465
f 1976//1466 1942//1466 1943//1466
f 1976//1467 1943//1467 1977//1467
f 1977//1468 1943//1468 1944//1468
f 1977//1469 1944//1469 1978//1469
f 1978//1470 1944//1470 1945//1470
f 1978//1471 1945//1471 1979//1471
f 1979//1472 1945//1472 1946//1472
f 1979//1473 1946//1473 1980//1473
f 1980//1474 1946//1474 1947//1474
f 1980//1475 1947//1475 1981//1475
f 1981//1476 1947//1476 1948//1476
f 1981//1477 1948//1477 1982//1477
f 1982//1478 1948//1478 1949//1478
f 1982//1479 1949//1479 1983//1479
f 1983//1480 1949//1480 1950//1480
f 1983//1481 1950//1481 1984//1481
f 1985//1 1986//1 1987//1
f 1985//1 1987//1 1988//1
f 1988//1 1987//1 1989//1
f 1988//1 1989//1 1990//1
f 1991//1482 1987//1482 1992//1482
f 1992//1483 1987//1483 1986//1483
f 1991//1484 1993//1484 1987//1484
f 1987//1484 1993//1484 1989//1484
f 1994//1485 1995//1485 1996//1485
f 1996//1485 1995//1485 1997//1485
f 1998//1 1999//1 2000//1
f 1998//1 2000//1 2001//1
f 2001//1 2000//1 2002//1
f 2001//1 2002//1 2003//1
f 2003//1 2002//1 2004//1
f 2003//1 2004//1 2005//1
f 2006//30 2007//30 1993//30
f 2008//30 2009//30 2010//30
f 1991//30 2011//30 1993//30
f 1993//30 2011//30 2008//30
f 1993//30 2008//30 2006//30
f 2006//30 2008//30 2010//30
f 2006//30 2010//30 2012//30
f 2000//1486 1999//1486 2012//1486
f 2012//1486 1999//1486 2006//1486
f 2009//1487 2008//1487 2004//1487
f 2004//1487 2008//1487 2005//1487
f 2013//1488 2014//1488 2015//1488
f 2015//1489 2014//1489 2016//1489
f 2015//1490 2016//1490 2017//1490
f 2018//1 2007//1 2014//1
f 2014//1 2007//1 2019//1
f 2020//1491 1990//1491 1989//1491
f 2018//1492 2021//1492 2007//1492
f 2007//1492 2021//1492 2020//1492
f 2007//1491 2020//1491 1993//1491
f 1993//1491 2020//1491 1989//1491
f 2022//1493 2020//1493 2015//1493
f 2015//1494 2020//1494 2021//1494
f 2015//1495 2021//1495 2023//1495
f 2024//1496 2025//1496 1981//1496
f 2026//1497 2027//1497 2024//1497
f 1836//1498 1835//1498 2028//1498
f 2028//1499 1835//1499 2029//1499
f 2028//1500 2029//1500 2030//1500
f 2006//1501 1999//1501 2007//1501
f 2007//1502 1999//1502 1953//1502
f 2007//1503 1953//1503 2019//1503
f 2019//1504 1953//1504 2022//1504
f 2020//1505 2022//1505 1990//1505
f 1990//1506 2022//1506 1812//1506
f 1990//1507 1812//1507 1988//1507
f 1988//1508 1812//1508 1813//1508
f 1988//318 1813//318 1814//318
f 2005//1509 2008//1509 2011//1509
f 2011//1510 2031//1510 2005//1510
f 2005//1511 2031//1511 2032//1511
f 2005//1512 2032//1512 2003//1512
f 2003//1513 2032//1513 2033//1513
f 2003//1514 2033//1514 2001//1514
f 2001//1514 2033//1514 2034//1514
f 2001//1515 2034//1515 1998//1515
f 1998//1515 2034//1515 1951//1515
f 1998//1516 1951//1516 1999//1516
f 1999//1517 1951//1517 1952//1517
f 1999//1518 1952//1518 1953//1518
f 1815//1519 1986//1519 1814//1519
f 1814//1520 1986//1520 1985//1520
f 1814//318 1985//318 1988//318
f 2035//1521 1996//1521 1838//1521
f 2036//1522 2037//1522 1997//1522
f 1997//1523 2037//1523 2038//1523
f 1997//1524 2038//1524 1996//1524
f 2024//1525 1981//1525 2026//1525
f 2026//1526 1981//1526 1982//1526
f 2026//1527 1982//1527 2039//1527
f 2039//1528 1982//1528 1983//1528
f 2039//1529 1983//1529 2040//1529
f 2040//1529 1983//1529 2041//1529
f 2040//1530 2041//1530 2042//1530
f 2042//1530 2041//1530 2043//1530
f 2042//1531 2043//1531 2037//1531
f 2037//1532 2043//1532 2044//1532
f 2037//1533 2044//1533 2038//1533
f 1838//1534 1837//1534 2035//1534
f 2035//325 1837//325 1836//325
f 2035//325 1836//325 2045//325
f 2045//1535 1836//1535 2028//1535
f 1968//1536 1829//1536 1828//1536
f 1968//1537 1969//1537 1829//1537
f 1829//1538 1969//1538 2046//1538
f 1829//1539 2046//1539 1830//1539
f 2046//1540 1971//1540 1830//1540
f 1830//1541 1971//1541 1972//1541
f 1830//1542 1972//1542 2047//1542
f 1972//1543 2048//1543 2047//1543
f 2047//1544 2048//1544 1974//1544
f 2047//1545 1974//1545 1832//1545
f 1974//1546 1975//1546 1832//1546
f 1832//600 1975//600 1976//600
f 1832//1547 1976//1547 1833//1547
f 1976//1548 1977//1548 1833//1548
f 1833//1549 1977//1549 2049//1549
f 1833//1550 2049//1550 2050//1550
f 2025//1551 2029//1551 1981//1551
f 1981//1551 2029//1551 1835//1551
f 1981//1552 1835//1552 2051//1552
f 2051//1553 1835//1553 2050//1553
f 2051//1554 2050//1554 2052//1554
f 2052//1555 2050//1555 2049//1555
f 1996//1524 2038//1524 1838//1524
f 1838//1556 2038//1556 2053//1556
f 1838//1557 2053//1557 2054//1557
f 2053//1558 2055//1558 2054//1558
f 2054//1559 2055//1559 2056//1559
f 2054//1560 2056//1560 1840//1560
f 2056//1561 2057//1561 1840//1561
f 1840//1562 2057//1562 2058//1562
f 1840//1563 2058//1563 1841//1563
f 2058//594 2059//594 1841//594
f 1841//1564 2059//1564 2060//1564
f 1841//1565 2060//1565 2061//1565
f 2060//1566 2062//1566 2061//1566
f 2061//1567 2062//1567 2063//1567
f 2061//1568 2063//1568 2064//1568
f 2063//1569 2065//1569 2064//1569
f 2064//1570 2065//1570 2066//1570
f 2064//1571 2066//1571 1844//1571
f 2066//1572 2067//1572 1844//1572
f 1844//1573 2067//1573 2068//1573
f 1844//1574 2068//1574 1822//1574
f 2068//1575 2069//1575 1822//1575
f 1822//1576 2069//1576 2070//1576
f 1822//1577 2070//1577 1821//1577
f 2070//1578 2071//1578 1821//1578
f 1821//1579 2071//1579 2072//1579
f 1821//1580 2072//1580 2073//1580
f 2072//1581 2074//1581 2073//1581
f 2073//1582 2074//1582 2075//1582
f 2073//1583 2075//1583 2076//1583
f 2075//1584 2077//1584 2076//1584
f 2076//1585 2077//1585 2078//1585
f 2076//1586 2078//1586 1818//1586
f 2078//1587 2079//1587 1818//1587
f 1818//83 2079//83 2080//83
f 1818//1588 2080//1588 1817//1588
f 2080//1589 2081//1589 1817//1589
f 1817//1590 2081//1590 2082//1590
f 1817//1591 2082//1591 2083//1591
f 2011//1592 1986//1592 2031//1592
f 2031//1593 1986//1593 1815//1593
f 2031//1594 1815//1594 2084//1594
f 2084//1595 1815//1595 2083//1595
f 2084//1596 2083//1596 2085//1596
f 2085//1597 2083//1597 2082//1597
f 2022//1504 1953//1504 1812//1504
f 1812//1598 1953//1598 2086//1598
f 1812//1599 2086//1599 2087//1599
f 2086//1600 2088//1600 2087//1600
f 2087//1601 2088//1601 2089//1601
f 2087//1602 2089//1602 1824//1602
f 2089//1603 1957//1603 1824//1603
f 1824//1604 1957//1604 1958//1604
f 1824//1605 1958//1605 1823//1605
f 1958//76 1959//76 1823//76
f 1823//1606 1959//1606 1960//1606
f 1823//1607 1960//1607 2090//1607
f 1960//1608 2091//1608 2090//1608
f 2090//1609 2091//1609 1962//1609
f 2090//1610 1962//1610 2092//1610
f 1962//1611 2093//1611 2092//1611
f 2092//1612 2093//1612 2094//1612
f 2092//1613 2094//1613 1827//1613
f 2094//1614 1965//1614 1827//1614
f 1827//1615 1965//1615 1966//1615
f 1827//1616 1966//1616 1828//1616
f 1828//1617 1966//1617 1967//1617
f 1828//1618 1967//1618 1968//1618
f 1994//1 1996//1 2035//1
f 1994//1 2035//1 2095//1
f 2095//1 2035//1 2045//1
f 2095//1 2045//1 2028//1
f 2096//1619 1995//1619 2095//1619
f 2095//1619 1995//1619 1994//1619
f 2097//1620 2098//1620 2099//1620
f 2099//1621 2098//1621 2100//1621
f 2099//1622 2100//1622 2029//1622
f 2030//1623 2101//1623 2102//1623
f 2095//1624 2028//1624 2096//1624
f 2096//1624 2028//1624 2030//1624
f 2096//1624 2030//1624 2024//1624
f 2024//1623 2030//1623 2102//1623
f 1997//30 1995//30 2036//30
f 2036//30 1995//30 2096//30
f 2096//30 2024//30 2027//30
f 2027//30 2103//30 2104//30
f 2096//30 2027//30 2036//30
f 2036//30 2027//30 2104//30
f 2036//30 2104//30 2105//30
f 2042//1 2037//1 2106//1
f 2042//1 2106//1 2040//1
f 2040//1 2106//1 2107//1
f 2040//1 2107//1 2039//1
f 2039//1 2107//1 2108//1
f 2039//1 2108//1 2026//1
f 2103//1486 2027//1486 2108//1486
f 2108//1486 2027//1486 2026//1486
f 2106//1487 2037//1487 2105//1487
f 2105//1487 2037//1487 2036//1487
f 2097//1 2025//1 2102//1
f 2102//1 2025//1 2024//1
f 2030//1625 2029//1625 2101//1625
f 2101//1626 2029//1626 2100//1626
f 2101//1627 2100//1627 2098//1627
f 1984//1628 1950//1628 2109//1628
f 1950//1629 1917//1629 2110//1629
f 1917//1630 1916//1630 2111//1630
f 1917//1631 2111//1631 2110//1631
f 2110//1632 2111//1632 2112//1632
f 2110//1633 2112//1633 2113//1633
f 2113//1634 2112//1634 2114//1634
f 2113//1635 2114//1635 2115//1635
f 2115//1636 2114//1636 2116//1636
f 2115//1637 2116//1637 2117//1637
f 2117//1638 2116//1638 2118//1638
f 2117//1639 2118//1639 2119//1639
f 2119//1640 2118//1640 2120//1640
f 2119//1641 2120//1641 2121//1641
f 2121//1642 2120//1642 2122//1642
f 2121//1643 2122//1643 2123//1643
f 2123//1644 2122//1644 2124//1644
f 2123//1645 2124//1645 2125//1645
f 2125//1646 2124//1646 2126//1646
f 2125//1646 2126//1646 2127//1646
f 2127//1647 2126//1647 2128//1647
f 2127//1648 2128//1648 2129//1648
f 2129//1649 2128//1649 2130//1649
f 2129//1649 2130//1649 2131//1649
f 2131//1650 2130//1650 2132//1650
f 2131//1651 2132//1651 2133//1651
f 2133//1652 2132//1652 2134//1652
f 2133//1653 2134//1653 2135//1653
f 2135//1654 2134//1654 2136//1654
f 2135//1655 2136//1655 2137//1655
f 2137//1656 2136//1656 2138//1656
f 2137//1657 2138//1657 2139//1657
f 2139//1658 2138//1658 2140//1658
f 2139//1659 2140//1659 2141//1659
f 2141//1660 2140//1660 2142//1660
f 2141//1661 2142//1661 2143//1661
f 2143//1662 2142//1662 2144//1662
f 2143//1663 2144//1663 2145//1663
f 2145//1664 2144//1664 2146//1664
f 2145//1665 2146//1665 2147//1665
f 2147//1666 2146//1666 2148//1666
f 2147//1667 2148//1667 2149//1667
f 2149//1668 2148//1668 2150//1668
f 2149//1669 2150//1669 2151//1669
f 2151//1670 2150//1670 2152//1670
f 2151//1671 2152//1671 2153//1671
f 2153//1672 2152//1672 2154//1672
f 2153//1673 2154//1673 2155//1673
f 2155//1674 2154//1674 2156//1674
f 2155//1675 2156//1675 2157//1675
f 2157//1676 2156//1676 2158//1676
f 2157//1677 2158//1677 2159//1677
f 2159//1678 2158//1678 2160//1678
f 2159//1678 2160//1678 2161//1678
f 2161//1679 2160//1679 2162//1679
f 2161//1680 2162//1680 2163//1680
f 2163//1681 2162//1681 2164//1681
f 2163//1681 2164//1681 2165//1681
f 2165//1682 2164//1682 2166//1682
f 2165//1683 2166//1683 2167//1683
f 2167//1684 2166//1684 2168//1684
f 2167//1685 2168//1685 2169//1685
f 2169//1686 2168//1686 2170//1686
f 2169//1687 2170//1687 2171//1687
f 2171//1688 2170//1688 2172//1688
f 2171//1689 2172//1689 2173//1689
f 2173//1690 2172//1690 2174//1690
f 2173//1691 2174//1691 2175//1691
f 2175//1692 2174//1692 1850//1692
f 2175//1693 1850//1693 1848//1693
f 1950//1694 2110//1694 2109//1694
f 2109//1695 2110//1695 2113//1695
f 2109//1696 2113//1696 2176//1696
f 2176//1697 2113//1697 2115//1697
f 2176//1698 2115//1698 2177//1698
f 2177//1699 2115//1699 2117//1699
f 2177//1700 2117//1700 2178//1700
f 2178//1701 2117//1701 2119//1701
f 2178//1702 2119//1702 2179//1702
f 2179//1703 2119//1703 2121//1703
f 2179//1704 2121//1704 2180//1704
f 2180//1705 2121//1705 2123//1705
f 2180//1706 2123//1706 2181//1706
f 2181//1707 2123//1707 2125//1707
f 2181//1708 2125//1708 2182//1708
f 2182//1709 2125//1709 2127//1709
f 2182//1709 2127//1709 2183//1709
f 2183//1710 2127//1710 2129//1710
f 2183//1711 2129//1711 2184//1711
f 2184//1712 2129//1712 2131//1712
f 2184//1713 2131//1713 2185//1713
f 2185//1714 2131//1714 2133//1714
f 2185//1715 2133//1715 2186//1715
f 2186//1716 2133//1716 2135//1716
f 2186//1717 2135//1717 2187//1717
f 2187//1718 2135//1718 2137//1718
f 2187//1719 2137//1719 2188//1719
f 2188//1720 2137//1720 2139//1720
f 2188//1721 2139//1721 2189//1721
f 2189//1722 2139//1722 2141//1722
f 2189//1723 2141//1723 2190//1723
f 2190//1724 2141//1724 2143//1724
f 2190//1725 2143//1725 2191//1725
f 2191//1726 2143//1726 2145//1726
f 2191//1727 2145//1727 2192//1727
f 2192//1728 2145//1728 2147//1728
f 2192//1729 2147//1729 2193//1729
f 2193//1730 2147//1730 2149//1730
f 2193//1731 2149//1731 2194//1731
f 2194//1732 2149//1732 2151//1732
f 2194//1733 2151//1733 2195//1733
f 2195//1734 2151//1734 2153//1734
f 2195//1735 2153//1735 2196//1735
f 2196//1736 2153//1736 2155//1736
f 2196//1737 2155//1737 2197//1737
f 2197//1738 2155//1738 2157//1738
f 2197//1739 2157//1739 2198//1739
f 2198//1740 2157//1740 2159//1740
f 2198//1741 2159//1741 2199//1741
f 2199//1742 2159//1742 2161//1742
f 2199//1742 2161//1742 2200//1742
f 2200//1743 2161//1743 2163//1743
f 2200//1744 2163//1744 2201//1744
f 2201//1745 2163//1745 2165//1745
f 2201//1746 2165//1746 2202//1746
f 2202//1747 2165//1747 2167//1747
f 2202//1748 2167//1748 2203//1748
f 2203//1749 2167//1749 2169//1749
f 2203//1750 2169//1750 2204//1750
f 2204//1751 2169//1751 2171//1751
f 2204//1752 2171//1752 2205//1752
f 2205//1753 2171//1753 2173//1753
f 2205//1754 2173//1754 2206//1754
f 2206//1755 2173//1755 2175//1755
f 2206//1756 2175//1756 2207//1756
f 2207//1757 2175//1757 1848//1757
f 2207//1758 1848//1758 1846//1758
f 1984//1759 2109//1759 2043//1759
f 2043//1760 2109//1760 2176//1760
f 2043//1761 2176//1761 2044//1761
f 2044//1762 2176//1762 2177//1762
f 2044//1763 2177//1763 2038//1763
f 2038//1764 2177//1764 2178//1764
f 2038//1765 2178//1765 2208//1765
f 2208//1766 2178//1766 2179//1766
f 2208//1767 2179//1767 2209//1767
f 2209//1768 2179//1768 2180//1768
f 2209//1769 2180//1769 2210//1769
f 2210//1770 2180//1770 2181//1770
f 2210//1771 2181//1771 2057//1771
f 2057//1772 2181//1772 2182//1772
f 2057//1773 2182//1773 2058//1773
f 2058//1774 2182//1774 2183//1774
f 2058//1774 2183//1774 2059//1774
f 2059//1775 2183//1775 2184//1775
f 2059//1776 2184//1776 2060//1776
f 2060//1777 2184//1777 2185//1777
f 2060//1778 2185//1778 2211//1778
f 2211//1779 2185//1779 2186//1779
f 2211//1780 2186//1780 2063//1780
f 2063//1781 2186//1781 2187//1781
f 2063//1782 2187//1782 2212//1782
f 2212//1783 2187//1783 2188//1783
f 2212//1784 2188//1784 2213//1784
f 2213//1785 2188//1785 2189//1785
f 2213//1786 2189//1786 2067//1786
f 2067//1787 2189//1787 2190//1787
f 2067//1788 2190//1788 2068//1788
f 2068//1789 2190//1789 2191//1789
f 2068//1790 2191//1790 2069//1790
f 2069//1791 2191//1791 2192//1791
f 2069//1792 2192//1792 2070//1792
f 2070//1793 2192//1793 2193//1793
f 2070//1794 2193//1794 2071//1794
f 2071//1795 2193//1795 2194//1795
f 2071//1796 2194//1796 2214//1796
f 2214//1797 2194//1797 2195//1797
f 2214//1798 2195//1798 2215//1798
f 2215//1799 2195//1799 2196//1799
f 2215//1800 2196//1800 2216//1800
f 2216//1801 2196//1801 2197//1801
f 2216//1802 2197//1802 2217//1802
f 2217//1803 2197//1803 2198//1803
f 2217//1804 2198//1804 2078//1804
f 2078//1805 2198//1805 2199//1805
f 2078//1806 2199//1806 2079//1806
f 2079//1807 2199//1807 2200//1807
f 2079//1807 2200//1807 2080//1807
f 2080//1808 2200//1808 2201//1808
f 2080//1809 2201//1809 2081//1809
f 2081//1810 2201//1810 2202//1810
f 2081//1811 2202//1811 2218//1811
f 2218//1812 2202//1812 2203//1812
f 2218//1813 2203//1813 2219//1813
f 2219//1814 2203//1814 2204//1814
f 2219//1815 2204//1815 2220//1815
f 2220//1816 2204//1816 2205//1816
f 2220//1817 2205//1817 2031//1817
f 2031//1818 2205//1818 2206//1818
f 2031//1819 2206//1819 2032//1819
f 2032//1820 2206//1820 2207//1820
f 2032//1821 2207//1821 2033//1821
f 2033//1822 2207//1822 1846//1822
f 2033//1823 1846//1823 1845//1823
f 2221//1824 2222//1824 2223//1824
f 2223//1825 2222//1825 2224//1825
f 2223//1826 2224//1826 2225//1826
f 2225//1827 2224//1827 2226//1827
f 2225//1828 2226//1828 2227//1828
f 2227//1829 2226//1829 2228//1829
f 2227//1830 2228//1830 2229//1830
f 2229//1831 2228//1831 2230//1831
f 2229//1832 2230//1832 2231//1832
f 2231//1833 2230//1833 2232//1833
f 2231//1834 2232//1834 2233//1834
f 2233//1835 2232//1835 2234//1835
f 2233//1836 2234//1836 2235//1836
f 2235//1837 2234//1837 2236//1837
f 2235//1838 2236//1838 2237//1838
f 2237//1839 2236//1839 2238//1839
f 2237//1840 2238//1840 2239//1840
f 2239//1841 2238//1841 2240//1841
f 2239//1842 2240//1842 2241//1842
f 2241//1843 2240//1843 2242//1843
f 2241//1844 2242//1844 2243//1844
f 2243//1845 2242//1845 2244//1845
f 2243//1846 2244//1846 2221//1846
f 2221//1847 2244//1847 2222//1847
f 2245//1848 2246//1848 2247//1848
f 2247//1849 2246//1849 2248//1849
f 2247//1850 2248//1850 2249//1850
f 2249//1827 2248//1827 2250//1827
f 2249//1851 2250//1851 2251//1851
f 2251//1852 2250//1852 2252//1852
f 2251//1853 2252//1853 2253//1853
f 2253//1831 2252//1831 2254//1831
f 2253//1854 2254//1854 2255//1854
f 2255//1855 2254//1855 2256//1855
f 2255//1856 2256//1856 2257//1856
f 2257//1857 2256//1857 2258//1857
f 2257//1858 2258//1858 2259//1858
f 2259//1859 2258//1859 2260//1859
f 2259//1860 2260//1860 2261//1860
f 2261//1861 2260//1861 2262//1861
f 2261//1862 2262//1862 2263//1862
f 2263//1863 2262//1863 2264//1863
f 2263//1864 2264//1864 2265//1864
f 2265//1865 2264//1865 2266//1865
f 2265//1866 2266//1866 2267//1866
f 2267//1867 2266//1867 2268//1867
f 2267//1868 2268//1868 2245//1868
f 2245//1869 2268//1869 2246//1869
f 2128//1870 2126//1870 2238//1870
f 2232//1871 2269//1871 2270//1871
f 2250//1872 2248//1872 2271//1872
f 2142//1873 2236//1873 2234//1873
f 2118//1874 2222//1874 2244//1874
f 2238//1875 2126//1875 2240//1875
f 2240//1876 2126//1876 2124//1876
f 2240//1877 2124//1877 2242//1877
f 2242//1878 2124//1878 2122//1878
f 2242//1879 2122//1879 2244//1879
f 2244//1880 2122//1880 2120//1880
f 2244//1881 2120//1881 2118//1881
f 2142//1882 2140//1882 2236//1882
f 2236//1883 2140//1883 2138//1883
f 2236//1884 2138//1884 2136//1884
f 2136//1885 2134//1885 2236//1885
f 2236//1886 2134//1886 2132//1886
f 2236//1887 2132//1887 2238//1887
f 2238//1888 2132//1888 2130//1888
f 2238//1889 2130//1889 2128//1889
f 2142//1890 2246//1890 2268//1890
f 2232//1891 2270//1891 2234//1891
f 2234//1892 2270//1892 2271//1892
f 2234//1893 2271//1893 2142//1893
f 2142//1894 2271//1894 2248//1894
f 2142//1895 2248//1895 2246//1895
f 2150//1896 2148//1896 2268//1896
f 2174//1897 2172//1897 2254//1897
f 2254//1898 2172//1898 2170//1898
f 2254//1899 2170//1899 2256//1899
f 2256//1900 2170//1900 2168//1900
f 2256//1901 2168//1901 2258//1901
f 2258//1902 2168//1902 2166//1902
f 2258//1903 2166//1903 2260//1903
f 2260//1904 2166//1904 2164//1904
f 2260//1905 2164//1905 2262//1905
f 2262//1906 2164//1906 2162//1906
f 2262//1907 2162//1907 2264//1907
f 2264//1908 2162//1908 2160//1908
f 2264//1909 2160//1909 2266//1909
f 2266//1910 2160//1910 2158//1910
f 2222//1911 2118//1911 2224//1911
f 2224//1912 2118//1912 2116//1912
f 2224//1913 2116//1913 2226//1913
f 2226//1914 2116//1914 2114//1914
f 2226//1915 2114//1915 2112//1915
f 2230//1916 2272//1916 2232//1916
f 2232//1917 2272//1917 2273//1917
f 2232//1918 2273//1918 2269//1918
f 2158//1919 2156//1919 2266//1919
f 2266//1920 2156//1920 2154//1920
f 2266//1921 2154//1921 2268//1921
f 2268//1922 2154//1922 2152//1922
f 2268//1923 2152//1923 2150//1923
f 2148//1924 2146//1924 2268//1924
f 2268//1925 2146//1925 2144//1925
f 2268//1926 2144//1926 2142//1926
f 1860//1927 1858//1927 2252//1927
f 2252//1928 1858//1928 1856//1928
f 2252//1929 1856//1929 1854//1929
f 2271//1930 2274//1930 2250//1930
f 2250//1931 2274//1931 2275//1931
f 2250//1932 2275//1932 2252//1932
f 2252//1933 2275//1933 1862//1933
f 2252//1934 1862//1934 1860//1934
f 1876//1935 1874//1935 2276//1935
f 2276//1936 1874//1936 1872//1936
f 2276//1937 1872//1937 2275//1937
f 2275//1938 1872//1938 1870//1938
f 2275//1939 1870//1939 1868//1939
f 1854//1940 1852//1940 2252//1940
f 2252//1941 1852//1941 1851//1941
f 2252//1942 1851//1942 2254//1942
f 2254//1943 1851//1943 1850//1943
f 2254//1944 1850//1944 2174//1944
f 1868//1945 1866//1945 2275//1945
f 2275//1946 1866//1946 1864//1946
f 2275//1947 1864//1947 1862//1947
f 1912//1948 1910//1948 2228//1948
f 1876//1949 2276//1949 1878//1949
f 1878//1950 2276//1950 2277//1950
f 1878//1951 2277//1951 1880//1951
f 1880//1952 2277//1952 2278//1952
f 1880//1953 2278//1953 1882//1953
f 1882//1954 2278//1954 2279//1954
f 1882//1955 2279//1955 1884//1955
f 1884//1956 2279//1956 2280//1956
f 1884//1957 2280//1957 1886//1957
f 1886//1958 2280//1958 2272//1958
f 1886//1959 2272//1959 1888//1959
f 1888//1960 2272//1960 2230//1960
f 1888//1961 2230//1961 1890//1961
f 2112//1962 2111//1962 2226//1962
f 2226//1963 2111//1963 1916//1963
f 2226//1964 1916//1964 2228//1964
f 2228//1965 1916//1965 1914//1965
f 2228//1966 1914//1966 1912//1966
f 1896//1967 1894//1967 2230//1967
f 2230//1968 1894//1968 1892//1968
f 2230//1969 1892//1969 1890//1969
f 1910//1909 1908//1909 2228//1909
f 2228//1970 1908//1970 1906//1970
f 2228//1971 1906//1971 1904//1971
f 1904//1972 1902//1972 2228//1972
f 2228//1973 1902//1973 1900//1973
f 2228//1974 1900//1974 2230//1974
f 2230//1975 1900//1975 1898//1975
f 2230//1976 1898//1976 1896//1976
f 389//1977 2273//1977 367//1977
f 367//1978 2273//1978 2272//1978
f 367//1979 2272//1979 369//1979
f 369//1980 2272//1980 2280//1980
f 369//1981 2280//1981 371//1981
f 371//1982 2280//1982 2279//1982
f 371//1983 2279//1983 373//1983
f 373//1984 2279//1984 2278//1984
f 373//1985 2278//1985 375//1985
f 375//1986 2278//1986 2277//1986
f 375//1987 2277//1987 377//1987
f 377//1988 2277//1988 2276//1988
f 377//1989 2276//1989 379//1989
f 379//1990 2276//1990 2275//1990
f 379//1991 2275//1991 381//1991
f 381//1991 2275//1991 2274//1991
f 381//1992 2274//1992 383//1992
f 383//1993 2274//1993 2271//1993
f 383//1994 2271//1994 385//1994
f 385//1995 2271//1995 2270//1995
f 385//1996 2270//1996 387//1996
f 387//1997 2270//1997 2269//1997
f 387//1998 2269//1998 389//1998
f 389//1999 2269//1999 2273//1999
f 1231//1 1232//1 1233//1
f 1233//1 1234//1 1227//1
f 1227//1 1234//1 1235//1
f 1235//1 1236//1 1227//1
f 1227//1 1236//1 1237//1
f 1227//1 1237//1 1238//1
f 1230//1 1231//1 1229//1
f 1229//1 1231//1 1233//1
f 1229//1 1233//1 1228//1
f 1228//1 1233//1 1227//1
f 1280//1 1281//1 1282//1
f 1283//1 1284//1 1282//1
f 1282//1 1284//1 1285//1
f 1278//1 1279//1 1277//1
f 1277//1 1279//1 1280//1
f 1277//1 1280//1 1276//1
f 1276//1 1280//1 1282//1
f 1276//1 1282//1 1275//1
f 1275//1 1282//1 1285//1
f 1275//1 1285//1 1286//1
f 1344//1 1345//1 1346//1
f 1338//1 1339//1 1340//1
f 1340//1 1341//1 1342//1
f 1349//1 1338//1 1348//1
f 1348//1 1338//1 1340//1
f 1348//1 1340//1 1347//1
f 1347//1 1340//1 1346//1
f 1346//1 1340//1 1344//1
f 1344//1 1340//1 1342//1
f 1344//1 1342//1 1343//1
f 1406//1 1407//1 1408//1
f 1415//1 1416//1 1414//1
f 1414//1 1416//1 1405//1
f 1414//1 1405//1 1406//1
f 1412//1 1413//1 1411//1
f 1411//1 1413//1 1414//1
f 1411//1 1414//1 1410//1
f 1406//1 1408//1 1414//1
f 1414//1 1408//1 1409//1
f 1414//1 1409//1 1410//1
f 1475//1 1476//1 1474//1
f 1474//1 1476//1 1477//1
f 1481//1 1482//1 1480//1
f 1480//1 1482//1 1471//1
f 1480//1 1471//1 1479//1
f 1473//1 1474//1 1472//1
f 1472//1 1474//1 1477//1
f 1472//1 1477//1 1471//1
f 1471//1 1477//1 1478//1
f 1471//1 1478//1 1479//1
f 2281//30 2227//30 2282//30
f 2282//30 2227//30 2229//30
f 2282//30 2229//30 2283//30
f 2283//30 2229//30 2231//30
f 2283//30 2231//30 2284//30
f 2284//30 2231//30 2233//30
f 2284//30 2233//30 2285//30
f 2285//30 2233//30 2235//30
f 2285//30 2235//30 2286//30
f 2286//30 2235//30 2237//30
f 2286//30 2237//30 2287//30
f 2287//30 2237//30 2239//30
f 2287//30 2239//30 2288//30
f 2288//30 2239//30 2241//30
f 2288//30 2241//30 2289//30
f 2289//30 2241//30 2243//30
f 2289//30 2243//30 2290//30
f 2290//30 2243//30 2221//30
f 2290//30 2221//30 2291//30
f 2291//30 2221//30 2223//30
f 2291//30 2223//30 2292//30
f 2292//30 2223//30 2225//30
f 2292//30 2225//30 2281//30
f 2281//30 2225//30 2227//30
f 2293//2000 2287//2000 2294//2000
f 2294//2001 2287//2001 2288//2001
f 2294//2002 2288//2002 2295//2002
f 2295//2003 2288//2003 2289//2003
f 2295//2004 2289//2004 2296//2004
f 2296//2005 2289//2005 2290//2005
f 2296//2006 2290//2006 2297//2006
f 2297//2007 2290//2007 2291//2007
f 2297//2008 2291//2008 2298//2008
f 2298//2009 2291//2009 2292//2009
f 2298//2010 2292//2010 2299//2010
f 2299//2011 2292//2011 2281//2011
f 2299//2012 2281//2012 2300//2012
f 2300//2013 2281//2013 2282//2013
f 2300//2014 2282//2014 2301//2014
f 2301//2015 2282//2015 2283//2015
f 2301//2016 2283//2016 2302//2016
f 2302//2017 2283//2017 2284//2017
f 2302//2018 2284//2018 2303//2018
f 2303//2019 2284//2019 2285//2019
f 2303//2020 2285//2020 2304//2020
f 2304//2021 2285//2021 2286//2021
f 2304//2022 2286//2022 2293//2022
f 2293//2023 2286//2023 2287//2023
f 2305//30 2255//30 2306//30
f 2306//30 2255//30 2257//30
f 2306//30 2257//30 2307//30
f 2307//30 2257//30 2259//30
f 2307//30 2259//30 2308//30
f 2308//30 2259//30 2261//30
f 2308//30 2261//30 2309//30
f 2309//30 2261//30 2263//30
f 2309//30 2263//30 2310//30
f 2310//30 2263//30 2265//30
f 2310//30 2265//30 2311//30
f 2311//30 2265//30 2267//30
f 2311//30 2267//30 2312//30
f 2312//30 2267//30 2245//30
f 2312//30 2245//30 2313//30
f 2313//30 2245//30 2247//30
f 2313//30 2247//30 2314//30
f 2314//30 2247//30 2249//30
f 2314//30 2249//30 2315//30
f 2315//30 2249//30 2251//30
f 2315//30 2251//30 2316//30
f 2316//30 2251//30 2253//30
f 2316//30 2253//30 2305//30
f 2305//30 2253//30 2255//30
f 2317//2024 2309//2024 2318//2024
f 2318//2025 2309//2025 2310//2025
f 2318//2026 2310//2026 2319//2026
f 2319//2027 2310//2027 2311//2027
f 2319//2028 2311//2028 2320//2028
f 2320//2029 2311//2029 2312//2029
f 2320//2030 2312//2030 2321//2030
f 2321//2031 2312//2031 2313//2031
f 2321//2032 2313//2032 2322//2032
f 2322//2033 2313//2033 2314//2033
f 2322//2034 2314//2034 2323//2034
f 2323//2035 2314//2035 2315//2035
f 2323//2036 2315//2036 2324//2036
f 2324//2037 2315//2037 2316//2037
f 2324//2038 2316//2038 2325//2038
f 2325//2039 2316//2039 2305//2039
f 2325//2040 2305//2040 2326//2040
f 2326//2041 2305//2041 2306//2041
f 2326//2042 2306//2042 2327//2042
f 2327//2043 2306//2043 2307//2043
f 2327//2044 2307//2044 2328//2044
f 2328//2045 2307//2045 2308//2045
f 2328//2046 2308//2046 2317//2046
f 2317//2047 2308//2047 2309//2047
f 2329//2048 2330//2048 2331//2048
f 2331//2048 2330//2048 2332//2048
f 2331//2049 2332//2049 2333//2049
f 2333//2049 2332//2049 2334//2049
f 2333//2050 2334//2050 2335//2050
f 2335//2050 2334//2050 2336//2050
f 2335//2051 2336//2051 2337//2051
f 2337//2051 2336//2051 2338//2051
f 2337//2052 2338//2052 2339//2052
f 2339//2052 2338//2052 2340//2052
f 2339//2053 2340//2053 2341//2053
f 2341//2053 2340//2053 2342//2053
f 2335//1 2343//1 2333//1
f 2333//1 2343//1 2344//1
f 2333//1 2344//1 2331//1
f 2331//1 2344//1 2345//1
f 2331//1 2345//1 2329//1
f 2329//1 2345//1 2346//1
f 2329//1 2346//1 2347//1
f 2347//1 2346//1 2348//1
f 2347//1 2348//1 2349//1
f 2349//1 2348//1 2350//1
f 2349//1 2350//1 2351//1
f 2351//1 2350//1 2352//1
f 2351//1 2352//1 2353//1
f 2353//1 2352//1 2354//1
f 2353//1 2354//1 2355//1
f 2355//1 2354//1 2356//1
f 2355//1 2356//1 2341//1
f 2341//1 2356//1 2357//1
f 2341//1 2357//1 2339//1
f 2339//1 2357//1 2358//1
f 2339//1 2358//1 2337//1
f 2337//1 2358//1 2359//1
f 2337//1 2359//1 2335//1
f 2335//1 2359//1 2343//1
f 2341//2054 2342//2054 2355//2054
f 2355//2054 2342//2054 2360//2054
f 2355//2055 2360//2055 2353//2055
f 2353//2055 2360//2055 2361//2055
f 2353//2056 2361//2056 2351//2056
f 2351//2056 2361//2056 2362//2056
f 2351//2057 2362//2057 2349//2057
f 2349//2057 2362//2057 2363//2057
f 2349//2058 2363//2058 2347//2058
f 2347//2058 2363//2058 2364//2058
f 2347//2059 2364//2059 2329//2059
f 2329//2059 2364//2059 2330//2059
f 2342//2060 2321//2060 2360//2060
f 2360//2061 2321//2061 2322//2061
f 2360//2062 2322//2062 2361//2062
f 2361//2063 2322//2063 2323//2063
f 2361//2064 2323//2064 2362//2064
f 2362//2065 2323//2065 2324//2065
f 2362//2066 2324//2066 2363//2066
f 2363//2067 2324//2067 2325//2067
f 2363//2068 2325//2068 2364//2068
f 2364//2069 2325//2069 2326//2069
f 2364//2070 2326//2070 2330//2070
f 2330//2071 2326//2071 2327//2071
f 2330//2072 2327//2072 2332//2072
f 2332//2073 2327//2073 2328//2073
f 2332//2074 2328//2074 2334//2074
f 2334//2075 2328//2075 2317//2075
f 2334//2076 2317//2076 2336//2076
f 2336//2077 2317//2077 2318//2077
f 2336//2078 2318//2078 2338//2078
f 2338//2079 2318//2079 2319//2079
f 2338//2080 2319//2080 2340//2080
f 2340//2081 2319//2081 2320//2081
f 2340//2082 2320//2082 2342//2082
f 2342//2083 2320//2083 2321//2083
f 2365//2084 2366//2084 2367//2084
f 2367//2084 2366//2084 2368//2084
f 2367//2085 2368//2085 2369//2085
f 2369//2085 2368//2085 2370//2085
f 2369//2050 2370//2050 2371//2050
f 2371//2050 2370//2050 2372//2050
f 2371//2086 2372//2086 2373//2086
f 2373//2086 2372//2086 2374//2086
f 2373//2052 2374//2052 2375//2052
f 2375//2052 2374//2052 2376//2052
f 2375//2053 2376//2053 2377//2053
f 2377//2053 2376//2053 2378//2053
f 2365//1 2379//1 2380//1
f 2380//1 2379//1 2381//1
f 2380//1 2381//1 2382//1
f 2382//1 2381//1 2383//1
f 2382//1 2383//1 2384//1
f 2384//1 2383//1 2385//1
f 2384//1 2385//1 2386//1
f 2386//1 2385//1 2387//1
f 2386//1 2387//1 2388//1
f 2388//1 2387//1 2389//1
f 2388//1 2389//1 2377//1
f 2377//1 2389//1 2390//1
f 2377//1 2390//1 2375//1
f 2375//1 2390//1 2391//1
f 2375//1 2391//1 2373//1
f 2373//1 2391//1 2392//1
f 2373//1 2392//1 2371//1
f 2371//1 2392//1 2393//1
f 2371//1 2393//1 2369//1
f 2369//1 2393//1 2394//1
f 2369//1 2394//1 2367//1
f 2367//1 2394//1 2395//1
f 2367//1 2395//1 2365//1
f 2365//1 2395//1 2379//1
f 2377//2054 2378//2054 2388//2054
f 2388//2054 2378//2054 2396//2054
f 2388//2087 2396//2087 2386//2087
f 2386//2087 2396//2087 2397//2087
f 2386//2056 2397//2056 2384//2056
f 2384//2056 2397//2056 2398//2056
f 2384//2088 2398//2088 2382//2088
f 2382//2088 2398//2088 2399//2088
f 2382//2089 2399//2089 2380//2089
f 2380//2089 2399//2089 2400//2089
f 2380//2090 2400//2090 2365//2090
f 2365//2090 2400//2090 2366//2090
f 2378//2091 2297//2091 2396//2091
f 2396//2092 2297//2092 2298//2092
f 2396//2093 2298//2093 2397//2093
f 2397//2094 2298//2094 2299//2094
f 2397//2095 2299//2095 2398//2095
f 2398//2096 2299//2096 2300//2096
f 2398//2097 2300//2097 2399//2097
f 2399//2098 2300//2098 2301//2098
f 2399//2099 2301//2099 2400//2099
f 2400//2100 2301//2100 2302//2100
f 2400//2101 2302//2101 2366//2101
f 2366//2102 2302//2102 2303//2102
f 2366//2103 2303//2103 2368//2103
f 2368//2104 2303//2104 2304//2104
f 2368//2105 2304//2105 2370//2105
f 2370//2106 2304//2106 2293//2106
f 2370//2107 2293//2107 2372//2107
f 2372//2108 2293//2108 2294//2108
f 2372//2109 2294//2109 2374//2109
f 2374//2110 2294//2110 2295//2110
f 2374//2111 2295//2111 2376//2111
f 2376//2112 2295//2112 2296//2112
f 2376//2113 2296//2113 2378//2113
f 2378//2114 2296//2114 2297//2114
f 2102//2115 2401//2115 2097//2115
f 2097//2116 2401//2116 2402//2116
f 2103//2117 2108//2117 2107//2117
f 2103//2117 2107//2117 2104//2117
f 2104//2118 2107//2118 2106//2118
f 2104//2118 2106//2118 2105//2118
f 2009//2119 2004//2119 2002//2119
f 2009//2119 2002//2119 2010//2119
f 2010//2120 2002//2120 2000//2120
f 2010//2120 2000//2120 2012//2120
f 2014//2121 2013//2121 2018//2121
f 2018//2122 2013//2122 2021//2122
f 1537//1 1538//1 1539//1
f 1543//1 1544//1 1533//1
f 1542//1 1543//1 1541//1
f 1541//1 1543//1 1537//1
f 1541//1 1537//1 1540//1
f 1540//1 1537//1 1539//1
f 1536//1 1537//1 1535//1
f 1535//1 1537//1 1543//1
f 1535//1 1543//1 1534//1
f 1534//1 1543//1 1533//1
f 2346//2123 2403//2123 2348//2123
f 2348//2124 2403//2124 2404//2124
f 2348//2125 2404//2125 2350//2125
f 2350//2125 2404//2125 2405//2125
f 2350//2126 2405//2126 2352//2126
f 2352//2126 2405//2126 2406//2126
f 2352//2127 2406//2127 2354//2127
f 2354//2127 2406//2127 2407//2127
f 2354//2128 2407//2128 2356//2128
f 2356//2128 2407//2128 2408//2128
f 2356//2129 2408//2129 2357//2129
f 2357//2129 2408//2129 2409//2129
f 2357//2130 2409//2130 2358//2130
f 2358//2130 2409//2130 2410//2130
f 2358//2131 2410//2131 2359//2131
f 2359//2131 2410//2131 2411//2131
f 2359//2132 2411//2132 2343//2132
f 2343//2132 2411//2132 2412//2132
f 2343//2133 2412//2133 2344//2133
f 2413//2134 2414//2134 2415//2134
f 2415//2135 2414//2135 2416//2135
f 2415//2125 2416//2125 2417//2125
f 2417//2125 2416//2125 2418//2125
f 2417//2126 2418//2126 2419//2126
f 2419//2126 2418//2126 2420//2126
f 2419//2127 2420//2127 2421//2127
f 2421//2127 2420//2127 2422//2127
f 2421//2128 2422//2128 2423//2128
f 2423//2128 2422//2128 2424//2128
f 2423//2129 2424//2129 2425//2129
f 2425//2129 2424//2129 2426//2129
f 2425//2130 2426//2130 2427//2130
f 2427//2130 2426//2130 2428//2130
f 2427//2131 2428//2131 2429//2131
f 2429//2131 2428//2131 2430//2131
f 2429//2132 2430//2132 2431//2132
f 2431//2132 2430//2132 2432//2132
f 2431//2136 2432//2136 2433//2136
f 2433//2137 2432//2137 2434//2137
f 2433//2138 2434//2138 2435//2138
f 2413//2139 2403//2139 2414//2139
f 2414//2139 2403//2139 2346//2139
f 2414//2140 2346//2140 2436//2140
f 2436//2140 2346//2140 2345//2140
f 2436//2141 2345//2141 2434//2141
f 2434//2141 2345//2141 2344//2141
f 2434//2138 2344//2138 2435//2138
f 2435//2142 2344//2142 2412//2142
f 2433//2143 2435//2143 2437//2143
f 2437//2143 2435//2143 2438//2143
f 2437//2144 2438//2144 2413//2144
f 2413//2144 2438//2144 2403//2144
f 2403//30 2438//30 2404//30
f 2404//30 2438//30 2408//30
f 2412//30 2411//30 2410//30
f 2408//30 2407//30 2404//30
f 2404//30 2407//30 2406//30
f 2404//30 2406//30 2405//30
f 2438//30 2435//30 2408//30
f 2408//30 2435//30 2412//30
f 2408//30 2412//30 2409//30
f 2409//30 2412//30 2410//30
f 2431//1 2433//1 2437//1
f 2413//1 2415//1 2423//1
f 2427//1 2429//1 2425//1
f 2425//1 2429//1 2431//1
f 2425//1 2431//1 2423//1
f 2423//1 2431//1 2437//1
f 2423//1 2437//1 2413//1
f 2415//1 2417//1 2423//1
f 2423//1 2417//1 2419//1
f 2423//1 2419//1 2421//1
f 2439//30 2440//30 2441//30
f 2442//30 2443//30 2444//30
f 2445//30 2446//30 2442//30
f 2444//30 2447//30 2448//30
f 2445//30 2442//30 2449//30
f 2449//30 2442//30 2441//30
f 2441//30 2442//30 2444//30
f 2441//30 2444//30 2439//30
f 2439//30 2444//30 2448//30
f 2439//30 2448//30 2450//30
f 2442//1162 2451//1162 2443//1162
f 2443//1162 2451//1162 2452//1162
f 2443//1161 2452//1161 2444//1161
f 2444//1161 2452//1161 2453//1161
f 2444//866 2453//866 2447//866
f 2447//866 2453//866 2454//866
f 2447//865 2454//865 2448//865
f 2448//865 2454//865 2455//865
f 2448//1160 2455//1160 2450//1160
f 2450//1160 2455//1160 2456//1160
f 2450//1159 2456//1159 2439//1159
f 2439//1159 2456//1159 2457//1159
f 2439//1168 2457//1168 2440//1168
f 2440//1168 2457//1168 2458//1168
f 2440//2145 2458//2145 2441//2145
f 2441//2145 2458//2145 2459//2145
f 2441//2146 2459//2146 2449//2146
f 2449//2146 2459//2146 2460//2146
f 2449//2147 2460//2147 2445//2147
f 2445//2147 2460//2147 2461//2147
f 2445//2148 2461//2148 2446//2148
f 2446//2148 2461//2148 2462//2148
f 2446//1163 2462//1163 2442//1163
f 2442//1163 2462//1163 2451//1163
f 2455//30 2436//30 2456//30
f 2456//30 2436//30 2434//30
f 2456//30 2434//30 2457//30
f 2457//30 2434//30 2432//30
f 2457//30 2432//30 2458//30
f 2458//30 2432//30 2430//30
f 2458//30 2430//30 2459//30
f 2459//30 2430//30 2428//30
f 2459//30 2428//30 2460//30
f 2460//30 2428//30 2426//30
f 2460//30 2426//30 2461//30
f 2461//30 2426//30 2424//30
f 2461//30 2424//30 2462//30
f 2462//30 2424//30 2422//30
f 2462//30 2422//30 2451//30
f 2451//30 2422//30 2420//30
f 2451//30 2420//30 2452//30
f 2452//30 2420//30 2418//30
f 2452//30 2418//30 2453//30
f 2453//30 2418//30 2416//30
f 2453//30 2416//30 2454//30
f 2454//30 2416//30 2414//30
f 2454//30 2414//30 2455//30
f 2455//30 2414//30 2436//30
f 2392//2149 2463//2149 2393//2149
f 2393//2150 2463//2150 2464//2150
f 2393//2151 2464//2151 2394//2151
f 2394//2151 2464//2151 2465//2151
f 2394//2152 2465//2152 2395//2152
f 2395//2152 2465//2152 2466//2152
f 2395//2153 2466//2153 2379//2153
f 2379//2153 2466//2153 2467//2153
f 2379//2154 2467//2154 2381//2154
f 2381//2154 2467//2154 2468//2154
f 2381//2155 2468//2155 2383//2155
f 2383//2155 2468//2155 2469//2155
f 2383//2156 2469//2156 2385//2156
f 2385//2156 2469//2156 2470//2156
f 2385//2157 2470//2157 2387//2157
f 2387//2157 2470//2157 2471//2157
f 2387//2158 2471//2158 2389//2158
f 2389//2158 2471//2158 2472//2158
f 2389//2159 2472//2159 2390//2159
f 2473//2160 2474//2160 2475//2160
f 2475//2161 2474//2161 2476//2161
f 2475//2151 2476//2151 2477//2151
f 2477//2151 2476//2151 2478//2151
f 2477//2152 2478//2152 2479//2152
f 2479//2152 2478//2152 2480//2152
f 2479//2153 2480//2153 2481//2153
f 2481//2153 2480//2153 2482//2153
f 2481//2154 2482//2154 2483//2154
f 2483//2154 2482//2154 2484//2154
f 2483//2155 2484//2155 2485//2155
f 2485//2155 2484//2155 2486//2155
f 2485//2156 2486//2156 2487//2156
f 2487//2156 2486//2156 2488//2156
f 2487//2157 2488//2157 2489//2157
f 2489//2157 2488//2157 2490//2157
f 2489//2158 2490//2158 2491//2158
f 2491//2158 2490//2158 2492//2158
f 2491//2162 2492//2162 2493//2162
f 2493//2163 2492//2163 2494//2163
f 2493//2164 2494//2164 2495//2164
f 2473//2165 2463//2165 2474//2165
f 2474//2165 2463//2165 2392//2165
f 2474//2166 2392//2166 2496//2166
f 2496//2166 2392//2166 2391//2166
f 2496//2167 2391//2167 2494//2167
f 2494//2167 2391//2167 2390//2167
f 2494//2164 2390//2164 2495//2164
f 2495//2168 2390//2168 2472//2168
f 2493//2169 2495//2169 2497//2169
f 2497//2169 2495//2169 2498//2169
f 2497//2170 2498//2170 2473//2170
f 2473//2170 2498//2170 2463//2170
f 2468//30 2467//30 2466//30
f 2498//30 2495//30 2468//30
f 2468//30 2495//30 2472//30
f 2463//30 2498//30 2464//30
f 2464//30 2498//30 2468//30
f 2464//30 2468//30 2465//30
f 2465//30 2468//30 2466//30
f 2472//30 2471//30 2468//30
f 2468//30 2471//30 2470//30
f 2468//30 2470//30 2469//30
f 2483//1 2497//1 2473//1
f 2483//1 2485//1 2487//1
f 2493//1 2497//1 2491//1
f 2491//1 2497//1 2483//1
f 2491//1 2483//1 2489//1
f 2489//1 2483//1 2487//1
f 2479//1 2481//1 2477//1
f 2477//1 2481//1 2483//1
f 2477//1 2483//1 2475//1
f 2475//1 2483//1 2473//1
f 2499//30 2500//30 2501//30
f 2502//30 2503//30 2499//30
f 2499//30 2503//30 2504//30
f 2505//30 2506//30 2507//30
f 2507//30 2506//30 2499//30
f 2507//30 2499//30 2508//30
f 2508//30 2499//30 2501//30
f 2504//30 2509//30 2499//30
f 2499//30 2509//30 2510//30
f 2499//30 2510//30 2500//30
f 2509//1162 2511//1162 2510//1162
f 2510//1162 2511//1162 2512//1162
f 2510//1161 2512//1161 2500//1161
f 2500//1161 2512//1161 2513//1161
f 2500//866 2513//866 2501//866
f 2501//866 2513//866 2514//866
f 2501//865 2514//865 2508//865
f 2508//865 2514//865 2515//865
f 2508//1160 2515//1160 2507//1160
f 2507//1160 2515//1160 2516//1160
f 2507//1159 2516//1159 2505//1159
f 2505//1159 2516//1159 2517//1159
f 2505//1168 2517//1168 2506//1168
f 2506//1168 2517//1168 2518//1168
f 2506//1167 2518//1167 2499//1167
f 2499//1167 2518//1167 2519//1167
f 2499//1166 2519//1166 2502//1166
f 2502//1166 2519//1166 2520//1166
f 2502//1165 2520//1165 2503//1165
f 2503//1165 2520//1165 2521//1165
f 2503//1164 2521//1164 2504//1164
f 2504//1164 2521//1164 2522//1164
f 2504//1163 2522//1163 2509//1163
f 2509//1163 2522//1163 2511//1163
f 2521//30 2492//30 2522//30
f 2522//30 2492//30 2490//30
f 2522//30 2490//30 2511//30
f 2511//30 2490//30 2488//30
f 2511//30 2488//30 2512//30
f 2512//30 2488//30 2486//30
f 2512//30 2486//30 2513//30
f 2513//30 2486//30 2484//30
f 2513//30 2484//30 2514//30
f 2514//30 2484//30 2482//30
f 2514//30 2482//30 2515//30
f 2515//30 2482//30 2480//30
f 2515//30 2480//30 2516//30
f 2516//30 2480//30 2478//30
f 2516//30 2478//30 2517//30
f 2517//30 2478//30 2476//30
f 2517//30 2476//30 2518//30
f 2518//30 2476//30 2474//30
f 2518//30 2474//30 2519//30
f 2519//30 2474//30 2496//30
f 2519//30 2496//30 2520//30
f 2520//30 2496//30 2494//30
f 2520//30 2494//30 2521//30
f 2521//30 2494//30 2492//30
f 2523//2171 2524//2171 2525//2171
f 2525//2171 2524//2171 2526//2171
f 2525//2171 2526//2171 2527//2171
f 2527//2171 2526//2171 2528//2171
f 2527//2171 2528//2171 2529//2171
f 2529//2171 2528//2171 2530//2171
f 2529//2171 2530//2171 2531//2171
f 2531//2171 2530//2171 2532//2171
f 2531//2171 2532//2171 2533//2171
f 2533//2171 2532//2171 2534//2171
f 2533//2171 2534//2171 2535//2171
f 2535//2171 2534//2171 2536//2171
f 2535//2171 2536//2171 2537//2171
f 2537//2171 2536//2171 2538//2171
f 2537//2171 2538//2171 2539//2171
f 2539//2171 2538//2171 2540//2171
f 2539//2171 2540//2171 2541//2171
f 2542//2171 2543//2171 2544//2171
f 2544//2171 2543//2171 2545//2171
f 2544//2171 2545//2171 2546//2171
f 2546//2171 2545//2171 2547//2171
f 2546//2171 2547//2171 2548//2171
f 2548//2171 2547//2171 2549//2171
f 2548//2171 2549//2171 2550//2171
f 2550//2171 2549//2171 2551//2171
f 2550//2171 2551//2171 2552//2171
f 2552//2171 2551//2171 2553//2171
f 2552//2171 2553//2171 2554//2171
f 2554//2171 2553//2171 2555//2171
f 2554//2171 2555//2171 2556//2171
f 2556//2171 2555//2171 2557//2171
f 2556//2171 2557//2171 2558//2171
f 2558//2171 2557//2171 2559//2171
f 2558//2171 2559//2171 2523//2171
f 2523//2171 2559//2171 2560//2171
f 2523//2171 2560//2171 2524//2171
f 2561//2171 2562//2171 2563//2171
f 2563//2171 2562//2171 2564//2171
f 2563//2171 2564//2171 2565//2171
f 2565//2171 2564//2171 2566//2171
f 2565//2171 2566//2171 2567//2171
f 2567//2171 2566//2171 2568//2171
f 2567//2171 2568//2171 2569//2171
f 2569//2171 2568//2171 2570//2171
f 2569//2171 2570//2171 2571//2171
f 2571//2171 2570//2171 2572//2171
f 2571//2171 2572//2171 2573//2171
f 2573//2171 2572//2171 2574//2171
f 2573//2171 2574//2171 2575//2171
f 2575//2171 2574//2171 2576//2171
f 2575//2171 2576//2171 2577//2171
f 2577//2171 2576//2171 2578//2171
f 2577//2171 2578//2171 2542//2171
f 2542//2171 2578//2171 2579//2171
f 2542//2171 2579//2171 2543//2171
f 2540//2171 2580//2171 2541//2171
f 2541//2171 2580//2171 2581//2171
f 2541//2171 2581//2171 2582//2171
f 2582//2171 2581//2171 2583//2171
f 2582//2171 2583//2171 2584//2171
f 2584//2171 2583//2171 2585//2171
f 2584//2171 2585//2171 2586//2171
f 2586//2171 2585//2171 2587//2171
f 2586//2171 2587//2171 2588//2171
f 2588//2171 2587//2171 2589//2171
f 2588//2171 2589//2171 2590//2171
f 2590//2171 2589//2171 2591//2171
f 2590//2171 2591//2171 2592//2171
f 2592//2171 2591//2171 2593//2171
f 2592//2171 2593//2171 2594//2171
f 2594//2171 2593//2171 2595//2171
f 2594//2171 2595//2171 2596//2171
f 2596//2171 2595//2171 2597//2171
f 2596//2171 2597//2171 2561//2171
f 2561//2171 2597//2171 2598//2171
f 2561//2171 2598//2171 2562//2171
f 2599//2172 2600//2172 2601//2172
f 2601//2172 2600//2172 2602//2172
f 2601//2172 2602//2172 2603//2172
f 2603//2172 2602//2172 2604//2172
f 2603//2172 2604//2172 2605//2172
f 2605//2172 2604//2172 2606//2172
f 2605//2172 2606//2172 2607//2172
f 2607//2172 2606//2172 2608//2172
f 2607//2172 2608//2172 2609//2172
f 2609//2172 2608//2172 2610//2172
f 2609//2172 2610//2172 2611//2172
f 2611//2172 2610//2172 2612//2172
f 2611//2172 2612//2172 2613//2172
f 2613//2172 2612//2172 2614//2172
f 2613//2172 2614//2172 2615//2172
f 2615//2172 2614//2172 2616//2172
f 2615//2172 2616//2172 2617//2172
f 2616//2172 2618//2172 2617//2172
f 2617//2172 2618//2172 2619//2172
f 2617//2172 2619//2172 2620//2172
f 2620//2172 2619//2172 2621//2172
f 2620//2172 2621//2172 2622//2172
f 2622//2172 2621//2172 2623//2172
f 2622//2172 2623//2172 2624//2172
f 2624//2172 2623//2172 2625//2172
f 2624//2172 2625//2172 2626//2172
f 2626//2172 2625//2172 2627//2172
f 2626//2172 2627//2172 2628//2172
f 2628//2172 2627//2172 2629//2172
f 2628//2172 2629//2172 2630//2172
f 2630//2172 2629//2172 2631//2172
f 2630//2172 2631//2172 2632//2172
f 2632//2172 2631//2172 2633//2172
f 2632//2172 2633//2172 2634//2172
f 2634//2172 2633//2172 2635//2172
f 2634//2172 2635//2172 2636//2172
f 2635//2172 2637//2172 2636//2172
f 2636//2172 2637//2172 2638//2172
f 2636//2172 2638//2172 2639//2172
f 2639//2172 2638//2172 2640//2172
f 2639//2172 2640//2172 2641//2172
f 2641//2172 2640//2172 2642//2172
f 2641//2172 2642//2172 2643//2172
f 2643//2172 2642//2172 2644//2172
f 2643//2172 2644//2172 2645//2172
f 2645//2172 2644//2172 2646//2172
f 2645//2172 2646//2172 2647//2172
f 2647//2172 2646//2172 2648//2172
f 2647//2172 2648//2172 2649//2172
f 2649//2172 2648//2172 2650//2172
f 2649//2172 2650//2172 2651//2172
f 2651//2172 2650//2172 2652//2172
f 2651//2172 2652//2172 2653//2172
f 2653//2172 2652//2172 2654//2172
f 2653//2172 2654//2172 2655//2172
f 2654//2172 2656//2172 2655//2172
f 2655//2172 2656//2172 2657//2172
f 2655//2172 2657//2172 2658//2172
f 2658//2172 2657//2172 2659//2172
f 2658//2172 2659//2172 2660//2172
f 2660//2172 2659//2172 2661//2172
f 2660//2172 2661//2172 2662//2172
f 2662//2172 2661//2172 2663//2172
f 2662//2172 2663//2172 2664//2172
f 2664//2172 2663//2172 2665//2172
f 2664//2172 2665//2172 2666//2172
f 2666//2172 2665//2172 2667//2172
f 2666//2172 2667//2172 2668//2172
f 2668//2172 2667//2172 2669//2172
f 2668//2172 2669//2172 2670//2172
f 2670//2172 2669//2172 2671//2172
f 2670//2172 2671//2172 2672//2172
f 2672//2172 2671//2172 2673//2172
f 2672//2172 2673//2172 2599//2172
f 2599//2172 2673//2172 2674//2172
f 2599//2172 2674//2172 2600//2172
f 2536//2173 2534//2173 2667//2173
f 2667//2174 2534//2174 2669//2174
f 2534//2175 2532//2175 2669//2175
f 2669//2176 2532//2176 2530//2176
f 2669//2176 2530//2176 2671//2176
f 2671//2177 2530//2177 2528//2177
f 2671//2177 2528//2177 2673//2177
f 2673//2178 2528//2178 2526//2178
f 2673//2178 2526//2178 2674//2178
f 2674//2179 2526//2179 2524//2179
f 2674//2179 2524//2179 2600//2179
f 2600//2180 2524//2180 2560//2180
f 2600//2180 2560//2180 2602//2180
f 2602//2181 2560//2181 2559//2181
f 2602//2181 2559//2181 2604//2181
f 2604//2182 2559//2182 2557//2182
f 2604//2182 2557//2182 2606//2182
f 2606//2183 2557//2183 2555//2183
f 2606//2183 2555//2183 2608//2183
f 2608//2184 2555//2184 2553//2184
f 2608//2184 2553//2184 2610//2184
f 2610//2185 2553//2185 2551//2185
f 2610//2185 2551//2185 2612//2185
f 2612//2186 2551//2186 2549//2186
f 2612//2186 2549//2186 2614//2186
f 2614//2187 2549//2187 2547//2187
f 2614//2187 2547//2187 2616//2187
f 2616//2188 2547//2188 2545//2188
f 2616//2188 2545//2188 2618//2188
f 2618//2189 2545//2189 2543//2189
f 2618//2189 2543//2189 2619//2189
f 2619//2190 2543//2190 2579//2190
f 2619//2190 2579//2190 2621//2190
f 2621//2191 2579//2191 2578//2191
f 2621//2191 2578//2191 2623//2191
f 2623//2192 2578//2192 2576//2192
f 2623//2192 2576//2192 2625//2192
f 2625//2193 2576//2193 2574//2193
f 2625//2193 2574//2193 2627//2193
f 2627//2194 2574//2194 2572//2194
f 2627//2194 2572//2194 2629//2194
f 2629//2195 2572//2195 2570//2195
f 2629//2195 2570//2195 2631//2195
f 2631//2196 2570//2196 2568//2196
f 2631//2196 2568//2196 2633//2196
f 2633//2197 2568//2197 2566//2197
f 2633//2197 2566//2197 2635//2197
f 2635//2198 2566//2198 2564//2198
f 2635//2198 2564//2198 2637//2198
f 2637//2199 2564//2199 2562//2199
f 2637//2199 2562//2199 2638//2199
f 2638//2200 2562//2200 2598//2200
f 2638//2200 2598//2200 2640//2200
f 2640//2201 2598//2201 2597//2201
f 2640//2201 2597//2201 2642//2201
f 2642//2202 2597//2202 2595//2202
f 2642//2202 2595//2202 2644//2202
f 2644//2203 2595//2203 2593//2203
f 2644//2203 2593//2203 2646//2203
f 2646//2204 2593//2204 2591//2204
f 2646//2204 2591//2204 2648//2204
f 2648//2205 2591//2205 2589//2205
f 2648//2205 2589//2205 2650//2205
f 2650//2206 2589//2206 2587//2206
f 2650//2206 2587//2206 2652//2206
f 2652//2207 2587//2207 2585//2207
f 2652//2207 2585//2207 2654//2207
f 2654//2208 2585//2208 2583//2208
f 2654//2208 2583//2208 2656//2208
f 2656//2209 2583//2209 2581//2209
f 2656//2209 2581//2209 2657//2209
f 2657//2210 2581//2210 2580//2210
f 2657//2210 2580//2210 2659//2210
f 2659//2211 2580//2211 2540//2211
f 2659//2211 2540//2211 2661//2211
f 2661//2212 2540//2212 2538//2212
f 2661//2212 2538//2212 2663//2212
f 2663//2213 2538//2213 2536//2213
f 2663//2213 2536//2213 2665//2213
f 2665//2214 2536//2214 2667//2214
f 2571//2215 2628//2215 2569//2215
f 2569//2215 2628//2215 2630//2215
f 2569//2216 2630//2216 2567//2216
f 2567//2216 2630//2216 2632//2216
f 2567//2217 2632//2217 2565//2217
f 2565//2217 2632//2217 2634//2217
f 2565//2218 2634//2218 2563//2218
f 2563//2218 2634//2218 2636//2218
f 2563//2219 2636//2219 2561//2219
f 2561//2219 2636//2219 2639//2219
f 2561//2220 2639//2220 2596//2220
f 2596//2220 2639//2220 2641//2220
f 2596//2221 2641//2221 2594//2221
f 2594//2221 2641//2221 2643//2221
f 2594//2222 2643//2222 2592//2222
f 2592//2222 2643//2222 2645//2222
f 2592//2223 2645//2223 2590//2223
f 2590//2223 2645//2223 2647//2223
f 2590//2224 2647//2224 2588//2224
f 2588//2224 2647//2224 2649//2224
f 2588//2225 2649//2225 2586//2225
f 2586//2225 2649//2225 2651//2225
f 2586//2226 2651//2226 2584//2226
f 2584//2226 2651//2226 2653//2226
f 2584//2227 2653//2227 2582//2227
f 2582//2227 2653//2227 2655//2227
f 2582//2228 2655//2228 2541//2228
f 2541//2228 2655//2228 2658//2228
f 2541//2229 2658//2229 2539//2229
f 2539//2229 2658//2229 2660//2229
f 2539//2230 2660//2230 2537//2230
f 2537//2230 2660//2230 2662//2230
f 2537//2231 2662//2231 2535//2231
f 2535//2231 2662//2231 2664//2231
f 2535//2232 2664//2232 2533//2232
f 2533//2233 2664//2233 2666//2233
f 2533//2234 2666//2234 2531//2234
f 2531//2235 2666//2235 2668//2235
f 2531//2236 2668//2236 2529//2236
f 2529//2236 2668//2236 2670//2236
f 2529//2237 2670//2237 2527//2237
f 2527//2237 2670//2237 2672//2237
f 2527//2238 2672//2238 2525//2238
f 2525//2238 2672//2238 2599//2238
f 2525//2239 2599//2239 2523//2239
f 2523//2239 2599//2239 2601//2239
f 2523//2240 2601//2240 2558//2240
f 2558//2240 2601//2240 2603//2240
f 2558//2241 2603//2241 2556//2241
f 2556//2241 2603//2241 2605//2241
f 2556//2242 2605//2242 2554//2242
f 2554//2242 2605//2242 2607//2242
f 2554//2243 2607//2243 2552//2243
f 2552//2243 2607//2243 2609//2243
f 2552//2244 2609//2244 2550//2244
f 2550//2244 2609//2244 2611//2244
f 2550//2245 2611//2245 2548//2245
f 2548//2245 2611//2245 2613//2245
f 2548//2246 2613//2246 2546//2246
f 2546//2246 2613//2246 2615//2246
f 2546//2247 2615//2247 2544//2247
f 2544//2247 2615//2247 2617//2247
f 2544//2248 2617//2248 2542//2248
f 2542//2248 2617//2248 2620//2248
f 2542//2249 2620//2249 2577//2249
f 2577//2249 2620//2249 2622//2249
f 2577//2250 2622//2250 2575//2250
f 2575//2250 2622//2250 2624//2250
f 2575//2251 2624//2251 2573//2251
f 2573//2251 2624//2251 2626//2251
f 2573//2252 2626//2252 2571//2252
f 2571//2252 2626//2252 2628//2252
f 2675//2253 2676//2253 2677//2253
f 2677//2253 2678//2253 2675//2253
f 2675//2253 2678//2253 2679//2253
f 2675//2253 2679//2253 2680//2253
f 2680//2253 2679//2253 2681//2253
f 2680//2253 2681//2253 2682//2253
f 2682//2253 2681//2253 2683//2253
f 2682//2253 2683//2253 2684//2253
f 2685//2253 2686//2253 2687//2253
f 2687//2253 2686//2253 2688//2253
f 2687//2253 2688//2253 2689//2253
f 2690//2253 2691//2253 2692//2253
f 2683//2253 2693//2253 2684//2253
f 2684//2253 2693//2253 2694//2253
f 2684//2253 2694//2253 2695//2253
f 2695//2253 2694//2253 2696//2253
f 2695//2253 2696//2253 2697//2253
f 2698//2253 2699//2253 2700//2253
f 2700//2253 2699//2253 2701//2253
f 2700//2253 2701//2253 2702//2253
f 2702//2253 2701//2253 2703//2253
f 2702//2253 2703//2253 2704//2253
f 2705//2253 2706//2253 2707//2253
f 2707//2253 2706//2253 2708//2253
f 2707//2253 2708//2253 2685//2253
f 2685//2253 2708//2253 2709//2253
f 2685//2253 2709//2253 2686//2253
f 2692//2253 2710//2253 2690//2253
f 2690//2253 2710//2253 2711//2253
f 2690//2253 2711//2253 2712//2253
f 2712//2253 2711//2253 2713//2253
f 2712//2253 2713//2253 2705//2253
f 2705//2253 2713//2253 2714//2253
f 2705//2253 2714//2253 2706//2253
f 2696//2253 2715//2253 2697//2253
f 2697//2253 2715//2253 2716//2253
f 2697//2253 2716//2253 2717//2253
f 2717//2253 2716//2253 2718//2253
f 2717//2253 2718//2253 2691//2253
f 2691//2253 2718//2253 2719//2253
f 2691//2253 2719//2253 2692//2253
f 2703//2253 2720//2253 2704//2253
f 2704//2253 2720//2253 2721//2253
f 2704//2253 2721//2253 2722//2253
f 2722//2253 2721//2253 2723//2253
f 2722//2253 2723//2253 2676//2253
f 2676//2253 2723//2253 2724//2253
f 2676//2253 2724//2253 2677//2253
f 2725//2253 2726//2253 2727//2253
f 2727//2253 2726//2253 2728//2253
f 2727//2253 2728//2253 2698//2253
f 2698//2253 2728//2253 2729//2253
f 2698//2253 2729//2253 2699//2253
f 2688//2253 2730//2253 2689//2253
f 2689//2253 2730//2253 2731//2253
f 2689//2253 2731//2253 2732//2253
f 2732//2253 2731//2253 2733//2253
f 2732//2253 2733//2253 2725//2253
f 2725//2253 2733//2253 2734//2253
f 2725//2253 2734//2253 2726//2253
f 2678//2254 2735//2254 2679//2254
f 2679//2255 2735//2255 2736//2255
f 2679//2255 2736//2255 2681//2255
f 2681//2256 2736//2256 2737//2256
f 2681//2256 2737//2256 2683//2256
f 2683//2257 2737//2257 2738//2257
f 2683//2257 2738//2257 2693//2257
f 2693//2258 2738//2258 2739//2258
f 2693//2258 2739//2258 2694//2258
f 2694//2259 2739//2259 2740//2259
f 2694//2259 2740//2259 2696//2259
f 2696//2260 2740//2260 2741//2260
f 2696//2260 2741//2260 2715//2260
f 2715//2261 2741//2261 2742//2261
f 2715//2261 2742//2261 2716//2261
f 2716//2262 2742//2262 2743//2262
f 2716//2262 2743//2262 2718//2262
f 2718//2263 2743//2263 2744//2263
f 2718//2263 2744//2263 2719//2263
f 2719//2264 2744//2264 2745//2264
f 2719//2264 2745//2264 2692//2264
f 2692//2265 2745//2265 2746//2265
f 2692//2265 2746//2265 2710//2265
f 2710//2266 2746//2266 2747//2266
f 2710//2266 2747//2266 2711//2266
f 2711//2267 2747//2267 2748//2267
f 2711//2267 2748//2267 2713//2267
f 2713//2268 2748//2268 2749//2268
f 2713//2268 2749//2268 2714//2268
f 2714//2269 2749//2269 2750//2269
f 2714//2269 2750//2269 2706//2269
f 2706//2270 2750//2270 2751//2270
f 2706//2270 2751//2270 2708//2270
f 2708//2271 2751//2271 2752//2271
f 2708//2271 2752//2271 2709//2271
f 2709//2272 2752//2272 2753//2272
f 2709//2272 2753//2272 2686//2272
f 2686//2273 2753//2273 2754//2273
f 2686//2273 2754//2273 2688//2273
f 2688//2274 2754//2274 2755//2274
f 2688//2274 2755//2274 2730//2274
f 2730//2275 2755//2275 2756//2275
f 2730//2275 2756//2275 2731//2275
f 2731//2276 2756//2276 2757//2276
f 2731//2276 2757//2276 2733//2276
f 2733//2277 2757//2277 2758//2277
f 2733//2277 2758//2277 2734//2277
f 2734//2278 2758//2278 2759//2278
f 2734//2278 2759//2278 2726//2278
f 2726//2279 2759//2279 2760//2279
f 2726//2279 2760//2279 2728//2279
f 2728//2280 2760//2280 2761//2280
f 2728//2280 2761//2280 2729//2280
f 2729//2281 2761//2281 2762//2281
f 2729//2281 2762//2281 2699//2281
f 2699//2282 2762//2282 2763//2282
f 2699//2282 2763//2282 2701//2282
f 2701//2283 2763//2283 2764//2283
f 2701//2283 2764//2283 2703//2283
f 2703//2284 2764//2284 2765//2284
f 2703//2284 2765//2284 2720//2284
f 2720//2285 2765//2285 2766//2285
f 2720//2285 2766//2285 2721//2285
f 2721//2286 2766//2286 2767//2286
f 2721//2286 2767//2286 2723//2286
f 2723//2287 2767//2287 2768//2287
f 2723//2287 2768//2287 2724//2287
f 2724//2288 2768//2288 2769//2288
f 2724//2288 2769//2288 2677//2288
f 2677//2289 2769//2289 2770//2289
f 2677//2289 2770//2289 2678//2289
f 2678//2254 2770//2254 2735//2254
f 2771//2290 2754//2290 2772//2290
f 2772//2290 2754//2290 2753//2290
f 2772//2290 2753//2290 2773//2290
f 2773//2290 2753//2290 2752//2290
f 2773//2290 2752//2290 2774//2290
f 2775//2290 2761//2290 2776//2290
f 2776//2290 2761//2290 2760//2290
f 2776//2290 2760//2290 2777//2290
f 2777//2290 2760//2290 2759//2290
f 2777//2290 2759//2290 2778//2290
f 2759//2290 2758//2290 2778//2290
f 2778//2290 2758//2290 2757//2290
f 2778//2290 2757//2290 2779//2290
f 2779//2290 2757//2290 2756//2290
f 2779//2290 2756//2290 2771//2290
f 2771//2290 2756//2290 2755//2290
f 2771//2290 2755//2290 2754//2290
f 2780//2290 2765//2290 2781//2290
f 2781//2290 2765//2290 2764//2290
f 2781//2290 2764//2290 2782//2290
f 2782//2290 2764//2290 2763//2290
f 2782//2290 2763//2290 2775//2290
f 2775//2290 2763//2290 2762//2290
f 2775//2290 2762//2290 2761//2290
f 2783//2290 2736//2290 2784//2290
f 2784//2290 2736//2290 2735//2290
f 2784//2290 2735//2290 2785//2290
f 2785//2290 2735//2290 2770//2290
f 2785//2290 2770//2290 2786//2290
f 2770//2290 2769//2290 2786//2290
f 2786//2290 2769//2290 2768//2290
f 2786//2290 2768//2290 2787//2290
f 2787//2290 2768//2290 2767//2290
f 2787//2290 2767//2290 2780//2290
f 2780//2290 2767//2290 2766//2290
f 2780//2290 2766//2290 2765//2290
f 2752//2290 2751//2290 2774//2290
f 2774//2290 2751//2290 2750//2290
f 2774//2290 2750//2290 2788//2290
f 2788//2290 2750//2290 2749//2290
f 2788//2290 2749//2290 2789//2290
f 2790//2290 2739//2290 2791//2290
f 2791//2290 2739//2290 2738//2290
f 2791//2290 2738//2290 2783//2290
f 2783//2290 2738//2290 2737//2290
f 2783//2290 2737//2290 2736//2290
f 2792//2290 2743//2290 2793//2290
f 2793//2290 2743//2290 2742//2290
f 2793//2290 2742//2290 2794//2290
f 2794//2290 2742//2290 2741//2290
f 2794//2290 2741//2290 2790//2290
f 2790//2290 2741//2290 2740//2290
f 2790//2290 2740//2290 2739//2290
f 2749//2290 2748//2290 2789//2290
f 2789//2290 2748//2290 2747//2290
f 2789//2290 2747//2290 2795//2290
f 2795//2290 2747//2290 2746//2290
f 2795//2290 2746//2290 2796//2290
f 2796//2290 2746//2290 2745//2290
f 2796//2290 2745//2290 2792//2290
f 2792//2290 2745//2290 2744//2290
f 2792//2290 2744//2290 2743//2290
f 2785//2291 2797//2291 2784//2291
f 2784//2292 2797//2292 2798//2292
f 2784//2292 2798//2292 2783//2292
f 2783//2293 2798//2293 2799//2293
f 2783//2293 2799//2293 2791//2293
f 2791//2294 2799//2294 2800//2294
f 2791//2294 2800//2294 2790//2294
f 2790//2295 2800//2295 2801//2295
f 2790//2295 2801//2295 2794//2295
f 2794//2296 2801//2296 2802//2296
f 2794//2296 2802//2296 2793//2296
f 2793//2297 2802//2297 2803//2297
f 2793//2297 2803//2297 2792//2297
f 2792//2298 2803//2298 2804//2298
f 2792//2298 2804//2298 2796//2298
f 2796//2299 2804//2299 2805//2299
f 2796//2299 2805//2299 2795//2299
f 2795//2300 2805//2300 2806//2300
f 2795//2300 2806//2300 2789//2300
f 2789//2301 2806//2301 2807//2301
f 2789//2301 2807//2301 2788//2301
f 2788//2302 2807//2302 2808//2302
f 2788//2302 2808//2302 2774//2302
f 2774//2303 2808//2303 2809//2303
f 2774//2303 2809//2303 2773//2303
f 2773//2304 2809//2304 2810//2304
f 2773//2304 2810//2304 2772//2304
f 2772//2305 2810//2305 2811//2305
f 2772//2305 2811//2305 2771//2305
f 2771//2306 2811//2306 2812//2306
f 2771//2306 2812//2306 2779//2306
f 2779//2307 2812//2307 2813//2307
f 2779//2307 2813//2307 2778//2307
f 2778//2308 2813//2308 2814//2308
f 2778//2308 2814//2308 2777//2308
f 2777//2309 2814//2309 2815//2309
f 2777//2309 2815//2309 2776//2309
f 2776//2310 2815//2310 2816//2310
f 2776//2310 2816//2310 2775//2310
f 2775//2311 2816//2311 2817//2311
f 2775//2311 2817//2311 2782//2311
f 2782//2312 2817//2312 2818//2312
f 2782//2312 2818//2312 2781//2312
f 2781//2313 2818//2313 2819//2313
f 2781//2313 2819//2313 2780//2313
f 2780//2314 2819//2314 2820//2314
f 2780//2314 2820//2314 2787//2314
f 2787//2315 2820//2315 2821//2315
f 2787//2315 2821//2315 2786//2315
f 2786//2316 2821//2316 2822//2316
f 2786//2316 2822//2316 2785//2316
f 2785//2291 2822//2291 2797//2291
f 2823//2290 2814//2290 2824//2290
f 2824//2290 2814//2290 2813//2290
f 2824//2290 2813//2290 2825//2290
f 2825//2290 2813//2290 2812//2290
f 2825//2290 2812//2290 2826//2290
f 2826//2290 2812//2290 2811//2290
f 2826//2290 2811//2290 2827//2290
f 2828//2290 2819//2290 2829//2290
f 2829//2290 2819//2290 2818//2290
f 2829//2290 2818//2290 2830//2290
f 2830//2290 2818//2290 2817//2290
f 2830//2290 2817//2290 2831//2290
f 2831//2290 2817//2290 2816//2290
f 2831//2290 2816//2290 2823//2290
f 2823//2290 2816//2290 2815//2290
f 2823//2290 2815//2290 2814//2290
f 2832//2290 2799//2290 2833//2290
f 2833//2290 2799//2290 2798//2290
f 2833//2290 2798//2290 2834//2290
f 2834//2290 2798//2290 2797//2290
f 2834//2290 2797//2290 2835//2290
f 2835//2290 2797//2290 2822//2290
f 2835//2290 2822//2290 2836//2290
f 2836//2290 2822//2290 2821//2290
f 2836//2290 2821//2290 2828//2290
f 2828//2290 2821//2290 2820//2290
f 2828//2290 2820//2290 2819//2290
f 2837//2290 2804//2290 2838//2290
f 2838//2290 2804//2290 2803//2290
f 2838//2290 2803//2290 2839//2290
f 2839//2290 2803//2290 2802//2290
f 2839//2290 2802//2290 2840//2290
f 2840//2290 2802//2290 2801//2290
f 2840//2290 2801//2290 2832//2290
f 2832//2290 2801//2290 2800//2290
f 2832//2290 2800//2290 2799//2290
f 2811//2290 2810//2290 2827//2290
f 2827//2290 2810//2290 2809//2290
f 2827//2290 2809//2290 2841//2290
f 2841//2290 2809//2290 2808//2290
f 2841//2290 2808//2290 2842//2290
f 2842//2290 2808//2290 2807//2290
f 2842//2290 2807//2290 2843//2290
f 2843//2290 2807//2290 2806//2290
f 2843//2290 2806//2290 2837//2290
f 2837//2290 2806//2290 2805//2290
f 2837//2290 2805//2290 2804//2290
f 2835//2317 2844//2317 2834//2317
f 2834//2318 2844//2318 2845//2318
f 2834//2318 2845//2318 2833//2318
f 2833//2319 2845//2319 2846//2319
f 2833//2319 2846//2319 2832//2319
f 2832//2320 2846//2320 2847//2320
f 2832//2320 2847//2320 2840//2320
f 2840//2321 2847//2321 2848//2321
f 2840//2321 2848//2321 2839//2321
f 2839//2322 2848//2322 2849//2322
f 2839//2322 2849//2322 2838//2322
f 2838//2323 2849//2323 2850//2323
f 2838//2323 2850//2323 2837//2323
f 2837//2324 2850//2324 2851//2324
f 2837//2324 2851//2324 2843//2324
f 2843//2325 2851//2325 2852//2325
f 2843//2325 2852//2325 2842//2325
f 2842//2326 2852//2326 2853//2326
f 2842//2326 2853//2326 2841//2326
f 2841//2327 2853//2327 2854//2327
f 2841//2327 2854//2327 2827//2327
f 2827//2328 2854//2328 2855//2328
f 2827//2328 2855//2328 2826//2328
f 2826//2329 2855//2329 2856//2329
f 2826//2329 2856//2329 2825//2329
f 2825//2330 2856//2330 2857//2330
f 2825//2330 2857//2330 2824//2330
f 2824//2331 2857//2331 2858//2331
f 2824//2331 2858//2331 2823//2331
f 2823//2332 2858//2332 2859//2332
f 2823//2332 2859//2332 2831//2332
f 2831//2333 2859//2333 2860//2333
f 2831//2333 2860//2333 2830//2333
f 2830//2334 2860//2334 2861//2334
f 2830//2334 2861//2334 2829//2334
f 2829//2335 2861//2335 2862//2335
f 2829//2335 2862//2335 2828//2335
f 2828//2336 2862//2336 2863//2336
f 2828//2336 2863//2336 2836//2336
f 2836//2337 2863//2337 2864//2337
f 2836//2337 2864//2337 2835//2337
f 2835//2317 2864//2317 2844//2317
f 2845//2290 2844//2290 2865//2290
f 2865//2290 2844//2290 2864//2290
f 2865//2290 2864//2290 2863//2290
f 2848//2290 2847//2290 2865//2290
f 2865//2290 2847//2290 2846//2290
f 2865//2290 2846//2290 2845//2290
f 2851//2290 2850//2290 2865//2290
f 2865//2290 2850//2290 2849//2290
f 2865//2290 2849//2290 2848//2290
f 2854//2290 2853//2290 2865//2290
f 2865//2290 2853//2290 2852//2290
f 2865//2290 2852//2290 2851//2290
f 2857//2290 2856//2290 2865//2290
f 2865//2290 2856//2290 2855//2290
f 2865//2290 2855//2290 2854//2290
f 2860//2290 2859//2290 2865//2290
f 2865//2290 2859//2290 2858//2290
f 2865//2290 2858//2290 2857//2290
f 2863//2290 2862//2290 2865//2290
f 2865//2290 2862//2290 2861//2290
f 2865//2290 2861//2290 2860//2290
f 2866//2338 2867//2338 2868//2338
f 2866//2339 2869//2339 2867//2339
f 2867//2340 2869//2340 2870//2340
f 2867//2341 2870//2341 2871//2341
f 2870//2342 2872//2342 2871//2342
f 2871//2343 2872//2343 2873//2343
f 2871//2344 2873//2344 2874//2344
f 2873//2345 2875//2345 2874//2345
f 2874//2346 2875//2346 2876//2346
f 2874//2347 2876//2347 2877//2347
f 2876//2348 2878//2348 2877//2348
f 2877//2349 2878//2349 2879//2349
f 2877//2350 2879//2350 2880//2350
f 2879//2351 2881//2351 2880//2351
f 2880//2352 2881//2352 2882//2352
f 2880//2353 2882//2353 2883//2353
f 2882//2354 2884//2354 2883//2354
f 2883//2355 2884//2355 2885//2355
f 2883//2356 2885//2356 2886//2356
f 2885//2357 2887//2357 2886//2357
f 2886//2358 2887//2358 2888//2358
f 2886//2359 2888//2359 2889//2359
f 2888//2360 2890//2360 2889//2360
f 2889//2361 2890//2361 2891//2361
f 2889//2362 2891//2362 2892//2362
f 2891//2363 2893//2363 2892//2363
f 2892//2364 2893//2364 2894//2364
f 2892//2365 2894//2365 2895//2365
f 2894//2366 2896//2366 2895//2366
f 2895//2367 2896//2367 2897//2367
f 2895//2368 2897//2368 2898//2368
f 2897//2369 2899//2369 2898//2369
f 2898//2370 2899//2370 2900//2370
f 2898//2371 2900//2371 2901//2371
f 2900//2372 2902//2372 2901//2372
f 2901//2373 2902//2373 2903//2373
f 2901//2374 2903//2374 2904//2374
f 2903//2375 2905//2375 2904//2375
f 2904//2376 2905//2376 2906//2376
f 2904//2377 2906//2377 2907//2377
f 2906//2378 2908//2378 2907//2378
f 2907//2379 2908//2379 2909//2379
f 2907//2380 2909//2380 2910//2380
f 2909//2381 2911//2381 2910//2381
f 2910//2382 2911//2382 2912//2382
f 2910//2383 2912//2383 2913//2383
f 2912//2384 2914//2384 2913//2384
f 2913//2385 2914//2385 2915//2385
f 2913//2386 2915//2386 2916//2386
f 2915//2387 2917//2387 2916//2387
f 2916//2388 2917//2388 2918//2388
f 2916//2389 2918//2389 2919//2389
f 2918//2390 2920//2390 2919//2390
f 2919//2391 2920//2391 2921//2391
f 2919//2392 2921//2392 2922//2392
f 2921//2393 2923//2393 2922//2393
f 2922//2394 2923//2394 2924//2394
f 2922//2395 2924//2395 2925//2395
f 2924//2396 2926//2396 2925//2396
f 2925//2397 2926//2397 2927//2397
f 2925//2398 2927//2398 2868//2398
f 2868//2399 2927//2399 2928//2399
f 2868//2400 2928//2400 2866//2400
f 2922//2253 2925//2253 2929//2253
f 2929//2253 2925//2253 2868//2253
f 2929//2253 2868//2253 2867//2253
f 2913//2253 2916//2253 2929//2253
f 2929//2253 2916//2253 2919//2253
f 2929//2253 2919//2253 2922//2253
f 2904//2253 2907//2253 2929//2253
f 2929//2253 2907//2253 2910//2253
f 2929//2253 2910//2253 2913//2253
f 2895//2253 2898//2253 2929//2253
f 2929//2253 2898//2253 2901//2253
f 2929//2253 2901//2253 2904//2253
f 2886//2253 2889//2253 2929//2253
f 2929//2253 2889//2253 2892//2253
f 2929//2253 2892//2253 2895//2253
f 2877//2253 2880//2253 2929//2253
f 2929//2253 2880//2253 2883//2253
f 2929//2253 2883//2253 2886//2253
f 2867//2253 2871//2253 2929//2253
f 2929//2253 2871//2253 2874//2253
f 2929//2253 2874//2253 2877//2253
f 2722//2401 2676//2401 2926//2401
f 2926//2402 2924//2402 2722//2402
f 2722//2403 2924//2403 2923//2403
f 2722//2404 2923//2404 2704//2404
f 2923//2405 2921//2405 2704//2405
f 2704//2406 2921//2406 2920//2406
f 2704//2407 2920//2407 2702//2407
f 2702//2408 2920//2408 2918//2408
f 2702//2409 2918//2409 2700//2409
f 2918//2410 2917//2410 2700//2410
f 2700//2411 2917//2411 2915//2411
f 2700//2412 2915//2412 2698//2412
f 2915//2413 2914//2413 2698//2413
f 2698//2414 2914//2414 2912//2414
f 2698//2415 2912//2415 2727//2415
f 2912//2416 2911//2416 2727//2416
f 2727//2417 2911//2417 2909//2417
f 2727//2418 2909//2418 2725//2418
f 2725//2419 2909//2419 2908//2419
f 2725//2420 2908//2420 2732//2420
f 2908//2421 2906//2421 2732//2421
f 2732//2422 2906//2422 2905//2422
f 2732//2423 2905//2423 2689//2423
f 2905//2424 2903//2424 2689//2424
f 2689//2425 2903//2425 2902//2425
f 2689//2426 2902//2426 2687//2426
f 2902//2427 2900//2427 2687//2427
f 2687//2428 2900//2428 2899//2428
f 2687//2429 2899//2429 2685//2429
f 2685//2430 2899//2430 2897//2430
f 2685//2431 2897//2431 2707//2431
f 2897//2432 2896//2432 2707//2432
f 2707//2433 2896//2433 2894//2433
f 2707//2434 2894//2434 2705//2434
f 2894//2435 2893//2435 2705//2435
f 2705//2436 2893//2436 2891//2436
f 2705//2437 2891//2437 2712//2437
f 2891//2438 2890//2438 2712//2438
f 2712//2439 2890//2439 2888//2439
f 2712//2440 2888//2440 2690//2440
f 2690//2441 2888//2441 2887//2441
f 2690//2442 2887//2442 2691//2442
f 2887//2443 2885//2443 2691//2443
f 2691//2444 2885//2444 2884//2444
f 2691//2445 2884//2445 2717//2445
f 2884//2446 2882//2446 2717//2446
f 2717//2447 2882//2447 2881//2447
f 2717//2448 2881//2448 2697//2448
f 2881//2449 2879//2449 2697//2449
f 2697//2450 2879//2450 2878//2450
f 2697//2451 2878//2451 2695//2451
f 2695//2452 2878//2452 2876//2452
f 2695//2453 2876//2453 2684//2453
f 2876//2454 2875//2454 2684//2454
f 2684//2455 2875//2455 2873//2455
f 2684//2456 2873//2456 2682//2456
f 2873//2457 2872//2457 2682//2457
f 2682//2458 2872//2458 2870//2458
f 2682//2459 2870//2459 2680//2459
f 2870//2460 2869//2460 2680//2460
f 2680//2461 2869//2461 2866//2461
f 2680//2462 2866//2462 2675//2462
f 2675//2463 2866//2463 2928//2463
f 2675//2464 2928//2464 2676//2464
f 2676//2465 2928//2465 2927//2465
f 2676//2466 2927//2466 2926//2466
f 2930//2467 2931//2467 2932//2467
f 2932//2467 2931//2467 2933//2467
f 2934//2468 2935//2468 2936//2468
f 2936//2468 2935//2468 2937//2468
f 2938//2469 2939//2469 2940//2469
f 2940//2469 2939//2469 2941//2469
f 2942//2470 2943//2470 2944//2470
f 2944//2470 2943//2470 2945//2470
f 2946//2468 2947//2468 2948//2468
f 2948//2468 2947//2468 2949//2468
f 2948//2468 2949//2468 2950//2468
f 2951//2468 2952//2468 2953//2468
f 2953//2468 2952//2468 2954//2468
f 2953//2468 2954//2468 2955//2468
f 2955//2468 2956//2468 2953//2468
f 2953//2468 2956//2468 2957//2468
f 2953//2468 2957//2468 2946//2468
f 2946//2468 2957//2468 2958//2468
f 2946//2468 2958//2468 2947//2468
f 2950//2468 2959//2468 2948//2468
f 2948//2468 2959//2468 2960//2468
f 2948//2468 2960//2468 2951//2468
f 2951//2468 2960//2468 2961//2468
f 2951//2468 2961//2468 2952//2468
f 2962//2467 2963//2467 2964//2467
f 2964//2467 2963//2467 2965//2467
f 2964//2467 2965//2467 2966//2467
f 2962//2467 2967//2467 2963//2467
f 2963//2467 2967//2467 2968//2467
f 2963//2467 2968//2467 2969//2467
f 2968//2467 2970//2467 2969//2467
f 2969//2467 2970//2467 2971//2467
f 2969//2467 2971//2467 2972//2467
f 2972//2467 2971//2467 2973//2467
f 2972//2467 2973//2467 2974//2467
f 2974//2467 2975//2467 2972//2467
f 2972//2467 2975//2467 2976//2467
f 2972//2467 2976//2467 2965//2467
f 2965//2467 2976//2467 2977//2467
f 2965//2467 2977//2467 2966//2467
f 2978//2470 2979//2470 2980//2470
f 2980//2470 2979//2470 2981//2470
f 2980//2470 2981//2470 2982//2470
f 2983//2470 2984//2470 2985//2470
f 2985//2470 2984//2470 2986//2470
f 2985//2470 2986//2470 2987//2470
f 2983//2470 2988//2470 2984//2470
f 2984//2470 2988//2470 2989//2470
f 2984//2470 2989//2470 2978//2470
f 2978//2470 2989//2470 2990//2470
f 2978//2470 2990//2470 2979//2470
f 2982//2470 2991//2470 2980//2470
f 2980//2470 2991//2470 2992//2470
f 2980//2470 2992//2470 2986//2470
f 2986//2470 2992//2470 2993//2470
f 2986//2470 2993//2470 2987//2470
f 2994//2469 2995//2469 2996//2469
f 2996//2469 2995//2469 2997//2469
f 2996//2469 2997//2469 2998//2469
f 2998//2469 2997//2469 2999//2469
f 3000//2469 3001//2469 3002//2469
f 3002//2469 3001//2469 2995//2469
f 3002//2469 2995//2469 3003//2469
f 3003//2469 2995//2469 2994//2469
f 3000//2469 3004//2469 3001//2469
f 3001//2469 3004//2469 3005//2469
f 3001//2469 3005//2469 3006//2469
f 3005//2469 3007//2469 3006//2469
f 3006//2469 3007//2469 3008//2469
f 3006//2469 3008//2469 2997//2469
f 2997//2469 3008//2469 3009//2469
f 2997//2469 3009//2469 2999//2469
f 2963//2470 3010//2470 2965//2470
f 2965//2470 3010//2470 3011//2470
f 2965//2470 3011//2470 3012//2470
f 3013//2470 3014//2470 3015//2470
f 3015//2470 3014//2470 3016//2470
f 3015//2470 3016//2470 3017//2470
f 3013//2470 3018//2470 3014//2470
f 3014//2470 3018//2470 3019//2470
f 3014//2470 3019//2470 2963//2470
f 2963//2470 3019//2470 3020//2470
f 2963//2470 3020//2470 3010//2470
f 3012//2470 3021//2470 2965//2470
f 2965//2470 3021//2470 3022//2470
f 2965//2470 3022//2470 3016//2470
f 3016//2470 3022//2470 3023//2470
f 3016//2470 3023//2470 3017//2470
f 3024//2469 2986//2469 3025//2469
f 3025//2469 2986//2469 2984//2469
f 3025//2469 2984//2469 3026//2469
f 3024//2469 3027//2469 2986//2469
f 2986//2469 3027//2469 3028//2469
f 2986//2469 3028//2469 3029//2469
f 3029//2469 3028//2469 3030//2469
f 3031//2469 3032//2469 3033//2469
f 3033//2469 3032//2469 3029//2469
f 3033//2469 3029//2469 3034//2469
f 3034//2469 3029//2469 3030//2469
f 3031//2469 3035//2469 3032//2469
f 3032//2469 3035//2469 3036//2469
f 3032//2469 3036//2469 2984//2469
f 2984//2469 3036//2469 3037//2469
f 2984//2469 3037//2469 3026//2469
f 3038//2468 3039//2468 3040//2468
f 3040//2468 3039//2468 3041//2468
f 3040//2468 3041//2468 3042//2468
f 3042//2468 3043//2468 3040//2468
f 3040//2468 3043//2468 3044//2468
f 3040//2468 3044//2468 3001//2468
f 3044//2468 3045//2468 3001//2468
f 3001//2468 3045//2468 3046//2468
f 3001//2468 3046//2468 2995//2468
f 2995//2468 3046//2468 3047//2468
f 2995//2468 3047//2468 3048//2468
f 3048//2468 3049//2468 2995//2468
f 2995//2468 3049//2468 3050//2468
f 2995//2468 3050//2468 3038//2468
f 3038//2468 3050//2468 3051//2468
f 3038//2468 3051//2468 3039//2468
f 3052//2467 3053//2467 3054//2467
f 3054//2467 3053//2467 2948//2467
f 3053//2467 3055//2467 2948//2467
f 2948//2467 3055//2467 3056//2467
f 2948//2467 3056//2467 2946//2467
f 2946//2467 3056//2467 3057//2467
f 2946//2467 3057//2467 3058//2467
f 3058//2467 3059//2467 2946//2467
f 2946//2467 3059//2467 3060//2467
f 2946//2467 3060//2467 3061//2467
f 3061//2467 3060//2467 3062//2467
f 3062//2467 3063//2467 3061//2467
f 3061//2467 3063//2467 3064//2467
f 3061//2467 3064//2467 3054//2467
f 3054//2467 3064//2467 3065//2467
f 3054//2467 3065//2467 3052//2467
f 3066//2471 3067//2471 3068//2471
f 3069//2471 3070//2471 3071//2471
f 3072//2471 3073//2471 3074//2471
f 3074//2471 3073//2471 3075//2471
f 2980//2471 2986//2471 3076//2471
f 3076//2471 2986//2471 3029//2471
f 3077//2471 3078//2471 3079//2471
f 3079//2471 3078//2471 3080//2471
f 3079//2471 3080//2471 3081//2471
f 3082//2471 3083//2471 3084//2471
f 3082//2471 3085//2471 3086//2471
f 3086//2471 3085//2471 3087//2471
f 3086//2471 3087//2471 3088//2471
f 3089//2471 3090//2471 3091//2471
f 3091//2471 3090//2471 3092//2471
f 3091//2471 3092//2471 3093//2471
f 2972//2471 2965//2471 3094//2471
f 3094//2471 2965//2471 3016//2471
f 3094//2471 3016//2471 3095//2471
f 3096//2471 3097//2471 3098//2471
f 2997//2471 2995//2471 3099//2471
f 3099//2471 2995//2471 3038//2471
f 3100//2471 3101//2471 3102//2471
f 3103//2471 3104//2471 3073//2471
f 3070//2471 3075//2471 3071//2471
f 3071//2471 3075//2471 3073//2471
f 3071//2471 3073//2471 3105//2471
f 3100//2471 3102//2471 3106//2471
f 3106//2471 3102//2471 3107//2471
f 3106//2471 3107//2471 3108//2471
f 3108//2471 3107//2471 3078//2471
f 3108//2471 3078//2471 3109//2471
f 3109//2471 3078//2471 3077//2471
f 3109//2471 3077//2471 3110//2471
f 3096//2471 3098//2471 3111//2471
f 3111//2471 3098//2471 3112//2471
f 3111//2471 3112//2471 3113//2471
f 3114//2471 3115//2471 3116//2471
f 3116//2471 3115//2471 3117//2471
f 3118//2471 3119//2471 3089//2471
f 3120//2471 3101//2471 3121//2471
f 3121//2471 3101//2471 3100//2471
f 3121//2471 3100//2471 3122//2471
f 3122//2471 3100//2471 3123//2471
f 3122//2471 3123//2471 3124//2471
f 3124//2471 3123//2471 3125//2471
f 3124//2471 3125//2471 3126//2471
f 3126//2471 3125//2471 3127//2471
f 3103//2471 3073//2471 3128//2471
f 3128//2471 3073//2471 3129//2471
f 3128//2471 3129//2471 3130//2471
f 3066//2471 3068//2471 3131//2471
f 3131//2471 3068//2471 2935//2471
f 3131//2471 2935//2471 3132//2471
f 3132//2471 2935//2471 2934//2471
f 3132//2471 2934//2471 3133//2471
f 3134//2471 3105//2471 3135//2471
f 3135//2471 3105//2471 3073//2471
f 3135//2471 3073//2471 3133//2471
f 3133//2471 3073//2471 3104//2471
f 3133//2471 3104//2471 3132//2471
f 2946//2471 3061//2471 2953//2471
f 2953//2471 3061//2471 3136//2471
f 2953//2471 3136//2471 3137//2471
f 3137//2471 3136//2471 3127//2471
f 3137//2471 3127//2471 3138//2471
f 3138//2471 3127//2471 3125//2471
f 3089//2471 3119//2471 3090//2471
f 3090//2471 3119//2471 3139//2471
f 3090//2471 3139//2471 3140//2471
f 3082//2471 3084//2471 3085//2471
f 3085//2471 3084//2471 3141//2471
f 3085//2471 3141//2471 3142//2471
f 3142//2471 3141//2471 3143//2471
f 3142//2471 3143//2471 3144//2471
f 3145//2471 3146//2471 3147//2471
f 3029//2471 3148//2471 3076//2471
f 3076//2471 3148//2471 3067//2471
f 3076//2471 3067//2471 3149//2471
f 3149//2471 3067//2471 3066//2471
f 3038//2471 3145//2471 3099//2471
f 3099//2471 3145//2471 3147//2471
f 3099//2471 3147//2471 3150//2471
f 3150//2471 3147//2471 3151//2471
f 3152//2471 3153//2471 3154//2471
f 3154//2471 3153//2471 3155//2471
f 3156//2471 3157//2471 3158//2471
f 3158//2471 3157//2471 3159//2471
f 3160//2471 3161//2471 3162//2471
f 3162//2471 3161//2471 3163//2471
f 3162//2471 3163//2471 3164//2471
f 3164//2471 3163//2471 3165//2471
f 3164//2471 3165//2471 3127//2471
f 3166//2471 3156//2471 3167//2471
f 3167//2471 3156//2471 3168//2471
f 3167//2471 3168//2471 3114//2471
f 3114//2471 3168//2471 3169//2471
f 3114//2471 3169//2471 3115//2471
f 3115//2471 3169//2471 3170//2471
f 3115//2471 3170//2471 3171//2471
f 3171//2471 3170//2471 3172//2471
f 3171//2471 3172//2471 3173//2471
f 3173//2471 3172//2471 3174//2471
f 3173//2471 3174//2471 3136//2471
f 3136//2471 3174//2471 3175//2471
f 3136//2471 3175//2471 3127//2471
f 3127//2471 3175//2471 3176//2471
f 3127//2471 3176//2471 3164//2471
f 3089//2471 3177//2471 3118//2471
f 3118//2471 3177//2471 3178//2471
f 3118//2471 3178//2471 3117//2471
f 3117//2471 3178//2471 2938//2471
f 3117//2471 2938//2471 3116//2471
f 3179//2471 3180//2471 3181//2471
f 3181//2471 3180//2471 3182//2471
f 3183//2471 3184//2471 3185//2471
f 3146//2471 3145//2471 2945//2471
f 2945//2471 3145//2471 3186//2471
f 2945//2471 3186//2471 2944//2471
f 2944//2471 3186//2471 3187//2471
f 2944//2471 3187//2471 3101//2471
f 3101//2471 3187//2471 3188//2471
f 3101//2471 3188//2471 3102//2471
f 3095//2471 3189//2471 3190//2471
f 3190//2471 3189//2471 3191//2471
f 3190//2471 3191//2471 3071//2471
f 3071//2471 3191//2471 3192//2471
f 3071//2471 3192//2471 3069//2471
f 3190//2471 3193//2471 3095//2471
f 3095//2471 3193//2471 3181//2471
f 3095//2471 3181//2471 3094//2471
f 3094//2471 3181//2471 3182//2471
f 3094//2471 3182//2471 3194//2471
f 3194//2471 3182//2471 2939//2471
f 3194//2471 2939//2471 3195//2471
f 3195//2471 2939//2471 2938//2471
f 3195//2471 2938//2471 3196//2471
f 3196//2471 2938//2471 3178//2471
f 3067//2471 3197//2471 3198//2471
f 3198//2471 3197//2471 3183//2471
f 3198//2471 3183//2471 3199//2471
f 3199//2471 3183//2471 3185//2471
f 3200//2471 3201//2471 3147//2471
f 3147//2471 3201//2471 3202//2471
f 3147//2471 3202//2471 3151//2471
f 3151//2471 3202//2471 3203//2471
f 3151//2471 3203//2471 3204//2471
f 3204//2471 3203//2471 3113//2471
f 3204//2471 3113//2471 3144//2471
f 3144//2471 3113//2471 3112//2471
f 3144//2471 3112//2471 3142//2471
f 3205//2471 3206//2471 3207//2471
f 3134//2471 3135//2471 3208//2471
f 3208//2471 3135//2471 3209//2471
f 3208//2471 3209//2471 3155//2471
f 3155//2471 3209//2471 3210//2471
f 3155//2471 3210//2471 3154//2471
f 3166//2471 3152//2471 3156//2471
f 3156//2471 3152//2471 3154//2471
f 3156//2471 3154//2471 3157//2471
f 3157//2471 3154//2471 3211//2471
f 3157//2471 3211//2471 3212//2471
f 3212//2471 3211//2471 3213//2471
f 3212//2471 3213//2471 3214//2471
f 3214//2471 3213//2471 3215//2471
f 3216//2471 3217//2471 3218//2471
f 3147//2471 3219//2471 3200//2471
f 3200//2471 3219//2471 3205//2471
f 3200//2471 3205//2471 3220//2471
f 3220//2471 3205//2471 3207//2471
f 3213//2471 3221//2471 3215//2471
f 3215//2471 3221//2471 3222//2471
f 3215//2471 3222//2471 3096//2471
f 3096//2471 3222//2471 3223//2471
f 3096//2471 3223//2471 3097//2471
f 3097//2471 3223//2471 2932//2471
f 3097//2471 2932//2471 3224//2471
f 3224//2471 2932//2471 2933//2471
f 3224//2471 2933//2471 3148//2471
f 3148//2471 2933//2471 3225//2471
f 3148//2471 3225//2471 3067//2471
f 3067//2471 3225//2471 3226//2471
f 3067//2471 3226//2471 3197//2471
f 3159//2471 3157//2471 3227//2471
f 3227//2471 3157//2471 3228//2471
f 3227//2471 3228//2471 3229//2471
f 3229//2471 3228//2471 3230//2471
f 3229//2471 3230//2471 3120//2471
f 3120//2471 3230//2471 3231//2471
f 3120//2471 3231//2471 3101//2471
f 3181//2471 3232//2471 3179//2471
f 3179//2471 3232//2471 3216//2471
f 3179//2471 3216//2471 3233//2471
f 3233//2471 3216//2471 3218//2471
f 3234//2472 3235//2472 3236//2472
f 3237//2472 3238//2472 3239//2472
f 3234//2472 3236//2472 3240//2472
f 3240//2472 3236//2472 2943//2472
f 3240//2472 2943//2472 3241//2472
f 3242//2472 3243//2472 3244//2472
f 2963//2472 2969//2472 3014//2472
f 3014//2472 2969//2472 3245//2472
f 3014//2472 3245//2472 3246//2472
f 3247//2472 3248//2472 3249//2472
f 3249//2472 3248//2472 3250//2472
f 3251//2472 3252//2472 3253//2472
f 3251//2472 3254//2472 3255//2472
f 3255//2472 3254//2472 3256//2472
f 3255//2472 3256//2472 3257//2472
f 3258//2472 3259//2472 3260//2472
f 3242//2472 3244//2472 3248//2472
f 3248//2472 3244//2472 3261//2472
f 3248//2472 3261//2472 3262//2472
f 3263//2472 3264//2472 3265//2472
f 3265//2472 3264//2472 3266//2472
f 3265//2472 3266//2472 3267//2472
f 3268//2472 3269//2472 3270//2472
f 3270//2472 3269//2472 3271//2472
f 3270//2472 3271//2472 3272//2472
f 3054//2472 2948//2472 3273//2472
f 3273//2472 2948//2472 2951//2472
f 3273//2472 2951//2472 3274//2472
f 3239//2472 3250//2472 3237//2472
f 3237//2472 3250//2472 3248//2472
f 3237//2472 3248//2472 3275//2472
f 3275//2472 3248//2472 3262//2472
f 3275//2472 3262//2472 3276//2472
f 3276//2472 3262//2472 3241//2472
f 3277//2472 3278//2472 3268//2472
f 3263//2472 3279//2472 3280//2472
f 3281//2472 3282//2472 3283//2472
f 3283//2472 3282//2472 3284//2472
f 3285//2472 3286//2472 3287//2472
f 3288//2472 3276//2472 3289//2472
f 3268//2472 3278//2472 3269//2472
f 3269//2472 3278//2472 3290//2472
f 3269//2472 3290//2472 3291//2472
f 3292//2472 3293//2472 3294//2472
f 3294//2472 3293//2472 3295//2472
f 3294//2472 3295//2472 3296//2472
f 3296//2472 3295//2472 3277//2472
f 3296//2472 3277//2472 3297//2472
f 3297//2472 3277//2472 3268//2472
f 3251//2472 3253//2472 3254//2472
f 3254//2472 3253//2472 3298//2472
f 3254//2472 3298//2472 3299//2472
f 3299//2472 3298//2472 3300//2472
f 3299//2472 3300//2472 3281//2472
f 3281//2472 3300//2472 3301//2472
f 3281//2472 3301//2472 3282//2472
f 3302//2472 3303//2472 3304//2472
f 2984//2472 2978//2472 3032//2472
f 3032//2472 2978//2472 3285//2472
f 3032//2472 3285//2472 3305//2472
f 3305//2472 3285//2472 3287//2472
f 3305//2472 3287//2472 3306//2472
f 3306//2472 3287//2472 3307//2472
f 3308//2472 3309//2472 2940//2472
f 2940//2472 3309//2472 3310//2472
f 3287//2472 3311//2472 3312//2472
f 3312//2472 3311//2472 3302//2472
f 3312//2472 3302//2472 3313//2472
f 3313//2472 3302//2472 3304//2472
f 3314//2472 3282//2472 3315//2472
f 3315//2472 3282//2472 3301//2472
f 3315//2472 3301//2472 2930//2472
f 2930//2472 3301//2472 3316//2472
f 2930//2472 3316//2472 2931//2472
f 2931//2472 3316//2472 3307//2472
f 2931//2472 3307//2472 3317//2472
f 3317//2472 3307//2472 3287//2472
f 3317//2472 3287//2472 3318//2472
f 3318//2472 3287//2472 3312//2472
f 3286//2472 3285//2472 2937//2472
f 2937//2472 3285//2472 3319//2472
f 2937//2472 3319//2472 2936//2472
f 2936//2472 3319//2472 3320//2472
f 2936//2472 3320//2472 3293//2472
f 3293//2472 3320//2472 3321//2472
f 3293//2472 3321//2472 3295//2472
f 2943//2472 2942//2472 3241//2472
f 3241//2472 2942//2472 3322//2472
f 3241//2472 3322//2472 3276//2472
f 3276//2472 3322//2472 3323//2472
f 3276//2472 3323//2472 3289//2472
f 2940//2472 2941//2472 3308//2472
f 3308//2472 2941//2472 3324//2472
f 3308//2472 3324//2472 3325//2472
f 3326//2472 3327//2472 3328//2472
f 3329//2472 3330//2472 3331//2472
f 3331//2472 3330//2472 3332//2472
f 3296//2472 3333//2472 3294//2472
f 3294//2472 3333//2472 3334//2472
f 3294//2472 3334//2472 3335//2472
f 3335//2472 3334//2472 3336//2472
f 3335//2472 3336//2472 3337//2472
f 3337//2472 3336//2472 3246//2472
f 3337//2472 3246//2472 3338//2472
f 3338//2472 3246//2472 3245//2472
f 3338//2472 3245//2472 3325//2472
f 3325//2472 3245//2472 3339//2472
f 3325//2472 3339//2472 3308//2472
f 3263//2472 3280//2472 3264//2472
f 3264//2472 3280//2472 3340//2472
f 3264//2472 3340//2472 3341//2472
f 3341//2472 3340//2472 3342//2472
f 3341//2472 3342//2472 3310//2472
f 3310//2472 3342//2472 3343//2472
f 3310//2472 3343//2472 2940//2472
f 3326//2472 3344//2472 3327//2472
f 3327//2472 3344//2472 2940//2472
f 3327//2472 2940//2472 3345//2472
f 3345//2472 2940//2472 3343//2472
f 3345//2472 3343//2472 3346//2472
f 3347//2472 3348//2472 3349//2472
f 3349//2472 3348//2472 3350//2472
f 3284//2472 3282//2472 3351//2472
f 3351//2472 3282//2472 3352//2472
f 3351//2472 3352//2472 3353//2472
f 3353//2472 3352//2472 3354//2472
f 3353//2472 3354//2472 3235//2472
f 3001//2472 3006//2472 3040//2472
f 3040//2472 3006//2472 3353//2472
f 3040//2472 3353//2472 3355//2472
f 3355//2472 3353//2472 3235//2472
f 3355//2472 3235//2472 3356//2472
f 3356//2472 3235//2472 3234//2472
f 3274//2472 3357//2472 3358//2472
f 3358//2472 3357//2472 3359//2472
f 3358//2472 3359//2472 3237//2472
f 3237//2472 3359//2472 3360//2472
f 3237//2472 3360//2472 3238//2472
f 3358//2472 3361//2472 3274//2472
f 3274//2472 3361//2472 3349//2472
f 3274//2472 3349//2472 3273//2472
f 3273//2472 3349//2472 3350//2472
f 3273//2472 3350//2472 3362//2472
f 3362//2472 3350//2472 3363//2472
f 3362//2472 3363//2472 3364//2472
f 3364//2472 3363//2472 3346//2472
f 3364//2472 3346//2472 3365//2472
f 3365//2472 3346//2472 3343//2472
f 3366//2472 3367//2472 3368//2472
f 3369//2472 3370//2472 3371//2472
f 3371//2472 3370//2472 3372//2472
f 3371//2472 3372//2472 3373//2472
f 3373//2472 3372//2472 3325//2472
f 3373//2472 3325//2472 3374//2472
f 3374//2472 3325//2472 3324//2472
f 3375//2472 3259//2472 3328//2472
f 3328//2472 3259//2472 3376//2472
f 3328//2472 3376//2472 3326//2472
f 3354//2472 3377//2472 3235//2472
f 3235//2472 3377//2472 3378//2472
f 3235//2472 3378//2472 3379//2472
f 3379//2472 3378//2472 3366//2472
f 3379//2472 3366//2472 3380//2472
f 3380//2472 3366//2472 3368//2472
f 3288//2472 3289//2472 3332//2472
f 3332//2472 3289//2472 3381//2472
f 3332//2472 3381//2472 3331//2472
f 3375//2472 3329//2472 3259//2472
f 3259//2472 3329//2472 3331//2472
f 3259//2472 3331//2472 3260//2472
f 3260//2472 3331//2472 3382//2472
f 3260//2472 3382//2472 3383//2472
f 3383//2472 3382//2472 3384//2472
f 3383//2472 3384//2472 3385//2472
f 3385//2472 3384//2472 3386//2472
f 3387//2472 3388//2472 3389//2472
f 3384//2472 3390//2472 3386//2472
f 3386//2472 3390//2472 3391//2472
f 3386//2472 3391//2472 3314//2472
f 3314//2472 3391//2472 3392//2472
f 3314//2472 3392//2472 3282//2472
f 3294//2472 3393//2472 3292//2472
f 3292//2472 3393//2472 3394//2472
f 3292//2472 3394//2472 3395//2472
f 3395//2472 3394//2472 3396//2472
f 3395//2472 3396//2472 3397//2472
f 3397//2472 3396//2472 3398//2472
f 3397//2472 3398//2472 3260//2472
f 3260//2472 3398//2472 3399//2472
f 3260//2472 3399//2472 3258//2472
f 3349//2472 3400//2472 3347//2472
f 3347//2472 3400//2472 3387//2472
f 3347//2472 3387//2472 3401//2472
f 3401//2472 3387//2472 3389//2472
f 3402//2473 3403//2473 3404//2473
f 3405//2474 3403//2474 3402//2474
f 3402//2475 3406//2475 3407//2475
f 3408//2476 3406//2476 3402//2476
f 3404//2477 3408//2477 3402//2477
f 3402//2478 3409//2478 3410//2478
f 3411//2479 3409//2479 3402//2479
f 3407//2480 3411//2480 3402//2480
f 3402//2481 3412//2481 3413//2481
f 3414//2482 3412//2482 3402//2482
f 3410//2483 3414//2483 3402//2483
f 3413//2484 3405//2484 3402//2484
f 3405//2485 2996//2485 3403//2485
f 3403//2485 2996//2485 2998//2485
f 3403//2486 2998//2486 3404//2486
f 3404//2486 2998//2486 2999//2486
f 3404//2487 2999//2487 3408//2487
f 3408//2487 2999//2487 3009//2487
f 3408//2488 3009//2488 3406//2488
f 3406//2488 3009//2488 3008//2488
f 3406//2489 3008//2489 3407//2489
f 3407//2489 3008//2489 3007//2489
f 3407//2490 3007//2490 3411//2490
f 3411//2490 3007//2490 3005//2490
f 3411//2491 3005//2491 3409//2491
f 3409//2491 3005//2491 3004//2491
f 3409//2492 3004//2492 3410//2492
f 3410//2492 3004//2492 3000//2492
f 3410//2493 3000//2493 3414//2493
f 3414//2493 3000//2493 3002//2493
f 3414//2494 3002//2494 3412//2494
f 3412//2494 3002//2494 3003//2494
f 3412//2495 3003//2495 3413//2495
f 3413//2495 3003//2495 2994//2495
f 3413//2496 2994//2496 3405//2496
f 3405//2496 2994//2496 2996//2496
f 3415//2497 3416//2497 3417//2497
f 3418//2498 3416//2498 3415//2498
f 3415//2499 3419//2499 3420//2499
f 3421//2500 3419//2500 3415//2500
f 3417//2501 3421//2501 3415//2501
f 3415//2502 3422//2502 3423//2502
f 3424//2503 3422//2503 3415//2503
f 3420//2504 3424//2504 3415//2504
f 3415//2505 3425//2505 3426//2505
f 3427//2506 3425//2506 3415//2506
f 3423//2507 3427//2507 3415//2507
f 3426//2508 3418//2508 3415//2508
f 3418//2509 3028//2509 3416//2509
f 3416//2509 3028//2509 3027//2509
f 3416//2486 3027//2486 3417//2486
f 3417//2486 3027//2486 3024//2486
f 3417//2510 3024//2510 3421//2510
f 3421//2510 3024//2510 3025//2510
f 3421//2511 3025//2511 3419//2511
f 3419//2511 3025//2511 3026//2511
f 3419//2489 3026//2489 3420//2489
f 3420//2489 3026//2489 3037//2489
f 3420//2512 3037//2512 3424//2512
f 3424//2512 3037//2512 3036//2512
f 3424//2513 3036//2513 3422//2513
f 3422//2513 3036//2513 3035//2513
f 3422//2492 3035//2492 3423//2492
f 3423//2492 3035//2492 3031//2492
f 3423//2514 3031//2514 3427//2514
f 3427//2514 3031//2514 3033//2514
f 3427//2515 3033//2515 3425//2515
f 3425//2515 3033//2515 3034//2515
f 3425//2495 3034//2495 3426//2495
f 3426//2495 3034//2495 3030//2495
f 3426//2516 3030//2516 3418//2516
f 3418//2516 3030//2516 3028//2516
f 3251//2470 3086//2470 3252//2470
f 3252//2470 3086//2470 3088//2470
f 3082//2468 3255//2468 3083//2468
f 3083//2468 3255//2468 3257//2468
f 3082//2469 3086//2469 3255//2469
f 3255//2469 3086//2469 3251//2469
f 3129//2469 3269//2469 3130//2469
f 3130//2469 3269//2469 3291//2469
f 3129//2470 3073//2470 3269//2470
f 3269//2470 3073//2470 3271//2470
f 3271//2467 3073//2467 3272//2467
f 3272//2467 3073//2467 3072//2467
f 3263//2468 3090//2468 3279//2468
f 3279//2468 3090//2468 3140//2468
f 3092//2470 3265//2470 3093//2470
f 3093//2470 3265//2470 3267//2470
f 3092//2467 3090//2467 3265//2467
f 3265//2467 3090//2467 3263//2467
f 3077//2468 3079//2468 3248//2468
f 3248//2468 3079//2468 3242//2468
f 3242//2469 3079//2469 3243//2469
f 3243//2469 3079//2469 3081//2469
f 3077//2467 3248//2467 3110//2467
f 3110//2467 3248//2467 3247//2467
f 3428//2517 3429//2517 3430//2517
f 3431//2518 3429//2518 3428//2518
f 3428//2519 3432//2519 3433//2519
f 3434//2520 3432//2520 3428//2520
f 3430//2521 3434//2521 3428//2521
f 3428//2522 3435//2522 3436//2522
f 3437//2523 3435//2523 3428//2523
f 3433//2524 3437//2524 3428//2524
f 3428//2525 3438//2525 3439//2525
f 3440//2526 3438//2526 3428//2526
f 3436//2527 3440//2527 3428//2527
f 3439//2528 3431//2528 3428//2528
f 3431//2490 3053//2490 3429//2490
f 3429//2490 3053//2490 3052//2490
f 3429//2489 3052//2489 3430//2489
f 3430//2489 3052//2489 3065//2489
f 3430//2488 3065//2488 3434//2488
f 3434//2488 3065//2488 3064//2488
f 3434//2487 3064//2487 3432//2487
f 3432//2487 3064//2487 3063//2487
f 3432//2486 3063//2486 3433//2486
f 3433//2486 3063//2486 3062//2486
f 3433//2485 3062//2485 3437//2485
f 3437//2485 3062//2485 3060//2485
f 3437//2496 3060//2496 3435//2496
f 3435//2496 3060//2496 3059//2496
f 3435//2495 3059//2495 3436//2495
f 3436//2495 3059//2495 3058//2495
f 3436//2494 3058//2494 3440//2494
f 3440//2494 3058//2494 3057//2494
f 3440//2493 3057//2493 3438//2493
f 3438//2493 3057//2493 3056//2493
f 3438//2492 3056//2492 3439//2492
f 3439//2492 3056//2492 3055//2492
f 3439//2491 3055//2491 3431//2491
f 3431//2491 3055//2491 3053//2491
f 3441//2529 3442//2529 3443//2529
f 3444//2530 3442//2530 3441//2530
f 3441//2531 3445//2531 3446//2531
f 3447//2532 3445//2532 3441//2532
f 3443//2533 3447//2533 3441//2533
f 3441//2534 3448//2534 3449//2534
f 3450//2535 3448//2535 3441//2535
f 3446//2536 3450//2536 3441//2536
f 3441//2537 3451//2537 3452//2537
f 3453//2538 3451//2538 3441//2538
f 3449//2539 3453//2539 3441//2539
f 3452//2540 3444//2540 3441//2540
f 3444//2512 2968//2512 3442//2512
f 3442//2512 2968//2512 2967//2512
f 3442//2489 2967//2489 3443//2489
f 3443//2489 2967//2489 2962//2489
f 3443//2511 2962//2511 3447//2511
f 3447//2511 2962//2511 2964//2511
f 3447//2510 2964//2510 3445//2510
f 3445//2510 2964//2510 2966//2510
f 3445//2486 2966//2486 3446//2486
f 3446//2486 2966//2486 2977//2486
f 3446//2509 2977//2509 3450//2509
f 3450//2509 2977//2509 2976//2509
f 3450//2516 2976//2516 3448//2516
f 3448//2516 2976//2516 2975//2516
f 3448//2495 2975//2495 3449//2495
f 3449//2495 2975//2495 2974//2495
f 3449//2515 2974//2515 3453//2515
f 3453//2515 2974//2515 2973//2515
f 3453//2514 2973//2514 3451//2514
f 3451//2514 2973//2514 2971//2514
f 3451//2492 2971//2492 3452//2492
f 3452//2492 2971//2492 2970//2492
f 3452//2513 2970//2513 3444//2513
f 3444//2513 2970//2513 2968//2513
f 3454//2541 3455//2541 3456//2541
f 3457//2542 3455//2542 3454//2542
f 3454//2543 3458//2543 3459//2543
f 3460//2544 3458//2544 3454//2544
f 3456//2545 3460//2545 3454//2545
f 3454//2546 3461//2546 3462//2546
f 3463//2547 3461//2547 3454//2547
f 3459//2548 3463//2548 3454//2548
f 3454//2549 3464//2549 3465//2549
f 3466//2550 3464//2550 3454//2550
f 3462//2551 3466//2551 3454//2551
f 3465//2552 3457//2552 3454//2552
f 3457//2553 3019//2553 3455//2553
f 3455//2553 3019//2553 3018//2553
f 3455//2554 3018//2554 3456//2554
f 3456//2554 3018//2554 3013//2554
f 3456//2555 3013//2555 3460//2555
f 3460//2555 3013//2555 3015//2555
f 3460//2556 3015//2556 3458//2556
f 3458//2556 3015//2556 3017//2556
f 3458//2557 3017//2557 3459//2557
f 3459//2557 3017//2557 3023//2557
f 3459//2558 3023//2558 3463//2558
f 3463//2558 3023//2558 3022//2558
f 3463//2559 3022//2559 3461//2559
f 3461//2559 3022//2559 3021//2559
f 3461//2560 3021//2560 3462//2560
f 3462//2560 3021//2560 3012//2560
f 3462//2561 3012//2561 3466//2561
f 3466//2561 3012//2561 3011//2561
f 3466//2562 3011//2562 3464//2562
f 3464//2562 3011//2562 3010//2562
f 3464//2563 3010//2563 3465//2563
f 3465//2563 3010//2563 3020//2563
f 3465//2564 3020//2564 3457//2564
f 3457//2564 3020//2564 3019//2564
f 3467//2565 3468//2565 3469//2565
f 3470//2566 3468//2566 3467//2566
f 3467//2567 3471//2567 3472//2567
f 3473//2568 3471//2568 3467//2568
f 3469//2569 3473//2569 3467//2569
f 3467//2570 3474//2570 3475//2570
f 3476//2571 3474//2571 3467//2571
f 3472//2572 3476//2572 3467//2572
f 3467//2573 3477//2573 3478//2573
f 3479//2574 3477//2574 3467//2574
f 3475//2575 3479//2575 3467//2575
f 3478//2576 3470//2576 3467//2576
f 3470//2577 2989//2577 3468//2577
f 3468//2577 2989//2577 2988//2577
f 3468//2554 2988//2554 3469//2554
f 3469//2554 2988//2554 2983//2554
f 3469//2578 2983//2578 3473//2578
f 3473//2578 2983//2578 2985//2578
f 3473//2579 2985//2579 3471//2579
f 3471//2579 2985//2579 2987//2579
f 3471//2557 2987//2557 3472//2557
f 3472//2557 2987//2557 2993//2557
f 3472//2580 2993//2580 3476//2580
f 3476//2580 2993//2580 2992//2580
f 3476//2581 2992//2581 3474//2581
f 3474//2581 2992//2581 2991//2581
f 3474//2560 2991//2560 3475//2560
f 3475//2560 2991//2560 2982//2560
f 3475//2582 2982//2582 3479//2582
f 3479//2582 2982//2582 2981//2582
f 3479//2583 2981//2583 3477//2583
f 3477//2583 2981//2583 2979//2583
f 3477//2563 2979//2563 3478//2563
f 3478//2563 2979//2563 2990//2563
f 3478//2584 2990//2584 3470//2584
f 3470//2584 2990//2584 2989//2584
f 3480//2585 3481//2585 3482//2585
f 3483//2586 3481//2586 3480//2586
f 3480//2587 3484//2587 3485//2587
f 3486//2588 3484//2588 3480//2588
f 3482//2589 3486//2589 3480//2589
f 3480//2590 3487//2590 3488//2590
f 3489//2591 3487//2591 3480//2591
f 3485//2592 3489//2592 3480//2592
f 3480//2593 3490//2593 3491//2593
f 3492//2594 3490//2594 3480//2594
f 3488//2595 3492//2595 3480//2595
f 3491//2596 3483//2596 3480//2596
f 3483//2558 2957//2558 3481//2558
f 3481//2558 2957//2558 2956//2558
f 3481//2557 2956//2557 3482//2557
f 3482//2557 2956//2557 2955//2557
f 3482//2556 2955//2556 3486//2556
f 3486//2556 2955//2556 2954//2556
f 3486//2555 2954//2555 3484//2555
f 3484//2555 2954//2555 2952//2555
f 3484//2554 2952//2554 3485//2554
f 3485//2554 2952//2554 2961//2554
f 3485//2553 2961//2553 3489//2553
f 3489//2553 2961//2553 2960//2553
f 3489//2564 2960//2564 3487//2564
f 3487//2564 2960//2564 2959//2564
f 3487//2563 2959//2563 3488//2563
f 3488//2563 2959//2563 2950//2563
f 3488//2562 2950//2562 3492//2562
f 3492//2562 2950//2562 2949//2562
f 3492//2561 2949//2561 3490//2561
f 3490//2561 2949//2561 2947//2561
f 3490//2560 2947//2560 3491//2560
f 3491//2560 2947//2560 2958//2560
f 3491//2559 2958//2559 3483//2559
f 3483//2559 2958//2559 2957//2559
f 3493//2597 3494//2597 3495//2597
f 3496//2598 3494//2598 3493//2598
f 3493//2599 3497//2599 3498//2599
f 3499//2600 3497//2600 3493//2600
f 3495//2601 3499//2601 3493//2601
f 3493//2602 3500//2602 3501//2602
f 3502//2603 3500//2603 3493//2603
f 3498//2604 3502//2604 3493//2604
f 3493//2605 3503//2605 3504//2605
f 3505//2606 3503//2606 3493//2606
f 3501//2607 3505//2607 3493//2607
f 3504//2608 3496//2608 3493//2608
f 3496//2580 3050//2580 3494//2580
f 3494//2580 3050//2580 3049//2580
f 3494//2557 3049//2557 3495//2557
f 3495//2557 3049//2557 3048//2557
f 3495//2579 3048//2579 3499//2579
f 3499//2579 3048//2579 3047//2579
f 3499//2578 3047//2578 3497//2578
f 3497//2578 3047//2578 3046//2578
f 3497//2554 3046//2554 3498//2554
f 3498//2554 3046//2554 3045//2554
f 3498//2577 3045//2577 3502//2577
f 3502//2577 3045//2577 3044//2577
f 3502//2584 3044//2584 3500//2584
f 3500//2584 3044//2584 3043//2584
f 3500//2563 3043//2563 3501//2563
f 3501//2563 3043//2563 3042//2563
f 3501//2583 3042//2583 3505//2583
f 3505//2583 3042//2583 3041//2583
f 3505//2582 3041//2582 3503//2582
f 3503//2582 3041//2582 3039//2582
f 3503//2560 3039//2560 3504//2560
f 3504//2560 3039//2560 3051//2560
f 3504//2581 3051//2581 3496//2581
f 3496//2581 3051//2581 3050//2581
f 2951//2609 2953//2609 3274//2609
f 3274//2609 2953//2609 3137//2609
f 3274//2610 3137//2610 3357//2610
f 3357//2610 3137//2610 3138//2610
f 3357//2611 3138//2611 3359//2611
f 3359//2611 3138//2611 3125//2611
f 3359//2612 3125//2612 3360//2612
f 3360//2612 3125//2612 3123//2612
f 3360//2613 3123//2613 3238//2613
f 3238//2613 3123//2613 3100//2613
f 3238//2614 3100//2614 3239//2614
f 3239//2614 3100//2614 3106//2614
f 3239//2615 3106//2615 3250//2615
f 3250//2615 3106//2615 3108//2615
f 3250//2616 3108//2616 3249//2616
f 3249//2616 3108//2616 3109//2616
f 3249//2617 3109//2617 3247//2617
f 3247//2617 3109//2617 3110//2617
f 3243//2618 3081//2618 3244//2618
f 3244//2618 3081//2618 3080//2618
f 3244//2619 3080//2619 3261//2619
f 3261//2619 3080//2619 3078//2619
f 3261//2620 3078//2620 3262//2620
f 3262//2620 3078//2620 3107//2620
f 3262//2609 3107//2609 3241//2609
f 3241//2609 3107//2609 3102//2609
f 3241//2610 3102//2610 3240//2610
f 3240//2610 3102//2610 3188//2610
f 3240//2621 3188//2621 3234//2621
f 3234//2621 3188//2621 3187//2621
f 3234//2622 3187//2622 3356//2622
f 3356//2622 3187//2622 3186//2622
f 3356//2613 3186//2613 3355//2613
f 3355//2613 3186//2613 3145//2613
f 3355//2614 3145//2614 3040//2614
f 3040//2614 3145//2614 3038//2614
f 2969//2623 2972//2623 3245//2623
f 3245//2623 2972//2623 3094//2623
f 3245//2613 3094//2613 3339//2613
f 3339//2613 3094//2613 3194//2613
f 3339//2624 3194//2624 3308//2624
f 3308//2624 3194//2624 3195//2624
f 3308//2625 3195//2625 3309//2625
f 3309//2625 3195//2625 3196//2625
f 3309//2616 3196//2616 3310//2616
f 3310//2616 3196//2616 3178//2616
f 3310//2626 3178//2626 3341//2626
f 3341//2626 3178//2626 3177//2626
f 3341//2627 3177//2627 3264//2627
f 3264//2627 3177//2627 3089//2627
f 3264//2628 3089//2628 3266//2628
f 3266//2628 3089//2628 3091//2628
f 3266//2629 3091//2629 3267//2629
f 3267//2629 3091//2629 3093//2629
f 3279//2630 3140//2630 3280//2630
f 3280//2630 3140//2630 3139//2630
f 3280//2631 3139//2631 3340//2631
f 3340//2631 3139//2631 3119//2631
f 3340//2632 3119//2632 3342//2632
f 3342//2632 3119//2632 3118//2632
f 3342//2623 3118//2623 3343//2623
f 3343//2623 3118//2623 3117//2623
f 3343//2613 3117//2613 3365//2613
f 3365//2613 3117//2613 3115//2613
f 3365//2633 3115//2633 3364//2633
f 3364//2633 3115//2633 3171//2633
f 3364//2634 3171//2634 3362//2634
f 3362//2634 3171//2634 3173//2634
f 3362//2616 3173//2616 3273//2616
f 3273//2616 3173//2616 3136//2616
f 3273//2626 3136//2626 3054//2626
f 3054//2626 3136//2626 3061//2626
f 3272//2635 3072//2635 3270//2635
f 3270//2635 3072//2635 3074//2635
f 3270//2613 3074//2613 3268//2613
f 3268//2613 3074//2613 3075//2613
f 3268//2614 3075//2614 3297//2614
f 3297//2614 3075//2614 3070//2614
f 3297//2615 3070//2615 3296//2615
f 3296//2615 3070//2615 3069//2615
f 3296//2616 3069//2616 3333//2616
f 3333//2616 3069//2616 3192//2616
f 3333//2636 3192//2636 3334//2636
f 3334//2636 3192//2636 3191//2636
f 3334//2637 3191//2637 3336//2637
f 3336//2637 3191//2637 3189//2637
f 3336//2619 3189//2619 3246//2619
f 3246//2619 3189//2619 3095//2619
f 3246//2620 3095//2620 3014//2620
f 3014//2620 3095//2620 3016//2620
f 2978//2615 2980//2615 3285//2615
f 3285//2615 2980//2615 3076//2615
f 3285//2616 3076//2616 3319//2616
f 3319//2616 3076//2616 3149//2616
f 3319//2638 3149//2638 3320//2638
f 3320//2638 3149//2638 3066//2638
f 3320//2639 3066//2639 3321//2639
f 3321//2639 3066//2639 3131//2639
f 3321//2619 3131//2619 3295//2619
f 3295//2619 3131//2619 3132//2619
f 3295//2620 3132//2620 3277//2620
f 3277//2620 3132//2620 3104//2620
f 3277//2609 3104//2609 3278//2609
f 3278//2609 3104//2609 3103//2609
f 3278//2610 3103//2610 3290//2610
f 3290//2610 3103//2610 3128//2610
f 3290//2640 3128//2640 3291//2640
f 3291//2640 3128//2640 3130//2640
f 3006//2641 2997//2641 3353//2641
f 3353//2641 2997//2641 3099//2641
f 3353//2619 3099//2619 3351//2619
f 3351//2619 3099//2619 3150//2619
f 3351//2642 3150//2642 3284//2642
f 3284//2642 3150//2642 3151//2642
f 3284//2630 3151//2630 3283//2630
f 3283//2630 3151//2630 3204//2630
f 3283//2610 3204//2610 3281//2610
f 3281//2610 3204//2610 3144//2610
f 3281//2643 3144//2643 3299//2643
f 3299//2643 3144//2643 3143//2643
f 3299//2644 3143//2644 3254//2644
f 3254//2644 3143//2644 3141//2644
f 3254//2645 3141//2645 3256//2645
f 3256//2645 3141//2645 3084//2645
f 3256//2633 3084//2633 3257//2633
f 3257//2633 3084//2633 3083//2633
f 3252//2625 3088//2625 3253//2625
f 3253//2625 3088//2625 3087//2625
f 3253//2646 3087//2646 3298//2646
f 3298//2646 3087//2646 3085//2646
f 3298//2647 3085//2647 3300//2647
f 3300//2647 3085//2647 3142//2647
f 3300//2641 3142//2641 3301//2641
f 3301//2641 3142//2641 3112//2641
f 3301//2619 3112//2619 3316//2619
f 3316//2619 3112//2619 3098//2619
f 3316//2629 3098//2629 3307//2629
f 3307//2629 3098//2629 3097//2629
f 3307//2648 3097//2648 3306//2648
f 3306//2648 3097//2648 3224//2648
f 3306//2610 3224//2610 3305//2610
f 3305//2610 3224//2610 3148//2610
f 3305//2643 3148//2643 3032//2643
f 3032//2643 3148//2643 3029//2643
f 3379//2467 3380//2467 3219//2467
f 3219//2467 3380//2467 3205//2467
f 3200//2470 3220//2470 3378//2470
f 3378//2470 3220//2470 3366//2470
f 3113//2467 3203//2467 3282//2467
f 3282//2467 3203//2467 3352//2467
f 3312//2468 3313//2468 3197//2468
f 3197//2468 3313//2468 3183//2468
f 3302//2467 3311//2467 3199//2467
f 3199//2467 3311//2467 3198//2467
f 3294//2468 3335//2468 3071//2468
f 3071//2468 3335//2468 3190//2468
f 3325//2469 3372//2469 3232//2469
f 3232//2469 3372//2469 3216//2469
f 3371//2468 3373//2468 3233//2468
f 3233//2468 3373//2468 3179//2468
f 3346//2469 3363//2469 3172//2469
f 3172//2469 3363//2469 3174//2469
f 3347//2470 3401//2470 3164//2470
f 3164//2470 3401//2470 3162//2470
f 3387//2469 3400//2469 3163//2469
f 3163//2469 3400//2469 3165//2469
f 3122//2470 3124//2470 3237//2470
f 3237//2470 3124//2470 3358//2470
f 3381//2469 3289//2469 3228//2469
f 3228//2469 3289//2469 3230//2469
f 3288//2467 3332//2467 3229//2467
f 3229//2467 3332//2467 3227//2467
f 3168//2468 3156//2468 3328//2468
f 3328//2468 3156//2468 3375//2468
f 3166//2470 3167//2470 3259//2470
f 3259//2470 3167//2470 3376//2470
f 3398//2467 3396//2467 3155//2467
f 3155//2467 3396//2467 3208//2467
f 3210//2469 3209//2469 3397//2469
f 3397//2469 3209//2469 3395//2469
f 3385//2470 3386//2470 3213//2470
f 3213//2470 3386//2470 3221//2470
f 3214//2468 3215//2468 3384//2468
f 3384//2468 3215//2468 3390//2468
f 3398//2634 3155//2634 3399//2634
f 3399//2634 3155//2634 3153//2634
f 3399//2649 3153//2649 3258//2649
f 3258//2649 3153//2649 3152//2649
f 3258//2650 3152//2650 3259//2650
f 3259//2650 3152//2650 3166//2650
f 2938//2651 2940//2651 3116//2651
f 3116//2651 2940//2651 3344//2651
f 3116//2652 3344//2652 3114//2652
f 3114//2652 3344//2652 3326//2652
f 3114//2627 3326//2627 3167//2627
f 3167//2627 3326//2627 3376//2627
f 3294//2653 3071//2653 3393//2653
f 3393//2653 3071//2653 3105//2653
f 3393//2654 3105//2654 3394//2654
f 3394//2654 3105//2654 3134//2654
f 3394//2655 3134//2655 3396//2655
f 3396//2655 3134//2655 3208//2655
f 3288//2656 3229//2656 3276//2656
f 3276//2656 3229//2656 3120//2656
f 3276//2657 3120//2657 3275//2657
f 3275//2657 3120//2657 3121//2657
f 3275//2658 3121//2658 3237//2658
f 3237//2658 3121//2658 3122//2658
f 3346//2659 3172//2659 3345//2659
f 3345//2659 3172//2659 3170//2659
f 3345//2660 3170//2660 3327//2660
f 3327//2660 3170//2660 3169//2660
f 3327//2632 3169//2632 3328//2632
f 3328//2632 3169//2632 3168//2632
f 3227//2624 3332//2624 3159//2624
f 3159//2624 3332//2624 3330//2624
f 3159//2661 3330//2661 3158//2661
f 3158//2661 3330//2661 3329//2661
f 3158//2662 3329//2662 3156//2662
f 3156//2662 3329//2662 3375//2662
f 3381//2648 3228//2648 3331//2648
f 3331//2648 3228//2648 3157//2648
f 3331//2663 3157//2663 3382//2663
f 3382//2663 3157//2663 3212//2663
f 3382//2664 3212//2664 3384//2664
f 3384//2664 3212//2664 3214//2664
f 3230//2665 3289//2665 3231//2665
f 3231//2665 3289//2665 3323//2665
f 3231//2666 3323//2666 3101//2666
f 3101//2666 3323//2666 3322//2666
f 3101//2667 3322//2667 2944//2667
f 2944//2667 3322//2667 2942//2667
f 3390//2644 3215//2644 3391//2644
f 3391//2644 3215//2644 3096//2644
f 3391//2668 3096//2668 3392//2668
f 3392//2668 3096//2668 3111//2668
f 3392//2669 3111//2669 3282//2669
f 3282//2669 3111//2669 3113//2669
f 3210//2642 3397//2642 3154//2642
f 3154//2642 3397//2642 3260//2642
f 3154//2670 3260//2670 3211//2670
f 3211//2670 3260//2670 3383//2670
f 3211//2671 3383//2671 3213//2671
f 3213//2671 3383//2671 3385//2671
f 2934//2672 2936//2672 3133//2672
f 3133//2672 2936//2672 3293//2672
f 3133//2673 3293//2673 3135//2673
f 3135//2673 3293//2673 3292//2673
f 3135//2674 3292//2674 3209//2674
f 3209//2674 3292//2674 3395//2674
f 3221//2647 3386//2647 3222//2647
f 3222//2647 3386//2647 3314//2647
f 3222//2675 3314//2675 3223//2675
f 3223//2675 3314//2675 3315//2675
f 3223//2676 3315//2676 2932//2676
f 2932//2676 3315//2676 2930//2676
f 3200//2677 3378//2677 3201//2677
f 3201//2677 3378//2677 3377//2677
f 3201//2649 3377//2649 3202//2649
f 3202//2649 3377//2649 3354//2649
f 3202//2678 3354//2678 3203//2678
f 3203//2678 3354//2678 3352//2678
f 2933//2679 2931//2679 3225//2679
f 3225//2679 2931//2679 3317//2679
f 3225//2661 3317//2661 3226//2661
f 3226//2661 3317//2661 3318//2661
f 3226//2680 3318//2680 3197//2680
f 3197//2680 3318//2680 3312//2680
f 3302//2655 3199//2655 3185//2655
f 3302//2655 3185//2655 3303//2655
f 3303//2681 3185//2681 3184//2681
f 3303//2681 3184//2681 3304//2681
f 3304//2682 3184//2682 3183//2682
f 3304//2682 3183//2682 3313//2682
f 3198//2655 3311//2655 3067//2655
f 3067//2655 3311//2655 3287//2655
f 3067//2683 3287//2683 3068//2683
f 3068//2683 3287//2683 3286//2683
f 3068//2684 3286//2684 2935//2684
f 2935//2684 3286//2684 2937//2684
f 3190//2685 3335//2685 3193//2685
f 3193//2685 3335//2685 3337//2685
f 3193//2686 3337//2686 3181//2686
f 3181//2686 3337//2686 3338//2686
f 3181//2674 3338//2674 3232//2674
f 3232//2674 3338//2674 3325//2674
f 3371//2687 3233//2687 3218//2687
f 3371//2687 3218//2687 3369//2687
f 3369//2688 3218//2688 3217//2688
f 3369//2688 3217//2688 3370//2688
f 3370//2674 3217//2674 3216//2674
f 3370//2674 3216//2674 3372//2674
f 3179//2689 3373//2689 3180//2689
f 3180//2689 3373//2689 3374//2689
f 3180//2663 3374//2663 3182//2663
f 3182//2663 3374//2663 3324//2663
f 3182//2690 3324//2690 2939//2690
f 2939//2690 3324//2690 2941//2690
f 3174//2691 3363//2691 3175//2691
f 3175//2691 3363//2691 3350//2691
f 3175//2670 3350//2670 3176//2670
f 3176//2670 3350//2670 3348//2670
f 3176//2692 3348//2692 3164//2692
f 3164//2692 3348//2692 3347//2692
f 3387//2665 3163//2665 3161//2665
f 3387//2665 3161//2665 3388//2665
f 3388//2693 3161//2693 3160//2693
f 3388//2693 3160//2693 3389//2693
f 3389//2694 3160//2694 3162//2694
f 3389//2694 3162//2694 3401//2694
f 3165//2665 3400//2665 3127//2665
f 3127//2665 3400//2665 3349//2665
f 3127//2695 3349//2695 3126//2695
f 3126//2695 3349//2695 3361//2695
f 3126//2696 3361//2696 3124//2696
f 3124//2696 3361//2696 3358//2696
f 2945//2697 2943//2697 3146//2697
f 3146//2697 2943//2697 3236//2697
f 3146//2698 3236//2698 3147//2698
f 3147//2698 3236//2698 3235//2698
f 3147//2656 3235//2656 3219//2656
f 3219//2656 3235//2656 3379//2656
f 3366//2699 3220//2699 3207//2699
f 3366//2699 3207//2699 3367//2699
f 3367//2700 3207//2700 3206//2700
f 3367//2700 3206//2700 3368//2700
f 3368//2656 3206//2656 3205//2656
f 3368//2656 3205//2656 3380//2656
f 3506//2701 3507//2701 3508//2701
f 3508//2701 3507//2701 3509//2701
f 3508//2702 3509//2702 3510//2702
f 3510//2702 3509//2702 3511//2702
f 3510//2703 3511//2703 3512//2703
f 3512//2703 3511//2703 3513//2703
f 3512//2704 3513//2704 3514//2704
f 3514//2704 3513//2704 3515//2704
f 3514//2705 3515//2705 3516//2705
f 3516//2705 3515//2705 3517//2705
f 3516//2706 3517//2706 3518//2706
f 3518//2706 3517//2706 3519//2706
f 3518//2707 3519//2707 3520//2707
f 3520//2707 3519//2707 3521//2707
f 3520//2708 3521//2708 3522//2708
f 3522//2708 3521//2708 3523//2708
f 3522//2709 3523//2709 3524//2709
f 3524//2709 3523//2709 3525//2709
f 3524//2710 3525//2710 3526//2710
f 3526//2710 3525//2710 3527//2710
f 3526//2711 3527//2711 3528//2711
f 3528//2711 3527//2711 3529//2711
f 3528//2712 3529//2712 3506//2712
f 3506//2712 3529//2712 3507//2712
f 3530//2713 3531//2713 3532//2713
f 3532//2713 3531//2713 3533//2713
f 3532//2714 3533//2714 3534//2714
f 3534//2714 3533//2714 3535//2714
f 3534//2715 3535//2715 3536//2715
f 3536//2715 3535//2715 3537//2715
f 3536//2716 3537//2716 3538//2716
f 3538//2716 3537//2716 3539//2716
f 3538//2717 3539//2717 3540//2717
f 3540//2717 3539//2717 3541//2717
f 3540//2718 3541//2718 3542//2718
f 3542//2718 3541//2718 3543//2718
f 3542//2719 3543//2719 3544//2719
f 3544//2719 3543//2719 3545//2719
f 3544//2720 3545//2720 3546//2720
f 3546//2720 3545//2720 3547//2720
f 3546//2721 3547//2721 3548//2721
f 3548//2721 3547//2721 3549//2721
f 3548//2722 3549//2722 3550//2722
f 3550//2722 3549//2722 3551//2722
f 3550//2723 3551//2723 3552//2723
f 3552//2723 3551//2723 3553//2723
f 3552//2724 3553//2724 3530//2724
f 3530//2724 3553//2724 3531//2724
f 3554//2713 3555//2713 3556//2713
f 3556//2713 3555//2713 3557//2713
f 3556//2702 3557//2702 3558//2702
f 3558//2702 3557//2702 3559//2702
f 3558//2715 3559//2715 3560//2715
f 3560//2715 3559//2715 3561//2715
f 3560//2716 3561//2716 3562//2716
f 3562//2716 3561//2716 3563//2716
f 3562//2705 3563//2705 3564//2705
f 3564//2705 3563//2705 3565//2705
f 3564//2718 3565//2718 3566//2718
f 3566//2718 3565//2718 3567//2718
f 3566//2725 3567//2725 3568//2725
f 3568//2725 3567//2725 3569//2725
f 3568//2708 3569//2708 3570//2708
f 3570//2708 3569//2708 3571//2708
f 3570//2726 3571//2726 3572//2726
f 3572//2726 3571//2726 3573//2726
f 3572//2727 3573//2727 3574//2727
f 3574//2727 3573//2727 3575//2727
f 3574//2711 3575//2711 3576//2711
f 3576//2711 3575//2711 3577//2711
f 3576//2728 3577//2728 3554//2728
f 3554//2728 3577//2728 3555//2728
f 3578//2729 3579//2729 3580//2729
f 3580//2729 3579//2729 3581//2729
f 3580//2730 3581//2730 3582//2730
f 3582//2730 3581//2730 3583//2730
f 3582//2731 3583//2731 3584//2731
f 3584//2731 3583//2731 3585//2731
f 3584//2732 3585//2732 3586//2732
f 3586//2732 3585//2732 3587//2732
f 3586//2733 3587//2733 3588//2733
f 3588//2733 3587//2733 3589//2733
f 3588//2734 3589//2734 3590//2734
f 3590//2734 3589//2734 3591//2734
f 3590//2735 3591//2735 3592//2735
f 3592//2735 3591//2735 3593//2735
f 3592//2736 3593//2736 3594//2736
f 3594//2736 3593//2736 3595//2736
f 3594//2737 3595//2737 3596//2737
f 3596//2737 3595//2737 3597//2737
f 3596//2738 3597//2738 3598//2738
f 3598//2738 3597//2738 3599//2738
f 3598//2739 3599//2739 3600//2739
f 3600//2739 3599//2739 3601//2739
f 3600//2740 3601//2740 3578//2740
f 3578//2740 3601//2740 3579//2740
f 3602//2741 3603//2741 3604//2741
f 3605//2742 3606//2742 3607//2742
f 3607//2743 3606//2743 3608//2743
f 3607//2744 3608//2744 3609//2744
f 3609//2745 3608//2745 3602//2745
f 3609//2746 3602//2746 3610//2746
f 3610//2747 3602//2747 3604//2747
f 3588//2748 3590//2748 3611//2748
f 3612//2748 3613//2748 3614//2748
f 3615//2748 3616//2748 3617//2748
f 3618//2748 3619//2748 3620//2748
f 3621//2748 3622//2748 3623//2748
f 3624//2748 3625//2748 3626//2748
f 3620//2748 3619//2748 3627//2748
f 3538//2748 3628//2748 3536//2748
f 3536//2748 3628//2748 3629//2748
f 3536//2748 3629//2748 3534//2748
f 3534//2748 3629//2748 3532//2748
f 3614//2748 3546//2748 3630//2748
f 3630//2748 3546//2748 3548//2748
f 3630//2748 3548//2748 3550//2748
f 3538//2748 3540//2748 3628//2748
f 3628//2748 3540//2748 3542//2748
f 3628//2748 3542//2748 3614//2748
f 3614//2748 3542//2748 3544//2748
f 3614//2748 3544//2748 3546//2748
f 3629//2748 3631//2748 3532//2748
f 3532//2748 3631//2748 3632//2748
f 3532//2748 3632//2748 3530//2748
f 3530//2748 3632//2748 3552//2748
f 3623//2748 3633//2748 3634//2748
f 3623//2748 3634//2748 3635//2748
f 3636//2748 3637//2748 3638//2748
f 3638//2748 3639//2748 3636//2748
f 3636//2748 3639//2748 3640//2748
f 3636//2748 3640//2748 3641//2748
f 3641//2748 3640//2748 3642//2748
f 3641//2748 3642//2748 3633//2748
f 3634//2748 3643//2748 3635//2748
f 3635//2748 3643//2748 3644//2748
f 3635//2748 3644//2748 3645//2748
f 3645//2748 3644//2748 3646//2748
f 3646//2748 3647//2748 3645//2748
f 3645//2748 3647//2748 3648//2748
f 3645//2748 3648//2748 3637//2748
f 3637//2748 3648//2748 3649//2748
f 3637//2748 3649//2748 3638//2748
f 3650//2748 3651//2748 3652//2748
f 3652//2748 3651//2748 3653//2748
f 3652//2748 3653//2748 3654//2748
f 3654//2748 3653//2748 3655//2748
f 3656//2748 3657//2748 3658//2748
f 3659//2748 3660//2748 3661//2748
f 3661//2748 3660//2748 3662//2748
f 3662//2748 3660//2748 3663//2748
f 3662//2748 3663//2748 3664//2748
f 3664//2748 3663//2748 3665//2748
f 3664//2748 3665//2748 3666//2748
f 3665//2748 3667//2748 3666//2748
f 3666//2748 3667//2748 3668//2748
f 3666//2748 3668//2748 3669//2748
f 3669//2748 3668//2748 3670//2748
f 3669//2748 3670//2748 3657//2748
f 3657//2748 3670//2748 3671//2748
f 3657//2748 3671//2748 3658//2748
f 3658//2748 3671//2748 3672//2748
f 3658//2748 3672//2748 3673//2748
f 3673//2748 3672//2748 3674//2748
f 3673//2748 3674//2748 3675//2748
f 3675//2748 3674//2748 3676//2748
f 3675//2748 3676//2748 3677//2748
f 3677//2748 3676//2748 3678//2748
f 3677//2748 3678//2748 3679//2748
f 3679//2748 3678//2748 3659//2748
f 3679//2748 3659//2748 3680//2748
f 3680//2748 3659//2748 3661//2748
f 3680//2748 3661//2748 3681//2748
f 3682//2748 3683//2748 3619//2748
f 3619//2748 3683//2748 3684//2748
f 3661//2748 3627//2748 3681//2748
f 3681//2748 3627//2748 3619//2748
f 3681//2748 3619//2748 3685//2748
f 3685//2748 3619//2748 3684//2748
f 3686//2748 3628//2748 3687//2748
f 3687//2748 3628//2748 3614//2748
f 3687//2748 3614//2748 3688//2748
f 3688//2748 3614//2748 3689//2748
f 3690//2748 3691//2748 3611//2748
f 3611//2748 3691//2748 3692//2748
f 3611//2748 3692//2748 3626//2748
f 3626//2748 3692//2748 3693//2748
f 3626//2748 3693//2748 3624//2748
f 3694//2748 3695//2748 3696//2748
f 3696//2748 3695//2748 3697//2748
f 3696//2748 3697//2748 3615//2748
f 3615//2748 3697//2748 3698//2748
f 3615//2748 3698//2748 3616//2748
f 3616//2748 3698//2748 3699//2748
f 3616//2748 3699//2748 3700//2748
f 3618//2748 3560//2748 3619//2748
f 3619//2748 3560//2748 3562//2748
f 3619//2748 3562//2748 3564//2748
f 3564//2748 3566//2748 3619//2748
f 3619//2748 3566//2748 3628//2748
f 3619//2748 3628//2748 3682//2748
f 3682//2748 3628//2748 3686//2748
f 3566//2748 3568//2748 3628//2748
f 3628//2748 3568//2748 3570//2748
f 3628//2748 3570//2748 3629//2748
f 3629//2748 3570//2748 3572//2748
f 3629//2748 3572//2748 3574//2748
f 3576//2748 3554//2748 3701//2748
f 3701//2748 3554//2748 3556//2748
f 3701//2748 3556//2748 3618//2748
f 3618//2748 3556//2748 3558//2748
f 3618//2748 3558//2748 3560//2748
f 3702//2748 3703//2748 3704//2748
f 3604//2748 3705//2748 3706//2748
f 3706//2748 3702//2748 3604//2748
f 3604//2748 3702//2748 3704//2748
f 3604//2748 3704//2748 3610//2748
f 3610//2748 3704//2748 3707//2748
f 3708//2748 3609//2748 3709//2748
f 3709//2748 3609//2748 3610//2748
f 3709//2748 3610//2748 3710//2748
f 3710//2748 3610//2748 3707//2748
f 3711//2748 3712//2748 3713//2748
f 3713//2748 3714//2748 3711//2748
f 3711//2748 3714//2748 3715//2748
f 3711//2748 3715//2748 3716//2748
f 3716//2748 3715//2748 3717//2748
f 3716//2748 3717//2748 3704//2748
f 3704//2748 3717//2748 3718//2748
f 3704//2748 3718//2748 3707//2748
f 3708//2748 3719//2748 3609//2748
f 3609//2748 3719//2748 3720//2748
f 3609//2748 3720//2748 3712//2748
f 3712//2748 3720//2748 3721//2748
f 3712//2748 3721//2748 3713//2748
f 3633//2748 3623//2748 3641//2748
f 3641//2748 3623//2748 3622//2748
f 3641//2748 3622//2748 3722//2748
f 3723//2748 3724//2748 3725//2748
f 3722//2748 3726//2748 3641//2748
f 3641//2748 3726//2748 3723//2748
f 3641//2748 3723//2748 3727//2748
f 3727//2748 3723//2748 3725//2748
f 3728//2748 3729//2748 3730//2748
f 3731//2748 3621//2748 3732//2748
f 3733//2748 3734//2748 3735//2748
f 3735//2748 3734//2748 3731//2748
f 3735//2748 3731//2748 3736//2748
f 3736//2748 3731//2748 3732//2748
f 3737//2748 3716//2748 3738//2748
f 3739//2748 3740//2748 3741//2748
f 3741//2748 3740//2748 3742//2748
f 3741//2748 3742//2748 3743//2748
f 3737//2748 3738//2748 3744//2748
f 3744//2748 3738//2748 3745//2748
f 3744//2748 3745//2748 3746//2748
f 3574//2748 3576//2748 3629//2748
f 3629//2748 3576//2748 3701//2748
f 3629//2748 3701//2748 3631//2748
f 3631//2748 3701//2748 3747//2748
f 3748//2748 3749//2748 3651//2748
f 3651//2748 3749//2748 3656//2748
f 3651//2748 3656//2748 3653//2748
f 3653//2748 3656//2748 3658//2748
f 3653//2748 3658//2748 3655//2748
f 3750//2748 3748//2748 3514//2748
f 3522//2748 3524//2748 3696//2748
f 3696//2748 3524//2748 3526//2748
f 3696//2748 3526//2748 3528//2748
f 3650//2748 3694//2748 3651//2748
f 3651//2748 3694//2748 3696//2748
f 3651//2748 3696//2748 3506//2748
f 3506//2748 3696//2748 3528//2748
f 3506//2748 3508//2748 3651//2748
f 3651//2748 3508//2748 3510//2748
f 3651//2748 3510//2748 3748//2748
f 3748//2748 3510//2748 3512//2748
f 3748//2748 3512//2748 3514//2748
f 3700//2748 3751//2748 3616//2748
f 3616//2748 3751//2748 3690//2748
f 3616//2748 3690//2748 3617//2748
f 3617//2748 3690//2748 3611//2748
f 3617//2748 3611//2748 3752//2748
f 3730//2748 3733//2748 3728//2748
f 3728//2748 3733//2748 3735//2748
f 3728//2748 3735//2748 3611//2748
f 3611//2748 3735//2748 3753//2748
f 3611//2748 3753//2748 3752//2748
f 3635//2748 3754//2748 3623//2748
f 3623//2748 3754//2748 3755//2748
f 3623//2748 3755//2748 3621//2748
f 3621//2748 3755//2748 3756//2748
f 3621//2748 3756//2748 3732//2748
f 3757//2748 3758//2748 3645//2748
f 3645//2748 3758//2748 3759//2748
f 3645//2748 3759//2748 3635//2748
f 3635//2748 3759//2748 3760//2748
f 3635//2748 3760//2748 3754//2748
f 3761//2748 3762//2748 3615//2748
f 3615//2748 3762//2748 3763//2748
f 3762//2748 3764//2748 3763//2748
f 3763//2748 3764//2748 3765//2748
f 3763//2748 3765//2748 3766//2748
f 3765//2748 3767//2748 3766//2748
f 3766//2748 3767//2748 3768//2748
f 3766//2748 3768//2748 3769//2748
f 3769//2748 3768//2748 3770//2748
f 3769//2748 3770//2748 3645//2748
f 3645//2748 3770//2748 3771//2748
f 3645//2748 3771//2748 3757//2748
f 3752//2748 3772//2748 3617//2748
f 3617//2748 3772//2748 3773//2748
f 3617//2748 3773//2748 3615//2748
f 3615//2748 3773//2748 3774//2748
f 3615//2748 3774//2748 3761//2748
f 3775//2748 3776//2748 3630//2748
f 3630//2748 3776//2748 3777//2748
f 3630//2748 3777//2748 3614//2748
f 3614//2748 3777//2748 3778//2748
f 3614//2748 3778//2748 3612//2748
f 3550//2748 3552//2748 3630//2748
f 3630//2748 3552//2748 3632//2748
f 3630//2748 3632//2748 3775//2748
f 3775//2748 3632//2748 3779//2748
f 3775//2748 3779//2748 3780//2748
f 3780//2748 3779//2748 3781//2748
f 3781//2748 3779//2748 3782//2748
f 3782//2748 3779//2748 3783//2748
f 3782//2748 3783//2748 3784//2748
f 3784//2748 3783//2748 3785//2748
f 3784//2748 3785//2748 3786//2748
f 3737//2748 3787//2748 3716//2748
f 3716//2748 3787//2748 3788//2748
f 3716//2748 3788//2748 3711//2748
f 3711//2748 3788//2748 3789//2748
f 3711//2748 3789//2748 3712//2748
f 3712//2748 3789//2748 3790//2748
f 3712//2748 3790//2748 3791//2748
f 3792//2748 3626//2748 3613//2748
f 3613//2748 3626//2748 3625//2748
f 3613//2748 3625//2748 3614//2748
f 3614//2748 3625//2748 3793//2748
f 3614//2748 3793//2748 3689//2748
f 3745//2748 3739//2748 3746//2748
f 3746//2748 3739//2748 3741//2748
f 3746//2748 3741//2748 3794//2748
f 3794//2748 3741//2748 3626//2748
f 3794//2748 3626//2748 3795//2748
f 3795//2748 3626//2748 3792//2748
f 3763//2748 3796//2748 3797//2748
f 3763//2748 3797//2748 3615//2748
f 3615//2748 3797//2748 3798//2748
f 3615//2748 3798//2748 3799//2748
f 3799//2748 3800//2748 3615//2748
f 3615//2748 3800//2748 3801//2748
f 3615//2748 3801//2748 3696//2748
f 3696//2748 3801//2748 3802//2748
f 3696//2748 3802//2748 3803//2748
f 3803//2748 3804//2748 3696//2748
f 3696//2748 3804//2748 3805//2748
f 3696//2748 3805//2748 3522//2748
f 3522//2748 3805//2748 3806//2748
f 3522//2748 3806//2748 3520//2748
f 3520//2748 3806//2748 3807//2748
f 3520//2748 3807//2748 3518//2748
f 3518//2748 3807//2748 3750//2748
f 3518//2748 3750//2748 3516//2748
f 3516//2748 3750//2748 3514//2748
f 3804//2748 3808//2748 3805//2748
f 3805//2748 3808//2748 3809//2748
f 3805//2748 3809//2748 3763//2748
f 3763//2748 3809//2748 3810//2748
f 3763//2748 3810//2748 3796//2748
f 3611//2748 3590//2748 3728//2748
f 3728//2748 3590//2748 3592//2748
f 3728//2748 3592//2748 3594//2748
f 3594//2748 3596//2748 3728//2748
f 3728//2748 3596//2748 3741//2748
f 3728//2748 3741//2748 3729//2748
f 3729//2748 3741//2748 3743//2748
f 3729//2748 3743//2748 3811//2748
f 3811//2748 3743//2748 3812//2748
f 3596//2748 3598//2748 3741//2748
f 3741//2748 3598//2748 3600//2748
f 3741//2748 3600//2748 3626//2748
f 3626//2748 3600//2748 3578//2748
f 3626//2748 3578//2748 3580//2748
f 3580//2748 3582//2748 3626//2748
f 3626//2748 3582//2748 3584//2748
f 3626//2748 3584//2748 3611//2748
f 3611//2748 3584//2748 3586//2748
f 3611//2748 3586//2748 3588//2748
f 3791//2748 3786//2748 3712//2748
f 3712//2748 3786//2748 3785//2748
f 3712//2748 3785//2748 3609//2748
f 3609//2748 3785//2748 3607//2748
f 3747//2748 3813//2748 3631//2748
f 3631//2748 3813//2748 3814//2748
f 3631//2748 3814//2748 3632//2748
f 3632//2748 3814//2748 3815//2748
f 3632//2748 3815//2748 3779//2748
f 3779//2748 3815//2748 3816//2748
f 3779//2748 3816//2748 3783//2748
f 3783//2748 3816//2748 3817//2748
f 3783//2748 3817//2748 3785//2748
f 3785//2748 3817//2748 3818//2748
f 3785//2748 3818//2748 3607//2748
f 3607//2748 3818//2748 3605//2748
f 3602//2749 3608//2749 3819//2749
f 3820//2749 3821//2749 3822//2749
f 3823//2749 3824//2749 3825//2749
f 3826//2749 3827//2749 3828//2749
f 3829//2749 3830//2749 3831//2749
f 3832//2749 3833//2749 3834//2749
f 3835//2749 3836//2749 3837//2749
f 3838//2749 3839//2749 3837//2749
f 3837//2749 3839//2749 3840//2749
f 3837//2749 3840//2749 3835//2749
f 3838//2749 3841//2749 3839//2749
f 3839//2749 3841//2749 3842//2749
f 3839//2749 3842//2749 3843//2749
f 3844//2749 3845//2749 3836//2749
f 3836//2749 3845//2749 3846//2749
f 3836//2749 3846//2749 3837//2749
f 3847//2749 3848//2749 3849//2749
f 3849//2749 3848//2749 3844//2749
f 3842//2749 3850//2749 3843//2749
f 3843//2749 3850//2749 3851//2749
f 3843//2749 3851//2749 3849//2749
f 3849//2749 3851//2749 3852//2749
f 3849//2749 3852//2749 3847//2749
f 3853//2749 3854//2749 3855//2749
f 3855//2749 3854//2749 3856//2749
f 3855//2749 3856//2749 3857//2749
f 3853//2749 3858//2749 3854//2749
f 3854//2749 3858//2749 3859//2749
f 3854//2749 3859//2749 3860//2749
f 3860//2749 3861//2749 3862//2749
f 3861//2749 3863//2749 3862//2749
f 3862//2749 3863//2749 3864//2749
f 3862//2749 3864//2749 3865//2749
f 3864//2749 3866//2749 3865//2749
f 3865//2749 3866//2749 3867//2749
f 3865//2749 3867//2749 3868//2749
f 3868//2749 3867//2749 3869//2749
f 3868//2749 3869//2749 3870//2749
f 3870//2749 3869//2749 3871//2749
f 3871//2749 3869//2749 3872//2749
f 3871//2749 3872//2749 3855//2749
f 3855//2749 3872//2749 3873//2749
f 3855//2749 3873//2749 3853//2749
f 3857//2749 3856//2749 3874//2749
f 3874//2749 3856//2749 3875//2749
f 3874//2749 3875//2749 3876//2749
f 3877//2749 3878//2749 3879//2749
f 3879//2749 3878//2749 3880//2749
f 3879//2749 3880//2749 3881//2749
f 3882//2749 3883//2749 3884//2749
f 3882//2749 3884//2749 3885//2749
f 3885//2749 3884//2749 3886//2749
f 3885//2749 3886//2749 3887//2749
f 3888//2749 3889//2749 3831//2749
f 3889//2749 3890//2749 3891//2749
f 3881//2749 3880//2749 3892//2749
f 3892//2749 3880//2749 3885//2749
f 3892//2749 3885//2749 3893//2749
f 3893//2749 3885//2749 3887//2749
f 3893//2749 3887//2749 3894//2749
f 3894//2749 3887//2749 3895//2749
f 3894//2749 3895//2749 3896//2749
f 3896//2749 3895//2749 3897//2749
f 3896//2749 3897//2749 3898//2749
f 3898//2749 3897//2749 3899//2749
f 3898//2749 3899//2749 3900//2749
f 3900//2749 3899//2749 3901//2749
f 3900//2749 3901//2749 3902//2749
f 3902//2749 3901//2749 3903//2749
f 3902//2749 3903//2749 3904//2749
f 3905//2749 3906//2749 3907//2749
f 3907//2749 3906//2749 3908//2749
f 3908//2749 3906//2749 3909//2749
f 3908//2749 3909//2749 3910//2749
f 3907//2749 3911//2749 3905//2749
f 3905//2749 3911//2749 3888//2749
f 3905//2749 3888//2749 3912//2749
f 3912//2749 3888//2749 3831//2749
f 3912//2749 3831//2749 3913//2749
f 3914//2749 3913//2749 3915//2749
f 3915//2749 3913//2749 3831//2749
f 3915//2749 3831//2749 3916//2749
f 3916//2749 3831//2749 3830//2749
f 3916//2749 3830//2749 3917//2749
f 3917//2749 3830//2749 3918//2749
f 3917//2749 3918//2749 3919//2749
f 3919//2749 3918//2749 3920//2749
f 3919//2749 3920//2749 3921//2749
f 3921//2749 3920//2749 3922//2749
f 3921//2749 3922//2749 3923//2749
f 3923//2749 3922//2749 3924//2749
f 3924//2749 3922//2749 3925//2749
f 3924//2749 3925//2749 3926//2749
f 3926//2749 3925//2749 3927//2749
f 3926//2749 3927//2749 3928//2749
f 3832//2749 3929//2749 3833//2749
f 3833//2749 3929//2749 3930//2749
f 3833//2749 3930//2749 3931//2749
f 3931//2749 3930//2749 3932//2749
f 3931//2749 3932//2749 3933//2749
f 3934//2749 3935//2749 3834//2749
f 3935//2749 3936//2749 3834//2749
f 3834//2749 3936//2749 3937//2749
f 3834//2749 3937//2749 3832//2749
f 3832//2749 3937//2749 3938//2749
f 3832//2749 3938//2749 3939//2749
f 3939//2749 3938//2749 3940//2749
f 3939//2749 3940//2749 3941//2749
f 3941//2749 3940//2749 3942//2749
f 3943//2749 3944//2749 3945//2749
f 3945//2749 3944//2749 3946//2749
f 3945//2749 3946//2749 3947//2749
f 3947//2749 3946//2749 3948//2749
f 3947//2749 3948//2749 3949//2749
f 3949//2749 3948//2749 3950//2749
f 3949//2749 3950//2749 3951//2749
f 3945//2749 3952//2749 3943//2749
f 3943//2749 3952//2749 3865//2749
f 3943//2749 3865//2749 3942//2749
f 3942//2749 3865//2749 3868//2749
f 3942//2749 3868//2749 3941//2749
f 3931//2749 3953//2749 3833//2749
f 3833//2749 3953//2749 3954//2749
f 3833//2749 3954//2749 3834//2749
f 3834//2749 3954//2749 3951//2749
f 3834//2749 3951//2749 3934//2749
f 3934//2749 3951//2749 3950//2749
f 3914//2749 3915//2749 3955//2749
f 3955//2749 3915//2749 3956//2749
f 3955//2749 3956//2749 3957//2749
f 3957//2749 3956//2749 3958//2749
f 3957//2749 3958//2749 3959//2749
f 3959//2749 3958//2749 3960//2749
f 3959//2749 3960//2749 3933//2749
f 3933//2749 3960//2749 3928//2749
f 3933//2749 3928//2749 3931//2749
f 3931//2749 3928//2749 3927//2749
f 3931//2749 3927//2749 3953//2749
f 3889//2749 3891//2749 3831//2749
f 3831//2749 3891//2749 3961//2749
f 3831//2749 3961//2749 3829//2749
f 3890//2749 3962//2749 3891//2749
f 3891//2749 3962//2749 3963//2749
f 3891//2749 3963//2749 3964//2749
f 3964//2749 3963//2749 3965//2749
f 3965//2749 3963//2749 3966//2749
f 3965//2749 3966//2749 3967//2749
f 3968//2749 3969//2749 3602//2749
f 3602//2749 3969//2749 3970//2749
f 3602//2749 3970//2749 3603//2749
f 3971//2749 3972//2749 3973//2749
f 3973//2749 3972//2749 3974//2749
f 3974//2749 3972//2749 3975//2749
f 3975//2749 3972//2749 3827//2749
f 3975//2749 3827//2749 3976//2749
f 3977//2749 3978//2749 3979//2749
f 3979//2749 3978//2749 3603//2749
f 3979//2749 3603//2749 3980//2749
f 3980//2749 3603//2749 3981//2749
f 3970//2749 3982//2749 3603//2749
f 3603//2749 3982//2749 3983//2749
f 3603//2749 3983//2749 3981//2749
f 3981//2749 3983//2749 3984//2749
f 3981//2749 3984//2749 3827//2749
f 3827//2749 3984//2749 3985//2749
f 3827//2749 3985//2749 3976//2749
f 3986//2749 3987//2749 3988//2749
f 3986//2749 3988//2749 3989//2749
f 3972//2749 3990//2749 3991//2749
f 3826//2749 3828//2749 3987//2749
f 3987//2749 3828//2749 3992//2749
f 3987//2749 3992//2749 3988//2749
f 3991//2749 3993//2749 3972//2749
f 3972//2749 3993//2749 3994//2749
f 3972//2749 3994//2749 3827//2749
f 3827//2749 3994//2749 3995//2749
f 3827//2749 3995//2749 3828//2749
f 3996//2749 3997//2749 3998//2749
f 3999//2749 4000//2749 3997//2749
f 3997//2749 4000//2749 4001//2749
f 3997//2749 4001//2749 3998//2749
f 3998//2749 4001//2749 4002//2749
f 4003//2749 4004//2749 4005//2749
f 4003//2749 4005//2749 3835//2749
f 4004//2749 4003//2749 4006//2749
f 4006//2749 4003//2749 4007//2749
f 4006//2749 4007//2749 4008//2749
f 4009//2749 4010//2749 4011//2749
f 4012//2749 4013//2749 4014//2749
f 4014//2749 4013//2749 4009//2749
f 4014//2749 4009//2749 3840//2749
f 3840//2749 4009//2749 4011//2749
f 3840//2749 4011//2749 3835//2749
f 3835//2749 4011//2749 4015//2749
f 3835//2749 4015//2749 4003//2749
f 3909//2749 3904//2749 3910//2749
f 3910//2749 3904//2749 3903//2749
f 3910//2749 3903//2749 4016//2749
f 4016//2749 3903//2749 4017//2749
f 4016//2749 4017//2749 3967//2749
f 3967//2749 4017//2749 4018//2749
f 3967//2749 4018//2749 3965//2749
f 4019//2749 4020//2749 4021//2749
f 4021//2749 4020//2749 4022//2749
f 4021//2749 4022//2749 4023//2749
f 3901//2749 4024//2749 3903//2749
f 3903//2749 4024//2749 4020//2749
f 3903//2749 4020//2749 4017//2749
f 4017//2749 4020//2749 4019//2749
f 4017//2749 4019//2749 4018//2749
f 4007//2749 3823//2749 4008//2749
f 4008//2749 3823//2749 3825//2749
f 4008//2749 3825//2749 4025//2749
f 4025//2749 3825//2749 3878//2749
f 4025//2749 3878//2749 4026//2749
f 4026//2749 3878//2749 4027//2749
f 3821//2749 4028//2749 3822//2749
f 3822//2749 4028//2749 4027//2749
f 3822//2749 4027//2749 4029//2749
f 4029//2749 4027//2749 3878//2749
f 4030//2749 4031//2749 3862//2749
f 3860//2749 3862//2749 3854//2749
f 3854//2749 3862//2749 4031//2749
f 3854//2749 4031//2749 4032//2749
f 4033//2749 4034//2749 4035//2749
f 4035//2749 4034//2749 4036//2749
f 4035//2749 4036//2749 3862//2749
f 3862//2749 4036//2749 4037//2749
f 3862//2749 4037//2749 4030//2749
f 3844//2749 3836//2749 3849//2749
f 3849//2749 3836//2749 4038//2749
f 3849//2749 4038//2749 4039//2749
f 4039//2749 4040//2749 3849//2749
f 3849//2749 4040//2749 4041//2749
f 3849//2749 4041//2749 4033//2749
f 4033//2749 4041//2749 4042//2749
f 4033//2749 4042//2749 4034//2749
f 4005//2749 4043//2749 3835//2749
f 3835//2749 4043//2749 4044//2749
f 3835//2749 4044//2749 3836//2749
f 3836//2749 4044//2749 4045//2749
f 3836//2749 4045//2749 4038//2749
f 3819//2749 4046//2749 4047//2749
f 4047//2749 4046//2749 4048//2749
f 4048//2749 4046//2749 4049//2749
f 4048//2749 4049//2749 4050//2749
f 4023//2749 3883//2749 4051//2749
f 4051//2749 3883//2749 3882//2749
f 4051//2749 3882//2749 4049//2749
f 4052//2749 4053//2749 3882//2749
f 3882//2749 4053//2749 4054//2749
f 3882//2749 4054//2749 4049//2749
f 4049//2749 4054//2749 4055//2749
f 4049//2749 4055//2749 4050//2749
f 4056//2749 4057//2749 3880//2749
f 3880//2749 4057//2749 4058//2749
f 3880//2749 4058//2749 3885//2749
f 3885//2749 4058//2749 4059//2749
f 3885//2749 4059//2749 3882//2749
f 3882//2749 4059//2749 4060//2749
f 3882//2749 4060//2749 4052//2749
f 4002//2749 3989//2749 3998//2749
f 3998//2749 3989//2749 3988//2749
f 3998//2749 3988//2749 3880//2749
f 3880//2749 3988//2749 4061//2749
f 3880//2749 4061//2749 4056//2749
f 4047//2749 3990//2749 3819//2749
f 3819//2749 3990//2749 3972//2749
f 3819//2749 3972//2749 3602//2749
f 3602//2749 3972//2749 3971//2749
f 3602//2749 3971//2749 3968//2749
f 3824//2749 3996//2749 3825//2749
f 3825//2749 3996//2749 3998//2749
f 3825//2749 3998//2749 4062//2749
f 4062//2749 3998//2749 4063//2749
f 4062//2749 4064//2749 3825//2749
f 3825//2749 4064//2749 4065//2749
f 3825//2749 4065//2749 3878//2749
f 3878//2749 4065//2749 4066//2749
f 3878//2749 4066//2749 4067//2749
f 4068//2749 3880//2749 4069//2749
f 4069//2749 3880//2749 3878//2749
f 4069//2749 3878//2749 4070//2749
f 4070//2749 3878//2749 4067//2749
f 4068//2749 4071//2749 3880//2749
f 3880//2749 4071//2749 4072//2749
f 3880//2749 4072//2749 3998//2749
f 3998//2749 4072//2749 4073//2749
f 3998//2749 4073//2749 4063//2749
f 3877//2749 3876//2749 3878//2749
f 3878//2749 3876//2749 3875//2749
f 3878//2749 3875//2749 4029//2749
f 4029//2749 3875//2749 3856//2749
f 4029//2749 3856//2749 3822//2749
f 3822//2749 3856//2749 3854//2749
f 3822//2749 3854//2749 3820//2749
f 3820//2749 3854//2749 4032//2749
f 4023//2749 4051//2749 4021//2749
f 4021//2749 4051//2749 4049//2749
f 4021//2749 4049//2749 4074//2749
f 4074//2749 4049//2749 4046//2749
f 4074//2749 4046//2749 4075//2749
f 4075//2749 4046//2749 3819//2749
f 4075//2749 3819//2749 4076//2749
f 4076//2749 3819//2749 3608//2749
f 4076//2749 3608//2749 3606//2749
f 3727//2741 4014//2741 3641//2741
f 3641//2741 4014//2741 3840//2741
f 3641//2741 3840//2741 3636//2741
f 3636//2750 3840//2750 3839//2750
f 3636//2751 3839//2751 3637//2751
f 3637//2741 3839//2741 3843//2741
f 3865//2752 3805//2752 3862//2752
f 3862//2752 3805//2752 3763//2752
f 3862//2752 3763//2752 4035//2752
f 4035//2752 3763//2752 3766//2752
f 4035//2752 3766//2752 4033//2752
f 4033//2752 3766//2752 3769//2752
f 4033//2752 3769//2752 3849//2752
f 3849//2752 3769//2752 3645//2752
f 3849//2752 3645//2752 3843//2752
f 3843//2752 3645//2752 3637//2752
f 3805//2753 3865//2753 3952//2753
f 3805//2753 3952//2753 3806//2753
f 3806//2754 3952//2754 3945//2754
f 3806//2754 3945//2754 3807//2754
f 3807//2755 3945//2755 3947//2755
f 3807//2755 3947//2755 3750//2755
f 3750//2756 3947//2756 3949//2756
f 3750//2756 3949//2756 3748//2756
f 3748//2757 3949//2757 3951//2757
f 3748//2757 3951//2757 3749//2757
f 3749//2758 3951//2758 3954//2758
f 3749//2759 3954//2759 3656//2759
f 3954//2760 3953//2760 3656//2760
f 3656//2761 3953//2761 3927//2761
f 3656//2761 3927//2761 3657//2761
f 3657//2762 3927//2762 3925//2762
f 3657//2762 3925//2762 3669//2762
f 3669//2763 3925//2763 3922//2763
f 3669//2763 3922//2763 3666//2763
f 3666//2764 3922//2764 3920//2764
f 3666//2764 3920//2764 3664//2764
f 3664//2765 3920//2765 3918//2765
f 3664//2765 3918//2765 3662//2765
f 3662//2766 3918//2766 3830//2766
f 3662//2766 3830//2766 3661//2766
f 3661//2767 3830//2767 3829//2767
f 3661//2767 3829//2767 3627//2767
f 3627//2768 3829//2768 3961//2768
f 3627//2768 3961//2768 3620//2768
f 3620//2769 3961//2769 3891//2769
f 3620//2769 3891//2769 3618//2769
f 3618//2770 3891//2770 3964//2770
f 3618//2770 3964//2770 3701//2770
f 3701//2771 3964//2771 3965//2771
f 3701//2771 3965//2771 3747//2771
f 3747//2772 3965//2772 4018//2772
f 3747//2772 4018//2772 3813//2772
f 3813//2773 4018//2773 4019//2773
f 3813//2773 4019//2773 3814//2773
f 3606//2774 3605//2774 4076//2774
f 4076//2774 3605//2774 3818//2774
f 4076//2774 3818//2774 4075//2774
f 4075//2774 3818//2774 3817//2774
f 4075//2774 3817//2774 4074//2774
f 4074//2774 3817//2774 3816//2774
f 4074//2774 3816//2774 4021//2774
f 4021//2774 3816//2774 3815//2774
f 4021//2774 3815//2774 4019//2774
f 4019//2774 3815//2774 3814//2774
f 3959//2775 3933//2775 3658//2775
f 3658//2776 3933//2776 3932//2776
f 3658//2777 3932//2777 3655//2777
f 3655//2778 3932//2778 3930//2778
f 3655//2779 3930//2779 3654//2779
f 3654//2779 3930//2779 3929//2779
f 3654//2780 3929//2780 3652//2780
f 3652//2780 3929//2780 3832//2780
f 3652//2781 3832//2781 3650//2781
f 3650//2781 3832//2781 3939//2781
f 3650//2782 3939//2782 3694//2782
f 3694//2782 3939//2782 3941//2782
f 3694//2783 3941//2783 3695//2783
f 3695//2783 3941//2783 3868//2783
f 3695//2784 3868//2784 3697//2784
f 3697//2784 3868//2784 3870//2784
f 3697//2785 3870//2785 3698//2785
f 3698//2785 3870//2785 3871//2785
f 3698//2786 3871//2786 3699//2786
f 3699//2786 3871//2786 3855//2786
f 3699//2787 3855//2787 3700//2787
f 3700//2787 3855//2787 3857//2787
f 3700//2788 3857//2788 3751//2788
f 3751//2788 3857//2788 3874//2788
f 3751//2789 3874//2789 3690//2789
f 3690//2789 3874//2789 3876//2789
f 3690//2790 3876//2790 3691//2790
f 3691//2790 3876//2790 3877//2790
f 3691//2791 3877//2791 3692//2791
f 3692//2791 3877//2791 3879//2791
f 3692//2792 3879//2792 3693//2792
f 3693//2792 3879//2792 3881//2792
f 3693//2793 3881//2793 3624//2793
f 3624//2793 3881//2793 3892//2793
f 3624//2794 3892//2794 3625//2794
f 3625//2794 3892//2794 3893//2794
f 3625//2795 3893//2795 3793//2795
f 3793//2795 3893//2795 3894//2795
f 3793//2796 3894//2796 3689//2796
f 3689//2796 3894//2796 3896//2796
f 3689//2797 3896//2797 3688//2797
f 3688//2797 3896//2797 3898//2797
f 3688//2798 3898//2798 3687//2798
f 3687//2798 3898//2798 3900//2798
f 3687//2799 3900//2799 3686//2799
f 3686//2799 3900//2799 3902//2799
f 3686//2800 3902//2800 3682//2800
f 3682//2800 3902//2800 3904//2800
f 3682//2801 3904//2801 3683//2801
f 3683//2801 3904//2801 3909//2801
f 3683//2802 3909//2802 3684//2802
f 3684//2802 3909//2802 3906//2802
f 3684//2803 3906//2803 3685//2803
f 3685//2803 3906//2803 3905//2803
f 3685//2804 3905//2804 3681//2804
f 3681//2804 3905//2804 3912//2804
f 3681//2805 3912//2805 3680//2805
f 3680//2806 3912//2806 3913//2806
f 3680//2807 3913//2807 3679//2807
f 3679//2808 3913//2808 3914//2808
f 3679//2809 3914//2809 3677//2809
f 3677//2809 3914//2809 3955//2809
f 3677//2810 3955//2810 3675//2810
f 3675//2810 3955//2810 3957//2810
f 3675//2811 3957//2811 3673//2811
f 3673//2811 3957//2811 3959//2811
f 3673//2775 3959//2775 3658//2775
f 3660//2812 4077//2812 3663//2812
f 3663//2812 4077//2812 4078//2812
f 3663//2813 4078//2813 3665//2813
f 3665//2813 4078//2813 4079//2813
f 3665//2814 4079//2814 3667//2814
f 3667//2814 4079//2814 4080//2814
f 3667//2732 4080//2732 3668//2732
f 3668//2732 4080//2732 4081//2732
f 3668//2815 4081//2815 3670//2815
f 3670//2815 4081//2815 4082//2815
f 3670//2816 4082//2816 3671//2816
f 3671//2816 4082//2816 4083//2816
f 3671//2817 4083//2817 3672//2817
f 3672//2817 4083//2817 4084//2817
f 3672//2818 4084//2818 3674//2818
f 3674//2818 4084//2818 4085//2818
f 3674//2819 4085//2819 3676//2819
f 3676//2819 4085//2819 4086//2819
f 3676//2820 4086//2820 3678//2820
f 3678//2820 4086//2820 4087//2820
f 3678//2821 4087//2821 3659//2821
f 3659//2821 4087//2821 4088//2821
f 3659//2822 4088//2822 3660//2822
f 3660//2822 4088//2822 4077//2822
f 3720//2823 3971//2823 3721//2823
f 3721//2823 3971//2823 3973//2823
f 3721//2824 3973//2824 3713//2824
f 3713//2824 3973//2824 3974//2824
f 3713//2825 3974//2825 3714//2825
f 3714//2825 3974//2825 3975//2825
f 3714//2826 3975//2826 3715//2826
f 3715//2826 3975//2826 3976//2826
f 3715//2827 3976//2827 3717//2827
f 3717//2827 3976//2827 3985//2827
f 3717//2828 3985//2828 3718//2828
f 3718//2828 3985//2828 3984//2828
f 3718//2829 3984//2829 3707//2829
f 3707//2829 3984//2829 3983//2829
f 3707//2830 3983//2830 3710//2830
f 3710//2830 3983//2830 3982//2830
f 3710//2831 3982//2831 3709//2831
f 3709//2831 3982//2831 3970//2831
f 3709//2832 3970//2832 3708//2832
f 3708//2832 3970//2832 3969//2832
f 3708//2833 3969//2833 3719//2833
f 3719//2833 3969//2833 3968//2833
f 3719//2822 3968//2822 3720//2822
f 3720//2822 3968//2822 3971//2822
f 3633//2834 3837//2834 3634//2834
f 3634//2834 3837//2834 3846//2834
f 3634//2835 3846//2835 3643//2835
f 3643//2835 3846//2835 3845//2835
f 3643//2825 3845//2825 3644//2825
f 3644//2825 3845//2825 3844//2825
f 3644//2826 3844//2826 3646//2826
f 3646//2826 3844//2826 3848//2826
f 3646//2836 3848//2836 3647//2836
f 3647//2836 3848//2836 3847//2836
f 3647//2837 3847//2837 3648//2837
f 3648//2837 3847//2837 3852//2837
f 3648//2817 3852//2817 3649//2817
f 3649//2817 3852//2817 3851//2817
f 3649//2838 3851//2838 3638//2838
f 3638//2838 3851//2838 3850//2838
f 3638//2831 3850//2831 3639//2831
f 3639//2831 3850//2831 3842//2831
f 3639//2832 3842//2832 3640//2832
f 3640//2832 3842//2832 3841//2832
f 3640//2839 3841//2839 3642//2839
f 3642//2839 3841//2839 3838//2839
f 3642//2840 3838//2840 3633//2840
f 3633//2840 3838//2840 3837//2840
f 3801//2701 4089//2701 3802//2701
f 3802//2701 4089//2701 4090//2701
f 3802//2714 4090//2714 3803//2714
f 3803//2714 4090//2714 4091//2714
f 3803//2703 4091//2703 3804//2703
f 3804//2703 4091//2703 4092//2703
f 3804//2704 4092//2704 3808//2704
f 3808//2704 4092//2704 4093//2704
f 3808//2717 4093//2717 3809//2717
f 3809//2717 4093//2717 4094//2717
f 3809//2706 4094//2706 3810//2706
f 3810//2706 4094//2706 4095//2706
f 3810//2841 4095//2841 3796//2841
f 3796//2841 4095//2841 4096//2841
f 3796//2720 4096//2720 3797//2720
f 3797//2720 4096//2720 4097//2720
f 3797//2842 4097//2842 3798//2842
f 3798//2842 4097//2842 4098//2842
f 3798//2843 4098//2843 3799//2843
f 3799//2843 4098//2843 4099//2843
f 3799//2723 4099//2723 3800//2723
f 3800//2723 4099//2723 4100//2723
f 3800//2844 4100//2844 3801//2844
f 3801//2844 4100//2844 4089//2844
f 4000//2845 3999//2845 3812//2845
f 3812//2845 3999//2845 3811//2845
f 3979//2752 3980//2752 3702//2752
f 3702//2752 3980//2752 3703//2752
f 3723//2774 3726//2774 4009//2774
f 4009//2774 3726//2774 4010//2774
f 4010//2846 3726//2846 4011//2846
f 4011//2846 3726//2846 3722//2846
f 4011//2720 3722//2720 4015//2720
f 4015//2720 3722//2720 3622//2720
f 4015//2847 3622//2847 4003//2847
f 4003//2847 3622//2847 3621//2847
f 4003//2848 3621//2848 4007//2848
f 4007//2848 3621//2848 3731//2848
f 4007//2849 3731//2849 3823//2849
f 3823//2849 3731//2849 3734//2849
f 3823//2850 3734//2850 3824//2850
f 3824//2850 3734//2850 3733//2850
f 3824//2851 3733//2851 3996//2851
f 3996//2851 3733//2851 3730//2851
f 3996//2852 3730//2852 3997//2852
f 3997//2852 3730//2852 3729//2852
f 3997//2853 3729//2853 3999//2853
f 3999//2853 3729//2853 3811//2853
f 4000//2848 3812//2848 4001//2848
f 4001//2848 3812//2848 3743//2848
f 4001//2849 3743//2849 4002//2849
f 4002//2849 3743//2849 3742//2849
f 4002//2854 3742//2854 3989//2854
f 3989//2854 3742//2854 3740//2854
f 3989//2855 3740//2855 3986//2855
f 3986//2855 3740//2855 3739//2855
f 3986//2852 3739//2852 3987//2852
f 3987//2852 3739//2852 3745//2852
f 3987//2853 3745//2853 3826//2853
f 3826//2853 3745//2853 3738//2853
f 3826//2856 3738//2856 3827//2856
f 3827//2856 3738//2856 3716//2856
f 3827//2723 3716//2723 3981//2723
f 3981//2723 3716//2723 3704//2723
f 3981//2857 3704//2857 3980//2857
f 3980//2857 3704//2857 3703//2857
f 3591//2749 4101//2749 3593//2749
f 3593//2749 4101//2749 4102//2749
f 3593//2749 4102//2749 3595//2749
f 3595//2749 4102//2749 4103//2749
f 3595//2749 4103//2749 3597//2749
f 3597//2749 4103//2749 4104//2749
f 3597//2749 4104//2749 3599//2749
f 3599//2749 4104//2749 4105//2749
f 3599//2749 4105//2749 3601//2749
f 3601//2749 4105//2749 4106//2749
f 3601//2749 4106//2749 3579//2749
f 3579//2749 4106//2749 4107//2749
f 3579//2749 4107//2749 3581//2749
f 3581//2749 4107//2749 4108//2749
f 3581//2749 4108//2749 3583//2749
f 3583//2749 4108//2749 4109//2749
f 3583//2749 4109//2749 3585//2749
f 3585//2749 4109//2749 4110//2749
f 3585//2749 4110//2749 3587//2749
f 3587//2749 4110//2749 4111//2749
f 3587//2749 4111//2749 3589//2749
f 3589//2749 4111//2749 4112//2749
f 3589//2749 4112//2749 3591//2749
f 3591//2749 4112//2749 4101//2749
f 4107//2858 4072//2858 4108//2858
f 4108//2858 4072//2858 4071//2858
f 4108//2859 4071//2859 4109//2859
f 4109//2859 4071//2859 4068//2859
f 4109//2860 4068//2860 4110//2860
f 4110//2860 4068//2860 4069//2860
f 4110//2861 4069//2861 4111//2861
f 4111//2861 4069//2861 4070//2861
f 4111//2862 4070//2862 4112//2862
f 4112//2862 4070//2862 4067//2862
f 4112//2863 4067//2863 4101//2863
f 4101//2863 4067//2863 4066//2863
f 4101//2864 4066//2864 4102//2864
f 4102//2864 4066//2864 4065//2864
f 4102//2865 4065//2865 4103//2865
f 4103//2865 4065//2865 4064//2865
f 4103//2866 4064//2866 4104//2866
f 4104//2866 4064//2866 4062//2866
f 4104//2867 4062//2867 4105//2867
f 4105//2867 4062//2867 4063//2867
f 4105//2868 4063//2868 4106//2868
f 4106//2868 4063//2868 4073//2868
f 4106//2869 4073//2869 4107//2869
f 4107//2869 4073//2869 4072//2869
f 3571//2749 4113//2749 3573//2749
f 3573//2749 4113//2749 4114//2749
f 3573//2749 4114//2749 3575//2749
f 3575//2749 4114//2749 4115//2749
f 3575//2749 4115//2749 3577//2749
f 3577//2749 4115//2749 4116//2749
f 3577//2749 4116//2749 3555//2749
f 3555//2749 4116//2749 4117//2749
f 3555//2749 4117//2749 3557//2749
f 3557//2749 4117//2749 4118//2749
f 3557//2749 4118//2749 3559//2749
f 3559//2749 4118//2749 4119//2749
f 3559//2749 4119//2749 3561//2749
f 3561//2749 4119//2749 4120//2749
f 3561//2749 4120//2749 3563//2749
f 3563//2749 4120//2749 4121//2749
f 3563//2749 4121//2749 3565//2749
f 3565//2749 4121//2749 4122//2749
f 3565//2749 4122//2749 3567//2749
f 3567//2749 4122//2749 4123//2749
f 3567//2749 4123//2749 3569//2749
f 3569//2749 4123//2749 4124//2749
f 3569//2749 4124//2749 3571//2749
f 3571//2749 4124//2749 4113//2749
f 4117//2870 3966//2870 4118//2870
f 4118//2870 3966//2870 3963//2870
f 4118//2871 3963//2871 4119//2871
f 4119//2871 3963//2871 3962//2871
f 4119//2872 3962//2872 4120//2872
f 4120//2872 3962//2872 3890//2872
f 4120//2873 3890//2873 4121//2873
f 4121//2873 3890//2873 3889//2873
f 4121//2874 3889//2874 4122//2874
f 4122//2874 3889//2874 3888//2874
f 4122//2875 3888//2875 4123//2875
f 4123//2875 3888//2875 3911//2875
f 4123//2876 3911//2876 4124//2876
f 4124//2876 3911//2876 3907//2876
f 4124//2877 3907//2877 4113//2877
f 4113//2877 3907//2877 3908//2877
f 4113//2737 3908//2737 4114//2737
f 4114//2737 3908//2737 3910//2737
f 4114//2878 3910//2878 4115//2878
f 4115//2878 3910//2878 4016//2878
f 4115//2879 4016//2879 4116//2879
f 4116//2879 4016//2879 3967//2879
f 4116//2880 3967//2880 4117//2880
f 4117//2880 3967//2880 3966//2880
f 3533//2749 4125//2749 3535//2749
f 3535//2749 4125//2749 4126//2749
f 3535//2749 4126//2749 3537//2749
f 3537//2749 4126//2749 4127//2749
f 3537//2749 4127//2749 3539//2749
f 3539//2749 4127//2749 4128//2749
f 3539//2749 4128//2749 3541//2749
f 3541//2749 4128//2749 4129//2749
f 3541//2749 4129//2749 3543//2749
f 3543//2749 4129//2749 4130//2749
f 3543//2749 4130//2749 3545//2749
f 3545//2749 4130//2749 4131//2749
f 3545//2749 4131//2749 3547//2749
f 3547//2749 4131//2749 4132//2749
f 3547//2749 4132//2749 3549//2749
f 3549//2749 4132//2749 4133//2749
f 3549//2749 4133//2749 3551//2749
f 3551//2749 4133//2749 4134//2749
f 3551//2749 4134//2749 3553//2749
f 3553//2749 4134//2749 4135//2749
f 3553//2749 4135//2749 3531//2749
f 3531//2749 4135//2749 4136//2749
f 3531//2749 4136//2749 3533//2749
f 3533//2749 4136//2749 4125//2749
f 4136//2870 4022//2870 4125//2870
f 4125//2870 4022//2870 4020//2870
f 4125//2714 4020//2714 4126//2714
f 4126//2714 4020//2714 4024//2714
f 4126//2881 4024//2881 4127//2881
f 4127//2881 4024//2881 3901//2881
f 4127//2882 3901//2882 4128//2882
f 4128//2882 3901//2882 3899//2882
f 4128//2717 3899//2717 4129//2717
f 4129//2717 3899//2717 3897//2717
f 4129//2875 3897//2875 4130//2875
f 4130//2875 3897//2875 3895//2875
f 4130//2883 3895//2883 4131//2883
f 4131//2883 3895//2883 3887//2883
f 4131//2720 3887//2720 4132//2720
f 4132//2720 3887//2720 3886//2720
f 4132//2737 3886//2737 4133//2737
f 4133//2737 3886//2737 3884//2737
f 4133//2878 3884//2878 4134//2878
f 4134//2878 3884//2878 3883//2878
f 4134//2723 3883//2723 4135//2723
f 4135//2723 3883//2723 4023//2723
f 4135//2884 4023//2884 4136//2884
f 4136//2884 4023//2884 4022//2884
f 4090//2749 4137//2749 4091//2749
f 4091//2749 4137//2749 4138//2749
f 4091//2749 4138//2749 4092//2749
f 4092//2749 4138//2749 4139//2749
f 4092//2749 4139//2749 4093//2749
f 4093//2749 4139//2749 4140//2749
f 4093//2749 4140//2749 4094//2749
f 4094//2749 4140//2749 4141//2749
f 4094//2749 4141//2749 4095//2749
f 4095//2749 4141//2749 4142//2749
f 4095//2749 4142//2749 4096//2749
f 4096//2749 4142//2749 4143//2749
f 4096//2749 4143//2749 4097//2749
f 4097//2749 4143//2749 4144//2749
f 4097//2749 4144//2749 4098//2749
f 4098//2749 4144//2749 4145//2749
f 4098//2749 4145//2749 4099//2749
f 4099//2749 4145//2749 4146//2749
f 4099//2749 4146//2749 4100//2749
f 4100//2749 4146//2749 4147//2749
f 4100//2749 4147//2749 4089//2749
f 4089//2749 4147//2749 4148//2749
f 4089//2749 4148//2749 4090//2749
f 4090//2749 4148//2749 4137//2749
f 4148//2870 3853//2870 4137//2870
f 4137//2870 3853//2870 3873//2870
f 4137//2714 3873//2714 4138//2714
f 4138//2714 3873//2714 3872//2714
f 4138//2885 3872//2885 4139//2885
f 4139//2885 3872//2885 3869//2885
f 4139//2886 3869//2886 4140//2886
f 4140//2886 3869//2886 3867//2886
f 4140//2717 3867//2717 4141//2717
f 4141//2717 3867//2717 3866//2717
f 4141//2875 3866//2875 4142//2875
f 4142//2875 3866//2875 3864//2875
f 4142//2883 3864//2883 4143//2883
f 4143//2883 3864//2883 3863//2883
f 4143//2720 3863//2720 4144//2720
f 4144//2720 3863//2720 3861//2720
f 4144//2887 3861//2887 4145//2887
f 4145//2887 3861//2887 3860//2887
f 4145//2738 3860//2738 4146//2738
f 4146//2738 3860//2738 3859//2738
f 4146//2723 3859//2723 4147//2723
f 4147//2723 3859//2723 3858//2723
f 4147//2884 3858//2884 4148//2884
f 4148//2884 3858//2884 3853//2884
f 3517//2749 4149//2749 3519//2749
f 3519//2749 4149//2749 4150//2749
f 3519//2749 4150//2749 3521//2749
f 3521//2749 4150//2749 4151//2749
f 3521//2749 4151//2749 3523//2749
f 3523//2749 4151//2749 4152//2749
f 3523//2749 4152//2749 3525//2749
f 3525//2749 4152//2749 4153//2749
f 3525//2749 4153//2749 3527//2749
f 3527//2749 4153//2749 4154//2749
f 3527//2749 4154//2749 3529//2749
f 3529//2749 4154//2749 4155//2749
f 3529//2749 4155//2749 3507//2749
f 3507//2749 4155//2749 4156//2749
f 3507//2749 4156//2749 3509//2749
f 3509//2749 4156//2749 4157//2749
f 3509//2749 4157//2749 3511//2749
f 3511//2749 4157//2749 4158//2749
f 3511//2749 4158//2749 3513//2749
f 3513//2749 4158//2749 4159//2749
f 3513//2749 4159//2749 3515//2749
f 3515//2749 4159//2749 4160//2749
f 3515//2749 4160//2749 3517//2749
f 3517//2749 4160//2749 4149//2749
f 4156//2870 3937//2870 4157//2870
f 4157//2870 3937//2870 3936//2870
f 4157//2871 3936//2871 4158//2871
f 4158//2871 3936//2871 3935//2871
f 4158//2888 3935//2888 4159//2888
f 4159//2888 3935//2888 3934//2888
f 4159//2889 3934//2889 4160//2889
f 4160//2889 3934//2889 3950//2889
f 4160//2874 3950//2874 4149//2874
f 4149//2874 3950//2874 3948//2874
f 4149//2875 3948//2875 4150//2875
f 4150//2875 3948//2875 3946//2875
f 4150//2876 3946//2876 4151//2876
f 4151//2876 3946//2876 3944//2876
f 4151//2877 3944//2877 4152//2877
f 4152//2877 3944//2877 3943//2877
f 4152//2887 3943//2887 4153//2887
f 4153//2887 3943//2887 3942//2887
f 4153//2738 3942//2738 4154//2738
f 4154//2738 3942//2738 3940//2738
f 4154//2879 3940//2879 4155//2879
f 4155//2879 3940//2879 3938//2879
f 4155//2880 3938//2880 4156//2880
f 4156//2880 3938//2880 3937//2880
f 4084//2749 4161//2749 4085//2749
f 4085//2749 4161//2749 4162//2749
f 4085//2749 4162//2749 4086//2749
f 4086//2749 4162//2749 4163//2749
f 4086//2749 4163//2749 4087//2749
f 4087//2749 4163//2749 4164//2749
f 4087//2749 4164//2749 4088//2749
f 4088//2749 4164//2749 4165//2749
f 4088//2749 4165//2749 4077//2749
f 4077//2749 4165//2749 4166//2749
f 4077//2749 4166//2749 4078//2749
f 4078//2749 4166//2749 4167//2749
f 4078//2749 4167//2749 4079//2749
f 4079//2749 4167//2749 4168//2749
f 4079//2749 4168//2749 4080//2749
f 4080//2749 4168//2749 4169//2749
f 4080//2749 4169//2749 4081//2749
f 4081//2749 4169//2749 4170//2749
f 4081//2749 4170//2749 4082//2749
f 4082//2749 4170//2749 4171//2749
f 4082//2749 4171//2749 4083//2749
f 4083//2749 4171//2749 4172//2749
f 4083//2749 4172//2749 4084//2749
f 4084//2749 4172//2749 4161//2749
f 4166//2890 3916//2890 4167//2890
f 4167//2890 3916//2890 3917//2890
f 4167//2891 3917//2891 4168//2891
f 4168//2891 3917//2891 3919//2891
f 4168//2860 3919//2860 4169//2860
f 4169//2860 3919//2860 3921//2860
f 4169//2861 3921//2861 4170//2861
f 4170//2861 3921//2861 3923//2861
f 4170//2892 3923//2892 4171//2892
f 4171//2892 3923//2892 3924//2892
f 4171//2893 3924//2893 4172//2893
f 4172//2893 3924//2893 3926//2893
f 4172//2894 3926//2894 4161//2894
f 4161//2894 3926//2894 3928//2894
f 4161//2895 3928//2895 4162//2895
f 4162//2895 3928//2895 3960//2895
f 4162//2896 3960//2896 4163//2896
f 4163//2896 3960//2896 3958//2896
f 4163//2897 3958//2897 4164//2897
f 4164//2897 3958//2897 3956//2897
f 4164//2898 3956//2898 4165//2898
f 4165//2898 3956//2898 3915//2898
f 4165//2899 3915//2899 4166//2899
f 4166//2899 3915//2899 3916//2899
f 3774//2900 3773//2900 3820//2900
f 3820//2900 3773//2900 3821//2900
f 3821//2901 3773//2901 4028//2901
f 4028//2902 3773//2902 3772//2902
f 4028//2903 3772//2903 4027//2903
f 4042//2774 4041//2774 3771//2774
f 3771//2774 3770//2774 4042//2774
f 4042//2774 3770//2774 3768//2774
f 4042//2774 3768//2774 4034//2774
f 4034//2774 3768//2774 3767//2774
f 4034//2774 3767//2774 4036//2774
f 3759//2764 4038//2764 3760//2764
f 3760//2764 4038//2764 4045//2764
f 3760//2764 4045//2764 3754//2764
f 3754//2764 4045//2764 4044//2764
f 3754//2764 4044//2764 3755//2764
f 3755//2764 4044//2764 4043//2764
f 3736//2752 4006//2752 3735//2752
f 3735//2752 4006//2752 4008//2752
f 3735//2752 4008//2752 3753//2752
f 3753//2752 4008//2752 4025//2752
f 4057//2904 3792//2904 3613//2904
f 4057//2904 3613//2904 4058//2904
f 4058//2905 3613//2905 3612//2905
f 4058//2905 3612//2905 4059//2905
f 3992//2774 3744//2774 3988//2774
f 3988//2774 3744//2774 3746//2774
f 3988//2774 3746//2774 4061//2774
f 4061//2774 3746//2774 3794//2774
f 3788//2764 3994//2764 3789//2764
f 3789//2764 3994//2764 3993//2764
f 3789//2764 3993//2764 3790//2764
f 3784//2752 4047//2752 3782//2752
f 3782//2752 4047//2752 4048//2752
f 3782//2752 4048//2752 3781//2752
f 3781//2752 4048//2752 4050//2752
f 3781//2752 4050//2752 3780//2752
f 3780//2752 4050//2752 4055//2752
f 3771//2906 4041//2906 3757//2906
f 3757//2906 4041//2906 4040//2906
f 3757//2720 4040//2720 3758//2720
f 3758//2720 4040//2720 4039//2720
f 3758//2907 4039//2907 3759//2907
f 3759//2907 4039//2907 4038//2907
f 3755//2908 4043//2908 3756//2908
f 3756//2908 4043//2908 4005//2908
f 3756//2723 4005//2723 3732//2723
f 3732//2723 4005//2723 4004//2723
f 3732//2909 4004//2909 3736//2909
f 3736//2909 4004//2909 4006//2909
f 4027//2910 3772//2910 4026//2910
f 4026//2910 3772//2910 3752//2910
f 4026//2911 3752//2911 4025//2911
f 4025//2911 3752//2911 3753//2911
f 4036//2912 3767//2912 4037//2912
f 4037//2912 3767//2912 3765//2912
f 4037//2913 3765//2913 4030//2913
f 4030//2913 3765//2913 3764//2913
f 4030//2914 3764//2914 4031//2914
f 4031//2914 3764//2914 3762//2914
f 4031//2915 3762//2915 4032//2915
f 4032//2915 3762//2915 3761//2915
f 4032//2916 3761//2916 3820//2916
f 3820//2916 3761//2916 3774//2916
f 3744//2917 3992//2917 3737//2917
f 3737//2917 3992//2917 3828//2917
f 3737//2720 3828//2720 3787//2720
f 3787//2720 3828//2720 3995//2720
f 3787//2918 3995//2918 3788//2918
f 3788//2918 3995//2918 3994//2918
f 3790//2919 3993//2919 3791//2919
f 3791//2919 3993//2919 3991//2919
f 3791//2723 3991//2723 3786//2723
f 3786//2723 3991//2723 3990//2723
f 3786//2920 3990//2920 3784//2920
f 3784//2920 3990//2920 4047//2920
f 4061//2921 3794//2921 4056//2921
f 4056//2921 3794//2921 3795//2921
f 4056//2922 3795//2922 4057//2922
f 4057//2922 3795//2922 3792//2922
f 4059//2923 3612//2923 4060//2923
f 4060//2923 3612//2923 3778//2923
f 4060//2924 3778//2924 4052//2924
f 4052//2924 3778//2924 3777//2924
f 4052//2925 3777//2925 4053//2925
f 4053//2925 3777//2925 3776//2925
f 4053//2926 3776//2926 4054//2926
f 4054//2926 3776//2926 3775//2926
f 4054//2927 3775//2927 4055//2927
f 4055//2927 3775//2927 3780//2927
f 3723//2848 4009//2848 4013//2848
f 3723//2848 4013//2848 3724//2848
f 3724//2928 4013//2928 4012//2928
f 3724//2928 4012//2928 3725//2928
f 3725//2929 4012//2929 4014//2929
f 3725//2929 4014//2929 3727//2929
f 3979//2853 3702//2853 3706//2853
f 3979//2853 3706//2853 3977//2853
f 3977//2930 3706//2930 3705//2930
f 3977//2930 3705//2930 3978//2930
f 3978//2931 3705//2931 3604//2931
f 3978//2931 3604//2931 3603//2931
f 4173//2932 4174//2932 4175//2932
f 4175//2932 4174//2932 4176//2932
f 4175//2933 4176//2933 4177//2933
f 4177//2933 4176//2933 4178//2933
f 4177//2934 4178//2934 2986//2934
f 2986//2934 4178//2934 4179//2934
f 4180//2935 4181//2935 4182//2935
f 4183//2935 4184//2935 4185//2935
f 4186//2935 4187//2935 4188//2935
f 4189//2935 4190//2935 4191//2935
f 4191//2935 4190//2935 4192//2935
f 4193//2935 4194//2935 4195//2935
f 4195//2935 4194//2935 4182//2935
f 4196//2935 4197//2935 4198//2935
f 4198//2935 4197//2935 4191//2935
f 4198//2935 4191//2935 4199//2935
f 4199//2935 4191//2935 4192//2935
f 4196//2935 4200//2935 4197//2935
f 4197//2935 4200//2935 4201//2935
f 4197//2935 4201//2935 4182//2935
f 4182//2935 4201//2935 4202//2935
f 4182//2935 4202//2935 4195//2935
f 4203//2935 4204//2935 4205//2935
f 4206//2935 4207//2935 4208//2935
f 4208//2935 4207//2935 4209//2935
f 4205//2935 4210//2935 4203//2935
f 4203//2935 4210//2935 4211//2935
f 4203//2935 4211//2935 4212//2935
f 4212//2935 4211//2935 4213//2935
f 4212//2935 4213//2935 4214//2935
f 4214//2935 4215//2935 4212//2935
f 4212//2935 4215//2935 4216//2935
f 4212//2935 4216//2935 4209//2935
f 4209//2935 4216//2935 4217//2935
f 4209//2935 4217//2935 4208//2935
f 4218//2935 4219//2935 4174//2935
f 4174//2935 4219//2935 4204//2935
f 4174//2935 4204//2935 4176//2935
f 4176//2935 4204//2935 4203//2935
f 4220//2935 4212//2935 4221//2935
f 4221//2935 4212//2935 4222//2935
f 4223//2935 4209//2935 4224//2935
f 4224//2935 4209//2935 4225//2935
f 4224//2935 4225//2935 4226//2935
f 4223//2935 4227//2935 4209//2935
f 4209//2935 4227//2935 4228//2935
f 4209//2935 4228//2935 4212//2935
f 4212//2935 4228//2935 4229//2935
f 4212//2935 4229//2935 4230//2935
f 4231//2935 4232//2935 4225//2935
f 4225//2935 4232//2935 4233//2935
f 4225//2935 4233//2935 4226//2935
f 4230//2935 4234//2935 4212//2935
f 4212//2935 4234//2935 4235//2935
f 4212//2935 4235//2935 4222//2935
f 4222//2935 4235//2935 4236//2935
f 4222//2935 4236//2935 4237//2935
f 4237//2935 4236//2935 4238//2935
f 4238//2935 4239//2935 4237//2935
f 4237//2935 4239//2935 4240//2935
f 4237//2935 4240//2935 4225//2935
f 4225//2935 4240//2935 4241//2935
f 4225//2935 4241//2935 4231//2935
f 4242//2935 4187//2935 4243//2935
f 4243//2935 4187//2935 4237//2935
f 4243//2935 4237//2935 4244//2935
f 4242//2935 4245//2935 4187//2935
f 4187//2935 4245//2935 4246//2935
f 4187//2935 4246//2935 4188//2935
f 4247//2935 4248//2935 4249//2935
f 4249//2935 4248//2935 4250//2935
f 4249//2935 4250//2935 4251//2935
f 4188//2935 4252//2935 4253//2935
f 4251//2935 4254//2935 4249//2935
f 4249//2935 4254//2935 4255//2935
f 4249//2935 4255//2935 4188//2935
f 4188//2935 4255//2935 4256//2935
f 4188//2935 4256//2935 4252//2935
f 4253//2935 4257//2935 4188//2935
f 4188//2935 4257//2935 4258//2935
f 4188//2935 4258//2935 4186//2935
f 4257//2935 4259//2935 4258//2935
f 4258//2935 4259//2935 4260//2935
f 4258//2935 4260//2935 4261//2935
f 4261//2935 4260//2935 4262//2935
f 4261//2935 4262//2935 4263//2935
f 4263//2935 4262//2935 4264//2935
f 4264//2935 4262//2935 4265//2935
f 4264//2935 4265//2935 4266//2935
f 4266//2935 4265//2935 4267//2935
f 4266//2935 4267//2935 4248//2935
f 4248//2935 4267//2935 4268//2935
f 4248//2935 4268//2935 4250//2935
f 4247//2935 4249//2935 4269//2935
f 4269//2935 4249//2935 4270//2935
f 4269//2935 4270//2935 4271//2935
f 4271//2935 4272//2935 4269//2935
f 4269//2935 4272//2935 4273//2935
f 4269//2935 4273//2935 4274//2935
f 4274//2935 4273//2935 4275//2935
f 4274//2935 4275//2935 4276//2935
f 4277//2935 4278//2935 4197//2935
f 4197//2935 4278//2935 4279//2935
f 4197//2935 4279//2935 4280//2935
f 4281//2935 4282//2935 4185//2935
f 4185//2935 4282//2935 4283//2935
f 4185//2935 4283//2935 4284//2935
f 4276//2935 4183//2935 4274//2935
f 4274//2935 4183//2935 4185//2935
f 4274//2935 4185//2935 4285//2935
f 4285//2935 4185//2935 4284//2935
f 4285//2935 4286//2935 4274//2935
f 4274//2935 4286//2935 4287//2935
f 4274//2935 4287//2935 4278//2935
f 4278//2935 4287//2935 4288//2935
f 4278//2935 4288//2935 4279//2935
f 4280//2935 4289//2935 4197//2935
f 4197//2935 4289//2935 4290//2935
f 4197//2935 4290//2935 4191//2935
f 4191//2935 4290//2935 4291//2935
f 4191//2935 4291//2935 4292//2935
f 4292//2935 4293//2935 4191//2935
f 4191//2935 4293//2935 4294//2935
f 4191//2935 4294//2935 4185//2935
f 4185//2935 4294//2935 4295//2935
f 4185//2935 4295//2935 4281//2935
f 4296//2935 4297//2935 4181//2935
f 4181//2935 4297//2935 4298//2935
f 4181//2935 4298//2935 4182//2935
f 4182//2935 4298//2935 4299//2935
f 4300//2935 4197//2935 4301//2935
f 4301//2935 4197//2935 4182//2935
f 4301//2935 4182//2935 4302//2935
f 4302//2935 4182//2935 4299//2935
f 4300//2935 4303//2935 4197//2935
f 4197//2935 4303//2935 4304//2935
f 4197//2935 4304//2935 4277//2935
f 4277//2935 4304//2935 4305//2935
f 4277//2935 4305//2935 4306//2935
f 4306//2935 4305//2935 4307//2935
f 4306//2935 4307//2935 4181//2935
f 4181//2935 4307//2935 4308//2935
f 4181//2935 4308//2935 4296//2935
f 4309//2935 4310//2935 4249//2935
f 4249//2935 4310//2935 4311//2935
f 4249//2935 4311//2935 4270//2935
f 4246//2935 4312//2935 4188//2935
f 4188//2935 4312//2935 4313//2935
f 4188//2935 4313//2935 4249//2935
f 4249//2935 4313//2935 4314//2935
f 4249//2935 4314//2935 4309//2935
f 4315//2935 4316//2935 4225//2935
f 4225//2935 4316//2935 4317//2935
f 4225//2935 4317//2935 4237//2935
f 4237//2935 4317//2935 4318//2935
f 4237//2935 4318//2935 4244//2935
f 4184//2935 4315//2935 4185//2935
f 4185//2935 4315//2935 4225//2935
f 4185//2935 4225//2935 4191//2935
f 4191//2935 4225//2935 4209//2935
f 4191//2935 4209//2935 4189//2935
f 4189//2935 4209//2935 4207//2935
f 4319//2935 4320//2935 4321//2935
f 4220//2935 4322//2935 4212//2935
f 4212//2935 4322//2935 4323//2935
f 4212//2935 4323//2935 4324//2935
f 4324//2935 4325//2935 4212//2935
f 4212//2935 4325//2935 4326//2935
f 4212//2935 4326//2935 4203//2935
f 4203//2935 4326//2935 4327//2935
f 4203//2935 4327//2935 4328//2935
f 4320//2935 4329//2935 4321//2935
f 4321//2935 4329//2935 4330//2935
f 4321//2935 4330//2935 4220//2935
f 4220//2935 4330//2935 4331//2935
f 4220//2935 4331//2935 4322//2935
f 4332//2935 4333//2935 4194//2935
f 4194//2935 4333//2935 4334//2935
f 4194//2935 4334//2935 4182//2935
f 4182//2935 4334//2935 4335//2935
f 4182//2935 4335//2935 4180//2935
f 4328//2935 4319//2935 4203//2935
f 4203//2935 4319//2935 4321//2935
f 4203//2935 4321//2935 4176//2935
f 4176//2935 4321//2935 4178//2935
f 4221//2935 4336//2935 4220//2935
f 4220//2935 4336//2935 4337//2935
f 4220//2935 4337//2935 4321//2935
f 4321//2935 4337//2935 4338//2935
f 4321//2935 4338//2935 4178//2935
f 4178//2935 4338//2935 4179//2935
f 4175//2936 4177//2936 4339//2936
f 4340//2936 4341//2936 4342//2936
f 4343//2936 4344//2936 4345//2936
f 4346//2936 4347//2936 4348//2936
f 4349//2936 4350//2936 4351//2936
f 4352//2936 4353//2936 4354//2936
f 4354//2936 4353//2936 4355//2936
f 4354//2936 4355//2936 4356//2936
f 4357//2936 4358//2936 4350//2936
f 4350//2936 4358//2936 4359//2936
f 4350//2936 4359//2936 4355//2936
f 4355//2936 4359//2936 4360//2936
f 4355//2936 4360//2936 4356//2936
f 4352//2936 4361//2936 4353//2936
f 4353//2936 4361//2936 4362//2936
f 4353//2936 4362//2936 4363//2936
f 4363//2936 4362//2936 4364//2936
f 4363//2936 4364//2936 4349//2936
f 4349//2936 4364//2936 4365//2936
f 4349//2936 4365//2936 4350//2936
f 4350//2936 4365//2936 4366//2936
f 4350//2936 4366//2936 4357//2936
f 4367//2936 4368//2936 4369//2936
f 4370//2936 4371//2936 4372//2936
f 4368//2936 4373//2936 4369//2936
f 4369//2936 4373//2936 4374//2936
f 4369//2936 4374//2936 4350//2936
f 4350//2936 4374//2936 4375//2936
f 4350//2936 4375//2936 4376//2936
f 4371//2936 4377//2936 4348//2936
f 4377//2936 4378//2936 4348//2936
f 4348//2936 4378//2936 4379//2936
f 4348//2936 4379//2936 4346//2936
f 4376//2936 4380//2936 4350//2936
f 4350//2936 4380//2936 4381//2936
f 4350//2936 4381//2936 4351//2936
f 4351//2936 4381//2936 4382//2936
f 4351//2936 4382//2936 4372//2936
f 4372//2936 4382//2936 4383//2936
f 4372//2936 4383//2936 4370//2936
f 4343//2936 4345//2936 4384//2936
f 4371//2936 4348//2936 4372//2936
f 4372//2936 4348//2936 4385//2936
f 4372//2936 4385//2936 4386//2936
f 4386//2936 4387//2936 4372//2936
f 4372//2936 4387//2936 4388//2936
f 4372//2936 4388//2936 4389//2936
f 4389//2936 4388//2936 4390//2936
f 4389//2936 4390//2936 4391//2936
f 4391//2936 4384//2936 4389//2936
f 4389//2936 4384//2936 4345//2936
f 4389//2936 4345//2936 4392//2936
f 4392//2936 4345//2936 4393//2936
f 4394//2936 4395//2936 4396//2936
f 4396//2936 4395//2936 4397//2936
f 4396//2936 4397//2936 4398//2936
f 4399//2936 4400//2936 4395//2936
f 4395//2936 4400//2936 4401//2936
f 4395//2936 4401//2936 4397//2936
f 4402//2936 4403//2936 4404//2936
f 4404//2936 4403//2936 4393//2936
f 4404//2936 4393//2936 4405//2936
f 4405//2936 4393//2936 4406//2936
f 4406//2936 4393//2936 4345//2936
f 4406//2936 4345//2936 4407//2936
f 4398//2936 4408//2936 4396//2936
f 4396//2936 4408//2936 4409//2936
f 4396//2936 4409//2936 4345//2936
f 4345//2936 4409//2936 4410//2936
f 4345//2936 4410//2936 4407//2936
f 4395//2936 4411//2936 4399//2936
f 4399//2936 4411//2936 4412//2936
f 4399//2936 4412//2936 4402//2936
f 4402//2936 4412//2936 4413//2936
f 4402//2936 4413//2936 4403//2936
f 4396//2936 4414//2936 4415//2936
f 4394//2936 4396//2936 4416//2936
f 4416//2936 4396//2936 4415//2936
f 4416//2936 4415//2936 4417//2936
f 4417//2936 4418//2936 4416//2936
f 4416//2936 4418//2936 4419//2936
f 4416//2936 4419//2936 4420//2936
f 4420//2936 4419//2936 4421//2936
f 4420//2936 4421//2936 4422//2936
f 4423//2936 4424//2936 4425//2936
f 4426//2936 4427//2936 4428//2936
f 4429//2936 4430//2936 4431//2936
f 4428//2936 4432//2936 4426//2936
f 4426//2936 4432//2936 4433//2936
f 4426//2936 4433//2936 4423//2936
f 4423//2936 4433//2936 4434//2936
f 4423//2936 4434//2936 4424//2936
f 4429//2936 4431//2936 4435//2936
f 4430//2936 4436//2936 4431//2936
f 4431//2936 4436//2936 4437//2936
f 4431//2936 4437//2936 4438//2936
f 4422//2936 4439//2936 4420//2936
f 4420//2936 4439//2936 4431//2936
f 4420//2936 4431//2936 4440//2936
f 4440//2936 4431//2936 4438//2936
f 4441//2936 4442//2936 4443//2936
f 4443//2936 4442//2936 4420//2936
f 4443//2936 4420//2936 4444//2936
f 4444//2936 4420//2936 4440//2936
f 4445//2936 4446//2936 4442//2936
f 4447//2936 4448//2936 4445//2936
f 4445//2936 4448//2936 4449//2936
f 4445//2936 4449//2936 4446//2936
f 4450//2936 4451//2936 4452//2936
f 4452//2936 4451//2936 4173//2936
f 4453//2936 4454//2936 4423//2936
f 4423//2936 4454//2936 4455//2936
f 4173//2936 4456//2936 4452//2936
f 4452//2936 4456//2936 4457//2936
f 4452//2936 4457//2936 4458//2936
f 4459//2936 4426//2936 4460//2936
f 4460//2936 4426//2936 4423//2936
f 4460//2936 4423//2936 4461//2936
f 4461//2936 4423//2936 4455//2936
f 4459//2936 4462//2936 4426//2936
f 4426//2936 4462//2936 4463//2936
f 4426//2936 4463//2936 4456//2936
f 4456//2936 4463//2936 4464//2936
f 4456//2936 4464//2936 4457//2936
f 4355//2936 4465//2936 4466//2936
f 4453//2936 4423//2936 4342//2936
f 4342//2936 4423//2936 4369//2936
f 4342//2936 4369//2936 4340//2936
f 4466//2936 4467//2936 4355//2936
f 4355//2936 4467//2936 4468//2936
f 4355//2936 4468//2936 4350//2936
f 4350//2936 4468//2936 4469//2936
f 4350//2936 4469//2936 4470//2936
f 4470//2936 4471//2936 4350//2936
f 4350//2936 4471//2936 4472//2936
f 4350//2936 4472//2936 4369//2936
f 4369//2936 4472//2936 4473//2936
f 4369//2936 4473//2936 4340//2936
f 4344//2936 4474//2936 4345//2936
f 4345//2936 4474//2936 4475//2936
f 4345//2936 4475//2936 4396//2936
f 4396//2936 4475//2936 4476//2936
f 4396//2936 4476//2936 4414//2936
f 4439//2936 4477//2936 4431//2936
f 4431//2936 4477//2936 4478//2936
f 4431//2936 4478//2936 4348//2936
f 4348//2936 4478//2936 4479//2936
f 4348//2936 4479//2936 4385//2936
f 4480//2936 4481//2936 4482//2936
f 4482//2936 4481//2936 4465//2936
f 4482//2936 4465//2936 4483//2936
f 4483//2936 4465//2936 4355//2936
f 4483//2936 4355//2936 2965//2936
f 2965//2936 4355//2936 4353//2936
f 4484//2936 4485//2936 4456//2936
f 4486//2936 4339//2936 4487//2936
f 4487//2936 4339//2936 4488//2936
f 4173//2936 4175//2936 4456//2936
f 4456//2936 4175//2936 4339//2936
f 4456//2936 4339//2936 4484//2936
f 4484//2936 4339//2936 4486//2936
f 4426//2936 4489//2936 4490//2936
f 4445//2936 4491//2936 4492//2936
f 4441//2936 4427//2936 4442//2936
f 4442//2936 4427//2936 4426//2936
f 4442//2936 4426//2936 4445//2936
f 4445//2936 4426//2936 4490//2936
f 4445//2936 4490//2936 4491//2936
f 4492//2936 4488//2936 4445//2936
f 4445//2936 4488//2936 4339//2936
f 4445//2936 4339//2936 4447//2936
f 4447//2936 4339//2936 4177//2936
f 4447//2936 4177//2936 2986//2936
f 4485//2936 4493//2936 4456//2936
f 4456//2936 4493//2936 4494//2936
f 4456//2936 4494//2936 4426//2936
f 4426//2936 4494//2936 4495//2936
f 4426//2936 4495//2936 4489//2936
f 4425//2936 4435//2936 4423//2936
f 4423//2936 4435//2936 4431//2936
f 4423//2936 4431//2936 4369//2936
f 4369//2936 4431//2936 4348//2936
f 4369//2936 4348//2936 4367//2936
f 4367//2936 4348//2936 4347//2936
f 4334//2932 4482//2932 4335//2932
f 4335//2932 4482//2932 4483//2932
f 4335//2932 4483//2932 4180//2932
f 4180//2932 4483//2932 2965//2932
f 4363//2937 4306//2937 4353//2937
f 4353//2937 4306//2937 4181//2937
f 4353//2937 4181//2937 2965//2937
f 2965//2937 4181//2937 4180//2937
f 4306//2938 4363//2938 4277//2938
f 4277//2938 4363//2938 4349//2938
f 4277//2939 4349//2939 4278//2939
f 4278//2939 4349//2939 4351//2939
f 4278//2940 4351//2940 4274//2940
f 4274//2940 4351//2940 4372//2940
f 4274//2941 4372//2941 4269//2941
f 4269//2942 4372//2942 4389//2942
f 4269//2943 4389//2943 4247//2943
f 4247//2938 4389//2938 4392//2938
f 4247//2944 4392//2944 4393//2944
f 4247//2944 4393//2944 4248//2944
f 4248//2945 4393//2945 4403//2945
f 4248//2945 4403//2945 4266//2945
f 4266//2946 4403//2946 4413//2946
f 4266//2946 4413//2946 4264//2946
f 4264//2947 4413//2947 4412//2947
f 4264//2947 4412//2947 4263//2947
f 4263//2948 4412//2948 4411//2948
f 4263//2948 4411//2948 4261//2948
f 4261//2949 4411//2949 4395//2949
f 4261//2949 4395//2949 4258//2949
f 4258//2950 4395//2950 4394//2950
f 4258//2950 4394//2950 4186//2950
f 4186//2951 4394//2951 4187//2951
f 4187//2952 4394//2952 4416//2952
f 4187//2953 4416//2953 4237//2953
f 4237//2954 4416//2954 4420//2954
f 4237//2955 4420//2955 4222//2955
f 4222//2955 4420//2955 4442//2955
f 4222//2956 4442//2956 4221//2956
f 4221//2956 4442//2956 4446//2956
f 4221//2957 4446//2957 4336//2957
f 4336//2957 4446//2957 4449//2957
f 4336//2958 4449//2958 4337//2958
f 4337//2958 4449//2958 4448//2958
f 2986//2959 4179//2959 4447//2959
f 4447//2959 4179//2959 4338//2959
f 4447//2959 4338//2959 4448//2959
f 4448//2959 4338//2959 4337//2959
f 4330//2960 4488//2960 4331//2960
f 4331//2960 4488//2960 4492//2960
f 4331//2961 4492//2961 4322//2961
f 4322//2961 4492//2961 4491//2961
f 4322//2962 4491//2962 4323//2962
f 4323//2962 4491//2962 4490//2962
f 4323//2963 4490//2963 4324//2963
f 4324//2963 4490//2963 4489//2963
f 4324//2964 4489//2964 4325//2964
f 4325//2964 4489//2964 4495//2964
f 4325//2965 4495//2965 4326//2965
f 4326//2965 4495//2965 4494//2965
f 4326//2966 4494//2966 4327//2966
f 4327//2966 4494//2966 4493//2966
f 4327//2967 4493//2967 4328//2967
f 4328//2967 4493//2967 4485//2967
f 4328//2968 4485//2968 4319//2968
f 4319//2968 4485//2968 4484//2968
f 4319//2969 4484//2969 4320//2969
f 4320//2969 4484//2969 4486//2969
f 4320//2970 4486//2970 4329//2970
f 4329//2970 4486//2970 4487//2970
f 4329//2971 4487//2971 4330//2971
f 4330//2971 4487//2971 4488//2971
f 4301//2972 4359//2972 4300//2972
f 4300//2972 4359//2972 4358//2972
f 4300//2973 4358//2973 4303//2973
f 4303//2973 4358//2973 4357//2973
f 4303//2962 4357//2962 4304//2962
f 4304//2962 4357//2962 4366//2962
f 4304//2963 4366//2963 4305//2963
f 4305//2963 4366//2963 4365//2963
f 4305//2974 4365//2974 4307//2974
f 4307//2974 4365//2974 4364//2974
f 4307//2975 4364//2975 4308//2975
f 4308//2975 4364//2975 4362//2975
f 4308//2976 4362//2976 4296//2976
f 4296//2976 4362//2976 4361//2976
f 4296//2977 4361//2977 4297//2977
f 4297//2977 4361//2977 4352//2977
f 4297//2968 4352//2968 4298//2968
f 4298//2968 4352//2968 4354//2968
f 4298//2969 4354//2969 4299//2969
f 4299//2969 4354//2969 4356//2969
f 4299//2978 4356//2978 4302//2978
f 4302//2978 4356//2978 4360//2978
f 4302//2979 4360//2979 4301//2979
f 4301//2979 4360//2979 4359//2979
f 4206//2980 4454//2980 4207//2980
f 4207//2980 4454//2980 4453//2980
f 4207//2980 4453//2980 4189//2980
f 4189//2980 4453//2980 4342//2980
f 4189//2980 4342//2980 4190//2980
f 4190//2980 4342//2980 4341//2980
f 4452//2937 4458//2937 4204//2937
f 4204//2937 4458//2937 4205//2937
f 4194//2959 4193//2959 4465//2959
f 4465//2959 4193//2959 4466//2959
f 4466//2981 4193//2981 4467//2981
f 4467//2981 4193//2981 4195//2981
f 4467//2982 4195//2982 4468//2982
f 4468//2982 4195//2982 4202//2982
f 4468//2983 4202//2983 4469//2983
f 4469//2983 4202//2983 4201//2983
f 4469//2984 4201//2984 4470//2984
f 4470//2984 4201//2984 4200//2984
f 4470//2985 4200//2985 4471//2985
f 4471//2985 4200//2985 4196//2985
f 4471//2986 4196//2986 4472//2986
f 4472//2986 4196//2986 4198//2986
f 4472//2987 4198//2987 4473//2987
f 4473//2987 4198//2987 4199//2987
f 4473//2988 4199//2988 4340//2988
f 4340//2988 4199//2988 4192//2988
f 4340//2989 4192//2989 4341//2989
f 4341//2989 4192//2989 4190//2989
f 4454//2984 4206//2984 4455//2984
f 4455//2984 4206//2984 4208//2984
f 4455//2985 4208//2985 4461//2985
f 4461//2985 4208//2985 4217//2985
f 4461//2990 4217//2990 4460//2990
f 4460//2990 4217//2990 4216//2990
f 4460//2991 4216//2991 4459//2991
f 4459//2991 4216//2991 4215//2991
f 4459//2988 4215//2988 4462//2988
f 4462//2988 4215//2988 4214//2988
f 4462//2989 4214//2989 4463//2989
f 4463//2989 4214//2989 4213//2989
f 4463//2992 4213//2992 4464//2992
f 4464//2992 4213//2992 4211//2992
f 4464//2993 4211//2993 4457//2993
f 4457//2993 4211//2993 4210//2993
f 4457//2994 4210//2994 4458//2994
f 4458//2994 4210//2994 4205//2994
f 4194//2995 4465//2995 4481//2995
f 4194//2995 4481//2995 4332//2995
f 4332//2996 4481//2996 4480//2996
f 4332//2996 4480//2996 4333//2996
f 4333//2997 4480//2997 4482//2997
f 4333//2997 4482//2997 4334//2997
f 4452//2998 4204//2998 4219//2998
f 4452//2998 4219//2998 4450//2998
f 4450//2999 4219//2999 4218//2999
f 4450//2999 4218//2999 4451//2999
f 4451//3000 4218//3000 4174//3000
f 4451//3000 4174//3000 4173//3000
f 4378//3001 4377//3001 4283//3001
f 4283//3001 4377//3001 4284//3001
f 4295//2937 4294//2937 4347//2937
f 4347//2937 4294//2937 4367//2937
f 4291//2947 4290//2947 4374//2947
f 4374//2947 4290//2947 4375//2947
f 4288//3002 4287//3002 4382//3002
f 4382//3002 4287//3002 4383//3002
f 4438//3003 4437//3003 4241//3003
f 4241//3003 4437//3003 4231//3003
f 4238//3004 4236//3004 4443//3004
f 4443//3004 4236//3004 4441//3004
f 4229//2947 4228//2947 4433//2947
f 4433//2947 4228//2947 4434//2947
f 4224//2959 4226//2959 4435//2959
f 4435//2959 4226//2959 4429//2959
f 4311//3005 4344//3005 4270//3005
f 4270//3005 4344//3005 4343//3005
f 4270//3006 4343//3006 4271//3006
f 4271//3006 4343//3006 4384//3006
f 4271//3007 4384//3007 4272//3007
f 4272//3007 4384//3007 4391//3007
f 4272//3008 4391//3008 4273//3008
f 4273//3008 4391//3008 4390//3008
f 4273//3009 4390//3009 4275//3009
f 4275//3009 4390//3009 4388//3009
f 4275//3010 4388//3010 4276//3010
f 4276//3010 4388//3010 4387//3010
f 4276//3011 4387//3011 4183//3011
f 4183//3011 4387//3011 4386//3011
f 4313//3012 4414//3012 4476//3012
f 4313//3012 4476//3012 4314//3012
f 4314//3013 4476//3013 4475//3013
f 4314//3013 4475//3013 4309//3013
f 4309//3014 4475//3014 4474//3014
f 4309//3014 4474//3014 4310//3014
f 4310//3015 4474//3015 4344//3015
f 4310//3015 4344//3015 4311//3015
f 4318//3016 4439//3016 4244//3016
f 4244//3016 4439//3016 4422//3016
f 4244//3017 4422//3017 4243//3017
f 4243//3017 4422//3017 4421//3017
f 4243//3018 4421//3018 4242//3018
f 4242//3018 4421//3018 4419//3018
f 4242//3019 4419//3019 4245//3019
f 4245//3019 4419//3019 4418//3019
f 4245//3020 4418//3020 4246//3020
f 4246//3020 4418//3020 4417//3020
f 4246//3021 4417//3021 4312//3021
f 4312//3021 4417//3021 4415//3021
f 4312//3022 4415//3022 4313//3022
f 4313//3022 4415//3022 4414//3022
f 4183//3023 4386//3023 4184//3023
f 4184//3023 4386//3023 4385//3023
f 4184//3024 4385//3024 4315//3024
f 4315//3024 4385//3024 4479//3024
f 4315//2947 4479//2947 4316//2947
f 4316//2947 4479//2947 4478//2947
f 4316//3025 4478//3025 4317//3025
f 4317//3025 4478//3025 4477//3025
f 4317//3026 4477//3026 4318//3026
f 4318//3026 4477//3026 4439//3026
f 4295//3027 4347//3027 4281//3027
f 4281//3027 4347//3027 4346//3027
f 4281//3028 4346//3028 4282//3028
f 4282//3028 4346//3028 4379//3028
f 4282//3029 4379//3029 4283//3029
f 4283//3029 4379//3029 4378//3029
f 4367//3030 4294//3030 4368//3030
f 4368//3030 4294//3030 4293//3030
f 4368//3031 4293//3031 4373//3031
f 4373//3031 4293//3031 4292//3031
f 4373//3032 4292//3032 4374//3032
f 4374//3032 4292//3032 4291//3032
f 4375//3033 4290//3033 4376//3033
f 4376//3033 4290//3033 4289//3033
f 4376//3034 4289//3034 4380//3034
f 4380//3034 4289//3034 4280//3034
f 4380//3035 4280//3035 4381//3035
f 4381//3035 4280//3035 4279//3035
f 4381//3036 4279//3036 4382//3036
f 4382//3036 4279//3036 4288//3036
f 4238//3037 4443//3037 4239//3037
f 4239//3037 4443//3037 4444//3037
f 4239//3038 4444//3038 4240//3038
f 4240//3038 4444//3038 4440//3038
f 4240//3039 4440//3039 4241//3039
f 4241//3039 4440//3039 4438//3039
f 4441//3040 4236//3040 4427//3040
f 4427//3040 4236//3040 4235//3040
f 4427//3041 4235//3041 4428//3041
f 4428//3041 4235//3041 4234//3041
f 4428//3042 4234//3042 4432//3042
f 4432//3042 4234//3042 4230//3042
f 4432//3043 4230//3043 4433//3043
f 4433//3043 4230//3043 4229//3043
f 4434//3044 4228//3044 4424//3044
f 4424//3044 4228//3044 4227//3044
f 4424//3045 4227//3045 4425//3045
f 4425//3045 4227//3045 4223//3045
f 4425//3046 4223//3046 4435//3046
f 4435//3046 4223//3046 4224//3046
f 4231//3047 4437//3047 4232//3047
f 4232//3047 4437//3047 4436//3047
f 4232//3048 4436//3048 4233//3048
f 4233//3048 4436//3048 4430//3048
f 4233//3049 4430//3049 4226//3049
f 4226//3049 4430//3049 4429//3049
f 4284//3050 4377//3050 4285//3050
f 4285//3050 4377//3050 4371//3050
f 4285//3051 4371//3051 4286//3051
f 4286//3051 4371//3051 4370//3051
f 4286//3052 4370//3052 4287//3052
f 4287//3052 4370//3052 4383//3052
f 4496//3053 4405//3053 4406//3053
f 4496//3054 4497//3054 4405//3054
f 4405//3055 4497//3055 4498//3055
f 4405//3056 4498//3056 4404//3056
f 4498//3057 4499//3057 4404//3057
f 4404//3058 4499//3058 4500//3058
f 4404//3059 4500//3059 4402//3059
f 4500//3060 4501//3060 4402//3060
f 4402//3061 4501//3061 4502//3061
f 4402//3062 4502//3062 4399//3062
f 4502//3063 4503//3063 4399//3063
f 4399//3064 4503//3064 4504//3064
f 4399//3065 4504//3065 4400//3065
f 4504//3066 4505//3066 4400//3066
f 4400//3067 4505//3067 4506//3067
f 4400//3068 4506//3068 4401//3068
f 4506//3069 4507//3069 4401//3069
f 4401//3070 4507//3070 4508//3070
f 4401//3071 4508//3071 4397//3071
f 4508//3072 4509//3072 4397//3072
f 4397//3073 4509//3073 4510//3073
f 4397//3074 4510//3074 4398//3074
f 4510//3075 4511//3075 4398//3075
f 4398//3076 4511//3076 4512//3076
f 4398//3077 4512//3077 4408//3077
f 4512//3078 4513//3078 4408//3078
f 4408//3079 4513//3079 4514//3079
f 4408//3080 4514//3080 4409//3080
f 4514//3081 4515//3081 4409//3081
f 4409//3082 4515//3082 4516//3082
f 4409//3083 4516//3083 4410//3083
f 4516//3084 4517//3084 4410//3084
f 4410//3085 4517//3085 4518//3085
f 4410//3086 4518//3086 4407//3086
f 4518//3087 4519//3087 4407//3087
f 4407//3088 4519//3088 4520//3088
f 4407//3089 4520//3089 4406//3089
f 4406//3090 4520//3090 4521//3090
f 4406//3091 4521//3091 4496//3091
f 4254//3092 4251//3092 4519//3092
f 4519//3093 4518//3093 4254//3093
f 4254//3094 4518//3094 4517//3094
f 4254//3095 4517//3095 4255//3095
f 4517//3096 4516//3096 4255//3096
f 4255//3097 4516//3097 4515//3097
f 4255//3098 4515//3098 4256//3098
f 4515//3099 4514//3099 4256//3099
f 4256//3100 4514//3100 4513//3100
f 4256//3101 4513//3101 4252//3101
f 4513//3102 4512//3102 4252//3102
f 4252//3103 4512//3103 4511//3103
f 4252//3104 4511//3104 4253//3104
f 4511//3105 4510//3105 4253//3105
f 4253//3106 4510//3106 4509//3106
f 4253//3107 4509//3107 4257//3107
f 4257//3108 4509//3108 4508//3108
f 4257//3109 4508//3109 4259//3109
f 4508//3110 4507//3110 4259//3110
f 4259//3111 4507//3111 4506//3111
f 4259//3112 4506//3112 4260//3112
f 4506//3113 4505//3113 4260//3113
f 4260//3114 4505//3114 4504//3114
f 4260//3115 4504//3115 4262//3115
f 4504//3116 4503//3116 4262//3116
f 4262//3117 4503//3117 4502//3117
f 4262//3118 4502//3118 4265//3118
f 4502//3119 4501//3119 4265//3119
f 4265//3120 4501//3120 4500//3120
f 4265//3121 4500//3121 4267//3121
f 4500//3122 4499//3122 4267//3122
f 4267//3123 4499//3123 4498//3123
f 4267//3124 4498//3124 4268//3124
f 4498//3125 4497//3125 4268//3125
f 4268//3126 4497//3126 4496//3126
f 4268//3127 4496//3127 4250//3127
f 4250//3128 4496//3128 4521//3128
f 4250//3129 4521//3129 4251//3129
f 4251//3130 4521//3130 4520//3130
f 4251//3131 4520//3131 4519//3131
f 4522//3132 4523//3132 4524//3132
f 4524//3133 4523//3133 4525//3133
f 4526//3132 4527//3132 4528//3132
f 4529//3132 4530//3132 4531//3132
f 4531//3132 4530//3132 4532//3132
f 4531//3132 4532//3132 2995//3132
f 4532//3132 4533//3132 2995//3132
f 2995//3132 4533//3132 4534//3132
f 2995//3132 4534//3132 4535//3132
f 4536//3132 4537//3132 4538//3132
f 4538//3132 4537//3132 4539//3132
f 4540//3132 2946//3132 4541//3132
f 4541//3132 2946//3132 4542//3132
f 4541//3132 4542//3132 4543//3132
f 4543//3132 4542//3132 4544//3132
f 4545//3132 4546//3132 4547//3132
f 4547//3132 4546//3132 4548//3132
f 4547//3132 4548//3132 4549//3132
f 4549//3132 4548//3132 4550//3132
f 4534//3132 4551//3132 4535//3132
f 4535//3132 4551//3132 4552//3132
f 4535//3132 4552//3132 4553//3132
f 4540//3132 4554//3132 2946//3132
f 2946//3132 4554//3132 4555//3132
f 2946//3132 4555//3132 4556//3132
f 4556//3132 4555//3132 4557//3132
f 4556//3132 4557//3132 4558//3132
f 4559//3132 4560//3132 4561//3132
f 4561//3132 4560//3132 4556//3132
f 4531//3132 4526//3132 4529//3132
f 4529//3132 4526//3132 4528//3132
f 4529//3132 4528//3132 4562//3132
f 4562//3132 4528//3132 4563//3132
f 4562//3132 4563//3132 4564//3132
f 4564//3132 4563//3132 4539//3132
f 4564//3132 4539//3132 4565//3132
f 4565//3132 4539//3132 4537//3132
f 4566//3134 4567//3134 4568//3134
f 4569//3135 4570//3135 4571//3135
f 4572//3132 4573//3132 4548//3132
f 4548//3132 4573//3132 4574//3132
f 4548//3132 4574//3132 4550//3132
f 4550//3132 4574//3132 4575//3132
f 4550//3132 4575//3132 4576//3132
f 4576//3132 4575//3132 4577//3132
f 4576//3132 4577//3132 4578//3132
f 4579//3132 4580//3132 4558//3132
f 4558//3132 4580//3132 4581//3132
f 4558//3132 4581//3132 4556//3132
f 4556//3132 4581//3132 4582//3132
f 4556//3132 4582//3132 4561//3132
f 4583//3136 4584//3136 4585//3136
f 4544//3132 4542//3132 4571//3132
f 4571//3132 4542//3132 4586//3132
f 4571//3137 4586//3137 4569//3137
f 4587//3132 4588//3132 4589//3132
f 4589//3132 4588//3132 4590//3132
f 4545//3132 4591//3132 4592//3132
f 4535//3132 4593//3132 4594//3132
f 4595//3138 4596//3138 4597//3138
f 4597//3139 4596//3139 4598//3139
f 4570//3140 4599//3140 4600//3140
f 4601//3132 4602//3132 4603//3132
f 4603//3132 4602//3132 4604//3132
f 4603//3132 4604//3132 4605//3132
f 4558//3132 4589//3132 4579//3132
f 4579//3132 4589//3132 4590//3132
f 4579//3132 4590//3132 4606//3132
f 4606//3132 4590//3132 4578//3132
f 4606//3132 4578//3132 4607//3132
f 4607//3132 4578//3132 4577//3132
f 4608//3132 4609//3132 4545//3132
f 4545//3132 4609//3132 4610//3132
f 4545//3132 4610//3132 4591//3132
f 4611//3132 4612//3132 4592//3132
f 4592//3132 4612//3132 4613//3132
f 4592//3132 4613//3132 4545//3132
f 4545//3132 4613//3132 4614//3132
f 4545//3132 4614//3132 4546//3132
f 4615//3141 4567//3141 4616//3141
f 4601//3132 4617//3132 4602//3132
f 4602//3142 4617//3142 4618//3142
f 4602//3143 4618//3143 4619//3143
f 4619//3144 4618//3144 4620//3144
f 4619//3145 4620//3145 4599//3145
f 4599//3146 4620//3146 4621//3146
f 4599//3147 4621//3147 4600//3147
f 4553//3132 4537//3132 4535//3132
f 4535//3132 4537//3132 4536//3132
f 4535//3132 4536//3132 4593//3132
f 4593//3132 4536//3132 4612//3132
f 4593//3148 4612//3148 4622//3148
f 4622//3149 4612//3149 4611//3149
f 4615//3150 4616//3150 4623//3150
f 4623//3151 4616//3151 4624//3151
f 4623//3132 4624//3132 4625//3132
f 4626//3152 4627//3152 4628//3152
f 4629//3153 4630//3153 4631//3153
f 4631//3154 4630//3154 4632//3154
f 4608//3132 4633//3132 4609//3132
f 4609//3132 4633//3132 4626//3132
f 4609//3132 4626//3132 4634//3132
f 4634//3132 4626//3132 4628//3132
f 4634//3132 4628//3132 4629//3132
f 4629//3132 4628//3132 4635//3132
f 4629//3155 4635//3155 4630//3155
f 4523//3156 4636//3156 4525//3156
f 4525//3157 4636//3157 4637//3157
f 4525//3158 4637//3158 4638//3158
f 4598//3159 4639//3159 4597//3159
f 4597//3160 4639//3160 4640//3160
f 4597//3161 4640//3161 4641//3161
f 4641//3162 4640//3162 4642//3162
f 4643//3132 4535//3132 4644//3132
f 4644//3132 4535//3132 4645//3132
f 4595//3163 4646//3163 4647//3163
f 4647//3164 4646//3164 4648//3164
f 4647//3165 4648//3165 4632//3165
f 4632//3166 4648//3166 4649//3166
f 4632//3167 4649//3167 4631//3167
f 4589//3132 4650//3132 4587//3132
f 4587//3132 4650//3132 4651//3132
f 4587//3132 4651//3132 4638//3132
f 4638//3132 4651//3132 4571//3132
f 4638//3168 4571//3168 4525//3168
f 4525//3169 4571//3169 4570//3169
f 4525//3170 4570//3170 4652//3170
f 4652//3171 4570//3171 4600//3171
f 4653//3172 4654//3172 4647//3172
f 4647//3173 4654//3173 4655//3173
f 4647//3174 4655//3174 4595//3174
f 4595//3175 4655//3175 4656//3175
f 4595//3176 4656//3176 4596//3176
f 4566//3132 4568//3132 4657//3132
f 4657//3132 4568//3132 4583//3132
f 4657//3177 4583//3177 4658//3177
f 4658//3178 4583//3178 4585//3178
f 4658//3179 4585//3179 4653//3179
f 4653//3180 4585//3180 4659//3180
f 4653//3181 4659//3181 4654//3181
f 4660//3182 4661//3182 4662//3182
f 4662//3183 4661//3183 4663//3183
f 4662//3184 4663//3184 4626//3184
f 4626//3185 4663//3185 4664//3185
f 4626//3186 4664//3186 4627//3186
f 4665//3132 4666//3132 4667//3132
f 4667//3132 4666//3132 4668//3132
f 4667//3132 4668//3132 4669//3132
f 4669//3132 4668//3132 4670//3132
f 4671//3187 4669//3187 4672//3187
f 4672//3188 4669//3188 4670//3188
f 4672//3189 4670//3189 4673//3189
f 4673//3132 4670//3132 4674//3132
f 4675//3190 4676//3190 4677//3190
f 4677//3191 4676//3191 4678//3191
f 4677//3192 4678//3192 4679//3192
f 4679//3193 4678//3193 4680//3193
f 4679//3194 4680//3194 4624//3194
f 4624//3195 4680//3195 4681//3195
f 4624//3196 4681//3196 4625//3196
f 4594//3197 4682//3197 4535//3197
f 4535//3198 4682//3198 4683//3198
f 4535//3199 4683//3199 4642//3199
f 4642//3200 4640//3200 4535//3200
f 4535//3201 4640//3201 4684//3201
f 4535//3132 4684//3132 4645//3132
f 4645//3202 4684//3202 4685//3202
f 4645//3203 4685//3203 4674//3203
f 4674//3204 4685//3204 4686//3204
f 4674//3132 4686//3132 4673//3132
f 4524//3205 4687//3205 4522//3205
f 4522//3206 4687//3206 4688//3206
f 4522//3132 4688//3132 4689//3132
f 4689//3207 4688//3207 4675//3207
f 4689//3208 4675//3208 4660//3208
f 4660//3209 4675//3209 4677//3209
f 4660//3210 4677//3210 4661//3210
f 4690//3132 4691//3132 4692//3132
f 4693//3211 4694//3211 4695//3211
f 4696//3132 4697//3132 4692//3132
f 4692//3132 4697//3132 4698//3132
f 4692//3132 4698//3132 4690//3132
f 4693//3132 4695//3132 4699//3132
f 4696//3132 4700//3132 4697//3132
f 4697//3132 4700//3132 4701//3132
f 4697//3212 4701//3212 4702//3212
f 4665//3132 4703//3132 4704//3132
f 4704//3132 4703//3132 4699//3132
f 4704//3132 4699//3132 4705//3132
f 4705//3132 4699//3132 4695//3132
f 4705//3132 4695//3132 4706//3132
f 4706//3132 4695//3132 4707//3132
f 4706//3132 4707//3132 4696//3132
f 4696//3132 4707//3132 4708//3132
f 4696//3132 4708//3132 4700//3132
f 4709//3213 4710//3213 4556//3213
f 4556//3214 4710//3214 4711//3214
f 4556//3215 4711//3215 2946//3215
f 2946//3216 4711//3216 4712//3216
f 2946//3217 4712//3217 4713//3217
f 4714//3218 4715//3218 4716//3218
f 4717//3218 4718//3218 4719//3218
f 4720//3218 4721//3218 4722//3218
f 4721//3218 4720//3218 4723//3218
f 4724//3218 4725//3218 4726//3218
f 4727//3218 4728//3218 4729//3218
f 4730//3218 4731//3218 4732//3218
f 4733//3218 4734//3218 4735//3218
f 4736//3218 4737//3218 4738//3218
f 4739//3218 4740//3218 4741//3218
f 4741//3218 4740//3218 4742//3218
f 4740//3218 4743//3218 4742//3218
f 4742//3218 4743//3218 4736//3218
f 4742//3218 4736//3218 4744//3218
f 4745//3218 4729//3218 4746//3218
f 4747//3218 4748//3218 4749//3218
f 4741//3218 4750//3218 4739//3218
f 4739//3218 4750//3218 4745//3218
f 4739//3218 4745//3218 4751//3218
f 4751//3218 4745//3218 4746//3218
f 4748//3218 4752//3218 4749//3218
f 4749//3218 4752//3218 4753//3218
f 4749//3218 4753//3218 4729//3218
f 4729//3218 4753//3218 4754//3218
f 4729//3218 4754//3218 4746//3218
f 4755//3218 4756//3218 4757//3218
f 4758//3218 4759//3218 4760//3218
f 4760//3218 4759//3218 4761//3218
f 4760//3218 4761//3218 4762//3218
f 4761//3218 4763//3218 4762//3218
f 4762//3218 4763//3218 4764//3218
f 4762//3218 4764//3218 4765//3218
f 4765//3218 4764//3218 4766//3218
f 4756//3218 4767//3218 4757//3218
f 4757//3218 4767//3218 4768//3218
f 4757//3218 4768//3218 4769//3218
f 4768//3218 4770//3218 4771//3218
f 4771//3218 4770//3218 4772//3218
f 4771//3218 4772//3218 4773//3218
f 4773//3218 4772//3218 4758//3218
f 4773//3218 4758//3218 4774//3218
f 4774//3218 4758//3218 4760//3218
f 4775//3218 4776//3218 4722//3218
f 4722//3218 4776//3218 4777//3218
f 4722//3218 4777//3218 4778//3218
f 4778//3218 4777//3218 4779//3218
f 4778//3218 4779//3218 4780//3218
f 4721//3218 4781//3218 4782//3218
f 4782//3218 4781//3218 4783//3218
f 4782//3218 4783//3218 4784//3218
f 4784//3218 4783//3218 4785//3218
f 4784//3218 4785//3218 4786//3218
f 4786//3218 4785//3218 4787//3218
f 4786//3218 4787//3218 4788//3218
f 4782//3218 4789//3218 4721//3218
f 4721//3218 4789//3218 4790//3218
f 4721//3218 4790//3218 4722//3218
f 4722//3218 4790//3218 4791//3218
f 4722//3218 4791//3218 4775//3218
f 4792//3218 4781//3218 4793//3218
f 4794//3218 4795//3218 4796//3218
f 4796//3218 4795//3218 4797//3218
f 4796//3218 4797//3218 4798//3218
f 4792//3218 4793//3218 4799//3218
f 4798//3218 4800//3218 4801//3218
f 4801//3218 4800//3218 4802//3218
f 4801//3218 4802//3218 4803//3218
f 4802//3218 4804//3218 4803//3218
f 4803//3218 4804//3218 4805//3218
f 4803//3218 4805//3218 4723//3218
f 4723//3218 4805//3218 4806//3218
f 4723//3218 4806//3218 4721//3218
f 4721//3218 4806//3218 4807//3218
f 4721//3218 4807//3218 4781//3218
f 4781//3218 4807//3218 4808//3218
f 4781//3218 4808//3218 4793//3218
f 4793//3218 4794//3218 4799//3218
f 4799//3218 4794//3218 4796//3218
f 4799//3218 4796//3218 4809//3218
f 4809//3218 4796//3218 4810//3218
f 4766//3218 4755//3218 4765//3218
f 4765//3218 4755//3218 4757//3218
f 4765//3218 4757//3218 4811//3218
f 4812//3218 4813//3218 4814//3218
f 4813//3218 4815//3218 4814//3218
f 4814//3218 4815//3218 4816//3218
f 4814//3218 4816//3218 4769//3218
f 4769//3218 4816//3218 4817//3218
f 4769//3218 4817//3218 4757//3218
f 4757//3218 4817//3218 4818//3218
f 4757//3218 4818//3218 4811//3218
f 4732//3218 4731//3218 4819//3218
f 4819//3218 4731//3218 4778//3218
f 4819//3218 4778//3218 4787//3218
f 4787//3218 4778//3218 4780//3218
f 4787//3218 4780//3218 4788//3218
f 4820//3218 4821//3218 4814//3218
f 4820//3218 4814//3218 4822//3218
f 4822//3218 4814//3218 4823//3218
f 4822//3218 4823//3218 4824//3218
f 4821//3218 4825//3218 4814//3218
f 4814//3218 4825//3218 4745//3218
f 4814//3218 4745//3218 4812//3218
f 4812//3218 4745//3218 4750//3218
f 4825//3218 4826//3218 4745//3218
f 4745//3218 4826//3218 4827//3218
f 4745//3218 4827//3218 4729//3218
f 4729//3218 4827//3218 4828//3218
f 4729//3218 4828//3218 4727//3218
f 4824//3218 4823//3218 4829//3218
f 4829//3218 4823//3218 4830//3218
f 4829//3218 4830//3218 4831//3218
f 4832//3218 4833//3218 4834//3218
f 4834//3218 4833//3218 4835//3218
f 4835//3218 4836//3218 4837//3218
f 4836//3218 4838//3218 4837//3218
f 4837//3218 4838//3218 4839//3218
f 4837//3218 4839//3218 4840//3218
f 4840//3218 4839//3218 4841//3218
f 4840//3218 4841//3218 4842//3218
f 4842//3218 4841//3218 4843//3218
f 4844//3218 4845//3218 4846//3218
f 4846//3218 4845//3218 4847//3218
f 4846//3218 4847//3218 4848//3218
f 4848//3218 4847//3218 4842//3218
f 4848//3218 4842//3218 4849//3218
f 4849//3218 4842//3218 4843//3218
f 4850//3218 4851//3218 4852//3218
f 4853//3218 4854//3218 4855//3218
f 4855//3218 4854//3218 4716//3218
f 4856//3218 4857//3218 4858//3218
f 4858//3218 4857//3218 4852//3218
f 4858//3218 4852//3218 4859//3218
f 4859//3218 4852//3218 4851//3218
f 4856//3218 4860//3218 4857//3218
f 4857//3218 4860//3218 4861//3218
f 4857//3218 4861//3218 4716//3218
f 4716//3218 4861//3218 4862//3218
f 4716//3218 4862//3218 4855//3218
f 4850//3218 4852//3218 4863//3218
f 4863//3218 4852//3218 4864//3218
f 4863//3218 4864//3218 4865//3218
f 4866//3218 4867//3218 4868//3218
f 4868//3218 4867//3218 4869//3218
f 4870//3218 4871//3218 4872//3218
f 4873//3218 4874//3218 4875//3218
f 4875//3218 4874//3218 4876//3218
f 4875//3218 4876//3218 4877//3218
f 4877//3218 4876//3218 4878//3218
f 4877//3218 4878//3218 4869//3218
f 4869//3218 4878//3218 4879//3218
f 4869//3218 4879//3218 4868//3218
f 4724//3218 4880//3218 4870//3218
f 4881//3218 4726//3218 4709//3218
f 4709//3218 4726//3218 4725//3218
f 4709//3218 4725//3218 4710//3218
f 4882//3218 4883//3218 4884//3218
f 4884//3218 4883//3218 4845//3218
f 4884//3218 4845//3218 4885//3218
f 4885//3218 4845//3218 4844//3218
f 4882//3218 4886//3218 4887//3218
f 4882//3218 4887//3218 4888//3218
f 4889//3218 4890//3218 4891//3218
f 4891//3218 4890//3218 4892//3218
f 4891//3218 4892//3218 4893//3218
f 4893//3218 4892//3218 4888//3218
f 4893//3218 4888//3218 4894//3218
f 4894//3218 4888//3218 4887//3218
f 4768//3218 4771//3218 4769//3218
f 4769//3218 4771//3218 4895//3218
f 4769//3218 4895//3218 4814//3218
f 4814//3218 4895//3218 4896//3218
f 4814//3218 4896//3218 4823//3218
f 4823//3218 4896//3218 4897//3218
f 4823//3218 4897//3218 4830//3218
f 4811//3218 4810//3218 4765//3218
f 4765//3218 4810//3218 4796//3218
f 4765//3218 4796//3218 4762//3218
f 4762//3218 4796//3218 4898//3218
f 4798//3218 4801//3218 4796//3218
f 4796//3218 4801//3218 4899//3218
f 4796//3218 4899//3218 4898//3218
f 4900//3218 4901//3218 4902//3218
f 4903//3218 4904//3218 4905//3218
f 4905//3218 4904//3218 4906//3218
f 4905//3218 4906//3218 4907//3218
f 4907//3218 4906//3218 4901//3218
f 4907//3218 4901//3218 4908//3218
f 4908//3218 4901//3218 4900//3218
f 4908//3218 4900//3218 4909//3218
f 4903//3218 4910//3218 4904//3218
f 4904//3218 4910//3218 4911//3218
f 4904//3218 4911//3218 4857//3218
f 4857//3218 4911//3218 4912//3218
f 4913//3218 4914//3218 4715//3218
f 4715//3218 4914//3218 4915//3218
f 4715//3218 4915//3218 4716//3218
f 4716//3218 4915//3218 4916//3218
f 4916//3218 4917//3218 4716//3218
f 4716//3218 4917//3218 4918//3218
f 4716//3218 4918//3218 4857//3218
f 4857//3218 4918//3218 4919//3218
f 4919//3218 4920//3218 4857//3218
f 4857//3218 4920//3218 4921//3218
f 4857//3218 4921//3218 4904//3218
f 4904//3218 4921//3218 4922//3218
f 4904//3218 4922//3218 4923//3218
f 4923//3218 4922//3218 4924//3218
f 4923//3218 4924//3218 4715//3218
f 4715//3218 4924//3218 4925//3218
f 4715//3218 4925//3218 4913//3218
f 4926//3218 4927//3218 4928//3218
f 4927//3218 4926//3218 4929//3218
f 4929//3218 4926//3218 4864//3218
f 4929//3218 4864//3218 4930//3218
f 4912//3218 4931//3218 4857//3218
f 4857//3218 4931//3218 4932//3218
f 4857//3218 4932//3218 4852//3218
f 4852//3218 4932//3218 4933//3218
f 4852//3218 4933//3218 4864//3218
f 4864//3218 4933//3218 4934//3218
f 4864//3218 4934//3218 4930//3218
f 4928//3218 4935//3218 4719//3218
f 4719//3218 4935//3218 4936//3218
f 4719//3218 4936//3218 4937//3218
f 4937//3218 4936//3218 4938//3218
f 4937//3218 4938//3218 4939//3218
f 4939//3218 4940//3218 4937//3218
f 4937//3218 4940//3218 4941//3218
f 4937//3218 4941//3218 4900//3218
f 4900//3218 4941//3218 4942//3218
f 4900//3218 4942//3218 4909//3218
f 4943//3218 4944//3218 4945//3218
f 4945//3218 4944//3218 4946//3218
f 4945//3218 4946//3218 4947//3218
f 4886//3218 4882//3218 4948//3218
f 4948//3218 4882//3218 4884//3218
f 4948//3218 4884//3218 4949//3218
f 4949//3218 4884//3218 4885//3218
f 4949//3218 4885//3218 4950//3218
f 4951//3218 4952//3218 4885//3218
f 4885//3218 4952//3218 4953//3218
f 4885//3218 4953//3218 4950//3218
f 4844//3218 4832//3218 4885//3218
f 4885//3218 4832//3218 4834//3218
f 4885//3218 4834//3218 4951//3218
f 4951//3218 4834//3218 4875//3218
f 4951//3218 4875//3218 4954//3218
f 4954//3218 4875//3218 4877//3218
f 4955//3218 4956//3218 4869//3218
f 4869//3218 4956//3218 4957//3218
f 4869//3218 4957//3218 4877//3218
f 4877//3218 4957//3218 4958//3218
f 4877//3218 4958//3218 4954//3218
f 4959//3218 4960//3218 4869//3218
f 4869//3218 4960//3218 4961//3218
f 4869//3218 4961//3218 4955//3218
f 4962//3218 4963//3218 4964//3218
f 4963//3218 4965//3218 4964//3218
f 4964//3218 4965//3218 4966//3218
f 4964//3218 4966//3218 4959//3218
f 4959//3218 4966//3218 4967//3218
f 4959//3218 4967//3218 4960//3218
f 4733//3218 4735//3218 4730//3218
f 4730//3218 4735//3218 4719//3218
f 4730//3218 4719//3218 4731//3218
f 4731//3218 4719//3218 4937//3218
f 4731//3218 4937//3218 4778//3218
f 4778//3218 4937//3218 4900//3218
f 4778//3218 4900//3218 4722//3218
f 4722//3218 4900//3218 4902//3218
f 4722//3218 4902//3218 4720//3218
f 4744//3218 4736//3218 4968//3218
f 4968//3218 4736//3218 4738//3218
f 4968//3218 4738//3218 4964//3218
f 4964//3218 4738//3218 4969//3218
f 4964//3218 4969//3218 4962//3218
f 4737//3218 4747//3218 4738//3218
f 4738//3218 4747//3218 4749//3218
f 4738//3218 4749//3218 4969//3218
f 4969//3218 4749//3218 4945//3218
f 4969//3218 4945//3218 4962//3218
f 4962//3218 4945//3218 4947//3218
f 4887//3218 4943//3218 4894//3218
f 4894//3218 4943//3218 4945//3218
f 4894//3218 4945//3218 4893//3218
f 4893//3218 4945//3218 4749//3218
f 4893//3218 4749//3218 4891//3218
f 4891//3218 4749//3218 4729//3218
f 4891//3218 4729//3218 4889//3218
f 4889//3218 4729//3218 4728//3218
f 4889//3218 4728//3218 4831//3218
f 4831//3218 4728//3218 4970//3218
f 4831//3218 4970//3218 4829//3218
f 4971//3218 4972//3218 4735//3218
f 4928//3218 4719//3218 4926//3218
f 4926//3218 4719//3218 4718//3218
f 4926//3218 4718//3218 4973//3218
f 4974//3218 4975//3218 4976//3218
f 4976//3218 4975//3218 4977//3218
f 4735//3218 4972//3218 4719//3218
f 4719//3218 4972//3218 4978//3218
f 4719//3218 4978//3218 4717//3218
f 4977//3218 4979//3218 4976//3218
f 4976//3218 4979//3218 4980//3218
f 4976//3218 4980//3218 4735//3218
f 4735//3218 4980//3218 4981//3218
f 4735//3218 4981//3218 4971//3218
f 4973//3218 4974//3218 4926//3218
f 4926//3218 4974//3218 4976//3218
f 4926//3218 4976//3218 4864//3218
f 4864//3218 4976//3218 4982//3218
f 4864//3218 4982//3218 4865//3218
f 4865//3218 4982//3218 4983//3218
f 4733//3218 4744//3218 4734//3218
f 4734//3218 4744//3218 4968//3218
f 4734//3218 4968//3218 4735//3218
f 4735//3218 4968//3218 4964//3218
f 4735//3218 4964//3218 4976//3218
f 4976//3218 4964//3218 4959//3218
f 4976//3218 4959//3218 4982//3218
f 4982//3218 4959//3218 4869//3218
f 4982//3218 4869//3218 4983//3218
f 4983//3218 4869//3218 4867//3218
f 4835//3218 4837//3218 4834//3218
f 4834//3218 4837//3218 4872//3218
f 4834//3218 4872//3218 4875//3218
f 4875//3218 4872//3218 4871//3218
f 4875//3218 4871//3218 4873//3218
f 4984//3218 4985//3218 4854//3218
f 4854//3218 4985//3218 4986//3218
f 4854//3218 4986//3218 4716//3218
f 4716//3218 4986//3218 4987//3218
f 4716//3218 4987//3218 4714//3218
f 4724//3218 4870//3218 4725//3218
f 4725//3218 4870//3218 4872//3218
f 4725//3218 4872//3218 4710//3218
f 4710//3218 4872//3218 4837//3218
f 4710//3218 4837//3218 4711//3218
f 4711//3218 4837//3218 4840//3218
f 4711//3218 4840//3218 4712//3218
f 4712//3218 4840//3218 4842//3218
f 4712//3218 4842//3218 4713//3218
f 4988//3132 4989//3132 4990//3132
f 4990//3219 4989//3219 4991//3219
f 4991//3220 4989//3220 4992//3220
f 4991//3221 4992//3221 4605//3221
f 4993//3132 4988//3132 4994//3132
f 4994//3132 4988//3132 4990//3132
f 4994//3132 4990//3132 4995//3132
f 4995//3222 4990//3222 4996//3222
f 4995//3223 4996//3223 4997//3223
f 4997//3224 4996//3224 4998//3224
f 4997//3132 4998//3132 4999//3132
f 5000//3132 5001//3132 5002//3132
f 5002//3132 5001//3132 5003//3132
f 5002//3132 5003//3132 5004//3132
f 5000//3132 4997//3132 5001//3132
f 5001//3132 4997//3132 4999//3132
f 5001//3132 4999//3132 5005//3132
f 5005//3225 4999//3225 5006//3225
f 5005//3226 5006//3226 5007//3226
f 2995//3227 4714//3227 4531//3227
f 4531//3228 4714//3228 4987//3228
f 4531//3229 4987//3229 4986//3229
f 4714//3230 2995//3230 4715//3230
f 4715//3230 2995//3230 4535//3230
f 4715//3230 4535//3230 4923//3230
f 4904//3231 4923//3231 4535//3231
f 5008//3232 4723//3232 4643//3232
f 4643//3233 4723//3233 4720//3233
f 4720//3234 4902//3234 4643//3234
f 4643//3235 4902//3235 4901//3235
f 4643//3236 4901//3236 4535//3236
f 4535//3237 4901//3237 4906//3237
f 4535//3238 4906//3238 4904//3238
f 5009//3239 4889//3239 5010//3239
f 5010//3240 4889//3240 4831//3240
f 5010//3241 4831//3241 5011//3241
f 5011//3242 4831//3242 5012//3242
f 4830//3243 5013//3243 4831//3243
f 4831//3244 5013//3244 5014//3244
f 4831//3245 5014//3245 5012//3245
f 4897//3246 5015//3246 4830//3246
f 4830//3247 5015//3247 5016//3247
f 4830//3248 5016//3248 5013//3248
f 5005//3249 5007//3249 4897//3249
f 5007//3250 5017//3250 4897//3250
f 4897//3251 5017//3251 5018//3251
f 4897//3252 5018//3252 5015//3252
f 4897//3253 4896//3253 5005//3253
f 5005//3254 4896//3254 4895//3254
f 5005//3254 4895//3254 5001//3254
f 5001//3255 4895//3255 4771//3255
f 4774//3256 5019//3256 4773//3256
f 4773//3257 5019//3257 5004//3257
f 4773//3258 5004//3258 4771//3258
f 4771//3259 5004//3259 5003//3259
f 4771//3255 5003//3255 5001//3255
f 5020//3260 5021//3260 4760//3260
f 4760//3261 5021//3261 5022//3261
f 4760//3262 5022//3262 4774//3262
f 4774//3263 5022//3263 5023//3263
f 4774//3264 5023//3264 5019//3264
f 4697//3265 4702//3265 4760//3265
f 4702//3266 5024//3266 4760//3266
f 4760//3267 5024//3267 5025//3267
f 4760//3268 5025//3268 5020//3268
f 4760//3269 4762//3269 4697//3269
f 4697//3270 4762//3270 4898//3270
f 4697//3270 4898//3270 4698//3270
f 4698//3271 4898//3271 4899//3271
f 4698//3271 4899//3271 4690//3271
f 4690//3272 4899//3272 4691//3272
f 4691//3273 4899//3273 4801//3273
f 4691//3274 4801//3274 5026//3274
f 5027//3275 5028//3275 4803//3275
f 5028//3276 5029//3276 4803//3276
f 4803//3277 5029//3277 5030//3277
f 4803//3278 5030//3278 4801//3278
f 4801//3279 5030//3279 5031//3279
f 4801//3280 5031//3280 5026//3280
f 4723//3281 5008//3281 4803//3281
f 4803//3282 5008//3282 5032//3282
f 4803//3283 5032//3283 5033//3283
f 5033//3284 5034//3284 4803//3284
f 4803//3285 5034//3285 5035//3285
f 4803//3286 5035//3286 5027//3286
f 4542//3287 4847//3287 4586//3287
f 4586//3288 4847//3288 4845//3288
f 4586//3289 4845//3289 4883//3289
f 4883//3290 4882//3290 4586//3290
f 4586//3291 4882//3291 4888//3291
f 4586//3292 4888//3292 4892//3292
f 4892//3293 4890//3293 4586//3293
f 4586//3294 4890//3294 4889//3294
f 4586//3295 4889//3295 5009//3295
f 4847//3296 4542//3296 4842//3296
f 4842//3296 4542//3296 2946//3296
f 4842//3296 2946//3296 4713//3296
f 4795//3297 5036//3297 4797//3297
f 4797//3297 5036//3297 5037//3297
f 4797//3298 5037//3298 4798//3298
f 4798//3298 5037//3298 5038//3298
f 4798//3299 5038//3299 4800//3299
f 4800//3299 5038//3299 5039//3299
f 4800//3300 5039//3300 4802//3300
f 4802//3300 5039//3300 5040//3300
f 4802//3301 5040//3301 4804//3301
f 4804//3301 5040//3301 5041//3301
f 4804//3302 5041//3302 4805//3302
f 4805//3302 5041//3302 5042//3302
f 4805//3303 5042//3303 4806//3303
f 4806//3303 5042//3303 5043//3303
f 4806//3304 5043//3304 4807//3304
f 4807//3304 5043//3304 5044//3304
f 4807//3305 5044//3305 4808//3305
f 4808//3305 5044//3305 5045//3305
f 4808//3306 5045//3306 4793//3306
f 4793//3306 5045//3306 5046//3306
f 4793//3307 5046//3307 4794//3307
f 4794//3307 5046//3307 5047//3307
f 4794//3308 5047//3308 4795//3308
f 4795//3308 5047//3308 5036//3308
f 4993//3309 4818//3309 4988//3309
f 4988//3310 4818//3310 4817//3310
f 4988//3311 4817//3311 4989//3311
f 4989//3311 4817//3311 4816//3311
f 4989//3312 4816//3312 4992//3312
f 4992//3312 4816//3312 4815//3312
f 4992//3313 4815//3313 4605//3313
f 4605//3314 4815//3314 4813//3314
f 4605//3315 4813//3315 4603//3315
f 4603//3316 4813//3316 4601//3316
f 4601//3316 4813//3316 4812//3316
f 4601//3317 4812//3317 4617//3317
f 4617//3318 4812//3318 4750//3318
f 4617//3319 4750//3319 5048//3319
f 4741//3320 5049//3320 5050//3320
f 5050//3321 5051//3321 4741//3321
f 4741//3322 5051//3322 5052//3322
f 4741//3323 5052//3323 4750//3323
f 4750//3324 5052//3324 5053//3324
f 4750//3325 5053//3325 5048//3325
f 4742//3326 5054//3326 4741//3326
f 4741//3327 5054//3327 5055//3327
f 5055//3328 5056//3328 4741//3328
f 4741//3329 5056//3329 5057//3329
f 4741//3330 5057//3330 5049//3330
f 4730//3331 4567//3331 4733//3331
f 4733//3332 4567//3332 4615//3332
f 4733//3333 4615//3333 4744//3333
f 4744//3333 4615//3333 4623//3333
f 4744//3334 4623//3334 4742//3334
f 4742//3335 4623//3335 4625//3335
f 4742//3336 4625//3336 5054//3336
f 4819//3337 4584//3337 4732//3337
f 4732//3338 4584//3338 4583//3338
f 4732//3339 4583//3339 4730//3339
f 4730//3339 4583//3339 4568//3339
f 4730//3340 4568//3340 4567//3340
f 5058//3341 5059//3341 4787//3341
f 4787//3342 5059//3342 5060//3342
f 4787//3343 5060//3343 4819//3343
f 4819//3344 5060//3344 5061//3344
f 4819//3345 5061//3345 4584//3345
f 5062//3346 5063//3346 4787//3346
f 4787//3347 5063//3347 5064//3347
f 4787//3348 5064//3348 5058//3348
f 4669//3349 4671//3349 4785//3349
f 4671//3350 5065//3350 4785//3350
f 4785//3351 5065//3351 5066//3351
f 4785//3352 5066//3352 4787//3352
f 4787//3353 5066//3353 5067//3353
f 4787//3354 5067//3354 5062//3354
f 4785//3355 4783//3355 4669//3355
f 4669//3356 4783//3356 4781//3356
f 4669//3357 4781//3357 4667//3357
f 4667//3358 4781//3358 4792//3358
f 4667//3359 4792//3359 4665//3359
f 4665//3360 4792//3360 4799//3360
f 4665//3361 4799//3361 4703//3361
f 4703//3362 4799//3362 4699//3362
f 4699//3362 4799//3362 4809//3362
f 4699//3363 4809//3363 4693//3363
f 4693//3363 4809//3363 4810//3363
f 4693//3364 4810//3364 4694//3364
f 4694//3365 4810//3365 4811//3365
f 4694//3366 4811//3366 5068//3366
f 4993//3367 5069//3367 4818//3367
f 4818//3368 5069//3368 5070//3368
f 4818//3369 5070//3369 5071//3369
f 5071//3370 5072//3370 4818//3370
f 4818//3371 5072//3371 5073//3371
f 4818//3372 5073//3372 4811//3372
f 4811//3373 5073//3373 5074//3373
f 4811//3374 5074//3374 5068//3374
f 4980//3375 5075//3375 4981//3375
f 4981//3375 5075//3375 5076//3375
f 4981//3376 5076//3376 4971//3376
f 4971//3376 5076//3376 5077//3376
f 4971//3377 5077//3377 4972//3377
f 4972//3377 5077//3377 5078//3377
f 4972//3378 5078//3378 4978//3378
f 4978//3378 5078//3378 5079//3378
f 4978//3379 5079//3379 4717//3379
f 4717//3379 5079//3379 5080//3379
f 4717//3380 5080//3380 4718//3380
f 4718//3380 5080//3380 5081//3380
f 4718//3381 5081//3381 4973//3381
f 4973//3381 5081//3381 5082//3381
f 4973//3031 5082//3031 4974//3031
f 4974//3031 5082//3031 5083//3031
f 4974//3305 5083//3305 4975//3305
f 4975//3305 5083//3305 5084//3305
f 4975//3306 5084//3306 4977//3306
f 4977//3306 5084//3306 5085//3306
f 4977//3045 5085//3045 4979//3045
f 4979//3045 5085//3045 5086//3045
f 4979//3382 5086//3382 4980//3382
f 4980//3382 5086//3382 5075//3382
f 4970//3297 5087//3297 4829//3297
f 4829//3297 5087//3297 5088//3297
f 4829//3298 5088//3298 4824//3298
f 4824//3298 5088//3298 5089//3298
f 4824//3299 5089//3299 4822//3299
f 4822//3299 5089//3299 5090//3299
f 4822//3300 5090//3300 4820//3300
f 4820//3300 5090//3300 5091//3300
f 4820//3301 5091//3301 4821//3301
f 4821//3301 5091//3301 5092//3301
f 4821//3302 5092//3302 4825//3302
f 4825//3302 5092//3302 5093//3302
f 4825//3303 5093//3303 4826//3303
f 4826//3303 5093//3303 5094//3303
f 4826//3304 5094//3304 4827//3304
f 4827//3304 5094//3304 5095//3304
f 4827//3305 5095//3305 4828//3305
f 4828//3305 5095//3305 5096//3305
f 4828//3306 5096//3306 4727//3306
f 4727//3306 5096//3306 5097//3306
f 4727//3307 5097//3307 4728//3307
f 4728//3307 5097//3307 5098//3307
f 4728//3308 5098//3308 4970//3308
f 4970//3308 5098//3308 5087//3308
f 4770//3383 5099//3383 4772//3383
f 4772//3383 5099//3383 5100//3383
f 4772//3384 5100//3384 4758//3384
f 4758//3384 5100//3384 5101//3384
f 4758//3385 5101//3385 4759//3385
f 4759//3386 5101//3386 5102//3386
f 4759//3387 5102//3387 4761//3387
f 4761//3388 5102//3388 5103//3388
f 4761//3389 5103//3389 4763//3389
f 4763//3389 5103//3389 5104//3389
f 4763//3390 5104//3390 4764//3390
f 4764//3390 5104//3390 5105//3390
f 4764//3391 5105//3391 4766//3391
f 4766//3391 5105//3391 5106//3391
f 4766//3392 5106//3392 4755//3392
f 4755//3392 5106//3392 5107//3392
f 4755//3393 5107//3393 4756//3393
f 4756//3394 5107//3394 5108//3394
f 4756//3395 5108//3395 4767//3395
f 4767//3396 5108//3396 5109//3396
f 4767//3397 5109//3397 4768//3397
f 4768//3397 5109//3397 5110//3397
f 4768//3398 5110//3398 4770//3398
f 4770//3398 5110//3398 5099//3398
f 4848//2975 4541//2975 4846//2975
f 4846//2975 4541//2975 4543//2975
f 4846//2974 4543//2974 4844//2974
f 4844//2974 4543//2974 4544//2974
f 4844//2963 4544//2963 4832//2963
f 4832//2963 4544//2963 4571//2963
f 4832//2962 4571//2962 4833//2962
f 4833//2962 4571//2962 4651//2962
f 4833//2973 4651//2973 4835//2973
f 4835//2973 4651//2973 4650//2973
f 4835//2972 4650//2972 4836//2972
f 4836//2972 4650//2972 4589//2972
f 4836//2979 4589//2979 4838//2979
f 4838//2979 4589//2979 4558//2979
f 4838//2978 4558//2978 4839//2978
f 4839//2978 4558//2978 4557//2978
f 4839//2969 4557//2969 4841//2969
f 4841//2969 4557//2969 4555//2969
f 4841//2968 4555//2968 4843//2968
f 4843//2968 4555//2968 4554//2968
f 4843//2977 4554//2977 4849//2977
f 4849//2977 4554//2977 4540//2977
f 4849//2976 4540//2976 4848//2976
f 4848//2976 4540//2976 4541//2976
f 4918//2965 4562//2965 4919//2965
f 4919//2965 4562//2965 4564//2965
f 4919//2964 4564//2964 4920//2964
f 4920//2964 4564//2964 4565//2964
f 4920//2963 4565//2963 4921//2963
f 4921//2963 4565//2963 4537//2963
f 4921//2962 4537//2962 4922//2962
f 4922//2962 4537//2962 4553//2962
f 4922//2961 4553//2961 4924//2961
f 4924//2961 4553//2961 4552//2961
f 4924//2960 4552//2960 4925//2960
f 4925//2960 4552//2960 4551//2960
f 4925//2971 4551//2971 4913//2971
f 4913//2971 4551//2971 4534//2971
f 4913//2970 4534//2970 4914//2970
f 4914//2970 4534//2970 4533//2970
f 4914//2969 4533//2969 4915//2969
f 4915//2969 4533//2969 4532//2969
f 4915//2968 4532//2968 4916//2968
f 4916//2968 4532//2968 4530//2968
f 4916//2967 4530//2967 4917//2967
f 4917//2967 4530//2967 4529//2967
f 4917//2966 4529//2966 4918//2966
f 4918//2966 4529//2966 4562//2966
f 4788//3399 5111//3399 4786//3399
f 4786//3399 5111//3399 5112//3399
f 4786//2985 5112//2985 4784//2985
f 4784//2985 5112//2985 5113//2985
f 4784//2997 5113//2997 4782//2997
f 4782//2997 5113//2997 5114//2997
f 4782//3388 5114//3388 4789//3388
f 4789//3388 5114//3388 5115//3388
f 4789//2988 5115//2988 4790//2988
f 4790//2988 5115//2988 5116//2988
f 4790//3400 5116//3400 4791//3400
f 4791//3400 5116//3400 5117//3400
f 4791//3401 5117//3401 4775//3401
f 4775//3401 5117//3401 5118//3401
f 4775//3402 5118//3402 4776//3402
f 4776//3402 5118//3402 5119//3402
f 4776//3393 5119//3393 4777//3393
f 4777//3393 5119//3393 5120//3393
f 4777//3403 5120//3403 4779//3403
f 4779//3403 5120//3403 5121//3403
f 4779//3404 5121//3404 4780//3404
f 4780//3404 5121//3404 5122//3404
f 4780//3405 5122//3405 4788//3405
f 4788//3405 5122//3405 5111//3405
f 4753//3399 5123//3399 4754//3399
f 4754//3399 5123//3399 5124//3399
f 4754//2985 5124//2985 4746//2985
f 4746//2985 5124//2985 5125//2985
f 4746//3385 5125//3385 4751//3385
f 4751//3385 5125//3385 5126//3385
f 4751//3000 5126//3000 4739//3000
f 4739//3000 5126//3000 5127//3000
f 4739//2988 5127//2988 4740//2988
f 4740//2988 5127//2988 5128//2988
f 4740//3400 5128//3400 4743//3400
f 4743//3400 5128//3400 5129//3400
f 4743//3401 5129//3401 4736//3401
f 4736//3401 5129//3401 5130//3401
f 4736//3402 5130//3402 4737//3402
f 4737//3402 5130//3402 5131//3402
f 4737//3406 5131//3406 4747//3406
f 4747//3406 5131//3406 5132//3406
f 4747//3396 5132//3396 4748//3396
f 4748//3396 5132//3396 5133//3396
f 4748//3404 5133//3404 4752//3404
f 4752//3404 5133//3404 5134//3404
f 4752//3405 5134//3405 4753//3405
f 4753//3405 5134//3405 5123//3405
f 4867//3227 4866//3227 4573//3227
f 4850//3227 4863//3227 4572//3227
f 4572//3227 4863//3227 4865//3227
f 4572//3227 4865//3227 4573//3227
f 4573//3227 4865//3227 4983//3227
f 4573//3227 4983//3227 4867//3227
f 4561//3230 4582//3230 4724//3230
f 4724//3230 4582//3230 4880//3230
f 4854//3296 4853//3296 4528//3296
f 4528//3296 4853//3296 4563//3296
f 4563//2994 4853//2994 4539//2994
f 4539//2994 4853//2994 4855//2994
f 4539//2993 4855//2993 4538//2993
f 4538//2993 4855//2993 4862//2993
f 4538//2992 4862//2992 4536//2992
f 4536//2992 4862//2992 4861//2992
f 4536//2989 4861//2989 4612//2989
f 4612//2989 4861//2989 4860//2989
f 4612//2988 4860//2988 4613//2988
f 4613//2988 4860//2988 4856//2988
f 4613//2991 4856//2991 4614//2991
f 4614//2991 4856//2991 4858//2991
f 4614//2990 4858//2990 4546//2990
f 4546//2990 4858//2990 4859//2990
f 4546//2985 4859//2985 4548//2985
f 4548//2985 4859//2985 4851//2985
f 4548//2984 4851//2984 4572//2984
f 4572//2984 4851//2984 4850//2984
f 4573//2989 4866//2989 4574//2989
f 4574//2989 4866//2989 4868//2989
f 4574//2988 4868//2988 4575//2988
f 4575//2988 4868//2988 4879//2988
f 4575//2987 4879//2987 4577//2987
f 4577//2987 4879//2987 4878//2987
f 4577//2986 4878//2986 4607//2986
f 4607//2986 4878//2986 4876//2986
f 4607//2985 4876//2985 4606//2985
f 4606//2985 4876//2985 4874//2985
f 4606//2984 4874//2984 4579//2984
f 4579//2984 4874//2984 4873//2984
f 4579//2983 4873//2983 4580//2983
f 4580//2983 4873//2983 4871//2983
f 4580//2982 4871//2982 4581//2982
f 4581//2982 4871//2982 4870//2982
f 4581//2981 4870//2981 4582//2981
f 4582//2981 4870//2981 4880//2981
f 4854//2998 4528//2998 4527//2998
f 4854//2998 4527//2998 4984//2998
f 4984//2999 4527//2999 4526//2999
f 4984//2999 4526//2999 4985//2999
f 4985//3000 4526//3000 4531//3000
f 4985//3407 4531//3407 4986//3407
f 4561//2995 4724//2995 4726//2995
f 4561//2995 4726//2995 4559//2995
f 4559//2996 4726//2996 4881//2996
f 4559//2996 4881//2996 4560//2996
f 4560//2997 4881//2997 4709//2997
f 4560//3408 4709//3408 4556//3408
f 4646//3409 4941//3409 4940//3409
f 4646//3409 4940//3409 4648//3409
f 4648//3410 4940//3410 4939//3410
f 4648//3410 4939//3410 4649//3410
f 4649//3411 4939//3411 4938//3411
f 4649//3411 4938//3411 4631//3411
f 4905//3412 4907//3412 4683//3412
f 4683//3412 4907//3412 4642//3412
f 4912//3413 4622//3413 4931//3413
f 4931//3413 4622//3413 4611//3413
f 4931//3413 4611//3413 4932//3413
f 4932//3413 4611//3413 4933//3413
f 4929//3230 4610//3230 4927//3230
f 4927//3230 4610//3230 4609//3230
f 4927//3230 4609//3230 4928//3230
f 4626//3414 4963//3414 4962//3414
f 4626//3414 4962//3414 4662//3414
f 4662//3415 4962//3415 4947//3415
f 4662//3415 4947//3415 4660//3415
f 4660//3416 4947//3416 4946//3416
f 4660//3416 4946//3416 4689//3416
f 4967//3296 4545//3296 4960//3296
f 4960//3296 4545//3296 4547//3296
f 4960//3296 4547//3296 4961//3296
f 4952//3413 4951//3413 4578//3413
f 4578//3413 4951//3413 4954//3413
f 4578//3413 4954//3413 4576//3413
f 4576//3413 4954//3413 4958//3413
f 4576//3413 4958//3413 4957//3413
f 4638//3417 4637//3417 4948//3417
f 4948//3417 4637//3417 4886//3417
f 4905//3418 4683//3418 4903//3418
f 4903//3418 4683//3418 4682//3418
f 4903//3419 4682//3419 4910//3419
f 4910//3419 4682//3419 4594//3419
f 4910//3420 4594//3420 4911//3420
f 4911//3420 4594//3420 4593//3420
f 4911//3421 4593//3421 4912//3421
f 4912//3421 4593//3421 4622//3421
f 4933//3396 4611//3396 4934//3396
f 4934//3396 4611//3396 4592//3396
f 4934//2982 4592//2982 4930//2982
f 4930//2982 4592//2982 4591//2982
f 4930//2983 4591//2983 4929//2983
f 4929//2983 4591//2983 4610//2983
f 4631//3422 4938//3422 4629//3422
f 4629//3422 4938//3422 4936//3422
f 4629//3423 4936//3423 4634//3423
f 4634//3423 4936//3423 4935//3423
f 4634//3424 4935//3424 4609//3424
f 4609//3424 4935//3424 4928//3424
f 4642//3425 4907//3425 4641//3425
f 4641//3425 4907//3425 4908//3425
f 4641//3426 4908//3426 4597//3426
f 4597//3426 4908//3426 4909//3426
f 4597//3427 4909//3427 4595//3427
f 4595//3427 4909//3427 4942//3427
f 4595//3428 4942//3428 4646//3428
f 4646//3428 4942//3428 4941//3428
f 4961//2992 4547//2992 4955//2992
f 4955//2992 4547//2992 4549//2992
f 4955//2993 4549//2993 4956//2993
f 4956//2993 4549//2993 4550//2993
f 4956//3393 4550//3393 4957//3393
f 4957//3393 4550//3393 4576//3393
f 4952//3429 4578//3429 4953//3429
f 4953//3429 4578//3429 4590//3429
f 4953//3430 4590//3430 4950//3430
f 4950//3430 4590//3430 4588//3430
f 4950//3431 4588//3431 4949//3431
f 4949//3431 4588//3431 4587//3431
f 4949//3432 4587//3432 4948//3432
f 4948//3432 4587//3432 4638//3432
f 4545//3433 4967//3433 4608//3433
f 4608//3433 4967//3433 4966//3433
f 4608//3434 4966//3434 4633//3434
f 4633//3434 4966//3434 4965//3434
f 4633//3435 4965//3435 4626//3435
f 4626//3435 4965//3435 4963//3435
f 4689//3436 4946//3436 4522//3436
f 4522//3436 4946//3436 4944//3436
f 4522//3437 4944//3437 4523//3437
f 4523//3437 4944//3437 4943//3437
f 4523//3438 4943//3438 4636//3438
f 4636//3438 4943//3438 4887//3438
f 4636//3439 4887//3439 4637//3439
f 4637//3439 4887//3439 4886//3439
f 5135//3440 5136//3440 5137//3440
f 5135//3441 5138//3441 5136//3441
f 5136//3442 5138//3442 5139//3442
f 5136//3443 5139//3443 5140//3443
f 5139//3444 5141//3444 5140//3444
f 5140//3445 5141//3445 5142//3445
f 5140//3446 5142//3446 5143//3446
f 5143//3447 5142//3447 5144//3447
f 5143//3448 5144//3448 5145//3448
f 5145//3449 5072//3449 5143//3449
f 5143//3450 5072//3450 5146//3450
f 5143//3451 5146//3451 5147//3451
f 5146//3452 5148//3452 5147//3452
f 5147//3453 5148//3453 5149//3453
f 5147//3454 5149//3454 5150//3454
f 5149//3455 5151//3455 5150//3455
f 5150//3456 5151//3456 5152//3456
f 5150//3457 5152//3457 5153//3457
f 5152//3458 5154//3458 5153//3458
f 5153//3459 5154//3459 5155//3459
f 5153//3460 5155//3460 5156//3460
f 5155//3461 5157//3461 5156//3461
f 5156//3462 5157//3462 5158//3462
f 5156//3463 5158//3463 5159//3463
f 5158//3464 5160//3464 5159//3464
f 5159//3465 5160//3465 5161//3465
f 5159//3466 5161//3466 5162//3466
f 5163//3467 5164//3467 5165//3467
f 5165//3468 5164//3468 5162//3468
f 5165//3469 5162//3469 5166//3469
f 5166//3470 5162//3470 5161//3470
f 5163//3471 5167//3471 5164//3471
f 5164//3472 5167//3472 5168//3472
f 5164//3472 5168//3472 5169//3472
f 5168//3473 5170//3473 5169//3473
f 5169//3474 5170//3474 5171//3474
f 5169//3475 5171//3475 5172//3475
f 5171//3476 5173//3476 5172//3476
f 5172//3477 5173//3477 5174//3477
f 5172//3478 5174//3478 5175//3478
f 5174//3479 5176//3479 5175//3479
f 5175//3480 5176//3480 5177//3480
f 5175//3481 5177//3481 5137//3481
f 5137//3482 5177//3482 5178//3482
f 5137//3483 5178//3483 5135//3483
f 5179//3484 5180//3484 5181//3484
f 5179//3485 5182//3485 5180//3485
f 5180//3486 5182//3486 5183//3486
f 5180//3487 5183//3487 5184//3487
f 5185//3488 5186//3488 5187//3488
f 5187//3489 5186//3489 5184//3489
f 5187//3490 5184//3490 5188//3490
f 5188//3491 5184//3491 5183//3491
f 5185//3492 5189//3492 5186//3492
f 5186//3493 5189//3493 5190//3493
f 5186//3494 5190//3494 5191//3494
f 5190//3495 5192//3495 5191//3495
f 5191//3496 5192//3496 5193//3496
f 5191//3497 5193//3497 5194//3497
f 5195//3498 5196//3498 5197//3498
f 5197//3499 5196//3499 5194//3499
f 5197//3500 5194//3500 5198//3500
f 5198//3501 5194//3501 5193//3501
f 5195//3502 5199//3502 5196//3502
f 5196//3503 5199//3503 5200//3503
f 5196//3503 5200//3503 5201//3503
f 5200//3504 5202//3504 5201//3504
f 5201//3505 5202//3505 5203//3505
f 5201//3506 5203//3506 5204//3506
f 5205//3507 5206//3507 5207//3507
f 5207//3508 5206//3508 5204//3508
f 5207//3509 5204//3509 5208//3509
f 5208//3510 5204//3510 5203//3510
f 5205//3511 5209//3511 5206//3511
f 5206//3512 5209//3512 5210//3512
f 5206//3513 5210//3513 5211//3513
f 5212//3514 5213//3514 5214//3514
f 5214//3515 5213//3515 5211//3515
f 5214//3516 5211//3516 5215//3516
f 5215//3517 5211//3517 5210//3517
f 5212//3518 5216//3518 5213//3518
f 5213//3519 5216//3519 5027//3519
f 5213//3520 5027//3520 5217//3520
f 5027//3521 5218//3521 5217//3521
f 5217//3522 5218//3522 5219//3522
f 5217//3523 5219//3523 5181//3523
f 5181//3524 5219//3524 5220//3524
f 5181//3525 5220//3525 5179//3525
f 5194//3132 5196//3132 5036//3132
f 5036//3132 5196//3132 5201//3132
f 5036//3132 5201//3132 5037//3132
f 5037//3132 5201//3132 5204//3132
f 5037//3132 5204//3132 5038//3132
f 5038//3132 5204//3132 5206//3132
f 5038//3132 5206//3132 5039//3132
f 5039//3132 5206//3132 5211//3132
f 5039//3132 5211//3132 5040//3132
f 5040//3132 5211//3132 5213//3132
f 5040//3132 5213//3132 5041//3132
f 5041//3132 5213//3132 5217//3132
f 5041//3132 5217//3132 5042//3132
f 5042//3132 5217//3132 5181//3132
f 5042//3132 5181//3132 5043//3132
f 5043//3132 5181//3132 5180//3132
f 5043//3132 5180//3132 5044//3132
f 5044//3132 5180//3132 5184//3132
f 5044//3132 5184//3132 5045//3132
f 5045//3132 5184//3132 5186//3132
f 5045//3132 5186//3132 5046//3132
f 5046//3132 5186//3132 5191//3132
f 5046//3132 5191//3132 5047//3132
f 5047//3132 5191//3132 5194//3132
f 5047//3132 5194//3132 5036//3132
f 5221//3526 5222//3526 5223//3526
f 5221//3527 5224//3527 5222//3527
f 5222//3442 5224//3442 5225//3442
f 5222//3443 5225//3443 5226//3443
f 5227//3528 5228//3528 5229//3528
f 5229//3529 5228//3529 5226//3529
f 5229//3530 5226//3530 5230//3530
f 5230//3444 5226//3444 5225//3444
f 5227//3531 5231//3531 5228//3531
f 5228//3451 5231//3451 5232//3451
f 5228//3451 5232//3451 5233//3451
f 5232//3532 5234//3532 5233//3532
f 5233//3533 5234//3533 5235//3533
f 5233//3534 5235//3534 5236//3534
f 5235//3535 5237//3535 5236//3535
f 5236//3536 5237//3536 5238//3536
f 5236//3537 5238//3537 5239//3537
f 5238//3458 5240//3458 5239//3458
f 5239//3538 5240//3538 5241//3538
f 5239//3539 5241//3539 5242//3539
f 5243//3540 5244//3540 5245//3540
f 5245//3541 5244//3541 5242//3541
f 5245//3462 5242//3462 5246//3462
f 5246//3542 5242//3542 5241//3542
f 5243//3543 5063//3543 5244//3543
f 5244//3544 5063//3544 5247//3544
f 5244//3545 5247//3545 5248//3545
f 5249//3546 5250//3546 5251//3546
f 5251//3547 5250//3547 5248//3547
f 5251//3548 5248//3548 5252//3548
f 5252//3549 5248//3549 5247//3549
f 5249//3550 5253//3550 5250//3550
f 5250//3472 5253//3472 5254//3472
f 5250//3472 5254//3472 5255//3472
f 5254//3551 5256//3551 5255//3551
f 5255//3552 5256//3552 5257//3552
f 5255//3553 5257//3553 5258//3553
f 5257//3554 5259//3554 5258//3554
f 5258//3477 5259//3477 5260//3477
f 5258//3478 5260//3478 5261//3478
f 5260//3479 5262//3479 5261//3479
f 5261//3555 5262//3555 5263//3555
f 5261//3556 5263//3556 5223//3556
f 5223//3482 5263//3482 5264//3482
f 5223//3557 5264//3557 5221//3557
f 5265//3558 5266//3558 5267//3558
f 5265//3559 5268//3559 5266//3559
f 5266//3442 5268//3442 5269//3442
f 5266//3560 5269//3560 5270//3560
f 5271//3561 5272//3561 5273//3561
f 5273//3562 5272//3562 5270//3562
f 5273//3530 5270//3530 5274//3530
f 5274//3563 5270//3563 5269//3563
f 5271//3564 5275//3564 5272//3564
f 5272//3451 5275//3451 5276//3451
f 5272//3451 5276//3451 5277//3451
f 5276//3565 5278//3565 5277//3565
f 5277//3566 5278//3566 5279//3566
f 5277//3567 5279//3567 5280//3567
f 5279//3535 5281//3535 5280//3535
f 5280//3456 5281//3456 5282//3456
f 5280//3457 5282//3457 5283//3457
f 5282//3458 5284//3458 5283//3458
f 5283//3568 5284//3568 5285//3568
f 5283//3569 5285//3569 5286//3569
f 5285//3542 5287//3542 5286//3542
f 5286//3462 5287//3462 5288//3462
f 5286//3570 5288//3570 5289//3570
f 5288//3571 5290//3571 5289//3571
f 5289//3465 5290//3465 5291//3465
f 5289//3466 5291//3466 5292//3466
f 5293//3572 5294//3572 5295//3572
f 5295//3573 5294//3573 5292//3573
f 5295//3548 5292//3548 5296//3548
f 5296//3470 5292//3470 5291//3470
f 5293//3574 5297//3574 5294//3574
f 5294//3472 5297//3472 5298//3472
f 5294//3472 5298//3472 5299//3472
f 5300//3554 5301//3554 5302//3554
f 5302//3575 5301//3575 5299//3575
f 5302//3576 5299//3576 5303//3576
f 5303//3577 5299//3577 5298//3577
f 5300//3578 5304//3578 5301//3578
f 5301//3579 5304//3579 5050//3579
f 5301//3580 5050//3580 5305//3580
f 5050//3581 5306//3581 5305//3581
f 5305//3582 5306//3582 5307//3582
f 5305//3583 5307//3583 5267//3583
f 5267//3482 5307//3482 5308//3482
f 5267//3557 5308//3557 5265//3557
f 5309//3584 5310//3584 5311//3584
f 5309//3585 5312//3585 5310//3585
f 5310//3586 5312//3586 5313//3586
f 5310//3587 5313//3587 5314//3587
f 5315//3488 5316//3488 5317//3488
f 5317//3588 5316//3588 5314//3588
f 5317//3589 5314//3589 5318//3589
f 5318//3590 5314//3590 5313//3590
f 5315//3591 5319//3591 5316//3591
f 5316//3592 5319//3592 5320//3592
f 5316//3593 5320//3593 5321//3593
f 5320//3594 5322//3594 5321//3594
f 5321//3595 5322//3595 5323//3595
f 5321//3596 5323//3596 5324//3596
f 5325//3597 5326//3597 5327//3597
f 5327//3598 5326//3598 5324//3598
f 5327//3599 5324//3599 5328//3599
f 5328//3600 5324//3600 5323//3600
f 5325//3601 5329//3601 5326//3601
f 5326//3602 5329//3602 5330//3602
f 5326//3602 5330//3602 5331//3602
f 5330//3603 5332//3603 5331//3603
f 5331//3604 5332//3604 5333//3604
f 5331//3605 5333//3605 5334//3605
f 5335//3606 5336//3606 5337//3606
f 5337//3607 5336//3607 5334//3607
f 5337//3608 5334//3608 5338//3608
f 5338//3609 5334//3609 5333//3609
f 5335//3610 5339//3610 5336//3610
f 5336//3611 5339//3611 5340//3611
f 5336//3612 5340//3612 5341//3612
f 5340//3613 5342//3613 5341//3613
f 5341//3516 5342//3516 5343//3516
f 5341//3614 5343//3614 5344//3614
f 5343//3615 5345//3615 5344//3615
f 5344//3616 5345//3616 5346//3616
f 5344//3617 5346//3617 5347//3617
f 5346//3618 5348//3618 5347//3618
f 5347//3619 5348//3619 5349//3619
f 5347//3620 5349//3620 5311//3620
f 5311//3621 5349//3621 5350//3621
f 5311//3622 5350//3622 5309//3622
f 5324//3132 5326//3132 5075//3132
f 5075//3132 5326//3132 5331//3132
f 5075//3132 5331//3132 5076//3132
f 5076//3132 5331//3132 5334//3132
f 5076//3132 5334//3132 5077//3132
f 5077//3132 5334//3132 5336//3132
f 5077//3132 5336//3132 5078//3132
f 5078//3132 5336//3132 5341//3132
f 5078//3132 5341//3132 5079//3132
f 5079//3132 5341//3132 5344//3132
f 5079//3132 5344//3132 5080//3132
f 5080//3132 5344//3132 5347//3132
f 5080//3132 5347//3132 5081//3132
f 5081//3132 5347//3132 5311//3132
f 5081//3132 5311//3132 5082//3132
f 5082//3132 5311//3132 5310//3132
f 5082//3132 5310//3132 5083//3132
f 5083//3132 5310//3132 5314//3132
f 5083//3132 5314//3132 5084//3132
f 5084//3132 5314//3132 5316//3132
f 5084//3132 5316//3132 5085//3132
f 5085//3132 5316//3132 5321//3132
f 5085//3132 5321//3132 5086//3132
f 5086//3132 5321//3132 5324//3132
f 5086//3132 5324//3132 5075//3132
f 5351//3623 5352//3623 5353//3623
f 5351//3624 5354//3624 5352//3624
f 5352//3625 5354//3625 5355//3625
f 5352//3626 5355//3626 5356//3626
f 5355//3491 5357//3491 5356//3491
f 5356//3490 5357//3490 5358//3490
f 5356//3489 5358//3489 5359//3489
f 5360//3627 5361//3627 5362//3627
f 5362//3628 5361//3628 5359//3628
f 5362//3492 5359//3492 5363//3492
f 5363//3488 5359//3488 5358//3488
f 5360//3495 5364//3495 5361//3495
f 5361//3496 5364//3496 5365//3496
f 5361//3497 5365//3497 5366//3497
f 5367//3629 5368//3629 5369//3629
f 5369//3630 5368//3630 5366//3630
f 5369//3500 5366//3500 5370//3500
f 5370//3501 5366//3501 5365//3501
f 5367//3631 5371//3631 5368//3631
f 5368//3632 5371//3632 5372//3632
f 5368//3632 5372//3632 5373//3632
f 5373//3633 5372//3633 5374//3633
f 5373//3634 5374//3634 5375//3634
f 5375//3635 5374//3635 5013//3635
f 5375//3636 5013//3636 5016//3636
f 5376//3507 5377//3507 5378//3507
f 5378//3508 5377//3508 5375//3508
f 5378//3509 5375//3509 5379//3509
f 5379//3510 5375//3510 5016//3510
f 5376//3511 5380//3511 5377//3511
f 5377//3512 5380//3512 5381//3512
f 5377//3513 5381//3513 5382//3513
f 5381//3517 5383//3517 5382//3517
f 5382//3516 5383//3516 5384//3516
f 5382//3515 5384//3515 5385//3515
f 5384//3514 5386//3514 5385//3514
f 5385//3518 5386//3518 5387//3518
f 5385//3637 5387//3637 5388//3637
f 5387//3638 5389//3638 5388//3638
f 5388//3639 5389//3639 5390//3639
f 5388//3640 5390//3640 5353//3640
f 5353//3641 5390//3641 5391//3641
f 5353//3642 5391//3642 5351//3642
f 5366//3132 5368//3132 5087//3132
f 5087//3132 5368//3132 5373//3132
f 5087//3132 5373//3132 5088//3132
f 5088//3132 5373//3132 5375//3132
f 5088//3132 5375//3132 5089//3132
f 5089//3132 5375//3132 5377//3132
f 5089//3132 5377//3132 5090//3132
f 5090//3132 5377//3132 5382//3132
f 5090//3132 5382//3132 5091//3132
f 5091//3132 5382//3132 5385//3132
f 5091//3132 5385//3132 5092//3132
f 5092//3132 5385//3132 5388//3132
f 5092//3132 5388//3132 5093//3132
f 5093//3132 5388//3132 5353//3132
f 5093//3132 5353//3132 5094//3132
f 5094//3132 5353//3132 5352//3132
f 5094//3132 5352//3132 5095//3132
f 5095//3132 5352//3132 5356//3132
f 5095//3132 5356//3132 5096//3132
f 5096//3132 5356//3132 5359//3132
f 5096//3132 5359//3132 5097//3132
f 5097//3132 5359//3132 5361//3132
f 5097//3132 5361//3132 5098//3132
f 5098//3132 5361//3132 5366//3132
f 5098//3132 5366//3132 5087//3132
f 5017//3643 5007//3643 5006//3643
f 4569//3644 4586//3644 5009//3644
f 5015//3645 5379//3645 5016//3645
f 5013//3646 5374//3646 5014//3646
f 5014//3647 5374//3647 5372//3647
f 5014//3648 5372//3648 5012//3648
f 5012//3649 5372//3649 5371//3649
f 5012//3650 5371//3650 5011//3650
f 5011//3651 5371//3651 5367//3651
f 5011//3652 5367//3652 5010//3652
f 5010//3653 5367//3653 5369//3653
f 4602//3654 5357//3654 4604//3654
f 4604//3655 5357//3655 5355//3655
f 4604//3656 5355//3656 4605//3656
f 4605//3657 5355//3657 5354//3657
f 4605//3658 5354//3658 4991//3658
f 5364//3659 5360//3659 4599//3659
f 4599//3660 5360//3660 5362//3660
f 4599//3661 5362//3661 4619//3661
f 4619//3662 5362//3662 5363//3662
f 4619//3663 5363//3663 4602//3663
f 4602//3664 5363//3664 5358//3664
f 4602//3665 5358//3665 5357//3665
f 5364//3666 4599//3666 5365//3666
f 5365//3667 4599//3667 4570//3667
f 5365//3668 4570//3668 5370//3668
f 5370//3669 4570//3669 4569//3669
f 5370//3670 4569//3670 5369//3670
f 5369//3671 4569//3671 5009//3671
f 5369//3672 5009//3672 5010//3672
f 5006//3673 4999//3673 5384//3673
f 5384//3674 5383//3674 5006//3674
f 5006//3675 5383//3675 5381//3675
f 5006//3676 5381//3676 5017//3676
f 5017//3677 5381//3677 5380//3677
f 5017//3678 5380//3678 5018//3678
f 5018//3679 5380//3679 5376//3679
f 5018//3680 5376//3680 5015//3680
f 5015//3681 5376//3681 5378//3681
f 5015//3682 5378//3682 5379//3682
f 5354//3683 5351//3683 4991//3683
f 4991//3684 5351//3684 5391//3684
f 4991//3685 5391//3685 4990//3685
f 4990//3686 5391//3686 5390//3686
f 4990//3687 5390//3687 4996//3687
f 4996//3688 5390//3688 5389//3688
f 4996//3689 5389//3689 4998//3689
f 4998//3690 5389//3690 5387//3690
f 4998//3691 5387//3691 4999//3691
f 4999//3692 5387//3692 5386//3692
f 4999//3693 5386//3693 5384//3693
f 5281//3694 5279//3694 4688//3694
f 5268//3695 5265//3695 4681//3695
f 5050//3696 5304//3696 5051//3696
f 4625//3697 4681//3697 5054//3697
f 5054//3698 4681//3698 5265//3698
f 5054//3699 5265//3699 5055//3699
f 5055//3700 5265//3700 5308//3700
f 5055//3701 5308//3701 5056//3701
f 5056//3702 5308//3702 5057//3702
f 5057//3703 5308//3703 5307//3703
f 5057//3704 5307//3704 5049//3704
f 5049//3705 5307//3705 5306//3705
f 5049//3706 5306//3706 5050//3706
f 5053//3707 5052//3707 5302//3707
f 5051//3708 5304//3708 5052//3708
f 5052//3709 5304//3709 5300//3709
f 5052//3710 5300//3710 5302//3710
f 4618//3711 4617//3711 5048//3711
f 5053//3712 5302//3712 5048//3712
f 5048//3713 5302//3713 5303//3713
f 5048//3714 5303//3714 4618//3714
f 5268//3715 4681//3715 5269//3715
f 5269//3716 4681//3716 4680//3716
f 5269//3717 4680//3717 5274//3717
f 5274//3718 4680//3718 4678//3718
f 5274//3719 4678//3719 5273//3719
f 5273//3720 4678//3720 5271//3720
f 5271//3721 4678//3721 4676//3721
f 5271//3722 4676//3722 5275//3722
f 5275//3723 4676//3723 4675//3723
f 5275//3723 4675//3723 5276//3723
f 4688//3724 5279//3724 4675//3724
f 4675//3725 5279//3725 5278//3725
f 4675//3726 5278//3726 5276//3726
f 5281//3727 4688//3727 5282//3727
f 5282//3728 4688//3728 4687//3728
f 5282//3729 4687//3729 5284//3729
f 5284//3730 4687//3730 4524//3730
f 5284//3731 4524//3731 5285//3731
f 5285//3732 4524//3732 4525//3732
f 5285//3733 4525//3733 5287//3733
f 5287//3734 4525//3734 4652//3734
f 5287//3735 4652//3735 5288//3735
f 4621//3736 5296//3736 4600//3736
f 4600//3737 5296//3737 5291//3737
f 4600//3738 5291//3738 4652//3738
f 4652//3739 5291//3739 5290//3739
f 4652//3740 5290//3740 5288//3740
f 5303//3741 5298//3741 4618//3741
f 4618//3742 5298//3742 5297//3742
f 4618//3743 5297//3743 4620//3743
f 4620//3744 5297//3744 5293//3744
f 4620//3745 5293//3745 4621//3745
f 4621//3746 5293//3746 5295//3746
f 4621//3747 5295//3747 5296//3747
f 5312//3748 4632//3748 5313//3748
f 5313//3749 4632//3749 4630//3749
f 5313//3750 4630//3750 5318//3750
f 5318//3751 4630//3751 4635//3751
f 5322//3752 5320//3752 4627//3752
f 4627//3753 5320//3753 5319//3753
f 4627//3754 5319//3754 4628//3754
f 4628//3755 5319//3755 5315//3755
f 4628//3756 5315//3756 4635//3756
f 4635//3757 5315//3757 5317//3757
f 4635//3758 5317//3758 5318//3758
f 5322//3759 4627//3759 5323//3759
f 5323//3667 4627//3667 4664//3667
f 5323//3760 4664//3760 5328//3760
f 5328//3761 4664//3761 4663//3761
f 5328//3762 4663//3762 5327//3762
f 5327//3763 4663//3763 5325//3763
f 5325//3764 4663//3764 4661//3764
f 5325//3765 4661//3765 5329//3765
f 5329//3766 4661//3766 4677//3766
f 5329//3766 4677//3766 5330//3766
f 4679//3767 5333//3767 4677//3767
f 4677//3768 5333//3768 5332//3768
f 4677//3769 5332//3769 5330//3769
f 4566//3770 4657//3770 5343//3770
f 5343//3771 5342//3771 4566//3771
f 4566//3772 5342//3772 5340//3772
f 4566//3773 5340//3773 4567//3773
f 4567//3774 5340//3774 5339//3774
f 4567//3775 5339//3775 4616//3775
f 4616//3776 5339//3776 5335//3776
f 4616//3777 5335//3777 4624//3777
f 4624//3778 5335//3778 5337//3778
f 4624//3779 5337//3779 4679//3779
f 4679//3780 5337//3780 5338//3780
f 4679//3781 5338//3781 5333//3781
f 5312//3782 5309//3782 4632//3782
f 4632//3783 5309//3783 5350//3783
f 4632//3784 5350//3784 4647//3784
f 4647//3785 5350//3785 5349//3785
f 4647//3786 5349//3786 4653//3786
f 4653//3787 5349//3787 5348//3787
f 4653//3788 5348//3788 4658//3788
f 4658//3789 5348//3789 5346//3789
f 4658//3790 5346//3790 4657//3790
f 4657//3791 5346//3791 5345//3791
f 4657//3792 5345//3792 5343//3792
f 5237//3793 5235//3793 4654//3793
f 5062//3794 5247//3794 5063//3794
f 5065//3795 4671//3795 4672//3795
f 5247//3796 5062//3796 5252//3796
f 5252//3797 5062//3797 5067//3797
f 5252//3798 5067//3798 5251//3798
f 5245//3799 5064//3799 5243//3799
f 5243//3800 5064//3800 5063//3800
f 5246//3801 5059//3801 5245//3801
f 5245//3802 5059//3802 5058//3802
f 5245//3803 5058//3803 5064//3803
f 5241//3804 5061//3804 5246//3804
f 5246//3805 5061//3805 5060//3805
f 5246//3806 5060//3806 5059//3806
f 5224//3715 4639//3715 5225//3715
f 5225//3716 4639//3716 4598//3716
f 5225//3807 4598//3807 5230//3807
f 5230//3808 4598//3808 4596//3808
f 5230//3809 4596//3809 5229//3809
f 5229//3810 4596//3810 5227//3810
f 5227//3811 4596//3811 4656//3811
f 5227//3812 4656//3812 5231//3812
f 5231//3813 4656//3813 4655//3813
f 5231//3723 4655//3723 5232//3723
f 4654//3814 5235//3814 4655//3814
f 4655//3815 5235//3815 5234//3815
f 4655//3816 5234//3816 5232//3816
f 5237//3817 4654//3817 5238//3817
f 5238//3728 4654//3728 4659//3728
f 5238//3729 4659//3729 5240//3729
f 5240//3730 4659//3730 4585//3730
f 5240//3818 4585//3818 5241//3818
f 5241//3819 4585//3819 4584//3819
f 5241//3820 4584//3820 5061//3820
f 5067//3821 5066//3821 5251//3821
f 5251//3822 5066//3822 5065//3822
f 5251//3823 5065//3823 5249//3823
f 5249//3824 5065//3824 4672//3824
f 5249//3825 4672//3825 5253//3825
f 5253//3826 4672//3826 4673//3826
f 5253//3742 4673//3742 5254//3742
f 4686//3827 5257//3827 4673//3827
f 4673//3828 5257//3828 5256//3828
f 4673//3829 5256//3829 5254//3829
f 5224//3830 5221//3830 4639//3830
f 4639//3831 5221//3831 5264//3831
f 4639//3832 5264//3832 4640//3832
f 4640//3833 5264//3833 5263//3833
f 4640//3834 5263//3834 4684//3834
f 4684//3835 5263//3835 5262//3835
f 4684//3836 5262//3836 4685//3836
f 4685//3837 5262//3837 5260//3837
f 4685//3838 5260//3838 4686//3838
f 4686//3839 5260//3839 5259//3839
f 4686//3840 5259//3840 5257//3840
f 5027//3841 5216//3841 5028//3841
f 5218//3842 5027//3842 5035//3842
f 5008//3843 4643//3843 4644//3843
f 5179//3844 5220//3844 5034//3844
f 5034//3845 5220//3845 5035//3845
f 5035//3846 5220//3846 5219//3846
f 5035//3847 5219//3847 5218//3847
f 5028//3848 5216//3848 5029//3848
f 5029//3849 5216//3849 5212//3849
f 5029//3850 5212//3850 5030//3850
f 5030//3851 5212//3851 5214//3851
f 5030//3852 5214//3852 5031//3852
f 5031//3853 5214//3853 5215//3853
f 5031//3854 5215//3854 5026//3854
f 4692//3855 4691//3855 5026//3855
f 5034//3856 5033//3856 5179//3856
f 5179//3857 5033//3857 5032//3857
f 5179//3858 5032//3858 5182//3858
f 5182//3859 5032//3859 5008//3859
f 5182//3860 5008//3860 5183//3860
f 5183//3861 5008//3861 4644//3861
f 5183//3655 4644//3655 5188//3655
f 5188//3862 4644//3862 4645//3862
f 5192//3659 5190//3659 4670//3659
f 4670//3660 5190//3660 5189//3660
f 4670//3661 5189//3661 4674//3661
f 4674//3662 5189//3662 5185//3662
f 4674//3863 5185//3863 4645//3863
f 4645//3864 5185//3864 5187//3864
f 4645//3865 5187//3865 5188//3865
f 5192//3666 4670//3666 5193//3666
f 5193//3667 4670//3667 4668//3667
f 5193//3668 4668//3668 5198//3668
f 5198//3866 4668//3866 4666//3866
f 5198//3867 4666//3867 5197//3867
f 5197//3868 4666//3868 4665//3868
f 5197//3869 4665//3869 5195//3869
f 5195//3870 4665//3870 4704//3870
f 5195//3871 4704//3871 5199//3871
f 5199//3766 4704//3766 4705//3766
f 5199//3766 4705//3766 5200//3766
f 4706//3767 5203//3767 4705//3767
f 4705//3872 5203//3872 5202//3872
f 4705//3873 5202//3873 5200//3873
f 5215//3874 5210//3874 5026//3874
f 5026//3875 5210//3875 5209//3875
f 5026//3876 5209//3876 4692//3876
f 4692//3877 5209//3877 5205//3877
f 4692//3878 5205//3878 4696//3878
f 4696//3879 5205//3879 5207//3879
f 4696//3779 5207//3779 4706//3779
f 4706//3880 5207//3880 5208//3880
f 4706//3881 5208//3881 5203//3881
f 5072//3882 5145//3882 5073//3882
f 5071//3883 5146//3883 5072//3883
f 5171//3884 5170//3884 5020//3884
f 5020//3885 5170//3885 5168//3885
f 5020//3886 5168//3886 5021//3886
f 5021//3887 5168//3887 5022//3887
f 5168//3888 5167//3888 5022//3888
f 5022//3889 5167//3889 5163//3889
f 5022//3890 5163//3890 5023//3890
f 5023//3891 5163//3891 5165//3891
f 5023//3892 5165//3892 5019//3892
f 5073//3893 5145//3893 5074//3893
f 5074//3894 5145//3894 5144//3894
f 5074//3895 5144//3895 5142//3895
f 5138//3896 4707//3896 5139//3896
f 5139//3897 4707//3897 4695//3897
f 5139//3898 4695//3898 5141//3898
f 5141//3899 4695//3899 4694//3899
f 5141//3900 4694//3900 5142//3900
f 5142//3901 4694//3901 5068//3901
f 5142//3902 5068//3902 5074//3902
f 5146//3903 5071//3903 5148//3903
f 5148//3904 5071//3904 5070//3904
f 5148//3905 5070//3905 5149//3905
f 5149//3906 5070//3906 5069//3906
f 5149//3907 5069//3907 5151//3907
f 5151//3908 5069//3908 4993//3908
f 5151//3909 4993//3909 5152//3909
f 5152//3910 4993//3910 4994//3910
f 5152//3911 4994//3911 5154//3911
f 5154//3730 4994//3730 4995//3730
f 5154//3912 4995//3912 5155//3912
f 5155//3913 4995//3913 4997//3913
f 5155//3914 4997//3914 5157//3914
f 5157//3915 4997//3915 5000//3915
f 5157//3916 5000//3916 5158//3916
f 5019//3917 5165//3917 5004//3917
f 5004//3918 5165//3918 5166//3918
f 5004//3919 5166//3919 5002//3919
f 5002//3920 5166//3920 5161//3920
f 5002//3921 5161//3921 5000//3921
f 5000//3922 5161//3922 5160//3922
f 5000//3923 5160//3923 5158//3923
f 5138//3924 5135//3924 4707//3924
f 4707//3925 5135//3925 5178//3925
f 4707//3926 5178//3926 4708//3926
f 4708//3927 5178//3927 5177//3927
f 4708//3928 5177//3928 4700//3928
f 4700//3929 5177//3929 5176//3929
f 4700//3930 5176//3930 4701//3930
f 4701//3931 5176//3931 5174//3931
f 4701//3932 5174//3932 4702//3932
f 4702//3933 5174//3933 5173//3933
f 4702//3934 5173//3934 5024//3934
f 5024//3935 5173//3935 5171//3935
f 5024//3936 5171//3936 5025//3936
f 5025//3937 5171//3937 5020//3937
f 5392//3132 5169//3132 5393//3132
f 5393//3132 5169//3132 5172//3132
f 5393//3132 5172//3132 5394//3132
f 5394//3132 5172//3132 5175//3132
f 5394//3132 5175//3132 5395//3132
f 5395//3132 5175//3132 5137//3132
f 5395//3132 5137//3132 5396//3132
f 5396//3132 5137//3132 5136//3132
f 5396//3132 5136//3132 5397//3132
f 5397//3132 5136//3132 5140//3132
f 5397//3132 5140//3132 5398//3132
f 5140//3132 5143//3132 5398//3132
f 5398//3132 5143//3132 5147//3132
f 5398//3132 5147//3132 5399//3132
f 5399//3132 5147//3132 5150//3132
f 5399//3132 5150//3132 5400//3132
f 5400//3132 5150//3132 5153//3132
f 5400//3132 5153//3132 5401//3132
f 5401//3132 5153//3132 5156//3132
f 5401//3132 5156//3132 5402//3132
f 5402//3132 5156//3132 5159//3132
f 5402//3132 5159//3132 5403//3132
f 5403//3132 5159//3132 5162//3132
f 5403//3132 5162//3132 5392//3132
f 5392//3132 5162//3132 5164//3132
f 5392//3132 5164//3132 5169//3132
f 5404//3132 5233//3132 5405//3132
f 5405//3132 5233//3132 5236//3132
f 5405//3132 5236//3132 5406//3132
f 5406//3132 5236//3132 5239//3132
f 5406//3132 5239//3132 5407//3132
f 5407//3132 5239//3132 5242//3132
f 5407//3132 5242//3132 5408//3132
f 5408//3132 5242//3132 5244//3132
f 5408//3132 5244//3132 5409//3132
f 5409//3132 5244//3132 5248//3132
f 5409//3132 5248//3132 5410//3132
f 5248//3132 5250//3132 5410//3132
f 5410//3132 5250//3132 5255//3132
f 5410//3132 5255//3132 5411//3132
f 5411//3132 5255//3132 5258//3132
f 5411//3132 5258//3132 5412//3132
f 5412//3132 5258//3132 5261//3132
f 5412//3132 5261//3132 5413//3132
f 5413//3132 5261//3132 5223//3132
f 5413//3132 5223//3132 5414//3132
f 5414//3132 5223//3132 5222//3132
f 5414//3132 5222//3132 5415//3132
f 5415//3132 5222//3132 5226//3132
f 5415//3132 5226//3132 5404//3132
f 5404//3132 5226//3132 5228//3132
f 5404//3132 5228//3132 5233//3132
f 5416//3132 5277//3132 5417//3132
f 5417//3132 5277//3132 5280//3132
f 5417//3132 5280//3132 5418//3132
f 5418//3132 5280//3132 5283//3132
f 5418//3132 5283//3132 5419//3132
f 5419//3132 5283//3132 5286//3132
f 5419//3132 5286//3132 5420//3132
f 5420//3132 5286//3132 5289//3132
f 5420//3132 5289//3132 5421//3132
f 5421//3132 5289//3132 5292//3132
f 5421//3132 5292//3132 5422//3132
f 5292//3132 5294//3132 5422//3132
f 5422//3132 5294//3132 5299//3132
f 5422//3132 5299//3132 5423//3132
f 5423//3132 5299//3132 5301//3132
f 5423//3132 5301//3132 5424//3132
f 5424//3132 5301//3132 5305//3132
f 5424//3132 5305//3132 5425//3132
f 5425//3132 5305//3132 5267//3132
f 5425//3132 5267//3132 5426//3132
f 5426//3132 5267//3132 5266//3132
f 5426//3132 5266//3132 5427//3132
f 5427//3132 5266//3132 5270//3132
f 5427//3132 5270//3132 5416//3132
f 5416//3132 5270//3132 5272//3132
f 5416//3132 5272//3132 5277//3132
f 5124//3938 5420//3938 5125//3938
f 5125//3939 5420//3939 5421//3939
f 5125//3940 5421//3940 5126//3940
f 5126//3941 5421//3941 5422//3941
f 5126//3942 5422//3942 5127//3942
f 5127//3943 5422//3943 5423//3943
f 5127//3944 5423//3944 5128//3944
f 5128//3945 5423//3945 5424//3945
f 5128//3946 5424//3946 5129//3946
f 5129//3947 5424//3947 5425//3947
f 5129//3948 5425//3948 5130//3948
f 5130//3949 5425//3949 5426//3949
f 5130//3950 5426//3950 5131//3950
f 5131//3951 5426//3951 5427//3951
f 5131//3952 5427//3952 5132//3952
f 5132//3953 5427//3953 5416//3953
f 5132//3954 5416//3954 5133//3954
f 5133//3955 5416//3955 5417//3955
f 5133//3956 5417//3956 5134//3956
f 5134//3957 5417//3957 5418//3957
f 5134//3958 5418//3958 5123//3958
f 5123//3959 5418//3959 5419//3959
f 5123//3960 5419//3960 5124//3960
f 5124//3961 5419//3961 5420//3961
f 5112//3962 5408//3962 5113//3962
f 5113//3963 5408//3963 5409//3963
f 5113//3964 5409//3964 5114//3964
f 5114//3941 5409//3941 5410//3941
f 5114//3965 5410//3965 5115//3965
f 5115//3966 5410//3966 5411//3966
f 5115//3967 5411//3967 5116//3967
f 5116//3968 5411//3968 5412//3968
f 5116//3969 5412//3969 5117//3969
f 5117//3970 5412//3970 5413//3970
f 5117//3971 5413//3971 5118//3971
f 5118//3972 5413//3972 5414//3972
f 5118//3973 5414//3973 5119//3973
f 5119//3974 5414//3974 5415//3974
f 5119//3975 5415//3975 5120//3975
f 5120//3953 5415//3953 5404//3953
f 5120//3976 5404//3976 5121//3976
f 5121//3977 5404//3977 5405//3977
f 5121//3978 5405//3978 5122//3978
f 5122//3979 5405//3979 5406//3979
f 5122//3980 5406//3980 5111//3980
f 5111//3981 5406//3981 5407//3981
f 5111//3982 5407//3982 5112//3982
f 5112//3983 5407//3983 5408//3983
f 5100//3984 5402//3984 5101//3984
f 5101//3985 5402//3985 5403//3985
f 5101//3986 5403//3986 5102//3986
f 5102//3987 5403//3987 5392//3987
f 5102//3988 5392//3988 5103//3988
f 5103//3989 5392//3989 5393//3989
f 5103//3990 5393//3990 5104//3990
f 5104//3991 5393//3991 5394//3991
f 5104//3992 5394//3992 5105//3992
f 5105//3993 5394//3993 5395//3993
f 5105//3994 5395//3994 5106//3994
f 5106//3995 5395//3995 5396//3995
f 5106//3996 5396//3996 5107//3996
f 5107//3997 5396//3997 5397//3997
f 5107//3998 5397//3998 5108//3998
f 5108//3953 5397//3953 5398//3953
f 5108//3999 5398//3999 5109//3999
f 5109//4000 5398//4000 5399//4000
f 5109//4001 5399//4001 5110//4001
f 5110//4002 5399//4002 5400//4002
f 5110//4003 5400//4003 5099//4003
f 5099//4004 5400//4004 5401//4004
f 5099//4005 5401//4005 5100//4005
f 5100//4006 5401//4006 5402//4006
f 5428//4007 5429//4007 5430//4007
f 5430//4007 5429//4007 5431//4007
f 5430//4008 5431//4008 5432//4008
f 5432//4008 5431//4008 5433//4008
f 5432//4009 5433//4009 5434//4009
f 5434//4009 5433//4009 5435//4009
f 5434//4010 5435//4010 5436//4010
f 5436//4010 5435//4010 5437//4010
f 5436//4011 5437//4011 5438//4011
f 5438//4011 5437//4011 5439//4011
f 5438//4012 5439//4012 5440//4012
f 5440//4012 5439//4012 5441//4012
f 5440//4013 5441//4013 5442//4013
f 5442//4013 5441//4013 5443//4013
f 5442//4014 5443//4014 5444//4014
f 5444//4014 5443//4014 5445//4014
f 5444//4015 5445//4015 5446//4015
f 5446//4015 5445//4015 5447//4015
f 5446//4016 5447//4016 5448//4016
f 5448//4016 5447//4016 5449//4016
f 5448//4017 5449//4017 5450//4017
f 5450//4017 5449//4017 5451//4017
f 5450//4018 5451//4018 5452//4018
f 5452//4018 5451//4018 5453//4018
f 5452//4019 5453//4019 5454//4019
f 5454//4019 5453//4019 5455//4019
f 5454//4020 5455//4020 5456//4020
f 5456//4020 5455//4020 5457//4020
f 5456//4021 5457//4021 5458//4021
f 5458//4021 5457//4021 5459//4021
f 5458//4022 5459//4022 5428//4022
f 5428//4022 5459//4022 5429//4022
f 5460//4023 5461//4023 5462//4023
f 5462//4023 5461//4023 5463//4023
f 5462//4023 5463//4023 5464//4023
f 5465//4023 5466//4023 5467//4023
f 5467//4023 5466//4023 5468//4023
f 5467//4023 5468//4023 5469//4023
f 5470//4023 5471//4023 5472//4023
f 5472//4023 5471//4023 5473//4023
f 5472//4023 5473//4023 5474//4023
f 5474//4023 5473//4023 5475//4023
f 5476//4023 5477//4023 5478//4023
f 5479//4023 5480//4023 5481//4023
f 5481//4023 5480//4023 5482//4023
f 5481//4023 5482//4023 5483//4023
f 5483//4023 5482//4023 5484//4023
f 5485//4023 5486//4023 5487//4023
f 5488//4023 5489//4023 5490//4023
f 5491//4023 5492//4023 5493//4023
f 5468//4023 5494//4023 5469//4023
f 5469//4023 5494//4023 5495//4023
f 5469//4023 5495//4023 5496//4023
f 5470//4023 5476//4023 5471//4023
f 5471//4023 5476//4023 5478//4023
f 5471//4023 5478//4023 5497//4023
f 5497//4023 5478//4023 5498//4023
f 5497//4023 5498//4023 5499//4023
f 5499//4023 5498//4023 5500//4023
f 5500//4023 5501//4023 5499//4023
f 5499//4023 5501//4023 5502//4023
f 5499//4023 5502//4023 5460//4023
f 5460//4023 5502//4023 5503//4023
f 5460//4023 5503//4023 5461//4023
f 5463//4023 5504//4023 5464//4023
f 5464//4023 5504//4023 5505//4023
f 5464//4023 5505//4023 5506//4023
f 5495//4023 5485//4023 5496//4023
f 5496//4023 5485//4023 5487//4023
f 5496//4023 5487//4023 5507//4023
f 5507//4023 5487//4023 5508//4023
f 5507//4023 5508//4023 5509//4023
f 5509//4023 5508//4023 5510//4023
f 5509//4023 5510//4023 5511//4023
f 5511//4023 5512//4023 5509//4023
f 5509//4023 5512//4023 5513//4023
f 5509//4023 5513//4023 5475//4023
f 5475//4023 5513//4023 5514//4023
f 5475//4023 5514//4023 5474//4023
f 5505//4023 5488//4023 5506//4023
f 5506//4023 5488//4023 5490//4023
f 5506//4023 5490//4023 5515//4023
f 5515//4023 5490//4023 5516//4023
f 5515//4023 5516//4023 5517//4023
f 5517//4023 5516//4023 5518//4023
f 5517//4023 5518//4023 5519//4023
f 5519//4023 5520//4023 5517//4023
f 5517//4023 5520//4023 5521//4023
f 5517//4023 5521//4023 5484//4023
f 5484//4023 5521//4023 5522//4023
f 5484//4023 5522//4023 5483//4023
f 5479//4023 5491//4023 5480//4023
f 5480//4023 5491//4023 5493//4023
f 5480//4023 5493//4023 5523//4023
f 5523//4023 5493//4023 5524//4023
f 5523//4023 5524//4023 5525//4023
f 5525//4023 5524//4023 5526//4023
f 5526//4023 5527//4023 5525//4023
f 5525//4023 5527//4023 5528//4023
f 5525//4023 5528//4023 5465//4023
f 5465//4023 5528//4023 5529//4023
f 5465//4023 5529//4023 5466//4023
f 5530//4024 5531//4024 5532//4024
f 5530//4025 5533//4025 5531//4025
f 5531//4026 5533//4026 5534//4026
f 5531//4027 5534//4027 5535//4027
f 5534//4028 5536//4028 5535//4028
f 5535//4029 5536//4029 5537//4029
f 5535//4030 5537//4030 5538//4030
f 5538//4031 5537//4031 5539//4031
f 5538//4032 5539//4032 5540//4032
f 5539//4033 5541//4033 5540//4033
f 5540//4034 5541//4034 5542//4034
f 5540//4035 5542//4035 5543//4035
f 5542//4036 5544//4036 5543//4036
f 5543//4037 5544//4037 5545//4037
f 5543//4038 5545//4038 5546//4038
f 5545//4039 5547//4039 5546//4039
f 5546//4040 5547//4040 5548//4040
f 5546//4041 5548//4041 5549//4041
f 5548//4042 5550//4042 5549//4042
f 5549//4043 5550//4043 5551//4043
f 5549//4044 5551//4044 5552//4044
f 5551//4045 5553//4045 5552//4045
f 5552//4046 5553//4046 5554//4046
f 5552//4047 5554//4047 5555//4047
f 5554//4048 5556//4048 5555//4048
f 5555//4049 5556//4049 5557//4049
f 5555//4050 5557//4050 5558//4050
f 5557//4051 5559//4051 5558//4051
f 5558//4052 5559//4052 5560//4052
f 5558//4053 5560//4053 5561//4053
f 5560//4054 5562//4054 5561//4054
f 5561//4055 5562//4055 5563//4055
f 5561//4056 5563//4056 5564//4056
f 5564//4056 5563//4056 5565//4056
f 5564//4057 5565//4057 5566//4057
f 5565//4057 5567//4057 5566//4057
f 5566//4058 5567//4058 5568//4058
f 5566//4059 5568//4059 5569//4059
f 5568//4060 5570//4060 5569//4060
f 5569//4061 5570//4061 5571//4061
f 5569//4062 5571//4062 5572//4062
f 5571//4063 5573//4063 5572//4063
f 5572//4064 5573//4064 5574//4064
f 5572//4065 5574//4065 5575//4065
f 5574//4066 5576//4066 5575//4066
f 5575//4067 5576//4067 5577//4067
f 5575//4068 5577//4068 5578//4068
f 5577//4069 5579//4069 5578//4069
f 5578//4070 5579//4070 5580//4070
f 5578//4071 5580//4071 5581//4071
f 5580//4072 5582//4072 5581//4072
f 5581//4073 5582//4073 5583//4073
f 5581//4074 5583//4074 5584//4074
f 5583//4075 5585//4075 5584//4075
f 5584//4076 5585//4076 5586//4076
f 5584//4077 5586//4077 5587//4077
f 5586//4078 5588//4078 5587//4078
f 5587//4079 5588//4079 5589//4079
f 5587//4080 5589//4080 5590//4080
f 5589//4081 5591//4081 5590//4081
f 5590//4082 5591//4082 5592//4082
f 5590//4083 5592//4083 5593//4083
f 5592//4084 5594//4084 5593//4084
f 5593//4085 5594//4085 5595//4085
f 5593//4086 5595//4086 5596//4086
f 5595//4087 5597//4087 5596//4087
f 5596//4088 5597//4088 5598//4088
f 5596//4089 5598//4089 5532//4089
f 5532//4090 5598//4090 5599//4090
f 5532//4091 5599//4091 5530//4091
f 5600//4092 5601//4092 5602//4092
f 5600//4093 5603//4093 5601//4093
f 5601//4094 5603//4094 5604//4094
f 5601//4095 5604//4095 5605//4095
f 5604//4096 5606//4096 5605//4096
f 5605//4097 5606//4097 5607//4097
f 5605//4098 5607//4098 5608//4098
f 5607//4099 5609//4099 5608//4099
f 5608//4100 5609//4100 5610//4100
f 5608//4101 5610//4101 5611//4101
f 5610//4102 5612//4102 5611//4102
f 5611//4103 5612//4103 5613//4103
f 5611//4104 5613//4104 5614//4104
f 5613//4105 5615//4105 5614//4105
f 5614//4106 5615//4106 5616//4106
f 5614//4107 5616//4107 5617//4107
f 5616//4108 5618//4108 5617//4108
f 5617//4109 5618//4109 5619//4109
f 5617//4110 5619//4110 5620//4110
f 5619//4111 5621//4111 5620//4111
f 5620//4112 5621//4112 5622//4112
f 5620//4113 5622//4113 5623//4113
f 5622//4114 5624//4114 5623//4114
f 5623//4115 5624//4115 5625//4115
f 5623//4116 5625//4116 5626//4116
f 5625//4117 5627//4117 5626//4117
f 5626//4118 5627//4118 5628//4118
f 5626//4119 5628//4119 5629//4119
f 5628//4120 5630//4120 5629//4120
f 5629//4121 5630//4121 5631//4121
f 5629//4122 5631//4122 5632//4122
f 5631//4123 5633//4123 5632//4123
f 5632//4124 5633//4124 5634//4124
f 5632//4125 5634//4125 5635//4125
f 5634//4126 5636//4126 5635//4126
f 5635//4127 5636//4127 5637//4127
f 5635//4128 5637//4128 5638//4128
f 5637//4129 5639//4129 5638//4129
f 5638//4130 5639//4130 5640//4130
f 5638//4131 5640//4131 5641//4131
f 5640//4132 5642//4132 5641//4132
f 5641//4133 5642//4133 5643//4133
f 5641//4134 5643//4134 5644//4134
f 5643//4135 5645//4135 5644//4135
f 5644//4136 5645//4136 5646//4136
f 5644//4137 5646//4137 5647//4137
f 5646//4138 5648//4138 5647//4138
f 5647//4139 5648//4139 5649//4139
f 5647//4140 5649//4140 5602//4140
f 5602//4141 5649//4141 5650//4141
f 5602//4142 5650//4142 5600//4142
f 5651//4143 5652//4143 5653//4143
f 5653//4143 5652//4143 5654//4143
f 5653//4143 5654//4143 5655//4143
f 5656//4144 5657//4144 5658//4144
f 5658//4144 5657//4144 5659//4144
f 5658//4145 5659//4145 5660//4145
f 5660//4145 5659//4145 5661//4145
f 5660//4146 5661//4146 5662//4146
f 5662//4146 5661//4146 5663//4146
f 5662//4147 5663//4147 5664//4147
f 5664//4147 5663//4147 5665//4147
f 5664//4148 5665//4148 5666//4148
f 5666//4148 5665//4148 5667//4148
f 5666//4149 5667//4149 5668//4149
f 5668//4149 5667//4149 5669//4149
f 5668//4150 5669//4150 5670//4150
f 5670//4150 5669//4150 5671//4150
f 5670//4151 5671//4151 5672//4151
f 5672//4151 5671//4151 5673//4151
f 5672//4152 5673//4152 5674//4152
f 5674//4152 5673//4152 5675//4152
f 5674//4153 5675//4153 5676//4153
f 5676//4153 5675//4153 5677//4153
f 5676//4154 5677//4154 5678//4154
f 5678//4154 5677//4154 5679//4154
f 5678//4155 5679//4155 5656//4155
f 5656//4155 5679//4155 5657//4155
f 5680//4156 5681//4156 5682//4156
f 5682//4156 5681//4156 5683//4156
f 5682//4157 5683//4157 5684//4157
f 5684//4157 5683//4157 5685//4157
f 5684//4158 5685//4158 5686//4158
f 5686//4158 5685//4158 5687//4158
f 5686//4159 5687//4159 5688//4159
f 5688//4159 5687//4159 5689//4159
f 5688//4160 5689//4160 5690//4160
f 5690//4160 5689//4160 5691//4160
f 5690//4161 5691//4161 5692//4161
f 5692//4161 5691//4161 5693//4161
f 5692//4162 5693//4162 5694//4162
f 5694//4162 5693//4162 5695//4162
f 5694//4163 5695//4163 5696//4163
f 5696//4163 5695//4163 5697//4163
f 5696//4164 5697//4164 5698//4164
f 5698//4164 5697//4164 5699//4164
f 5698//4165 5699//4165 5700//4165
f 5700//4165 5699//4165 5701//4165
f 5700//4166 5701//4166 5702//4166
f 5702//4166 5701//4166 5703//4166
f 5702//4167 5703//4167 5680//4167
f 5680//4167 5703//4167 5681//4167
f 5704//4168 5705//4168 5706//4168
f 5706//4168 5705//4168 5707//4168
f 5706//4157 5707//4157 5708//4157
f 5708//4157 5707//4157 5709//4157
f 5708//4169 5709//4169 5710//4169
f 5710//4169 5709//4169 5711//4169
f 5710//4170 5711//4170 5712//4170
f 5712//4170 5711//4170 5713//4170
f 5712//4160 5713//4160 5714//4160
f 5714//4160 5713//4160 5715//4160
f 5714//4171 5715//4171 5716//4171
f 5716//4171 5715//4171 5717//4171
f 5716//4172 5717//4172 5718//4172
f 5718//4172 5717//4172 5719//4172
f 5718//4163 5719//4163 5720//4163
f 5720//4163 5719//4163 5721//4163
f 5720//4173 5721//4173 5722//4173
f 5722//4173 5721//4173 5723//4173
f 5722//4174 5723//4174 5724//4174
f 5724//4174 5723//4174 5725//4174
f 5724//4166 5725//4166 5726//4166
f 5726//4166 5725//4166 5727//4166
f 5726//4175 5727//4175 5704//4175
f 5704//4175 5727//4175 5705//4175
f 5728//4176 5729//4176 5730//4176
f 5730//4176 5729//4176 5731//4176
f 5730//4177 5731//4177 5732//4177
f 5732//4177 5731//4177 5733//4177
f 5732//4146 5733//4146 5734//4146
f 5734//4146 5733//4146 5735//4146
f 5734//4147 5735//4147 5736//4147
f 5736//4147 5735//4147 5737//4147
f 5736//4178 5737//4178 5738//4178
f 5738//4178 5737//4178 5739//4178
f 5738//4179 5739//4179 5740//4179
f 5740//4179 5739//4179 5741//4179
f 5740//4180 5741//4180 5742//4180
f 5742//4180 5741//4180 5743//4180
f 5742//4181 5743//4181 5744//4181
f 5744//4181 5743//4181 5745//4181
f 5744//4182 5745//4182 5746//4182
f 5746//4182 5745//4182 5747//4182
f 5746//4183 5747//4183 5748//4183
f 5748//4183 5747//4183 5749//4183
f 5748//4184 5749//4184 5750//4184
f 5750//4184 5749//4184 5751//4184
f 5750//4185 5751//4185 5728//4185
f 5728//4185 5751//4185 5729//4185
f 5752//4186 5753//4186 5754//4186
f 5754//4187 5753//4187 5755//4187
f 5754//4188 5755//4188 5756//4188
f 5756//4189 5755//4189 5757//4189
f 5756//4190 5757//4190 5758//4190
f 5758//4191 5757//4191 5759//4191
f 5758//4192 5759//4192 5760//4192
f 5761//4191 5762//4191 5763//4191
f 5763//4193 5762//4193 5760//4193
f 5763//4194 5760//4194 5764//4194
f 5764//4192 5760//4192 5759//4192
f 5765//4023 5766//4023 5767//4023
f 5768//4023 5769//4023 5770//4023
f 5771//4023 5772//4023 5773//4023
f 5772//4023 5771//4023 5774//4023
f 5775//4023 5776//4023 5777//4023
f 5778//4023 5779//4023 5780//4023
f 5781//4023 5782//4023 5783//4023
f 5784//4023 5785//4023 5786//4023
f 5787//4023 5788//4023 5789//4023
f 5789//4023 5788//4023 5790//4023
f 5786//4023 5791//4023 5784//4023
f 5784//4023 5791//4023 5792//4023
f 5784//4023 5792//4023 5793//4023
f 5792//4023 5794//4023 5793//4023
f 5793//4023 5794//4023 5795//4023
f 5793//4023 5795//4023 5783//4023
f 5783//4023 5795//4023 5796//4023
f 5783//4023 5796//4023 5781//4023
f 5797//4023 5798//4023 5799//4023
f 5800//4023 5801//4023 5802//4023
f 5803//4023 5804//4023 5805//4023
f 5805//4023 5804//4023 5799//4023
f 5800//4023 5802//4023 5806//4023
f 5807//4023 5808//4023 5809//4023
f 5809//4023 5808//4023 5810//4023
f 5809//4023 5810//4023 5800//4023
f 5810//4023 5811//4023 5800//4023
f 5800//4023 5811//4023 5812//4023
f 5800//4023 5812//4023 5801//4023
f 5801//4023 5812//4023 5813//4023
f 5801//4023 5813//4023 5803//4023
f 5803//4023 5813//4023 5814//4023
f 5803//4023 5814//4023 5804//4023
f 5815//4023 5816//4023 5817//4023
f 5817//4023 5816//4023 5797//4023
f 5817//4023 5797//4023 5818//4023
f 5818//4023 5797//4023 5799//4023
f 5818//4023 5799//4023 5819//4023
f 5819//4023 5799//4023 5804//4023
f 5653//4023 5820//4023 5821//4023
f 5821//4023 5820//4023 5822//4023
f 5821//4023 5822//4023 5823//4023
f 5655//4023 5824//4023 5825//4023
f 5825//4023 5826//4023 5655//4023
f 5655//4023 5826//4023 5827//4023
f 5655//4023 5827//4023 5653//4023
f 5653//4023 5827//4023 5828//4023
f 5653//4023 5828//4023 5820//4023
f 5820//4023 5828//4023 5829//4023
f 5820//4023 5829//4023 5830//4023
f 5830//4023 5829//4023 5831//4023
f 5830//4023 5831//4023 5832//4023
f 5832//4023 5831//4023 5833//4023
f 5832//4023 5833//4023 5814//4023
f 5814//4023 5833//4023 5834//4023
f 5814//4023 5834//4023 5804//4023
f 5835//4023 5836//4023 5837//4023
f 5838//4023 5839//4023 5840//4023
f 5837//4023 5836//4023 5841//4023
f 5836//4023 5842//4023 5841//4023
f 5841//4023 5842//4023 5843//4023
f 5841//4023 5843//4023 5844//4023
f 5844//4023 5843//4023 5845//4023
f 5844//4023 5845//4023 5780//4023
f 5780//4023 5845//4023 5846//4023
f 5780//4023 5846//4023 5778//4023
f 5847//4023 5848//4023 5849//4023
f 5850//4023 5851//4023 5852//4023
f 5852//4023 5851//4023 5853//4023
f 5852//4023 5853//4023 5854//4023
f 5850//4023 5855//4023 5851//4023
f 5851//4023 5855//4023 5856//4023
f 5851//4023 5856//4023 5857//4023
f 5857//4023 5856//4023 5858//4023
f 5857//4023 5858//4023 5859//4023
f 5860//4023 5861//4023 5777//4023
f 5777//4023 5861//4023 5862//4023
f 5777//4023 5862//4023 5775//4023
f 5863//4023 5864//4023 5769//4023
f 5864//4023 5865//4023 5769//4023
f 5769//4023 5865//4023 5866//4023
f 5769//4023 5866//4023 5867//4023
f 5867//4023 5866//4023 5868//4023
f 5867//4023 5868//4023 5869//4023
f 5870//4023 5871//4023 5872//4023
f 5872//4023 5871//4023 5873//4023
f 5872//4023 5873//4023 5874//4023
f 5874//4023 5873//4023 5875//4023
f 5874//4023 5875//4023 5876//4023
f 5876//4023 5875//4023 5877//4023
f 5876//4023 5877//4023 5878//4023
f 5878//4023 5877//4023 5879//4023
f 5880//4023 5881//4023 5882//4023
f 5882//4023 5881//4023 5883//4023
f 5882//4023 5883//4023 5884//4023
f 5885//4023 5886//4023 5887//4023
f 5888//4023 5889//4023 5890//4023
f 5891//4023 5892//4023 5887//4023
f 5887//4023 5892//4023 5893//4023
f 5887//4023 5893//4023 5885//4023
f 5887//4023 5894//4023 5891//4023
f 5891//4023 5894//4023 5888//4023
f 5891//4023 5888//4023 5895//4023
f 5895//4023 5888//4023 5890//4023
f 5895//4023 5890//4023 5896//4023
f 5896//4023 5890//4023 5897//4023
f 5896//4023 5897//4023 5898//4023
f 5898//4023 5897//4023 5899//4023
f 5898//4023 5899//4023 5900//4023
f 5900//4023 5899//4023 5901//4023
f 5900//4023 5901//4023 5902//4023
f 5893//4023 5903//4023 5904//4023
f 5902//4023 5901//4023 5905//4023
f 5905//4023 5901//4023 5906//4023
f 5905//4023 5906//4023 5907//4023
f 5904//4023 5903//4023 5908//4023
f 5908//4023 5903//4023 5909//4023
f 5908//4023 5909//4023 5910//4023
f 5911//4023 5912//4023 5913//4023
f 5913//4023 5912//4023 5890//4023
f 5913//4023 5890//4023 5914//4023
f 5914//4023 5890//4023 5889//4023
f 5915//4023 5916//4023 5917//4023
f 5886//4023 5885//4023 5918//4023
f 5918//4023 5885//4023 5919//4023
f 5918//4023 5919//4023 5920//4023
f 5920//4023 5919//4023 5921//4023
f 5920//4023 5921//4023 5922//4023
f 5922//4023 5921//4023 5923//4023
f 5923//4023 5921//4023 5924//4023
f 5923//4023 5924//4023 5925//4023
f 5926//4023 5927//4023 5928//4023
f 5916//4023 5915//4023 5929//4023
f 5929//4023 5915//4023 5930//4023
f 5929//4023 5930//4023 5931//4023
f 5931//4023 5930//4023 5932//4023
f 5931//4023 5932//4023 5927//4023
f 5933//4023 5934//4023 5935//4023
f 5935//4023 5934//4023 5936//4023
f 5935//4023 5936//4023 5937//4023
f 5933//4023 5935//4023 5938//4023
f 5938//4023 5935//4023 5939//4023
f 5938//4023 5939//4023 5940//4023
f 5940//4023 5939//4023 5941//4023
f 5940//4023 5941//4023 5942//4023
f 5942//4023 5941//4023 5943//4023
f 5942//4023 5943//4023 5944//4023
f 5945//4023 5946//4023 5947//4023
f 5947//4023 5946//4023 5809//4023
f 5800//4023 5948//4023 5949//4023
f 5949//4023 5950//4023 5800//4023
f 5800//4023 5950//4023 5951//4023
f 5800//4023 5951//4023 5809//4023
f 5809//4023 5951//4023 5952//4023
f 5809//4023 5952//4023 5947//4023
f 5953//4023 5954//4023 5955//4023
f 5955//4023 5954//4023 5956//4023
f 5955//4023 5956//4023 5957//4023
f 5958//4023 5959//4023 5809//4023
f 5809//4023 5959//4023 5821//4023
f 5809//4023 5821//4023 5807//4023
f 5807//4023 5821//4023 5823//4023
f 5960//4023 5961//4023 5946//4023
f 5946//4023 5961//4023 5962//4023
f 5946//4023 5962//4023 5809//4023
f 5809//4023 5962//4023 5963//4023
f 5809//4023 5963//4023 5958//4023
f 5945//4023 5944//4023 5946//4023
f 5946//4023 5944//4023 5943//4023
f 5946//4023 5943//4023 5960//4023
f 5960//4023 5943//4023 5964//4023
f 5960//4023 5964//4023 5965//4023
f 5966//4023 5967//4023 5968//4023
f 5965//4023 5964//4023 5969//4023
f 5969//4023 5964//4023 5970//4023
f 5969//4023 5970//4023 5971//4023
f 5971//4023 5970//4023 5972//4023
f 5971//4023 5972//4023 5973//4023
f 5966//4023 5968//4023 5974//4023
f 5974//4023 5968//4023 5851//4023
f 5974//4023 5851//4023 5975//4023
f 5975//4023 5851//4023 5857//4023
f 5975//4023 5857//4023 5976//4023
f 5977//4023 5978//4023 5979//4023
f 5979//4023 5978//4023 5980//4023
f 5981//4023 5785//4023 5982//4023
f 5982//4023 5785//4023 5784//4023
f 5982//4023 5784//4023 5983//4023
f 5984//4023 5985//4023 5793//4023
f 5793//4023 5985//4023 5986//4023
f 5793//4023 5986//4023 5784//4023
f 5784//4023 5986//4023 5987//4023
f 5784//4023 5987//4023 5983//4023
f 5988//4023 5989//4023 5990//4023
f 5774//4023 5991//4023 5992//4023
f 5992//4023 5991//4023 5993//4023
f 5992//4023 5993//4023 5989//4023
f 5990//4023 5994//4023 5988//4023
f 5988//4023 5994//4023 5995//4023
f 5988//4023 5995//4023 5996//4023
f 5996//4023 5995//4023 5997//4023
f 5996//4023 5997//4023 5793//4023
f 5793//4023 5997//4023 5998//4023
f 5793//4023 5998//4023 5984//4023
f 5980//4023 5999//4023 5979//4023
f 5979//4023 5999//4023 6000//4023
f 5979//4023 6000//4023 6001//4023
f 6001//4023 6000//4023 6002//4023
f 6001//4023 6002//4023 5773//4023
f 5773//4023 6002//4023 6003//4023
f 5773//4023 6003//4023 5771//4023
f 6004//4023 5955//4023 6005//4023
f 6005//4023 5955//4023 6006//4023
f 6004//4023 6007//4023 5955//4023
f 5955//4023 6007//4023 5821//4023
f 5955//4023 5821//4023 5953//4023
f 5953//4023 5821//4023 5959//4023
f 6007//4023 6008//4023 5821//4023
f 5821//4023 6008//4023 6009//4023
f 5821//4023 6009//4023 5653//4023
f 5653//4023 6009//4023 6010//4023
f 5653//4023 6010//4023 5651//4023
f 6011//4023 6012//4023 6013//4023
f 6013//4023 6012//4023 6014//4023
f 6013//4023 6014//4023 6006//4023
f 6006//4023 6014//4023 6015//4023
f 6006//4023 6015//4023 6005//4023
f 6016//4023 6017//4023 5762//4023
f 5762//4023 6017//4023 6011//4023
f 5762//4023 6011//4023 5760//4023
f 6018//4023 5870//4023 6019//4023
f 6019//4023 5870//4023 5872//4023
f 6019//4023 5872//4023 6020//4023
f 6020//4023 5872//4023 6021//4023
f 6020//4023 6021//4023 5776//4023
f 5776//4023 6021//4023 6022//4023
f 5776//4023 6022//4023 5777//4023
f 5877//4023 5863//4023 5879//4023
f 5879//4023 5863//4023 5769//4023
f 5879//4023 5769//4023 6023//4023
f 6023//4023 5769//4023 5768//4023
f 5841//4023 6024//4023 5837//4023
f 5837//4023 6024//4023 5912//4023
f 5837//4023 5912//4023 5928//4023
f 5928//4023 5912//4023 5911//4023
f 5928//4023 5911//4023 5926//4023
f 5926//4023 5911//4023 5913//4023
f 6025//4023 6026//4023 6027//4023
f 6027//4023 6026//4023 6028//4023
f 6027//4023 6028//4023 6029//4023
f 6030//4023 6031//4023 5780//4023
f 5780//4023 6031//4023 6032//4023
f 5780//4023 6032//4023 6033//4023
f 6033//4023 6032//4023 6034//4023
f 6033//4023 6034//4023 6035//4023
f 6035//4023 6034//4023 6036//4023
f 6035//4023 6036//4023 6028//4023
f 6028//4023 6036//4023 6037//4023
f 6028//4023 6037//4023 6029//4023
f 6038//4023 6039//4023 6040//4023
f 6040//4023 6039//4023 6041//4023
f 6040//4023 6041//4023 6042//4023
f 6042//4023 6041//4023 6043//4023
f 6044//4023 6041//4023 6045//4023
f 6045//4023 6041//4023 6039//4023
f 6045//4023 6039//4023 6046//4023
f 6046//4023 6039//4023 5806//4023
f 6046//4023 5806//4023 6047//4023
f 6047//4023 5806//4023 5802//4023
f 6048//4023 5857//4023 6049//4023
f 6049//4023 5857//4023 5859//4023
f 6049//4023 5859//4023 6050//4023
f 6051//4023 6052//4023 6053//4023
f 6053//4023 6052//4023 5857//4023
f 6053//4023 5857//4023 6054//4023
f 6054//4023 5857//4023 6048//4023
f 6055//4023 6056//4023 6057//4023
f 6055//4023 6057//4023 6058//4023
f 6058//4023 6057//4023 6059//4023
f 6058//4023 6059//4023 6049//4023
f 6049//4023 6059//4023 6060//4023
f 6049//4023 6060//4023 6048//4023
f 6056//4023 6055//4023 6061//4023
f 6061//4023 6055//4023 6062//4023
f 6061//4023 6062//4023 6063//4023
f 6064//4023 6065//4023 6066//4023
f 6064//4023 6066//4023 5766//4023
f 5765//4023 5767//4023 6067//4023
f 6068//4023 6069//4023 5955//4023
f 5955//4023 6069//4023 6070//4023
f 5955//4023 6070//4023 6006//4023
f 6006//4023 6070//4023 6071//4023
f 6006//4023 6071//4023 6072//4023
f 6073//4023 6074//4023 5853//4023
f 6075//4023 6076//4023 6077//4023
f 6077//4023 6076//4023 5882//4023
f 6077//4023 5882//4023 6078//4023
f 6074//4023 6079//4023 5853//4023
f 5853//4023 6079//4023 6080//4023
f 5853//4023 6080//4023 5882//4023
f 5882//4023 6080//4023 6081//4023
f 5882//4023 6081//4023 6078//4023
f 6082//4023 6083//4023 6084//4023
f 6085//4023 5968//4023 5972//4023
f 5972//4023 5968//4023 5967//4023
f 5972//4023 5967//4023 5973//4023
f 6082//4023 6084//4023 6086//4023
f 6073//4023 5853//4023 6087//4023
f 6087//4023 5853//4023 5851//4023
f 6087//4023 5851//4023 6088//4023
f 6088//4023 5851//4023 5968//4023
f 6088//4023 5968//4023 6089//4023
f 6089//4023 5968//4023 6085//4023
f 6089//4023 6085//4023 6090//4023
f 6090//4023 6085//4023 6091//4023
f 6090//4023 6091//4023 6092//4023
f 6092//4023 6091//4023 6093//4023
f 6093//4023 6091//4023 6094//4023
f 6093//4023 6094//4023 6095//4023
f 6095//4023 6094//4023 6096//4023
f 6095//4023 6096//4023 6097//4023
f 6075//4023 6098//4023 6076//4023
f 6076//4023 6098//4023 6099//4023
f 6076//4023 6099//4023 6084//4023
f 6084//4023 6099//4023 6097//4023
f 6084//4023 6097//4023 6086//4023
f 6086//4023 6097//4023 6096//4023
f 5909//4023 5907//4023 5910//4023
f 5910//4023 5907//4023 5906//4023
f 5910//4023 5906//4023 6100//4023
f 6100//4023 5906//4023 6101//4023
f 6100//4023 6101//4023 6102//4023
f 6102//4023 6101//4023 5768//4023
f 6102//4023 5768//4023 6103//4023
f 6103//4023 5768//4023 5770//4023
f 6103//4023 5770//4023 6104//4023
f 6104//4023 5770//4023 5769//4023
f 6104//4023 5769//4023 6105//4023
f 6105//4023 5769//4023 5867//4023
f 6105//4023 5867//4023 6106//4023
f 6106//4023 5867//4023 6107//4023
f 6106//4023 6107//4023 6108//4023
f 6109//4023 6110//4023 6111//4023
f 6111//4023 6110//4023 6112//4023
f 6111//4023 6112//4023 6107//4023
f 6107//4023 6112//4023 6113//4023
f 6107//4023 6113//4023 6108//4023
f 5893//4023 5904//4023 5885//4023
f 5885//4023 5904//4023 6114//4023
f 5885//4023 6114//4023 5919//4023
f 6114//4023 6115//4023 5919//4023
f 5919//4023 6115//4023 6116//4023
f 5919//4023 6116//4023 6117//4023
f 6117//4023 6116//4023 6118//4023
f 6117//4023 6118//4023 6119//4023
f 6119//4023 6118//4023 6109//4023
f 6119//4023 6109//4023 6120//4023
f 6120//4023 6109//4023 6111//4023
f 6121//4023 6122//4023 6123//4023
f 6123//4023 6122//4023 6030//4023
f 6123//4023 6030//4023 5847//4023
f 5847//4023 6030//4023 5780//4023
f 5847//4023 5780//4023 5848//4023
f 5848//4023 5780//4023 5779//4023
f 6124//4023 6125//4023 5936//4023
f 6126//4023 6127//4023 6128//4023
f 6125//4023 6126//4023 5936//4023
f 5936//4023 6126//4023 6128//4023
f 5936//4023 6128//4023 6129//4023
f 6129//4023 6128//4023 6130//4023
f 6129//4023 6130//4023 6121//4023
f 6121//4023 6130//4023 6131//4023
f 6121//4023 6131//4023 6122//4023
f 5934//4023 6132//4023 5936//4023
f 5936//4023 6132//4023 6133//4023
f 5936//4023 6133//4023 6124//4023
f 6124//4023 6133//4023 6134//4023
f 6124//4023 6134//4023 6135//4023
f 6129//4023 6136//4023 6137//4023
f 6137//4023 6138//4023 6129//4023
f 6129//4023 6138//4023 6139//4023
f 6129//4023 6139//4023 5936//4023
f 5936//4023 6139//4023 6140//4023
f 5936//4023 6140//4023 5937//4023
f 6136//4023 5915//4023 5924//4023
f 5924//4023 5915//4023 5917//4023
f 5924//4023 5917//4023 5925//4023
f 5927//4023 5932//4023 5928//4023
f 5928//4023 5932//4023 5840//4023
f 5928//4023 5840//4023 5837//4023
f 5837//4023 5840//4023 5839//4023
f 5837//4023 5839//4023 5835//4023
f 6136//4023 6129//4023 5915//4023
f 5915//4023 6129//4023 6121//4023
f 5915//4023 6121//4023 5930//4023
f 5930//4023 6121//4023 6123//4023
f 5930//4023 6123//4023 5932//4023
f 5932//4023 6123//4023 5847//4023
f 5932//4023 5847//4023 5840//4023
f 5840//4023 5847//4023 5849//4023
f 5840//4023 5849//4023 5838//4023
f 5880//4023 5882//4023 5869//4023
f 5869//4023 5882//4023 6076//4023
f 5869//4023 6076//4023 5867//4023
f 5867//4023 6076//4023 6084//4023
f 5867//4023 6084//4023 6107//4023
f 6107//4023 6084//4023 6083//4023
f 6107//4023 6083//4023 6111//4023
f 6111//4023 6083//4023 6141//4023
f 6111//4023 6141//4023 6120//4023
f 5883//4023 6018//4023 5884//4023
f 5884//4023 6018//4023 6019//4023
f 5884//4023 6019//4023 5882//4023
f 5882//4023 6019//4023 6020//4023
f 5882//4023 6020//4023 5853//4023
f 5853//4023 6020//4023 5776//4023
f 5853//4023 5776//4023 5854//4023
f 5854//4023 5776//4023 5775//4023
f 5988//4023 6142//4023 6143//4023
f 5989//4023 5988//4023 5992//4023
f 5992//4023 5988//4023 6143//4023
f 5992//4023 6143//4023 6144//4023
f 6144//4023 6145//4023 5992//4023
f 5992//4023 6145//4023 6146//4023
f 5992//4023 6146//4023 6026//4023
f 6026//4023 6146//4023 6147//4023
f 6148//4023 6028//4023 6149//4023
f 6149//4023 6028//4023 6026//4023
f 6149//4023 6026//4023 6150//4023
f 6150//4023 6026//4023 6147//4023
f 6148//4023 6151//4023 6028//4023
f 6028//4023 6151//4023 6152//4023
f 6028//4023 6152//4023 5988//4023
f 5988//4023 6152//4023 6153//4023
f 5988//4023 6153//4023 6142//4023
f 6025//4023 6135//4023 6026//4023
f 6026//4023 6135//4023 6134//4023
f 6026//4023 6134//4023 5992//4023
f 5992//4023 6134//4023 6154//4023
f 5774//4023 5992//4023 5772//4023
f 5772//4023 5992//4023 6154//4023
f 5772//4023 6154//4023 5773//4023
f 5773//4023 6154//4023 6155//4023
f 5773//4023 6155//4023 6001//4023
f 5956//4023 5976//4023 5957//4023
f 5957//4023 5976//4023 5857//4023
f 5957//4023 5857//4023 5955//4023
f 5955//4023 5857//4023 6052//4023
f 5955//4023 6052//4023 6068//4023
f 6068//4023 6052//4023 6051//4023
f 6072//4023 6067//4023 6006//4023
f 6006//4023 6067//4023 5767//4023
f 6006//4023 5767//4023 6013//4023
f 6013//4023 5767//4023 6156//4023
f 6157//4023 6158//4023 6159//4023
f 6159//4023 6158//4023 6156//4023
f 6159//4023 6156//4023 6160//4023
f 6066//4023 6161//4023 6162//4023
f 5766//4023 6066//4023 5767//4023
f 5767//4023 6066//4023 6162//4023
f 5767//4023 6162//4023 6163//4023
f 6163//4023 6164//4023 5767//4023
f 5767//4023 6164//4023 6165//4023
f 5767//4023 6165//4023 6156//4023
f 6156//4023 6165//4023 6166//4023
f 6156//4023 6166//4023 6160//4023
f 6157//4023 6167//4023 6158//4023
f 6158//4023 6167//4023 6168//4023
f 6158//4023 6168//4023 6066//4023
f 6066//4023 6168//4023 6169//4023
f 6066//4023 6169//4023 6161//4023
f 6065//4023 6063//4023 6066//4023
f 6066//4023 6063//4023 6062//4023
f 6066//4023 6062//4023 6158//4023
f 6158//4023 6062//4023 6170//4023
f 5782//4023 5787//4023 5783//4023
f 5783//4023 5787//4023 5789//4023
f 5783//4023 5789//4023 6171//4023
f 6171//4023 5789//4023 6172//4023
f 5790//4023 5785//4023 5789//4023
f 5789//4023 5785//4023 5981//4023
f 5789//4023 5981//4023 6172//4023
f 6172//4023 5981//4023 6173//4023
f 5983//4023 5977//4023 5982//4023
f 5982//4023 5977//4023 5979//4023
f 5982//4023 5979//4023 5981//4023
f 5981//4023 5979//4023 6174//4023
f 5981//4023 6174//4023 6173//4023
f 6173//4023 6174//4023 6175//4023
f 6132//4023 6176//4023 6133//4023
f 6133//4023 6176//4023 6177//4023
f 6133//4023 6177//4023 6134//4023
f 6134//4023 6177//4023 6178//4023
f 6134//4023 6178//4023 6154//4023
f 6154//4023 6178//4023 6179//4023
f 6154//4023 6179//4023 6155//4023
f 6155//4023 6179//4023 5948//4023
f 6155//4023 5948//4023 6001//4023
f 6001//4023 5948//4023 5800//4023
f 6001//4023 5800//4023 5979//4023
f 5979//4023 5800//4023 5806//4023
f 5979//4023 5806//4023 6174//4023
f 6174//4023 5806//4023 6039//4023
f 6174//4023 6039//4023 6175//4023
f 6175//4023 6039//4023 6038//4023
f 6011//4023 6013//4023 5760//4023
f 5760//4023 6013//4023 6156//4023
f 5760//4023 6156//4023 5758//4023
f 5758//4023 6156//4023 6158//4023
f 5758//4023 6158//4023 5756//4023
f 5756//4023 6158//4023 6170//4023
f 5756//4023 6170//4023 5754//4023
f 6050//4023 6180//4023 6049//4023
f 6049//4023 6180//4023 5861//4023
f 6049//4023 5861//4023 6058//4023
f 6058//4023 5861//4023 5860//4023
f 6058//4023 5860//4023 6055//4023
f 6055//4023 5860//4023 6181//4023
f 6055//4023 6181//4023 6062//4023
f 6062//4023 6181//4023 6182//4023
f 6062//4023 6182//4023 6170//4023
f 6170//4023 6182//4023 6183//4023
f 6170//4023 6183//4023 5754//4023
f 5754//4023 6183//4023 5752//4023
f 5755//4195 5753//4195 6184//4195
f 5759//4195 5757//4195 6185//4195
f 6186//4195 6187//4195 6188//4195
f 6189//4195 6190//4195 6191//4195
f 6192//4195 6193//4195 6194//4195
f 6195//4195 6196//4195 6197//4195
f 6196//4195 6195//4195 6198//4195
f 6199//4195 6200//4195 6201//4195
f 6202//4195 6186//4195 6203//4195
f 6204//4195 6205//4195 6206//4195
f 6207//4195 6208//4195 6209//4195
f 5697//4195 6210//4195 5699//4195
f 5699//4195 6210//4195 6211//4195
f 5689//4195 5687//4195 6212//4195
f 6212//4195 5687//4195 5685//4195
f 6212//4195 5685//4195 6204//4195
f 5697//4195 5695//4195 6210//4195
f 6210//4195 5695//4195 5693//4195
f 6210//4195 5693//4195 6209//4195
f 6209//4195 5693//4195 5691//4195
f 6209//4195 5691//4195 5689//4195
f 5685//4195 5683//4195 6204//4195
f 6204//4195 5683//4195 5681//4195
f 6204//4195 5681//4195 6205//4195
f 6205//4195 5681//4195 5703//4195
f 6205//4195 5703//4195 6211//4195
f 6211//4195 5703//4195 5701//4195
f 6211//4195 5701//4195 5699//4195
f 6213//4195 6214//4195 6215//4195
f 6216//4195 6217//4195 6218//4195
f 6219//4195 6220//4195 6213//4195
f 6218//4195 6221//4195 6216//4195
f 6216//4195 6221//4195 6222//4195
f 6216//4195 6222//4195 6219//4195
f 6219//4195 6222//4195 6223//4195
f 6219//4195 6223//4195 6220//4195
f 6214//4195 6224//4195 6215//4195
f 6215//4195 6224//4195 6225//4195
f 6215//4195 6225//4195 6226//4195
f 6226//4195 6225//4195 6227//4195
f 6226//4195 6227//4195 6228//4195
f 6228//4195 6227//4195 6229//4195
f 6228//4195 6229//4195 6217//4195
f 6217//4195 6229//4195 6230//4195
f 6217//4195 6230//4195 6218//4195
f 6231//4195 6232//4195 6233//4195
f 6232//4195 6234//4195 6233//4195
f 6233//4195 6234//4195 6235//4195
f 6233//4195 6235//4195 6236//4195
f 6236//4195 6235//4195 6237//4195
f 6236//4195 6237//4195 6238//4195
f 6238//4195 6237//4195 6239//4195
f 6238//4195 6239//4195 6240//4195
f 6241//4195 6242//4195 6243//4195
f 6243//4195 6242//4195 6240//4195
f 6243//4195 6240//4195 6244//4195
f 6244//4195 6240//4195 6239//4195
f 6241//4195 6245//4195 6242//4195
f 6242//4195 6245//4195 6246//4195
f 6242//4195 6246//4195 6247//4195
f 6247//4195 6246//4195 6248//4195
f 6247//4195 6248//4195 6231//4195
f 6249//4195 6250//4195 6201//4195
f 6201//4195 6250//4195 6251//4195
f 6252//4195 6253//4195 6254//4195
f 6251//4195 6255//4195 6201//4195
f 6201//4195 6255//4195 6256//4195
f 6201//4195 6256//4195 6254//4195
f 6257//4195 6252//4195 6258//4195
f 6258//4195 6252//4195 6254//4195
f 6258//4195 6254//4195 6259//4195
f 6259//4195 6254//4195 6256//4195
f 6260//4195 6261//4195 6262//4195
f 6258//4195 6263//4195 6257//4195
f 6257//4195 6263//4195 6260//4195
f 6257//4195 6260//4195 6264//4195
f 6264//4195 6260//4195 6262//4195
f 6265//4195 6266//4195 6267//4195
f 6267//4195 6266//4195 6268//4195
f 6267//4195 6268//4195 6249//4195
f 6249//4195 6268//4195 6269//4195
f 6249//4195 6269//4195 6250//4195
f 6270//4195 6271//4195 6272//4195
f 6272//4195 6271//4195 6265//4195
f 6272//4195 6265//4195 6273//4195
f 6273//4195 6265//4195 6267//4195
f 6274//4195 6275//4195 6276//4195
f 6276//4195 6275//4195 6277//4195
f 6276//4195 6277//4195 6278//4195
f 6278//4195 6277//4195 6279//4195
f 6278//4195 6279//4195 6280//4195
f 6280//4195 6279//4195 6281//4195
f 6280//4195 6281//4195 6282//4195
f 5709//4195 5707//4195 6283//4195
f 6283//4195 5707//4195 5705//4195
f 6283//4195 5705//4195 6284//4195
f 6284//4195 5705//4195 5727//4195
f 6284//4195 5727//4195 5725//4195
f 5725//4195 5723//4195 6284//4195
f 6284//4195 5723//4195 6282//4195
f 6284//4195 6282//4195 6285//4195
f 5723//4195 5721//4195 6282//4195
f 6282//4195 5721//4195 5719//4195
f 6282//4195 5719//4195 6286//4195
f 5711//4195 5709//4195 6287//4195
f 6287//4195 5709//4195 6283//4195
f 6287//4195 6283//4195 6288//4195
f 6288//4195 6283//4195 6289//4195
f 5719//4195 5717//4195 6286//4195
f 6286//4195 5717//4195 5715//4195
f 6286//4195 5715//4195 6287//4195
f 6287//4195 5715//4195 5713//4195
f 6287//4195 5713//4195 5711//4195
f 6290//4195 6291//4195 6292//4195
f 6292//4195 6291//4195 6289//4195
f 6293//4195 6294//4195 6295//4195
f 6295//4195 6294//4195 6296//4195
f 6295//4195 6296//4195 6297//4195
f 6297//4195 6296//4195 6298//4195
f 6297//4195 6298//4195 6299//4195
f 5661//4195 6300//4195 5663//4195
f 5663//4195 6300//4195 6299//4195
f 5663//4195 6299//4195 5665//4195
f 5661//4195 5659//4195 6300//4195
f 6300//4195 5659//4195 5657//4195
f 6300//4195 5657//4195 6187//4195
f 5657//4195 5679//4195 6187//4195
f 6187//4195 5679//4195 5677//4195
f 6187//4195 5677//4195 6188//4195
f 6188//4195 5677//4195 5675//4195
f 6188//4195 5675//4195 5673//4195
f 5673//4195 5671//4195 6188//4195
f 6188//4195 5671//4195 5669//4195
f 6188//4195 5669//4195 6299//4195
f 6299//4195 5669//4195 5667//4195
f 6299//4195 5667//4195 5665//4195
f 6300//4195 6301//4195 6302//4195
f 6302//4195 6301//4195 6303//4195
f 6302//4195 6303//4195 6304//4195
f 5689//4195 6212//4195 6209//4195
f 6209//4195 6212//4195 6305//4195
f 6209//4195 6305//4195 6207//4195
f 6306//4195 6307//4195 6308//4195
f 5763//4195 6309//4195 5761//4195
f 5761//4195 6309//4195 6310//4195
f 5761//4195 6310//4195 6311//4195
f 6311//4195 6310//4195 6312//4195
f 5654//4195 5652//4195 6313//4195
f 6314//4195 6315//4195 6316//4195
f 6315//4195 6317//4195 6316//4195
f 6316//4195 6317//4195 6318//4195
f 6316//4195 6318//4195 6319//4195
f 6320//4195 6310//4195 6321//4195
f 6321//4195 6310//4195 6309//4195
f 6321//4195 6309//4195 6322//4195
f 6322//4195 6309//4195 6319//4195
f 6322//4195 6319//4195 6323//4195
f 6323//4195 6319//4195 6318//4195
f 6324//4195 6325//4195 6326//4195
f 6326//4195 6325//4195 5654//4195
f 6326//4195 5654//4195 6327//4195
f 6327//4195 5654//4195 6313//4195
f 6328//4195 6329//4195 6330//4195
f 6330//4195 6329//4195 6331//4195
f 6332//4195 6331//4195 5749//4195
f 5749//4195 5747//4195 6332//4195
f 6332//4195 5747//4195 5745//4195
f 6332//4195 5745//4195 5743//4195
f 5733//4195 5731//4195 6329//4195
f 6329//4195 5731//4195 5729//4195
f 6329//4195 5729//4195 6331//4195
f 6331//4195 5729//4195 5751//4195
f 6331//4195 5751//4195 5749//4195
f 6253//4195 6333//4195 6254//4195
f 6254//4195 6333//4195 6332//4195
f 6254//4195 6332//4195 5741//4195
f 5741//4195 6332//4195 5743//4195
f 5741//4195 5739//4195 6254//4195
f 6254//4195 5739//4195 5737//4195
f 6254//4195 5737//4195 5735//4195
f 6298//4195 6334//4195 6299//4195
f 6299//4195 6334//4195 6335//4195
f 6299//4195 6335//4195 6188//4195
f 6188//4195 6335//4195 6336//4195
f 6188//4195 6336//4195 6186//4195
f 6186//4195 6336//4195 6337//4195
f 6186//4195 6337//4195 6203//4195
f 6203//4195 6338//4195 6202//4195
f 6202//4195 6338//4195 6339//4195
f 6202//4195 6339//4195 6340//4195
f 6295//4195 6291//4195 6293//4195
f 6293//4195 6291//4195 6290//4195
f 6293//4195 6290//4195 6341//4195
f 6341//4195 6290//4195 6292//4195
f 6341//4195 6292//4195 6342//4195
f 6342//4195 6292//4195 6343//4195
f 6342//4195 6343//4195 6344//4195
f 6344//4195 6343//4195 6345//4195
f 6344//4195 6345//4195 6346//4195
f 6346//4195 6345//4195 6347//4195
f 6346//4195 6347//4195 6348//4195
f 6339//4195 6349//4195 6340//4195
f 6340//4195 6349//4195 6350//4195
f 6340//4195 6350//4195 6351//4195
f 6351//4195 6350//4195 6352//4195
f 6351//4195 6352//4195 6353//4195
f 6354//4195 6355//4195 6356//4195
f 6356//4195 6355//4195 6357//4195
f 6357//4195 6355//4195 6358//4195
f 6357//4195 6358//4195 6359//4195
f 6360//4195 6361//4195 6362//4195
f 6362//4195 6361//4195 6363//4195
f 6362//4195 6363//4195 6364//4195
f 6364//4195 6365//4195 6366//4195
f 6366//4195 6365//4195 6367//4195
f 6366//4195 6367//4195 6368//4195
f 6368//4195 6367//4195 6200//4195
f 6369//4195 6370//4195 6371//4195
f 6371//4195 6370//4195 6372//4195
f 6371//4195 6372//4195 6254//4195
f 6254//4195 6372//4195 6373//4195
f 6373//4195 6374//4195 6254//4195
f 6254//4195 6374//4195 6375//4195
f 6254//4195 6375//4195 6201//4195
f 6201//4195 6375//4195 6376//4195
f 6201//4195 6376//4195 6199//4195
f 6377//4195 6378//4195 6379//4195
f 6379//4195 6378//4195 6380//4195
f 6381//4195 6382//4195 6329//4195
f 6382//4195 6383//4195 6329//4195
f 6329//4195 6383//4195 6384//4195
f 6329//4195 6384//4195 6385//4195
f 6385//4195 6384//4195 6386//4195
f 6385//4195 6386//4195 6387//4195
f 6387//4195 6386//4195 6388//4195
f 6387//4195 6388//4195 6389//4195
f 6389//4195 6388//4195 6390//4195
f 6389//4195 6390//4195 6391//4195
f 6391//4195 6390//4195 6392//4195
f 6391//4195 6392//4195 6378//4195
f 6378//4195 6392//4195 6393//4195
f 6378//4195 6393//4195 6380//4195
f 6394//4195 6316//4195 6395//4195
f 6395//4195 6316//4195 6396//4195
f 6394//4195 6381//4195 6316//4195
f 6316//4195 6381//4195 6329//4195
f 6316//4195 6329//4195 6314//4195
f 6314//4195 6329//4195 6328//4195
f 6314//4195 6328//4195 6313//4195
f 6313//4195 6328//4195 6397//4195
f 6313//4195 6397//4195 6327//4195
f 6398//4195 6216//4195 6399//4195
f 6399//4195 6216//4195 6219//4195
f 6399//4195 6219//4195 6400//4195
f 6400//4195 6219//4195 6401//4195
f 6400//4195 6401//4195 6402//4195
f 6402//4195 6401//4195 6403//4195
f 6404//4195 6405//4195 6406//4195
f 6407//4195 6408//4195 6406//4195
f 6406//4195 6408//4195 6409//4195
f 6406//4195 6409//4195 6404//4195
f 6410//4195 6411//4195 6412//4195
f 6413//4195 6414//4195 6415//4195
f 6415//4195 6414//4195 6416//4195
f 6415//4195 6416//4195 6417//4195
f 6231//4195 6233//4195 6247//4195
f 6247//4195 6233//4195 6418//4195
f 6247//4195 6418//4195 6419//4195
f 6419//4195 6420//4195 6247//4195
f 6247//4195 6420//4195 6421//4195
f 6247//4195 6421//4195 6422//4195
f 6422//4195 6421//4195 6423//4195
f 6422//4195 6423//4195 6412//4195
f 6412//4195 6423//4195 6424//4195
f 6412//4195 6424//4195 6410//4195
f 6405//4195 6425//4195 6236//4195
f 6236//4195 6425//4195 6426//4195
f 6236//4195 6426//4195 6233//4195
f 6233//4195 6426//4195 6427//4195
f 6233//4195 6427//4195 6418//4195
f 6428//4195 6429//4195 6430//4195
f 6431//4195 6432//4195 6429//4195
f 6432//4195 6431//4195 6433//4195
f 6433//4195 6431//4195 6434//4195
f 6433//4195 6434//4195 6435//4195
f 6435//4195 6434//4195 6228//4195
f 6435//4195 6228//4195 6436//4195
f 6436//4195 6228//4195 6217//4195
f 6436//4195 6217//4195 6437//4195
f 6396//4195 6197//4195 6398//4195
f 6398//4195 6197//4195 6196//4195
f 6398//4195 6196//4195 6216//4195
f 6216//4195 6196//4195 6198//4195
f 6198//4195 6438//4195 6216//4195
f 6216//4195 6438//4195 6439//4195
f 6216//4195 6439//4195 6217//4195
f 6217//4195 6439//4195 6440//4195
f 6217//4195 6440//4195 6437//4195
f 6441//4195 6442//4195 6443//4195
f 6441//4195 6443//4195 6444//4195
f 6445//4195 6446//4195 6447//4195
f 6447//4195 6446//4195 6444//4195
f 6442//4195 6448//4195 6443//4195
f 6443//4195 6448//4195 6449//4195
f 6443//4195 6449//4195 6197//4195
f 6197//4195 6449//4195 6450//4195
f 6197//4195 6450//4195 6195//4195
f 6451//4195 6452//4195 6453//4195
f 6454//4195 6455//4195 6379//4195
f 6379//4195 6455//4195 6456//4195
f 6379//4195 6456//4195 6452//4195
f 6453//4195 6452//4195 6457//4195
f 6457//4195 6452//4195 6456//4195
f 6457//4195 6456//4195 6458//4195
f 6459//4195 6460//4195 6219//4195
f 6219//4195 6460//4195 6454//4195
f 6219//4195 6454//4195 6401//4195
f 6401//4195 6454//4195 6379//4195
f 6401//4195 6379//4195 6403//4195
f 6403//4195 6379//4195 6380//4195
f 6213//4195 6215//4195 6219//4195
f 6219//4195 6215//4195 6461//4195
f 6219//4195 6461//4195 6459//4195
f 6462//4195 6463//4195 6464//4195
f 6465//4195 6466//4195 6215//4195
f 6215//4195 6466//4195 6467//4195
f 6215//4195 6467//4195 6461//4195
f 6453//4195 6468//4195 6451//4195
f 6451//4195 6468//4195 6469//4195
f 6451//4195 6469//4195 6470//4195
f 6470//4195 6469//4195 6471//4195
f 6470//4195 6471//4195 6462//4195
f 6462//4195 6471//4195 6472//4195
f 6462//4195 6472//4195 6463//4195
f 6473//4195 6474//4195 6186//4195
f 6186//4195 6474//4195 6475//4195
f 6186//4195 6475//4195 6187//4195
f 6187//4195 6475//4195 6476//4195
f 6187//4195 6476//4195 6300//4195
f 6300//4195 6476//4195 6477//4195
f 6300//4195 6477//4195 6301//4195
f 6192//4195 6478//4195 6193//4195
f 6193//4195 6478//4195 6479//4195
f 6193//4195 6479//4195 6473//4195
f 6473//4195 6479//4195 6480//4195
f 6473//4195 6480//4195 6474//4195
f 6303//4195 6481//4195 6304//4195
f 6304//4195 6481//4195 6482//4195
f 6304//4195 6482//4195 6207//4195
f 6207//4195 6482//4195 6483//4195
f 6207//4195 6483//4195 6208//4195
f 6208//4195 6483//4195 6484//4195
f 6208//4195 6484//4195 6209//4195
f 6209//4195 6484//4195 6485//4195
f 6209//4195 6485//4195 6210//4195
f 6210//4195 6485//4195 6486//4195
f 6210//4195 6486//4195 6487//4195
f 6487//4195 6486//4195 6488//4195
f 6487//4195 6488//4195 6489//4195
f 6190//4195 6189//4195 6352//4195
f 6189//4195 6490//4195 6352//4195
f 6352//4195 6490//4195 6491//4195
f 6352//4195 6491//4195 6361//4195
f 6491//4195 6492//4195 6493//4195
f 6281//4195 6494//4195 6282//4195
f 6282//4195 6494//4195 6495//4195
f 6282//4195 6495//4195 6285//4195
f 6285//4195 6495//4195 6496//4195
f 6285//4195 6496//4195 6497//4195
f 6364//4195 6363//4195 6365//4195
f 6365//4195 6363//4195 6498//4195
f 6365//4195 6498//4195 6499//4195
f 6491//4195 6493//4195 6361//4195
f 6361//4195 6493//4195 6500//4195
f 6361//4195 6500//4195 6363//4195
f 6363//4195 6500//4195 6501//4195
f 6363//4195 6501//4195 6498//4195
f 6502//4195 6452//4195 6194//4195
f 6194//4195 6452//4195 6503//4195
f 6194//4195 6503//4195 6192//4195
f 6502//4195 6504//4195 6452//4195
f 6452//4195 6504//4195 6505//4195
f 6452//4195 6505//4195 6379//4195
f 6379//4195 6505//4195 6506//4195
f 6379//4195 6506//4195 6377//4195
f 6507//4195 6361//4195 6358//4195
f 6358//4195 6361//4195 6360//4195
f 6358//4195 6360//4195 6359//4195
f 6507//4195 6508//4195 6361//4195
f 6361//4195 6508//4195 6509//4195
f 6361//4195 6509//4195 6352//4195
f 6352//4195 6509//4195 6510//4195
f 6352//4195 6510//4195 6353//4195
f 6511//4195 6238//4195 6512//4195
f 6512//4195 6238//4195 6240//4195
f 6512//4195 6240//4195 6513//4195
f 6513//4195 6240//4195 6242//4195
f 6405//4195 6236//4195 6406//4195
f 6406//4195 6236//4195 6238//4195
f 6406//4195 6238//4195 6514//4195
f 6514//4195 6238//4195 6511//4195
f 6514//4195 6511//4195 6515//4195
f 6444//4195 6443//4195 6447//4195
f 6447//4195 6443//4195 6516//4195
f 6447//4195 6516//4195 6517//4195
f 6517//4195 6516//4195 5764//4195
f 6517//4195 5764//4195 5759//4195
f 6185//4195 6518//4195 6519//4195
f 6520//4195 6521//4195 6428//4195
f 5759//4195 6185//4195 6517//4195
f 6517//4195 6185//4195 6519//4195
f 6517//4195 6519//4195 6522//4195
f 6430//4195 6445//4195 6428//4195
f 6428//4195 6445//4195 6447//4195
f 6428//4195 6447//4195 6520//4195
f 6520//4195 6447//4195 6523//4195
f 6521//4195 6524//4195 6428//4195
f 6428//4195 6524//4195 6525//4195
f 6428//4195 6525//4195 6185//4195
f 6185//4195 6525//4195 6526//4195
f 6185//4195 6526//4195 6518//4195
f 6522//4195 6527//4195 6517//4195
f 6517//4195 6527//4195 6528//4195
f 6517//4195 6528//4195 6447//4195
f 6447//4195 6528//4195 6529//4195
f 6447//4195 6529//4195 6523//4195
f 6429//4195 6428//4195 6431//4195
f 6431//4195 6428//4195 6185//4195
f 6431//4195 6185//4195 6530//4195
f 6530//4195 6185//4195 5757//4195
f 6530//4195 5757//4195 5755//4195
f 6367//4195 6531//4195 6200//4195
f 6200//4195 6531//4195 6407//4195
f 6200//4195 6407//4195 6201//4195
f 6201//4195 6407//4195 6406//4195
f 6201//4195 6406//4195 6249//4195
f 6249//4195 6406//4195 6514//4195
f 6249//4195 6514//4195 6267//4195
f 6267//4195 6514//4195 6515//4195
f 6267//4195 6515//4195 6273//4195
f 6396//4195 6316//4195 6197//4195
f 6197//4195 6316//4195 6319//4195
f 6197//4195 6319//4195 6443//4195
f 6443//4195 6319//4195 6309//4195
f 6443//4195 6309//4195 6516//4195
f 6516//4195 6309//4195 5763//4195
f 6516//4195 5763//4195 5764//4195
f 6356//4195 6532//4195 6354//4195
f 6354//4195 6532//4195 6369//4195
f 6354//4195 6369//4195 6387//4195
f 6387//4195 6369//4195 6371//4195
f 6387//4195 6371//4195 6385//4195
f 6385//4195 6371//4195 6254//4195
f 6385//4195 6254//4195 6329//4195
f 6329//4195 6254//4195 5735//4195
f 6329//4195 5735//4195 5733//4195
f 6533//4195 6534//4195 6535//4195
f 6534//4195 6536//4195 6535//4195
f 6535//4195 6536//4195 6537//4195
f 6535//4195 6537//4195 6415//4195
f 6415//4195 6537//4195 6538//4195
f 6415//4195 6538//4195 6539//4195
f 6539//4195 6540//4195 6415//4195
f 6415//4195 6540//4195 6412//4195
f 6415//4195 6412//4195 6413//4195
f 6413//4195 6412//4195 6411//4195
f 6533//4195 6535//4195 6541//4195
f 6541//4195 6535//4195 6276//4195
f 6541//4195 6276//4195 6542//4195
f 6540//4195 6543//4195 6412//4195
f 6412//4195 6543//4195 6544//4195
f 6412//4195 6544//4195 6276//4195
f 6276//4195 6544//4195 6545//4195
f 6276//4195 6545//4195 6542//4195
f 6274//4195 6276//4195 6499//4195
f 6499//4195 6276//4195 6535//4195
f 6499//4195 6535//4195 6365//4195
f 6365//4195 6535//4195 6415//4195
f 6365//4195 6415//4195 6367//4195
f 6367//4195 6415//4195 6417//4195
f 6367//4195 6417//4195 6531//4195
f 6531//4195 6417//4195 6546//4195
f 6531//4195 6546//4195 6407//4195
f 6407//4195 6546//4195 6547//4195
f 6407//4195 6547//4195 6408//4195
f 5755//4195 6184//4195 6530//4195
f 6530//4195 6184//4195 6548//4195
f 6530//4195 6548//4195 6431//4195
f 6431//4195 6548//4195 6549//4195
f 6431//4195 6549//4195 6434//4195
f 6434//4195 6549//4195 6550//4195
f 6434//4195 6550//4195 6228//4195
f 6228//4195 6550//4195 6551//4195
f 6228//4195 6551//4195 6226//4195
f 6551//4195 6306//4195 6226//4195
f 6226//4195 6306//4195 6308//4195
f 6226//4195 6308//4195 6215//4195
f 6215//4195 6308//4195 6462//4195
f 6215//4195 6462//4195 6465//4195
f 6465//4195 6462//4195 6464//4195
f 6350//4195 6348//4195 6352//4195
f 6352//4195 6348//4195 6347//4195
f 6352//4195 6347//4195 6190//4195
f 6190//4195 6347//4195 6345//4195
f 6190//4195 6345//4195 6191//4195
f 6191//4195 6345//4195 6343//4195
f 6307//4195 6206//4195 6308//4195
f 6308//4195 6206//4195 6205//4195
f 6308//4195 6205//4195 6462//4195
f 6462//4195 6205//4195 6211//4195
f 6462//4195 6211//4195 6470//4195
f 6470//4195 6211//4195 6210//4195
f 6470//4195 6210//4195 6451//4195
f 6451//4195 6210//4195 6487//4195
f 6451//4195 6487//4195 6452//4195
f 6452//4195 6487//4195 6489//4195
f 6452//4195 6489//4195 6503//4195
f 6503//4195 6489//4195 6488//4195
f 6289//4195 6283//4195 6292//4195
f 6292//4195 6283//4195 6284//4195
f 6292//4195 6284//4195 6343//4195
f 6343//4195 6284//4195 6285//4195
f 6343//4195 6285//4195 6191//4195
f 6191//4195 6285//4195 6497//4195
f 6191//4195 6497//4195 6189//4195
f 6040//4196 6272//4196 6038//4196
f 6038//4197 6272//4197 6273//4197
f 6038//4198 6273//4198 6175//4198
f 6175//4199 6273//4199 6515//4199
f 6175//4200 6515//4200 6173//4200
f 6173//4200 6515//4200 6511//4200
f 6173//4196 6511//4196 6172//4196
f 6172//4201 6511//4201 6512//4201
f 6172//4202 6512//4202 6171//4202
f 6171//4192 6512//4192 6513//4192
f 6552//4203 6553//4203 6278//4203
f 6278//4203 6553//4203 6554//4203
f 6278//4203 6554//4203 6276//4203
f 6552//4203 6278//4203 6555//4203
f 6555//4203 6278//4203 6035//4203
f 6555//4203 6035//4203 6556//4203
f 6557//4203 6558//4203 6028//4203
f 6558//4203 6559//4203 6028//4203
f 6028//4203 6559//4203 6560//4203
f 6028//4203 6560//4203 6035//4203
f 6035//4203 6560//4203 6561//4203
f 6035//4203 6561//4203 6556//4203
f 6513//4203 6242//4203 6171//4203
f 6171//4203 6242//4203 6247//4203
f 6171//4203 6247//4203 6422//4203
f 6028//4203 5988//4203 6557//4203
f 6557//4203 5988//4203 5996//4203
f 6557//4203 5996//4203 5793//4203
f 6554//4203 6562//4203 6276//4203
f 6276//4203 6562//4203 6563//4203
f 6276//4203 6563//4203 6412//4203
f 6412//4203 6563//4203 6557//4203
f 6422//4203 6412//4203 6171//4203
f 6171//4203 6412//4203 6557//4203
f 6171//4203 6557//4203 5783//4203
f 5783//4203 6557//4203 5793//4203
f 6035//4204 6278//4204 6280//4204
f 6035//4204 6280//4204 6033//4204
f 6033//4205 6280//4205 6282//4205
f 6033//4205 6282//4205 5780//4205
f 5780//4206 6282//4206 6286//4206
f 5780//4206 6286//4206 5844//4206
f 5844//4207 6286//4207 6287//4207
f 5844//4207 6287//4207 5841//4207
f 5841//4208 6287//4208 6288//4208
f 5841//4208 6288//4208 6024//4208
f 6024//4209 6288//4209 6289//4209
f 6024//4210 6289//4210 5912//4210
f 6289//4211 6291//4211 5912//4211
f 5912//4212 6291//4212 6295//4212
f 5912//4212 6295//4212 5890//4212
f 5890//4213 6295//4213 6297//4213
f 5890//4213 6297//4213 5897//4213
f 5897//4214 6297//4214 6299//4214
f 5897//4214 6299//4214 5899//4214
f 5899//4215 6299//4215 6300//4215
f 5899//4215 6300//4215 5901//4215
f 5901//4216 6300//4216 6302//4216
f 5901//4216 6302//4216 5906//4216
f 5906//4217 6302//4217 6304//4217
f 5906//4217 6304//4217 6101//4217
f 6101//4218 6304//4218 6207//4218
f 6101//4218 6207//4218 5768//4218
f 5768//4219 6207//4219 6305//4219
f 5768//4219 6305//4219 6023//4219
f 6023//4220 6305//4220 6212//4220
f 6023//4220 6212//4220 5879//4220
f 5879//4221 6212//4221 5878//4221
f 5878//4222 6212//4222 6204//4222
f 5878//4223 6204//4223 5876//4223
f 5876//4224 6204//4224 5874//4224
f 5874//4225 6204//4225 6206//4225
f 5874//4225 6206//4225 5872//4225
f 5872//4226 6206//4226 6307//4226
f 5872//4226 6307//4226 6021//4226
f 6021//4227 6307//4227 6306//4227
f 6021//4227 6306//4227 6022//4227
f 5753//4228 5752//4228 6184//4228
f 6184//4228 5752//4228 6183//4228
f 6184//4228 6183//4228 6548//4228
f 6548//4228 6183//4228 6182//4228
f 6548//4228 6182//4228 6549//4228
f 6549//4228 6182//4228 6181//4228
f 6549//4228 6181//4228 6550//4228
f 6550//4228 6181//4228 5860//4228
f 6550//4228 5860//4228 6551//4228
f 6551//4228 5860//4228 5777//4228
f 6551//4228 5777//4228 6306//4228
f 6306//4228 5777//4228 6022//4228
f 6564//4168 6537//4168 6565//4168
f 6565//4168 6537//4168 6536//4168
f 6565//4229 6536//4229 6566//4229
f 6566//4229 6536//4229 6534//4229
f 6566//4169 6534//4169 6567//4169
f 6567//4169 6534//4169 6533//4169
f 6567//4170 6533//4170 6568//4170
f 6568//4170 6533//4170 6541//4170
f 6568//4230 6541//4230 6569//4230
f 6569//4230 6541//4230 6542//4230
f 6569//4171 6542//4171 6570//4171
f 6570//4171 6542//4171 6545//4171
f 6570//4231 6545//4231 6571//4231
f 6571//4231 6545//4231 6544//4231
f 6571//4232 6544//4232 6572//4232
f 6572//4232 6544//4232 6543//4232
f 6572//4233 6543//4233 6573//4233
f 6573//4233 6543//4233 6540//4233
f 6573//4234 6540//4234 6574//4234
f 6574//4234 6540//4234 6539//4234
f 6574//4235 6539//4235 6575//4235
f 6575//4235 6539//4235 6538//4235
f 6575//4236 6538//4236 6564//4236
f 6564//4236 6538//4236 6537//4236
f 6168//4237 6525//4237 6169//4237
f 6169//4237 6525//4237 6524//4237
f 6169//4238 6524//4238 6161//4238
f 6161//4238 6524//4238 6521//4238
f 6161//4239 6521//4239 6162//4239
f 6162//4239 6521//4239 6520//4239
f 6162//4240 6520//4240 6163//4240
f 6163//4240 6520//4240 6523//4240
f 6163//4241 6523//4241 6164//4241
f 6164//4241 6523//4241 6529//4241
f 6164//4242 6529//4242 6165//4242
f 6165//4242 6529//4242 6528//4242
f 6165//4243 6528//4243 6166//4243
f 6166//4243 6528//4243 6527//4243
f 6166//4244 6527//4244 6160//4244
f 6160//4244 6527//4244 6522//4244
f 6160//4245 6522//4245 6159//4245
f 6159//4245 6522//4245 6519//4245
f 6159//4246 6519//4246 6157//4246
f 6157//4246 6519//4246 6518//4246
f 6157//4247 6518//4247 6167//4247
f 6167//4247 6518//4247 6526//4247
f 6167//4155 6526//4155 6168//4155
f 6168//4155 6526//4155 6525//4155
f 5785//4248 6237//4248 5786//4248
f 5786//4248 6237//4248 6235//4248
f 5786//4249 6235//4249 5791//4249
f 5791//4249 6235//4249 6234//4249
f 5791//4239 6234//4239 5792//4239
f 5792//4239 6234//4239 6232//4239
f 5792//4240 6232//4240 5794//4240
f 5794//4240 6232//4240 6231//4240
f 5794//4250 6231//4250 5795//4250
f 5795//4250 6231//4250 6248//4250
f 5795//4251 6248//4251 5796//4251
f 5796//4251 6248//4251 6246//4251
f 5796//4150 6246//4150 5781//4150
f 5781//4150 6246//4150 6245//4150
f 5781//4252 6245//4252 5782//4252
f 5782//4252 6245//4252 6241//4252
f 5782//4245 6241//4245 5787//4245
f 5787//4245 6241//4245 6243//4245
f 5787//4246 6243//4246 5788//4246
f 5788//4246 6243//4246 6244//4246
f 5788//4253 6244//4253 5790//4253
f 5790//4253 6244//4253 6239//4253
f 5790//4254 6239//4254 5785//4254
f 5785//4254 6239//4254 6237//4254
f 6576//4156 6227//4156 6577//4156
f 6577//4156 6227//4156 6225//4156
f 6577//4229 6225//4229 6578//4229
f 6578//4229 6225//4229 6224//4229
f 6578//4158 6224//4158 6579//4158
f 6579//4158 6224//4158 6214//4158
f 6579//4159 6214//4159 6580//4159
f 6580//4159 6214//4159 6213//4159
f 6580//4230 6213//4230 6581//4230
f 6581//4230 6213//4230 6220//4230
f 6581//4161 6220//4161 6582//4161
f 6582//4161 6220//4161 6223//4161
f 6582//4255 6223//4255 6583//4255
f 6583//4255 6223//4255 6222//4255
f 6583//4232 6222//4232 6584//4232
f 6584//4232 6222//4232 6221//4232
f 6584//4256 6221//4256 6585//4256
f 6585//4256 6221//4256 6218//4256
f 6585//4257 6218//4257 6586//4257
f 6586//4257 6218//4257 6230//4257
f 6586//4235 6230//4235 6587//4235
f 6587//4235 6230//4235 6229//4235
f 6587//4258 6229//4258 6576//4258
f 6576//4258 6229//4258 6227//4258
f 6260//4143 6263//4143 5797//4143
f 5797//4143 6263//4143 5798//4143
f 6310//4203 6320//4203 6011//4203
f 6011//4203 6320//4203 6012//4203
f 6041//4228 6044//4228 6265//4228
f 6265//4228 6044//4228 6266//4228
f 6266//4259 6044//4259 6268//4259
f 6268//4259 6044//4259 6045//4259
f 6268//4232 6045//4232 6269//4232
f 6269//4232 6045//4232 6046//4232
f 6269//4260 6046//4260 6250//4260
f 6250//4260 6046//4260 6047//4260
f 6250//4261 6047//4261 6251//4261
f 6251//4261 6047//4261 5802//4261
f 6251//4262 5802//4262 6255//4262
f 6255//4262 5802//4262 5801//4262
f 6255//4263 5801//4263 6256//4263
f 6256//4263 5801//4263 5803//4263
f 6256//4264 5803//4264 6259//4264
f 6259//4264 5803//4264 5805//4264
f 6259//4265 5805//4265 6258//4265
f 6258//4265 5805//4265 5799//4265
f 6258//4266 5799//4266 6263//4266
f 6263//4266 5799//4266 5798//4266
f 5652//4261 5651//4261 6313//4261
f 6313//4261 5651//4261 6010//4261
f 6313//4262 6010//4262 6314//4262
f 6314//4262 6010//4262 6009//4262
f 6314//4267 6009//4267 6315//4267
f 6315//4267 6009//4267 6008//4267
f 6315//4268 6008//4268 6317//4268
f 6317//4268 6008//4268 6007//4268
f 6317//4265 6007//4265 6318//4265
f 6318//4265 6007//4265 6004//4265
f 6318//4266 6004//4266 6323//4266
f 6323//4266 6004//4266 6005//4266
f 6323//4269 6005//4269 6322//4269
f 6322//4269 6005//4269 6015//4269
f 6322//4235 6015//4235 6321//4235
f 6321//4235 6015//4235 6014//4235
f 6321//4270 6014//4270 6320//4270
f 6320//4270 6014//4270 6012//4270
f 6041//4261 6265//4261 6271//4261
f 6041//4261 6271//4261 6043//4261
f 6043//4271 6271//4271 6270//4271
f 6043//4271 6270//4271 6042//4271
f 6042//4272 6270//4272 6272//4272
f 6042//4272 6272//4272 6040//4272
f 6310//4266 6011//4266 6017//4266
f 6310//4266 6017//4266 6312//4266
f 6312//4273 6017//4273 6016//4273
f 6312//4273 6016//4273 6311//4273
f 6311//4274 6016//4274 5762//4274
f 6311//4274 5762//4274 5761//4274
f 5738//4023 6588//4023 5736//4023
f 5736//4023 6588//4023 6589//4023
f 5736//4023 6589//4023 5734//4023
f 5734//4023 6589//4023 6590//4023
f 5734//4023 6590//4023 5732//4023
f 5732//4023 6590//4023 6591//4023
f 5732//4023 6591//4023 5730//4023
f 5730//4023 6591//4023 6592//4023
f 5730//4023 6592//4023 5728//4023
f 5728//4023 6592//4023 6593//4023
f 5728//4023 6593//4023 5750//4023
f 5750//4023 6593//4023 6594//4023
f 5750//4023 6594//4023 5748//4023
f 5748//4023 6594//4023 6595//4023
f 5748//4023 6595//4023 5746//4023
f 5746//4023 6595//4023 6596//4023
f 5746//4023 6596//4023 5744//4023
f 5744//4023 6596//4023 6597//4023
f 5744//4023 6597//4023 5742//4023
f 5742//4023 6597//4023 6598//4023
f 5742//4023 6598//4023 5740//4023
f 5740//4023 6598//4023 6599//4023
f 5740//4023 6599//4023 5738//4023
f 5738//4023 6599//4023 6588//4023
f 6599//4275 5812//4275 6588//4275
f 6588//4275 5812//4275 5811//4275
f 6588//4276 5811//4276 6589//4276
f 6589//4276 5811//4276 5810//4276
f 6589//4277 5810//4277 6590//4277
f 6590//4277 5810//4277 5808//4277
f 6590//4278 5808//4278 6591//4278
f 6591//4278 5808//4278 5807//4278
f 6591//4279 5807//4279 6592//4279
f 6592//4279 5807//4279 5823//4279
f 6592//4280 5823//4280 6593//4280
f 6593//4280 5823//4280 5822//4280
f 6593//4281 5822//4281 6594//4281
f 6594//4281 5822//4281 5820//4281
f 6594//4184 5820//4184 6595//4184
f 6595//4184 5820//4184 5830//4184
f 6595//4282 5830//4282 6596//4282
f 6596//4282 5830//4282 5832//4282
f 6596//4283 5832//4283 6597//4283
f 6597//4283 5832//4283 5814//4283
f 6597//4181 5814//4181 6598//4181
f 6598//4181 5814//4181 5813//4181
f 6598//4284 5813//4284 6599//4284
f 6599//4284 5813//4284 5812//4284
f 5704//4023 6600//4023 5726//4023
f 5726//4023 6600//4023 6601//4023
f 5726//4023 6601//4023 5724//4023
f 5724//4023 6601//4023 6602//4023
f 5724//4023 6602//4023 5722//4023
f 5722//4023 6602//4023 6603//4023
f 5722//4023 6603//4023 5720//4023
f 5720//4023 6603//4023 6604//4023
f 5720//4023 6604//4023 5718//4023
f 5718//4023 6604//4023 6605//4023
f 5718//4023 6605//4023 5716//4023
f 5716//4023 6605//4023 6606//4023
f 5716//4023 6606//4023 5714//4023
f 5714//4023 6606//4023 6607//4023
f 5714//4023 6607//4023 5712//4023
f 5712//4023 6607//4023 6608//4023
f 5712//4023 6608//4023 5710//4023
f 5710//4023 6608//4023 6609//4023
f 5710//4023 6609//4023 5708//4023
f 5708//4023 6609//4023 6610//4023
f 5708//4023 6610//4023 5706//4023
f 5706//4023 6610//4023 6611//4023
f 5706//4023 6611//4023 5704//4023
f 5704//4023 6611//4023 6600//4023
f 6606//4285 5846//4285 6607//4285
f 6607//4285 5846//4285 5845//4285
f 6607//4286 5845//4286 6608//4286
f 6608//4286 5845//4286 5843//4286
f 6608//4287 5843//4287 6609//4287
f 6609//4287 5843//4287 5842//4287
f 6609//4288 5842//4288 6610//4288
f 6610//4288 5842//4288 5836//4288
f 6610//4289 5836//4289 6611//4289
f 6611//4289 5836//4289 5835//4289
f 6611//4290 5835//4290 6600//4290
f 6600//4290 5835//4290 5839//4290
f 6600//4291 5839//4291 6601//4291
f 6601//4291 5839//4291 5838//4291
f 6601//4292 5838//4292 6602//4292
f 6602//4292 5838//4292 5849//4292
f 6602//4183 5849//4183 6603//4183
f 6603//4183 5849//4183 5848//4183
f 6603//4293 5848//4293 6604//4293
f 6604//4293 5848//4293 5779//4293
f 6604//4294 5779//4294 6605//4294
f 6605//4294 5779//4294 5778//4294
f 6605//4295 5778//4295 6606//4295
f 6606//4295 5778//4295 5846//4295
f 6568//4023 6612//4023 6567//4023
f 6567//4023 6612//4023 6613//4023
f 6567//4023 6613//4023 6566//4023
f 6566//4023 6613//4023 6614//4023
f 6566//4023 6614//4023 6565//4023
f 6565//4023 6614//4023 6615//4023
f 6565//4023 6615//4023 6564//4023
f 6564//4023 6615//4023 6616//4023
f 6564//4023 6616//4023 6575//4023
f 6575//4023 6616//4023 6617//4023
f 6575//4023 6617//4023 6574//4023
f 6574//4023 6617//4023 6618//4023
f 6574//4023 6618//4023 6573//4023
f 6573//4023 6618//4023 6619//4023
f 6573//4023 6619//4023 6572//4023
f 6572//4023 6619//4023 6620//4023
f 6572//4023 6620//4023 6571//4023
f 6571//4023 6620//4023 6621//4023
f 6571//4023 6621//4023 6570//4023
f 6570//4023 6621//4023 6622//4023
f 6570//4023 6622//4023 6569//4023
f 6569//4023 6622//4023 6623//4023
f 6569//4023 6623//4023 6568//4023
f 6568//4023 6623//4023 6612//4023
f 6622//4285 6152//4285 6623//4285
f 6623//4285 6152//4285 6151//4285
f 6623//4230 6151//4230 6612//4230
f 6612//4230 6151//4230 6148//4230
f 6612//4296 6148//4296 6613//4296
f 6613//4296 6148//4296 6149//4296
f 6613//4297 6149//4297 6614//4297
f 6614//4297 6149//4297 6150//4297
f 6614//4229 6150//4229 6615//4229
f 6615//4229 6150//4229 6147//4229
f 6615//4290 6147//4290 6616//4290
f 6616//4290 6147//4290 6146//4290
f 6616//4298 6146//4298 6617//4298
f 6617//4298 6146//4298 6145//4298
f 6617//4235 6145//4235 6618//4235
f 6618//4235 6145//4235 6144//4235
f 6618//4183 6144//4183 6619//4183
f 6619//4183 6144//4183 6143//4183
f 6619//4293 6143//4293 6620//4293
f 6620//4293 6143//4293 6142//4293
f 6620//4232 6142//4232 6621//4232
f 6621//4232 6142//4232 6153//4232
f 6621//4299 6153//4299 6622//4299
f 6622//4299 6153//4299 6152//4299
f 6580//4023 6624//4023 6579//4023
f 6579//4023 6624//4023 6625//4023
f 6579//4023 6625//4023 6578//4023
f 6578//4023 6625//4023 6626//4023
f 6578//4023 6626//4023 6577//4023
f 6577//4023 6626//4023 6627//4023
f 6577//4023 6627//4023 6576//4023
f 6576//4023 6627//4023 6628//4023
f 6576//4023 6628//4023 6587//4023
f 6587//4023 6628//4023 6629//4023
f 6587//4023 6629//4023 6586//4023
f 6586//4023 6629//4023 6630//4023
f 6586//4023 6630//4023 6585//4023
f 6585//4023 6630//4023 6631//4023
f 6585//4023 6631//4023 6584//4023
f 6584//4023 6631//4023 6632//4023
f 6584//4023 6632//4023 6583//4023
f 6583//4023 6632//4023 6633//4023
f 6583//4023 6633//4023 6582//4023
f 6582//4023 6633//4023 6634//4023
f 6582//4023 6634//4023 6581//4023
f 6581//4023 6634//4023 6635//4023
f 6581//4023 6635//4023 6580//4023
f 6580//4023 6635//4023 6624//4023
f 6634//4285 5856//4285 6635//4285
f 6635//4285 5856//4285 5855//4285
f 6635//4230 5855//4230 6624//4230
f 6624//4230 5855//4230 5850//4230
f 6624//4300 5850//4300 6625//4300
f 6625//4300 5850//4300 5852//4300
f 6625//4301 5852//4301 6626//4301
f 6626//4301 5852//4301 5854//4301
f 6626//4229 5854//4229 6627//4229
f 6627//4229 5854//4229 5775//4229
f 6627//4290 5775//4290 6628//4290
f 6628//4290 5775//4290 5862//4290
f 6628//4298 5862//4298 6629//4298
f 6629//4298 5862//4298 5861//4298
f 6629//4235 5861//4235 6630//4235
f 6630//4235 5861//4235 6180//4235
f 6630//4302 6180//4302 6631//4302
f 6631//4302 6180//4302 6050//4302
f 6631//4182 6050//4182 6632//4182
f 6632//4182 6050//4182 5859//4182
f 6632//4232 5859//4232 6633//4232
f 6633//4232 5859//4232 5858//4232
f 6633//4299 5858//4299 6634//4299
f 6634//4299 5858//4299 5856//4299
f 5682//4023 6636//4023 5680//4023
f 5680//4023 6636//4023 6637//4023
f 5680//4023 6637//4023 5702//4023
f 5702//4023 6637//4023 6638//4023
f 5702//4023 6638//4023 5700//4023
f 5700//4023 6638//4023 6639//4023
f 5700//4023 6639//4023 5698//4023
f 5698//4023 6639//4023 6640//4023
f 5698//4023 6640//4023 5696//4023
f 5696//4023 6640//4023 6641//4023
f 5696//4023 6641//4023 5694//4023
f 5694//4023 6641//4023 6642//4023
f 5694//4023 6642//4023 5692//4023
f 5692//4023 6642//4023 6643//4023
f 5692//4023 6643//4023 5690//4023
f 5690//4023 6643//4023 6644//4023
f 5690//4023 6644//4023 5688//4023
f 5688//4023 6644//4023 6645//4023
f 5688//4023 6645//4023 5686//4023
f 5686//4023 6645//4023 6646//4023
f 5686//4023 6646//4023 5684//4023
f 5684//4023 6646//4023 6647//4023
f 5684//4023 6647//4023 5682//4023
f 5682//4023 6647//4023 6636//4023
f 6638//4303 5870//4303 6639//4303
f 6639//4304 5870//4304 6018//4304
f 6018//4305 5883//4305 6639//4305
f 6639//4306 5883//4306 5881//4306
f 6639//4302 5881//4302 6640//4302
f 6640//4302 5881//4302 5880//4302
f 6640//4182 5880//4182 6641//4182
f 6641//4182 5880//4182 5869//4182
f 6641//4294 5869//4294 6642//4294
f 6642//4294 5869//4294 5868//4294
f 6642//4295 5868//4295 6643//4295
f 6643//4295 5868//4295 5866//4295
f 6643//4285 5866//4285 6644//4285
f 6644//4285 5866//4285 5865//4285
f 6644//4286 5865//4286 6645//4286
f 6645//4286 5865//4286 5864//4286
f 6645//4307 5864//4307 6646//4307
f 6646//4307 5864//4307 5863//4307
f 6646//4308 5863//4308 6647//4308
f 6647//4308 5863//4308 5877//4308
f 6647//4289 5877//4289 6636//4289
f 6636//4289 5877//4289 5875//4289
f 6636//4290 5875//4290 6637//4290
f 6637//4290 5875//4290 5873//4290
f 6637//4291 5873//4291 6638//4291
f 6638//4291 5873//4291 5871//4291
f 6638//4309 5871//4309 5870//4309
f 5658//4023 6648//4023 5656//4023
f 5656//4023 6648//4023 6649//4023
f 5656//4023 6649//4023 5678//4023
f 5678//4023 6649//4023 6650//4023
f 5678//4023 6650//4023 5676//4023
f 5676//4023 6650//4023 6651//4023
f 5676//4023 6651//4023 5674//4023
f 5674//4023 6651//4023 6652//4023
f 5674//4023 6652//4023 5672//4023
f 5672//4023 6652//4023 6653//4023
f 5672//4023 6653//4023 5670//4023
f 5670//4023 6653//4023 6654//4023
f 5670//4023 6654//4023 5668//4023
f 5668//4023 6654//4023 6655//4023
f 5668//4023 6655//4023 5666//4023
f 5666//4023 6655//4023 6656//4023
f 5666//4023 6656//4023 5664//4023
f 5664//4023 6656//4023 6657//4023
f 5664//4023 6657//4023 5662//4023
f 5662//4023 6657//4023 6658//4023
f 5662//4023 6658//4023 5660//4023
f 5660//4023 6658//4023 6659//4023
f 5660//4023 6659//4023 5658//4023
f 5658//4023 6659//4023 6648//4023
f 6655//4310 5895//4310 6656//4310
f 6656//4310 5895//4310 5896//4310
f 6656//4311 5896//4311 6657//4311
f 6657//4311 5896//4311 5898//4311
f 6657//4277 5898//4277 6658//4277
f 6658//4277 5898//4277 5900//4277
f 6658//4278 5900//4278 6659//4278
f 6659//4278 5900//4278 5902//4278
f 6659//4312 5902//4312 6648//4312
f 6648//4312 5902//4312 5905//4312
f 6648//4313 5905//4313 6649//4313
f 6649//4313 5905//4313 5907//4313
f 6649//4314 5907//4314 6650//4314
f 6650//4314 5907//4314 5909//4314
f 6650//4315 5909//4315 6651//4315
f 6651//4315 5909//4315 5903//4315
f 6651//4316 5903//4316 6652//4316
f 6652//4316 5903//4316 5893//4316
f 6652//4317 5893//4317 6653//4317
f 6653//4317 5893//4317 5892//4317
f 6653//4318 5892//4318 6654//4318
f 6654//4318 5892//4318 5891//4318
f 6654//4319 5891//4319 6655//4319
f 6655//4319 5891//4319 5895//4319
f 6333//4143 5834//4143 6332//4143
f 6332//4143 5834//4143 5833//4143
f 6332//4143 5833//4143 6331//4143
f 6331//4143 5833//4143 5831//4143
f 6331//4143 5831//4143 6330//4143
f 6326//4203 6327//4203 5826//4203
f 5826//4203 6327//4203 5827//4203
f 5817//4228 5818//4228 6264//4228
f 6264//4228 5818//4228 6257//4228
f 6349//4320 5925//4320 6350//4320
f 6350//4320 5925//4320 5917//4320
f 6350//4321 5917//4321 6348//4321
f 6348//4321 5917//4321 5916//4321
f 6348//4322 5916//4322 6346//4322
f 6346//4322 5916//4322 5929//4322
f 6346//4323 5929//4323 6344//4323
f 6344//4323 5929//4323 5931//4323
f 6344//4324 5931//4324 6342//4324
f 6342//4324 5931//4324 5927//4324
f 6342//4325 5927//4325 6341//4325
f 6341//4325 5927//4325 5926//4325
f 6341//4326 5926//4326 6293//4326
f 6293//4326 5926//4326 5913//4326
f 6338//4327 5922//4327 5923//4327
f 6338//4327 5923//4327 6339//4327
f 6339//4328 5923//4328 5925//4328
f 6339//4328 5925//4328 6349//4328
f 6296//4329 5889//4329 6298//4329
f 6298//4329 5889//4329 5888//4329
f 6298//4330 5888//4330 6334//4330
f 6334//4330 5888//4330 5894//4330
f 6334//4331 5894//4331 6335//4331
f 6335//4331 5894//4331 5887//4331
f 6335//4332 5887//4332 6336//4332
f 6336//4332 5887//4332 5886//4332
f 6336//4333 5886//4333 6337//4333
f 6337//4333 5886//4333 5918//4333
f 6337//4334 5918//4334 6203//4334
f 6203//4334 5918//4334 5920//4334
f 6203//4335 5920//4335 6338//4335
f 6338//4335 5920//4335 5922//4335
f 6293//4336 5913//4336 6294//4336
f 6294//4336 5913//4336 5914//4336
f 6294//4337 5914//4337 6296//4337
f 6296//4337 5914//4337 5889//4337
f 6376//4338 5950//4338 6199//4338
f 6199//4338 5950//4338 5949//4338
f 6199//4339 5949//4339 6200//4339
f 6200//4339 5949//4339 5948//4339
f 6532//4340 5940//4340 6369//4340
f 6369//4340 5940//4340 5942//4340
f 6369//4341 5942//4341 6370//4341
f 6370//4341 5942//4341 5944//4341
f 6370//4342 5944//4342 6372//4342
f 6372//4342 5944//4342 5945//4342
f 6372//4343 5945//4343 6373//4343
f 6373//4343 5945//4343 5947//4343
f 6373//4344 5947//4344 6374//4344
f 6374//4344 5947//4344 5952//4344
f 6374//4345 5952//4345 6375//4345
f 6375//4345 5952//4345 5951//4345
f 6375//4346 5951//4346 6376//4346
f 6376//4346 5951//4346 5950//4346
f 6357//4347 5933//4347 5938//4347
f 6357//4347 5938//4347 6356//4347
f 6356//4348 5938//4348 5940//4348
f 6356//4348 5940//4348 6532//4348
f 6200//4349 5948//4349 6368//4349
f 6368//4349 5948//4349 6179//4349
f 6368//4350 6179//4350 6366//4350
f 6366//4350 6179//4350 6178//4350
f 6366//4351 6178//4351 6364//4351
f 6364//4351 6178//4351 6177//4351
f 6364//4352 6177//4352 6362//4352
f 6362//4352 6177//4352 6176//4352
f 6362//4353 6176//4353 6360//4353
f 6360//4353 6176//4353 6132//4353
f 6360//4354 6132//4354 6359//4354
f 6359//4354 6132//4354 5934//4354
f 6359//4355 5934//4355 6357//4355
f 6357//4355 5934//4355 5933//4355
f 6396//4356 5956//4356 6395//4356
f 6395//4356 5956//4356 5954//4356
f 6395//4357 5954//4357 6394//4357
f 6394//4357 5954//4357 5953//4357
f 6393//4358 5971//4358 6380//4358
f 6380//4358 5971//4358 5973//4358
f 6380//4359 5973//4359 6403//4359
f 6403//4359 5973//4359 5967//4359
f 6403//4360 5967//4360 6402//4360
f 6402//4360 5967//4360 5966//4360
f 6402//4361 5966//4361 6400//4361
f 6400//4361 5966//4361 5974//4361
f 6400//4362 5974//4362 6399//4362
f 6399//4362 5974//4362 5975//4362
f 6399//4363 5975//4363 6398//4363
f 6398//4363 5975//4363 5976//4363
f 6398//4364 5976//4364 6396//4364
f 6396//4364 5976//4364 5956//4364
f 6390//4365 5965//4365 5969//4365
f 6390//4365 5969//4365 6392//4365
f 6392//4366 5969//4366 5971//4366
f 6392//4366 5971//4366 6393//4366
f 6394//4367 5953//4367 6381//4367
f 6381//4367 5953//4367 5959//4367
f 6381//4368 5959//4368 6382//4368
f 6382//4368 5959//4368 5958//4368
f 6382//4369 5958//4369 6383//4369
f 6383//4369 5958//4369 5963//4369
f 6383//4370 5963//4370 6384//4370
f 6384//4370 5963//4370 5962//4370
f 6384//4371 5962//4371 6386//4371
f 6386//4371 5962//4371 5961//4371
f 6386//4372 5961//4372 6388//4372
f 6388//4372 5961//4372 5960//4372
f 6388//4373 5960//4373 6390//4373
f 6390//4373 5960//4373 5965//4373
f 6003//4374 6546//4374 5771//4374
f 5771//4375 6546//4375 6417//4375
f 5771//4376 6417//4376 5774//4376
f 5774//4377 6417//4377 6416//4377
f 5774//4377 6416//4377 5991//4377
f 6421//4228 5998//4228 6423//4228
f 6423//4228 5998//4228 5997//4228
f 6423//4228 5997//4228 6424//4228
f 6424//4228 5997//4228 5995//4228
f 5986//4215 6418//4215 5987//4215
f 5987//4215 6418//4215 6427//4215
f 5987//4215 6427//4215 5983//4215
f 5983//4215 6427//4215 6426//4215
f 5983//4215 6426//4215 5977//4215
f 5977//4215 6426//4215 6425//4215
f 6409//4203 6408//4203 5999//4203
f 5999//4203 6408//4203 6000//4203
f 6195//4378 6068//4378 6051//4378
f 6195//4378 6051//4378 6198//4378
f 6198//4379 6051//4379 6053//4379
f 6198//4379 6053//4379 6438//4379
f 6071//4228 6070//4228 6448//4228
f 6448//4228 6070//4228 6449//4228
f 5765//4215 6444//4215 5766//4215
f 5766//4215 6444//4215 6446//4215
f 5766//4215 6446//4215 6064//4215
f 6064//4215 6446//4215 6445//4215
f 6061//4203 6432//4203 6056//4203
f 6056//4203 6432//4203 6433//4203
f 6056//4203 6433//4203 6057//4203
f 6057//4203 6433//4203 6435//4203
f 6464//4380 6081//4380 6465//4380
f 6465//4380 6081//4380 6080//4380
f 6465//4381 6080//4381 6466//4381
f 6466//4381 6080//4381 6079//4381
f 6457//4382 6095//4382 6453//4382
f 6453//4382 6095//4382 6097//4382
f 6453//4383 6097//4383 6468//4383
f 6468//4383 6097//4383 6099//4383
f 6468//4384 6099//4384 6469//4384
f 6469//4384 6099//4384 6098//4384
f 6469//4385 6098//4385 6471//4385
f 6471//4385 6098//4385 6075//4385
f 6471//4386 6075//4386 6472//4386
f 6472//4386 6075//4386 6077//4386
f 6472//4387 6077//4387 6463//4387
f 6463//4387 6077//4387 6078//4387
f 6463//4388 6078//4388 6464//4388
f 6464//4388 6078//4388 6081//4388
f 6456//4389 6092//4389 6093//4389
f 6456//4389 6093//4389 6458//4389
f 6458//4390 6093//4390 6095//4390
f 6458//4390 6095//4390 6457//4390
f 6466//4391 6079//4391 6467//4391
f 6467//4391 6079//4391 6074//4391
f 6467//4392 6074//4392 6461//4392
f 6461//4392 6074//4392 6073//4392
f 6461//4393 6073//4393 6459//4393
f 6459//4393 6073//4393 6087//4393
f 6459//4394 6087//4394 6460//4394
f 6460//4394 6087//4394 6088//4394
f 6460//4395 6088//4395 6454//4395
f 6454//4395 6088//4395 6089//4395
f 6454//4396 6089//4396 6455//4396
f 6455//4396 6089//4396 6090//4396
f 6455//4397 6090//4397 6456//4397
f 6456//4397 6090//4397 6092//4397
f 6481//4398 6100//4398 6482//4398
f 6482//4398 6100//4398 6102//4398
f 6482//4399 6102//4399 6483//4399
f 6483//4399 6102//4399 6103//4399
f 6480//4400 6118//4400 6474//4400
f 6474//4400 6118//4400 6116//4400
f 6474//4401 6116//4401 6475//4401
f 6475//4401 6116//4401 6115//4401
f 6475//4402 6115//4402 6476//4402
f 6476//4402 6115//4402 6114//4402
f 6476//4403 6114//4403 6477//4403
f 6477//4403 6114//4403 5904//4403
f 6477//4404 5904//4404 6301//4404
f 6301//4404 5904//4404 5908//4404
f 6301//4405 5908//4405 6303//4405
f 6303//4405 5908//4405 5910//4405
f 6303//4406 5910//4406 6481//4406
f 6481//4406 5910//4406 6100//4406
f 6478//4407 6110//4407 6109//4407
f 6478//4407 6109//4407 6479//4407
f 6479//4408 6109//4408 6118//4408
f 6479//4408 6118//4408 6480//4408
f 6483//4409 6103//4409 6484//4409
f 6484//4409 6103//4409 6104//4409
f 6484//4410 6104//4410 6485//4410
f 6485//4410 6104//4410 6105//4410
f 6485//4411 6105//4411 6486//4411
f 6486//4411 6105//4411 6106//4411
f 6486//4412 6106//4412 6488//4412
f 6488//4412 6106//4412 6108//4412
f 6488//4413 6108//4413 6503//4413
f 6503//4413 6108//4413 6113//4413
f 6503//4414 6113//4414 6192//4414
f 6192//4414 6113//4414 6112//4414
f 6192//4415 6112//4415 6478//4415
f 6478//4415 6112//4415 6110//4415
f 6660//4416 6661//4416 6279//4416
f 6660//4417 6279//4417 6662//4417
f 6662//4418 6279//4418 6277//4418
f 6662//4419 6277//4419 6663//4419
f 6664//4420 6665//4420 6036//4420
f 6036//4421 6665//4421 6666//4421
f 6666//4422 6667//4422 6036//4422
f 6036//4423 6667//4423 6668//4423
f 6036//4424 6668//4424 6037//4424
f 6037//4425 6668//4425 6669//4425
f 6037//4426 6669//4426 6670//4426
f 6661//4427 6664//4427 6279//4427
f 6279//4428 6664//4428 6036//4428
f 6279//4429 6036//4429 6281//4429
f 6281//4429 6036//4429 6034//4429
f 6275//4430 6671//4430 6672//4430
f 6275//4431 6672//4431 6277//4431
f 6277//4432 6672//4432 6673//4432
f 6277//4433 6673//4433 6663//4433
f 6674//4434 6027//4434 6675//4434
f 6675//4435 6027//4435 6029//4435
f 6675//4436 6029//4436 6676//4436
f 6671//4437 6275//4437 6677//4437
f 6677//4438 6275//4438 6274//4438
f 6677//4439 6274//4439 6678//4439
f 6676//4440 6029//4440 6679//4440
f 6679//4441 6029//4441 6037//4441
f 6679//4433 6037//4433 6670//4433
f 6493//4442 6126//4442 6500//4442
f 6500//4442 6126//4442 6125//4442
f 6500//4443 6125//4443 6501//4443
f 6501//4443 6125//4443 6124//4443
f 6501//4444 6124//4444 6498//4444
f 6498//4444 6124//4444 6135//4444
f 6498//4445 6135//4445 6499//4445
f 6499//4445 6135//4445 6025//4445
f 6499//4446 6025//4446 6274//4446
f 6274//4446 6025//4446 6027//4446
f 6274//4447 6027//4447 6678//4447
f 6678//4448 6027//4448 6674//4448
f 6491//4449 6128//4449 6127//4449
f 6491//4449 6127//4449 6492//4449
f 6492//4450 6127//4450 6126//4450
f 6492//4450 6126//4450 6493//4450
f 6281//4451 6034//4451 6494//4451
f 6494//4451 6034//4451 6032//4451
f 6494//4452 6032//4452 6495//4452
f 6495//4452 6032//4452 6031//4452
f 6495//4453 6031//4453 6496//4453
f 6496//4453 6031//4453 6030//4453
f 6496//4454 6030//4454 6497//4454
f 6497//4454 6030//4454 6122//4454
f 6497//4455 6122//4455 6189//4455
f 6189//4455 6122//4455 6131//4455
f 6189//4456 6131//4456 6490//4456
f 6490//4456 6131//4456 6130//4456
f 6490//4457 6130//4457 6491//4457
f 6491//4457 6130//4457 6128//4457
f 5998//4458 6421//4458 5984//4458
f 5984//4458 6421//4458 6420//4458
f 5984//4232 6420//4232 5985//4232
f 5985//4232 6420//4232 6419//4232
f 5985//4459 6419//4459 5986//4459
f 5986//4459 6419//4459 6418//4459
f 5977//4460 6425//4460 5978//4460
f 5978//4460 6425//4460 6405//4460
f 5978//4235 6405//4235 5980//4235
f 5980//4235 6405//4235 6404//4235
f 5980//4461 6404//4461 5999//4461
f 5999//4461 6404//4461 6409//4461
f 6424//4462 5995//4462 6410//4462
f 6410//4462 5995//4462 5994//4462
f 6410//4463 5994//4463 6411//4463
f 6411//4463 5994//4463 5990//4463
f 6411//4464 5990//4464 6413//4464
f 6413//4464 5990//4464 5989//4464
f 6413//4465 5989//4465 6414//4465
f 6414//4465 5989//4465 5993//4465
f 6414//4466 5993//4466 6416//4466
f 6416//4466 5993//4466 5991//4466
f 6546//4467 6003//4467 6547//4467
f 6547//4467 6003//4467 6002//4467
f 6547//4468 6002//4468 6408//4468
f 6408//4468 6002//4468 6000//4468
f 6071//4469 6448//4469 6072//4469
f 6072//4469 6448//4469 6442//4469
f 6072//4232 6442//4232 6067//4232
f 6067//4232 6442//4232 6441//4232
f 6067//4470 6441//4470 5765//4470
f 5765//4470 6441//4470 6444//4470
f 6064//4471 6445//4471 6065//4471
f 6065//4471 6445//4471 6430//4471
f 6065//4235 6430//4235 6063//4235
f 6063//4235 6430//4235 6429//4235
f 6063//4472 6429//4472 6061//4472
f 6061//4472 6429//4472 6432//4472
f 6449//4473 6070//4473 6450//4473
f 6450//4473 6070//4473 6069//4473
f 6450//4474 6069//4474 6195//4474
f 6195//4474 6069//4474 6068//4474
f 6438//4475 6053//4475 6439//4475
f 6439//4475 6053//4475 6054//4475
f 6439//4476 6054//4476 6440//4476
f 6440//4476 6054//4476 6048//4476
f 6440//4477 6048//4477 6437//4477
f 6437//4477 6048//4477 6060//4477
f 6437//4478 6060//4478 6436//4478
f 6436//4478 6060//4478 6059//4478
f 6436//4479 6059//4479 6435//4479
f 6435//4479 6059//4479 6057//4479
f 5445//4195 5626//4195 5447//4195
f 5447//4195 5626//4195 5629//4195
f 5447//4195 5629//4195 5449//4195
f 5449//4195 5629//4195 5632//4195
f 5449//4195 5632//4195 5451//4195
f 5451//4195 5632//4195 5635//4195
f 5451//4195 5635//4195 5453//4195
f 5453//4195 5635//4195 5638//4195
f 5453//4195 5638//4195 5455//4195
f 5455//4195 5638//4195 5641//4195
f 5455//4195 5641//4195 5457//4195
f 5457//4195 5641//4195 5644//4195
f 5457//4195 5644//4195 5459//4195
f 5459//4195 5644//4195 5647//4195
f 5459//4195 5647//4195 5429//4195
f 5429//4195 5647//4195 5602//4195
f 5429//4195 5602//4195 5431//4195
f 5431//4195 5602//4195 5601//4195
f 5431//4195 5601//4195 5433//4195
f 5433//4195 5601//4195 5605//4195
f 5433//4195 5605//4195 5435//4195
f 5435//4195 5605//4195 5608//4195
f 5435//4195 5608//4195 5437//4195
f 5437//4195 5608//4195 5611//4195
f 5437//4195 5611//4195 5439//4195
f 5439//4195 5611//4195 5614//4195
f 5439//4195 5614//4195 5441//4195
f 5441//4195 5614//4195 5617//4195
f 5441//4195 5617//4195 5443//4195
f 5443//4195 5617//4195 5620//4195
f 5443//4195 5620//4195 5445//4195
f 5445//4195 5620//4195 5623//4195
f 5445//4195 5623//4195 5626//4195
f 6506//4480 6680//4480 6377//4480
f 6377//4481 6680//4481 6681//4481
f 6377//4482 6681//4482 6378//4482
f 6378//4482 6681//4482 6682//4482
f 6378//4483 6682//4483 6391//4483
f 6391//4483 6682//4483 6683//4483
f 6391//4484 6683//4484 6389//4484
f 6389//4484 6683//4484 6684//4484
f 6389//4485 6684//4485 6387//4485
f 6387//4485 6684//4485 6685//4485
f 6387//4486 6685//4486 6354//4486
f 6354//4486 6685//4486 6686//4486
f 6354//4487 6686//4487 6355//4487
f 6355//4487 6686//4487 6687//4487
f 6355//4488 6687//4488 6358//4488
f 6358//4488 6687//4488 6688//4488
f 6358//4489 6688//4489 6507//4489
f 6507//4489 6688//4489 6689//4489
f 6507//4490 6689//4490 6508//4490
f 6508//4490 6689//4490 6690//4490
f 6508//4491 6690//4491 6509//4491
f 6509//4491 6690//4491 6691//4491
f 6509//4492 6691//4492 6510//4492
f 6510//4492 6691//4492 6692//4492
f 6510//4493 6692//4493 6353//4493
f 6353//4493 6692//4493 6693//4493
f 6353//4494 6693//4494 6351//4494
f 6351//4494 6693//4494 6694//4494
f 6351//4495 6694//4495 6340//4495
f 6694//4495 6695//4495 6340//4495
f 6340//4496 6695//4496 6696//4496
f 6340//4497 6696//4497 6202//4497
f 6202//4498 6696//4498 6697//4498
f 6202//4499 6697//4499 6186//4499
f 6186//4499 6697//4499 6698//4499
f 6186//4500 6698//4500 6473//4500
f 6473//4500 6698//4500 6699//4500
f 6473//4501 6699//4501 6193//4501
f 6193//4501 6699//4501 6700//4501
f 6193//4502 6700//4502 6194//4502
f 6194//4502 6700//4502 6701//4502
f 6194//4503 6701//4503 6502//4503
f 6502//4503 6701//4503 6702//4503
f 6502//4504 6702//4504 6504//4504
f 6504//4504 6702//4504 6703//4504
f 6504//4505 6703//4505 6505//4505
f 6505//4505 6703//4505 6704//4505
f 6505//4506 6704//4506 6506//4506
f 6506//4506 6704//4506 6705//4506
f 6506//4507 6705//4507 6680//4507
f 6706//4195 6707//4195 6708//4195
f 6708//4195 6707//4195 6709//4195
f 6708//4195 6709//4195 6710//4195
f 6710//4195 6709//4195 6711//4195
f 6710//4195 6711//4195 6712//4195
f 6712//4195 6711//4195 6713//4195
f 6712//4195 6713//4195 6714//4195
f 6714//4195 6713//4195 6715//4195
f 6714//4195 6715//4195 6716//4195
f 6716//4195 6715//4195 6717//4195
f 6718//4195 6701//4195 6719//4195
f 6719//4195 6701//4195 6700//4195
f 6719//4195 6700//4195 6720//4195
f 6720//4195 6700//4195 6699//4195
f 6720//4195 6699//4195 6721//4195
f 6721//4195 6699//4195 6698//4195
f 6721//4195 6698//4195 6722//4195
f 6722//4195 6698//4195 6697//4195
f 6722//4195 6697//4195 6723//4195
f 6723//4195 6697//4195 6696//4195
f 6723//4195 6696//4195 6724//4195
f 6706//4195 6680//4195 6725//4195
f 6725//4195 6680//4195 6705//4195
f 6725//4195 6705//4195 6726//4195
f 6726//4195 6705//4195 6704//4195
f 6726//4195 6704//4195 6727//4195
f 6727//4195 6704//4195 6703//4195
f 6727//4195 6703//4195 6728//4195
f 6728//4195 6703//4195 6702//4195
f 6728//4195 6702//4195 6729//4195
f 6729//4195 6702//4195 6701//4195
f 6729//4195 6701//4195 6717//4195
f 6717//4195 6701//4195 6718//4195
f 6717//4195 6718//4195 6716//4195
f 6716//4195 6718//4195 6730//4195
f 6716//4195 6730//4195 6731//4195
f 6731//4195 6730//4195 6732//4195
f 6731//4195 6732//4195 6733//4195
f 6733//4195 6732//4195 6734//4195
f 6733//4195 6734//4195 6735//4195
f 6735//4195 6734//4195 6736//4195
f 6735//4195 6736//4195 6737//4195
f 6737//4195 6736//4195 6738//4195
f 6737//4195 6738//4195 6739//4195
f 6740//4195 6741//4195 6742//4195
f 6706//4195 6708//4195 6680//4195
f 6680//4195 6708//4195 6743//4195
f 6680//4195 6743//4195 6744//4195
f 6745//4195 6746//4195 6747//4195
f 6740//4195 6742//4195 6748//4195
f 6748//4195 6742//4195 6749//4195
f 6748//4195 6749//4195 6744//4195
f 6744//4195 6749//4195 6750//4195
f 6744//4195 6750//4195 6680//4195
f 6751//4195 6687//4195 6752//4195
f 6752//4195 6687//4195 6686//4195
f 6752//4195 6686//4195 6753//4195
f 6753//4195 6686//4195 6685//4195
f 6753//4195 6685//4195 6754//4195
f 6754//4195 6685//4195 6684//4195
f 6754//4195 6684//4195 6755//4195
f 6755//4195 6684//4195 6683//4195
f 6755//4195 6683//4195 6756//4195
f 6756//4195 6683//4195 6682//4195
f 6756//4195 6682//4195 6750//4195
f 6750//4195 6682//4195 6681//4195
f 6750//4195 6681//4195 6680//4195
f 6741//4195 6740//4195 6746//4195
f 6746//4195 6740//4195 6757//4195
f 6746//4195 6757//4195 6747//4195
f 6751//4195 6745//4195 6687//4195
f 6687//4195 6745//4195 6747//4195
f 6687//4195 6747//4195 6688//4195
f 6688//4195 6747//4195 6689//4195
f 6689//4195 6747//4195 6758//4195
f 6758//4195 6747//4195 6759//4195
f 6758//4195 6759//4195 6760//4195
f 6760//4195 6759//4195 6761//4195
f 6761//4195 6759//4195 6762//4195
f 6761//4195 6762//4195 6763//4195
f 6738//4195 6724//4195 6739//4195
f 6739//4195 6724//4195 6696//4195
f 6739//4195 6696//4195 6764//4195
f 6764//4195 6696//4195 6765//4195
f 6762//4195 6765//4195 6763//4195
f 6763//4195 6765//4195 6696//4195
f 6763//4195 6696//4195 6766//4195
f 6766//4195 6696//4195 6695//4195
f 6766//4195 6695//4195 6767//4195
f 6767//4195 6695//4195 6694//4195
f 6767//4195 6694//4195 6768//4195
f 6768//4195 6694//4195 6693//4195
f 6768//4195 6693//4195 6769//4195
f 6769//4195 6693//4195 6692//4195
f 6769//4195 6692//4195 6770//4195
f 6770//4195 6692//4195 6691//4195
f 6770//4195 6691//4195 6771//4195
f 6771//4195 6691//4195 6690//4195
f 6771//4195 6690//4195 6772//4195
f 6772//4195 6690//4195 6689//4195
f 6772//4195 6689//4195 6773//4195
f 6773//4195 6689//4195 6758//4195
f 6774//4508 5489//4508 5488//4508
f 6775//4509 6776//4509 6777//4509
f 6777//4510 6776//4510 6778//4510
f 6777//4273 6778//4273 6779//4273
f 6779//4273 6778//4273 6780//4273
f 6779//4511 6780//4511 6781//4511
f 6781//4511 6780//4511 6782//4511
f 6781//4512 6782//4512 6783//4512
f 6783//4512 6782//4512 6784//4512
f 6783//4513 6784//4513 6785//4513
f 6785//4513 6784//4513 6786//4513
f 6785//4514 6786//4514 6787//4514
f 5501//4515 6776//4515 5502//4515
f 5502//4515 6776//4515 6775//4515
f 5502//4516 6775//4516 5503//4516
f 5503//4516 6775//4516 6788//4516
f 5503//4271 6788//4271 5461//4271
f 5461//4271 6788//4271 6789//4271
f 5461//4517 6789//4517 5463//4517
f 5463//4517 6789//4517 6790//4517
f 5463//4518 6790//4518 5504//4518
f 5504//4518 6790//4518 6791//4518
f 5504//4519 6791//4519 5505//4519
f 5505//4519 6791//4519 6792//4519
f 5505//4520 6792//4520 5488//4520
f 5488//4520 6792//4520 6787//4520
f 5488//4508 6787//4508 6774//4508
f 6774//4521 6787//4521 6786//4521
f 6779//4522 6763//4522 6777//4522
f 6777//4523 6763//4523 6766//4523
f 6777//4524 6766//4524 6775//4524
f 6775//4525 6766//4525 6767//4525
f 6775//4526 6767//4526 6788//4526
f 6788//4527 6767//4527 6768//4527
f 6788//4528 6768//4528 6789//4528
f 6789//4529 6768//4529 6769//4529
f 6789//4530 6769//4530 6790//4530
f 6790//4531 6769//4531 6770//4531
f 6790//4532 6770//4532 6791//4532
f 6791//4533 6770//4533 6771//4533
f 6791//4534 6771//4534 6792//4534
f 6792//4535 6771//4535 6772//4535
f 6792//4536 6772//4536 6787//4536
f 6787//4537 6772//4537 6773//4537
f 6787//4538 6773//4538 6785//4538
f 6785//4539 6773//4539 6758//4539
f 6785//4540 6758//4540 6783//4540
f 6783//4541 6758//4541 6760//4541
f 6783//4542 6760//4542 6781//4542
f 6781//4543 6760//4543 6761//4543
f 6781//4544 6761//4544 6779//4544
f 6779//4545 6761//4545 6763//4545
f 6793//4546 5492//4546 5491//4546
f 6794//4547 6795//4547 6796//4547
f 6796//4548 6795//4548 6797//4548
f 6796//4549 6797//4549 6798//4549
f 6798//4549 6797//4549 6799//4549
f 6798//4550 6799//4550 6800//4550
f 6800//4550 6799//4550 6801//4550
f 6800//4551 6801//4551 6802//4551
f 6802//4551 6801//4551 6803//4551
f 6802//4552 6803//4552 6804//4552
f 6804//4552 6803//4552 6805//4552
f 6804//4553 6805//4553 6806//4553
f 5519//4554 6795//4554 5520//4554
f 5520//4554 6795//4554 6794//4554
f 5520//4555 6794//4555 5521//4555
f 5521//4555 6794//4555 6807//4555
f 5521//4556 6807//4556 5522//4556
f 5522//4556 6807//4556 6808//4556
f 5522//4557 6808//4557 5483//4557
f 5483//4557 6808//4557 6809//4557
f 5483//4558 6809//4558 5481//4558
f 5481//4558 6809//4558 6810//4558
f 5481//4559 6810//4559 5479//4559
f 5479//4559 6810//4559 6811//4559
f 5479//4560 6811//4560 5491//4560
f 5491//4560 6811//4560 6806//4560
f 5491//4546 6806//4546 6793//4546
f 6793//4561 6806//4561 6805//4561
f 6804//4562 6750//4562 6802//4562
f 6802//4563 6750//4563 6749//4563
f 6802//4564 6749//4564 6800//4564
f 6800//4565 6749//4565 6742//4565
f 6800//4566 6742//4566 6798//4566
f 6798//4567 6742//4567 6741//4567
f 6798//4568 6741//4568 6796//4568
f 6796//4569 6741//4569 6746//4569
f 6796//4570 6746//4570 6794//4570
f 6794//4571 6746//4571 6745//4571
f 6794//4572 6745//4572 6807//4572
f 6807//4573 6745//4573 6751//4573
f 6807//4574 6751//4574 6808//4574
f 6808//4575 6751//4575 6752//4575
f 6808//4576 6752//4576 6809//4576
f 6809//4577 6752//4577 6753//4577
f 6809//4578 6753//4578 6810//4578
f 6810//4579 6753//4579 6754//4579
f 6810//4580 6754//4580 6811//4580
f 6811//4581 6754//4581 6755//4581
f 6811//4582 6755//4582 6806//4582
f 6806//4583 6755//4583 6756//4583
f 6806//4584 6756//4584 6804//4584
f 6804//4585 6756//4585 6750//4585
f 6812//4586 5486//4586 5485//4586
f 6813//4587 6814//4587 6815//4587
f 6815//4588 6814//4588 6816//4588
f 6815//4519 6816//4519 6817//4519
f 6817//4519 6816//4519 6818//4519
f 6817//4589 6818//4589 6819//4589
f 6819//4589 6818//4589 6820//4589
f 6819//4590 6820//4590 6821//4590
f 6821//4590 6820//4590 6822//4590
f 6821//4271 6822//4271 6823//4271
f 6823//4271 6822//4271 6824//4271
f 6823//4591 6824//4591 6825//4591
f 5527//4592 6814//4592 5528//4592
f 5528//4592 6814//4592 6813//4592
f 5528//4593 6813//4593 5529//4593
f 5529//4593 6813//4593 6826//4593
f 5529//4513 6826//4513 5466//4513
f 5466//4513 6826//4513 6827//4513
f 5466//4594 6827//4594 5468//4594
f 5468//4594 6827//4594 6828//4594
f 5468//4595 6828//4595 5494//4595
f 5494//4595 6828//4595 6829//4595
f 5494//4273 6829//4273 5495//4273
f 5495//4273 6829//4273 6830//4273
f 5495//4596 6830//4596 5485//4596
f 5485//4596 6830//4596 6825//4596
f 5485//4586 6825//4586 6812//4586
f 6812//4597 6825//4597 6824//4597
f 6829//4522 6727//4522 6830//4522
f 6830//4598 6727//4598 6728//4598
f 6830//4599 6728//4599 6825//4599
f 6825//4600 6728//4600 6729//4600
f 6825//4601 6729//4601 6823//4601
f 6823//4602 6729//4602 6717//4602
f 6823//4603 6717//4603 6821//4603
f 6821//4604 6717//4604 6715//4604
f 6821//4605 6715//4605 6819//4605
f 6819//4571 6715//4571 6713//4571
f 6819//4606 6713//4606 6817//4606
f 6817//4607 6713//4607 6711//4607
f 6817//4534 6711//4534 6815//4534
f 6815//4608 6711//4608 6709//4608
f 6815//4609 6709//4609 6813//4609
f 6813//4610 6709//4610 6707//4610
f 6813//4611 6707//4611 6826//4611
f 6826//4612 6707//4612 6706//4612
f 6826//4613 6706//4613 6827//4613
f 6827//4614 6706//4614 6725//4614
f 6827//4615 6725//4615 6828//4615
f 6828//4616 6725//4616 6726//4616
f 6828//4617 6726//4617 6829//4617
f 6829//4618 6726//4618 6727//4618
f 6831//4619 5477//4619 5476//4619
f 6832//4620 6833//4620 6834//4620
f 6834//4621 6833//4621 6835//4621
f 6834//4513 6835//4513 6836//4513
f 6836//4513 6835//4513 6837//4513
f 6836//4558 6837//4558 6838//4558
f 6838//4558 6837//4558 6839//4558
f 6838//4557 6839//4557 6840//4557
f 6840//4557 6839//4557 6841//4557
f 6840//4519 6841//4519 6842//4519
f 6842//4519 6841//4519 6843//4519
f 6842//4622 6843//4622 6844//4622
f 5511//4623 6833//4623 5512//4623
f 5512//4623 6833//4623 6832//4623
f 5512//4553 6832//4553 5513//4553
f 5513//4553 6832//4553 6845//4553
f 5513//4273 6845//4273 5514//4273
f 5514//4273 6845//4273 6846//4273
f 5514//4624 6846//4624 5474//4624
f 5474//4624 6846//4624 6847//4624
f 5474//4625 6847//4625 5472//4625
f 5472//4625 6847//4625 6848//4625
f 5472//4271 6848//4271 5470//4271
f 5470//4271 6848//4271 6849//4271
f 5470//4626 6849//4626 5476//4626
f 5476//4626 6849//4626 6844//4626
f 5476//4619 6844//4619 6831//4619
f 6831//4627 6844//4627 6843//4627
f 6845//4628 6719//4628 6846//4628
f 6846//4629 6719//4629 6720//4629
f 6846//4630 6720//4630 6847//4630
f 6847//4631 6720//4631 6721//4631
f 6847//4632 6721//4632 6848//4632
f 6848//4633 6721//4633 6722//4633
f 6848//4603 6722//4603 6849//4603
f 6849//4634 6722//4634 6723//4634
f 6849//4570 6723//4570 6844//4570
f 6844//4571 6723//4571 6724//4571
f 6844//4635 6724//4635 6842//4635
f 6842//4636 6724//4636 6738//4636
f 6842//4637 6738//4637 6840//4637
f 6840//4638 6738//4638 6736//4638
f 6840//4639 6736//4639 6838//4639
f 6838//4640 6736//4640 6734//4640
f 6838//4578 6734//4578 6836//4578
f 6836//4641 6734//4641 6732//4641
f 6836//4642 6732//4642 6834//4642
f 6834//4643 6732//4643 6730//4643
f 6834//4644 6730//4644 6832//4644
f 6832//4543 6730//4543 6718//4543
f 6832//4584 6718//4584 6845//4584
f 6845//4585 6718//4585 6719//4585
f 6850//4645 6851//4645 6661//4645
f 6663//4646 6852//4646 6662//4646
f 6662//4647 6852//4647 6850//4647
f 6662//4648 6850//4648 6660//4648
f 6660//4649 6850//4649 6661//4649
f 6853//4650 6666//4650 6854//4650
f 6854//4651 6666//4651 6665//4651
f 6854//4652 6665//4652 6851//4652
f 6851//4653 6665//4653 6664//4653
f 6851//4654 6664//4654 6661//4654
f 6855//4655 6668//4655 6853//4655
f 6853//4656 6668//4656 6667//4656
f 6853//4657 6667//4657 6666//4657
f 6856//4658 6676//4658 6857//4658
f 6857//4659 6676//4659 6679//4659
f 6857//4659 6679//4659 6858//4659
f 6858//4660 6679//4660 6670//4660
f 6858//4661 6670//4661 6855//4661
f 6855//4662 6670//4662 6669//4662
f 6855//4663 6669//4663 6668//4663
f 6859//4664 6674//4664 6856//4664
f 6856//4665 6674//4665 6675//4665
f 6856//4666 6675//4666 6676//4666
f 6663//4667 6673//4667 6852//4667
f 6852//4668 6673//4668 6672//4668
f 6852//4668 6672//4668 6860//4668
f 6860//4669 6672//4669 6671//4669
f 6860//4669 6671//4669 6861//4669
f 6861//4670 6671//4670 6677//4670
f 6861//4671 6677//4671 6859//4671
f 6859//4672 6677//4672 6678//4672
f 6859//4673 6678//4673 6674//4673
f 6850//4674 6553//4674 6851//4674
f 6851//4675 6553//4675 6552//4675
f 6851//4676 6552//4676 6854//4676
f 6854//4677 6552//4677 6555//4677
f 6854//4678 6555//4678 6853//4678
f 6853//4679 6555//4679 6556//4679
f 6853//4680 6556//4680 6855//4680
f 6855//4681 6556//4681 6561//4681
f 6855//4682 6561//4682 6858//4682
f 6858//4683 6561//4683 6560//4683
f 6858//4684 6560//4684 6857//4684
f 6857//4685 6560//4685 6559//4685
f 6857//4686 6559//4686 6856//4686
f 6856//4687 6559//4687 6558//4687
f 6856//4688 6558//4688 6859//4688
f 6859//4689 6558//4689 6557//4689
f 6859//4690 6557//4690 6861//4690
f 6861//4691 6557//4691 6563//4691
f 6861//4692 6563//4692 6860//4692
f 6860//4693 6563//4693 6562//4693
f 6860//4694 6562//4694 6852//4694
f 6852//4695 6562//4695 6554//4695
f 6852//4696 6554//4696 6850//4696
f 6850//4697 6554//4697 6553//4697
f 5561//4023 5564//4023 6862//4023
f 6862//4023 5564//4023 5566//4023
f 6862//4023 5566//4023 6863//4023
f 6863//4023 5566//4023 5569//4023
f 6863//4023 5569//4023 6864//4023
f 6864//4023 5569//4023 5572//4023
f 6864//4023 5572//4023 6865//4023
f 6865//4023 5572//4023 5575//4023
f 6865//4023 5575//4023 6866//4023
f 6866//4023 5575//4023 5578//4023
f 6866//4023 5578//4023 6867//4023
f 6867//4023 5578//4023 5581//4023
f 6867//4023 5581//4023 6868//4023
f 6868//4023 5581//4023 5584//4023
f 6868//4023 5584//4023 6869//4023
f 6869//4023 5584//4023 5587//4023
f 6869//4023 5587//4023 6870//4023
f 6870//4023 5587//4023 5590//4023
f 6870//4023 5590//4023 6871//4023
f 6871//4023 5590//4023 5593//4023
f 6871//4023 5593//4023 6872//4023
f 6872//4023 5593//4023 5596//4023
f 6872//4023 5596//4023 6873//4023
f 6873//4023 5596//4023 5532//4023
f 6873//4023 5532//4023 6874//4023
f 6874//4023 5532//4023 5531//4023
f 6874//4023 5531//4023 6875//4023
f 6875//4023 5531//4023 5535//4023
f 6875//4023 5535//4023 6876//4023
f 6876//4023 5535//4023 5538//4023
f 6876//4023 5538//4023 6877//4023
f 6877//4023 5538//4023 5540//4023
f 6877//4023 5540//4023 6878//4023
f 6878//4023 5540//4023 5543//4023
f 6878//4023 5543//4023 6879//4023
f 6879//4023 5543//4023 5546//4023
f 6879//4023 5546//4023 6880//4023
f 6880//4023 5546//4023 5549//4023
f 6880//4023 5549//4023 6881//4023
f 6881//4023 5549//4023 5552//4023
f 6881//4023 5552//4023 6882//4023
f 6882//4023 5552//4023 5555//4023
f 6882//4023 5555//4023 6883//4023
f 6883//4023 5555//4023 5558//4023
f 6883//4023 5558//4023 6862//4023
f 6862//4023 5558//4023 5561//4023
f 6884//4698 6863//4698 6885//4698
f 6885//4699 6863//4699 6864//4699
f 6885//4699 6864//4699 6886//4699
f 6886//4700 6864//4700 6865//4700
f 6886//4700 6865//4700 6887//4700
f 6887//4701 6865//4701 6866//4701
f 6887//4701 6866//4701 6888//4701
f 6888//4702 6866//4702 6867//4702
f 6888//4702 6867//4702 6889//4702
f 6889//4215 6867//4215 6868//4215
f 6889//4215 6868//4215 6890//4215
f 6890//4703 6868//4703 6869//4703
f 6890//4703 6869//4703 6891//4703
f 6891//4704 6869//4704 6870//4704
f 6891//4704 6870//4704 6892//4704
f 6892//4705 6870//4705 6871//4705
f 6892//4705 6871//4705 6893//4705
f 6893//4706 6871//4706 6872//4706
f 6893//4706 6872//4706 6894//4706
f 6894//4707 6872//4707 6873//4707
f 6894//4707 6873//4707 6895//4707
f 6895//4708 6873//4708 6874//4708
f 6895//4708 6874//4708 6896//4708
f 6896//4709 6874//4709 6875//4709
f 6896//4709 6875//4709 6897//4709
f 6897//4710 6875//4710 6876//4710
f 6897//4710 6876//4710 6898//4710
f 6898//4711 6876//4711 6877//4711
f 6898//4711 6877//4711 6899//4711
f 6899//4712 6877//4712 6878//4712
f 6899//4712 6878//4712 6900//4712
f 6900//4143 6878//4143 6879//4143
f 6900//4143 6879//4143 6901//4143
f 6901//4713 6879//4713 6880//4713
f 6901//4713 6880//4713 6902//4713
f 6902//4714 6880//4714 6881//4714
f 6902//4714 6881//4714 6903//4714
f 6903//4715 6881//4715 6882//4715
f 6903//4715 6882//4715 6904//4715
f 6904//4716 6882//4716 6883//4716
f 6904//4716 6883//4716 6905//4716
f 6905//4717 6883//4717 6862//4717
f 6905//4717 6862//4717 6884//4717
f 6884//4698 6862//4698 6863//4698
f 5817//4718 6264//4718 6262//4718
f 5817//4718 6262//4718 5815//4718
f 5815//4719 6262//4719 6261//4719
f 5815//4719 6261//4719 5816//4719
f 5816//4720 6261//4720 6260//4720
f 5816//4720 6260//4720 5797//4720
f 6326//4721 5826//4721 5825//4721
f 6326//4721 5825//4721 6324//4721
f 6324//4722 5825//4722 5824//4722
f 6324//4722 5824//4722 6325//4722
f 6325//4723 5824//4723 5655//4723
f 6325//4723 5655//4723 5654//4723
f 5827//4266 6327//4266 5828//4266
f 5828//4266 6327//4266 6397//4266
f 5828//4722 6397//4722 5829//4722
f 5829//4722 6397//4722 6328//4722
f 5829//4723 6328//4723 5831//4723
f 5831//4723 6328//4723 6330//4723
f 5834//4720 6333//4720 5804//4720
f 5804//4720 6333//4720 6253//4720
f 5804//4719 6253//4719 5819//4719
f 5819//4719 6253//4719 6252//4719
f 5819//4261 6252//4261 5818//4261
f 5818//4261 6252//4261 6257//4261
f 6776//4724 5501//4724 6906//4724
f 6906//4724 5501//4724 5500//4724
f 6906//4725 5500//4725 6907//4725
f 6907//4725 5500//4725 5498//4725
f 6907//4726 5498//4726 6908//4726
f 6908//4726 5498//4726 5478//4726
f 6908//4727 5478//4727 6831//4727
f 6831//4727 5478//4727 5477//4727
f 6795//4728 5519//4728 6909//4728
f 6909//4728 5519//4728 5518//4728
f 6909//4729 5518//4729 6910//4729
f 6910//4729 5518//4729 5516//4729
f 6910//4730 5516//4730 6911//4730
f 6911//4730 5516//4730 5490//4730
f 6911//4731 5490//4731 6774//4731
f 6774//4731 5490//4731 5489//4731
f 6814//4732 5527//4732 6912//4732
f 6912//4732 5527//4732 5526//4732
f 6912//4733 5526//4733 6913//4733
f 6913//4733 5526//4733 5524//4733
f 6913//4734 5524//4734 6914//4734
f 6914//4734 5524//4734 5493//4734
f 6914//4735 5493//4735 6793//4735
f 6793//4735 5493//4735 5492//4735
f 6833//4736 5511//4736 6915//4736
f 6915//4736 5511//4736 5510//4736
f 6915//4737 5510//4737 6916//4737
f 6916//4737 5510//4737 5508//4737
f 6916//4738 5508//4738 6917//4738
f 6917//4738 5508//4738 5487//4738
f 6917//4739 5487//4739 6812//4739
f 6812//4739 5487//4739 5486//4739
f 5448//4023 6801//4023 6799//4023
f 5432//4023 6839//4023 6837//4023
f 6797//4023 6795//4023 6909//4023
f 6778//4023 6908//4023 6831//4023
f 6835//4023 6833//4023 6915//4023
f 6774//4023 6786//4023 6797//4023
f 6774//4023 6797//4023 6911//4023
f 6911//4023 6797//4023 6909//4023
f 6911//4023 6909//4023 6910//4023
f 6907//4023 6908//4023 6906//4023
f 6906//4023 6908//4023 6778//4023
f 6906//4023 6778//4023 6776//4023
f 6812//4023 6824//4023 6835//4023
f 6812//4023 6835//4023 6917//4023
f 6917//4023 6835//4023 6915//4023
f 6917//4023 6915//4023 6916//4023
f 5432//4023 5434//4023 6839//4023
f 6839//4023 5434//4023 5436//4023
f 6839//4023 5436//4023 6841//4023
f 6841//4023 5436//4023 5438//4023
f 6841//4023 5438//4023 6843//4023
f 6843//4023 5438//4023 5440//4023
f 6816//4023 6914//4023 6793//4023
f 6799//4023 6797//4023 5448//4023
f 5448//4023 6797//4023 6786//4023
f 5448//4023 6786//4023 5446//4023
f 5446//4023 6786//4023 6784//4023
f 5446//4023 6784//4023 5444//4023
f 5444//4023 6784//4023 6782//4023
f 5444//4023 6782//4023 5442//4023
f 5442//4023 6782//4023 6780//4023
f 5442//4023 6780//4023 5440//4023
f 5440//4023 6780//4023 6778//4023
f 5440//4023 6778//4023 6843//4023
f 6843//4023 6778//4023 6831//4023
f 6913//4023 6914//4023 6912//4023
f 6912//4023 6914//4023 6816//4023
f 6912//4023 6816//4023 6814//4023
f 5448//4023 5450//4023 6801//4023
f 6801//4023 5450//4023 5452//4023
f 6801//4023 5452//4023 6803//4023
f 6803//4023 5452//4023 5454//4023
f 6803//4023 5454//4023 6805//4023
f 6805//4023 5454//4023 5456//4023
f 6837//4023 6835//4023 5432//4023
f 5432//4023 6835//4023 6824//4023
f 5432//4023 6824//4023 5430//4023
f 5430//4023 6824//4023 6822//4023
f 5430//4023 6822//4023 5428//4023
f 5428//4023 6822//4023 6820//4023
f 5428//4023 6820//4023 5458//4023
f 5458//4023 6820//4023 6818//4023
f 5458//4023 6818//4023 5456//4023
f 5456//4023 6818//4023 6816//4023
f 5456//4023 6816//4023 6805//4023
f 6805//4023 6816//4023 6793//4023
f 5545//4740 5544//4740 5964//4740
f 6085//4741 5972//4741 5537//4741
f 5533//4742 6091//4742 5534//4742
f 5534//4743 6091//4743 6085//4743
f 5534//4744 6085//4744 5536//4744
f 5536//4745 6085//4745 5537//4745
f 5964//4746 5544//4746 5970//4746
f 5544//4747 5542//4747 5970//4747
f 5970//4748 5542//4748 5541//4748
f 5970//4749 5541//4749 5972//4749
f 5972//4750 5541//4750 5539//4750
f 5972//4751 5539//4751 5537//4751
f 5545//4752 5964//4752 5547//4752
f 5547//4753 5964//4753 6918//4753
f 5547//4754 6918//4754 5548//4754
f 5548//4755 6918//4755 5941//4755
f 5548//4756 5941//4756 5550//4756
f 5550//4757 5941//4757 5551//4757
f 5551//4758 5941//4758 5939//4758
f 5551//4759 5939//4759 5553//4759
f 5553//4760 5939//4760 5554//4760
f 5554//4761 5939//4761 5935//4761
f 5554//4762 5935//4762 5556//4762
f 5556//4763 5935//4763 5557//4763
f 5557//4764 5935//4764 5937//4764
f 5557//4765 5937//4765 5559//4765
f 5559//4766 5937//4766 5560//4766
f 5560//4767 5937//4767 6140//4767
f 5560//4768 6140//4768 5562//4768
f 5562//4769 6140//4769 5563//4769
f 5563//4770 6140//4770 6139//4770
f 5563//4771 6139//4771 5565//4771
f 5565//4772 6139//4772 5567//4772
f 5567//4773 6139//4773 6138//4773
f 5567//4774 6138//4774 5568//4774
f 5568//4775 6138//4775 5570//4775
f 5570//4776 6138//4776 6137//4776
f 5570//4777 6137//4777 5571//4777
f 5571//4778 6137//4778 5573//4778
f 5573//4779 6137//4779 6136//4779
f 5573//4780 6136//4780 5574//4780
f 5574//4781 6136//4781 5576//4781
f 5576//4782 6136//4782 5924//4782
f 5576//4783 5924//4783 5577//4783
f 5577//4784 5924//4784 5579//4784
f 5579//4785 5924//4785 5921//4785
f 5579//4786 5921//4786 5580//4786
f 5580//4787 5921//4787 5582//4787
f 5582//4788 5921//4788 5919//4788
f 5582//4789 5919//4789 5583//4789
f 5583//4790 5919//4790 5585//4790
f 5585//4791 5919//4791 6117//4791
f 5585//4792 6117//4792 5586//4792
f 5586//4793 6117//4793 5588//4793
f 5588//4794 6117//4794 6119//4794
f 5588//4795 6119//4795 5589//4795
f 5589//4796 6119//4796 6120//4796
f 5589//4797 6120//4797 5591//4797
f 6120//4798 6141//4798 5591//4798
f 5591//4799 6141//4799 6083//4799
f 5591//4800 6083//4800 5592//4800
f 5592//4801 6083//4801 6082//4801
f 5592//4802 6082//4802 5594//4802
f 5594//4803 6082//4803 6086//4803
f 5533//4804 5530//4804 6091//4804
f 6091//4805 5530//4805 5599//4805
f 6091//4806 5599//4806 6094//4806
f 6094//4807 5599//4807 5598//4807
f 6094//4808 5598//4808 6096//4808
f 6096//4809 5598//4809 5597//4809
f 6096//4810 5597//4810 6086//4810
f 6086//4811 5597//4811 5595//4811
f 6086//4812 5595//4812 5594//4812
f 6710//4813 5648//4813 6708//4813
f 6708//4814 5648//4814 5646//4814
f 6708//4815 5646//4815 6743//4815
f 6743//4816 5646//4816 5645//4816
f 6743//4817 5645//4817 6744//4817
f 5645//4818 5643//4818 6744//4818
f 6744//4819 5643//4819 5642//4819
f 6744//4820 5642//4820 6748//4820
f 5642//4821 5640//4821 6748//4821
f 6748//4822 5640//4822 5639//4822
f 6748//4823 5639//4823 6740//4823
f 5639//4824 5637//4824 6740//4824
f 6740//4825 5637//4825 5636//4825
f 6740//4826 5636//4826 6757//4826
f 5636//4827 5634//4827 6757//4827
f 6757//4828 5634//4828 5633//4828
f 6757//4829 5633//4829 6747//4829
f 5633//4830 5631//4830 6747//4830
f 6747//4831 5631//4831 5630//4831
f 6747//4832 5630//4832 6759//4832
f 5624//4833 6765//4833 6762//4833
f 5630//4834 5628//4834 6759//4834
f 6759//4835 5628//4835 5627//4835
f 6759//4836 5627//4836 6762//4836
f 6762//4837 5627//4837 5625//4837
f 6762//4838 5625//4838 5624//4838
f 5624//4839 5622//4839 6765//4839
f 6765//4840 5622//4840 5621//4840
f 6765//4841 5621//4841 6764//4841
f 6764//4842 5621//4842 5619//4842
f 6764//4843 5619//4843 6739//4843
f 6739//4844 5619//4844 5618//4844
f 6739//4845 5618//4845 6737//4845
f 5618//4846 5616//4846 6737//4846
f 6737//4847 5616//4847 5615//4847
f 6737//4848 5615//4848 6735//4848
f 6735//4849 5615//4849 5613//4849
f 6735//4850 5613//4850 6733//4850
f 5613//4851 5612//4851 6733//4851
f 6733//4852 5612//4852 5610//4852
f 6733//4853 5610//4853 6731//4853
f 5610//4854 5609//4854 6731//4854
f 6731//4855 5609//4855 5607//4855
f 6731//4856 5607//4856 6716//4856
f 5607//4857 5606//4857 6716//4857
f 6716//4858 5606//4858 5604//4858
f 6716//4859 5604//4859 6714//4859
f 5604//4860 5603//4860 6714//4860
f 6714//4861 5603//4861 5600//4861
f 6714//4862 5600//4862 6712//4862
f 6712//4863 5600//4863 5650//4863
f 6712//4864 5650//4864 6710//4864
f 6710//4865 5650//4865 5649//4865
f 6710//4866 5649//4866 5648//4866
f 6895//4867 5469//4867 6894//4867
f 6894//4868 5469//4868 5496//4868
f 6894//4869 5496//4869 6893//4869
f 6893//4870 5496//4870 5507//4870
f 6893//4871 5507//4871 6892//4871
f 6892//4872 5507//4872 5509//4872
f 6892//4873 5509//4873 6891//4873
f 6891//4874 5509//4874 5475//4874
f 6891//4875 5475//4875 6890//4875
f 6890//4876 5475//4876 5473//4876
f 6890//4876 5473//4876 6889//4876
f 6889//4877 5473//4877 5471//4877
f 6889//4878 5471//4878 6888//4878
f 6888//4879 5471//4879 5497//4879
f 6888//4880 5497//4880 6887//4880
f 6887//4881 5497//4881 5499//4881
f 6887//4882 5499//4882 6886//4882
f 6886//4883 5499//4883 5460//4883
f 6886//4884 5460//4884 6885//4884
f 6885//4885 5460//4885 5462//4885
f 6885//4886 5462//4886 6884//4886
f 6884//4887 5462//4887 5464//4887
f 6884//4888 5464//4888 6905//4888
f 6905//4889 5464//4889 5506//4889
f 6905//4890 5506//4890 6904//4890
f 6904//4891 5506//4891 5515//4891
f 6904//4892 5515//4892 6903//4892
f 6903//4893 5515//4893 5517//4893
f 6903//4894 5517//4894 6902//4894
f 6902//4895 5517//4895 5484//4895
f 6902//4896 5484//4896 6901//4896
f 6901//4897 5484//4897 5482//4897
f 6901//4897 5482//4897 6900//4897
f 6900//4898 5482//4898 5480//4898
f 6900//4899 5480//4899 6899//4899
f 6899//4900 5480//4900 5523//4900
f 6899//4901 5523//4901 6898//4901
f 6898//4902 5523//4902 5525//4902
f 6898//4903 5525//4903 6897//4903
f 6897//4904 5525//4904 5465//4904
f 6897//4905 5465//4905 6896//4905
f 6896//4906 5465//4906 5467//4906
f 6896//4907 5467//4907 6895//4907
f 6895//4908 5467//4908 5469//4908
# Vertices: 6918, normals: 4908, texture coordinates: 0, faces: 13884

